model,replica_id,profile_label,expected_count_run,expected_count_per_proton,expected_count_per_Gy,R50_prod_mm,R50_shift_mm
nominal,,C11,813.5445751687491,0.0008135445751687491,81354.45751687491,103.0817574088816,0.0
replica,0,C11,664.4947480156463,0.0006644947480156463,66449.47480156463,103.63545345655503,0.5536960476734265
replica,1,C11,784.2982426238423,0.0007842982426238422,78429.82426238422,103.12603738309485,0.04427997421325358
replica,2,C11,900.7712040109725,0.0009007712040109725,90077.12040109724,102.89700537943736,-0.1847520294442404
replica,3,C11,774.8656914896541,0.0007748656914896541,77486.5691489654,103.15687534557061,0.07511793668901134
replica,4,C11,860.6849620009932,0.0008606849620009932,86068.49620009933,102.88833801863913,-0.19341939024246813
replica,5,C11,762.0391100789745,0.0007620391100789745,76203.91100789745,103.43246605042796,0.35070864154636183
replica,6,C11,830.3899419342088,0.0008303899419342088,83038.99419342088,102.99381293473978,-0.08794447414182116
replica,7,C11,891.7668815905615,0.0008917668815905615,89176.68815905615,103.00285037443362,-0.07890703444797964
replica,8,C11,962.946299969165,0.000962946299969165,96294.6299969165,102.7199100906154,-0.3618473182662001
replica,9,C11,690.9872890851609,0.0006909872890851609,69098.72890851609,103.34007089249913,0.2583134836175276
replica,10,C11,782.496971735485,0.000782496971735485,78249.6971735485,103.01818087404668,-0.06357653483492243
replica,11,C11,886.4319895641854,0.0008864319895641854,88643.19895641854,102.7952020389312,-0.2865553699504062
replica,12,C11,852.5714705222542,0.0008525714705222542,85257.14705222542,103.0610027096789,-0.02075469920269768
replica,13,C11,824.2966943549093,0.0008242966943549093,82429.66943549093,103.13205336559254,0.050295956710940004
replica,14,C11,870.1648662331996,0.0008701648662331996,87016.48662331996,102.88155980029322,-0.20019760858838254
replica,15,C11,796.8925669387365,0.0007968925669387365,79689.25669387366,103.06237172366929,-0.01938568521231332
replica,16,C11,771.6565579842099,0.00077165655798421,77165.655798421,103.15259756106872,0.0708401521871167
replica,17,C11,792.0836850480493,0.0007920836850480494,79208.36850480494,103.2277434772188,0.1459860683371943
replica,18,C11,895.714417110426,0.000895714417110426,89571.4417110426,103.01492957228174,-0.06682783659985603
replica,19,C11,898.3298531290989,0.0008983298531290988,89832.98531290988,102.74279261143947,-0.3389647974421308
replica,20,C11,705.6730998180124,0.0007056730998180123,70567.30998180124,103.3356540787685,0.25389666988689896
replica,21,C11,748.3174996363391,0.0007483174996363391,74831.7499636339,103.19962382796469,0.11786641908308582
replica,22,C11,763.1535932984327,0.0007631535932984328,76315.35932984327,103.02785479361607,-0.0539026152655282
replica,23,C11,874.7961294509391,0.0008747961294509392,87479.6129450939,103.15614910431707,0.07439169543546598
replica,24,C11,710.6027989614707,0.0007106027989614707,71060.27989614707,103.40158663260421,0.319829223722607
replica,25,C11,791.0458712588885,0.0007910458712588885,79104.58712588885,103.23476998901049,0.15301258012888752
replica,26,C11,786.3589793202761,0.0007863589793202762,78635.89793202761,103.08201547708737,0.0002580682057669037
replica,27,C11,860.5960626923973,0.0008605960626923972,86059.60626923972,102.96586694554466,-0.11589046333693886
replica,28,C11,817.8411655632997,0.0008178411655632996,81784.11655632997,102.94551410488296,-0.13624330399863993
replica,29,C11,823.4681119605983,0.0008234681119605983,82346.81119605983,103.13429409609314,0.0525366872115427
replica,30,C11,775.3576882153465,0.0007753576882153464,77535.76882153464,103.182710939069,0.10095353018739672
replica,31,C11,764.8246155636243,0.0007648246155636244,76482.46155636242,103.14409458722216,0.062337178340555965
replica,32,C11,844.3733380307548,0.0008443733380307548,84437.33380307548,103.04964185863554,-0.032115550246061275
replica,33,C11,836.408661324029,0.000836408661324029,83640.8661324029,102.9735171757693,-0.1082402331122978
replica,34,C11,789.2857597732911,0.0007892857597732912,78928.5759773291,103.12402205647923,0.0422646475976336
replica,35,C11,749.1301008194825,0.0007491301008194825,74913.01008194825,103.33817553318411,0.2564181243025132
replica,36,C11,914.3543754145085,0.0009143543754145084,91435.43754145084,102.82666177062853,-0.25509563825306714
replica,37,C11,879.0595618441623,0.0008790595618441623,87905.95618441622,102.87484652619752,-0.20691088268408464
replica,38,C11,812.1765812923154,0.0008121765812923155,81217.65812923154,103.03292327697096,-0.048834131910638234
replica,39,C11,804.4132926073926,0.0008044132926073926,80441.32926073925,103.2522876990622,0.17053029018059362
replica,40,C11,803.800128591882,0.000803800128591882,80380.0128591882,103.2335824210741,0.15182501219250355
replica,41,C11,896.0634168816393,0.0008960634168816393,89606.34168816393,102.68097789911141,-0.4007795097701887
replica,42,C11,756.6278349560719,0.0007566278349560719,75662.78349560719,103.20563904511384,0.12388163623224102
replica,43,C11,748.8612653807976,0.0007488612653807976,74886.12653807976,103.24904277060371,0.16728536172210795
replica,44,C11,867.734768111556,0.000867734768111556,86773.4768111556,102.88265251299694,-0.19910489588465907
replica,45,C11,779.2870544690438,0.0007792870544690438,77928.70544690438,103.16221087446495,0.08045346558334643
replica,46,C11,1076.8973723826516,0.0010768973723826517,107689.73723826515,102.49205515387781,-0.589702255003786
replica,47,C11,812.020699527682,0.0008120206995276821,81202.0699527682,103.16890208685287,0.08714467797126701
replica,48,C11,781.3241309900429,0.0007813241309900429,78132.41309900429,103.06665541934024,-0.015101989541363992
replica,49,C11,753.4298782150165,0.0007534298782150166,75342.98782150165,103.15023134342017,0.06847393453857364
replica,50,C11,807.4758195893878,0.0008074758195893878,80747.58195893878,103.03477966822473,-0.04697774065687099
replica,51,C11,813.9635503154059,0.0008139635503154059,81396.35503154059,103.07482828479829,-0.006929124083313809
replica,52,C11,826.0495242900474,0.0008260495242900474,82604.95242900474,103.13624706307833,0.05448965419672902
replica,53,C11,837.8154090012456,0.0008378154090012456,83781.54090012456,103.09218538824221,0.010427979360613904
replica,54,C11,868.5648407205053,0.0008685648407205053,86856.48407205053,102.87322831499452,-0.20852909388707985
replica,55,C11,750.8211372898224,0.0007508211372898225,75082.11372898224,103.19769636013558,0.11593895125398035
replica,56,C11,852.4190070248003,0.0008524190070248003,85241.90070248002,102.75163305166991,-0.3301243572116874
replica,57,C11,939.5733046914052,0.0009395733046914051,93957.3304691405,102.71583035595405,-0.365927052927546
replica,58,C11,788.0719589449741,0.0007880719589449741,78807.1958944974,103.14620763560913,0.06445022672752998
replica,59,C11,828.3099724722198,0.0008283099724722198,82830.99724722198,103.02667180166948,-0.055085607212120635
replica,60,C11,846.7210317658319,0.0008467210317658319,84672.10317658319,102.92707501680752,-0.1546823920740792
replica,61,C11,852.9520525778794,0.0008529520525778794,85295.20525778794,102.91938787708621,-0.1623695317953917
replica,62,C11,828.9606116877592,0.0008289606116877592,82896.06116877592,103.14633196540294,0.06457455652133604
replica,63,C11,803.3597582442485,0.0008033597582442485,80335.97582442485,103.30865783503214,0.22690042615053585
replica,64,C11,762.0822553060455,0.0007620822553060455,76208.22553060454,103.18831091332666,0.10655350444505984
replica,65,C11,837.2777049898368,0.0008372777049898368,83727.77049898368,102.9681987363916,-0.11355867249000084
replica,66,C11,893.9288581084703,0.0008939288581084703,89392.88581084703,102.94495720047232,-0.13680020840928364
replica,67,C11,751.6696267977593,0.0007516696267977593,75166.96267977593,103.11614536909335,0.034387960211745394
replica,68,C11,875.2054952094522,0.0008752054952094522,87520.54952094522,103.01038755995174,-0.0713698489298622
replica,69,C11,972.2941229803183,0.0009722941229803183,97229.41229803184,102.64382543577454,-0.43793197310705523
replica,70,C11,986.3805102175426,0.0009863805102175425,98638.05102175426,102.6149336328254,-0.4668237760562022
replica,71,C11,897.7539490039287,0.0008977539490039287,89775.39490039287,102.67141878888707,-0.41033861999453336
replica,72,C11,815.674470621804,0.000815674470621804,81567.44706218039,103.2557463563668,0.17398894748519922
replica,73,C11,820.2338081876126,0.0008202338081876126,82023.38081876126,103.16359074135357,0.08183333247197311
replica,74,C11,806.245488183011,0.0008062454881830111,80624.5488183011,103.11653157300321,0.034774164121614604
replica,75,C11,779.0060757143061,0.0007790060757143061,77900.6075714306,103.10902125455051,0.027263845668912268
replica,76,C11,704.6855774076841,0.0007046855774076842,70468.55774076842,103.4168345291171,0.3350771202354963
replica,77,C11,792.0940187772665,0.0007920940187772664,79209.40187772665,103.03468630792577,-0.04707110095583289
replica,78,C11,824.5973721812784,0.0008245973721812784,82459.73721812783,103.036312890589,-0.04544451829259799
replica,79,C11,754.2452779693006,0.0007542452779693005,75424.52779693005,103.25757334333657,0.1758159344549739
replica,80,C11,919.9693117867903,0.0009199693117867903,91996.93117867902,102.84969943697882,-0.23205797190277622
replica,81,C11,594.5988130697538,0.0005945988130697538,59459.881306975374,103.63512367999428,0.5533662711126794
replica,82,C11,764.7626461649563,0.0007647626461649563,76476.26461649562,103.29105829868283,0.20930088980122719
replica,83,C11,684.75226416592,0.00068475226416592,68475.22641659199,103.35697332577581,0.27521591689421143
replica,84,C11,847.3214016189465,0.0008473214016189465,84732.14016189465,102.99621976808011,-0.08553764080149051
replica,85,C11,687.365668699455,0.000687365668699455,68736.5668699455,103.43919410156262,0.35743669268101996
replica,86,C11,831.7459027565325,0.0008317459027565325,83174.59027565325,103.00000630630167,-0.08175110257992912
replica,87,C11,800.6422233881326,0.0008006422233881326,80064.22233881326,103.14188357814807,0.060126169266467855
replica,88,C11,793.3364013469751,0.0007933364013469751,79333.6401346975,103.08945727822122,0.007699869339617749
replica,89,C11,841.4132113202163,0.0008414132113202163,84141.32113202164,103.12857309781496,0.046815688933364186
replica,90,C11,923.0684429737503,0.0009230684429737503,92306.84429737502,102.85523474230182,-0.2265226665797826
replica,91,C11,862.5217284432083,0.0008625217284432083,86252.17284432083,102.99563336354656,-0.08612404533504048
replica,92,C11,830.4960936450773,0.0008304960936450773,83049.60936450772,103.04408983570312,-0.03766757317848146
replica,93,C11,776.7188677374927,0.0007767188677374927,77671.88677374927,103.03608900164195,-0.0456684072396456
replica,94,C11,901.5579304615769,0.0009015579304615769,90155.79304615769,102.82985276288659,-0.25190464599501183
replica,95,C11,816.6222757088535,0.0008166222757088536,81662.22757088536,103.04192391636873,-0.039833492512869384
replica,96,C11,837.5030348909856,0.0008375030348909857,83750.30348909856,103.07000672045045,-0.01175068843114957
replica,97,C11,898.4399043854548,0.0008984399043854549,89843.99043854549,102.83370023071812,-0.24805717816347794
replica,98,C11,865.3494717183715,0.0008653494717183716,86534.94717183715,102.81318512824676,-0.2685722806348423
replica,99,C11,734.7139070689102,0.0007347139070689102,73471.39070689102,103.33337993222754,0.2516225233459437
replica,100,C11,935.7262141312741,0.0009357262141312741,93572.6214131274,102.7503882064064,-0.3313692024752015
replica,101,C11,823.2165481484493,0.0008232165481484493,82321.65481484492,102.91019600245549,-0.1715614064261075
replica,102,C11,821.7592829748278,0.0008217592829748277,82175.92829748278,103.15720775275594,0.07545034387433702
replica,103,C11,823.8209974306969,0.0008238209974306969,82382.09974306969,103.00610559932935,-0.07565180955225514
replica,104,C11,811.3847808246564,0.0008113847808246564,81138.47808246565,102.93078505227349,-0.15097235660810782
replica,105,C11,836.3249508893715,0.0008363249508893715,83632.49508893715,102.85339899119452,-0.2283584176870761
replica,106,C11,819.5866897109943,0.0008195866897109942,81958.66897109943,103.15741969095501,0.07566228207340941
replica,107,C11,742.2726069993959,0.0007422726069993958,74227.26069993958,103.38200790866327,0.3002504997816686
replica,108,C11,899.1395236718024,0.0008991395236718024,89913.95236718025,102.85967376355514,-0.22208364532646385
replica,109,C11,703.673968949258,0.000703673968949258,70367.3968949258,103.49370754131937,0.41195013243776657
replica,110,C11,785.3889049256452,0.0007853889049256452,78538.89049256452,103.06394228669454,-0.017815122187059274
replica,111,C11,749.8318363052168,0.0007498318363052169,74983.18363052169,103.1362361470839,0.054478738202305976
replica,112,C11,833.8714198945906,0.0008338714198945907,83387.14198945907,103.03763923651334,-0.04411817236825755
replica,113,C11,850.1537760320585,0.0008501537760320586,85015.37760320585,102.93597293487922,-0.14578447400238304
replica,114,C11,938.850100912847,0.000938850100912847,93885.0100912847,102.66517149047216,-0.4165859184094387
replica,115,C11,883.1532280290943,0.0008831532280290943,88315.32280290943,102.98723007959917,-0.09452732928242824
replica,116,C11,776.1790118066742,0.0007761790118066742,77617.90118066742,103.19996040031263,0.11820299143103341
replica,117,C11,843.2763224942998,0.0008432763224942998,84327.63224942998,103.04933737802585,-0.03242003085574652
replica,118,C11,809.2710386491101,0.0008092710386491101,80927.10386491101,102.98530894559681,-0.09644846328478707
replica,119,C11,770.9885494928117,0.0007709885494928117,77098.85494928117,103.28376884101503,0.20201143213343187
replica,120,C11,831.8291476114512,0.0008318291476114511,83182.91476114512,102.98229877027862,-0.09945863860298232
replica,121,C11,818.489456504271,0.000818489456504271,81848.9456504271,103.02155979697406,-0.06019761190754025
replica,122,C11,726.0120437068856,0.0007260120437068856,72601.20437068856,103.20119836271222,0.11944095383061892
replica,123,C11,654.4403201411079,0.0006544403201411079,65444.03201411079,103.38038008643653,0.2986226775549312
replica,124,C11,862.029144851187,0.000862029144851187,86202.9144851187,103.01067890435887,-0.07107850452273112
replica,125,C11,828.7702068674856,0.0008287702068674856,82877.02068674855,102.99942248279262,-0.08233492608897564
replica,126,C11,882.158129635307,0.000882158129635307,88215.8129635307,102.9000311536508,-0.18172625523079944
replica,127,C11,781.9802021787616,0.0007819802021787616,78198.02021787615,103.40509186595368,0.32333445707207886
replica,128,C11,863.517803042205,0.000863517803042205,86351.78030422049,102.98090835763736,-0.10084905124423926
replica,129,C11,920.0538981239108,0.0009200538981239108,92005.38981239108,102.71841474229474,-0.36334266658685976
replica,130,C11,721.1182538386018,0.0007211182538386018,72111.82538386018,103.3536009793484,0.27184357046679963
replica,131,C11,795.081058448857,0.000795081058448857,79508.1058448857,103.15005161307126,0.06829420418965526
replica,132,C11,770.9170370757608,0.0007709170370757608,77091.70370757609,103.09680500196993,0.015047593088326039
replica,133,C11,864.2121678265289,0.0008642121678265289,86421.21678265289,102.92885304531157,-0.15290436357003045
replica,134,C11,833.4780769119111,0.0008334780769119111,83347.8076911911,103.06793962977642,-0.013817779105181671
replica,135,C11,756.5683633321197,0.0007565683633321197,75656.83633321196,103.30509288741963,0.22333547853803282
replica,136,C11,807.1917979902996,0.0008071917979902997,80719.17979902997,103.11254053083138,0.03078312194978139
replica,137,C11,755.2272233701221,0.0007552272233701221,75522.72233701221,103.08775168795836,0.005994279076759312
replica,138,C11,761.3674064668973,0.0007613674064668972,76136.74064668972,103.21737942024728,0.1356220113656832
replica,139,C11,788.9383936360165,0.0007889383936360165,78893.83936360164,103.05063659414058,-0.03112081474101558
replica,140,C11,749.3254410699772,0.0007493254410699772,74932.54410699771,103.3597804792956,0.2780230704139939
replica,141,C11,765.226159218651,0.000765226159218651,76522.6159218651,103.17466157977529,0.0929041708936893
replica,142,C11,643.0072397815255,0.0006430072397815255,64300.72397815255,103.57793171231148,0.496174303429882
replica,143,C11,847.3809057809954,0.0008473809057809954,84738.09057809954,102.9782048167474,-0.10355259213420709
replica,144,C11,826.1173290271479,0.0008261173290271479,82611.7329027148,103.14420893050396,0.062451521622364226
replica,145,C11,918.9752400534676,0.0009189752400534676,91897.52400534676,102.62751819526913,-0.45423921361246755
replica,146,C11,737.6044482310423,0.0007376044482310423,73760.44482310423,103.28283202001481,0.20107461113320824
replica,147,C11,979.4653520839917,0.0009794653520839916,97946.53520839916,102.70362214478992,-0.3781352640916822
replica,148,C11,913.2565283662326,0.0009132565283662326,91325.65283662325,102.78743760618045,-0.2943198027011533
replica,149,C11,777.0252678773802,0.0007770252678773802,77702.52678773802,103.08772354536819,0.005966136486591722
replica,150,C11,775.6303083798747,0.0007756303083798747,77563.03083798746,103.16411654343884,0.08235913455723676
replica,151,C11,752.9288681106,0.0007529288681105999,75292.88681106,103.20626918274108,0.12451177385948142
replica,152,C11,790.7144191143332,0.0007907144191143332,79071.44191143331,103.05852057676594,-0.02323683211565708
replica,153,C11,834.3205053434053,0.0008343205053434053,83432.05053434054,103.16743414318951,0.0856767343079099
replica,154,C11,743.4486433441723,0.0007434486433441723,74344.86433441723,103.19196493728867,0.1102075284070736
replica,155,C11,914.1382225024298,0.0009141382225024298,91413.82225024299,102.76930549948058,-0.31245190940101963
replica,156,C11,830.7430584559995,0.0008307430584559995,83074.30584559996,103.13962448630879,0.057867077427189884
replica,157,C11,839.4788339670174,0.0008394788339670175,83947.88339670174,102.85344626705796,-0.22831114182363876
replica,158,C11,908.4167866519851,0.0009084167866519852,90841.67866519852,102.8905908521098,-0.1911665567718046
replica,159,C11,891.1534966736315,0.0008911534966736315,89115.34966736315,102.97161383223452,-0.11014357664707575
replica,160,C11,829.5274785523325,0.0008295274785523325,82952.74785523325,102.9643419602648,-0.11741544861679643
replica,161,C11,754.8464964487183,0.0007548464964487183,75484.64964487182,103.13140485051397,0.04964744163237356
replica,162,C11,814.5120765821955,0.0008145120765821955,81451.20765821954,103.09395398452989,0.012196575648289354
replica,163,C11,822.0998847120235,0.0008220998847120234,82209.98847120235,102.81343934434267,-0.26831806453893137
replica,164,C11,811.5616354058695,0.0008115616354058696,81156.16354058695,103.06610810354086,-0.01564930534074449
replica,165,C11,786.1072720517814,0.0007861072720517814,78610.72720517813,103.19702141732678,0.11526400844518037
replica,166,C11,810.7876536249908,0.0008107876536249907,81078.76536249908,103.1812611060396,0.09950369715799923
replica,167,C11,933.3469095099097,0.0009333469095099097,93334.69095099096,102.75357004578476,-0.3281873630968448
replica,168,C11,808.2978219223702,0.0008082978219223701,80829.78219223702,103.14283850179713,0.06108109291552921
replica,169,C11,1014.3460802129131,0.001014346080212913,101434.60802129131,102.47063791418303,-0.6111194946985705
replica,170,C11,862.5506263941548,0.0008625506263941549,86255.06263941548,103.07598397789067,-0.005773430990927864
replica,171,C11,817.4877565621643,0.0008174877565621644,81748.77565621643,103.0058530961084,-0.0759043127732042
replica,172,C11,760.6604375195784,0.0007606604375195784,76066.04375195784,103.4049160420192,0.3231586331375951
replica,173,C11,907.2856522869903,0.0009072856522869902,90728.56522869902,102.90788606460501,-0.17387134427659134
replica,174,C11,948.1254611819159,0.0009481254611819159,94812.54611819159,102.61189543961274,-0.46986196926886237
replica,175,C11,717.5855891126034,0.0007175855891126034,71758.55891126035,103.23276468534056,0.15100727645895518
replica,176,C11,921.8965611960539,0.0009218965611960539,92189.65611960538,102.81312474978415,-0.2686326590974488
replica,177,C11,787.6758894758677,0.0007876758894758677,78767.58894758677,102.98089453690105,-0.10086287198055288
replica,178,C11,885.1708135171498,0.0008851708135171498,88517.08135171498,102.80060004127944,-0.28115736760216237
replica,179,C11,674.4716373590088,0.0006744716373590088,67447.16373590087,103.48135100717705,0.3995935982954535
replica,180,C11,896.8065342557015,0.0008968065342557015,89680.65342557016,102.82562412027058,-0.256133288611025
replica,181,C11,835.9836406595031,0.0008359836406595031,83598.3640659503,102.9783408188138,-0.1034165900677948
replica,182,C11,830.1382236485763,0.0008301382236485762,83013.82236485762,102.96515660490043,-0.11660080398117145
replica,183,C11,827.0080988874417,0.0008270080988874417,82700.80988874417,102.95597346285683,-0.12578394602476806
replica,184,C11,898.8668525077219,0.0008988668525077219,89886.68525077219,102.73071441104071,-0.3510429978408922
replica,185,C11,855.8475786237864,0.0008558475786237863,85584.75786237864,103.07138994455157,-0.010367464330030884
replica,186,C11,802.7962989513147,0.0008027962989513147,80279.62989513147,103.15213309546351,0.07037568658191162
replica,187,C11,797.507931948813,0.0007975079319488131,79750.7931948813,103.12197699637461,0.04021958749301291
replica,188,C11,766.1874093815281,0.0007661874093815281,76618.74093815281,103.10001815498855,0.018260746106946613
replica,189,C11,802.7223579054014,0.0008027223579054014,80272.23579054014,103.27393413564482,0.19217672676322195
replica,190,C11,821.9844598039964,0.0008219844598039964,82198.44598039964,103.04099777450305,-0.040759634378545684
replica,191,C11,804.8561684465126,0.0008048561684465126,80485.61684465126,103.17444446930128,0.09268706041967789
replica,192,C11,873.9780672566048,0.0008739780672566049,87397.80672566048,102.73320885004182,-0.34854855883978075
replica,193,C11,744.6792937875105,0.0007446792937875104,74467.92937875104,103.2484807914047,0.16672338252310226
replica,194,C11,773.9882353178026,0.0007739882353178027,77398.82353178026,102.97771788922682,-0.10403951965477631
replica,195,C11,910.29803930865,0.00091029803930865,91029.803930865,102.79873902900823,-0.28301837987336853
replica,196,C11,848.6200727544353,0.0008486200727544353,84862.00727544354,102.8393809837651,-0.24237642511650392
replica,197,C11,799.3085724733743,0.0007993085724733742,79930.85724733742,103.06407202504025,-0.01768538384135354
replica,198,C11,812.0050486660335,0.0008120050486660335,81200.50486660335,103.0146403296824,-0.06711707919920684
replica,199,C11,758.7593423041081,0.0007587593423041081,75875.93423041081,103.2786195429477,0.19686213406609454
replica,200,C11,679.4693817081638,0.0006794693817081638,67946.93817081639,103.58218033221269,0.5004229233310866
replica,201,C11,775.9831231594118,0.0007759831231594118,77598.31231594118,103.1574217438083,0.07566433492669944
replica,202,C11,852.2143559974601,0.00085221435599746,85221.43559974601,102.85224075727152,-0.2295166516100835
replica,203,C11,835.0307243824714,0.0008350307243824714,83503.07243824714,102.91418466367529,-0.16757274520631427
replica,204,C11,816.6222646764757,0.0008166222646764756,81662.22646764756,103.16229678422955,0.08053937534795352
replica,205,C11,767.2537795375883,0.0007672537795375883,76725.37795375883,103.1800943620734,0.09833695319180435
replica,206,C11,745.8248359849958,0.0007458248359849958,74582.48359849959,103.08953997542972,0.00778256654811571
replica,207,C11,883.3836067781974,0.0008833836067781974,88338.36067781974,102.84962799531912,-0.2321294135624754
replica,208,C11,865.6283718769821,0.0008656283718769821,86562.83718769821,103.07396877550501,-0.007788633376591747
replica,209,C11,783.752812869493,0.000783752812869493,78375.2812869493,103.18128030626305,0.0995228973814477
replica,210,C11,804.1706791935554,0.0008041706791935554,80417.06791935554,103.15622186374327,0.07446445486166908
replica,211,C11,792.3268727933012,0.0007923268727933012,79232.68727933012,103.27080562166573,0.18904821278412953
replica,212,C11,824.790289066664,0.000824790289066664,82479.0289066664,103.07033596790829,-0.011421440973307995
replica,213,C11,837.047683336682,0.000837047683336682,83704.7683336682,102.90399035929362,-0.17776704958798462
replica,214,C11,789.565740480889,0.000789565740480889,78956.57404808889,103.08497961375079,0.003222204869189227
replica,215,C11,875.6334384624212,0.0008756334384624212,87563.34384624212,102.6466053129913,-0.43515209589030235
replica,216,C11,738.048192697984,0.0007380481926979839,73804.81926979839,103.32691257736006,0.24515516847846186
replica,217,C11,811.6376484067298,0.0008116376484067298,81163.76484067297,103.12053302960317,0.03877562072156593
replica,218,C11,909.4860706714026,0.0009094860706714026,90948.60706714026,102.75624806853504,-0.32550934034655654
replica,219,C11,948.9022690072129,0.0009489022690072129,94890.22690072129,102.84585029588298,-0.23590711299861766
replica,220,C11,858.8866542106748,0.0008588866542106748,85888.66542106748,102.99433774216195,-0.08741966671965429
replica,221,C11,747.1768453623771,0.0007471768453623771,74717.6845362377,103.25775980578234,0.17600239690074204
replica,222,C11,871.0663517132416,0.0008710663517132416,87106.63517132416,102.88205092991862,-0.19970647896298033
replica,223,C11,852.4204458239154,0.0008524204458239154,85242.04458239154,102.87425839730099,-0.2074990115806088
replica,224,C11,740.5617668422067,0.0007405617668422066,74056.17668422067,103.20441552570766,0.12265811682605943
replica,225,C11,796.6578145112317,0.0007966578145112317,79665.78145112317,103.13662342803575,0.05486601915414724
replica,226,C11,670.2374068517984,0.0006702374068517984,67023.74068517983,103.55377170572136,0.4720142968397596
replica,227,C11,820.8205195419706,0.0008208205195419706,82082.05195419706,102.93673204228665,-0.14502536659495036
replica,228,C11,943.8707707280294,0.0009438707707280293,94387.07707280293,102.88530424194542,-0.19645316693618042
replica,229,C11,971.2239727940638,0.0009712239727940638,97122.39727940637,102.52621021025007,-0.5555471986315297
replica,230,C11,738.482792152836,0.0007384827921528361,73848.2792152836,103.12274160128422,0.04098419240261819
replica,231,C11,774.5531679774359,0.0007745531679774359,77455.3167977436,103.08082670519762,-0.0009307036839771854
replica,232,C11,908.1101635520076,0.0009081101635520076,90811.01635520076,102.89713655081782,-0.1846208580637807
replica,233,C11,944.2508490228763,0.0009442508490228763,94425.08490228764,102.69458365611116,-0.38717375277043686
replica,234,C11,902.5111978688003,0.0009025111978688003,90251.11978688002,102.84455847292735,-0.2371989359542539
replica,235,C11,952.8200632533596,0.0009528200632533596,95282.00632533597,102.80711207503144,-0.27464533385015955
replica,236,C11,854.7197487026522,0.0008547197487026522,85471.97487026521,102.81735863347834,-0.26439877540326506
replica,237,C11,744.1027640376026,0.0007441027640376026,74410.27640376026,103.56463014116821,0.48287273228660865
replica,238,C11,781.1888313139752,0.0007811888313139753,78118.88313139752,103.15410802637734,0.07235061749574356
replica,239,C11,850.2323797829529,0.0008502323797829528,85023.23797829529,102.97071642673195,-0.11104098214964608
replica,240,C11,800.3661145924173,0.0008003661145924172,80036.61145924173,102.89460512354249,-0.18715228533910988
replica,241,C11,904.7391020368998,0.0009047391020368998,90473.91020368997,102.91003594123458,-0.1717214676470178
replica,242,C11,793.2743818341553,0.0007932743818341553,79327.43818341552,103.05129868593733,-0.03045872294427454
replica,243,C11,828.1226546753721,0.0008281226546753721,82812.26546753722,103.18408826173885,0.10233085285724997
replica,244,C11,792.1717391566114,0.0007921717391566114,79217.17391566113,103.3699423176146,0.28818490873300107
replica,245,C11,753.5118074650172,0.0007535118074650173,75351.18074650172,103.31311925536944,0.23136184648784308
replica,246,C11,784.5464579437146,0.0007845464579437146,78454.64579437146,103.2783337918821,0.1965763830005045
replica,247,C11,736.5519604744743,0.0007365519604744743,73655.19604744743,103.16678806707105,0.08503065818945288
replica,248,C11,736.5647765577991,0.0007365647765577991,73656.4776557799,103.28220111017832,0.20044370129672018
replica,249,C11,742.2952320150137,0.0007422952320150137,74229.52320150136,103.41383973472428,0.33208232584267705
replica,250,C11,849.9199356963868,0.0008499199356963868,84991.99356963868,102.90742815914626,-0.1743292497353366
replica,251,C11,971.3502378147748,0.0009713502378147748,97135.02378147747,102.5883832044999,-0.4933742043816949
replica,252,C11,838.6677069378136,0.0008386677069378136,83866.77069378136,102.93007506577645,-0.1516823431051506
replica,253,C11,744.3613856282755,0.0007443613856282754,74436.13856282755,103.14613741569782,0.06438000681622214
replica,254,C11,834.2285797210927,0.0008342285797210928,83422.85797210927,103.08591782085165,0.004160411970048017
replica,255,C11,886.8129581075065,0.0008868129581075065,88681.29581075064,102.78650651102873,-0.29525089785286696
replica,256,C11,805.2304181066391,0.0008052304181066391,80523.04181066391,103.08838718770049,0.006629778818890486
replica,257,C11,814.3088120639205,0.0008143088120639206,81430.88120639205,103.28088352709008,0.1991261182084827
replica,258,C11,941.8142601501052,0.0009418142601501051,94181.42601501051,102.6912710415942,-0.3904863672873944
replica,259,C11,850.6456388908614,0.0008506456388908614,85064.56388908614,102.95458242389897,-0.1271749849826307
replica,260,C11,798.9207827754935,0.0007989207827754936,79892.07827754936,103.06632267088132,-0.01543473800028039
replica,261,C11,804.2448513837463,0.0008042448513837463,80424.48513837463,102.8228940972467,-0.2588633116348973
replica,262,C11,869.8763996249573,0.0008698763996249574,86987.63996249573,102.88431703174736,-0.19744037713424234
replica,263,C11,848.4724871136671,0.0008484724871136671,84847.2487113667,102.9690358727524,-0.11272153612920022
replica,264,C11,855.9367536489233,0.0008559367536489233,85593.67536489233,102.91970705351567,-0.1620503553659347
replica,265,C11,859.355809723095,0.000859355809723095,85935.5809723095,102.91556482397722,-0.16619258490437971
replica,266,C11,873.9455579544344,0.0008739455579544344,87394.55579544345,102.91255129691005,-0.16920611197154756
replica,267,C11,829.7513541934359,0.0008297513541934359,82975.13541934358,102.93227573371345,-0.14948167516814692
replica,268,C11,861.1803946877023,0.0008611803946877024,86118.03946877024,102.91913080890974,-0.16262659997185835
replica,269,C11,855.151254520328,0.0008551512545203281,85515.12545203281,102.97474101532806,-0.1070163935535362
replica,270,C11,814.5048794088309,0.0008145048794088309,81450.48794088309,102.99126949559468,-0.09048791328692118
replica,271,C11,872.4355032975523,0.0008724355032975523,87243.55032975522,102.82321469280613,-0.25854271607546764
replica,272,C11,929.7641939285098,0.0009297641939285098,92976.41939285098,102.87220350007048,-0.20955390881111668
replica,273,C11,797.8702721758405,0.0007978702721758405,79787.02721758405,102.95155665579831,-0.1302007530832867
replica,274,C11,801.8564031167031,0.0008018564031167031,80185.6403116703,103.09615578926048,0.014398380378878528
replica,275,C11,940.9569234642673,0.0009409569234642674,94095.69234642673,102.82567139383774,-0.25608601504386286
replica,276,C11,827.8088193132996,0.0008278088193132997,82780.88193132996,102.97141702508334,-0.11034038379825972
replica,277,C11,744.0130660814852,0.0007440130660814853,74401.30660814853,103.41605922501186,0.3343018161302638
replica,278,C11,738.6027889808144,0.0007386027889808144,73860.27889808144,103.290490475799,0.20873306691740368
replica,279,C11,829.8708825485432,0.0008298708825485433,82987.08825485433,103.17618731541123,0.09442990652962635
replica,280,C11,733.5802120722109,0.0007335802120722109,73358.02120722109,103.21652545578746,0.13476804690586164
replica,281,C11,795.1254595642918,0.0007951254595642917,79512.54595642918,103.08521878955466,0.0034613806730590113
replica,282,C11,795.8807678973881,0.000795880767897388,79588.0767897388,103.08666149330982,0.00490408442821888
replica,283,C11,690.3189198098111,0.0006903189198098111,69031.8919809811,103.52519360871048,0.4434361998288807
replica,284,C11,772.8325556909875,0.0007728325556909876,77283.25556909875,103.12479095113522,0.043033542253624546
replica,285,C11,797.2640010826992,0.0007972640010826993,79726.40010826993,103.2157658523055,0.13400844342389462
replica,286,C11,788.7131067438188,0.0007887131067438188,78871.31067438188,102.97462722239327,-0.10713018648833383
replica,287,C11,731.275996708099,0.000731275996708099,73127.5996708099,103.2885881407549,0.20683073187329626
replica,288,C11,738.2944346734278,0.0007382944346734278,73829.44346734277,103.47891594972174,0.39715854084013813
replica,289,C11,946.3233081124112,0.0009463233081124111,94632.33081124112,102.69565944294536,-0.38609796593624424
replica,290,C11,934.3407567695018,0.0009343407567695019,93434.07567695017,102.88955590789176,-0.1922015009898388
replica,291,C11,827.3968933960214,0.0008273968933960213,82739.68933960213,102.9178283010139,-0.16392910786770187
replica,292,C11,826.224330927434,0.0008262243309274341,82622.4330927434,103.005261641816,-0.07649576706559458
replica,293,C11,791.0289322879858,0.0007910289322879858,79102.89322879858,103.42988722345508,0.3481298145734826
replica,294,C11,798.2654663696933,0.0007982654663696932,79826.54663696933,103.08851409065208,0.006756681770482942
replica,295,C11,772.8744431691957,0.0007728744431691957,77287.44431691957,103.12726595032963,0.045508541448029405
replica,296,C11,824.3277661552074,0.0008243277661552074,82432.77661552074,102.8410234453697,-0.24073396351190013
replica,297,C11,775.0844145773845,0.0007750844145773845,77508.44145773845,103.17300926702217,0.09125185814056636
replica,298,C11,708.2025965945445,0.0007082025965945445,70820.25965945444,103.28988738032396,0.20812997144236078
replica,299,C11,743.2096488478863,0.0007432096488478863,74320.96488478863,103.17715328381614,0.09539587493453894
replica,300,C11,824.6780788238314,0.0008246780788238314,82467.80788238313,102.95324700166927,-0.12851040721233176
replica,301,C11,767.5933574715943,0.0007675933574715943,76759.33574715944,103.22640648251588,0.1446490736342838
replica,302,C11,874.55416814498,0.0008745541681449801,87455.416814498,102.8459976066703,-0.2357598022113052
replica,303,C11,872.0434142183677,0.0008720434142183677,87204.34142183677,103.0715178302031,-0.0102395786784939
replica,304,C11,952.6083909830915,0.0009526083909830915,95260.83909830914,102.47407108649918,-0.6076863223824205
replica,305,C11,760.9181432904039,0.0007609181432904039,76091.8143290404,103.10732030595503,0.025562897073427848
replica,306,C11,728.7981845252784,0.0007287981845252784,72879.81845252785,103.08657764391168,0.004820235030081221
replica,307,C11,790.0939364024752,0.0007900939364024752,79009.39364024751,103.1332935042886,0.05153609540700188
replica,308,C11,837.7366345798722,0.0008377366345798722,83773.66345798722,103.00905667460503,-0.07270073427656598
replica,309,C11,825.9572701432388,0.0008259572701432388,82595.72701432389,103.0639184565775,-0.017838952304103373
replica,310,C11,804.7000343642565,0.0008047000343642564,80470.00343642564,102.8265193831024,-0.2552380257792066
replica,311,C11,807.8002784722601,0.00080780027847226,80780.02784722601,102.87091128520463,-0.21084612367697275
replica,312,C11,834.2278722502967,0.0008342278722502967,83422.78722502968,103.06015896602696,-0.021598442854639188
replica,313,C11,865.7579473511018,0.0008657579473511018,86575.79473511019,103.21940091287044,0.13764350398884062
replica,314,C11,740.0611204496888,0.0007400611204496888,74006.11204496888,103.38338365060342,0.30162624172182007
replica,315,C11,898.3321107258474,0.0008983321107258474,89833.21107258475,102.8033674783702,-0.2783899305113948
replica,316,C11,774.2478496576155,0.0007742478496576155,77424.78496576154,103.09239450508231,0.010637096200710516
replica,317,C11,744.3071968160805,0.0007443071968160805,74430.71968160804,103.36934922743887,0.28759181855727434
replica,318,C11,877.4936064453274,0.0008774936064453274,87749.36064453273,102.91944717238185,-0.1623102364997493
replica,319,C11,811.9890294213077,0.0008119890294213077,81198.90294213076,102.93656050973426,-0.14519689914733647
replica,320,C11,760.2228522412856,0.0007602228522412856,76022.28522412856,103.24649072038224,0.1647333115006404
replica,321,C11,873.4746132159567,0.0008734746132159567,87347.46132159566,102.93702036834298,-0.14473704053861525
replica,322,C11,890.4460555989504,0.0008904460555989504,89044.60555989503,103.02551668806632,-0.056240720815281975
replica,323,C11,767.1666741221552,0.0007671666741221552,76716.66741221552,103.32628924091966,0.2445318320380636
replica,324,C11,770.189304424669,0.000770189304424669,77018.9304424669,103.22901553725505,0.1472581283734513
replica,325,C11,852.331358786066,0.000852331358786066,85233.1358786066,103.15843286336843,0.076675454486832
replica,326,C11,805.3820833947666,0.0008053820833947666,80538.20833947665,103.09724599049206,0.015488581610455299
replica,327,C11,820.3203201104768,0.0008203203201104768,82032.03201104768,103.1581765221621,0.07641911328049389
replica,328,C11,789.4562274044581,0.0007894562274044581,78945.6227404458,103.34114825139049,0.25939084250889266
replica,329,C11,824.0654447319572,0.0008240654447319572,82406.54447319573,102.81649734580908,-0.2652600630725175
replica,330,C11,819.0644540387202,0.0008190644540387202,81906.44540387201,103.20848811864226,0.1267307097606647
replica,331,C11,841.4572633951835,0.0008414572633951836,84145.72633951835,102.99275974645595,-0.08899766242565477
replica,332,C11,851.4548245081563,0.0008514548245081563,85145.48245081563,102.88403144502747,-0.19772596385412555
replica,333,C11,861.766165532096,0.000861766165532096,86176.6165532096,102.8142093562995,-0.2675480525821001
replica,334,C11,839.6274730007165,0.0008396274730007164,83962.74730007164,103.08333843089936,0.0015810220177598922
replica,335,C11,877.9253493733985,0.0008779253493733985,87792.53493733985,102.95106558833201,-0.13069182054958617
replica,336,C11,786.5303046628666,0.0007865303046628666,78653.03046628665,103.03512073960965,-0.04663666927194754
replica,337,C11,809.5997091067989,0.0008095997091067988,80959.97091067988,103.08248278157677,0.0007253726951716999
replica,338,C11,904.98428670929,0.00090498428670929,90498.428670929,103.01166222675101,-0.07009518213058641
replica,339,C11,694.6819524085304,0.0006946819524085303,69468.19524085303,103.3668113212197,0.28505391233809974
replica,340,C11,738.6959393607174,0.0007386959393607174,73869.59393607173,103.27064873814511,0.18889132926351238
replica,341,C11,726.9450163814208,0.0007269450163814209,72694.50163814209,103.3013169893399,0.21955958045829504
replica,342,C11,823.0869813784271,0.0008230869813784271,82308.69813784272,103.06214737425127,-0.019610034630332507
replica,343,C11,697.6201507909559,0.0006976201507909559,69762.0150790956,103.53649662290775,0.4547392140261479
replica,344,C11,962.471019405441,0.000962471019405441,96247.10194054409,102.84300723059796,-0.2387501782836381
replica,345,C11,850.714380831816,0.000850714380831816,85071.4380831816,103.02738503339512,-0.054372375486479996
replica,346,C11,834.722070726051,0.000834722070726051,83472.2070726051,102.91164958049842,-0.1701078283831805
replica,347,C11,798.5094215248034,0.0007985094215248034,79850.94215248035,103.13807255658797,0.05631514770637125
replica,348,C11,782.8917998301293,0.0007828917998301294,78289.17998301293,103.19150616990069,0.10974876101909103
replica,349,C11,892.3357210225063,0.0008923357210225063,89233.57210225062,102.93130645030314,-0.15045095857846036
replica,350,C11,783.5940823188489,0.0007835940823188489,78359.4082318849,103.4733056844444,0.3915482755627977
replica,351,C11,823.8890004043371,0.0008238890004043371,82388.90004043371,103.10537218303016,0.023614774148555284
replica,352,C11,748.6714658341034,0.0007486714658341034,74867.14658341034,103.10798830909906,0.02623090021745611
replica,353,C11,878.1542345049716,0.0008781542345049716,87815.42345049715,102.8926252741399,-0.18913213474169766
replica,354,C11,770.5138499357195,0.0007705138499357195,77051.38499357195,103.41759835140462,0.33584094252302066
replica,355,C11,786.7530199932894,0.0007867530199932894,78675.30199932893,103.1529046314538,0.07114722257219341
replica,356,C11,806.3911744973764,0.0008063911744973763,80639.11744973763,103.02077644929669,-0.06098095958491001
replica,357,C11,759.7399414287162,0.0007597399414287162,75973.99414287161,103.2514027956865,0.16964538680490193
replica,358,C11,780.246186293982,0.0007802461862939819,78024.61862939819,103.23684550405294,0.1550880951713367
replica,359,C11,898.8037127416817,0.0008988037127416816,89880.37127416817,103.00938176311246,-0.07237564576914224
replica,360,C11,864.2218974804432,0.0008642218974804432,86422.18974804431,102.9865047190175,-0.09525268986409685
replica,361,C11,841.7473875898255,0.0008417473875898255,84174.73875898255,103.00826517200667,-0.07349223687492668
replica,362,C11,774.6457324460758,0.0007746457324460758,77464.57324460759,103.29946067614085,0.21770326725925315
replica,363,C11,857.1659480898084,0.0008571659480898084,85716.59480898084,102.98887704544133,-0.09288036344027262
replica,364,C11,934.9674338838624,0.0009349674338838624,93496.74338838624,102.85318707878814,-0.2285703300934614
replica,365,C11,734.8550343209511,0.0007348550343209511,73485.50343209511,103.35439412874432,0.2726367198627173
replica,366,C11,836.6658248610161,0.0008366658248610161,83666.5824861016,102.96511504903614,-0.11664235984545712
replica,367,C11,872.7381668675422,0.0008727381668675422,87273.81668675422,102.79288535538659,-0.28887205349501244
replica,368,C11,743.6677457131366,0.0007436677457131366,74366.77457131365,103.34525078317097,0.2634933742893679
replica,369,C11,743.0773531943378,0.0007430773531943378,74307.73531943378,103.30987608366138,0.22811867477977898
replica,370,C11,723.6338917616508,0.0007236338917616509,72363.38917616509,103.37373449608928,0.2919770872076839
replica,371,C11,868.696379070651,0.000868696379070651,86869.6379070651,102.84214893248321,-0.2396084763983879
replica,372,C11,732.6907128542257,0.0007326907128542257,73269.07128542257,103.19940491593204,0.11764750705043525
replica,373,C11,795.6006157247663,0.0007956006157247662,79560.06157247662,102.97861083018141,-0.10314657870019062
replica,374,C11,782.7767555941864,0.0007827767555941864,78277.67555941864,103.08645798209218,0.00470057321058448
replica,375,C11,901.901967205448,0.0009019019672054481,90190.1967205448,102.9044336378733,-0.17732377100830377
replica,376,C11,795.5423920097157,0.0007955423920097157,79554.23920097157,103.12203523262487,0.04027782374326705
replica,377,C11,773.816926480814,0.000773816926480814,77381.6926480814,103.05310821469007,-0.028649194191530114
replica,378,C11,789.7493460671787,0.0007897493460671788,78974.93460671787,103.27093644949278,0.18917904061117952
replica,379,C11,757.980798901141,0.000757980798901141,75798.07989011411,103.18728270158302,0.1055252927014152
replica,380,C11,763.3150384222597,0.0007633150384222597,76331.50384222597,103.3839431804954,0.302185771613793
replica,381,C11,953.6098389081222,0.0009536098389081222,95360.98389081222,102.69760616455862,-0.38415124432297887
replica,382,C11,759.9969304076627,0.0007599969304076627,75999.69304076627,103.32753579256058,0.24577838367898153
replica,383,C11,754.4720867393194,0.0007544720867393193,75447.20867393193,103.43435307659584,0.35259566771424034
replica,384,C11,812.4317997331152,0.0008124317997331152,81243.17997331152,102.9775273599464,-0.10423004893520726
replica,385,C11,867.1545217580194,0.0008671545217580195,86715.45217580194,102.92486819363214,-0.1568892152494641
replica,386,C11,810.784733136142,0.000810784733136142,81078.4733136142,103.2410177695882,0.15926036070659677
replica,387,C11,744.9201665370254,0.0007449201665370253,74492.01665370254,103.25049346411474,0.16873605523313984
replica,388,C11,760.5349478788527,0.0007605349478788527,76053.49478788527,103.24307422844636,0.1613168195647603
replica,389,C11,841.3963366528471,0.0008413963366528471,84139.63366528471,103.05452942711666,-0.02722798176493768
replica,390,C11,881.386179698029,0.000881386179698029,88138.6179698029,103.00315072538565,-0.07860668349594846
replica,391,C11,832.0155017519044,0.0008320155017519043,83201.55017519044,103.0305645648315,-0.0511928440501066
replica,392,C11,807.8463250352133,0.0008078463250352133,80784.63250352134,103.12177325508915,0.040015846207552386
replica,393,C11,803.5213603687338,0.0008035213603687337,80352.13603687337,103.07971196021045,-0.002045448671154304
replica,394,C11,772.6152004212993,0.0007726152004212993,77261.52004212992,103.24159700808666,0.15983959920505697
replica,395,C11,815.7732532647456,0.0008157732532647455,81577.32532647456,103.16349381457391,0.08173640569231111
replica,396,C11,895.6320764292952,0.0008956320764292952,89563.20764292953,102.89357233889513,-0.18818506998647422
replica,397,C11,782.3980002753575,0.0007823980002753575,78239.80002753575,103.25024877290807,0.16849136402646536
replica,398,C11,828.5705641233056,0.0008285705641233056,82857.05641233057,103.03244742925413,-0.049309979627466305
replica,399,C11,780.0663786971342,0.0007800663786971341,78006.63786971342,103.1418497015826,0.06009229270100036
replica,400,C11,839.4845977718769,0.0008394845977718769,83948.45977718769,103.17854342169228,0.09678601281068211
replica,401,C11,773.2476481546257,0.0007732476481546257,77324.76481546256,103.24837912277718,0.16662171389558011
replica,402,C11,899.4836337707383,0.0008994836337707382,89948.36337707382,102.88632701563893,-0.19543039324267397
replica,403,C11,858.9920333652071,0.0008589920333652071,85899.20333652072,102.95506134998776,-0.12669605889384172
replica,404,C11,804.3841425232484,0.0008043841425232484,80438.41425232484,103.0659686978977,-0.015788710983898113
replica,405,C11,927.6542992538297,0.0009276542992538297,92765.42992538297,102.70266375262587,-0.37909365625573344
replica,406,C11,824.7847048580684,0.0008247847048580684,82478.47048580684,103.05572437627659,-0.026033032605013773
replica,407,C11,825.3771617235545,0.0008253771617235545,82537.71617235545,103.04364603017123,-0.038111378710368626
replica,408,C11,880.6837922042953,0.0008806837922042953,88068.37922042953,103.05941843500176,-0.022338973879840296
replica,409,C11,810.3241102149663,0.0008103241102149662,81032.41102149662,102.78724667024295,-0.2945107386386496
replica,410,C11,859.7185260065121,0.0008597185260065121,85971.85260065121,102.94295453147146,-0.13880287741014286
replica,411,C11,720.8421956248471,0.0007208421956248471,72084.21956248471,103.25306212600566,0.17130471712405893
replica,412,C11,834.4508016979771,0.0008344508016979771,83445.08016979771,103.13141850171345,0.0496610928318546
replica,413,C11,819.4992442187256,0.0008194992442187257,81949.92442187257,102.98971698044758,-0.09204042843401794
replica,414,C11,821.8393289337079,0.0008218393289337078,82183.93289337079,102.98581206325338,-0.09594534562822332
replica,415,C11,824.5399831283078,0.0008245399831283077,82453.99831283078,103.07859326520501,-0.0031641436765852404
replica,416,C11,814.1939689262251,0.0008141939689262251,81419.3968926225,102.98454615660822,-0.09721125227338234
replica,417,C11,699.2793361719387,0.0006992793361719386,69927.93361719386,103.51041390782048,0.4286564989388779
replica,418,C11,880.3218347003469,0.0008803218347003469,88032.1834700347,103.0384904747046,-0.043266934176998006
replica,419,C11,756.4649750623032,0.0007564649750623032,75646.49750623031,103.00831998695332,-0.07343742192827563
replica,420,C11,737.3594790811842,0.0007373594790811842,73735.94790811841,103.17009092781056,0.08833351892896246
replica,421,C11,814.0285788978792,0.0008140285788978792,81402.85788978792,103.13753942079494,0.05578201191333676
replica,422,C11,772.3970516169256,0.0007723970516169257,77239.70516169256,103.05767051761599,-0.024086891265611143
replica,423,C11,834.3105487443147,0.0008343105487443147,83431.05487443147,102.99780458091765,-0.0839528279639552
replica,424,C11,832.0010844355531,0.0008320010844355531,83200.1084435553,102.96113824678595,-0.12061916209565027
replica,425,C11,769.1875965519145,0.0007691875965519145,76918.75965519145,103.0967010841327,0.014943675251103627
replica,426,C11,741.1967241674345,0.0007411967241674344,74119.67241674344,103.24263076027617,0.16087335139457082
replica,427,C11,765.4086332444779,0.0007654086332444779,76540.86332444778,103.30998536811796,0.22822795923636363
replica,428,C11,722.4737734870843,0.0007224737734870842,72247.37734870843,103.42068236619144,0.3389249573098425
replica,429,C11,760.9346791575127,0.0007609346791575128,76093.46791575127,103.18009621840469,0.09833880952308505
replica,430,C11,910.3903054444925,0.0009103903054444925,91039.03054444924,102.75468820119477,-0.3270692076868329
replica,431,C11,714.0344278304341,0.0007140344278304341,71403.4427830434,103.38220419394199,0.30044678506038736
replica,432,C11,696.5446188829469,0.000696544618882947,69654.4618882947,103.44083923411502,0.35908182523341736
replica,433,C11,808.6351535719972,0.0008086351535719972,80863.51535719972,103.12696638018897,0.04520897130737467
replica,434,C11,900.5461252364585,0.0009005461252364585,90054.61252364585,103.0883761896529,0.006618780771304955
replica,435,C11,767.6180329432814,0.0007676180329432814,76761.80329432814,103.11784074378714,0.036083334905541165
replica,436,C11,780.0200145334019,0.0007800200145334019,78002.00145334018,103.19004277858313,0.1082853697015338
replica,437,C11,823.4978898054269,0.0008234978898054269,82349.78898054268,103.08237799139309,0.0006205825114875552
replica,438,C11,904.0391070654164,0.0009040391070654164,90403.91070654163,102.86567176303885,-0.21608564584275314
replica,439,C11,936.3743525024122,0.0009363743525024122,93637.43525024122,102.68344706746875,-0.39831034141285215
replica,440,C11,753.6592549750419,0.0007536592549750419,75365.92549750418,103.18260615042861,0.1008487415470114
replica,441,C11,747.572775789552,0.000747572775789552,74757.2775789552,103.32128928881434,0.23953187993274128
replica,442,C11,734.128554550706,0.0007341285545507059,73412.8554550706,103.31672831806223,0.2349709091806318
replica,443,C11,848.4146093708621,0.0008484146093708621,84841.4609370862,102.9567498056233,-0.12500760325829674
replica,444,C11,812.3940298838323,0.0008123940298838323,81239.40298838323,103.2598045243632,0.17804711548160412
replica,445,C11,892.9685180466142,0.0008929685180466142,89296.85180466142,102.9675650786441,-0.11419233023750053
replica,446,C11,735.0235262134595,0.0007350235262134595,73502.35262134594,103.14972484293865,0.06796743405705286
replica,447,C11,819.5217026074163,0.0008195217026074163,81952.17026074162,102.97470110085241,-0.1070563080291862
replica,448,C11,782.5232541886478,0.0007825232541886478,78252.32541886478,103.23838608060893,0.15662867172733286
replica,449,C11,698.3364527178844,0.0006983364527178844,69833.64527178844,103.38692847915252,0.30517107027091583
replica,450,C11,751.993205862658,0.000751993205862658,75199.32058626579,103.31957363360326,0.2378162247216551
replica,451,C11,863.7517050295281,0.0008637517050295281,86375.17050295281,103.01066216904394,-0.07109523983766053
replica,452,C11,835.435934096073,0.000835435934096073,83543.59340960729,103.11690018667912,0.03514277779751751
replica,453,C11,869.8804379302901,0.0008698804379302901,86988.043793029,103.10990543983549,0.028148030953886405
replica,454,C11,831.8980135415866,0.0008318980135415865,83189.80135415866,102.84509802423985,-0.2366593846417544
replica,455,C11,777.034122570195,0.000777034122570195,77703.4122570195,102.98841703106098,-0.0933403778206241
replica,456,C11,820.9903119591515,0.0008209903119591515,82099.03119591516,103.09790936954485,0.016151960663250975
replica,457,C11,807.0063045998619,0.0008070063045998619,80700.63045998619,103.0314336293419,-0.05032377953969558
replica,458,C11,907.2662154670884,0.0009072662154670884,90726.62154670883,102.68610386754317,-0.395653541338433
replica,459,C11,848.3001879593157,0.0008483001879593157,84830.01879593157,103.13599950443286,0.054242095551259695
replica,460,C11,845.5660521814782,0.0008455660521814782,84556.60521814782,103.03692577599028,-0.04483163289131653
replica,461,C11,898.7170997032281,0.000898717099703228,89871.7099703228,102.81023085987722,-0.27152654900437767
replica,462,C11,812.7105784776224,0.0008127105784776225,81271.05784776225,103.07096061311053,-0.010796795771071288
replica,463,C11,865.0003340356261,0.0008650003340356261,86500.03340356261,102.65485456784111,-0.42690284104048715
replica,464,C11,813.3452901453547,0.0008133452901453547,81334.52901453547,103.05137508023248,-0.030382328649125157
replica,465,C11,789.5148492448457,0.0007895148492448456,78951.48492448457,103.1519982703828,0.07024086150120468
replica,466,C11,723.5789594636863,0.0007235789594636862,72357.89594636862,103.28324194606688,0.20148453718528003
replica,467,C11,690.5713051189377,0.0006905713051189378,69057.13051189377,103.38113340392998,0.2993759950483792
replica,468,C11,882.5923358757309,0.0008825923358757308,88259.2335875731,102.82598847483341,-0.25576893404819145
replica,469,C11,790.0297472758007,0.0007900297472758006,79002.97472758006,102.93699952790537,-0.1447578809762291
replica,470,C11,864.7114597934421,0.0008647114597934421,86471.14597934422,102.70596127531772,-0.3757961335638811
replica,471,C11,926.9168068728936,0.0009269168068728937,92691.68068728936,102.88452313711785,-0.19723427176374742
replica,472,C11,721.4413127058956,0.0007214413127058956,72144.13127058955,103.19610629453513,0.11434888565352708
replica,473,C11,784.9906551964982,0.0007849906551964982,78499.06551964983,103.2271154556897,0.1453580468080986
replica,474,C11,782.270474958792,0.000782270474958792,78227.04749587919,103.07674697957727,-0.005010429304334707
replica,475,C11,829.9707567263042,0.0008299707567263042,82997.07567263042,103.08736327565641,0.005605866774814672
replica,476,C11,734.6335183362166,0.0007346335183362167,73463.35183362167,103.31765171860965,0.23589430972805303
replica,477,C11,792.4749224866771,0.000792474922486677,79247.49224866771,103.09426194912788,0.012504540246283113
replica,478,C11,765.1309828171065,0.0007651309828171065,76513.09828171066,103.15435278143686,0.07259537255525572
replica,479,C11,677.6381991338638,0.0006776381991338639,67763.81991338638,103.40127306206921,0.319515653187608
replica,480,C11,687.4141085284112,0.0006874141085284112,68741.41085284112,103.36224722741815,0.28048981853655164
replica,481,C11,848.4036509600378,0.0008484036509600378,84840.36509600378,103.02489534666434,-0.05686206221726309
replica,482,C11,899.4547584145624,0.0008994547584145624,89945.47584145624,102.85429286685903,-0.22746454202257382
replica,483,C11,756.5119550455695,0.0007565119550455695,75651.19550455695,103.33006967287041,0.248312263988808
replica,484,C11,738.2154819154459,0.0007382154819154459,73821.54819154459,103.23923604029031,0.15747863140870777
replica,485,C11,879.7390640134337,0.0008797390640134337,87973.90640134337,102.88212782900052,-0.19962957988107632
replica,486,C11,878.5334386082707,0.0008785334386082707,87853.34386082707,102.79260623332944,-0.2891511755521634
replica,487,C11,716.2385610248218,0.0007162385610248218,71623.85610248218,103.30662561351632,0.22486820463471702
replica,488,C11,956.259723310303,0.000956259723310303,95625.9723310303,102.95691615408515,-0.12484125479645058
replica,489,C11,823.8728289176906,0.0008238728289176907,82387.28289176906,103.08942151984743,0.00766411096583397
replica,490,C11,827.7741355167396,0.0008277741355167396,82777.41355167396,102.8997596236454,-0.1819977852362058
replica,491,C11,762.0868189143623,0.0007620868189143624,76208.68189143622,103.25502693472053,0.17326952583893274
replica,492,C11,809.522578720543,0.0008095225787205431,80952.2578720543,103.26968096631032,0.1879235574287179
replica,493,C11,821.1378381005732,0.0008211378381005732,82113.78381005731,103.27115031632705,0.1893929074454519
replica,494,C11,663.9659706766143,0.0006639659706766144,66396.59706766144,103.54557882147729,0.4638214125956921
replica,495,C11,866.1439544806753,0.0008661439544806754,86614.39544806753,103.0581518432062,-0.02360556567539618
replica,496,C11,983.5554315786183,0.0009835554315786182,98355.54315786183,102.57226569368257,-0.509491715199033
replica,497,C11,785.932499859049,0.000785932499859049,78593.2499859049,103.11533637689556,0.033578968013955546
replica,498,C11,680.7350946846466,0.0006807350946846465,68073.50946846466,103.45802192681992,0.37626451793832416
replica,499,C11,688.0937629822528,0.0006880937629822528,68809.37629822528,103.40044186489254,0.3186844560109421
replica,500,C11,822.4858004484445,0.0008224858004484445,82248.58004484445,103.14917605878057,0.0674186498989684
replica,501,C11,822.6269062728888,0.0008226269062728889,82262.69062728889,102.91638177196525,-0.1653756369163517
replica,502,C11,879.4311870985407,0.0008794311870985407,87943.11870985407,103.00703928925017,-0.07471811963142727
replica,503,C11,791.5384682144465,0.0007915384682144465,79153.84682144465,103.03270040126195,-0.04905700761965193
replica,504,C11,821.9495837900695,0.0008219495837900694,82194.95837900694,103.18774572431393,0.10598831543232734
replica,505,C11,917.538893667656,0.000917538893667656,91753.8893667656,102.68365021992334,-0.3981071889582637
replica,506,C11,925.3366309940639,0.0009253366309940639,92533.66309940639,102.66363227242941,-0.41812513645218985
replica,507,C11,827.4466137807068,0.0008274466137807068,82744.66137807068,103.05973204857902,-0.02202536030257818
replica,508,C11,850.1256181844624,0.0008501256181844624,85012.56181844624,102.77594750806496,-0.30580990081664083
replica,509,C11,769.0351753050595,0.0007690351753050595,76903.51753050595,103.228398605072,0.1466411961904015
replica,510,C11,895.6870976219192,0.0008956870976219192,89568.70976219191,102.86127948109564,-0.2204779277859643
replica,511,C11,784.4886108467094,0.0007844886108467094,78448.86108467095,103.19991105887134,0.11815364998973621
replica,512,C11,881.1550065021406,0.0008811550065021406,88115.50065021406,102.70962981246845,-0.37212759641315074
replica,513,C11,859.152399041289,0.0008591523990412889,85915.23990412889,102.8052275150512,-0.27652989383039994
replica,514,C11,778.2108097301721,0.000778210809730172,77821.0809730172,103.11073066707968,0.02897325819807861
replica,515,C11,852.5688511546175,0.0008525688511546175,85256.88511546174,102.97620837949358,-0.10554902938801547
replica,516,C11,878.0201366256451,0.0008780201366256451,87802.01366256451,102.87074420240374,-0.21101320647785826
replica,517,C11,867.783429283115,0.0008677834292831149,86778.3429283115,102.85178557290064,-0.22997183598096171
replica,518,C11,744.9834898075821,0.0007449834898075821,74498.34898075821,103.17977649639991,0.09801908751830979
replica,519,C11,758.979339589309,0.000758979339589309,75897.9339589309,103.21328728839475,0.13152987951315254
replica,520,C11,766.4990618516067,0.0007664990618516068,76649.90618516067,103.07804725899781,-0.0037101498837870395
replica,521,C11,819.0061067040857,0.0008190061067040857,81900.61067040857,103.13469812411903,0.05294071523742616
replica,522,C11,896.7419258456639,0.0008967419258456639,89674.1925845664,103.04521658434086,-0.036540824540736594
replica,523,C11,817.9575748979769,0.0008179575748979769,81795.75748979769,103.05347360440813,-0.02828380447347456
replica,524,C11,916.1497831375751,0.0009161497831375751,91614.97831375751,102.87927082956504,-0.202486579316556
replica,525,C11,901.8555931995672,0.0009018555931995673,90185.55931995672,102.74433365632406,-0.337423752557541
replica,526,C11,767.635330482923,0.000767635330482923,76763.5330482923,103.26491985394068,0.1831624450590823
replica,527,C11,870.2140585255745,0.0008702140585255745,87021.40585255745,102.81420416040528,-0.2675532484763181
replica,528,C11,968.8277741067534,0.0009688277741067534,96882.77741067533,102.734226439297,-0.3475309695845965
replica,529,C11,821.3050248990892,0.0008213050248990891,82130.50248990892,103.10248149835499,0.020724089473389995
replica,530,C11,998.7911538505431,0.0009987911538505432,99879.1153850543,102.81047101112132,-0.27128639776027796
replica,531,C11,843.5080808583571,0.0008435080808583571,84350.8080858357,102.88003585396235,-0.2017215549192457
replica,532,C11,709.622002961069,0.000709622002961069,70962.20029610691,103.35816099778756,0.27640358890596417
replica,533,C11,913.6753005765337,0.0009136753005765337,91367.53005765336,102.86917431090812,-0.21258309797347863
replica,534,C11,707.5786372119801,0.0007075786372119801,70757.86372119801,103.41155925948755,0.32980185060594636
replica,535,C11,857.2269800866569,0.0008572269800866569,85722.69800866568,102.62664220824021,-0.4551152006413872
replica,536,C11,817.2562813021393,0.0008172562813021393,81725.62813021393,103.00528498029931,-0.0764724285822922
replica,537,C11,833.9025762213004,0.0008339025762213004,83390.25762213004,102.97261852628714,-0.1091388825944648
replica,538,C11,886.6069201156613,0.0008866069201156612,88660.69201156613,102.78955625436106,-0.29220115452054074
replica,539,C11,974.1837986314215,0.0009741837986314215,97418.37986314215,102.60454142977142,-0.4772159791101842
replica,540,C11,871.3373582118868,0.0008713373582118868,87133.73582118867,102.92490694444407,-0.15685046443752526
replica,541,C11,835.6937962845277,0.0008356937962845277,83569.37962845276,103.21316509427733,0.1314076853957289
replica,542,C11,732.9317952365622,0.0007329317952365622,73293.17952365622,103.21021530445152,0.12845789556992315
replica,543,C11,733.3607199874978,0.0007333607199874977,73336.07199874977,103.33028874572223,0.24853133684062811
replica,544,C11,697.2853695249594,0.0006972853695249594,69728.53695249594,103.26862339392872,0.18686598504712038
replica,545,C11,855.818996801991,0.000855818996801991,85581.8996801991,102.89394932693274,-0.18780808194885878
replica,546,C11,862.1225681991432,0.0008621225681991432,86212.25681991431,102.79598273619813,-0.28577467268347334
replica,547,C11,950.1894897993349,0.0009501894897993348,95018.94897993348,102.72808314856474,-0.3536742603168648
replica,548,C11,852.9546735713843,0.0008529546735713843,85295.46735713843,103.07469876687549,-0.007058642006114724
replica,549,C11,770.9611566856685,0.0007709611566856685,77096.11566856684,103.25368912097535,0.1719317120937518
replica,550,C11,764.6225421282649,0.0007646225421282649,76462.25421282649,103.15065569260156,0.06889828371996032
replica,551,C11,812.9598305054328,0.0008129598305054328,81295.98305054328,103.08988758296064,0.008130174079042263
replica,552,C11,790.8232395503755,0.0007908232395503756,79082.32395503756,103.04426915859547,-0.03748825028613112
replica,553,C11,951.3451008092225,0.0009513451008092224,95134.51008092225,102.55331164143654,-0.5284457674450636
replica,554,C11,841.8853678243117,0.0008418853678243117,84188.53678243117,103.02710200114296,-0.054655407738636086
replica,555,C11,717.1267878518988,0.0007171267878518989,71712.67878518988,103.35071704233505,0.26895963345344853
replica,556,C11,867.7314057461203,0.0008677314057461204,86773.14057461203,102.92955627591348,-0.15220113296811633
replica,557,C11,785.1316395647445,0.0007851316395647446,78513.16395647445,103.26071919598732,0.1789617871057203
replica,558,C11,792.9883076386873,0.0007929883076386873,79298.83076386873,103.24106186796106,0.15930445907946478
replica,559,C11,846.3561355333782,0.0008463561355333782,84635.61355333781,102.94464165559886,-0.1371157532827425
replica,560,C11,752.8249285937361,0.0007528249285937361,75282.49285937361,103.06428317935466,-0.017474229526939666
replica,561,C11,880.1229106493054,0.0008801229106493054,88012.29106493054,103.01059503240755,-0.07116237647404944
replica,562,C11,855.9433284993822,0.0008559433284993823,85594.33284993822,102.9880500859048,-0.09370732297679751
replica,563,C11,903.2989031607825,0.0009032989031607826,90329.89031607825,102.9441039288377,-0.13765348004389466
replica,564,C11,793.4782107589886,0.0007934782107589885,79347.82107589886,103.08942267095422,0.007665262072620749
replica,565,C11,766.6611590942223,0.0007666611590942222,76666.11590942222,103.23296539438326,0.1512079855016566
replica,566,C11,829.1825360891412,0.0008291825360891412,82918.25360891412,102.8770399137583,-0.20471749512330462
replica,567,C11,770.797804561156,0.000770797804561156,77079.7804561156,103.19862132177153,0.11686391288992581
replica,568,C11,940.2487317466934,0.0009402487317466934,94024.87317466934,102.59452763500562,-0.4872297738759812
replica,569,C11,808.310010710804,0.000808310010710804,80831.0010710804,102.91759104160373,-0.16416636727787193
replica,570,C11,774.7482460953348,0.0007747482460953348,77474.82460953348,103.21662147337102,0.13486406448942034
replica,571,C11,757.482062249539,0.000757482062249539,75748.2062249539,103.27863639573116,0.19687898684955485
replica,572,C11,704.5159962880035,0.0007045159962880036,70451.59962880035,103.34196446965649,0.26020706077488853
replica,573,C11,890.7669610842504,0.0008907669610842504,89076.69610842504,102.96438082980467,-0.11737657907693233
replica,574,C11,888.667109072004,0.000888667109072004,88866.7109072004,102.91324178848458,-0.16851562039701662
replica,575,C11,992.7433987731677,0.0009927433987731676,99274.33987731676,102.64962979076918,-0.4321276181124176
replica,576,C11,886.9176369019755,0.0008869176369019755,88691.76369019755,102.6566041783834,-0.4251532304981964
replica,577,C11,768.2372767349605,0.0007682372767349604,76823.72767349605,103.08519478037354,0.0034373714919411213
replica,578,C11,663.0025512995437,0.0006630025512995437,66300.25512995437,103.33977550634287,0.25801809746127446
replica,579,C11,698.2322770532594,0.0006982322770532594,69823.22770532593,103.3315695072683,0.24981209838669827
replica,580,C11,842.7178359889778,0.0008427178359889778,84271.78359889777,103.04210274047578,-0.03965466840581655
replica,581,C11,795.2215847147983,0.0007952215847147983,79522.15847147982,103.16804967890889,0.08629227002728612
replica,582,C11,828.1015199599751,0.0008281015199599752,82810.15199599751,103.04865868496461,-0.03309872391699287
replica,583,C11,779.0000606056796,0.0007790000606056795,77900.00606056795,103.13991401028514,0.05815660140353884
replica,584,C11,792.3638369167882,0.0007923638369167882,79236.38369167881,102.96350305178885,-0.11825435709275212
replica,585,C11,853.7216097963224,0.0008537216097963224,85372.16097963223,102.98423821543403,-0.09751919344756743
replica,586,C11,802.1812608605351,0.0008021812608605351,80218.12608605351,103.18218883901454,0.10043143013294298
replica,587,C11,841.5744149879331,0.0008415744149879331,84157.44149879331,103.06255799278064,-0.01919941610096032
replica,588,C11,725.8657205672115,0.0007258657205672115,72586.57205672115,103.31177058979819,0.23001318091658618
replica,589,C11,726.6634258750746,0.0007266634258750746,72666.34258750746,103.4630022898665,0.3812448809848945
replica,590,C11,937.3545213578806,0.0009373545213578805,93735.45213578806,102.90182871483327,-0.17992869404832845
replica,591,C11,832.8451694972821,0.0008328451694972821,83284.5169497282,102.77686235158868,-0.3048950572929243
replica,592,C11,778.9486779844208,0.0007789486779844208,77894.86779844208,103.05491940945532,-0.026837999426277293
replica,593,C11,913.0491119721848,0.0009130491119721849,91304.91119721848,102.8725157404506,-0.20924166843100522
replica,594,C11,751.1726265911805,0.0007511726265911805,75117.26265911805,103.04203235460734,-0.03972505427425688
replica,595,C11,854.9901666107818,0.0008549901666107818,85499.01666107817,103.03784651738012,-0.04391089150148275
replica,596,C11,817.2784622459454,0.0008172784622459455,81727.84622459454,103.07627637273347,-0.005481036148125895
replica,597,C11,798.4125683573441,0.0007984125683573441,79841.2568357344,102.9366986832641,-0.14505872561750266
replica,598,C11,803.8635938446645,0.0008038635938446645,80386.35938446644,103.14031761808641,0.05856020920481342
replica,599,C11,818.0487059393995,0.0008180487059393995,81804.87059393995,103.0835273260784,0.0017699171967962002
replica,600,C11,831.2128429267705,0.0008312128429267705,83121.28429267704,103.15325285956835,0.07149545068675422
replica,601,C11,749.8005710232092,0.0007498005710232092,74980.05710232092,103.23584226116166,0.1540848522800644
replica,602,C11,708.6221464220221,0.0007086221464220221,70862.2146422022,103.46175525887111,0.3799978499895076
replica,603,C11,783.3956190179395,0.0007833956190179394,78339.56190179395,103.08716727856518,0.0054098696835751525
replica,604,C11,736.4660007119872,0.0007364660007119873,73646.60007119873,103.16439075125788,0.08263334237628328
replica,605,C11,763.7682510577697,0.0007637682510577697,76376.82510577697,103.21419083032723,0.13243342144562575
replica,606,C11,814.7597889940868,0.0008147597889940867,81475.97889940867,103.13144802773107,0.04969061884946768
replica,607,C11,809.3926564154824,0.0008093926564154824,80939.26564154823,103.09323637397625,0.011478965094653404
replica,608,C11,1008.831279525952,0.001008831279525952,100883.1279525952,102.57068000919523,-0.5110773996863713
replica,609,C11,807.9232355956183,0.0008079232355956183,80792.32355956183,102.97694841180557,-0.10480899707603442
replica,610,C11,757.0693187577622,0.0007570693187577621,75706.93187577622,103.12704525716913,0.04528784828752919
replica,611,C11,871.7406059757964,0.0008717406059757964,87174.06059757964,102.88469030263444,-0.19706710624716095
replica,612,C11,826.1323118758448,0.0008261323118758448,82613.23118758448,103.16564911130097,0.08389170241936483
replica,613,C11,775.6750627672515,0.0007756750627672514,77567.50627672515,103.18526091855601,0.10350350967441102
replica,614,C11,690.2230758537187,0.0006902230758537187,69022.30758537186,103.61150927655335,0.5297518676717488
replica,615,C11,732.2115237513237,0.0007322115237513238,73221.15237513237,103.26778039029949,0.1860229814178922
replica,616,C11,827.5338425432951,0.0008275338425432951,82753.38425432952,103.18370507084788,0.10194766196627825
replica,617,C11,864.109352847792,0.0008641093528477921,86410.9352847792,103.10949964935404,0.027742240472434787
replica,618,C11,811.1751130458972,0.0008111751130458972,81117.51130458972,103.05764391183098,-0.024113497050620936
replica,619,C11,751.3024974934497,0.0007513024974934497,75130.24974934496,103.19248059658679,0.11072318770519018
replica,620,C11,902.8751551700792,0.0009028751551700792,90287.51551700792,103.02117830810835,-0.06057910077325346
replica,621,C11,704.3544600779103,0.0007043544600779103,70435.44600779103,103.36912455143055,0.2873671425489448
replica,622,C11,741.8509931385739,0.0007418509931385739,74185.0993138574,103.33708052131972,0.2553231124381199
replica,623,C11,747.851275791909,0.000747851275791909,74785.1275791909,103.2943131992226,0.2125557903409998
replica,624,C11,753.0560350583416,0.0007530560350583416,75305.60350583417,103.25980232180424,0.17804491292264402
replica,625,C11,751.1578658826616,0.0007511578658826616,75115.78658826616,103.09381600405297,0.01205859517136787
replica,626,C11,786.7633894013743,0.0007867633894013743,78676.33894013743,102.94153266838102,-0.1402247405005852
replica,627,C11,767.1712615249634,0.0007671712615249633,76717.12615249633,103.3106073237723,0.22884991489070217
replica,628,C11,746.5412410838787,0.0007465412410838788,74654.12410838787,103.24061898269963,0.15886157381802946
replica,629,C11,853.7885083981528,0.0008537885083981528,85378.85083981528,103.07698339313856,-0.004774015743038262
replica,630,C11,876.1058901530274,0.0008761058901530274,87610.58901530274,102.90644032188727,-0.17531708699432613
replica,631,C11,843.5952230602952,0.0008435952230602952,84359.52230602952,102.89189686841499,-0.18986054046661138
replica,632,C11,816.4903276027087,0.0008164903276027088,81649.03276027087,103.24297604749087,0.16121863860927022
replica,633,C11,866.4398604120327,0.0008664398604120326,86643.98604120326,102.8547372454344,-0.2270201634471931
replica,634,C11,819.7505502658412,0.0008197505502658412,81975.05502658412,103.12127397342941,0.03951656454781016
replica,635,C11,793.685973798081,0.000793685973798081,79368.5973798081,103.25718823012664,0.17543082124504394
replica,636,C11,880.9683459697917,0.0008809683459697916,88096.83459697917,102.9367591156276,-0.14499829325400526
replica,637,C11,736.1047639814069,0.0007361047639814069,73610.47639814069,103.18388644734303,0.10212903846142751
replica,638,C11,819.0831249552717,0.0008190831249552717,81908.31249552718,103.03097400501551,-0.0507834038660917
replica,639,C11,850.8072969092723,0.0008508072969092723,85080.72969092723,103.18492453393652,0.10316712505492376
replica,640,C11,851.9471924614465,0.0008519471924614466,85194.71924614465,103.01072284944293,-0.07103455943867232
replica,641,C11,907.2098436006424,0.0009072098436006424,90720.98436006425,102.86058126958494,-0.22117613929665936
replica,642,C11,842.7175190760345,0.0008427175190760345,84271.75190760345,103.13824689491864,0.056489486037037295
replica,643,C11,873.8672175399698,0.0008738672175399698,87386.72175399699,103.03858513987707,-0.043172269004529085
replica,644,C11,788.3426322800585,0.0007883426322800585,78834.26322800585,103.13695419508228,0.05519678620068191
replica,645,C11,813.4276363042976,0.0008134276363042976,81342.76363042976,103.2330458630114,0.15128845412979786
replica,646,C11,754.5066302224063,0.0007545066302224063,75450.66302224064,103.06073106147126,-0.021026347410341373
replica,647,C11,857.1461917091597,0.0008571461917091597,85714.61917091596,103.02049968599846,-0.06125772288314124
replica,648,C11,798.3623326501418,0.0007983623326501418,79836.23326501418,103.13194617608832,0.05018876720671983
replica,649,C11,959.0964372706694,0.0009590964372706694,95909.64372706694,102.66378397990513,-0.4179734289764667
replica,650,C11,761.7109756791444,0.0007617109756791444,76171.09756791445,103.14883988982197,0.06708248094037117
replica,651,C11,844.5150260612703,0.0008445150260612703,84451.50260612703,102.88226522727952,-0.19949218160208204
replica,652,C11,876.8854949198026,0.0008768854949198026,87688.54949198026,102.8317095412019,-0.25004786767969733
replica,653,C11,897.7936382177028,0.0008977936382177028,89779.36382177028,102.70236833386264,-0.37938907501896324
replica,654,C11,740.2293487436125,0.0007402293487436125,74022.93487436125,103.30801086305765,0.22625345417604592
replica,655,C11,732.4120759487364,0.0007324120759487364,73241.20759487365,103.25452584380578,0.17276843492417981
replica,656,C11,788.1583082833208,0.0007881583082833208,78815.83082833208,103.11406625085317,0.032308841971570246
replica,657,C11,748.6176478142811,0.0007486176478142811,74861.76478142811,103.27522953745459,0.19347212857299212
replica,658,C11,954.5129148833136,0.0009545129148833136,95451.29148833135,102.81943913264861,-0.262318276232989
replica,659,C11,964.7620219545678,0.0009647620219545678,96476.20219545678,102.66885757745293,-0.4128998314286747
replica,660,C11,975.7599298750654,0.0009757599298750654,97575.99298750654,102.65444081758888,-0.4273165912927226
replica,661,C11,733.5123722567923,0.0007335123722567923,73351.23722567923,103.18690145153377,0.10514404265217081
replica,662,C11,861.293329698527,0.000861293329698527,86129.33296985271,102.9546079806284,-0.12714942825320463
replica,663,C11,760.8248200141234,0.0007608248200141233,76082.48200141234,103.1960168824846,0.11425947360299915
replica,664,C11,810.8761178403448,0.0008108761178403448,81087.61178403448,103.16273388338169,0.08097647450009049
replica,665,C11,648.6568108311532,0.0006486568108311531,64865.68108311531,103.40412318129545,0.32236577241384623
replica,666,C11,796.7952454912923,0.0007967952454912923,79679.52454912923,103.29223041895058,0.21047301006898067
replica,667,C11,829.9085501833442,0.0008299085501833443,82990.85501833442,102.95594680762882,-0.12581060125278043
replica,668,C11,699.4229116820635,0.0006994229116820635,69942.29116820634,103.3647304654015,0.2829730565198929
replica,669,C11,846.4580386945593,0.0008464580386945593,84645.80386945592,102.92744657648949,-0.15431083239211318
replica,670,C11,763.4202577028166,0.0007634202577028166,76342.02577028166,103.23872880682954,0.15697139794794168
replica,671,C11,845.5806113976901,0.00084558061139769,84558.06113976901,102.92950985785076,-0.15224755103083965
replica,672,C11,927.4316795693945,0.0009274316795693945,92743.16795693945,102.88567831284757,-0.19607909603402618
replica,673,C11,783.887582631596,0.000783887582631596,78388.7582631596,103.17050406350194,0.08874665462033704
replica,674,C11,899.9710495941376,0.0008999710495941377,89997.10495941376,102.89880863614799,-0.1829487727336101
replica,675,C11,823.8681146739507,0.0008238681146739507,82386.81146739506,103.140324355534,0.05856694665240525
replica,676,C11,843.0174802226041,0.0008430174802226041,84301.7480222604,102.91112438007126,-0.17063302881034303
replica,677,C11,820.8285306376393,0.0008208285306376393,82082.85306376393,102.92408791724606,-0.157669491635545
replica,678,C11,889.1743739961053,0.0008891743739961053,88917.43739961053,102.90169502503448,-0.18006238384711537
replica,679,C11,759.0585550538232,0.0007590585550538232,75905.85550538232,103.21158496959815,0.12982756071654933
replica,680,C11,824.9073997513274,0.0008249073997513274,82490.73997513273,103.00129348448628,-0.08046392439531758
replica,681,C11,772.7364839887193,0.0007727364839887193,77273.64839887193,103.00566013483977,-0.0760972740418282
replica,682,C11,883.360911947994,0.000883360911947994,88336.0911947994,103.02679326811659,-0.05496414076500855
replica,683,C11,785.9691615604037,0.0007859691615604037,78596.91615604036,103.22124187430283,0.1394844654212335
replica,684,C11,837.060583925105,0.000837060583925105,83706.0583925105,103.01585601425971,-0.06590139462188915
replica,685,C11,801.287010620987,0.000801287010620987,80128.7010620987,102.79222541385022,-0.28953199503138194
replica,686,C11,810.5409815129643,0.0008105409815129643,81054.09815129644,103.08432083962005,0.0025634307384478916
replica,687,C11,758.3955730009791,0.0007583955730009791,75839.5573000979,103.22272763838508,0.14097022950348048
replica,688,C11,839.5047008562976,0.0008395047008562976,83950.47008562976,102.92367800131731,-0.15807940756428707
replica,689,C11,913.5131990191012,0.0009135131990191012,91351.31990191012,102.70237403278028,-0.3793833761013161
replica,690,C11,720.6744080437943,0.0007206744080437943,72067.44080437942,103.49768809083018,0.4159306819485806
replica,691,C11,927.3184587604239,0.000927318458760424,92731.8458760424,102.83184873364546,-0.24990867523614213
replica,692,C11,821.6882093713721,0.000821688209371372,82168.8209371372,103.1340536806083,0.05229627172670348
replica,693,C11,842.1436183153376,0.0008421436183153376,84214.36183153375,103.0187168079582,-0.0630406009234008
replica,694,C11,765.3052153919776,0.0007653052153919777,76530.52153919777,103.34487715676624,0.26311974788464454
replica,695,C11,800.1212181530307,0.0008001212181530307,80012.12181530306,103.12445179891972,0.04269439003812181
replica,696,C11,824.7660083242403,0.0008247660083242403,82476.60083242402,103.0086792444286,-0.07307816445299409
replica,697,C11,726.4024414621927,0.0007264024414621927,72640.24414621927,103.37690632817207,0.2951489192904688
replica,698,C11,789.7446250734208,0.0007897446250734209,78974.46250734208,103.2173356553863,0.13557824650469286
replica,699,C11,813.8190147051396,0.0008138190147051396,81381.90147051396,103.10785326892575,0.02609586004415121
replica,700,C11,766.1233792312136,0.0007661233792312136,76612.33792312135,103.22379995412506,0.14204254524345572
replica,701,C11,857.8889282144587,0.0008578889282144586,85788.89282144587,102.90533959672682,-0.17641781215478147
replica,702,C11,828.2545718648995,0.0008282545718648995,82825.45718648995,103.10407499932478,0.022317590443179824
replica,703,C11,764.2860414900747,0.0007642860414900747,76428.60414900747,103.22191321857558,0.14015580969397945
replica,704,C11,923.9660843903833,0.0009239660843903834,92396.60843903833,102.97809003346455,-0.10366737541704651
replica,705,C11,777.5592844316329,0.0007775592844316329,77755.9284431633,103.19064226070172,0.10888485182012175
replica,706,C11,801.3753493856648,0.0008013753493856648,80137.53493856647,103.04432296508405,-0.0374344437975509
replica,707,C11,917.5915594621072,0.0009175915594621072,91759.15594621071,102.8654666609075,-0.21629074797409942
replica,708,C11,1013.8276884809687,0.0010138276884809688,101382.76884809686,102.76153300929137,-0.32022439959023075
replica,709,C11,746.1570177380684,0.0007461570177380684,74615.70177380684,103.18329080347795,0.1015333945963448
replica,710,C11,822.8609752558191,0.000822860975255819,82286.0975255819,103.13745312424251,0.05569571536091189
replica,711,C11,866.5381411698329,0.0008665381411698329,86653.81411698328,103.05280633907788,-0.02895106980372475
replica,712,C11,946.6334181813088,0.0009466334181813088,94663.34181813088,102.78139542441627,-0.3003619844653258
replica,713,C11,854.9956112098145,0.0008549956112098144,85499.56112098144,102.97813312291294,-0.1036242859686638
replica,714,C11,892.757720138469,0.000892757720138469,89275.7720138469,102.81926112289764,-0.262496285983957
replica,715,C11,812.7640315857914,0.0008127640315857914,81276.40315857914,102.99298601602672,-0.08877139285488056
replica,716,C11,786.5391258481884,0.0007865391258481884,78653.91258481884,103.05593829083783,-0.025819118043770573
replica,717,C11,794.7682604633067,0.0007947682604633067,79476.82604633067,103.14215433748198,0.06039692860038315
replica,718,C11,685.8476256013994,0.0006858476256013994,68584.76256013993,103.47787120694198,0.3961137980603837
replica,719,C11,802.7981639173933,0.0008027981639173933,80279.81639173932,103.03329812117921,-0.04845928770238572
replica,720,C11,749.3438346000788,0.0007493438346000788,74934.38346000788,103.3195993415211,0.2378419326394976
replica,721,C11,666.9169013035664,0.0006669169013035664,66691.69013035664,103.76640480899023,0.6846474001086307
replica,722,C11,833.9195869021855,0.0008339195869021855,83391.95869021855,103.04776777350811,-0.033989635373487204
replica,723,C11,944.6311386446896,0.0009446311386446896,94463.11386446896,102.91774158299972,-0.1640158258818758
replica,724,C11,929.1671645083607,0.0009291671645083607,92916.71645083606,102.60095178015096,-0.4808056287306357
replica,725,C11,740.279093313289,0.000740279093313289,74027.90933132889,103.2388194389129,0.15706203003129815
replica,726,C11,848.1670245274101,0.0008481670245274102,84816.70245274101,102.9012148755075,-0.1805425333740942
replica,727,C11,845.0087587880666,0.0008450087587880666,84500.87587880666,102.90451372419905,-0.17724368468255136
replica,728,C11,836.6930980464809,0.000836693098046481,83669.30980464809,103.10482255263327,0.023065143751665573
replica,729,C11,692.7747242251944,0.0006927747242251944,69277.47242251944,103.3155048421386,0.23374743325699399
replica,730,C11,836.2834451032681,0.0008362834451032681,83628.34451032682,103.0708364623865,-0.010920946495105
replica,731,C11,786.0134525282078,0.0007860134525282078,78601.34525282079,103.18103190020828,0.09927449132668187
replica,732,C11,723.0202742172976,0.0007230202742172976,72302.02742172976,103.36587534613845,0.28411793725685186
replica,733,C11,757.880694005064,0.000757880694005064,75788.0694005064,103.21664032247645,0.1348829135948506
replica,734,C11,769.0466811615486,0.0007690466811615486,76904.66811615486,103.25028736766765,0.1685299587860527
replica,735,C11,870.9563908682157,0.0008709563908682157,87095.63908682157,102.94628436908675,-0.13547303979484582
replica,736,C11,820.1246737348786,0.0008201246737348785,82012.46737348786,103.11999587662469,0.038238467743084925
replica,737,C11,759.4265887187456,0.0007594265887187456,75942.65887187456,103.19917207469378,0.11741466581217708
replica,738,C11,857.5283731426297,0.0008575283731426296,85752.83731426297,102.87928288573193,-0.20247452314967518
replica,739,C11,808.6753433326907,0.0008086753433326906,80867.53433326907,102.96006661678513,-0.12169079209647293
replica,740,C11,857.280917452377,0.0008572809174523771,85728.0917452377,102.91128644891451,-0.1704709599670906
replica,741,C11,881.016368798654,0.0008810163687986539,88101.6368798654,102.74813594373508,-0.33362146514652125
replica,742,C11,957.083941670569,0.000957083941670569,95708.39416705689,102.67753874938737,-0.40421865949423363
replica,743,C11,742.1034220777884,0.0007421034220777884,74210.34220777884,103.19442809213392,0.11267068325231833
replica,744,C11,750.1046691194249,0.0007501046691194249,75010.4669119425,103.17676470566141,0.09500729677981212
replica,745,C11,843.9132905466888,0.0008439132905466888,84391.32905466888,103.12753139878069,0.04577398989908943
replica,746,C11,798.4858863887133,0.0007984858863887133,79848.58863887133,103.04134044856511,-0.04041696031649167
replica,747,C11,726.0902675955591,0.0007260902675955591,72609.02675955591,103.42290301885879,0.3411456099771897
replica,748,C11,792.1784571496013,0.0007921784571496013,79217.84571496013,103.34087710627938,0.25911969739777874
replica,749,C11,861.1339706867923,0.0008611339706867923,86113.39706867923,103.02864095138631,-0.05311645749529248
replica,750,C11,985.2049232451005,0.0009852049232451005,98520.49232451005,102.43021286118287,-0.6515445476987338
replica,751,C11,925.0571839515014,0.0009250571839515015,92505.71839515014,102.80448908013328,-0.2772683287483204
replica,752,C11,829.8476457543928,0.0008298476457543929,82984.76457543929,102.88848355130045,-0.193273857581147
replica,753,C11,843.4755019132606,0.0008434755019132606,84347.55019132605,102.89182885520849,-0.1899285536731128
replica,754,C11,802.7381277606114,0.0008027381277606114,80273.81277606114,102.96064953524846,-0.12110787363313591
replica,755,C11,853.7479789493154,0.0008537479789493155,85374.79789493154,102.97216136350228,-0.10959604537931966
replica,756,C11,889.7861272520029,0.0008897861272520028,88978.61272520029,102.83466456679301,-0.24709284208859117
replica,757,C11,835.0130148204245,0.0008350130148204245,83501.30148204244,102.8237802740064,-0.2579771348752047
replica,758,C11,777.9848152330646,0.0007779848152330647,77798.48152330646,103.28606629358059,0.2043088846989889
replica,759,C11,707.3362653505528,0.0007073362653505529,70733.62653505529,103.34784602582204,0.2660886169404364
replica,760,C11,803.457920284948,0.000803457920284948,80345.7920284948,103.13558323069347,0.0538258218118699
replica,761,C11,814.7425887384678,0.0008147425887384678,81474.25887384677,102.834343977324,-0.24741343155760376
replica,762,C11,850.8410179670468,0.0008508410179670468,85084.10179670468,102.99729878367589,-0.08445862520571268
replica,763,C11,893.2708179786613,0.0008932708179786613,89327.08179786612,102.80911454982872,-0.27264285905287977
replica,764,C11,829.2387283961162,0.0008292387283961163,82923.87283961162,102.99924689564185,-0.08251051323975389
replica,765,C11,812.790998048881,0.0008127909980488809,81279.0998048881,103.08828407121301,0.0065266623314101935
replica,766,C11,688.1034605493597,0.0006881034605493597,68810.34605493597,103.29437467384683,0.2126172649652318
replica,767,C11,738.4632045661695,0.0007384632045661694,73846.32045661694,103.28536124711927,0.2036038382376688
replica,768,C11,691.9323825540821,0.0006919323825540821,69193.23825540821,103.28813915740609,0.20638174852449254
replica,769,C11,873.4969944805359,0.000873496994480536,87349.6994480536,103.05299302922451,-0.028764379657090444
replica,770,C11,841.5375726234913,0.0008415375726234913,84153.75726234913,102.84575063149924,-0.2360067773823573
replica,771,C11,850.8492522539054,0.0008508492522539055,85084.92522539054,103.153180416183,0.07142300730140505
replica,772,C11,768.7063308452053,0.0007687063308452054,76870.63308452054,103.27547849417184,0.19372108529023535
replica,773,C11,816.7633340556812,0.0008167633340556812,81676.33340556812,103.030431348388,-0.05132606049359367
replica,774,C11,835.4174754156217,0.0008354174754156217,83541.74754156216,102.89127079539925,-0.1904866134823493
replica,775,C11,799.6736660128355,0.0007996736660128355,79967.36660128355,103.24640200767475,0.16464459879314575
replica,776,C11,740.4151174159076,0.0007404151174159076,74041.51174159076,103.28690852012804,0.2051511112464368
replica,777,C11,723.4998128592194,0.0007234998128592194,72349.98128592194,103.31117999473213,0.22942258585052855
replica,778,C11,873.1725620776663,0.0008731725620776663,87317.25620776662,102.86042436609006,-0.2213330427915423
replica,779,C11,725.7945604018099,0.0007257945604018099,72579.45604018099,103.19036373283977,0.10860632395817049
replica,780,C11,727.4364773908126,0.0007274364773908126,72743.64773908125,103.26865301034962,0.18689560146802364
replica,781,C11,755.0404959485533,0.0007550404959485533,75504.04959485533,103.28339527797662,0.20163786909502335
replica,782,C11,786.967746800691,0.000786967746800691,78696.7746800691,103.05259925782926,-0.029158151052342873
replica,783,C11,827.3564637566399,0.0008273564637566399,82735.64637566399,103.00095147395935,-0.08080593492225319
replica,784,C11,852.7926943238417,0.0008527926943238417,85279.26943238417,103.03388176428,-0.04787564460160354
replica,785,C11,798.3969026264783,0.0007983969026264783,79839.69026264783,103.28666807282511,0.2049106639435081
replica,786,C11,897.9401353970709,0.0008979401353970709,89794.01353970708,102.9458299323122,-0.13592747656940674
replica,787,C11,725.2390026856006,0.0007252390026856006,72523.90026856006,103.34072077895115,0.2589633700695515
replica,788,C11,721.2728697676488,0.0007212728697676488,72127.28697676488,103.32179142986739,0.24003402098578874
replica,789,C11,824.9522928244476,0.0008249522928244475,82495.22928244475,102.9005225235156,-0.18123488536599552
replica,790,C11,768.440221095829,0.0007684402210958289,76844.02210958289,103.31964808891422,0.2378906800326206
replica,791,C11,808.987665008071,0.000808987665008071,80898.76650080709,103.23855303462129,0.15679562573969008
replica,792,C11,764.6706855113458,0.0007646706855113458,76467.06855113458,103.27863152005145,0.19687411116984777
replica,793,C11,828.6290892667865,0.0008286290892667866,82862.90892667865,103.12805513123752,0.04629772235591645
replica,794,C11,745.016489895934,0.000745016489895934,74501.64898959339,103.18853931365435,0.1067819047727454
replica,795,C11,848.184318721632,0.0008481843187216321,84818.4318721632,103.15687586670575,0.07511845782414639
replica,796,C11,789.0824225750115,0.0007890824225750115,78908.24225750114,103.07341087990643,-0.008346528975167189
replica,797,C11,716.0142095410622,0.0007160142095410622,71601.42095410622,103.22756959387821,0.14581218499661475
replica,798,C11,893.7495471257495,0.0008937495471257494,89374.95471257495,102.7149285808199,-0.36682882806169914
replica,799,C11,755.9484839503987,0.0007559484839503986,75594.84839503987,103.27545973305666,0.19370232417506372
replica,800,C11,766.7290586491101,0.0007667290586491102,76672.90586491101,103.3324776847248,0.250720275843193
replica,801,C11,796.5917078353597,0.0007965917078353597,79659.17078353597,103.10867755954838,0.02692015066678266
replica,802,C11,757.4352143707149,0.0007574352143707149,75743.52143707148,103.27627428649186,0.19451687761025482
replica,803,C11,747.3850211684936,0.0007473850211684936,74738.50211684935,103.24249881325171,0.16074140437011408
replica,804,C11,885.1178420548518,0.0008851178420548519,88511.78420548518,102.75527407291487,-0.32648333596672785
replica,805,C11,819.8806396976356,0.0008198806396976356,81988.06396976356,102.86549117937325,-0.21626622950834928
replica,806,C11,845.8502422071974,0.0008458502422071974,84585.02422071974,103.12126622049915,0.03950881161755149
replica,807,C11,708.6449138167096,0.0007086449138167096,70864.49138167096,103.25225493250375,0.17049752362214576
replica,808,C11,732.7088217601681,0.0007327088217601682,73270.8821760168,103.3094939857895,0.22773657690790117
replica,809,C11,869.6690835437266,0.0008696690835437266,86966.90835437266,102.97836053782605,-0.10339687105555129
replica,810,C11,920.7303780212885,0.0009207303780212886,92073.03780212885,102.8598632666357,-0.2218941422459011
replica,811,C11,811.6640815789174,0.0008116640815789174,81166.40815789174,103.27773406432709,0.1959766554454916
replica,812,C11,915.9958907026692,0.0009159958907026691,91599.58907026691,102.75059165202153,-0.33116575686007366
replica,813,C11,875.3227333176576,0.0008753227333176576,87532.27333176575,102.8864708625691,-0.1952865463125022
replica,814,C11,786.068038047382,0.000786068038047382,78606.8038047382,103.22177634744706,0.14001893856546133
replica,815,C11,882.7873838616799,0.00088278738386168,88278.73838616798,102.95801243206749,-0.12374497681410901
replica,816,C11,809.1041960729419,0.0008091041960729419,80910.41960729418,103.15776101670897,0.07600360782737425
replica,817,C11,858.6467692672145,0.0008586467692672145,85864.67692672145,102.88496971619593,-0.19678769268567464
replica,818,C11,913.329898922131,0.0009133298989221309,91332.9898922131,102.94761593508582,-0.13414147379577912
replica,819,C11,766.3973437003277,0.0007663973437003277,76639.73437003278,102.98275712163166,-0.09900028724993604
replica,820,C11,831.3459210222568,0.0008313459210222568,83134.59210222568,103.0270746736521,-0.0546827352295054
replica,821,C11,791.4433799603364,0.0007914433799603364,79144.33799603365,102.93456769383859,-0.14718971504301237
replica,822,C11,770.0501293110833,0.0007700501293110833,77005.01293110833,102.95859785867569,-0.12315955020591218
replica,823,C11,994.6658915739905,0.0009946658915739905,99466.58915739905,102.70818852091773,-0.3735688879638701
replica,824,C11,848.5593717425642,0.0008485593717425642,84855.93717425641,102.89337292447935,-0.18838448440224909
replica,825,C11,723.9813706255627,0.0007239813706255627,72398.13706255627,103.29165512216623,0.20989771328463291
replica,826,C11,775.0855089833242,0.0007750855089833241,77508.55089833241,103.25776126849296,0.176003859611356
replica,827,C11,788.5841119610834,0.0007885841119610834,78858.41119610834,103.24307604574717,0.16131863686557324
replica,828,C11,872.5662811228657,0.0008725662811228657,87256.62811228656,102.87561952255405,-0.2061378863275536
replica,829,C11,838.2547665573084,0.0008382547665573084,83825.47665573083,103.02236854991038,-0.05938885897121793
replica,830,C11,847.5524187269209,0.0008475524187269209,84755.24187269209,102.9384380590138,-0.14331934986779515
replica,831,C11,881.9249421822037,0.0008819249421822038,88192.49421822037,102.85088158142258,-0.23087582745901614
replica,832,C11,767.2087473895799,0.0007672087473895799,76720.874738958,103.18385017433364,0.10209276545204204
replica,833,C11,807.8008633983425,0.0008078008633983425,80780.08633983425,103.11883373792033,0.03707632903872593
replica,834,C11,816.5084714984877,0.0008165084714984877,81650.84714984876,103.06419953949704,-0.01755786938456083
replica,835,C11,870.0233779942198,0.0008700233779942198,87002.33779942198,103.03607240907661,-0.04568499980499041
replica,836,C11,730.6184702407168,0.0007306184702407167,73061.84702407167,103.32205284165653,0.24029543277492849
replica,837,C11,801.0860475890308,0.0008010860475890308,80108.60475890308,103.06468364539427,-0.017073763487331917
replica,838,C11,847.0302894303329,0.0008470302894303329,84703.02894303329,102.91418782962727,-0.1675695792543337
replica,839,C11,726.4215092870315,0.0007264215092870316,72642.15092870315,103.3390703162636,0.2573129073820013
replica,840,C11,797.499468433981,0.000797499468433981,79749.9468433981,103.19345813416554,0.1117007252839386
replica,841,C11,765.358300194754,0.000765358300194754,76535.8300194754,103.06184954551406,-0.019907863367535583
replica,842,C11,797.6537885733565,0.0007976537885733564,79765.37885733564,103.22415796151586,0.14240055263425688
replica,843,C11,792.3137241017876,0.0007923137241017875,79231.37241017875,103.12083615107919,0.03907874219758867
replica,844,C11,804.4278608454302,0.0008044278608454302,80442.78608454303,103.36634135255568,0.2845839436740789
replica,845,C11,867.7914382331896,0.0008677914382331897,86779.14382331897,102.84488839137576,-0.236869017505839
replica,846,C11,761.7130708426923,0.0007617130708426923,76171.30708426923,103.07806584139769,-0.003691567483912195
replica,847,C11,712.2437893568597,0.0007122437893568597,71224.37893568596,103.3057098097744,0.22395240089279866
replica,848,C11,882.4895913787839,0.0008824895913787839,88248.95913787838,102.92370593410028,-0.15805147478131687
replica,849,C11,763.3035177528454,0.0007633035177528455,76330.35177528454,103.30462483944154,0.22286743055994407
replica,850,C11,923.0811149168267,0.0009230811149168267,92308.11149168266,102.86480930459598,-0.2169481042856205
replica,851,C11,750.2682492455101,0.0007502682492455101,75026.82492455101,103.20844860832689,0.12669119944528973
replica,852,C11,750.8227635526694,0.0007508227635526694,75082.27635526693,103.35180288918419,0.2700454803025849
replica,853,C11,798.3103265455691,0.0007983103265455691,79831.03265455691,102.97496998148014,-0.10678742740145708
replica,854,C11,877.8544320642466,0.0008778544320642465,87785.44320642465,102.81104986863257,-0.27070754024903465
replica,855,C11,866.8935727422581,0.0008668935727422581,86689.35727422581,102.88851779844966,-0.19323961043194515
replica,856,C11,772.9222391175647,0.0007729222391175647,77292.22391175646,103.28974159266863,0.20798418378703332
replica,857,C11,863.6162759979627,0.0008636162759979627,86361.62759979627,102.94279151045222,-0.138965898429376
replica,858,C11,799.6565043873984,0.0007996565043873984,79965.65043873985,103.0283539687416,-0.05340344014000209
replica,859,C11,800.4603956158146,0.0008004603956158146,80046.03956158146,103.0064815470047,-0.0752758618769036
replica,860,C11,831.5040635503642,0.0008315040635503642,83150.40635503642,103.09325361606656,0.011496207184961804
replica,861,C11,801.6432389233132,0.0008016432389233132,80164.32389233132,103.18720515720962,0.10544774832801806
replica,862,C11,801.3405540231211,0.0008013405540231211,80134.05540231211,103.08625786770999,0.004500458828388787
replica,863,C11,744.0125212987439,0.0007440125212987439,74401.25212987438,103.23743638980268,0.15567898092108123
replica,864,C11,788.3495927707097,0.0007883495927707097,78834.95927707097,103.22910817492235,0.14735076604074493
replica,865,C11,802.2681729950302,0.0008022681729950303,80226.81729950302,102.96509968078344,-0.11665772809816133
replica,866,C11,928.466249229511,0.000928466249229511,92846.6249229511,103.04246002039983,-0.03929738848177067
replica,867,C11,781.7760290723363,0.0007817760290723363,78177.60290723362,103.07600309642972,-0.0057543124518844024
replica,868,C11,854.7352108996035,0.0008547352108996036,85473.52108996036,102.98409465491847,-0.09766275396313517
replica,869,C11,772.7190753437958,0.0007727190753437958,77271.90753437958,103.19633090613678,0.11457349725517929
replica,870,C11,838.0827067933527,0.0008380827067933527,83808.27067933527,103.0199479750484,-0.06180943383320425
replica,871,C11,830.6009745833251,0.0008306009745833251,83060.0974583325,103.13357328262731,0.05181587374570995
replica,872,C11,772.4721273420266,0.0007724721273420266,77247.21273420267,103.21205388456525,0.13029647568365021
replica,873,C11,786.2586475591027,0.0007862586475591027,78625.86475591027,103.09631209472941,0.01455468584781272
replica,874,C11,740.6701316566456,0.0007406701316566456,74067.01316566455,103.14456995969915,0.06281255081755432
replica,875,C11,829.6614590296767,0.0008296614590296768,82966.14590296768,102.86793135174518,-0.21382605713641567
replica,876,C11,764.6643662700355,0.0007646643662700355,76466.43662700355,103.17726610725123,0.09550869836962761
replica,877,C11,876.5988672577571,0.0008765988672577571,87659.88672577571,102.95953469513327,-0.12222271374832872
replica,878,C11,829.0012119342238,0.0008290012119342238,82900.12119342237,102.98662966238385,-0.09512774649775224
replica,879,C11,869.8746253414029,0.0008698746253414029,86987.46253414029,102.83692347139011,-0.2448339374914923
replica,880,C11,806.6993522550026,0.0008066993522550026,80669.93522550026,103.25822970793304,0.17647229905144002
replica,881,C11,807.9555428333068,0.0008079555428333068,80795.55428333068,102.833181031446,-0.24857637743559735
replica,882,C11,837.3717592526696,0.0008373717592526696,83737.17592526696,103.17597818633445,0.09422077745284696
replica,883,C11,942.9749889324936,0.0009429749889324936,94297.49889324936,102.67640912394654,-0.4053482849350587
replica,884,C11,722.4872629590213,0.0007224872629590214,72248.72629590213,103.4031066706358,0.3213492617541931
replica,885,C11,797.0403724485984,0.0007970403724485984,79704.03724485984,103.14285197467335,0.06109456579174832
replica,886,C11,769.2571548462333,0.0007692571548462334,76925.71548462333,103.27965241213943,0.19789500325782683
replica,887,C11,794.002105238212,0.0007940021052382121,79400.2105238212,103.07372244952707,-0.008034959354532134
replica,888,C11,752.3279534745795,0.0007523279534745796,75232.79534745796,103.15117834571173,0.06942093683012729
replica,889,C11,804.8659354297907,0.0008048659354297907,80486.59354297907,102.98580787108908,-0.0959495377925208
replica,890,C11,803.2184031350534,0.0008032184031350534,80321.84031350534,103.16726671140219,0.08550930252059175
replica,891,C11,795.4747296517766,0.0007954747296517765,79547.47296517766,103.0789215928429,-0.002835816038697203
replica,892,C11,888.4730936108774,0.0008884730936108774,88847.30936108774,102.95137796834214,-0.13037944053945694
replica,893,C11,876.0248916930882,0.0008760248916930882,87602.48916930881,102.7683917731626,-0.3133656357189949
replica,894,C11,872.7568083384009,0.0008727568083384009,87275.68083384009,102.89698204103314,-0.18477536784845938
replica,895,C11,757.6347473914466,0.0007576347473914466,75763.47473914466,103.32134970135765,0.23959229247604696
replica,896,C11,787.3610312432769,0.0007873610312432769,78736.10312432768,103.12639536209852,0.04463795321692032
replica,897,C11,944.1631295116869,0.0009441631295116869,94416.31295116869,102.68383375688961,-0.397923651991988
replica,898,C11,723.3539623231416,0.0007233539623231416,72335.39623231416,103.27258757541144,0.1908301665298353
replica,899,C11,895.7454753668673,0.0008957454753668673,89574.54753668672,102.85041818374833,-0.23133922513326866
replica,900,C11,864.6843572064306,0.0008646843572064306,86468.43572064306,102.9992464726293,-0.0825109362523051
replica,901,C11,749.3004124522378,0.0007493004124522378,74930.04124522378,103.23782843681404,0.1560710279324411
replica,902,C11,706.9505184216036,0.0007069505184216036,70695.05184216036,103.22815374827988,0.14639633939827945
replica,903,C11,887.2635125070244,0.0008872635125070245,88726.35125070244,102.85455352967325,-0.2272038792083464
replica,904,C11,841.1393000906362,0.0008411393000906362,84113.93000906362,103.1006590836974,0.018901674815793967
replica,905,C11,728.7935324254686,0.0007287935324254686,72879.35324254686,103.14722574939333,0.06546834051172823
replica,906,C11,889.5898431649738,0.0008895898431649738,88958.98431649737,102.77910200621633,-0.30265540266526614
replica,907,C11,769.1515255709149,0.000769151525570915,76915.1525570915,103.30245092166047,0.2206935127788654
replica,908,C11,763.9693791307975,0.0007639693791307975,76396.93791307975,103.23816317260398,0.15640576372237547
replica,909,C11,889.8079149162056,0.0008898079149162056,88980.79149162056,102.98716892505892,-0.09458848382267604
replica,910,C11,884.1849369607875,0.0008841849369607875,88418.49369607875,102.93921931604737,-0.14253809283422925
replica,911,C11,765.5178586475308,0.0007655178586475309,76551.78586475308,103.17155439883493,0.08979698995332797
replica,912,C11,919.712242162314,0.000919712242162314,91971.2242162314,102.6917725378266,-0.389984871055006
replica,913,C11,846.3189887264374,0.0008463189887264374,84631.89887264374,102.93944766040453,-0.142309748477075
replica,914,C11,785.066056130897,0.000785066056130897,78506.60561308969,103.02811368301087,-0.053643725870728076
replica,915,C11,805.1923516761688,0.0008051923516761688,80519.23516761688,103.2356015942264,0.15384418534479494
replica,916,C11,781.1870636514802,0.0007811870636514803,78118.70636514803,103.00607596668678,-0.07568144219482065
replica,917,C11,796.0517375556508,0.0007960517375556508,79605.17375556508,103.0919047439397,0.010147335058093176
replica,918,C11,877.2717610756188,0.0008772717610756188,87727.17610756187,102.93875114231236,-0.14300626656924464
replica,919,C11,812.9642918639473,0.0008129642918639473,81296.42918639473,103.26189186626097,0.18013445737936706
replica,920,C11,981.1517705107647,0.0009811517705107648,98115.17705107646,102.68200745007343,-0.3997499588081723
replica,921,C11,862.8155788233232,0.0008628155788233232,86281.55788233232,102.90161463649784,-0.18014277238376053
replica,922,C11,853.485171238807,0.000853485171238807,85348.5171238807,103.07699241812101,-0.004764990760591559
replica,923,C11,875.9452447019332,0.0008759452447019332,87594.52447019333,102.94433280321945,-0.13742460566214731
replica,924,C11,766.8291799588997,0.0007668291799588997,76682.91799588996,103.17958538073758,0.09782797185597758
replica,925,C11,815.6162646326832,0.0008156162646326832,81561.62646326832,103.10593540923867,0.024178000357068186
replica,926,C11,802.0820763108459,0.0008020820763108458,80208.20763108459,103.15002624747913,0.06826883859753252
replica,927,C11,756.9647013344825,0.0007569647013344825,75696.47013344825,103.26669651730137,0.18493910841976913
replica,928,C11,820.3826328947421,0.0008203826328947421,82038.26328947421,103.0557534947707,-0.02600391411090186
replica,929,C11,911.768751501364,0.000911768751501364,91176.8751501364,103.01659082911196,-0.06516657976963813
replica,930,C11,717.8734102074208,0.0007178734102074207,71787.34102074207,103.26507546334429,0.18331805446268845
replica,931,C11,806.6032341185562,0.0008066032341185562,80660.32341185561,103.20623314610579,0.12447573722418781
replica,932,C11,847.073802582963,0.000847073802582963,84707.3802582963,103.10719938816028,0.02544197927868197
replica,933,C11,835.3451980359766,0.0008353451980359766,83534.51980359766,103.09412884404291,0.012371435161313116
replica,934,C11,941.5926792198035,0.0009415926792198034,94159.26792198034,102.62581494947622,-0.45594245940537803
replica,935,C11,822.3307773294866,0.0008223307773294866,82233.07773294866,103.07282321307204,-0.008934195809558787
replica,936,C11,983.8006692092796,0.0009838006692092795,98380.06692092796,102.70235620205229,-0.3794012068293142
replica,937,C11,867.8624685694143,0.0008678624685694143,86786.24685694143,102.87265104693041,-0.2091063619511857
replica,938,C11,865.036098024228,0.000865036098024228,86503.6098024228,103.0081560951483,-0.07360131373330603
replica,939,C11,747.1924542328754,0.0007471924542328754,74719.24542328755,103.43908557745526,0.3573281685736589
replica,940,C11,733.7103224624856,0.0007337103224624856,73371.03224624855,103.26170342173462,0.1799460128530228
replica,941,C11,679.1830234360925,0.0006791830234360926,67918.30234360925,103.44447687342264,0.3627194645410441
replica,942,C11,842.1282188751617,0.0008421282188751616,84212.82188751617,102.93131277883876,-0.15044463004284125
replica,943,C11,821.4662858009484,0.0008214662858009484,82146.62858009484,103.01176826806335,-0.06998914081825092
replica,944,C11,688.729002818784,0.0006887290028187841,68872.9002818784,103.53976007173306,0.45800266285145597
replica,945,C11,852.5196898592827,0.0008525196898592827,85251.96898592827,102.98898495359258,-0.09277245528902256
replica,946,C11,684.8096058809836,0.0006848096058809836,68480.96058809836,103.59480165749027,0.513044248608665
replica,947,C11,758.764181763193,0.000758764181763193,75876.4181763193,103.2984814846488,0.21672407576720332
replica,948,C11,780.5649425906427,0.0007805649425906427,78056.49425906426,103.22689682445875,0.14513941557714816
replica,949,C11,838.6970170711784,0.0008386970170711784,83869.70170711784,103.00295684864547,-0.07880056023613236
replica,950,C11,814.433107929739,0.000814433107929739,81443.31079297389,103.02405729602677,-0.05770011285483179
replica,951,C11,1021.1069963224236,0.0010211069963224236,102110.69963224235,102.55920307435656,-0.5225543345250401
replica,952,C11,797.1159752783933,0.0007971159752783934,79711.59752783933,103.15330299140803,0.07154558252642573
replica,953,C11,847.734175189067,0.000847734175189067,84773.41751890669,102.86137986536646,-0.22037754351514138
replica,954,C11,804.8899199121845,0.0008048899199121844,80488.99199121844,103.16333989519174,0.08158248631013976
replica,955,C11,787.988014587484,0.000787988014587484,78798.8014587484,102.93002811896963,-0.15172928991196954
replica,956,C11,861.0678357522148,0.0008610678357522148,86106.78357522147,102.93645418213299,-0.1453032267486094
replica,957,C11,716.0174554498208,0.0007160174554498208,71601.74554498207,103.29509436385374,0.21333695497213512
replica,958,C11,833.9556132469048,0.0008339556132469048,83395.56132469048,102.91434955365406,-0.16740785522753754
replica,959,C11,827.1680218271647,0.0008271680218271647,82716.80218271646,103.03024884973054,-0.051508559151059785
replica,960,C11,1029.8713496893392,0.0010298713496893392,102987.13496893393,102.69428360637126,-0.3874738025103426
replica,961,C11,752.521861818468,0.000752521861818468,75252.1861818468,103.10527076023719,0.023513351355589407
replica,962,C11,774.4926249978105,0.0007744926249978104,77449.26249978105,103.16685725858099,0.08509984969938955
replica,963,C11,968.0071998467113,0.0009680071998467112,96800.71998467113,102.5904476128644,-0.49130979601720526
replica,964,C11,788.5695094291466,0.0007885695094291466,78856.95094291466,102.92977179839961,-0.15198561048198655
replica,965,C11,798.1372152435547,0.0007981372152435547,79813.72152435547,103.17222965374357,0.09047224486197081
replica,966,C11,895.3595468248076,0.0008953595468248076,89535.95468248076,102.82210298211616,-0.2596544267654366
replica,967,C11,872.7659995789979,0.000872765999578998,87276.59995789979,102.87513242805325,-0.20662498082835157
replica,968,C11,916.7378888117426,0.0009167378888117426,91673.78888117426,102.8342254453812,-0.24753196350040696
replica,969,C11,771.0256715370924,0.0007710256715370924,77102.56715370924,103.14549042441136,0.06373301552976329
replica,970,C11,827.5815226547834,0.0008275815226547834,82758.15226547833,103.15416274230178,0.07240533342017841
replica,971,C11,782.8488367482081,0.0007828488367482081,78284.88367482081,103.07668853046107,-0.005068878420530609
replica,972,C11,835.5389859671859,0.0008355389859671859,83553.89859671859,103.18140891982233,0.09965151094073121
replica,973,C11,802.9052933715286,0.0008029052933715286,80290.52933715285,102.98425973147435,-0.09749767740724735
replica,974,C11,736.2103448611272,0.0007362103448611271,73621.03448611271,103.29290345681214,0.2111460479305407
replica,975,C11,794.2151754104686,0.0007942151754104686,79421.51754104687,103.17460084983938,0.09284344095777897
replica,976,C11,827.2126115660183,0.0008272126115660182,82721.26115660183,102.81889006048081,-0.26286734840078907
replica,977,C11,847.9051256005768,0.0008479051256005767,84790.51256005767,102.99527115851303,-0.08648625036856572
replica,978,C11,745.7283260096053,0.0007457283260096054,74572.83260096054,103.28951271261258,0.20775530373097695
replica,979,C11,881.8775647418971,0.0008818775647418971,88187.75647418971,102.93083954176558,-0.1509178671160214
replica,980,C11,782.8596733734718,0.0007828596733734718,78285.96733734717,103.0233512597318,-0.058406149149803355
replica,981,C11,915.7550612561868,0.0009157550612561867,91575.50612561867,102.78003714574662,-0.3017202631349818
replica,982,C11,744.4003025646546,0.0007444003025646545,74440.03025646546,103.29409754619033,0.21234013730872903
replica,983,C11,853.7265307554097,0.0008537265307554097,85372.65307554098,103.03337450817432,-0.04838290070728135
replica,984,C11,771.2223177821139,0.0007712223177821139,77122.2317782114,103.17074076451276,0.08898335563115722
replica,985,C11,946.2998514579638,0.0009462998514579638,94629.98514579638,102.59853508039483,-0.48322232848677515
replica,986,C11,742.7465125606834,0.0007427465125606834,74274.65125606833,103.06498491450911,-0.016772494372489177
replica,987,C11,821.4411751105783,0.0008214411751105784,82144.11751105783,103.06587803171479,-0.015879377166811537
replica,988,C11,697.8125151718538,0.0006978125151718538,69781.25151718537,103.41222017497766,0.33046276609606196
replica,989,C11,951.1101525923689,0.0009511101525923689,95111.01525923688,102.83874323514353,-0.2430141737380751
replica,990,C11,781.6338984537433,0.0007816338984537433,78163.38984537433,103.05935558707866,-0.022401821802944255
replica,991,C11,922.9420230129059,0.0009229420230129059,92294.20230129058,102.80694057705189,-0.2748168318297104
replica,992,C11,834.8230203283521,0.0008348230203283521,83482.3020328352,103.14221222719856,0.06045481831695554
replica,993,C11,794.0051560166567,0.0007940051560166567,79400.51560166567,103.09402402186151,0.012266612979914271
replica,994,C11,681.7852935921593,0.0006817852935921593,68178.52935921593,103.42718267762405,0.3454252687424457
replica,995,C11,955.9090633332894,0.0009559090633332894,95590.90633332894,102.75076923485376,-0.3309881740278371
replica,996,C11,896.8405542007573,0.0008968405542007573,89684.05542007573,102.98949266979244,-0.09226473908915978
replica,997,C11,808.5224491186702,0.0008085224491186702,80852.24491186702,103.2873626850305,0.20560527614890134
replica,998,C11,876.8269298411608,0.0008768269298411608,87682.69298411607,102.75503667948334,-0.3267207293982608
replica,999,C11,923.6170908949966,0.0009236170908949967,92361.70908949967,102.94814578710944,-0.13361162177216102
nominal,,O15,1763.8608354317385,0.0017638608354317385,176386.08354317385,107.29811743817275,0.0
replica,0,O15,1607.315614789003,0.001607315614789003,160731.5614789003,107.28536102150998,-0.012756416662767833
replica,1,O15,1920.635100864246,0.001920635100864246,192063.5100864246,107.30255729839693,0.004439860224181302
replica,2,O15,1866.765466430286,0.0018667654664302862,186676.54664302862,107.20405395381674,-0.0940634843560133
replica,3,O15,1641.516083202272,0.001641516083202272,164151.6083202272,107.37590743035888,0.07778999218612626
replica,4,O15,1876.4083481594046,0.0018764083481594045,187640.83481594044,107.3891159075966,0.0909984694238517
replica,5,O15,1732.687586933858,0.001732687586933858,173268.7586933858,107.25681752579683,-0.041299912375919234
replica,6,O15,1926.6954347330295,0.0019266954347330295,192669.54347330294,107.36600059474097,0.06788315656821453
replica,7,O15,1866.2972240007553,0.0018662972240007553,186629.72240007552,107.31197221999633,0.01385478182358213
replica,8,O15,1868.5464004729683,0.0018685464004729684,186854.64004729682,107.28590021823946,-0.012217219933290835
replica,9,O15,1668.6415837277295,0.0016686415837277296,166864.15837277294,107.2516003742555,-0.04651706391724986
replica,10,O15,1785.0979628426717,0.0017850979628426717,178509.79628426715,107.34362527302086,0.045507834848109496
replica,11,O15,1651.9576503160513,0.0016519576503160513,165195.76503160511,107.27286703984328,-0.025250398329475843
replica,12,O15,1942.0197825292307,0.0019420197825292308,194201.97825292306,107.28266737737006,-0.015450060802692178
replica,13,O15,1720.5367116826437,0.0017205367116826437,172053.67116826438,107.21152231025368,-0.0865951279190682
replica,14,O15,1785.9221978978492,0.0017859221978978493,178592.21978978493,107.25143253534645,-0.04668490282629989
replica,15,O15,1774.3470703597523,0.0017743470703597522,177434.7070359752,107.28268357188689,-0.015433866285860631
replica,16,O15,1718.6615562125935,0.0017186615562125936,171866.15562125936,107.34344952587135,0.04533208769859698
replica,17,O15,1790.19635879645,0.0017901963587964502,179019.635879645,107.26017850968017,-0.037938928492579294
replica,18,O15,1714.41244182612,0.00171441244182612,171441.244182612,107.30339005915694,0.00527262098418646
replica,19,O15,1794.6447828526152,0.0017946447828526152,179464.47828526152,107.27072086712467,-0.02739657104808657
replica,20,O15,1944.6743717338322,0.0019446743717338323,194467.43717338322,107.29267116606894,-0.0054462721038106565
replica,21,O15,1703.325733947577,0.0017033257339475769,170332.5733947577,107.31603822790764,0.01792078973488742
replica,22,O15,1908.6833267804216,0.0019086833267804215,190868.33267804215,107.28736388433666,-0.01075355383609633
replica,23,O15,1768.7842571295214,0.0017687842571295215,176878.42571295213,107.16372435356321,-0.1343930846095418
replica,24,O15,1855.046011990338,0.001855046011990338,185504.6011990338,107.27985135133677,-0.018266086835978967
replica,25,O15,1395.8293695602615,0.0013958293695602614,139582.93695602615,107.31313044030777,0.01501300213502077
replica,26,O15,1796.788571970836,0.001796788571970836,179678.8571970836,107.2314838771559,-0.06663356101685736
replica,27,O15,1838.3626459347197,0.0018383626459347196,183836.26459347198,107.28044357845775,-0.01767385971500346
replica,28,O15,1634.3106904709923,0.0016343106904709924,163431.06904709924,107.30829734782867,0.01017990965591764
replica,29,O15,1785.509656184688,0.001785509656184688,178550.9656184688,107.34032175091129,0.042204312738533645
replica,30,O15,1808.6182987354669,0.0018086182987354668,180861.82987354667,107.32644060401407,0.028323165841314335
replica,31,O15,1722.921229050722,0.001722921229050722,172292.1229050722,107.33204635432863,0.03392891615587246
replica,32,O15,1904.0928036556352,0.0019040928036556351,190409.28036556352,107.2679781771458,-0.030139261026945974
replica,33,O15,1835.823738808157,0.0018358237388081571,183582.3738808157,107.28336459844259,-0.014752839730164169
replica,34,O15,1786.719195082242,0.001786719195082242,178671.9195082242,107.32430535148843,0.026187913315681044
replica,35,O15,1678.7119734983912,0.0016787119734983913,167871.19734983912,107.30447151221276,0.0063540740400043205
replica,36,O15,1904.3006661108998,0.0019043006661108998,190430.06661108998,107.30386736348323,0.00574992531048224
replica,37,O15,1783.0823684652655,0.0017830823684652655,178308.23684652656,107.20716394263751,-0.09095349553524557
replica,38,O15,1969.4753974187079,0.001969475397418708,196947.53974187077,107.33390901875613,0.03579158058337839
replica,39,O15,1741.9573480738095,0.0017419573480738095,174195.73480738094,107.34315910245068,0.04504166427793166
replica,40,O15,1635.7067222934274,0.0016357067222934276,163570.67222934274,107.24370658966184,-0.05441084851091205
replica,41,O15,1576.2912343740554,0.0015762912343740554,157629.12343740553,107.32764330001481,0.029525861842060408
replica,42,O15,1920.7233736896496,0.0019207233736896496,192072.33736896495,107.31709198000131,0.018974541828555402
replica,43,O15,1615.580693098082,0.001615580693098082,161558.0693098082,107.24509219977736,-0.053025238395392194
replica,44,O15,2011.6517478372093,0.0020116517478372094,201165.17478372093,107.30867861730313,0.01056117913037724
replica,45,O15,1559.3704025366567,0.0015593704025366566,155937.04025366568,107.29051189836485,-0.007605539807897799
replica,46,O15,1985.1721019662236,0.0019851721019662236,198517.21019662236,107.2463617082126,-0.05175572996014921
replica,47,O15,1658.9264576306887,0.0016589264576306886,165892.64576306887,107.26461697169275,-0.03350046648000671
replica,48,O15,1585.6805635298365,0.0015856805635298364,158568.05635298364,107.30222808506687,0.004110646894119441
replica,49,O15,1664.4942406816567,0.0016644942406816568,166449.42406816568,107.23887422121005,-0.05924321696269885
replica,50,O15,1883.8178836396662,0.0018838178836396663,188381.78836396663,107.28919761128061,-0.008919826892139326
replica,51,O15,1803.9839376201303,0.0018039839376201303,180398.39376201303,107.23081066824378,-0.067306769928976
replica,52,O15,1467.4164753595596,0.0014674164753595597,146741.64753595597,107.32299145603344,0.02487401786068233
replica,53,O15,1415.9807313827894,0.0014159807313827895,141598.07313827894,107.36334125922907,0.06522382105632119
replica,54,O15,2075.8560055437465,0.0020758560055437465,207585.60055437466,107.2737587124855,-0.02435872568725017
replica,55,O15,1625.2904577237753,0.0016252904577237753,162529.04577237752,107.3107931926974,0.012675754524650529
replica,56,O15,1867.4178860185375,0.0018674178860185375,186741.78860185374,107.34485974958145,0.04674231140869267
replica,57,O15,1927.4178879946699,0.0019274178879946698,192741.78879946697,107.27189977389374,-0.026217664279016617
replica,58,O15,1689.3946728573512,0.0016893946728573513,168939.46728573513,107.25074615263506,-0.0473712855376931
replica,59,O15,1752.0961981308128,0.0017520961981308128,175209.61981308128,107.26692022221994,-0.031197215952815327
replica,60,O15,1752.4627795757115,0.0017524627795757115,175246.27795757115,107.25133934273474,-0.04677809543801459
replica,61,O15,1656.6363503717596,0.0016566363503717596,165663.63503717596,107.39029166949561,0.09217423132285774
replica,62,O15,1609.2280222154013,0.0016092280222154013,160922.80222154013,107.34257255916984,0.04445512099708537
replica,63,O15,1716.4173428164647,0.0017164173428164647,171641.73428164647,107.32154942049263,0.02343198231987742
replica,64,O15,1740.971511876343,0.001740971511876343,174097.1511876343,107.34997868907031,0.05186125089755933
replica,65,O15,1775.3564868473431,0.001775356486847343,177535.6486847343,107.26898656499048,-0.029130873182268147
replica,66,O15,1882.8871768521904,0.0018828871768521904,188288.71768521902,107.30767022318992,0.009552785017163501
replica,67,O15,1747.5786779083269,0.001747578677908327,174757.86779083268,107.31558589021824,0.017468452045491745
replica,68,O15,2082.8946959820014,0.0020828946959820013,208289.46959820014,107.31957879168375,0.021461353511000425
replica,69,O15,1906.1736422917425,0.0019061736422917425,190617.36422917424,107.31022644946019,0.012109011287435578
replica,70,O15,1534.921357035912,0.001534921357035912,153492.1357035912,107.19391375853253,-0.10420367964022148
replica,71,O15,1748.7961325031501,0.00174879613250315,174879.61325031501,107.32335745082726,0.025240012654506927
replica,72,O15,1770.7769931455703,0.0017707769931455703,177077.69931455702,107.31529155922864,0.01717412105588778
replica,73,O15,2060.79288073356,0.0020607928807335604,206079.288073356,107.2966356663627,-0.0014817718100488264
replica,74,O15,1857.4347981902297,0.0018574347981902297,185743.47981902296,107.33215255049531,0.03403511232255596
replica,75,O15,1991.5051755608429,0.001991505175560843,199150.5175560843,107.29196782782128,-0.006149610351471324
replica,76,O15,2033.1832215904763,0.002033183221590476,203318.32215904762,107.33839826668135,0.0402808285085996
replica,77,O15,1697.9218462775254,0.0016979218462775255,169792.18462775255,107.31248200513764,0.014364566964886194
replica,78,O15,1861.8702130058332,0.001861870213005833,186187.02130058332,107.31655841399284,0.018440975820084304
replica,79,O15,1789.5060859860275,0.0017895060859860275,178950.60859860276,107.29949388977421,0.001376451601458939
replica,80,O15,2067.385698294654,0.002067385698294654,206738.5698294654,107.33775972169359,0.0396422835208341
replica,81,O15,1568.5768511030542,0.0015685768511030543,156857.6851103054,107.28244934061863,-0.015668097554126348
replica,82,O15,2034.7298304114622,0.002034729830411462,203472.98304114622,107.28900127402996,-0.009116164142795924
replica,83,O15,1910.2525411684915,0.0019102525411684914,191025.25411684913,107.32109290772493,0.022975469552179106
replica,84,O15,1638.9367450836403,0.0016389367450836403,163893.67450836403,107.33877770643895,0.040660268266194066
replica,85,O15,1716.6106430699617,0.0017166106430699618,171661.06430699618,107.27635750573454,-0.021759932438214946
replica,86,O15,1933.9037494689856,0.0019339037494689856,193390.37494689855,107.37163004358617,0.07351260541341276
replica,87,O15,1990.6514065878114,0.0019906514065878116,199065.14065878114,107.26268529326765,-0.03543214490510138
replica,88,O15,1620.103471025664,0.0016201034710256641,162010.3471025664,107.18046214055202,-0.11765529762072902
replica,89,O15,1626.0249620585128,0.0016260249620585127,162602.49620585126,107.25930934851431,-0.03880808965844551
replica,90,O15,2036.023816657493,0.002036023816657493,203602.3816657493,107.32368381912987,0.025566380957116053
replica,91,O15,1577.6578438159574,0.0015776578438159575,157765.78438159573,107.36802360888072,0.06990617070796645
replica,92,O15,1726.4478930787175,0.0017264478930787174,172644.78930787175,107.35934401245673,0.06122657428397815
replica,93,O15,1890.7238071507782,0.0018907238071507783,189072.3807150778,107.27069579462342,-0.02742164354933152
replica,94,O15,1932.6688770420988,0.0019326688770420987,193266.88770420986,107.33961242782469,0.04149498965193743
replica,95,O15,1946.935294950776,0.0019469352949507762,194693.52949507762,107.3040308458756,0.005913407702848872
replica,96,O15,1572.081640633722,0.001572081640633722,157208.16406337218,107.25103494017522,-0.047082497997536166
replica,97,O15,1886.5880936462668,0.0018865880936462668,188658.80936462668,107.29397916565848,-0.0041382725142682375
replica,98,O15,1679.6743133542896,0.0016796743133542895,167967.43133542896,107.30608619729911,0.007968759126356417
replica,99,O15,1927.5118146910854,0.0019275118146910855,192751.18146910853,107.27157169201617,-0.026545746156585892
replica,100,O15,1834.611012571198,0.001834611012571198,183461.1012571198,107.33026203373316,0.032144595560410494
replica,101,O15,2055.7542182950087,0.0020557542182950087,205575.42182950088,107.38816641193968,0.09004897376692611
replica,102,O15,1832.689037427272,0.001832689037427272,183268.9037427272,107.27900845035511,-0.019108987817645584
replica,103,O15,1768.700394587213,0.001768700394587213,176870.0394587213,107.30615517935937,0.00803774118661238
replica,104,O15,1763.5376421042256,0.0017635376421042256,176353.76421042255,107.26464490809147,-0.03347253008128348
replica,105,O15,2091.551389888429,0.0020915513898884294,209155.13898884293,107.29844456761835,0.00032712944559420976
replica,106,O15,1713.895406583646,0.001713895406583646,171389.5406583646,107.34415328367484,0.0460358455020895
replica,107,O15,1698.8014011306316,0.0016988014011306315,169880.14011306316,107.28323166549694,-0.014885772675810927
replica,108,O15,1779.677550109897,0.001779677550109897,177967.7550109897,107.25784523935775,-0.040272198815003435
replica,109,O15,1938.6678995039217,0.0019386678995039217,193866.78995039218,107.29297716993007,-0.005140268242683987
replica,110,O15,1915.8458696539417,0.0019158458696539417,191584.58696539418,107.33260578916602,0.03448835099327141
replica,111,O15,1779.9279454777068,0.0017799279454777067,177992.79454777067,107.3181528363405,0.020035398167749463
replica,112,O15,1859.1247688098233,0.0018591247688098233,185912.4768809823,107.31854834285436,0.02043090468160358
replica,113,O15,1760.635630793721,0.001760635630793721,176063.5630793721,107.18238861960096,-0.11572881857179595
replica,114,O15,1775.435897250687,0.001775435897250687,177543.5897250687,107.28853448828247,-0.009582949890287296
replica,115,O15,1990.2029554449714,0.0019902029554449713,199020.29554449714,107.36245905502673,0.0643416168539801
replica,116,O15,1611.1661121115842,0.0016111661121115842,161116.61121115842,107.29451512745354,-0.0036023107192164616
replica,117,O15,1857.8511897662333,0.0018578511897662333,185785.11897662334,107.32656223291181,0.02844479473905892
replica,118,O15,1630.4692137004827,0.0016304692137004827,163046.92137004825,107.29211578639108,-0.006001651781673445
replica,119,O15,2023.8925430458653,0.0020238925430458654,202389.25430458653,107.29177241249461,-0.0063450256781436565
replica,120,O15,1669.1511108547165,0.0016691511108547165,166915.11108547164,107.28811784737444,-0.009999590798315694
replica,121,O15,1713.7217330098888,0.0017137217330098888,171372.17330098888,107.30588955847746,0.0077721203047076415
replica,122,O15,1762.5389677601866,0.0017625389677601866,176253.89677601866,107.27072374807058,-0.02739369010217274
replica,123,O15,1904.985698748225,0.0019049856987482252,190498.5698748225,107.34625786241732,0.04814042424456488
replica,124,O15,1594.3962533056592,0.0015943962533056593,159439.62533056593,107.24562590514553,-0.052491533027222204
replica,125,O15,1711.3400194926944,0.0017113400194926943,171134.00194926944,107.37548913210794,0.07737169393519139
replica,126,O15,1793.3584587200246,0.0017933584587200245,179335.84587200245,107.2940396608373,-0.0040777773354534474
replica,127,O15,1943.458476287069,0.0019434584762870692,194345.8476287069,107.3142796985832,0.016162260410453655
replica,128,O15,1767.7004047245098,0.0017677004047245099,176770.040472451,107.31791504162568,0.019797603452929025
replica,129,O15,1741.6620580376182,0.0017416620580376183,174166.2058037618,107.26713997761915,-0.030977460553600622
replica,130,O15,1881.379208499359,0.0018813792084993591,188137.9208499359,107.2924326067183,-0.005684831454459527
replica,131,O15,1846.9366663779088,0.0018469366663779088,184693.66663779088,107.31169627512617,0.013578836953413997
replica,132,O15,2089.0528528612103,0.00208905285286121,208905.28528612104,107.30491041997595,0.0067929818032013145
replica,133,O15,1847.0727983865215,0.0018470727983865216,184707.27983865215,107.30825257501206,0.010135136839309666
replica,134,O15,1573.6627521630621,0.001573662752163062,157366.2752163062,107.31938105214265,0.02126361396989296
replica,135,O15,1864.2524314123766,0.0018642524314123766,186425.24314123765,107.33254440511845,0.03442696694570202
replica,136,O15,1711.8265908071648,0.0017118265908071648,171182.6590807165,107.26056847719828,-0.03754896097447613
replica,137,O15,1836.0715634474036,0.0018360715634474036,183607.15634474036,107.35234266716517,0.0542252289924221
replica,138,O15,1826.6847601150243,0.0018266847601150244,182668.47601150244,107.32855410989241,0.030436671719655806
replica,139,O15,1777.018415609045,0.001777018415609045,177701.8415609045,107.32471892949766,0.026601491324910853
replica,140,O15,1818.3070044261462,0.0018183070044261462,181830.70044261462,107.26761951852956,-0.030497919643195814
replica,141,O15,1945.7487231475309,0.001945748723147531,194574.8723147531,107.30095762062311,0.00284018245035611
replica,142,O15,1670.8867302451033,0.0016708867302451032,167088.67302451032,107.33855469123006,0.04043725305730561
replica,143,O15,1768.0991454196267,0.0017680991454196266,176809.91454196267,107.30516535112366,0.007047912950909563
replica,144,O15,1752.5856486189255,0.0017525856486189254,175258.56486189255,107.29237464726934,-0.0057427909034117874
replica,145,O15,1715.6563937952192,0.0017156563937952192,171565.63937952192,107.29339457915228,-0.004722859020475312
replica,146,O15,1586.5787725674231,0.0015865787725674232,158657.8772567423,107.323710803818,0.025593365645249833
replica,147,O15,1832.0162962076695,0.0018320162962076694,183201.62962076694,107.34064565980393,0.04252822163117287
replica,148,O15,1850.672281102937,0.001850672281102937,185067.22811029368,107.30377205484687,0.005654616674121371
replica,149,O15,1745.7585870273965,0.0017457585870273966,174575.85870273964,107.3412865943935,0.04316915622074191
replica,150,O15,1693.5581084268529,0.001693558108426853,169355.81084268529,107.28815791473949,-0.009959523433266781
replica,151,O15,1708.353125971074,0.001708353125971074,170835.3125971074,107.30332963341158,0.005212195238826212
replica,152,O15,1812.8738464678709,0.0018128738464678708,181287.38464678708,107.29012169043028,-0.007995747742469916
replica,153,O15,1791.214575003693,0.001791214575003693,179121.4575003693,107.30232760368139,0.004210165508638397
replica,154,O15,2039.6523191836295,0.0020396523191836295,203965.23191836296,107.27801265251951,-0.02010478565324547
replica,155,O15,1817.6589497979355,0.0018176589497979356,181765.89497979355,107.20712478898875,-0.09099264918400252
replica,156,O15,1491.9092459389476,0.0014919092459389476,149190.92459389477,107.27166375261923,-0.02645368555351979
replica,157,O15,1799.5489324951645,0.0017995489324951646,179954.89324951646,107.35944371276264,0.06132627458988793
replica,158,O15,1814.282652423532,0.001814282652423532,181428.2652423532,107.30223043074108,0.004112992568323648
replica,159,O15,1853.5274715307924,0.0018535274715307923,185352.74715307922,107.27906743373052,-0.019050004442235036
replica,160,O15,1728.135412466821,0.001728135412466821,172813.54124668209,107.31207785970501,0.013960421532260625
replica,161,O15,1886.4344891168034,0.0018864344891168035,188643.44891168035,107.33745632591746,0.039338887744705175
replica,162,O15,2108.976664345577,0.002108976664345577,210897.66643455767,107.35918683902983,0.061069400857078904
replica,163,O15,1912.399369824121,0.0019123993698241212,191239.9369824121,107.27570064099957,-0.022416797173178793
replica,164,O15,1736.6182720184788,0.0017366182720184788,173661.8272018479,107.27878958140656,-0.019327856766196305
replica,165,O15,2023.4616440841041,0.002023461644084104,202346.1644084104,107.32910926533643,0.030991827163674657
replica,166,O15,1664.9873090926044,0.0016649873090926043,166498.73090926043,107.32814065145367,0.03002321328091284
replica,167,O15,1537.003545364992,0.001537003545364992,153700.35453649922,107.28735991790909,-0.01075752026366672
replica,168,O15,1751.3188297178017,0.0017513188297178016,175131.88297178017,107.27691136774202,-0.02120607043073619
replica,169,O15,1671.7638957831139,0.0016717638957831139,167176.38957831138,107.30613377122836,0.00801633305560756
replica,170,O15,1741.6464337970795,0.0017416464337970795,174164.64337970794,107.21540889410502,-0.08270854406772798
replica,171,O15,1533.900438954373,0.001533900438954373,153390.0438954373,107.31156874457645,0.013451306403695185
replica,172,O15,1715.5916101054947,0.0017155916101054948,171559.16101054946,107.33571467107838,0.03759723290562533
replica,173,O15,1792.8739149761295,0.0017928739149761295,179287.39149761296,107.24248059478104,-0.055636843391710045
replica,174,O15,1623.9155906915694,0.0016239155906915693,162391.55906915694,107.30058477931755,0.0024673411447935223
replica,175,O15,1624.6584620180633,0.0016246584620180633,162465.84620180633,107.36928198858044,0.07116455040768699
replica,176,O15,1543.3255428858101,0.0015433255428858102,154332.554288581,107.3526998748247,0.05458243665194118
replica,177,O15,1955.9272135621131,0.001955927213562113,195592.72135621132,107.36964760742482,0.07153016925207112
replica,178,O15,1910.143028955882,0.0019101430289558822,191014.3028955882,107.33815734150181,0.04003990332905971
replica,179,O15,1668.0810544195274,0.0016680810544195273,166808.10544195274,107.38655329063977,0.0884358524670148
replica,180,O15,1940.9573928537711,0.001940957392853771,194095.73928537712,107.30789702902507,0.009779590852318165
replica,181,O15,1587.7039412824356,0.0015877039412824357,158770.39412824356,107.26822295603117,-0.029894482141585854
replica,182,O15,1894.3251995900962,0.0018943251995900963,189432.5199590096,107.28369584009903,-0.01442159807372434
replica,183,O15,1770.3714953851063,0.0017703714953851064,177037.14953851062,107.33674509729809,0.038627659125339164
replica,184,O15,1694.0271943233133,0.0016940271943233134,169402.71943233133,107.28182075604583,-0.016296682126920814
replica,185,O15,1890.0116788561604,0.0018900116788561603,189001.16788561604,107.3195913626041,0.02147392443134777
replica,186,O15,1989.329550531162,0.001989329550531162,198932.9550531162,107.29137144083924,-0.006745997333510445
replica,187,O15,1754.4710003003738,0.0017544710003003737,175447.10003003737,107.33461118678989,0.03649374861713284
replica,188,O15,1957.2115926718427,0.0019572115926718425,195721.15926718427,107.3145694449651,0.01645200679234904
replica,189,O15,1657.3157676740166,0.0016573157676740165,165731.57676740165,107.31879363508178,0.020676196909022337
replica,190,O15,1688.6190378436263,0.0016886190378436264,168861.90378436263,107.28048969396859,-0.017627744204162354
replica,191,O15,1726.3980064880093,0.0017263980064880092,172639.8006488009,107.23248620668252,-0.06563123149022942
replica,192,O15,1759.0401487770228,0.0017590401487770227,175904.01487770228,107.26206770655573,-0.03604973161702674
replica,193,O15,2064.035869594924,0.002064035869594924,206403.5869594924,107.35466701522273,0.056549577049977984
replica,194,O15,1708.8874003900296,0.0017088874003900296,170888.74003900297,107.24543519962273,-0.05268223855001963
replica,195,O15,1801.5465057787073,0.0018015465057787073,180154.65057787072,107.31856950370738,0.020452065534627195
replica,196,O15,1849.8673401924864,0.0018498673401924864,184986.73401924863,107.35634790392248,0.05823046574973034
replica,197,O15,1569.9618272901646,0.0015699618272901647,156996.18272901647,107.24961813132916,-0.04849930684359549
replica,198,O15,2004.3386582789255,0.0020043386582789258,200433.86582789256,107.29103845978501,-0.0070789783877387435
replica,199,O15,1782.356548290186,0.0017823565482901862,178235.6548290186,107.32457000007584,0.02645256190308487
replica,200,O15,1772.415404312034,0.001772415404312034,177241.5404312034,107.23487198599919,-0.06324545217356103
replica,201,O15,1726.4627127920596,0.0017264627127920595,172646.27127920595,107.36449965109615,0.06638221292340063
replica,202,O15,1790.962747250509,0.001790962747250509,179096.2747250509,107.37433382244066,0.07621638426790867
replica,203,O15,1538.0294946315926,0.0015380294946315926,153802.94946315925,107.36292267773906,0.06480523956631146
replica,204,O15,1570.9985518916224,0.0015709985518916223,157099.85518916222,107.24681086564684,-0.05130657252591675
replica,205,O15,1857.2221494966375,0.0018572221494966375,185722.21494966376,107.29407472489463,-0.0040427132781246655
replica,206,O15,1857.1619262763352,0.0018571619262763351,185716.1926276335,107.33732469294266,0.03920725476990583
replica,207,O15,1681.338735912765,0.001681338735912765,168133.8735912765,107.3574197323669,0.059302294194154115
replica,208,O15,2037.4177317757444,0.0020374177317757443,203741.77317757445,107.42069563224013,0.12257819406737269
replica,209,O15,1673.9039494529661,0.0016739039494529661,167390.3949452966,107.29281814565495,-0.005299292517804588
replica,210,O15,1957.0938708200306,0.0019570938708200307,195709.38708200306,107.33040404472554,0.03228660655278759
replica,211,O15,1774.425287847429,0.0017744252878474289,177442.5287847429,107.31066922767431,0.012551789501557664
replica,212,O15,1633.230068796669,0.001633230068796669,163323.0068796669,107.27576108342267,-0.02235635475008735
replica,213,O15,1766.8233430498428,0.001766823343049843,176682.33430498428,107.20173370330555,-0.09638373486720297
replica,214,O15,1949.2629003295351,0.001949262900329535,194926.29003295352,107.3207978073051,0.02268036913234539
replica,215,O15,1739.7527129933014,0.0017397527129933013,173975.27129933014,107.27631701443,-0.02180042374274649
replica,216,O15,1610.7097427450626,0.0016107097427450626,161070.97427450627,107.33795655382836,0.03983911565561016
replica,217,O15,1921.0368372706916,0.0019210368372706917,192103.68372706915,107.22173767176558,-0.0763797664071717
replica,218,O15,1765.2063004362067,0.0017652063004362066,176520.63004362065,107.26700215755864,-0.031115280614116614
replica,219,O15,1553.5093082531519,0.001553509308253152,155350.93082531518,107.33475070042954,0.036633262256785315
replica,220,O15,2025.2984044397015,0.0020252984044397014,202529.84044397014,107.35159908892831,0.05348165075555755
replica,221,O15,1777.457911221632,0.001777457911221632,177745.7911221632,107.32599617127413,0.027878733101374564
replica,222,O15,1711.8599560417401,0.0017118599560417402,171185.995604174,107.26751517436335,-0.030602263809399233
replica,223,O15,1822.5646225736775,0.0018225646225736775,182256.46225736776,107.32957952723525,0.03146208906250081
replica,224,O15,1744.0751721353101,0.0017440751721353102,174407.517213531,107.28288065083679,-0.015236787335965118
replica,225,O15,1516.140094017957,0.0015161400940179569,151614.0094017957,107.30386088026921,0.005743442096459717
replica,226,O15,1760.3434434259684,0.0017603434434259684,176034.34434259683,107.34109886844041,0.04298143026765899
replica,227,O15,1748.210526768558,0.001748210526768558,174821.05267685582,107.32560724221855,0.027489804045799815
replica,228,O15,1732.3924179028284,0.0017323924179028284,173239.24179028283,107.28261723014889,-0.01550020802386598
replica,229,O15,1910.7763046210302,0.0019107763046210303,191077.63046210303,107.35334758207021,0.05523014389746095
replica,230,O15,1585.1406608453285,0.0015851406608453286,158514.06608453285,107.27899450605936,-0.019122932113390334
replica,231,O15,1658.740569461042,0.001658740569461042,165874.0569461042,107.33723237412144,0.03911493594868887
replica,232,O15,1897.4323255262166,0.0018974323255262166,189743.23255262166,107.36418204347792,0.06606460530517211
replica,233,O15,1743.8663343444102,0.0017438663343444102,174386.63343444103,107.3700719947749,0.07195455660215089
replica,234,O15,1777.9277376972332,0.0017779277376972333,177792.7737697233,107.2175685589902,-0.08054887918255815
replica,235,O15,1777.3795907152994,0.0017773795907152993,177737.95907152994,107.32834176443194,0.03022432625918725
replica,236,O15,1778.2358164000038,0.0017782358164000038,177823.58164000037,107.31550251035465,0.01738507218189511
replica,237,O15,1882.8102612381272,0.0018828102612381272,188281.0261238127,107.26830120592189,-0.029816232250865937
replica,238,O15,1733.6269978358448,0.0017336269978358448,173362.69978358448,107.31269383060165,0.01457639242889286
replica,239,O15,1889.577059342959,0.001889577059342959,188957.7059342959,107.30561434764739,0.007496909474639324
replica,240,O15,1806.487907587398,0.001806487907587398,180648.7907587398,107.2417393365626,-0.05637810161015011
replica,241,O15,1709.0726870523135,0.0017090726870523135,170907.26870523134,107.27552121431447,-0.022596223858286635
replica,242,O15,1803.3390419849486,0.0018033390419849487,180333.90419849486,107.335339782657,0.03722234448424899
replica,243,O15,1592.8142964842782,0.0015928142964842782,159281.42964842782,107.28724248742539,-0.010874950747364664
replica,244,O15,1729.166778564098,0.001729166778564098,172916.6778564098,107.29613347826349,-0.0019839599092676963
replica,245,O15,1913.3285321760654,0.0019133285321760655,191332.85321760655,107.26587491077497,-0.032242527397784215
replica,246,O15,1931.615738133487,0.0019316157381334869,193161.5738133487,107.25010338102128,-0.04801405715147666
replica,247,O15,1576.9641651759835,0.0015769641651759835,157696.41651759835,107.32491079389943,0.02679335572668151
replica,248,O15,1783.425477313393,0.001783425477313393,178342.5477313393,107.29617760841793,-0.001939829754817879
replica,249,O15,1721.6581403481778,0.0017216581403481778,172165.81403481777,107.24711511525028,-0.05100232292247142
replica,250,O15,1614.5247679029417,0.0016145247679029417,161452.47679029417,107.23143605347161,-0.06668138470114116
replica,251,O15,1638.644682324096,0.001638644682324096,163864.4682324096,107.23724079993188,-0.06087663824087031
replica,252,O15,1638.7842603585768,0.0016387842603585768,163878.42603585767,107.28930132660145,-0.008816111571306351
replica,253,O15,1564.3394640201145,0.0015643394640201145,156433.94640201144,107.32493691671606,0.026819478543302466
replica,254,O15,2093.2929276883265,0.0020932929276883264,209329.29276883265,107.30644737308548,0.008329934912723047
replica,255,O15,1563.408480036775,0.001563408480036775,156340.8480036775,107.34151718037549,0.04339974220273746
replica,256,O15,1759.8305919911545,0.0017598305919911544,175983.05919911544,107.33617107868052,0.03805364050776916
replica,257,O15,1667.5486036766656,0.0016675486036766655,166754.86036766655,107.31085007237756,0.012732634204809301
replica,258,O15,1859.1740179637818,0.0018591740179637818,185917.40179637817,107.28555614584974,-0.012561292323013618
replica,259,O15,1750.9248574393478,0.0017509248574393477,175092.48574393478,107.2811345803646,-0.016982857808159224
replica,260,O15,1801.1103946132287,0.0018011103946132287,180111.03946132286,107.22955390602398,-0.06856353214877231
replica,261,O15,1740.2462589949373,0.0017402462589949372,174024.62589949372,107.27399494723244,-0.02412249094031438
replica,262,O15,1854.2568575561636,0.0018542568575561635,185425.68575561634,107.24331023177467,-0.05480720639808112
replica,263,O15,2072.293760718563,0.002072293760718563,207229.3760718563,107.23720392022543,-0.06091351794732702
replica,264,O15,1846.9454953870472,0.0018469454953870471,184694.5495387047,107.32911258077087,0.03099514259811542
replica,265,O15,1632.5063208267518,0.0016325063208267518,163250.63208267518,107.28637083677674,-0.01174660139601258
replica,266,O15,1560.6717992914746,0.0015606717992914746,156067.17992914745,107.33749497245647,0.03937753428371593
replica,267,O15,1685.6335920373451,0.0016856335920373451,168563.35920373452,107.35013155529428,0.052014117121530035
replica,268,O15,1729.8296392426864,0.0017298296392426863,172982.96392426864,107.32588754655994,0.02777010838718752
replica,269,O15,1555.147300062165,0.001555147300062165,155514.7300062165,107.30560070853153,0.00748327035877594
replica,270,O15,1838.2408603224055,0.0018382408603224054,183824.08603224054,107.29376093691918,-0.0043565012535680125
replica,271,O15,1753.0426385000571,0.001753042638500057,175304.26385000572,107.18839289685548,-0.10972454131727716
replica,272,O15,1766.959382623946,0.0017669593826239462,176695.9382623946,107.36664710043563,0.06852966226287549
replica,273,O15,1865.6307327297238,0.0018656307327297238,186563.07327297237,107.299811609326,0.0016941711532467707
replica,274,O15,1546.5532543009654,0.0015465532543009653,154655.32543009653,107.38070164505037,0.08258420687761259
replica,275,O15,1914.7066246806705,0.0019147066246806704,191470.66246806705,107.23871348638669,-0.0594039517860665
replica,276,O15,1987.635957868613,0.001987635957868613,198763.59578686132,107.19089953619466,-0.107217901978089
replica,277,O15,1615.7417991114453,0.0016157417991114454,161574.1799111445,107.32351903271505,0.025401594542302064
replica,278,O15,1622.9776340404023,0.0016229776340404023,162297.76340404022,107.33380275134473,0.03568531317198165
replica,279,O15,1830.3058760216304,0.0018303058760216304,183030.58760216302,107.3309380178121,0.032820579639349035
replica,280,O15,1825.6938833723946,0.0018256938833723945,182569.38833723945,107.29071868475154,-0.007398753421213655
replica,281,O15,1828.5624190650092,0.0018285624190650092,182856.24190650092,107.24062486821019,-0.057492569962562357
replica,282,O15,1597.3904431268447,0.0015973904431268446,159739.04431268448,107.32280335909554,0.024685920922792093
replica,283,O15,1954.0586309107473,0.001954058630910747,195405.86309107472,107.26422646166934,-0.03389097650341455
replica,284,O15,1776.2630107565374,0.0017762630107565373,177626.30107565373,107.39034205685938,0.0922246186866289
replica,285,O15,1675.2222362178718,0.0016752222362178717,167522.22362178718,107.3189946087353,0.020877170562542346
replica,286,O15,1809.9433371936452,0.0018099433371936452,180994.3337193645,107.31249518549116,0.014377747318405909
replica,287,O15,1856.120524492276,0.001856120524492276,185612.0524492276,107.22652012026921,-0.07159731790353874
replica,288,O15,1769.6256625356953,0.0017696256625356953,176962.56625356953,107.2201080448407,-0.07800939333205292
replica,289,O15,1740.9081864759116,0.0017409081864759115,174090.81864759116,107.31352539076295,0.015407952590194895
replica,290,O15,1680.0322276064567,0.0016800322276064566,168003.22276064567,107.24263529532337,-0.05548214284938524
replica,291,O15,1954.1145269886592,0.001954114526988659,195411.4526988659,107.2922375028492,-0.00587993532354858
replica,292,O15,1586.6603943844962,0.0015866603943844961,158666.0394384496,107.27525043487454,-0.02286700329821656
replica,293,O15,1771.457152915244,0.001771457152915244,177145.7152915244,107.29852079589583,0.00040335772307287243
replica,294,O15,1893.0969842723441,0.0018930969842723441,189309.6984272344,107.24392593329274,-0.054191504880009234
replica,295,O15,1613.6946522023463,0.0016136946522023463,161369.46522023462,107.22038319268047,-0.07773424549228025
replica,296,O15,1929.1815788000295,0.0019291815788000295,192918.15788000295,107.27797833455635,-0.020139103616401144
replica,297,O15,1567.4411268747579,0.0015674411268747578,156744.11268747578,107.27293674820358,-0.025180689969175774
replica,298,O15,1771.249976043172,0.001771249976043172,177124.99760431718,107.29607991024251,-0.0020375279302413674
replica,299,O15,1910.2698578909517,0.0019102698578909517,191026.98578909517,107.27054170512078,-0.02757573305197525
replica,300,O15,1820.3852925079325,0.0018203852925079325,182038.52925079325,107.29359740307346,-0.0045200350992899985
replica,301,O15,1817.5484336363388,0.0018175484336363389,181754.84336363387,107.37968478854853,0.08156735037577789
replica,302,O15,1555.8240049070937,0.0015558240049070938,155582.40049070938,107.32957322833899,0.03145579016623401
replica,303,O15,1553.23495688691,0.00155323495688691,155323.49568869098,107.31278848136941,0.014671043196656797
replica,304,O15,1590.4885505497475,0.0015904885505497474,159048.85505497476,107.28242391186258,-0.015693526310172956
replica,305,O15,2084.257593232004,0.0020842575932320043,208425.75932320041,107.32135656869784,0.023239130525084306
replica,306,O15,1506.3955422943343,0.0015063955422943342,150639.55422943342,107.26635502454593,-0.031762413626822195
replica,307,O15,1564.9900126710668,0.0015649900126710667,156499.00126710668,107.29505175679598,-0.0030656813767677704
replica,308,O15,1693.282738808885,0.001693282738808885,169328.27388088848,107.16017812319532,-0.13793931497743017
replica,309,O15,1778.2494204385655,0.0017782494204385654,177824.94204385654,107.31597784740428,0.017860409231531094
replica,310,O15,1932.3312216014976,0.0019323312216014976,193233.12216014977,107.36825722326289,0.07013978509013441
replica,311,O15,1494.8124477194392,0.0014948124477194393,149481.24477194392,107.34658965077399,0.04847221260124002
replica,312,O15,1941.5246010404285,0.0019415246010404284,194152.46010404284,107.25484723792334,-0.04327020024940964
replica,313,O15,1855.1642914060023,0.0018551642914060023,185516.42914060023,107.31844182381748,0.020324385644727272
replica,314,O15,1653.0280200232253,0.0016530280200232252,165302.8020023225,107.34304992495991,0.044932486787161
replica,315,O15,1902.9828695688302,0.0019029828695688302,190298.286956883,107.21506436486663,-0.08305307330611811
replica,316,O15,1781.6643715613184,0.0017816643715613185,178166.43715613184,107.27079118317198,-0.027326255000772903
replica,317,O15,1690.1631046997381,0.0016901631046997382,169016.3104699738,107.33410657017093,0.035989131998178436
replica,318,O15,1677.2355821253864,0.0016772355821253863,167723.55821253863,107.38209322797394,0.0839757898011868
replica,319,O15,1806.594870570921,0.001806594870570921,180659.4870570921,107.23790211634092,-0.060215321831833535
replica,320,O15,1824.073792379147,0.0018240737923791472,182407.37923791472,107.26335639733861,-0.034761040834141
replica,321,O15,2032.2141126699942,0.002032214112669994,203221.4112669994,107.31931614301358,0.02119870484082753
replica,322,O15,1687.1892366347852,0.001687189236634785,168718.92366347852,107.36191668395163,0.06379924577888119
replica,323,O15,1729.042775782,0.0017290427757820001,172904.2775782,107.31014935384431,0.012031915671556703
replica,324,O15,1890.6901425144838,0.0018906901425144837,189069.0142514484,107.28382293477422,-0.014294503398531333
replica,325,O15,1908.2620246869537,0.0019082620246869536,190826.20246869538,107.27641722403048,-0.02170021414227108
replica,326,O15,1886.1365578700752,0.0018861365578700753,188613.6557870075,107.29708472290642,-0.0010327152663336392
replica,327,O15,1611.7564486670872,0.0016117564486670872,161175.64486670872,107.30691189318016,0.008794455007404167
replica,328,O15,1537.7736829403048,0.0015377736829403047,153777.3682940305,107.28635716945927,-0.011760268713487676
replica,329,O15,1861.4010948327104,0.0018614010948327104,186140.10948327105,107.23152237875352,-0.06659505941922816
replica,330,O15,1734.1856259867338,0.0017341856259867339,173418.5625986734,107.2520694426465,-0.046047995526251384
replica,331,O15,1716.9119115708954,0.0017169119115708954,171691.19115708955,107.30951357230765,0.011396134134898261
replica,332,O15,1547.9737653540278,0.0015479737653540278,154797.3765354028,107.39639423513724,0.09827679696448399
replica,333,O15,1890.250584050449,0.001890250584050449,189025.0584050449,107.40030153104476,0.10218409287200814
replica,334,O15,1688.8145230497282,0.0016888145230497282,168881.45230497283,107.21987097871693,-0.07824645945582631
replica,335,O15,1695.5070765356263,0.0016955070765356263,169550.70765356263,107.27922263066083,-0.01889480751192707
replica,336,O15,1765.4032664117115,0.0017654032664117115,176540.32664117115,107.30908730251839,0.010969864345639735
replica,337,O15,1797.9777052862055,0.0017979777052862054,179797.77052862055,107.2974099410375,-0.0007074971352523107
replica,338,O15,1787.886162443786,0.0017878861624437859,178788.6162443786,107.31376164527602,0.015644207103264307
replica,339,O15,1790.1639491987896,0.0017901639491987897,179016.39491987895,107.28088979017824,-0.017227647994516815
replica,340,O15,1879.489811103219,0.001879489811103219,187948.98111032188,107.28908596001966,-0.009031478153090688
replica,341,O15,1609.0557875950585,0.0016090557875950585,160905.57875950585,107.26120161566362,-0.036915822509129725
replica,342,O15,1665.0030403064357,0.0016650030403064357,166500.30403064357,107.33031104872902,0.0321936105562628
replica,343,O15,1688.039803426571,0.001688039803426571,168803.9803426571,107.35983503717866,0.06171759900590246
replica,344,O15,1683.8064187227421,0.0016838064187227422,168380.64187227422,107.26198158293559,-0.03613585523716267
replica,345,O15,1572.7459506355785,0.0015727459506355785,157274.59506355785,107.33814306715963,0.04002562898688211
replica,346,O15,1769.3113197471134,0.0017693113197471135,176931.13197471134,107.37560876354979,0.07749132537703929
replica,347,O15,1757.2443893715954,0.0017572443893715953,175724.43893715955,107.3149734785191,0.01685604034634025
replica,348,O15,1753.3976457193405,0.0017533976457193405,175339.76457193404,107.32025974649638,0.022142308323623183
replica,349,O15,1776.290443965689,0.0017762904439656891,177629.0443965689,107.31222221489313,0.014104776720373025
replica,350,O15,1701.2634004260617,0.0017012634004260616,170126.34004260617,107.30843337151062,0.01031593333786418
replica,351,O15,1589.504878822159,0.001589504878822159,158950.4878822159,107.30637181834372,0.008254380170967579
replica,352,O15,1812.3655475670444,0.0018123655475670445,181236.55475670443,107.2915583439135,-0.006559094259259268
replica,353,O15,1661.1803386133254,0.0016611803386133255,166118.03386133254,107.31309554971325,0.01497811154050055
replica,354,O15,1599.3773695589512,0.001599377369558951,159937.73695589512,107.31096921112221,0.012851772949460383
replica,355,O15,2131.59597922607,0.00213159597922607,213159.597922607,107.28490482852179,-0.013212609650963714
replica,356,O15,1726.845361256053,0.001726845361256053,172684.5361256053,107.37710454551473,0.07898710734197323
replica,357,O15,1462.3768451780156,0.0014623768451780157,146237.68451780156,107.26660258126435,-0.03151485690840161
replica,358,O15,1577.2023819615142,0.0015772023819615143,157720.23819615142,107.30806087225139,0.00994343407863596
replica,359,O15,1589.0812722894962,0.001589081272289496,158908.12722894963,107.20613590407969,-0.09198153409306542
replica,360,O15,2042.8428965416006,0.0020428428965416005,204284.28965416006,107.25185971411254,-0.04625772406021156
replica,361,O15,1786.1815732044322,0.0017861815732044322,178618.15732044322,107.3150544118658,0.01693697369304914
replica,362,O15,1847.1680373259996,0.0018471680373259997,184716.80373259995,107.24980922139547,-0.04830821677728636
replica,363,O15,1706.3660050172844,0.0017063660050172843,170636.60050172842,107.2537544890022,-0.04436294917054795
replica,364,O15,1795.4507827626358,0.0017954507827626358,179545.07827626358,107.37011234108796,0.0719949029152076
replica,365,O15,1888.9386809288121,0.0018889386809288122,188893.8680928812,107.28762298859854,-0.010494449574210307
replica,366,O15,1742.611145816061,0.001742611145816061,174261.1145816061,107.2644310066,-0.033686431572746756
replica,367,O15,1954.8699426990338,0.001954869942699034,195486.99426990337,107.2439893764502,-0.054128061722551024
replica,368,O15,1801.984486490047,0.001801984486490047,180198.44864900468,107.300202843958,0.002085405785251737
replica,369,O15,1665.2418422840951,0.0016652418422840951,166524.18422840952,107.26259106853053,-0.035526369642226996
replica,370,O15,1736.502907339099,0.001736502907339099,173650.2907339099,107.27736727920784,-0.0207501589649155
replica,371,O15,1671.4006530901406,0.0016714006530901405,167140.06530901405,107.23523772398694,-0.06287971418581151
replica,372,O15,1690.4008160347253,0.0016904008160347254,169040.08160347253,107.27606339719556,-0.022054040977195655
replica,373,O15,1930.0350873708076,0.0019300350873708075,193003.50873708076,107.32895352704544,0.030836088872689515
replica,374,O15,1923.449835471074,0.001923449835471074,192344.9835471074,107.28365055797678,-0.014466880195968201
replica,375,O15,1921.1592069781834,0.0019211592069781835,192115.92069781834,107.29042278743755,-0.007694650735203368
replica,376,O15,1988.3621060465107,0.0019883621060465106,198836.21060465107,107.28487664189693,-0.01324079627582364
replica,377,O15,1714.4643723093814,0.0017144643723093814,171446.43723093814,107.37230701137953,0.07418957320678032
replica,378,O15,1644.6016006781342,0.0016446016006781343,164460.1600678134,107.35095703882847,0.05283960065571591
replica,379,O15,1761.7106768311987,0.0017617106768311988,176171.06768311988,107.28307969742049,-0.015037740752262607
replica,380,O15,1773.6724193948335,0.0017736724193948335,177367.24193948336,107.29644913303552,-0.0016683051372297086
replica,381,O15,1626.7421981628363,0.0016267421981628362,162674.2198162836,107.29222152772907,-0.005895910443683761
replica,382,O15,2042.4193212281943,0.0020424193212281944,204241.93212281942,107.26132323979955,-0.03679419837320097
replica,383,O15,1522.841453567544,0.001522841453567544,152284.1453567544,107.36391090310912,0.06579346493636251
replica,384,O15,1647.938114198659,0.0016479381141986588,164793.8114198659,107.28631322480324,-0.011804213369515537
replica,385,O15,1884.1038625160893,0.0018841038625160892,188410.38625160893,107.31016033408021,0.012042895907455886
replica,386,O15,1673.7395419268123,0.0016737395419268123,167373.95419268124,107.32282547417341,0.024708036000660627
replica,387,O15,1499.9292071902728,0.0014999292071902729,149992.9207190273,107.22828722374926,-0.06983021442349013
replica,388,O15,1726.8170163974928,0.0017268170163974928,172681.70163974928,107.31643178491386,0.0183143467411071
replica,389,O15,1883.8556554583108,0.001883855655458311,188385.56554583108,107.28440145639972,-0.013715981773032127
replica,390,O15,1814.002531078882,0.001814002531078882,181400.2531078882,107.25502298660508,-0.04309445156766856
replica,391,O15,1949.6197696801362,0.0019496197696801361,194961.97696801362,107.2960642746518,-0.0020531635209550814
replica,392,O15,1598.2139048894783,0.0015982139048894783,159821.39048894783,107.25708630135837,-0.04103113681438231
replica,393,O15,2007.6808313732724,0.0020076808313732723,200768.08313732725,107.25226677546803,-0.04585066270472282
replica,394,O15,1782.6767758210488,0.0017826767758210486,178267.67758210486,107.31330801651413,0.015190578341375272
replica,395,O15,2120.072893703282,0.0021200728937032817,212007.2893703282,107.3173122164168,0.019194778244042254
replica,396,O15,1596.8224053427612,0.0015968224053427612,159682.24053427612,107.32678170690302,0.028664268730267395
replica,397,O15,1513.1650121859232,0.0015131650121859232,151316.5012185923,107.33912156559192,0.041004127419171255
replica,398,O15,1484.927895857365,0.001484927895857365,148492.7895857365,107.27376383424975,-0.024353603923003675
replica,399,O15,1646.670546489283,0.001646670546489283,164667.0546489283,107.25744996212755,-0.0406674760452006
replica,400,O15,1864.983380894624,0.001864983380894624,186498.3380894624,107.29110112894256,-0.007016309230195361
replica,401,O15,1986.8021428922657,0.0019868021428922655,198680.21428922657,107.33232276685217,0.03420532867941972
replica,402,O15,1867.4126560565628,0.0018674126560565627,186741.26560565628,107.2963892075501,-0.0017282306226462651
replica,403,O15,1682.400943984037,0.001682400943984037,168240.0943984037,107.24826401296048,-0.04985342521227665
replica,404,O15,1835.7564292481654,0.0018357564292481655,183575.64292481655,107.3434678823307,0.04535044415794687
replica,405,O15,1720.0271084396377,0.0017200271084396378,172002.71084396375,107.33248633835606,0.03436890018330985
replica,406,O15,1646.2246603334274,0.0016462246603334274,164622.46603334273,107.33007777617668,0.031960338003926836
replica,407,O15,1795.013345711663,0.001795013345711663,179501.3345711663,107.37022335631252,0.07210591813976919
replica,408,O15,1712.3937802840553,0.0017123937802840552,171239.37802840554,107.246744702032,-0.051372736140749
replica,409,O15,1802.8310758346483,0.0018028310758346484,180283.10758346482,107.26757725164688,-0.030540186525868762
replica,410,O15,1710.7454510951377,0.0017107454510951376,171074.54510951377,107.27007049492686,-0.028046943245897182
replica,411,O15,1872.9689709489508,0.0018729689709489508,187296.89709489507,107.30449391959164,0.006376481418882918
replica,412,O15,1936.5763822295776,0.0019365763822295776,193657.63822295776,107.32473316682386,0.02661572865110884
replica,413,O15,1572.4978220546259,0.001572497822054626,157249.78220546257,107.41204108986031,0.11392365168755703
replica,414,O15,1718.8567167490367,0.0017188567167490366,171885.67167490366,107.32442969819584,0.02631226002309006
replica,415,O15,1900.2513972313209,0.001900251397231321,190025.13972313207,107.3067004957978,0.008583057625045853
replica,416,O15,1602.0004726077439,0.0016020004726077439,160200.0472607744,107.28258695996588,-0.015530478206869702
replica,417,O15,1506.8452834581417,0.0015068452834581417,150684.52834581418,107.27316115719148,-0.02495628098127156
replica,418,O15,1914.485789169792,0.001914485789169792,191448.5789169792,107.33777896407699,0.03966152590423633
replica,419,O15,1754.1567359429464,0.0017541567359429463,175415.67359429464,107.25957166424385,-0.03854577392890235
replica,420,O15,1663.1716771983738,0.0016631716771983737,166317.16771983737,107.26907547792277,-0.029041960249983845
replica,421,O15,1695.7391657847706,0.0016957391657847706,169573.91657847707,107.32309127047489,0.024973832302137566
replica,422,O15,1810.982422072678,0.001810982422072678,181098.2422072678,107.23385418551314,-0.06426325265961452
replica,423,O15,1691.3036215885581,0.001691303621588558,169130.3621588558,107.3154428039086,0.01732536573584298
replica,424,O15,1819.6042956521414,0.0018196042956521415,181960.42956521414,107.28945268994306,-0.0086647482296911
replica,425,O15,1979.7889573164994,0.001979788957316499,197978.89573164994,107.36660254085396,0.06848510268120833
replica,426,O15,1714.8948179310403,0.0017148948179310402,171489.48179310403,107.32166274319678,0.023545305024029517
replica,427,O15,1968.3677758036006,0.0019683677758036006,196836.77758036007,107.39454622365601,0.09642878548325484
replica,428,O15,1583.256240157527,0.001583256240157527,158325.6240157527,107.26340788351281,-0.03470955465994052
replica,429,O15,1755.8965535725085,0.0017558965535725086,175589.65535725086,107.28640486269157,-0.011712575481183762
replica,430,O15,1894.1269160594095,0.0018941269160594094,189412.69160594096,107.25884861979235,-0.039268818380406856
replica,431,O15,1777.4521505525472,0.001777452150552547,177745.21505525472,107.2603939979785,-0.037723440194255886
replica,432,O15,1852.5646605768043,0.0018525646605768043,185256.46605768043,107.35272992984335,0.05461249167059634
replica,433,O15,1720.318757507654,0.001720318757507654,172031.8757507654,107.19171469604218,-0.10640274213056955
replica,434,O15,1590.2097956250316,0.0015902097956250315,159020.97956250314,107.31567511262887,0.017557674456114114
replica,435,O15,1676.289616069193,0.001676289616069193,167628.9616069193,107.30761764218532,0.009500204012567792
replica,436,O15,1809.1549667902364,0.0018091549667902363,180915.49667902364,107.27322760940213,-0.0248898287706254
replica,437,O15,1578.3568359496826,0.0015783568359496827,157835.68359496826,107.33129894023389,0.03318150206114012
replica,438,O15,1795.4570945900564,0.0017954570945900564,179545.70945900562,107.2942117996621,-0.0039056385106590596
replica,439,O15,1778.2672255549046,0.0017782672255549047,177826.72255549044,107.28597806441952,-0.01213937375322871
replica,440,O15,1727.0796124583076,0.0017270796124583077,172707.96124583075,107.29340439596797,-0.004713042204784301
replica,441,O15,1691.374203529478,0.001691374203529478,169137.4203529478,107.24576930317836,-0.052348134994389284
replica,442,O15,1705.312692337362,0.001705312692337362,170531.2692337362,107.31343623912267,0.015318800949913225
replica,443,O15,1879.7113381383251,0.0018797113381383251,187971.1338138325,107.3644251919538,0.06630775378104659
replica,444,O15,1627.0992800350577,0.0016270992800350578,162709.92800350577,107.29665772291165,-0.0014597152611059983
replica,445,O15,1723.610049487098,0.001723610049487098,172361.0049487098,107.27576880653997,-0.02234863163278078
replica,446,O15,1624.2178588516233,0.0016242178588516233,162421.78588516233,107.33103630985552,0.0329188716827673
replica,447,O15,1675.7247951148895,0.0016757247951148895,167572.47951148896,107.36545690216664,0.06733946399388913
replica,448,O15,1677.3689371203855,0.0016773689371203855,167736.89371203855,107.27625983098378,-0.021857607188977113
replica,449,O15,1898.0357611453228,0.0018980357611453227,189803.57611453228,107.28502355130375,-0.013093886869000926
replica,450,O15,1713.821569357091,0.001713821569357091,171382.1569357091,107.25291689776816,-0.045200540404593426
replica,451,O15,1793.5214332137662,0.0017935214332137663,179352.1433213766,107.35034776209184,0.05223032391909044
replica,452,O15,2115.6843548791294,0.002115684354879129,211568.43548791294,107.32256136214555,0.02444392397279671
replica,453,O15,1919.2875762538151,0.001919287576253815,191928.75762538152,107.28053037793802,-0.017587060234731666
replica,454,O15,1855.9859089142956,0.0018559859089142955,185598.59089142954,107.28400001741362,-0.014117420759134802
replica,455,O15,2057.757680508618,0.0020577576805086177,205775.76805086178,107.29758667864039,-0.0005307595323671421
replica,456,O15,1837.5214785048606,0.0018375214785048607,183752.14785048607,107.33200561816646,0.033888179993709855
replica,457,O15,1705.9660530043077,0.0017059660530043077,170596.60530043076,107.35106682202927,0.05294938385651449
replica,458,O15,1723.9436276345928,0.0017239436276345927,172394.36276345927,107.29619135285225,-0.0019260853205054218
replica,459,O15,1746.4491845338148,0.0017464491845338148,174644.91845338148,107.35427999494135,0.05616255676859794
replica,460,O15,1844.5384568709997,0.0018445384568709997,184453.84568709997,107.33340085251454,0.03528341434179083
replica,461,O15,1614.0022005058381,0.001614002200505838,161400.2200505838,107.2564356574975,-0.04168178067524764
replica,462,O15,1784.076901506431,0.001784076901506431,178407.69015064312,107.30631318333245,0.008195745159696344
replica,463,O15,1495.3445918231173,0.0014953445918231172,149534.45918231172,107.29975762008499,0.0016401819122364714
replica,464,O15,1903.3505213196777,0.0019033505213196776,190335.05213196776,107.25286364143432,-0.04525379673843588
replica,465,O15,1756.140017262599,0.0017561400172625991,175614.00172625988,107.3051143375071,0.006996899334353657
replica,466,O15,1723.968177385952,0.001723968177385952,172396.8177385952,107.30556637192706,0.007448933754304221
replica,467,O15,1871.0918829905477,0.0018710918829905477,187109.18829905477,107.28122158950524,-0.01689584866751659
replica,468,O15,1727.2167256188795,0.0017272167256188796,172721.67256188794,107.32763079509363,0.02951335692087298
replica,469,O15,1900.452314520463,0.001900452314520463,190045.23145204628,107.27086755577916,-0.027249882393590497
replica,470,O15,1342.176777924958,0.001342176777924958,134217.67779249582,107.33868080804295,0.04056336987019904
replica,471,O15,1645.8503012933081,0.0016458503012933081,164585.03012933081,107.28466820712214,-0.013449231050614685
replica,472,O15,1937.0163084312871,0.0019370163084312872,193701.63084312872,107.31750142999837,0.019383991825620228
replica,473,O15,1769.1276272610244,0.0017691276272610243,176912.76272610243,107.31334426130604,0.015226823133289713
replica,474,O15,1708.3493141068434,0.0017083493141068435,170834.93141068434,107.31871385458336,0.02059641641061205
replica,475,O15,1851.0613291537793,0.0018510613291537793,185106.13291537794,107.22018851955929,-0.07792891861346618
replica,476,O15,2089.4581008743467,0.002089458100874347,208945.81008743466,107.37135772859531,0.07324029042256086
replica,477,O15,1848.1938928689892,0.0018481938928689892,184819.38928689892,107.34657589844417,0.04845846027141931
replica,478,O15,1842.5687720019178,0.0018425687720019178,184256.87720019178,107.3461260782567,0.04800864008394967
replica,479,O15,1927.4685120974889,0.0019274685120974889,192746.8512097489,107.3194270671682,0.021309628995453522
replica,480,O15,1794.2689492620625,0.0017942689492620625,179426.89492620624,107.36163761055228,0.06352017237952623
replica,481,O15,1680.624916368168,0.001680624916368168,168062.4916368168,107.28902263150486,-0.009094806667889088
replica,482,O15,1618.3992247399244,0.0016183992247399243,161839.92247399242,107.30661012621022,0.008492688037463836
replica,483,O15,1686.2099570483806,0.0016862099570483806,168620.99570483805,107.32420015595761,0.02608271778485971
replica,484,O15,1630.6790520157108,0.0016306790520157109,163067.90520157106,107.3025122538821,0.004394815709346744
replica,485,O15,1824.733795734436,0.0018247337957344358,182473.37957344358,107.334165012616,0.03604757444324491
replica,486,O15,1667.9363091921405,0.0016679363091921405,166793.63091921405,107.32242141817726,0.024303980004503956
replica,487,O15,1776.9481463846705,0.0017769481463846704,177694.81463846704,107.30894649781021,0.010829059637458727
replica,488,O15,1722.3381442156883,0.0017223381442156883,172233.81442156882,107.3732395358517,0.07512209767894262
replica,489,O15,1660.6294260600675,0.0016606294260600675,166062.94260600675,107.28015973049195,-0.01795770768080729
replica,490,O15,1610.299508942627,0.001610299508942627,161029.9508942627,107.31158608645082,0.01346864827806371
replica,491,O15,1969.9411045482166,0.0019699411045482167,196994.11045482164,107.34294611911324,0.04482868094048342
replica,492,O15,1528.275933518778,0.0015282759335187779,152827.5933518778,107.36003203376401,0.061914595591261445
replica,493,O15,1763.7118209262894,0.0017637118209262895,176371.18209262894,107.36922020731427,0.07110276914151825
replica,494,O15,1682.8909427051676,0.0016828909427051677,168289.09427051677,107.33989467028726,0.04177723211451223
replica,495,O15,1532.792484657923,0.001532792484657923,153279.2484657923,107.29103871108524,-0.007078727087517223
replica,496,O15,1556.7718512044762,0.0015567718512044762,155677.18512044763,107.27719190125872,-0.020925536914035092
replica,497,O15,1853.295567069974,0.001853295567069974,185329.5567069974,107.29382779258793,-0.004289645584819368
replica,498,O15,1743.661970645041,0.001743661970645041,174366.19706450411,107.34594676782716,0.04782932965440523
replica,499,O15,1709.690357588225,0.001709690357588225,170969.0357588225,107.27039953090197,-0.027717907270783826
replica,500,O15,1727.6193067480579,0.0017276193067480578,172761.93067480577,107.35000406261132,0.05188662443856629
replica,501,O15,1921.165937207255,0.001921165937207255,192116.5937207255,107.3723957129247,0.07427827475194704
replica,502,O15,2119.23963121355,0.0021192396312135504,211923.96312135502,107.32195652296143,0.023839084788676246
replica,503,O15,1828.2252326111056,0.0018282252326111057,182822.52326111056,107.28925737408534,-0.008860064087414798
replica,504,O15,1786.4462773003906,0.0017864462773003907,178644.62773003906,107.33414531220079,0.03602787402803642
replica,505,O15,1702.6986703999046,0.0017026986703999045,170269.86703999047,107.25425285352318,-0.04386458464956888
replica,506,O15,1917.0584980008712,0.0019170584980008711,191705.8498000871,107.29893889037083,0.000821452198081829
replica,507,O15,2017.1790436077233,0.0020171790436077234,201717.9043607723,107.33456717547568,0.036449737302930885
replica,508,O15,2111.79267704816,0.00211179267704816,211179.26770481598,107.3062891120228,0.008171673850043248
replica,509,O15,1742.3121445252182,0.0017423121445252182,174231.21445252182,107.27809276491186,-0.020024673260891745
replica,510,O15,2007.5877000847581,0.0020075877000847583,200758.7700084758,107.29911803414396,0.001000595971206053
replica,511,O15,2006.9112163738773,0.0020069112163738773,200691.12163738773,107.36715959851095,0.06904216033819921
replica,512,O15,1915.861768005175,0.001915861768005175,191586.1768005175,107.31306868475252,0.014951246579769872
replica,513,O15,1604.739894970952,0.001604739894970952,160473.9894970952,107.31759063300409,0.019473194831334695
replica,514,O15,1692.3650518822024,0.0016923650518822025,169236.50518822024,107.30690154184923,0.008784103676475752
replica,515,O15,1775.830423957929,0.001775830423957929,177583.0423957929,107.26214723130005,-0.03597020687270458
replica,516,O15,1590.73399782545,0.0015907339978254499,159073.399782545,107.33087433653495,0.03275689836219442
replica,517,O15,1735.0450779202938,0.0017350450779202939,173504.50779202938,107.39128676682091,0.09316932864815897
replica,518,O15,1897.6323723179426,0.0018976323723179425,189763.23723179425,107.26529863784283,-0.03281880032992035
replica,519,O15,1771.5547238950371,0.001771554723895037,177155.4723895037,107.26674748219477,-0.0313699559779792
replica,520,O15,1711.4571240581636,0.0017114571240581635,171145.71240581636,107.36781510094202,0.06969766276927203
replica,521,O15,1800.6312236850404,0.0018006312236850403,180063.12236850403,107.29895776107429,0.0008403229015385705
replica,522,O15,1715.607397194365,0.001715607397194365,171560.73971943647,107.34540054531959,0.04728310714683914
replica,523,O15,1679.9919639939417,0.0016799919639939418,167999.19639939416,107.35123633952975,0.05311890135699571
replica,524,O15,1557.9347827634408,0.0015579347827634408,155793.47827634407,107.29485673081318,-0.0032607073595727343
replica,525,O15,1724.694963567022,0.0017246949635670219,172469.49635670218,107.3335967749951,0.03547933682234827
replica,526,O15,1730.1560943044883,0.0017301560943044883,173015.60943044882,107.24481745616526,-0.053299982007487756
replica,527,O15,1694.9330775588319,0.0016949330775588318,169493.30775588317,107.35768224752744,0.05956480935468278
replica,528,O15,1922.2404818007076,0.0019222404818007076,192224.04818007076,107.25865289470978,-0.03946454346296946
replica,529,O15,1651.645980145247,0.001651645980145247,165164.5980145247,107.37879662028828,0.08067918211553149
replica,530,O15,1888.3551025688269,0.001888355102568827,188835.51025688267,107.27815912799814,-0.01995831017461569
replica,531,O15,1667.2704204950692,0.001667270420495069,166727.0420495069,107.29806606625803,-5.137191472215363e-05
replica,532,O15,1609.7116814985775,0.0016097116814985774,160971.16814985775,107.3034532711254,0.005335832952653163
replica,533,O15,1742.123495519997,0.0017421234955199971,174212.3495519997,107.29660559784605,-0.0015118403266995983
replica,534,O15,1466.075978086994,0.0014660759780869938,146607.5978086994,107.36561373965723,0.06749630148448205
replica,535,O15,1572.2790866184746,0.0015722790866184745,157227.90866184747,107.37155421343334,0.07343677526058912
replica,536,O15,1734.6847048907075,0.0017346847048907074,173468.47048907075,107.2697253537183,-0.028392084454452515
replica,537,O15,1756.0571065528538,0.0017560571065528539,175605.71065528537,107.30471572481596,0.006598286643210827
replica,538,O15,1807.6411117558946,0.0018076411117558945,180764.11117558947,107.31627108392208,0.018153645749322322
replica,539,O15,2137.7783309893184,0.0021377783309893183,213777.83309893185,107.2467861560789,-0.05133128209385518
replica,540,O15,1802.5229252755976,0.0018025229252755977,180252.29252755977,107.3707780968726,0.07266065869984573
replica,541,O15,1716.8430887205768,0.001716843088720577,171684.30887205768,107.39007746244665,0.09196002427390226
replica,542,O15,1939.761718337804,0.001939761718337804,193976.1718337804,107.29232050195512,-0.005796936217635107
replica,543,O15,1902.150145392191,0.001902150145392191,190215.0145392191,107.3171996628193,0.01908222464655296
replica,544,O15,1820.1201559657227,0.0018201201559657227,182012.01559657225,107.32969165876086,0.03157422058811221
replica,545,O15,1873.2159622760696,0.0018732159622760695,187321.59622760696,107.37641846695698,0.07830102878422451
replica,546,O15,1842.8523057774214,0.0018428523057774215,184285.23057774213,107.2857839727325,-0.012333465440249824
replica,547,O15,1700.6662099721639,0.0017006662099721638,170066.62099721638,107.33153299379185,0.0334155556191007
replica,548,O15,1707.5000648878674,0.0017075000648878675,170750.00648878675,107.28866007926293,-0.009457358909827462
replica,549,O15,1515.3430915652134,0.0015153430915652135,151534.30915652134,107.34675207322864,0.048634635055890385
replica,550,O15,1771.1440669814829,0.001771144066981483,177114.4066981483,107.26419242166355,-0.0339250165092011
replica,551,O15,1585.0970947006335,0.0015850970947006336,158509.70947006336,107.33427805744422,0.036160619271470296
replica,552,O15,1781.8604464408086,0.0017818604464408085,178186.04464408086,107.30677447255644,0.008657034383688256
replica,553,O15,1744.9595525338134,0.0017449595525338133,174495.95525338134,107.27865678484227,-0.019460653330483524
replica,554,O15,1794.9071370039387,0.0017949071370039387,179490.71370039386,107.3458518673986,0.04773442922584081
replica,555,O15,1719.1525485276666,0.0017191525485276665,171915.25485276667,107.24716409372213,-0.05095334445061894
replica,556,O15,1667.0619129452427,0.0016670619129452427,166706.19129452427,107.26764090195424,-0.030476536218515093
replica,557,O15,1840.702609253408,0.001840702609253408,184070.2609253408,107.26622621737656,-0.03189122079619722
replica,558,O15,1905.9528111163445,0.0019059528111163445,190595.28111163445,107.20871824480267,-0.08939919337008462
replica,559,O15,2264.399940508066,0.002264399940508066,226439.99405080656,107.30759713168372,0.009479693510968445
replica,560,O15,1877.0057954870153,0.0018770057954870154,187700.57954870153,107.3236822857079,0.025564847535150648
replica,561,O15,1447.8258956284221,0.0014478258956284221,144782.58956284221,107.30498211557047,0.006864677397715013
replica,562,O15,1903.5813336283704,0.0019035813336283705,190358.13336283705,107.31929506147094,0.021177623298186177
replica,563,O15,1677.2680791618868,0.0016772680791618869,167726.80791618867,107.25584446503113,-0.04227297314162115
replica,564,O15,1963.2391217031486,0.0019632391217031487,196323.91217031487,107.2796819026667,-0.018435535506057477
replica,565,O15,1705.4732912175602,0.0017054732912175602,170547.32912175602,107.29799563243493,-0.00012180573781961357
replica,566,O15,1688.004461645478,0.001688004461645478,168800.4461645478,107.33348703144428,0.035369593271525446
replica,567,O15,1842.7464861672288,0.0018427464861672288,184274.64861672287,107.3120143508261,0.013896912653351023
replica,568,O15,1833.3744383035391,0.001833374438303539,183337.4438303539,107.31759353176622,0.019476093593468136
replica,569,O15,1738.1747193784765,0.0017381747193784766,173817.47193784764,107.31620197623582,0.018084538063064315
replica,570,O15,1593.6954287708077,0.0015936954287708077,159369.54287708076,107.30310163260455,0.004984194431798983
replica,571,O15,1811.7844565365635,0.0018117844565365636,181178.44565365635,107.31104059753089,0.012923159358138037
replica,572,O15,2077.541574712691,0.0020775415747126907,207754.15747126908,107.28619331347763,-0.011924124695127603
replica,573,O15,1816.9000377750422,0.0018169000377750422,181690.0037775042,107.3062573383204,0.008139900147654089
replica,574,O15,1860.8285469923064,0.0018608285469923064,186082.85469923064,107.2648928939818,-0.03322454419095777
replica,575,O15,1873.152905955922,0.0018731529059559222,187315.2905955922,107.2982405787421,0.00012314056934314976
replica,576,O15,1523.3559694445717,0.0015233559694445716,152335.59694445715,107.3580277252303,0.05991028705754786
replica,577,O15,1589.2939100298634,0.0015892939100298634,158929.39100298632,107.22900818330474,-0.06910925486801034
replica,578,O15,1767.947180105728,0.001767947180105728,176794.7180105728,107.23957528399872,-0.05854215417403452
replica,579,O15,1892.169881918252,0.001892169881918252,189216.9881918252,107.37609794979754,0.07798051162478714
replica,580,O15,1890.7692016661713,0.0018907692016661712,189076.9201666171,107.30529095587924,0.007173517706490884
replica,581,O15,1855.4743619872124,0.0018554743619872125,185547.43619872123,107.33833618748933,0.04021874931657976
replica,582,O15,1668.8154709333444,0.0016688154709333443,166881.54709333443,107.30972226015844,0.011604821985685021
replica,583,O15,1995.2623080819842,0.0019952623080819842,199526.23080819842,107.29458949756882,-0.0035279406039308014
replica,584,O15,1719.1285454354056,0.0017191285454354057,171912.85454354057,107.28834281541499,-0.009774622757760199
replica,585,O15,1787.8547539754807,0.0017878547539754808,178785.47539754806,107.31706227004912,0.018944831876368085
replica,586,O15,1645.1473900776211,0.001645147390077621,164514.7390077621,107.35943946114,0.061322022967246426
replica,587,O15,1676.1126092960185,0.0016761126092960186,167611.26092960185,107.31520993974095,0.01709250156820019
replica,588,O15,1875.2930142587336,0.0018752930142587336,187529.30142587336,107.35104928698868,0.05293184881593049
replica,589,O15,1717.2684872389177,0.0017172684872389177,171726.84872389177,107.3885082606162,0.09039082244345309
replica,590,O15,1916.9535723909985,0.0019169535723909984,191695.35723909983,107.31583768655284,0.0177202483800869
replica,591,O15,1590.4412197685483,0.0015904412197685484,159044.12197685483,107.36114974771337,0.0630323095406169
replica,592,O15,1856.4786935218972,0.0018564786935218972,185647.8693521897,107.28156827736319,-0.016549160809560703
replica,593,O15,1967.0158345228388,0.0019670158345228388,196701.58345228387,107.29637830973674,-0.0017391284360144255
replica,594,O15,1906.2195005439187,0.0019062195005439186,190621.95005439187,107.28781589659758,-0.010301541575174156
replica,595,O15,1726.611916513485,0.0017266119165134852,172661.19165134852,107.29825034411729,0.00013290594453962967
replica,596,O15,1883.8099904920507,0.0018838099904920508,188380.99904920507,107.31278631558507,0.014668877412319148
replica,597,O15,1762.0356824142577,0.0017620356824142578,176203.56824142576,107.3369759597798,0.03885852160705383
replica,598,O15,1905.9708135682638,0.0019059708135682639,190597.08135682638,107.36215105887487,0.06403362070211926
replica,599,O15,1742.7010264801888,0.0017427010264801888,174270.1026480189,107.25097881690962,-0.047138621263130176
replica,600,O15,1679.6670767903463,0.0016796670767903464,167966.70767903462,107.3063667035426,0.008249265369840941
replica,601,O15,1820.8256823084714,0.0018208256823084713,182082.56823084713,107.33100020279178,0.032882764619031946
replica,602,O15,1711.2240592963885,0.0017112240592963885,171122.40592963886,107.32798736531372,0.02986992714096459
replica,603,O15,1942.427415919338,0.001942427415919338,194242.7415919338,107.34720335112215,0.04908591294939413
replica,604,O15,1754.656320236003,0.001754656320236003,175465.6320236003,107.3522722597568,0.05415482158404927
replica,605,O15,1967.4212737520425,0.0019674212737520423,196742.12737520423,107.33240628505797,0.03428884688521805
replica,606,O15,2050.936401621937,0.002050936401621937,205093.64016219368,107.27817536408935,-0.019942074083402872
replica,607,O15,1603.7165643654698,0.0016037165643654698,160371.65643654697,107.3866058864803,0.08848844830754388
replica,608,O15,1922.5480183734394,0.0019225480183734393,192254.80183734393,107.30848049583254,0.010363057659787955
replica,609,O15,2048.1358233578567,0.0020481358233578567,204813.58233578567,107.29557677162713,-0.002540666545627346
replica,610,O15,1790.8682038857896,0.0017908682038857897,179086.82038857896,107.28719448637541,-0.010922951797340374
replica,611,O15,1913.393095462693,0.001913393095462693,191339.3095462693,107.30180938234625,0.0036919441734966085
replica,612,O15,1762.2018078438568,0.0017622018078438568,176220.18078438568,107.27122943802897,-0.026888000143785007
replica,613,O15,1707.839671817692,0.001707839671817692,170783.9671817692,107.20111009997521,-0.09700733819754248
replica,614,O15,1608.3529918154195,0.0016083529918154195,160835.29918154195,107.30598033485663,0.007862896683874965
replica,615,O15,1815.6127967170944,0.0018156127967170943,181561.27967170943,107.35546226241625,0.057344824243500625
replica,616,O15,1581.598409311762,0.001581598409311762,158159.8409311762,107.30768738615492,0.009569947982171811
replica,617,O15,1770.6483780028825,0.0017706483780028826,177064.83780028825,107.20853434813334,-0.08958309003941167
replica,618,O15,1943.7781391114986,0.0019437781391114985,194377.81391114986,107.2756266490066,-0.022490789166155878
replica,619,O15,1659.4451205181633,0.0016594451205181632,165944.51205181633,107.25864628080865,-0.03947115736410467
replica,620,O15,1666.7958966469173,0.0016667958966469173,166679.58966469174,107.2378673733364,-0.06025006483635309
replica,621,O15,1685.9585747623125,0.0016859585747623126,168595.85747623126,107.37933204959577,0.08121461142302167
replica,622,O15,1843.9613235964987,0.0018439613235964986,184396.13235964987,107.2925043163952,-0.0056131217775572395
replica,623,O15,2024.609689710255,0.002024609689710255,202460.9689710255,107.35651517310316,0.05839773493040923
replica,624,O15,1938.180548948902,0.001938180548948902,193818.0548948902,107.2707457623671,-0.027371675805653695
replica,625,O15,1995.8297191138934,0.001995829719113893,199582.97191138932,107.32042924288163,0.022311804708877503
replica,626,O15,1758.9636242885374,0.0017589636242885374,175896.36242885372,107.31070943010573,0.012591991932978885
replica,627,O15,1958.7568629582156,0.0019587568629582156,195875.68629582156,107.28622952497754,-0.011887913195209876
replica,628,O15,1969.8110050536816,0.0019698110050536816,196981.10050536814,107.33252380009176,0.03440636191901092
replica,629,O15,1731.3856367110598,0.0017313856367110597,173138.56367110598,107.38478769047907,0.08667025230631964
replica,630,O15,1724.9178259688524,0.0017249178259688524,172491.78259688523,107.32224221660641,0.024124778433659344
replica,631,O15,1808.7918404048953,0.0018087918404048953,180879.18404048952,107.24421460406933,-0.053902834103425334
replica,632,O15,1361.2285738029627,0.0013612285738029627,136122.85738029628,107.31316248196642,0.015045043793662671
replica,633,O15,1971.7462764270845,0.0019717462764270843,197174.62764270845,107.32675981854149,0.028642380368737008
replica,634,O15,1545.2036449682078,0.0015452036449682077,154520.36449682078,107.2892933089388,-0.008824129233957478
replica,635,O15,2067.881193133403,0.002067881193133403,206788.11931334028,107.30914937453133,0.011031936358577354
replica,636,O15,1662.3989591373515,0.0016623989591373516,166239.89591373515,107.22489510891145,-0.07322232926129857
replica,637,O15,1470.3057612192893,0.0014703057612192893,147030.57612192893,107.30821753496038,0.01010009678762458
replica,638,O15,1726.8650764538152,0.0017268650764538152,172686.50764538153,107.29869911502811,0.0005816768553614793
replica,639,O15,1687.0626700823132,0.0016870626700823132,168706.2670082313,107.24812524866415,-0.049992189508600404
replica,640,O15,1994.7752753366076,0.0019947752753366075,199477.52753366076,107.30848612896544,0.01036869079268854
replica,641,O15,1875.5653629529477,0.0018755653629529477,187556.53629529476,107.2796001093217,-0.018517328851046955
replica,642,O15,1830.9450687364558,0.0018309450687364558,183094.5068736456,107.36265865042412,0.06454121225137044
replica,643,O15,1955.465061398094,0.001955465061398094,195546.50613980938,107.23653935818288,-0.061578079989871526
replica,644,O15,1579.4261436215259,0.0015794261436215258,157942.61436215258,107.35638115517439,0.058263717001636905
replica,645,O15,1769.181195827114,0.001769181195827114,176918.1195827114,107.3155862641988,0.017468826026046713
replica,646,O15,2004.9912070467492,0.0020049912070467493,200499.12070467492,107.31353657810287,0.015419139930116899
replica,647,O15,1798.4207428995571,0.0017984207428995572,179842.07428995572,107.21015605771909,-0.0879613804536632
replica,648,O15,1920.743079206279,0.0019207430792062788,192074.30792062788,107.26314475016925,-0.03497268800350639
replica,649,O15,1739.9012983448486,0.0017399012983448485,173990.12983448486,107.30192715260429,0.003809714431540101
replica,650,O15,1788.3337525269671,0.0017883337525269672,178833.37525269671,107.28794878940289,-0.010168648769862898
replica,651,O15,1775.1240171244028,0.001775124017124403,177512.40171244027,107.29389071895505,-0.004226719217697905
replica,652,O15,1720.8252581193017,0.0017208252581193016,172082.52581193016,107.31646228088512,0.01834484271236647
replica,653,O15,1848.5105727825894,0.0018485105727825894,184851.05727825893,107.35843676313051,0.060319324957760045
replica,654,O15,1622.5623120720043,0.0016225623120720042,162256.2312072004,107.3484205741134,0.050303135940652055
replica,655,O15,1691.4418420309564,0.0016914418420309564,169144.18420309565,107.29705642147168,-0.0010610167010725036
replica,656,O15,1714.1665693633086,0.0017141665693633085,171416.65693633087,107.287680207915,-0.01043723025775023
replica,657,O15,1795.6479918528992,0.0017956479918528991,179564.7991852899,107.32930280251786,0.03118536434510588
replica,658,O15,1730.5926181133416,0.0017305926181133415,173059.26181133415,107.3772421106984,0.07912467252565136
replica,659,O15,1555.7742162609993,0.0015557742162609993,155577.42162609994,107.37409938691303,0.07598194874027797
replica,660,O15,1699.4208138652875,0.0016994208138652875,169942.08138652876,107.29565945054655,-0.0024579876262009748
replica,661,O15,1868.8476606934655,0.0018688476606934655,186884.76606934654,107.3118105905408,0.0136931523680488
replica,662,O15,1985.7710954615825,0.0019857710954615825,198577.10954615826,107.37910555908253,0.08098812090977958
replica,663,O15,1680.832445874254,0.0016808324458742541,168083.2445874254,107.3665316974997,0.06841425932694278
replica,664,O15,1777.9104831336274,0.0017779104831336275,177791.04831336273,107.32773940069197,0.029621962519215117
replica,665,O15,1961.3124140616285,0.0019613124140616285,196131.24140616285,107.38208478132572,0.08396734315296328
replica,666,O15,1743.1205935426287,0.0017431205935426288,174312.05935426286,107.2805121447492,-0.0176052934235571
replica,667,O15,1686.6573927759732,0.0016866573927759732,168665.7392775973,107.28520432975353,-0.01291310841922666
replica,668,O15,1734.8868581733477,0.0017348868581733476,173488.68581733477,107.26482220753375,-0.03329523063899842
replica,669,O15,1892.4924181517763,0.0018924924181517762,189249.24181517764,107.26977407364909,-0.02834336452366415
replica,670,O15,1719.2698185018503,0.0017192698185018503,171926.98185018502,107.32245382221092,0.024336384038164738
replica,671,O15,1796.6376756951963,0.0017966376756951964,179663.76756951964,107.30478885087311,0.006671412700356427
replica,672,O15,1777.0993744183345,0.0017770993744183345,177709.93744183343,107.29449506951762,-0.0036223686551295486
replica,673,O15,1731.6556720220233,0.0017316556720220232,173165.56720220234,107.31347706270655,0.015359624533800798
replica,674,O15,1654.7312855280175,0.0016547312855280175,165473.12855280173,107.22014104142555,-0.07797639674720358
replica,675,O15,1928.0644020394168,0.001928064402039417,192806.4402039417,107.26071452440632,-0.037402913766428014
replica,676,O15,1746.7333160042326,0.0017467333160042326,174673.33160042326,107.31711321843682,0.018995780264063455
replica,677,O15,1887.4783867899266,0.0018874783867899266,188747.83867899264,107.30344300123778,0.005325563065028405
replica,678,O15,1672.6051589068427,0.0016726051589068427,167260.51589068427,107.36448589729196,0.06636845911920375
replica,679,O15,1783.6092601927885,0.0017836092601927886,178360.92601927885,107.27725041789434,-0.02086702027841625
replica,680,O15,1798.33648703782,0.00179833648703782,179833.648703782,107.30488059805451,0.006763159881757019
replica,681,O15,1624.6426338804213,0.0016246426338804212,162464.26338804213,107.23568688415018,-0.06243055402256914
replica,682,O15,2102.734413984561,0.002102734413984561,210273.44139845608,107.37528800830492,0.07717057013216788
replica,683,O15,1849.6518183992948,0.0018496518183992948,184965.1818399295,107.29500900339266,-0.003108434780088487
replica,684,O15,1612.6705215260176,0.0016126705215260175,161267.05215260177,107.3778513498322,0.07973391165944577
replica,685,O15,1880.5013739893404,0.0018805013739893405,188050.13739893405,107.35294270078613,0.05482526261337739
replica,686,O15,1771.279267179455,0.001771279267179455,177127.9267179455,107.3593653051844,0.06124786701164453
replica,687,O15,1681.4944437424015,0.0016814944437424015,168149.44437424015,107.24756961669858,-0.050547821474168586
replica,688,O15,1713.5630207462518,0.001713563020746252,171356.3020746252,107.30825543290335,0.01013799473059862
replica,689,O15,1673.6517881214843,0.0016736517881214843,167365.17881214843,107.22448307984861,-0.07363435832414211
replica,690,O15,1574.113008532309,0.001574113008532309,157411.3008532309,107.21057993058228,-0.08753750759046852
replica,691,O15,1676.08564442628,0.00167608564442628,167608.564442628,107.26974173189227,-0.028375706280485247
replica,692,O15,1686.369637820383,0.0016863696378203832,168636.9637820383,107.31560303954932,0.01748560137656341
replica,693,O15,1951.4351407115987,0.0019514351407115987,195143.51407115988,107.29404274175259,-0.004074696420161672
replica,694,O15,1463.3612966590517,0.0014633612966590518,146336.12966590517,107.25690945529996,-0.04120798287279115
replica,695,O15,1694.528851556719,0.001694528851556719,169452.8851556719,107.28560569947201,-0.012511738700737851
replica,696,O15,1766.9969255097017,0.0017669969255097017,176699.69255097015,107.34765886646402,0.0495414282912634
replica,697,O15,1834.3799329078463,0.0018343799329078464,183437.99329078462,107.34143864283415,0.043321204661395996
replica,698,O15,1620.9172691792842,0.0016209172691792843,162091.7269179284,107.3167423539218,0.01862491574904368
replica,699,O15,2059.9814649633527,0.0020599814649633528,205998.14649633525,107.37814273371278,0.08002529554002535
replica,700,O15,1874.441241624336,0.0018744412416243361,187444.1241624336,107.32106234023796,0.022944902065205497
replica,701,O15,1884.2113008326444,0.0018842113008326444,188421.13008326443,107.28816123794857,-0.009956200224181089
replica,702,O15,1667.4082845604826,0.0016674082845604826,166740.82845604824,107.35144195311388,0.053324514941124335
replica,703,O15,1717.0854612733053,0.0017170854612733053,171708.54612733054,107.36812206204165,0.07000462386889694
replica,704,O15,1671.400602559063,0.001671400602559063,167140.06025590628,107.35452627614626,0.05640883797350682
replica,705,O15,1693.4916248162135,0.0016934916248162136,169349.16248162134,107.29821402837104,9.65901982823425e-05
replica,706,O15,1716.32376941538,0.00171632376941538,171632.37694153798,107.28000630978642,-0.018111128386337327
replica,707,O15,1764.0528508538691,0.001764052850853869,176405.28508538692,107.31868401963804,0.02056658146528889
replica,708,O15,1486.9097606866922,0.0014869097606866923,148690.9760686692,107.2655051603461,-0.03261227782665799
replica,709,O15,1893.186542199911,0.0018931865421999109,189318.6542199911,107.24718945795387,-0.050927980218887114
replica,710,O15,1817.5074038358387,0.0018175074038358386,181750.74038358385,107.34599960424214,0.047882166069385335
replica,711,O15,1500.0881179076068,0.0015000881179076068,150008.8117907607,107.31344608589225,0.0153286477194996
replica,712,O15,1891.4929127803907,0.0018914929127803908,189149.29127803908,107.27753333570827,-0.020584102464482612
replica,713,O15,1941.9434971819737,0.0019419434971819738,194194.34971819737,107.36343773996263,0.0653203017898818
replica,714,O15,1899.0366307230206,0.0018990366307230207,189903.66307230206,107.2704333621531,-0.027684076019653503
replica,715,O15,1822.945987659643,0.001822945987659643,182294.5987659643,107.32013047004114,0.022013031868382882
replica,716,O15,1658.625943177559,0.001658625943177559,165862.5943177559,107.36268975789176,0.06457231971900512
replica,717,O15,1993.5800536205122,0.001993580053620512,199358.00536205122,107.2425815944979,-0.05553584367484632
replica,718,O15,1656.404650140361,0.0016564046501403608,165640.46501403608,107.29716368581988,-0.0009537523528706515
replica,719,O15,1962.4232450868246,0.0019624232450868246,196242.32450868245,107.27197769114564,-0.0261397470271163
replica,720,O15,1618.6492935651986,0.0016186492935651986,161864.92935651986,107.28051085037707,-0.017606587795683026
replica,721,O15,1847.4550301776055,0.0018474550301776054,184745.50301776055,107.38005254236275,0.08193510418999495
replica,722,O15,1809.905697681998,0.001809905697681998,180990.56976819978,107.31342274824712,0.01530531007436764
replica,723,O15,1957.7906894483126,0.0019577906894483127,195779.06894483126,107.28235792550328,-0.01575951266947584
replica,724,O15,1542.8482740434044,0.0015428482740434044,154284.82740434044,107.28599952152747,-0.012117916645280502
replica,725,O15,1878.5305306643224,0.0018785305306643224,187853.05306643224,107.26936578669175,-0.028751651481002227
replica,726,O15,1823.2924300717223,0.0018232924300717222,182329.24300717222,107.32452458559851,0.02640714742575767
replica,727,O15,1782.4839016501578,0.0017824839016501578,178248.39016501576,107.31361390978547,0.015496471612721052
replica,728,O15,1692.82912234743,0.00169282912234743,169282.912234743,107.29397463116602,-0.004142807006729754
replica,729,O15,1696.7543477262634,0.0016967543477262633,169675.43477262635,107.27601994969116,-0.022097488481591654
replica,730,O15,1703.1714646394244,0.0017031714646394244,170317.14646394242,107.31061159500092,0.012494156828168457
replica,731,O15,1981.9136954217984,0.0019819136954217983,198191.36954217983,107.34096173950513,0.04284430133238004
replica,732,O15,1767.229548136666,0.001767229548136666,176722.95481366658,107.28949246469672,-0.008624973476031528
replica,733,O15,1377.7869916275588,0.0013777869916275587,137778.6991627559,107.22675848157934,-0.07135895659341429
replica,734,O15,1785.9067289446498,0.0017859067289446497,178590.67289446498,107.27068618774182,-0.027431250430936416
replica,735,O15,1702.808424767222,0.0017028084247672221,170280.8424767222,107.26692381538307,-0.031193622789686515
replica,736,O15,1739.1490667246248,0.001739149066724625,173914.90667246247,107.3324581529024,0.03434071472965172
replica,737,O15,1796.3667219006784,0.0017963667219006783,179636.67219006782,107.35255149789045,0.05443405971769266
replica,738,O15,1729.156715644589,0.001729156715644589,172915.6715644589,107.3467022718488,0.04858483367604549
replica,739,O15,1667.6995510613262,0.0016676995510613263,166769.95510613263,107.33785317413829,0.03973573596553592
replica,740,O15,1692.5679773592328,0.001692567977359233,169256.7977359233,107.3743067687611,0.07618933058834898
replica,741,O15,2029.6003925086816,0.0020296003925086817,202960.03925086814,107.27423142681864,-0.02388601135410795
replica,742,O15,1840.6419224361944,0.0018406419224361943,184064.19224361944,107.34473167238242,0.04661423420967026
replica,743,O15,1995.0803394320171,0.001995080339432017,199508.0339432017,107.2495458119669,-0.04857162620585598
replica,744,O15,1892.2041921109326,0.0018922041921109326,189220.41921109325,107.33521975371791,0.03710231554515531
replica,745,O15,1819.0728841236632,0.0018190728841236633,181907.28841236632,107.24974528917794,-0.048372148994815234
replica,746,O15,1858.553042251519,0.0018585530422515189,185855.3042251519,107.17582350153374,-0.12229393663901078
replica,747,O15,1697.6613597998607,0.0016976613597998607,169766.13597998608,107.23319198178946,-0.06492545638329261
replica,748,O15,1746.9197998501563,0.0017469197998501564,174691.97998501564,107.28346890307715,-0.01464853509560271
replica,749,O15,1800.3815422509917,0.0018003815422509917,180038.15422509916,107.36136004521495,0.06324260704219853
replica,750,O15,1547.332448173712,0.001547332448173712,154733.2448173712,107.33383259076007,0.03571515258731495
replica,751,O15,1623.6345066574522,0.0016236345066574522,162363.45066574521,107.38937809693506,0.09126065876230882
replica,752,O15,1936.1030731163628,0.0019361030731163628,193610.30731163628,107.28750417922083,-0.010613258951920557
replica,753,O15,1912.1965473222494,0.0019121965473222495,191219.65473222494,107.37705393764736,0.07893649947460801
replica,754,O15,1825.0051807834038,0.0018250051807834039,182500.5180783404,107.29261495240013,-0.0055024857726238
replica,755,O15,1525.8767626089302,0.0015258767626089302,152587.67626089303,107.27421420952388,-0.023903228648876507
replica,756,O15,1727.0860652101549,0.0017270860652101548,172708.6065210155,107.31523959723988,0.017122159067127996
replica,757,O15,1817.6850377181013,0.0018176850377181013,181768.50377181012,107.35813092706498,0.06001348889222413
replica,758,O15,1728.4697039744074,0.0017284697039744075,172846.97039744075,107.26645922790959,-0.03165821026315996
replica,759,O15,1859.5468915232377,0.0018595468915232377,185954.68915232376,107.33346072826846,0.035343290095710245
replica,760,O15,1568.842624241311,0.001568842624241311,156884.2624241311,107.26100836467486,-0.037109073497887834
replica,761,O15,1675.781614415032,0.001675781614415032,167578.1614415032,107.29207627755751,-0.00604116061523996
replica,762,O15,1961.7250347814393,0.001961725034781439,196172.50347814392,107.3152762364439,0.017158798271154296
replica,763,O15,1889.6654457661734,0.0018896654457661733,188966.54457661734,107.32500164175093,0.026884203578177335
replica,764,O15,1855.602635016686,0.001855602635016686,185560.2635016686,107.35680920492524,0.05869176675248866
replica,765,O15,1727.0141869664403,0.0017270141869664404,172701.41869664402,107.31302388812799,0.014906449955233825
replica,766,O15,1933.7969922148945,0.0019337969922148944,193379.69922148946,107.23387751977558,-0.06423991839717758
replica,767,O15,1584.4058310604237,0.0015844058310604237,158440.58310604235,107.35452303485022,0.05640559667746459
replica,768,O15,2010.7299441918958,0.002010729944191896,201072.99441918958,107.36807383393449,0.06995639576173573
replica,769,O15,1777.3292751347915,0.0017773292751347915,177732.92751347914,107.25585802841977,-0.0422594097529867
replica,770,O15,1947.3504995399078,0.0019473504995399077,194735.04995399076,107.28113290246259,-0.016984535710165005
replica,771,O15,1742.355668892205,0.001742355668892205,174235.5668892205,107.29208914420873,-0.006028293964021714
replica,772,O15,1721.9120320996863,0.0017219120320996863,172191.20320996863,107.28647302817772,-0.011644409995028582
replica,773,O15,1639.3921604678967,0.0016393921604678967,163939.21604678966,107.29012780658806,-0.007989631584692347
replica,774,O15,2283.451968512098,0.002283451968512098,228345.1968512098,107.36474483511013,0.06662739693737763
replica,775,O15,1503.8311317589735,0.0015038311317589735,150383.11317589734,107.330516553346,0.03239911517324856
replica,776,O15,1593.8477956185297,0.0015938477956185298,159384.77956185298,107.38079952949141,0.08268209131865945
replica,777,O15,1907.3446985138726,0.0019073446985138727,190734.46985138726,107.43362476611921,0.13550732794645626
replica,778,O15,1578.670600360747,0.001578670600360747,157867.0600360747,107.23413563461871,-0.06398180355404293
replica,779,O15,1800.0814199677516,0.0018000814199677516,180008.14199677514,107.32866821872277,0.030550780550015588
replica,780,O15,1719.3795784431754,0.0017193795784431753,171937.95784431754,107.31034787455208,0.012230436379326193
replica,781,O15,1935.108409418883,0.001935108409418883,193510.84094188828,107.36287331277661,0.06475587460386123
replica,782,O15,1787.6854263850341,0.001787685426385034,178768.54263850342,107.29616751382474,-0.0019499243480112227
replica,783,O15,1712.4449678839374,0.0017124449678839373,171244.49678839374,107.42311772415012,0.12500028597736446
replica,784,O15,1620.8035301988734,0.0016208035301988734,162080.35301988735,107.22727914534192,-0.07083829283082821
replica,785,O15,1983.2561063705068,0.0019832561063705067,198325.61063705067,107.29813261794169,1.5179768936945948e-05
replica,786,O15,1665.357337987981,0.001665357337987981,166535.73379879812,107.37314385248963,0.07502641431688062
replica,787,O15,1628.4814941795144,0.0016284814941795143,162848.14941795144,107.24104365233126,-0.057073785841495805
replica,788,O15,1813.695695107435,0.001813695695107435,181369.56951074352,107.29588397742026,-0.002233460752492533
replica,789,O15,1672.285706708918,0.001672285706708918,167228.57067089182,107.28649959905954,-0.01161783911321379
replica,790,O15,1753.8578066496952,0.0017538578066496953,175385.78066496953,107.30027110771267,0.0021536695399220207
replica,791,O15,1818.4848469359194,0.0018184848469359194,181848.48469359195,107.33803493224228,0.03991749406952749
replica,792,O15,1640.5561851620591,0.0016405561851620591,164055.6185162059,107.27687571401623,-0.02124172415652481
replica,793,O15,1766.472234150901,0.001766472234150901,176647.2234150901,107.35451606932122,0.056398631148468326
replica,794,O15,1644.6482490500362,0.001644648249050036,164464.82490500362,107.34235955385566,0.04424211568290559
replica,795,O15,1836.0322439491983,0.0018360322439491983,183603.22439491982,107.33817119479147,0.04005375661871824
replica,796,O15,1808.2316877544254,0.0018082316877544254,180823.16877544252,107.33988392999954,0.04176649182679171
replica,797,O15,1597.7512895316117,0.0015977512895316117,159775.12895316118,107.32077851039327,0.022661072220515166
replica,798,O15,1684.5123589606935,0.0016845123589606936,168451.23589606935,107.2409939270073,-0.05712351116545733
replica,799,O15,2020.0957457996244,0.0020200957457996243,202009.57457996244,107.26567234039756,-0.03244509777519511
replica,800,O15,1880.9793611513408,0.0018809793611513407,188097.93611513407,107.30177119645332,0.0036537582805635793
replica,801,O15,1555.2251047713617,0.0015552251047713616,155522.51047713615,107.3441116024048,0.04599416423204161
replica,802,O15,1537.2874493914887,0.0015372874493914887,153728.74493914886,107.28210590176452,-0.01601153640822872
replica,803,O15,1679.2371143393525,0.0016792371143393525,167923.71143393524,107.37080568312626,0.07268824495351112
replica,804,O15,1692.4131855246144,0.0016924131855246144,169241.31855246142,107.2609381889758,-0.037179249196952924
replica,805,O15,1651.500618204113,0.0016515006182041129,165150.0618204113,107.2733102334362,-0.02480720473654685
replica,806,O15,1664.0509770807726,0.0016640509770807727,166405.09770807726,107.3241865923323,0.026069154159543473
replica,807,O15,2011.99684012618,0.00201199684012618,201199.68401261797,107.30060566514729,0.0024882269745347685
replica,808,O15,1617.471414936534,0.001617471414936534,161747.1414936534,107.34890275550696,0.05078531733420277
replica,809,O15,1862.888329799503,0.001862888329799503,186288.8329799503,107.32825387119492,0.03013643302216451
replica,810,O15,1668.2427080684747,0.0016682427080684746,166824.27080684746,107.22877801720632,-0.06933942096642909
replica,811,O15,1813.1817086687665,0.0018131817086687665,181318.17086687664,107.30488518166082,0.0067677434880693
replica,812,O15,1783.9041362460598,0.0017839041362460598,178390.41362460598,107.28761434136193,-0.010503096810822399
replica,813,O15,1817.2899067997319,0.0018172899067997318,181728.99067997318,107.2928295845162,-0.0052878536565543754
replica,814,O15,1829.3583422977622,0.0018293583422977623,182935.83422977623,107.32344782351221,0.025330385339458417
replica,815,O15,1549.0334411086735,0.0015490334411086735,154903.34411086736,107.31362670909584,0.015509270923089957
replica,816,O15,1691.8645852129382,0.0016918645852129382,169186.45852129383,107.3282496199676,0.030132181794840562
replica,817,O15,1811.7657605915138,0.0018117657605915137,181176.57605915138,107.32016360983522,0.022046171662466918
replica,818,O15,1896.508947039214,0.001896508947039214,189650.8947039214,107.27994399309961,-0.018173445073145444
replica,819,O15,1677.6687370724676,0.0016776687370724675,167766.87370724676,107.29037798911756,-0.007739449055193859
replica,820,O15,1756.106838546551,0.0017561068385465509,175610.6838546551,107.27985397111652,-0.018263467056229388
replica,821,O15,1750.0163689108344,0.0017500163689108345,175001.63689108344,107.32260022771788,0.024482789545132277
replica,822,O15,1709.1800518225243,0.0017091800518225244,170918.00518225244,107.29233879734782,-0.005778640824928516
replica,823,O15,1743.6305559992054,0.0017436305559992054,174363.05559992054,107.23423818275467,-0.0638792554180867
replica,824,O15,1806.8852258101697,0.0018068852258101697,180688.52258101696,107.32133669133694,0.023219253164185716
replica,825,O15,1849.6069621874701,0.00184960696218747,184960.696218747,107.30603288480364,0.007915446630889278
replica,826,O15,1701.3987966487175,0.0017013987966487175,170139.87966487175,107.29365420247811,-0.004463235694643686
replica,827,O15,1706.3819704931116,0.0017063819704931115,170638.19704931116,107.2934943478578,-0.004623090314950673
replica,828,O15,1950.9988933254838,0.0019509988933254837,195099.88933254837,107.27632746306058,-0.021789975112170623
replica,829,O15,1892.7232151403898,0.00189272321514039,189272.32151403898,107.28719223887755,-0.010925199295201082
replica,830,O15,1834.1187748961586,0.0018341187748961586,183411.87748961584,107.41348539228305,0.11536795411029743
replica,831,O15,1986.764048318616,0.001986764048318616,198676.40483186158,107.37006212707705,0.07194468890429562
replica,832,O15,2063.935706336867,0.002063935706336867,206393.5706336867,107.2782433520827,-0.019874086090055698
replica,833,O15,1765.4050110583084,0.0017654050110583084,176540.50110583083,107.30402329647961,0.005905858306860523
replica,834,O15,1734.217159977683,0.001734217159977683,173421.7159977683,107.28432439910952,-0.013793039063230594
replica,835,O15,1777.6241734112284,0.0017776241734112285,177762.41734112284,107.32871210113689,0.030594662964134045
replica,836,O15,1762.4313421719198,0.0017624313421719198,176243.13421719198,107.36670313309051,0.06858569491775768
replica,837,O15,1954.5052026454414,0.0019545052026454413,195450.52026454415,107.29527516962789,-0.0028422685448674656
replica,838,O15,1878.6615156130183,0.0018786615156130182,187866.1515613018,107.26189570147714,-0.0362217366956088
replica,839,O15,1657.4471214169807,0.0016574471214169807,165744.71214169808,107.31149835630467,0.01338091813191511
replica,840,O15,1750.6442891060833,0.0017506442891060832,175064.42891060832,107.30806339646311,0.009945958290359158
replica,841,O15,1897.8514625420285,0.0018978514625420284,189785.14625420285,107.28750157961973,-0.010615858553023827
replica,842,O15,1777.3901998796991,0.0017773901998796992,177739.01998796992,107.3286182003735,0.030500762200745157
replica,843,O15,1660.7355085549432,0.0016607355085549432,166073.5508554943,107.27669538653006,-0.021422051642687734
replica,844,O15,2030.9802757904758,0.002030980275790476,203098.02757904757,107.29063946661303,-0.007477971559723073
replica,845,O15,1432.3507484422535,0.0014323507484422535,143235.07484422534,107.2595142256606,-0.03860321251215737
replica,846,O15,1774.0874996526943,0.0017740874996526944,177408.74996526944,107.29585967159322,-0.002257766579532472
replica,847,O15,1752.8835677235347,0.0017528835677235346,175288.35677235347,107.30082123000035,0.002703791827599389
replica,848,O15,1779.9092609044676,0.0017799092609044676,177990.92609044677,107.32310077167112,0.02498333349836912
replica,849,O15,1663.2326644741452,0.0016632326644741451,166323.26644741453,107.30964957932584,0.011532141153082875
replica,850,O15,1670.5654933123474,0.0016705654933123473,167056.54933123474,107.33405031040866,0.0359328722359038
replica,851,O15,1877.47750137703,0.00187747750137703,187747.750137703,107.32961309792614,0.031495659753389305
replica,852,O15,1737.9960609887728,0.0017379960609887727,173799.60609887727,107.3144957849837,0.01637834681095285
replica,853,O15,1982.871355209863,0.001982871355209863,198287.13552098628,107.22055165473796,-0.07756578343479248
replica,854,O15,1686.7964628586674,0.0016867964628586674,168679.64628586674,107.3451303744106,0.047012936237848635
replica,855,O15,1739.0596022511022,0.0017390596022511021,173905.9602251102,107.35110245175784,0.05298501358508645
replica,856,O15,1767.7485793023752,0.0017677485793023751,176774.85793023751,107.27932392292138,-0.018793515251374515
replica,857,O15,1882.0586448669146,0.0018820586448669147,188205.86448669145,107.39425693418443,0.09613949601167349
replica,858,O15,2072.5447148797966,0.002072544714879797,207254.47148797967,107.28619950923431,-0.011917928938444788
replica,859,O15,1580.0357532915252,0.0015800357532915253,158003.57532915252,107.36313372948592,0.06501629131317088
replica,860,O15,1648.0103080153078,0.0016480103080153078,164801.03080153078,107.31853386267971,0.020416424506962016
replica,861,O15,1812.8743283142237,0.0018128743283142238,181287.43283142237,107.2571306779545,-0.04098676021824588
replica,862,O15,1627.5987397787399,0.0016275987397787399,162759.87397787397,107.30798752979769,0.009870091624932797
replica,863,O15,1733.6858649502094,0.0017336858649502093,173368.58649502095,107.35396912221894,0.05585168404618912
replica,864,O15,1638.4580329634573,0.0016384580329634572,163845.80329634572,107.26843516307439,-0.029682275098366517
replica,865,O15,1589.9367030106423,0.0015899367030106422,158993.67030106424,107.28211369268084,-0.016003745491914856
replica,866,O15,1695.8038452971098,0.0016958038452971097,169580.38452971098,107.23598644604598,-0.06213099212676809
replica,867,O15,1611.7902216450007,0.0016117902216450006,161179.02216450006,107.35300777493875,0.0548903367659932
replica,868,O15,1819.368079569933,0.001819368079569933,181936.8079569933,107.27994590235083,-0.01817153582192077
replica,869,O15,1671.3970454105975,0.0016713970454105974,167139.70454105973,107.20905107792555,-0.08906636024720171
replica,870,O15,1461.2730038701557,0.0014612730038701556,146127.30038701557,107.35524318108824,0.05712574291548833
replica,871,O15,1595.786789195311,0.001595786789195311,159578.6789195311,107.36783206658858,0.06971462841582365
replica,872,O15,1884.1965590724535,0.0018841965590724536,188419.65590724535,107.29763412419928,-0.0004833139734756742
replica,873,O15,1697.2704918612278,0.0016972704918612278,169727.04918612278,107.33146695608508,0.03334951791232754
replica,874,O15,1582.8588995493217,0.0015828588995493217,158285.88995493215,107.38542568835925,0.08730825018649568
replica,875,O15,1697.1288795843684,0.0016971288795843685,169712.88795843683,107.24324994976352,-0.05486748840922928
replica,876,O15,1835.1992276087785,0.0018351992276087784,183519.92276087785,107.23997512229145,-0.058142315881298146
replica,877,O15,1864.0524030883573,0.0018640524030883573,186405.24030883572,107.23713619723651,-0.06098124093624335
replica,878,O15,1796.709657704171,0.001796709657704171,179670.9657704171,107.1946901720049,-0.10342726616785569
replica,879,O15,1895.8404298260793,0.0018958404298260794,189584.04298260793,107.24756060955723,-0.05055682861552668
replica,880,O15,1699.2044238881135,0.0016992044238881136,169920.44238881135,107.27425575654533,-0.02386168162742308
replica,881,O15,1773.990256542138,0.001773990256542138,177399.0256542138,107.2729563008781,-0.02516113729464564
replica,882,O15,1586.0231115316415,0.0015860231115316416,158602.31115316413,107.24506941558279,-0.05304802258996233
replica,883,O15,1801.6382575323569,0.001801638257532357,180163.8257532357,107.24299679456132,-0.05512064361143132
replica,884,O15,1458.8576882995108,0.0014588576882995107,145885.76882995106,107.34088643356952,0.04276899539677004
replica,885,O15,1784.734442844582,0.001784734442844582,178473.44428445818,107.32049613275774,0.022378694584986647
replica,886,O15,2068.4439512116523,0.0020684439512116525,206844.39512116523,107.3143723953976,0.016254957224845157
replica,887,O15,1511.7086155500022,0.001511708615550002,151170.8615550002,107.26696372962328,-0.03115370854946775
replica,888,O15,1915.770135972072,0.001915770135972072,191577.0135972072,107.25991821510432,-0.03819922306843182
replica,889,O15,1721.5564820295576,0.0017215564820295577,172155.64820295575,107.29093457382692,-0.0071828643458360375
replica,890,O15,1957.5438028012666,0.0019575438028012664,195754.38028012664,107.30744546208614,0.009328023913383277
replica,891,O15,1638.6827516643425,0.0016386827516643426,163868.27516643424,107.34672515073166,0.048607712558904836
replica,892,O15,1711.0526450556126,0.0017110526450556127,171105.26450556127,107.30975064355013,0.011633205377378886
replica,893,O15,1864.651761115756,0.001864651761115756,186465.1761115756,107.32325968475853,0.02514224658577291
replica,894,O15,1798.5930454842646,0.0017985930454842646,179859.30454842644,107.3047677308334,0.006650292660651758
replica,895,O15,1706.8487211234265,0.0017068487211234266,170684.87211234265,107.30899869670974,0.010881258536983296
replica,896,O15,1701.9626695887173,0.0017019626695887174,170196.26695887174,107.35424812911465,0.05613069094189882
replica,897,O15,1647.6745708188923,0.0016476745708188924,164767.45708188924,107.2822343452383,-0.015883092934458887
replica,898,O15,1695.6025264358473,0.0016956025264358472,169560.2526435847,107.30899547765351,0.010878039480758162
replica,899,O15,1705.0991270892782,0.0017050991270892782,170509.91270892782,107.3061217564501,0.008004318277343714
replica,900,O15,1607.7915396233047,0.0016077915396233047,160779.15396233049,107.33425127939917,0.03613384122641605
replica,901,O15,1640.6400167155919,0.0016406400167155919,164064.00167155918,107.29143907453934,-0.006678363633412232
replica,902,O15,1839.4372430662852,0.0018394372430662852,183943.72430662852,107.19134399013014,-0.10677344804261679
replica,903,O15,1925.5428748847694,0.0019255428748847694,192554.28748847693,107.27678083699476,-0.02133660117799252
replica,904,O15,1689.5109309218187,0.0016895109309218188,168951.09309218187,107.30948900633842,0.01137156816567142
replica,905,O15,1670.4615524331052,0.0016704615524331052,167046.15524331052,107.23564294646478,-0.06247449170797381
replica,906,O15,1819.5869030115928,0.0018195869030115928,181958.69030115928,107.29652909391194,-0.001588344260810004
replica,907,O15,1693.1479043305703,0.0016931479043305704,169314.79043305703,107.25786232832706,-0.04025510984568825
replica,908,O15,1867.926770303035,0.0018679267703030351,186792.6770303035,107.32454125874551,0.026423820572759382
replica,909,O15,1759.6063273585983,0.0017596063273585983,175960.63273585984,107.26528111522072,-0.03283632295203631
replica,910,O15,1489.6001140965532,0.0014896001140965532,148960.0114096553,107.27848747896577,-0.01962995920698063
replica,911,O15,1908.787284074789,0.0019087872840747892,190878.72840747892,107.39642242103662,0.09830498286386558
replica,912,O15,1986.0543681119577,0.0019860543681119577,198605.43681119577,107.36522934563392,0.06711190746116813
replica,913,O15,1831.3664760125864,0.0018313664760125864,183136.64760125865,107.40653164907675,0.1084142109040016
replica,914,O15,1610.1942929809802,0.0016101942929809803,161019.42929809802,107.34754676602385,0.04942932785110088
replica,915,O15,1574.645363280513,0.001574645363280513,157464.5363280513,107.31659273573875,0.01847529756599897
replica,916,O15,1629.6982950182473,0.0016296982950182474,162969.82950182474,107.26671138887504,-0.031406049297714844
replica,917,O15,1875.901417721978,0.001875901417721978,187590.1417721978,107.32697308907544,0.028855650902684715
replica,918,O15,1554.4874169506109,0.0015544874169506108,155448.7416950611,107.35704876024623,0.05893132207347662
replica,919,O15,1769.4330741041667,0.0017694330741041668,176943.30741041666,107.32826990252715,0.03015246435440133
replica,920,O15,1784.2159782010795,0.0017842159782010794,178421.59782010794,107.3199087458006,0.021791307627850642
replica,921,O15,1893.837133168032,0.0018938371331680322,189383.71331680322,107.26190734467629,-0.036210093496464424
replica,922,O15,2104.8547091808314,0.0021048547091808314,210485.47091808313,107.2250299075191,-0.07308753065365181
replica,923,O15,1770.185214853967,0.001770185214853967,177018.5214853967,107.29266569527319,-0.005451742899566625
replica,924,O15,1782.5349466998111,0.001782534946699811,178253.4946699811,107.30593639370427,0.007818955531519123
replica,925,O15,1863.1822635748047,0.0018631822635748047,186318.22635748045,107.31089769584963,0.012780257676880069
replica,926,O15,1660.2939484043955,0.0016602939484043954,166029.39484043955,107.3169066226569,0.01878918448414879
replica,927,O15,1685.1224284402306,0.0016851224284402306,168512.24284402304,107.30478303413936,0.006665595966609317
replica,928,O15,1638.0727294979934,0.0016380727294979934,163807.27294979934,107.3243956651483,0.026278226975549046
replica,929,O15,1955.3146113918972,0.0019553146113918973,195531.46113918972,107.31602090085225,0.017903462679498716
replica,930,O15,1845.1920528687003,0.0018451920528687004,184519.20528687004,107.34039779267893,0.0422803545061754
replica,931,O15,1676.5333799274729,0.001676533379927473,167653.33799274729,107.27270467218075,-0.025412765992001596
replica,932,O15,1661.5334880513892,0.0016615334880513892,166153.34880513893,107.29931201521046,0.0011945770377082
replica,933,O15,2098.2888798831095,0.0020982888798831093,209828.88798831095,107.2664421281698,-0.03167531000295298
replica,934,O15,1804.0055221057175,0.0018040055221057176,180400.55221057174,107.30511121046038,0.006993772287628985
replica,935,O15,1754.6566233650924,0.0017546566233650925,175465.66233650924,107.37029802173751,0.07218058356475865
replica,936,O15,1569.5394018748316,0.0015695394018748316,156953.94018748315,107.18865863105383,-0.10945880711892642
replica,937,O15,1835.2383418534796,0.0018352383418534797,183523.83418534795,107.32094946731692,0.02283202914416904
replica,938,O15,2034.154093571412,0.002034154093571412,203415.40935714118,107.33639739110383,0.03827995293107733
replica,939,O15,1767.0520150647626,0.0017670520150647627,176705.20150647627,107.31201136162025,0.013893923447497514
replica,940,O15,1817.4568972366467,0.0018174568972366466,181745.68972366466,107.28926559703915,-0.008851841133605376
replica,941,O15,1735.231563173716,0.001735231563173716,173523.1563173716,107.35154516860246,0.0534277304297035
replica,942,O15,1760.077046035478,0.0017600770460354778,176007.70460354778,107.21031281637042,-0.08780462180233428
replica,943,O15,1607.6052212482236,0.0016076052212482237,160760.52212482237,107.2473760019562,-0.0507414362165548
replica,944,O15,1885.0247821744576,0.0018850247821744577,188502.47821744575,107.23960538998304,-0.05851204818971212
replica,945,O15,1594.555869611962,0.001594555869611962,159455.58696119618,107.2970819777913,-0.0010354603814590746
replica,946,O15,1694.2652038329666,0.0016942652038329665,169426.52038329665,107.31431468759565,0.016197249422901905
replica,947,O15,1800.0139024921912,0.0018000139024921913,180001.3902492191,107.26943025954564,-0.028687178627109233
replica,948,O15,1705.7630642130348,0.0017057630642130347,170576.30642130348,107.20282872081093,-0.09528871736182509
replica,949,O15,1530.9461193516292,0.0015309461193516293,153094.61193516292,107.29957566715478,0.0014582289820310734
replica,950,O15,1773.7682812378466,0.0017737682812378466,177376.82812378465,107.28458721057446,-0.013530227598295141
replica,951,O15,1860.7913884419254,0.0018607913884419254,186079.13884419252,107.28727923867744,-0.010838199495310619
replica,952,O15,1584.8984996496943,0.0015848984996496942,158489.8499649694,107.3465310402818,0.04841360210905066
replica,953,O15,1558.1658614196908,0.0015581658614196908,155816.58614196908,107.28551712329187,-0.012600314880884866
replica,954,O15,1714.6727428564159,0.001714672742856416,171467.2742856416,107.35617289933828,0.05805546116552307
replica,955,O15,1684.5012726528548,0.0016845012726528549,168450.12726528547,107.31368797909799,0.01557054092523913
replica,956,O15,1835.3612127933507,0.0018353612127933506,183536.12127933506,107.34928219010021,0.05116475192745895
replica,957,O15,1741.2618709857811,0.0017412618709857811,174126.1870985781,107.3739545586901,0.07583712051734892
replica,958,O15,1745.1190270599989,0.0017451190270599988,174511.90270599988,107.30066447203872,0.0025470338659658864
replica,959,O15,1537.7587046556798,0.00153775870465568,153775.87046556798,107.34345445226583,0.045337014093078665
replica,960,O15,1965.2825218598412,0.001965282521859841,196528.2521859841,107.29339330182069,-0.004724136352066921
replica,961,O15,2264.074813947994,0.0022640748139479937,226407.48139479937,107.329544064569,0.03142662639625371
replica,962,O15,1953.0292933899782,0.0019530292933899781,195302.9293389978,107.32604905839854,0.02793162022578599
replica,963,O15,1889.2389747155157,0.0018892389747155157,188923.89747155158,107.36489335512158,0.06677591694882778
replica,964,O15,1977.3739792604795,0.0019773739792604793,197737.39792604794,107.34319438183124,0.04507694365848636
replica,965,O15,1823.8663972349627,0.0018238663972349627,182386.63972349628,107.2995334912235,0.0014160530507467683
replica,966,O15,1626.3058794880892,0.0016263058794880891,162630.5879488089,107.36217976829451,0.06406233012175733
replica,967,O15,1902.2829359347134,0.0019022829359347133,190228.29359347132,107.25837628644604,-0.039741151726715884
replica,968,O15,1799.7659694805798,0.0017997659694805798,179976.59694805797,107.31483380991536,0.016716371742603542
replica,969,O15,1816.5544506544038,0.0018165544506544037,181655.44506544038,107.31434116002472,0.016223721851972073
replica,970,O15,1847.4326765684445,0.0018474326765684445,184743.26765684446,107.30103048384925,0.002913045676493198
replica,971,O15,1731.893613432922,0.0017318936134329218,173189.3613432922,107.35992707418082,0.06180963600806422
replica,972,O15,2046.9947800650475,0.0020469947800650476,204699.47800650474,107.35377786732913,0.05566042915637581
replica,973,O15,1687.6644057345598,0.0016876644057345598,168766.44057345597,107.30613759057225,0.008020152399495828
replica,974,O15,1610.2051515714868,0.0016102051515714869,161020.51515714868,107.38923337980476,0.09111594163201175
replica,975,O15,1798.2588580454662,0.0017982588580454663,179825.88580454662,107.2670241993352,-0.031093238837556214
replica,976,O15,1717.683569482701,0.001717683569482701,171768.35694827008,107.27192018813297,-0.026197250039786013
replica,977,O15,1726.3611430401859,0.0017263611430401859,172636.11430401859,107.36504797415458,0.0669305359818253
replica,978,O15,1944.894497390749,0.001944894497390749,194489.4497390749,107.28800959773345,-0.010107840439303573
replica,979,O15,1944.949230045177,0.001944949230045177,194494.9230045177,107.30630109134009,0.008183653167336047
replica,980,O15,1807.972675767234,0.001807972675767234,180797.2675767234,107.29677059047724,-0.0013468476955154074
replica,981,O15,2004.1245552381492,0.0020041245552381492,200412.45552381492,107.27622318862596,-0.02189424954678998
replica,982,O15,1527.7386624884186,0.0015277386624884186,152773.86624884186,107.29429154344555,-0.0038258947271998522
replica,983,O15,1875.5116727443885,0.0018755116727443885,187551.16727443886,107.29327658963953,-0.00484084853322031
replica,984,O15,1881.537566999628,0.0018815375669996282,188153.7566999628,107.36705238938517,0.06893495121241244
replica,985,O15,1728.5481065205108,0.0017285481065205108,172854.8106520511,107.31774075437339,0.01962331620063651
replica,986,O15,1594.8300113171388,0.0015948300113171388,159483.00113171389,107.35219771178463,0.05408027361187351
replica,987,O15,1960.2049913596115,0.0019602049913596117,196020.49913596114,107.35546509299934,0.05734765482658588
replica,988,O15,1846.7654158491673,0.0018467654158491674,184676.54158491673,107.3831042973166,0.08498685914385362
replica,989,O15,1704.8430811642993,0.0017048430811642994,170484.30811642992,107.30355712552772,0.005439687354964917
replica,990,O15,1728.5907857011262,0.0017285907857011262,172859.07857011262,107.35740655953055,0.05928912135779285
replica,991,O15,1832.8805143798425,0.0018328805143798424,183288.05143798425,107.31107120425335,0.012953766080599394
replica,992,O15,1691.8065716743045,0.0016918065716743044,169180.65716743044,107.35163729800225,0.05351985982949259
replica,993,O15,1778.0268650554115,0.0017780268650554115,177802.68650554115,107.28169619805955,-0.01642124011320334
replica,994,O15,1721.2220147171279,0.0017212220147171278,172122.2014717128,107.28299409535737,-0.015123342815385854
replica,995,O15,1834.041929688714,0.0018340419296887138,183404.1929688714,107.35923766162311,0.06112022345035939
replica,996,O15,1543.254237060175,0.001543254237060175,154325.4237060175,107.4064506092139,0.10833317104115281
replica,997,O15,1712.927876071376,0.001712927876071376,171292.7876071376,107.22917862292032,-0.06893881525243728
replica,998,O15,1886.9587886586453,0.0018869587886586453,188695.87886586454,107.43182923282636,0.13371179465360683
replica,999,O15,1631.4699374234185,0.0016314699374234186,163146.99374234185,107.32022001813317,0.022102579960417756
nominal,,N13,327.0287276965764,0.00032702872769657643,32702.872769657642,112.0,0.0
replica,0,N13,368.1075769562161,0.0003681075769562161,36810.757695621614,112.0,0.0
replica,1,N13,341.32485790386784,0.00034132485790386785,34132.48579038678,112.0,0.0
replica,2,N13,338.403416987317,0.000338403416987317,33840.341698731696,112.0,0.0
replica,3,N13,308.2013369013961,0.0003082013369013961,30820.133690139606,112.0,0.0
replica,4,N13,378.7400148770371,0.00037874001487703707,37874.00148770371,112.0,0.0
replica,5,N13,332.83274289496154,0.00033283274289496156,33283.274289496156,112.0,0.0
replica,6,N13,480.65381526291753,0.00048065381526291755,48065.38152629175,112.0,0.0
replica,7,N13,324.0257759912891,0.0003240257759912891,32402.57759912891,112.0,0.0
replica,8,N13,367.5046492063136,0.0003675046492063136,36750.46492063136,112.0,0.0
replica,9,N13,449.9453264091525,0.0004499453264091525,44994.532640915255,112.0,0.0
replica,10,N13,294.5389481378236,0.0002945389481378236,29453.894813782357,112.0,0.0
replica,11,N13,249.48267191823342,0.00024948267191823344,24948.267191823343,112.0,0.0
replica,12,N13,451.13965351091605,0.00045113965351091604,45113.9653510916,112.0,0.0
replica,13,N13,284.38865879199375,0.0002843886587919937,28438.865879199373,112.0,0.0
replica,14,N13,396.3399592334456,0.0003963399592334456,39633.99592334456,112.0,0.0
replica,15,N13,336.77385469852845,0.00033677385469852843,33677.385469852845,112.0,0.0
replica,16,N13,340.53622252898515,0.00034053622252898515,34053.622252898516,112.0,0.0
replica,17,N13,370.0793932111071,0.0003700793932111071,37007.93932111071,112.0,0.0
replica,18,N13,394.9148928087803,0.00039491489280878026,39491.48928087803,112.0,0.0
replica,19,N13,273.72661022835166,0.00027372661022835164,27372.661022835164,112.0,0.0
replica,20,N13,322.41808352370106,0.0003224180835237011,32241.808352370106,112.0,0.0
replica,21,N13,291.8572083088147,0.00029185720830881466,29185.720830881466,112.0,0.0
replica,22,N13,374.18034843692925,0.00037418034843692926,37418.03484369293,112.0,0.0
replica,23,N13,445.2281089908836,0.0004452281089908836,44522.810899088356,112.0,0.0
replica,24,N13,252.08575157218738,0.0002520857515721874,25208.575157218736,112.0,0.0
replica,25,N13,347.4168454924735,0.0003474168454924735,34741.68454924735,112.0,0.0
replica,26,N13,285.9872501427361,0.00028598725014273614,28598.725014273612,112.0,0.0
replica,27,N13,343.4558202753384,0.0003434558202753384,34345.58202753384,112.0,0.0
replica,28,N13,309.57386313558345,0.00030957386313558346,30957.386313558345,112.0,0.0
replica,29,N13,272.06943578182586,0.0002720694357818259,27206.943578182585,112.0,0.0
replica,30,N13,363.4472151320361,0.0003634472151320361,36344.72151320361,112.0,0.0
replica,31,N13,320.71629283077357,0.00032071629283077354,32071.629283077356,112.0,0.0
replica,32,N13,300.9955513589098,0.0003009955513589098,30099.555135890976,112.0,0.0
replica,33,N13,282.49521023478655,0.00028249521023478657,28249.521023478654,112.0,0.0
replica,34,N13,293.08831702119676,0.0002930883170211968,29308.831702119674,112.0,0.0
replica,35,N13,436.7246511482099,0.0004367246511482099,43672.46511482099,112.0,0.0
replica,36,N13,314.8761103092403,0.00031487611030924027,31487.61103092403,112.0,0.0
replica,37,N13,320.36116243219743,0.00032036116243219743,32036.11624321974,112.0,0.0
replica,38,N13,400.799514714441,0.000400799514714441,40079.951471444096,112.0,0.0
replica,39,N13,327.3310642886831,0.0003273310642886831,32733.10642886831,112.0,0.0
replica,40,N13,359.7658980909424,0.0003597658980909424,35976.58980909424,112.0,0.0
replica,41,N13,352.52338698824286,0.00035252338698824287,35252.338698824286,112.0,0.0
replica,42,N13,305.10785646421573,0.00030510785646421573,30510.785646421573,112.0,0.0
replica,43,N13,390.76485740800985,0.00039076485740800987,39076.485740800985,112.0,0.0
replica,44,N13,330.08867128271606,0.0003300886712827161,33008.8671282716,112.0,0.0
replica,45,N13,344.5720600977547,0.00034457206009775465,34457.206009775466,112.0,0.0
replica,46,N13,284.69059917118034,0.0002846905991711803,28469.059917118033,112.0,0.0
replica,47,N13,376.17967650890176,0.00037617967650890177,37617.967650890176,112.0,0.0
replica,48,N13,352.76367101697747,0.00035276367101697747,35276.367101697746,112.0,0.0
replica,49,N13,307.6286378096886,0.0003076286378096886,30762.86378096886,112.0,0.0
replica,50,N13,271.0691413288242,0.00027106914132882416,27106.914132882415,112.0,0.0
replica,51,N13,406.2059237021887,0.0004062059237021887,40620.592370218874,112.0,0.0
replica,52,N13,245.8425308623285,0.0002458425308623285,24584.25308623285,112.0,0.0
replica,53,N13,308.98793248391144,0.0003089879324839114,30898.793248391143,112.0,0.0
replica,54,N13,343.373324649621,0.000343373324649621,34337.3324649621,112.0,0.0
replica,55,N13,299.40488662631765,0.00029940488662631763,29940.488662631764,112.0,0.0
replica,56,N13,371.7781049401427,0.00037177810494014275,37177.81049401427,112.0,0.0
replica,57,N13,305.6003193884259,0.00030560031938842586,30560.031938842585,112.0,0.0
replica,58,N13,433.67917532263755,0.00043367917532263756,43367.91753226375,112.0,0.0
replica,59,N13,319.41192939257894,0.0003194119293925789,31941.192939257893,112.0,0.0
replica,60,N13,278.7852317458926,0.0002787852317458926,27878.52317458926,112.0,0.0
replica,61,N13,396.75516262144833,0.0003967551626214483,39675.51626214483,112.0,0.0
replica,62,N13,346.3230566753378,0.0003463230566753378,34632.30566753378,112.0,0.0
replica,63,N13,329.3757860350995,0.0003293757860350995,32937.57860350995,112.0,0.0
replica,64,N13,350.54242077397817,0.0003505424207739782,35054.242077397816,112.0,0.0
replica,65,N13,461.13031567621584,0.0004611303156762158,46113.03156762158,112.0,0.0
replica,66,N13,311.0501708808948,0.00031105017088089483,31105.01708808948,112.0,0.0
replica,67,N13,374.1959714769043,0.00037419597147690426,37419.59714769042,112.0,0.0
replica,68,N13,327.15535118793343,0.0003271553511879334,32715.53511879334,112.0,0.0
replica,69,N13,253.27679423124428,0.0002532767942312443,25327.679423124428,112.0,0.0
replica,70,N13,291.224187189848,0.000291224187189848,29122.4187189848,112.0,0.0
replica,71,N13,319.8696420431269,0.00031986964204312686,31986.964204312688,112.0,0.0
replica,72,N13,312.65788377390555,0.00031265788377390555,31265.788377390556,112.0,0.0
replica,73,N13,344.1027770049824,0.0003441027770049824,34410.277700498234,112.0,0.0
replica,74,N13,312.12961450133304,0.00031212961450133303,31212.9614501333,112.0,0.0
replica,75,N13,319.0946988526463,0.0003190946988526463,31909.469885264625,112.0,0.0
replica,76,N13,287.883179993445,0.000287883179993445,28788.3179993445,112.0,0.0
replica,77,N13,324.6796451988491,0.00032467964519884907,32467.964519884907,112.0,0.0
replica,78,N13,331.41576583322575,0.00033141576583322577,33141.576583322574,112.0,0.0
replica,79,N13,325.6768687465632,0.0003256768687465632,32567.686874656316,112.0,0.0
replica,80,N13,310.4718952855937,0.0003104718952855937,31047.189528559367,112.0,0.0
replica,81,N13,277.12390820367375,0.0002771239082036738,27712.390820367375,112.0,0.0
replica,82,N13,321.9353444751152,0.0003219353444751152,32193.53444751152,112.0,0.0
replica,83,N13,373.6352101087106,0.00037363521010871063,37363.52101087106,112.0,0.0
replica,84,N13,351.08453297094934,0.0003510845329709493,35108.45329709494,112.0,0.0
replica,85,N13,317.7542617947373,0.0003177542617947373,31775.426179473732,112.0,0.0
replica,86,N13,396.3358083003833,0.00039633580830038327,39633.58083003833,112.0,0.0
replica,87,N13,327.6630111005907,0.0003276630111005907,32766.30111005907,112.0,0.0
replica,88,N13,377.5535791323531,0.0003775535791323531,37755.35791323531,112.0,0.0
replica,89,N13,314.71329520326657,0.00031471329520326656,31471.329520326657,112.0,0.0
replica,90,N13,344.1754700863055,0.0003441754700863055,34417.54700863055,112.0,0.0
replica,91,N13,284.11135702820343,0.0002841113570282034,28411.135702820342,112.0,0.0
replica,92,N13,392.82834898441627,0.00039282834898441625,39282.83489844162,112.0,0.0
replica,93,N13,412.8895491666796,0.00041288954916667963,41288.95491666796,112.0,0.0
replica,94,N13,284.1567652129678,0.0002841567652129678,28415.67652129678,112.0,0.0
replica,95,N13,343.75041047674677,0.00034375041047674676,34375.04104767468,112.0,0.0
replica,96,N13,300.8516693199267,0.0003008516693199267,30085.16693199267,112.0,0.0
replica,97,N13,494.4248035465667,0.0004944248035465667,49442.48035465667,112.0,0.0
replica,98,N13,338.074432319964,0.000338074432319964,33807.443231996396,112.0,0.0
replica,99,N13,362.26588235993074,0.00036226588235993074,36226.58823599308,112.0,0.0
replica,100,N13,342.4568914652127,0.0003424568914652127,34245.68914652127,112.0,0.0
replica,101,N13,285.558907120164,0.000285558907120164,28555.8907120164,112.0,0.0
replica,102,N13,260.4281869764943,0.00026042818697649434,26042.818697649433,112.0,0.0
replica,103,N13,287.45024024062997,0.00028745024024063,28745.024024062997,112.0,0.0
replica,104,N13,259.71013254527276,0.00025971013254527274,25971.013254527275,112.0,0.0
replica,105,N13,463.8551975990475,0.00046385519759904747,46385.519759904746,112.0,0.0
replica,106,N13,389.7189489822689,0.0003897189489822689,38971.89489822689,112.0,0.0
replica,107,N13,268.9275341270207,0.0002689275341270207,26892.75341270207,112.0,0.0
replica,108,N13,303.1477803737625,0.0003031477803737625,30314.778037376247,112.0,0.0
replica,109,N13,403.1770026496358,0.00040317700264963583,40317.70026496358,112.0,0.0
replica,110,N13,336.9428591393985,0.00033694285913939847,33694.28591393985,112.0,0.0
replica,111,N13,347.5180200132587,0.0003475180200132587,34751.80200132587,112.0,0.0
replica,112,N13,341.3446307192963,0.0003413446307192963,34134.463071929626,112.0,0.0
replica,113,N13,286.0052900846772,0.0002860052900846772,28600.529008467718,112.0,0.0
replica,114,N13,324.14111700823736,0.00032414111700823737,32414.111700823734,112.0,0.0
replica,115,N13,338.55363019030403,0.00033855363019030403,33855.3630190304,112.0,0.0
replica,116,N13,304.0789394836149,0.00030407893948361487,30407.89394836149,112.0,0.0
replica,117,N13,334.6298508187787,0.00033462985081877874,33462.98508187787,112.0,0.0
replica,118,N13,398.54048522102056,0.00039854048522102055,39854.04852210206,112.0,0.0
replica,119,N13,378.02371416784865,0.0003780237141678487,37802.37141678487,112.0,0.0
replica,120,N13,363.69238146721096,0.00036369238146721094,36369.238146721094,112.0,0.0
replica,121,N13,273.5996204579186,0.0002735996204579186,27359.96204579186,112.0,0.0
replica,122,N13,355.0648997845235,0.0003550648997845235,35506.48997845235,112.0,0.0
replica,123,N13,314.37331770849073,0.0003143733177084907,31437.331770849072,112.0,0.0
replica,124,N13,317.23195868363985,0.00031723195868363986,31723.195868363982,112.0,0.0
replica,125,N13,315.60010204960633,0.0003156001020496063,31560.010204960632,112.0,0.0
replica,126,N13,310.55191661022417,0.0003105519166102242,31055.191661022418,112.0,0.0
replica,127,N13,314.7885697914946,0.00031478856979149457,31478.85697914946,112.0,0.0
replica,128,N13,280.69719572015447,0.0002806971957201545,28069.719572015445,112.0,0.0
replica,129,N13,282.6934755268268,0.0002826934755268268,28269.347552682677,112.0,0.0
replica,130,N13,280.18450620580376,0.0002801845062058038,28018.450620580374,112.0,0.0
replica,131,N13,388.05397859691834,0.00038805397859691836,38805.39785969183,112.0,0.0
replica,132,N13,344.17489423555503,0.000344174894235555,34417.489423555504,112.0,0.0
replica,133,N13,335.03520823481836,0.00033503520823481835,33503.520823481835,112.0,0.0
replica,134,N13,384.6427386896369,0.0003846427386896369,38464.27386896369,112.0,0.0
replica,135,N13,362.6191593195094,0.00036261915931950936,36261.915931950934,112.0,0.0
replica,136,N13,428.0903456633192,0.0004280903456633192,42809.034566331924,112.0,0.0
replica,137,N13,300.50866686678006,0.00030050866686678006,30050.866686678004,112.0,0.0
replica,138,N13,321.7811695079484,0.0003217811695079484,32178.11695079484,112.0,0.0
replica,139,N13,335.2571989990174,0.0003352571989990174,33525.71989990174,112.0,0.0
replica,140,N13,376.47821575057367,0.0003764782157505737,37647.821575057365,112.0,0.0
replica,141,N13,404.3178245116154,0.0004043178245116154,40431.78245116154,112.0,0.0
replica,142,N13,320.73969616192915,0.00032073969616192916,32073.969616192913,112.0,0.0
replica,143,N13,318.79382223973016,0.0003187938222397302,31879.382223973014,112.0,0.0
replica,144,N13,367.5810090355709,0.0003675810090355709,36758.10090355709,112.0,0.0
replica,145,N13,273.7401425390759,0.00027374014253907594,27374.01425390759,112.0,0.0
replica,146,N13,368.33270848813305,0.00036833270848813304,36833.27084881331,112.0,0.0
replica,147,N13,309.6391095229585,0.00030963910952295853,30963.91095229585,112.0,0.0
replica,148,N13,358.9829038808806,0.0003589829038808806,35898.29038808806,112.0,0.0
replica,149,N13,290.8174677354345,0.0002908174677354345,29081.746773543447,112.0,0.0
replica,150,N13,285.70893902548465,0.00028570893902548467,28570.893902548465,112.0,0.0
replica,151,N13,312.14576148645506,0.00031214576148645506,31214.576148645505,112.0,0.0
replica,152,N13,358.8673571756765,0.0003588673571756765,35886.73571756765,112.0,0.0
replica,153,N13,322.566914930885,0.000322566914930885,32256.6914930885,112.0,0.0
replica,154,N13,341.0357417457168,0.00034103574174571677,34103.57417457168,112.0,0.0
replica,155,N13,321.7173290641291,0.0003217173290641291,32171.732906412908,112.0,0.0
replica,156,N13,336.940324861911,0.000336940324861911,33694.0324861911,112.0,0.0
replica,157,N13,280.7379442560912,0.0002807379442560912,28073.79442560912,112.0,0.0
replica,158,N13,345.41130818127743,0.00034541130818127743,34541.13081812774,112.0,0.0
replica,159,N13,430.2093698796091,0.00043020936987960907,43020.93698796091,112.0,0.0
replica,160,N13,432.81453450974914,0.00043281453450974913,43281.453450974914,112.0,0.0
replica,161,N13,356.7333178536371,0.0003567333178536371,35673.33178536371,112.0,0.0
replica,162,N13,317.48871646715173,0.0003174887164671517,31748.87164671517,112.0,0.0
replica,163,N13,315.6531127808745,0.0003156531127808745,31565.311278087447,112.0,0.0
replica,164,N13,299.9474869764813,0.0002999474869764813,29994.748697648127,112.0,0.0
replica,165,N13,258.68398113073204,0.00025868398113073205,25868.398113073203,112.0,0.0
replica,166,N13,279.1190219935454,0.0002791190219935454,27911.90219935454,112.0,0.0
replica,167,N13,380.5563092573111,0.0003805563092573111,38055.63092573111,112.0,0.0
replica,168,N13,309.24798377323845,0.00030924798377323845,30924.798377323845,112.0,0.0
replica,169,N13,346.7441000044,0.0003467441000044,34674.41000044,112.0,0.0
replica,170,N13,330.208494837022,0.00033020849483702196,33020.8494837022,112.0,0.0
replica,171,N13,332.9917633566487,0.00033299176335664865,33299.176335664866,112.0,0.0
replica,172,N13,346.46410912423164,0.0003464641091242316,34646.41091242316,112.0,0.0
replica,173,N13,345.00423204329064,0.00034500423204329066,34500.42320432906,112.0,0.0
replica,174,N13,258.60815323072734,0.00025860815323072733,25860.815323072733,112.0,0.0
replica,175,N13,308.49795324434047,0.0003084979532443405,30849.795324434046,112.0,0.0
replica,176,N13,348.68679859812335,0.00034868679859812336,34868.679859812335,112.0,0.0
replica,177,N13,294.56683476456226,0.0002945668347645623,29456.683476456226,112.0,0.0
replica,178,N13,285.81295690436997,0.00028581295690436996,28581.295690436997,112.0,0.0
replica,179,N13,325.0985298094346,0.00032509852980943456,32509.85298094346,112.0,0.0
replica,180,N13,305.90410568196955,0.00030590410568196954,30590.410568196956,112.0,0.0
replica,181,N13,288.14603771093124,0.00028814603771093125,28814.603771093123,112.0,0.0
replica,182,N13,304.8981862412221,0.0003048981862412221,30489.81862412221,112.0,0.0
replica,183,N13,329.40782369779004,0.00032940782369779003,32940.782369779,112.0,0.0
replica,184,N13,363.65508576599836,0.00036365508576599836,36365.50857659984,112.0,0.0
replica,185,N13,373.7866573379117,0.0003737866573379117,37378.665733791175,112.0,0.0
replica,186,N13,316.1825319799528,0.0003161825319799528,31618.253197995276,112.0,0.0
replica,187,N13,359.77228472178496,0.00035977228472178495,35977.228472178496,112.0,0.0
replica,188,N13,294.13245129635874,0.00029413245129635874,29413.245129635874,112.0,0.0
replica,189,N13,331.9522343388247,0.0003319522343388247,33195.22343388247,112.0,0.0
replica,190,N13,318.3940926707111,0.00031839409267071106,31839.409267071107,112.0,0.0
replica,191,N13,316.53240042159456,0.00031653240042159455,31653.240042159454,112.0,0.0
replica,192,N13,312.55220033702085,0.00031255220033702086,31255.220033702084,112.0,0.0
replica,193,N13,397.59309420773036,0.00039759309420773033,39759.30942077303,112.0,0.0
replica,194,N13,307.15846473994264,0.00030715846473994263,30715.846473994265,112.0,0.0
replica,195,N13,288.4103538827711,0.00028841035388277113,28841.035388277112,112.0,0.0
replica,196,N13,358.4884728163971,0.0003584884728163971,35848.84728163971,112.0,0.0
replica,197,N13,320.73921242814185,0.00032073921242814187,32073.921242814184,112.0,0.0
replica,198,N13,266.8198278749151,0.0002668198278749151,26681.98278749151,112.0,0.0
replica,199,N13,331.69706162592,0.00033169706162592,33169.706162592,112.0,0.0
replica,200,N13,333.33755496630863,0.00033333755496630865,33333.75549663086,112.0,0.0
replica,201,N13,450.1165343794317,0.0004501165343794317,45011.65343794317,112.0,0.0
replica,202,N13,342.5796520329445,0.00034257965203294454,34257.96520329445,112.0,0.0
replica,203,N13,305.0898927870642,0.0003050898927870642,30508.989278706416,112.0,0.0
replica,204,N13,440.9798129736372,0.0004409798129736372,44097.981297363716,112.0,0.0
replica,205,N13,261.85066687495805,0.00026185066687495803,26185.066687495804,112.0,0.0
replica,206,N13,351.47958971894843,0.00035147958971894845,35147.95897189484,112.0,0.0
replica,207,N13,288.9692458713798,0.0002889692458713798,28896.924587137983,112.0,0.0
replica,208,N13,306.9108964344164,0.00030691089643441636,30691.089643441635,112.0,0.0
replica,209,N13,439.5484071163196,0.0004395484071163196,43954.84071163196,112.0,0.0
replica,210,N13,255.41727659746218,0.0002554172765974622,25541.72765974622,112.0,0.0
replica,211,N13,351.52930796748,0.00035152930796748,35152.930796748,112.0,0.0
replica,212,N13,338.1489764315224,0.00033814897643152236,33814.89764315224,112.0,0.0
replica,213,N13,335.60317355953117,0.0003356031735595312,33560.31735595311,112.0,0.0
replica,214,N13,307.56128162471816,0.00030756128162471815,30756.128162471814,112.0,0.0
replica,215,N13,281.7453568673046,0.0002817453568673046,28174.53568673046,112.0,0.0
replica,216,N13,312.33613571333024,0.00031233613571333025,31233.613571333022,112.0,0.0
replica,217,N13,283.38907519587514,0.00028338907519587513,28338.907519587512,112.0,0.0
replica,218,N13,289.2540583729625,0.0002892540583729625,28925.40583729625,112.0,0.0
replica,219,N13,350.50239244029785,0.00035050239244029785,35050.239244029784,112.0,0.0
replica,220,N13,378.0744945759162,0.00037807449457591624,37807.44945759162,112.0,0.0
replica,221,N13,287.5742669068229,0.0002875742669068229,28757.426690682292,112.0,0.0
replica,222,N13,314.43260573195,0.00031443260573194996,31443.260573195,112.0,0.0
replica,223,N13,328.83299804538416,0.00032883299804538417,32883.299804538416,112.0,0.0
replica,224,N13,348.2962027352712,0.0003482962027352712,34829.62027352712,112.0,0.0
replica,225,N13,352.44679186960656,0.0003524467918696066,35244.67918696065,112.0,0.0
replica,226,N13,372.2309319267939,0.0003722309319267939,37223.09319267939,112.0,0.0
replica,227,N13,343.0310905972285,0.0003430310905972285,34303.109059722854,112.0,0.0
replica,228,N13,339.0535879974387,0.0003390535879974387,33905.358799743866,112.0,0.0
replica,229,N13,350.3826308252104,0.0003503826308252104,35038.26308252104,112.0,0.0
replica,230,N13,299.24952397912375,0.00029924952397912373,29924.952397912373,112.0,0.0
replica,231,N13,354.92618263562014,0.00035492618263562015,35492.61826356201,112.0,0.0
replica,232,N13,344.92308874746266,0.00034492308874746263,34492.30887474627,112.0,0.0
replica,233,N13,292.65832125413294,0.00029265832125413294,29265.832125413293,112.0,0.0
replica,234,N13,330.3311806131951,0.0003303311806131951,33033.11806131951,112.0,0.0
replica,235,N13,281.7291639120763,0.0002817291639120763,28172.916391207626,112.0,0.0
replica,236,N13,305.3865350606873,0.0003053865350606873,30538.65350606873,112.0,0.0
replica,237,N13,336.8720861414464,0.0003368720861414464,33687.20861414464,112.0,0.0
replica,238,N13,256.4604492624608,0.0002564604492624608,25646.044926246082,112.0,0.0
replica,239,N13,368.1290633444763,0.00036812906334447634,36812.90633444763,112.0,0.0
replica,240,N13,324.95543261134003,0.00032495543261134,32495.543261134004,112.0,0.0
replica,241,N13,354.6260833327033,0.0003546260833327033,35462.60833327033,112.0,0.0
replica,242,N13,336.69585340397896,0.00033669585340397897,33669.5853403979,112.0,0.0
replica,243,N13,280.534263477759,0.000280534263477759,28053.426347775898,112.0,0.0
replica,244,N13,291.501397356526,0.000291501397356526,29150.1397356526,112.0,0.0
replica,245,N13,307.4432224096508,0.00030744322240965077,30744.322240965077,112.0,0.0
replica,246,N13,314.32813464428943,0.00031432813464428943,31432.813464428942,112.0,0.0
replica,247,N13,272.24676536565335,0.00027224676536565336,27224.676536565334,112.0,0.0
replica,248,N13,310.2163545974497,0.0003102163545974497,31021.63545974497,112.0,0.0
replica,249,N13,282.22282736118086,0.00028222282736118086,28222.282736118086,112.0,0.0
replica,250,N13,294.27369270577475,0.00029427369270577475,29427.369270577474,112.0,0.0
replica,251,N13,263.3392381579207,0.0002633392381579207,26333.92381579207,112.0,0.0
replica,252,N13,285.4061922486587,0.0002854061922486587,28540.619224865874,112.0,0.0
replica,253,N13,344.8420269631498,0.0003448420269631498,34484.20269631498,112.0,0.0
replica,254,N13,357.6659119735474,0.0003576659119735474,35766.59119735474,112.0,0.0
replica,255,N13,327.5262058720251,0.0003275262058720251,32752.62058720251,112.0,0.0
replica,256,N13,309.86237830264827,0.00030986237830264826,30986.237830264825,112.0,0.0
replica,257,N13,309.14777899574284,0.0003091477789957428,30914.777899574285,112.0,0.0
replica,258,N13,250.87056286327044,0.0002508705628632704,25087.056286327042,112.0,0.0
replica,259,N13,322.66346726255347,0.00032266346726255346,32266.346726255346,112.0,0.0
replica,260,N13,368.9622425721583,0.0003689622425721583,36896.22425721583,112.0,0.0
replica,261,N13,247.81387700280712,0.0002478138770028071,24781.387700280713,112.0,0.0
replica,262,N13,326.585022811307,0.000326585022811307,32658.5022811307,112.0,0.0
replica,263,N13,369.2820169443152,0.0003692820169443152,36928.20169443152,112.0,0.0
replica,264,N13,295.8934971671997,0.0002958934971671997,29589.34971671997,112.0,0.0
replica,265,N13,409.7011110105584,0.0004097011110105584,40970.11110105584,112.0,0.0
replica,266,N13,337.46983173828664,0.00033746983173828666,33746.98317382867,112.0,0.0
replica,267,N13,382.64695991547245,0.00038264695991547246,38264.69599154725,112.0,0.0
replica,268,N13,346.9519466313767,0.0003469519466313767,34695.19466313767,112.0,0.0
replica,269,N13,316.6702037108728,0.0003166702037108728,31667.020371087277,112.0,0.0
replica,270,N13,317.34458145633505,0.00031734458145633507,31734.458145633504,112.0,0.0
replica,271,N13,268.079190918158,0.000268079190918158,26807.919091815802,112.0,0.0
replica,272,N13,289.61802518701563,0.0002896180251870156,28961.802518701563,112.0,0.0
replica,273,N13,327.39399574841826,0.0003273939957484183,32739.399574841827,112.0,0.0
replica,274,N13,351.54981009420123,0.00035154981009420124,35154.981009420124,112.0,0.0
replica,275,N13,382.9417620194547,0.0003829417620194547,38294.17620194547,112.0,0.0
replica,276,N13,262.1640700556205,0.00026216407005562054,26216.40700556205,112.0,0.0
replica,277,N13,323.7833916986475,0.0003237833916986475,32378.33916986475,112.0,0.0
replica,278,N13,372.55093577993966,0.0003725509357799397,37255.09357799397,112.0,0.0
replica,279,N13,331.5164689823782,0.00033151646898237823,33151.64689823782,112.0,0.0
replica,280,N13,291.70186735690004,0.0002917018673569,29170.186735690004,112.0,0.0
replica,281,N13,317.98347540061775,0.0003179834754006177,31798.347540061775,112.0,0.0
replica,282,N13,364.5869360767507,0.0003645869360767507,36458.69360767507,112.0,0.0
replica,283,N13,320.4307691894875,0.00032043076918948746,32043.076918948747,112.0,0.0
replica,284,N13,319.9601075287062,0.0003199601075287062,31996.01075287062,112.0,0.0
replica,285,N13,404.34154323575626,0.00040434154323575625,40434.154323575625,112.0,0.0
replica,286,N13,337.1020133079958,0.00033710201330799575,33710.20133079958,112.0,0.0
replica,287,N13,329.0991626777255,0.00032909916267772547,32909.91626777255,112.0,0.0
replica,288,N13,266.74712509620724,0.0002667471250962072,26674.712509620724,112.0,0.0
replica,289,N13,312.55990339254345,0.00031255990339254346,31255.990339254346,112.0,0.0
replica,290,N13,328.6264216545974,0.00032862642165459735,32862.642165459736,112.0,0.0
replica,291,N13,351.4209170779854,0.0003514209170779854,35142.091707798536,112.0,0.0
replica,292,N13,356.7740693239964,0.0003567740693239964,35677.40693239964,112.0,0.0
replica,293,N13,383.8107817538579,0.0003838107817538579,38381.07817538579,112.0,0.0
replica,294,N13,357.42644241738026,0.0003574264424173803,35742.644241738024,112.0,0.0
replica,295,N13,363.22352087889374,0.00036322352087889376,36322.352087889376,112.0,0.0
replica,296,N13,350.53851456839925,0.00035053851456839924,35053.851456839926,112.0,0.0
replica,297,N13,359.5540457111123,0.0003595540457111123,35955.40457111123,112.0,0.0
replica,298,N13,405.9629233619693,0.0004059629233619693,40596.29233619693,112.0,0.0
replica,299,N13,322.6061575378101,0.0003226061575378101,32260.615753781007,112.0,0.0
replica,300,N13,365.76251640336886,0.00036576251640336885,36576.251640336886,112.0,0.0
replica,301,N13,235.26419841926474,0.00023526419841926475,23526.419841926472,112.0,0.0
replica,302,N13,293.2303681404182,0.00029323036814041817,29323.036814041818,112.0,0.0
replica,303,N13,260.3994950902264,0.00026039949509022644,26039.94950902264,112.0,0.0
replica,304,N13,317.1213856577122,0.0003171213856577122,31712.13856577122,112.0,0.0
replica,305,N13,322.35924849344406,0.00032235924849344406,32235.924849344407,112.0,0.0
replica,306,N13,315.92132743920797,0.00031592132743920795,31592.132743920796,112.0,0.0
replica,307,N13,304.4088317339495,0.0003044088317339495,30440.883173394952,112.0,0.0
replica,308,N13,357.46154025160945,0.00035746154025160945,35746.15402516095,112.0,0.0
replica,309,N13,277.77042979020985,0.00027777042979020987,27777.042979020986,112.0,0.0
replica,310,N13,302.44970974623175,0.0003024497097462317,30244.970974623175,112.0,0.0
replica,311,N13,311.31838502544156,0.00031131838502544153,31131.838502544157,112.0,0.0
replica,312,N13,315.1153669675351,0.0003151153669675351,31511.536696753512,112.0,0.0
replica,313,N13,357.9462435981719,0.0003579462435981719,35794.62435981719,112.0,0.0
replica,314,N13,288.04362982609865,0.00028804362982609864,28804.362982609866,112.0,0.0
replica,315,N13,320.6560071841184,0.00032065600718411837,32065.60071841184,112.0,0.0
replica,316,N13,321.75895911620876,0.00032175895911620877,32175.895911620875,112.0,0.0
replica,317,N13,324.0761739146809,0.0003240761739146809,32407.61739146809,112.0,0.0
replica,318,N13,288.85515767781953,0.00028885515767781956,28885.51576778195,112.0,0.0
replica,319,N13,306.55437211176263,0.00030655437211176263,30655.437211176264,112.0,0.0
replica,320,N13,332.2528006263782,0.0003322528006263782,33225.280062637816,112.0,0.0
replica,321,N13,359.42800581325344,0.00035942800581325343,35942.80058132534,112.0,0.0
replica,322,N13,277.1910782332209,0.0002771910782332209,27719.107823322087,112.0,0.0
replica,323,N13,307.6664689436535,0.0003076664689436535,30766.64689436535,112.0,0.0
replica,324,N13,353.4709407854018,0.00035347094078540183,35347.09407854018,112.0,0.0
replica,325,N13,326.6195390857355,0.00032661953908573547,32661.95390857355,112.0,0.0
replica,326,N13,428.2137601598033,0.0004282137601598033,42821.37601598033,112.0,0.0
replica,327,N13,275.2153284158429,0.0002752153284158429,27521.532841584292,112.0,0.0
replica,328,N13,391.9125522960624,0.0003919125522960624,39191.25522960624,112.0,0.0
replica,329,N13,353.0101300277014,0.0003530101300277014,35301.01300277014,112.0,0.0
replica,330,N13,362.157125365846,0.000362157125365846,36215.7125365846,112.0,0.0
replica,331,N13,404.9755761493212,0.00040497557614932125,40497.55761493212,112.0,0.0
replica,332,N13,324.56422252646104,0.000324564222526461,32456.4222526461,112.0,0.0
replica,333,N13,365.6354395799455,0.00036563543957994553,36563.54395799455,112.0,0.0
replica,334,N13,383.4256654546865,0.00038342566545468654,38342.56654546865,112.0,0.0
replica,335,N13,438.67046719278494,0.00043867046719278495,43867.04671927849,112.0,0.0
replica,336,N13,305.2366458817945,0.0003052366458817945,30523.66458817945,112.0,0.0
replica,337,N13,350.4160257009271,0.0003504160257009271,35041.602570092706,112.0,0.0
replica,338,N13,344.56379599959854,0.0003445637959995985,34456.37959995985,112.0,0.0
replica,339,N13,278.4431716229182,0.0002784431716229182,27844.31716229182,112.0,0.0
replica,340,N13,404.12765950168995,0.00040412765950168997,40412.76595016899,112.0,0.0
replica,341,N13,374.0345066722077,0.00037403450667220775,37403.45066722077,112.0,0.0
replica,342,N13,293.92288085344546,0.0002939228808534455,29392.288085344546,112.0,0.0
replica,343,N13,309.85090468165436,0.0003098509046816544,30985.090468165436,112.0,0.0
replica,344,N13,343.49872512817956,0.0003434987251281796,34349.87251281796,112.0,0.0
replica,345,N13,325.15041591740396,0.00032515041591740394,32515.041591740395,112.0,0.0
replica,346,N13,324.41503774826936,0.00032441503774826934,32441.503774826935,112.0,0.0
replica,347,N13,312.69452938212135,0.00031269452938212134,31269.452938212133,112.0,0.0
replica,348,N13,432.52657097246845,0.00043252657097246844,43252.65709724685,112.0,0.0
replica,349,N13,339.7662301872321,0.0003397662301872321,33976.62301872321,112.0,0.0
replica,350,N13,313.044749562324,0.000313044749562324,31304.4749562324,112.0,0.0
replica,351,N13,321.2587933137678,0.0003212587933137678,32125.87933137678,112.0,0.0
replica,352,N13,313.4804784047195,0.0003134804784047195,31348.04784047195,112.0,0.0
replica,353,N13,263.61105342940294,0.00026361105342940296,26361.105342940293,112.0,0.0
replica,354,N13,383.69502129244313,0.00038369502129244316,38369.50212924431,112.0,0.0
replica,355,N13,365.0659664927857,0.00036506596649278573,36506.596649278574,112.0,0.0
replica,356,N13,331.1516562303473,0.0003311516562303473,33115.16562303473,112.0,0.0
replica,357,N13,337.90615177781575,0.00033790615177781575,33790.615177781576,112.0,0.0
replica,358,N13,296.5625015208393,0.0002965625015208393,29656.25015208393,112.0,0.0
replica,359,N13,374.06768795980474,0.00037406768795980475,37406.768795980475,112.0,0.0
replica,360,N13,395.1611642745079,0.0003951611642745079,39516.11642745079,112.0,0.0
replica,361,N13,262.45735136072784,0.00026245735136072785,26245.735136072784,112.0,0.0
replica,362,N13,369.698545398282,0.00036969854539828205,36969.8545398282,112.0,0.0
replica,363,N13,294.48751851362704,0.000294487518513627,29448.751851362704,112.0,0.0
replica,364,N13,310.5523506665433,0.0003105523506665433,31055.23506665433,112.0,0.0
replica,365,N13,242.66152737981054,0.00024266152737981053,24266.152737981054,112.0,0.0
replica,366,N13,320.0556418074808,0.00032005564180748083,32005.56418074808,112.0,0.0
replica,367,N13,466.7997768760587,0.00046679977687605866,46679.97768760587,112.0,0.0
replica,368,N13,283.5302171453501,0.0002835302171453501,28353.021714535007,112.0,0.0
replica,369,N13,330.03811131493,0.00033003811131493,33003.811131493,112.0,0.0
replica,370,N13,330.3204818767611,0.0003303204818767611,33032.04818767611,112.0,0.0
replica,371,N13,307.57513053125234,0.00030757513053125235,30757.513053125233,112.0,0.0
replica,372,N13,361.0146328919095,0.0003610146328919095,36101.46328919095,112.0,0.0
replica,373,N13,385.8463814081724,0.0003858463814081724,38584.63814081724,112.0,0.0
replica,374,N13,428.0479482584467,0.0004280479482584467,42804.79482584467,112.0,0.0
replica,375,N13,415.61059244999666,0.0004156105924499967,41561.05924499966,112.0,0.0
replica,376,N13,278.69122701744334,0.00027869122701744333,27869.122701744334,112.0,0.0
replica,377,N13,309.479947667882,0.00030947994766788203,30947.9947667882,112.0,0.0
replica,378,N13,320.9368324656317,0.0003209368324656317,32093.68324656317,112.0,0.0
replica,379,N13,399.13813020117686,0.0003991381302011769,39913.81302011768,112.0,0.0
replica,380,N13,320.3303749681579,0.0003203303749681579,32033.037496815792,112.0,0.0
replica,381,N13,281.2351548188951,0.00028123515481889513,28123.515481889513,112.0,0.0
replica,382,N13,333.6855176050956,0.00033368551760509557,33368.55176050956,112.0,0.0
replica,383,N13,324.71908516902295,0.00032471908516902294,32471.908516902295,112.0,0.0
replica,384,N13,351.01288987676156,0.00035101288987676157,35101.288987676155,112.0,0.0
replica,385,N13,339.52586272408087,0.00033952586272408084,33952.58627240809,112.0,0.0
replica,386,N13,236.83750510560242,0.00023683750510560241,23683.75051056024,112.0,0.0
replica,387,N13,345.2357794172233,0.0003452357794172233,34523.57794172233,112.0,0.0
replica,388,N13,357.9863987064161,0.0003579863987064161,35798.63987064161,112.0,0.0
replica,389,N13,340.5255742855836,0.0003405255742855836,34052.557428558364,112.0,0.0
replica,390,N13,342.51958114854125,0.00034251958114854124,34251.958114854126,112.0,0.0
replica,391,N13,325.56627895518994,0.00032556627895518995,32556.627895518996,112.0,0.0
replica,392,N13,359.9241086586916,0.0003599241086586916,35992.410865869155,112.0,0.0
replica,393,N13,248.79449608023162,0.0002487944960802316,24879.449608023162,112.0,0.0
replica,394,N13,282.398144963332,0.00028239814496333203,28239.8144963332,112.0,0.0
replica,395,N13,319.72058735313044,0.00031972058735313044,31972.058735313043,112.0,0.0
replica,396,N13,325.83670240663884,0.00032583670240663885,32583.670240663883,112.0,0.0
replica,397,N13,383.3924980585168,0.0003833924980585168,38339.24980585168,112.0,0.0
replica,398,N13,390.2029988329174,0.0003902029988329174,39020.29988329174,112.0,0.0
replica,399,N13,352.9699588831005,0.0003529699588831005,35296.99588831005,112.0,0.0
replica,400,N13,262.61390493490177,0.0002626139049349018,26261.390493490177,112.0,0.0
replica,401,N13,319.00525035215776,0.00031900525035215776,31900.525035215775,112.0,0.0
replica,402,N13,342.00327045862934,0.00034200327045862935,34200.327045862934,112.0,0.0
replica,403,N13,347.9332470721744,0.00034793324707217444,34793.32470721744,112.0,0.0
replica,404,N13,340.05639986584936,0.00034005639986584935,34005.63998658494,112.0,0.0
replica,405,N13,244.85639665542917,0.00024485639665542915,24485.639665542916,112.0,0.0
replica,406,N13,341.124409753765,0.000341124409753765,34112.4409753765,112.0,0.0
replica,407,N13,337.69035431799324,0.0003376903543179932,33769.035431799326,112.0,0.0
replica,408,N13,242.00316265898508,0.00024200316265898507,24200.316265898506,112.0,0.0
replica,409,N13,276.5668396283369,0.00027656683962833686,27656.683962833686,112.0,0.0
replica,410,N13,270.93860990855524,0.0002709386099085552,27093.860990855523,112.0,0.0
replica,411,N13,361.5783327283974,0.0003615783327283974,36157.83327283974,112.0,0.0
replica,412,N13,350.91960345887514,0.00035091960345887515,35091.96034588751,112.0,0.0
replica,413,N13,290.86339894006915,0.00029086339894006917,29086.339894006913,112.0,0.0
replica,414,N13,366.9476936003381,0.0003669476936003381,36694.76936003381,112.0,0.0
replica,415,N13,349.22515072015744,0.00034922515072015743,34922.51507201575,112.0,0.0
replica,416,N13,348.7283244492604,0.0003487283244492604,34872.83244492604,112.0,0.0
replica,417,N13,358.90221094623985,0.00035890221094623983,35890.22109462399,112.0,0.0
replica,418,N13,313.85193977571026,0.00031385193977571024,31385.193977571027,112.0,0.0
replica,419,N13,341.26343201768077,0.00034126343201768076,34126.343201768075,112.0,0.0
replica,420,N13,349.23944972578175,0.00034923944972578173,34923.944972578174,112.0,0.0
replica,421,N13,347.5804550681685,0.0003475804550681685,34758.045506816845,112.0,0.0
replica,422,N13,371.95003675261853,0.00037195003675261854,37195.003675261854,112.0,0.0
replica,423,N13,359.35506665269503,0.00035935506665269503,35935.5066652695,112.0,0.0
replica,424,N13,312.47544864484087,0.0003124754486448409,31247.544864484087,112.0,0.0
replica,425,N13,356.9221427281534,0.00035692214272815343,35692.21427281534,112.0,0.0
replica,426,N13,302.0656773418547,0.0003020656773418547,30206.56773418547,112.0,0.0
replica,427,N13,374.5837965194489,0.0003745837965194489,37458.379651944895,112.0,0.0
replica,428,N13,355.22662269646764,0.0003552266226964676,35522.66226964676,112.0,0.0
replica,429,N13,353.8596850115542,0.0003538596850115542,35385.96850115542,112.0,0.0
replica,430,N13,355.85072825633665,0.00035585072825633664,35585.072825633666,112.0,0.0
replica,431,N13,350.59750054682183,0.00035059750054682184,35059.75005468218,112.0,0.0
replica,432,N13,384.201174003465,0.000384201174003465,38420.1174003465,112.0,0.0
replica,433,N13,316.89131565015964,0.00031689131565015963,31689.131565015963,112.0,0.0
replica,434,N13,349.5849581690472,0.0003495849581690472,34958.49581690472,112.0,0.0
replica,435,N13,410.7310977606826,0.0004107310977606826,41073.10977606826,112.0,0.0
replica,436,N13,390.7425959619545,0.0003907425959619545,39074.25959619545,112.0,0.0
replica,437,N13,383.14618436624266,0.00038314618436624266,38314.61843662427,112.0,0.0
replica,438,N13,306.3119720875093,0.00030631197208750926,30631.197208750928,112.0,0.0
replica,439,N13,364.73751035891496,0.000364737510358915,36473.751035891495,112.0,0.0
replica,440,N13,295.0459530185621,0.0002950459530185621,29504.59530185621,112.0,0.0
replica,441,N13,259.77891952134405,0.00025977891952134406,25977.891952134403,112.0,0.0
replica,442,N13,336.0508677869841,0.0003360508677869841,33605.08677869841,112.0,0.0
replica,443,N13,399.49925015731634,0.00039949925015731635,39949.925015731635,112.0,0.0
replica,444,N13,310.55339452091897,0.00031055339452091895,31055.339452091896,112.0,0.0
replica,445,N13,297.74513499828083,0.0002977451349982808,29774.51349982808,112.0,0.0
replica,446,N13,302.1285995774024,0.0003021285995774024,30212.85995774024,112.0,0.0
replica,447,N13,376.37763988744155,0.00037637763988744154,37637.763988744155,112.0,0.0
replica,448,N13,309.77614696440037,0.0003097761469644004,30977.614696440036,112.0,0.0
replica,449,N13,318.2434801833096,0.0003182434801833096,31824.34801833096,112.0,0.0
replica,450,N13,328.2015493424242,0.00032820154934242417,32820.15493424242,112.0,0.0
replica,451,N13,314.69859993107525,0.0003146985999310752,31469.859993107526,112.0,0.0
replica,452,N13,428.7112688009411,0.0004287112688009411,42871.12688009411,112.0,0.0
replica,453,N13,367.1943022145043,0.00036719430221450434,36719.43022145043,112.0,0.0
replica,454,N13,348.7608233783116,0.0003487608233783116,34876.08233783116,112.0,0.0
replica,455,N13,432.8720713424902,0.0004328720713424902,43287.207134249016,112.0,0.0
replica,456,N13,413.22726188765057,0.00041322726188765057,41322.72618876505,112.0,0.0
replica,457,N13,333.8510451075299,0.0003338510451075299,33385.104510752986,112.0,0.0
replica,458,N13,315.32785441293794,0.00031532785441293793,31532.785441293792,112.0,0.0
replica,459,N13,325.88214964309145,0.0003258821496430915,32588.214964309143,112.0,0.0
replica,460,N13,355.34683586536613,0.0003553468358653661,35534.683586536616,112.0,0.0
replica,461,N13,343.8665423229935,0.0003438665423229935,34386.65423229935,112.0,0.0
replica,462,N13,368.9430479989093,0.0003689430479989093,36894.30479989093,112.0,0.0
replica,463,N13,399.57436807364627,0.00039957436807364625,39957.436807364626,112.0,0.0
replica,464,N13,274.17098095178653,0.00027417098095178656,27417.09809517865,112.0,0.0
replica,465,N13,343.0212256673786,0.0003430212256673786,34302.12256673786,112.0,0.0
replica,466,N13,380.560946344597,0.00038056094634459703,38056.0946344597,112.0,0.0
replica,467,N13,315.48747797002306,0.0003154874779700231,31548.747797002306,112.0,0.0
replica,468,N13,275.20454155828554,0.00027520454155828555,27520.454155828553,112.0,0.0
replica,469,N13,371.51550716615736,0.0003715155071661574,37151.55071661573,112.0,0.0
replica,470,N13,327.61245186929216,0.00032761245186929217,32761.245186929216,112.0,0.0
replica,471,N13,335.7382479431602,0.00033573824794316023,33573.824794316024,112.0,0.0
replica,472,N13,306.26688368340876,0.00030626688368340875,30626.688368340874,112.0,0.0
replica,473,N13,395.1737054461107,0.0003951737054461107,39517.37054461107,112.0,0.0
replica,474,N13,386.6077592985507,0.0003866077592985507,38660.77592985507,112.0,0.0
replica,475,N13,312.54084025674035,0.00031254084025674037,31254.084025674034,112.0,0.0
replica,476,N13,352.08061930422105,0.00035208061930422103,35208.0619304221,112.0,0.0
replica,477,N13,346.61470983555637,0.00034661470983555635,34661.470983555635,112.0,0.0
replica,478,N13,376.39861296724155,0.00037639861296724154,37639.86129672416,112.0,0.0
replica,479,N13,315.7134312963662,0.0003157134312963662,31571.343129636618,112.0,0.0
replica,480,N13,418.9654134654528,0.0004189654134654528,41896.54134654528,112.0,0.0
replica,481,N13,343.0483716650285,0.00034304837166502855,34304.83716650285,112.0,0.0
replica,482,N13,380.42168021390705,0.00038042168021390705,38042.1680213907,112.0,0.0
replica,483,N13,308.2861190356865,0.00030828611903568654,30828.61190356865,112.0,0.0
replica,484,N13,354.1418293218916,0.0003541418293218916,35414.18293218916,112.0,0.0
replica,485,N13,306.1270227918445,0.00030612702279184453,30612.70227918445,112.0,0.0
replica,486,N13,308.794009564366,0.000308794009564366,30879.4009564366,112.0,0.0
replica,487,N13,316.55579890836856,0.00031655579890836854,31655.579890836856,112.0,0.0
replica,488,N13,293.33258732616196,0.000293332587326162,29333.258732616196,112.0,0.0
replica,489,N13,304.8694614047014,0.0003048694614047014,30486.946140470136,112.0,0.0
replica,490,N13,238.80959848168726,0.00023880959848168726,23880.959848168724,112.0,0.0
replica,491,N13,356.5663438543695,0.0003565663438543695,35656.63438543695,112.0,0.0
replica,492,N13,225.78264520238653,0.00022578264520238653,22578.264520238652,112.0,0.0
replica,493,N13,303.6290006849148,0.0003036290006849148,30362.90006849148,112.0,0.0
replica,494,N13,297.9479113412337,0.0002979479113412337,29794.79113412337,112.0,0.0
replica,495,N13,373.55022900272365,0.00037355022900272363,37355.022900272364,112.0,0.0
replica,496,N13,319.90056064217595,0.00031990056064217594,31990.056064217595,112.0,0.0
replica,497,N13,265.50819594530054,0.00026550819594530053,26550.819594530054,112.0,0.0
replica,498,N13,306.45584423963027,0.00030645584423963026,30645.584423963028,112.0,0.0
replica,499,N13,370.5310421791606,0.00037053104217916056,37053.10421791606,112.0,0.0
replica,500,N13,343.6830564387876,0.0003436830564387876,34368.30564387876,112.0,0.0
replica,501,N13,359.58123405626225,0.00035958123405626226,35958.123405626226,112.0,0.0
replica,502,N13,291.1182834151533,0.0002911182834151533,29111.82834151533,112.0,0.0
replica,503,N13,381.9237010807243,0.0003819237010807243,38192.37010807243,112.0,0.0
replica,504,N13,400.2570741065816,0.0004002570741065816,40025.707410658164,112.0,0.0
replica,505,N13,352.3191567520586,0.00035231915675205857,35231.915675205855,112.0,0.0
replica,506,N13,300.9395541098743,0.00030093955410987426,30093.955410987426,112.0,0.0
replica,507,N13,330.9140454355777,0.0003309140454355777,33091.40454355777,112.0,0.0
replica,508,N13,314.9213763919437,0.00031492137639194367,31492.137639194367,112.0,0.0
replica,509,N13,364.01439798076706,0.00036401439798076706,36401.4397980767,112.0,0.0
replica,510,N13,352.33415868800824,0.00035233415868800825,35233.415868800825,112.0,0.0
replica,511,N13,329.524760084302,0.000329524760084302,32952.476008430196,112.0,0.0
replica,512,N13,390.2403970059907,0.0003902403970059907,39024.03970059907,112.0,0.0
replica,513,N13,307.1466782842148,0.00030714667828421477,30714.667828421476,112.0,0.0
replica,514,N13,262.2319491311438,0.0002622319491311438,26223.194913114377,112.0,0.0
replica,515,N13,419.24192159442964,0.0004192419215944296,41924.192159442966,112.0,0.0
replica,516,N13,290.4220569100107,0.0002904220569100107,29042.205691001072,112.0,0.0
replica,517,N13,336.3573020677124,0.0003363573020677124,33635.73020677124,112.0,0.0
replica,518,N13,286.37725559914617,0.00028637725559914616,28637.725559914616,112.0,0.0
replica,519,N13,325.7134512555516,0.0003257134512555516,32571.34512555516,112.0,0.0
replica,520,N13,329.4163919996782,0.0003294163919996782,32941.639199967816,112.0,0.0
replica,521,N13,301.8606280924047,0.0003018606280924047,30186.062809240466,112.0,0.0
replica,522,N13,318.0193461458695,0.0003180193461458695,31801.934614586953,112.0,0.0
replica,523,N13,323.51814938928095,0.00032351814938928096,32351.814938928095,112.0,0.0
replica,524,N13,331.37216858706427,0.00033137216858706426,33137.21685870642,112.0,0.0
replica,525,N13,299.55942969568406,0.00029955942969568406,29955.942969568405,112.0,0.0
replica,526,N13,365.74306260040663,0.00036574306260040665,36574.30626004066,112.0,0.0
replica,527,N13,432.93232896134305,0.00043293232896134305,43293.2328961343,112.0,0.0
replica,528,N13,380.7218974459171,0.0003807218974459171,38072.189744591706,112.0,0.0
replica,529,N13,282.51942511084917,0.00028251942511084915,28251.942511084915,112.0,0.0
replica,530,N13,363.9610677587163,0.0003639610677587163,36396.10677587163,112.0,0.0
replica,531,N13,373.6018729583897,0.0003736018729583897,37360.18729583897,112.0,0.0
replica,532,N13,387.5963531003077,0.0003875963531003077,38759.63531003077,112.0,0.0
replica,533,N13,431.2753209073891,0.00043127532090738905,43127.5320907389,112.0,0.0
replica,534,N13,281.33158506964907,0.00028133158506964904,28133.158506964905,112.0,0.0
replica,535,N13,308.8623006715728,0.00030886230067157284,30886.23006715728,112.0,0.0
replica,536,N13,326.24301995257724,0.00032624301995257723,32624.301995257723,112.0,0.0
replica,537,N13,302.20217150056607,0.0003022021715005661,30220.217150056607,112.0,0.0
replica,538,N13,290.8811091522638,0.0002908811091522638,29088.110915226378,112.0,0.0
replica,539,N13,320.29084522618155,0.00032029084522618156,32029.084522618155,112.0,0.0
replica,540,N13,322.28407727653183,0.00032228407727653185,32228.407727653183,112.0,0.0
replica,541,N13,301.97577762065106,0.00030197577762065104,30197.577762065106,112.0,0.0
replica,542,N13,304.83270922388135,0.00030483270922388134,30483.270922388136,112.0,0.0
replica,543,N13,352.25694990483646,0.00035225694990483644,35225.694990483644,112.0,0.0
replica,544,N13,292.34831059907935,0.00029234831059907933,29234.831059907934,112.0,0.0
replica,545,N13,323.5116730510907,0.00032351167305109073,32351.167305109073,112.0,0.0
replica,546,N13,354.81891124204765,0.00035481891124204766,35481.89112420476,112.0,0.0
replica,547,N13,385.9461954788719,0.00038594619547887193,38594.61954788719,112.0,0.0
replica,548,N13,277.42323171371356,0.00027742323171371354,27742.323171371354,112.0,0.0
replica,549,N13,402.7728049990957,0.0004027728049990957,40277.28049990957,112.0,0.0
replica,550,N13,429.1529837749861,0.00042915298377498614,42915.29837749861,112.0,0.0
replica,551,N13,309.4382274811719,0.0003094382274811719,30943.82274811719,112.0,0.0
replica,552,N13,294.82226461319055,0.00029482226461319055,29482.226461319056,112.0,0.0
replica,553,N13,334.13002230398007,0.0003341300223039801,33413.00223039801,112.0,0.0
replica,554,N13,345.10250972811855,0.00034510250972811856,34510.25097281185,112.0,0.0
replica,555,N13,291.7065125342648,0.0002917065125342648,29170.651253426477,112.0,0.0
replica,556,N13,335.5807100922454,0.0003355807100922454,33558.071009224535,112.0,0.0
replica,557,N13,363.19655893010867,0.00036319655893010867,36319.655893010866,112.0,0.0
replica,558,N13,369.33519623263214,0.0003693351962326321,36933.519623263215,112.0,0.0
replica,559,N13,338.93379840321757,0.0003389337984032176,33893.37984032176,112.0,0.0
replica,560,N13,334.5515760462525,0.00033455157604625246,33455.157604625245,112.0,0.0
replica,561,N13,361.94529610432306,0.00036194529610432305,36194.529610432306,112.0,0.0
replica,562,N13,350.86707665559436,0.00035086707665559435,35086.707665559436,112.0,0.0
replica,563,N13,330.9434790154654,0.0003309434790154654,33094.34790154654,112.0,0.0
replica,564,N13,278.2898751653644,0.00027828987516536436,27828.987516536436,112.0,0.0
replica,565,N13,359.1979942294027,0.0003591979942294027,35919.79942294027,112.0,0.0
replica,566,N13,367.4835575440843,0.0003674835575440843,36748.35575440843,112.0,0.0
replica,567,N13,337.90680219549733,0.0003379068021954973,33790.68021954973,112.0,0.0
replica,568,N13,326.38805161028347,0.0003263880516102835,32638.805161028347,112.0,0.0
replica,569,N13,416.70366751016184,0.0004167036675101618,41670.36675101618,112.0,0.0
replica,570,N13,279.3413869962272,0.00027934138699622717,27934.13869962272,112.0,0.0
replica,571,N13,316.44430729575515,0.0003164443072957552,31644.430729575513,112.0,0.0
replica,572,N13,326.1492364375823,0.0003261492364375823,32614.92364375823,112.0,0.0
replica,573,N13,340.20862231560125,0.0003402086223156012,34020.862231560124,112.0,0.0
replica,574,N13,269.63193228442896,0.00026963193228442896,26963.193228442895,112.0,0.0
replica,575,N13,410.8441812829751,0.0004108441812829751,41084.41812829751,112.0,0.0
replica,576,N13,280.969015873732,0.000280969015873732,28096.901587373202,112.0,0.0
replica,577,N13,315.8376007930516,0.0003158376007930516,31583.760079305157,112.0,0.0
replica,578,N13,315.71779002192,0.00031571779002192,31571.779002191997,112.0,0.0
replica,579,N13,298.7192718654711,0.00029871927186547113,29871.92718654711,112.0,0.0
replica,580,N13,315.1056673145398,0.0003151056673145398,31510.56673145398,112.0,0.0
replica,581,N13,365.66600186882323,0.00036566600186882324,36566.60018688232,112.0,0.0
replica,582,N13,293.9390946328758,0.0002939390946328758,29393.909463287582,112.0,0.0
replica,583,N13,428.34723757988075,0.0004283472375798808,42834.723757988075,112.0,0.0
replica,584,N13,317.59663340808464,0.0003175966334080846,31759.663340808464,112.0,0.0
replica,585,N13,315.9659021306508,0.0003159659021306508,31596.590213065083,112.0,0.0
replica,586,N13,288.45339341542353,0.00028845339341542354,28845.339341542352,112.0,0.0
replica,587,N13,346.45413247755215,0.00034645413247755215,34645.41324775521,112.0,0.0
replica,588,N13,288.252679611025,0.00028825267961102497,28825.267961102498,112.0,0.0
replica,589,N13,312.1391185113889,0.0003121391185113889,31213.91185113889,112.0,0.0
replica,590,N13,357.79269066757126,0.00035779269066757126,35779.26906675712,112.0,0.0
replica,591,N13,386.4944795088053,0.0003864944795088053,38649.44795088053,112.0,0.0
replica,592,N13,351.9278787962652,0.0003519278787962652,35192.78787962652,112.0,0.0
replica,593,N13,376.2781563113948,0.00037627815631139484,37627.81563113948,112.0,0.0
replica,594,N13,274.70143680739943,0.0002747014368073994,27470.143680739944,112.0,0.0
replica,595,N13,344.0884982904556,0.0003440884982904556,34408.84982904556,112.0,0.0
replica,596,N13,303.3855931052003,0.0003033855931052003,30338.55931052003,112.0,0.0
replica,597,N13,355.50524245655635,0.00035550524245655634,35550.52424565564,112.0,0.0
replica,598,N13,359.28214729807297,0.000359282147298073,35928.214729807296,112.0,0.0
replica,599,N13,294.0237554061363,0.00029402375540613627,29402.375540613626,112.0,0.0
replica,600,N13,308.2676051146575,0.00030826760511465747,30826.76051146575,112.0,0.0
replica,601,N13,370.8400510813345,0.00037084005108133447,37084.005108133446,112.0,0.0
replica,602,N13,354.93922558092453,0.0003549392255809245,35493.922558092454,112.0,0.0
replica,603,N13,312.81959112043944,0.0003128195911204394,31281.959112043944,112.0,0.0
replica,604,N13,290.84911063174275,0.00029084911063174273,29084.911063174273,112.0,0.0
replica,605,N13,349.78972224887514,0.00034978972224887516,34978.97222488751,112.0,0.0
replica,606,N13,264.4690676647432,0.0002644690676647432,26446.90676647432,112.0,0.0
replica,607,N13,333.5583394216069,0.0003335583394216069,33355.83394216069,112.0,0.0
replica,608,N13,281.32166004883743,0.00028132166004883743,28132.166004883744,112.0,0.0
replica,609,N13,297.8441486202785,0.0002978441486202785,29784.414862027847,112.0,0.0
replica,610,N13,466.10199332377704,0.00046610199332377703,46610.199332377706,112.0,0.0
replica,611,N13,326.6285434576117,0.00032662854345761173,32662.85434576117,112.0,0.0
replica,612,N13,272.25062683228794,0.00027225062683228793,27225.062683228793,112.0,0.0
replica,613,N13,344.4483230229374,0.0003444483230229374,34444.83230229374,112.0,0.0
replica,614,N13,254.17558239282718,0.0002541755823928272,25417.558239282716,112.0,0.0
replica,615,N13,317.9726372496983,0.00031797263724969835,31797.26372496983,112.0,0.0
replica,616,N13,335.7891952608886,0.00033578919526088864,33578.91952608886,112.0,0.0
replica,617,N13,298.5096593971102,0.00029850965939711024,29850.965939711023,112.0,0.0
replica,618,N13,288.2493694817432,0.0002882493694817432,28824.93694817432,112.0,0.0
replica,619,N13,361.8773261298584,0.0003618773261298584,36187.732612985834,112.0,0.0
replica,620,N13,323.12733349482323,0.0003231273334948232,32312.73334948232,112.0,0.0
replica,621,N13,302.1277827253275,0.0003021277827253275,30212.77827253275,112.0,0.0
replica,622,N13,325.26323623422996,0.00032526323623422994,32526.323623422995,112.0,0.0
replica,623,N13,333.89489944249397,0.00033389489944249395,33389.4899442494,112.0,0.0
replica,624,N13,298.06042578673384,0.00029806042578673384,29806.042578673383,112.0,0.0
replica,625,N13,366.5558458734514,0.0003665558458734514,36655.58458734514,112.0,0.0
replica,626,N13,250.62267109839206,0.00025062267109839207,25062.267109839206,112.0,0.0
replica,627,N13,329.299369261168,0.000329299369261168,32929.9369261168,112.0,0.0
replica,628,N13,413.98615908120183,0.00041398615908120186,41398.615908120184,112.0,0.0
replica,629,N13,422.36901457708007,0.00042236901457708007,42236.90145770801,112.0,0.0
replica,630,N13,293.861976275267,0.00029386197627526703,29386.1976275267,112.0,0.0
replica,631,N13,408.5327676668591,0.00040853276766685914,40853.27676668591,112.0,0.0
replica,632,N13,308.18014046151404,0.000308180140461514,30818.014046151402,112.0,0.0
replica,633,N13,398.8127714553241,0.00039881277145532406,39881.27714553241,112.0,0.0
replica,634,N13,305.01377067526596,0.000305013770675266,30501.377067526595,112.0,0.0
replica,635,N13,343.30960662237544,0.00034330960662237546,34330.96066223754,112.0,0.0
replica,636,N13,383.01215412590943,0.0003830121541259094,38301.215412590944,112.0,0.0
replica,637,N13,297.9879794927864,0.0002979879794927864,29798.79794927864,112.0,0.0
replica,638,N13,360.97209586407945,0.00036097209586407946,36097.209586407946,112.0,0.0
replica,639,N13,394.19543789499494,0.0003941954378949949,39419.54378949949,112.0,0.0
replica,640,N13,295.55193048204615,0.00029555193048204614,29555.193048204615,112.0,0.0
replica,641,N13,390.9884817335035,0.0003909884817335035,39098.84817335035,112.0,0.0
replica,642,N13,365.6569650767155,0.0003656569650767155,36565.69650767155,112.0,0.0
replica,643,N13,377.3062859539059,0.0003773062859539059,37730.62859539059,112.0,0.0
replica,644,N13,256.07263066254916,0.0002560726306625492,25607.263066254916,112.0,0.0
replica,645,N13,284.42887186851357,0.00028442887186851356,28442.887186851356,112.0,0.0
replica,646,N13,302.612943103843,0.000302612943103843,30261.2943103843,112.0,0.0
replica,647,N13,345.245512669236,0.000345245512669236,34524.5512669236,112.0,0.0
replica,648,N13,334.5972940204677,0.0003345972940204677,33459.72940204677,112.0,0.0
replica,649,N13,366.9272153815547,0.0003669272153815547,36692.72153815546,112.0,0.0
replica,650,N13,321.75841393010217,0.00032175841393010217,32175.841393010214,112.0,0.0
replica,651,N13,330.901104039301,0.00033090110403930103,33090.1104039301,112.0,0.0
replica,652,N13,282.51715013030815,0.0002825171501303082,28251.715013030815,112.0,0.0
replica,653,N13,357.3139588898585,0.0003573139588898585,35731.39588898585,112.0,0.0
replica,654,N13,331.0449848691277,0.00033104498486912767,33104.498486912766,112.0,0.0
replica,655,N13,405.6450401755519,0.0004056450401755519,40564.50401755519,112.0,0.0
replica,656,N13,420.7382386290294,0.0004207382386290294,42073.823862902944,112.0,0.0
replica,657,N13,321.83878070586604,0.000321838780705866,32183.878070586605,112.0,0.0
replica,658,N13,262.3651540401064,0.0002623651540401064,26236.51540401064,112.0,0.0
replica,659,N13,282.1640486842093,0.00028216404868420934,28216.40486842093,112.0,0.0
replica,660,N13,283.0257235629557,0.0002830257235629557,28302.572356295568,112.0,0.0
replica,661,N13,316.7944966121818,0.0003167944966121818,31679.449661218176,112.0,0.0
replica,662,N13,387.7301624509548,0.00038773016245095484,38773.01624509548,112.0,0.0
replica,663,N13,329.2640049552165,0.0003292640049552165,32926.400495521644,112.0,0.0
replica,664,N13,269.34531353797263,0.00026934531353797265,26934.53135379726,112.0,0.0
replica,665,N13,359.84664391261197,0.00035984664391261196,35984.6643912612,112.0,0.0
replica,666,N13,261.1179011974151,0.0002611179011974151,26111.79011974151,112.0,0.0
replica,667,N13,352.54739954623517,0.00035254739954623517,35254.73995462352,112.0,0.0
replica,668,N13,286.7946791901377,0.00028679467919013766,28679.46791901377,112.0,0.0
replica,669,N13,312.8174647051637,0.0003128174647051637,31281.746470516366,112.0,0.0
replica,670,N13,387.5605640390405,0.0003875605640390405,38756.05640390405,112.0,0.0
replica,671,N13,288.2386327708131,0.00028823863277081314,28823.863277081313,112.0,0.0
replica,672,N13,314.14389029773866,0.00031414389029773865,31414.389029773865,112.0,0.0
replica,673,N13,297.44363158791043,0.00029744363158791043,29744.363158791042,112.0,0.0
replica,674,N13,281.2721210756711,0.00028127212107567114,28127.212107567113,112.0,0.0
replica,675,N13,281.7719789280782,0.00028177197892807824,28177.19789280782,112.0,0.0
replica,676,N13,257.28165297710945,0.00025728165297710944,25728.165297710944,112.0,0.0
replica,677,N13,341.89767214330783,0.00034189767214330783,34189.76721433078,112.0,0.0
replica,678,N13,283.4323429117097,0.00028343234291170974,28343.23429117097,112.0,0.0
replica,679,N13,313.10967139208793,0.0003131096713920879,31310.96713920879,112.0,0.0
replica,680,N13,430.821676101461,0.00043082167610146096,43082.1676101461,112.0,0.0
replica,681,N13,349.0071547692845,0.0003490071547692845,34900.71547692845,112.0,0.0
replica,682,N13,289.28812968099305,0.00028928812968099306,28928.812968099304,112.0,0.0
replica,683,N13,287.56270496830456,0.00028756270496830454,28756.270496830457,112.0,0.0
replica,684,N13,367.27406597622354,0.0003672740659762235,36727.40659762235,112.0,0.0
replica,685,N13,287.51884637523096,0.000287518846375231,28751.884637523097,112.0,0.0
replica,686,N13,287.2551395235812,0.0002872551395235812,28725.51395235812,112.0,0.0
replica,687,N13,218.35988074746024,0.00021835988074746023,21835.988074746023,112.0,0.0
replica,688,N13,315.11356675491515,0.00031511356675491514,31511.356675491515,112.0,0.0
replica,689,N13,314.8358456009921,0.00031483584560099213,31483.58456009921,112.0,0.0
replica,690,N13,437.2465652923952,0.00043724656529239516,43724.65652923952,112.0,0.0
replica,691,N13,329.11944042886734,0.0003291194404288673,32911.94404288673,112.0,0.0
replica,692,N13,267.4916655485182,0.0002674916655485182,26749.166554851818,112.0,0.0
replica,693,N13,334.36452901574637,0.0003343645290157464,33436.45290157464,112.0,0.0
replica,694,N13,326.07268529889427,0.0003260726852988943,32607.268529889425,112.0,0.0
replica,695,N13,355.0636450347671,0.0003550636450347671,35506.36450347671,112.0,0.0
replica,696,N13,281.94900941954086,0.00028194900941954087,28194.900941954085,112.0,0.0
replica,697,N13,292.37291894055613,0.00029237291894055614,29237.291894055612,112.0,0.0
replica,698,N13,297.1872537981596,0.0002971872537981596,29718.725379815958,112.0,0.0
replica,699,N13,312.81119111055943,0.0003128111911105594,31281.11911105594,112.0,0.0
replica,700,N13,372.33326704450644,0.00037233326704450644,37233.32670445064,112.0,0.0
replica,701,N13,349.6253764872377,0.0003496253764872377,34962.537648723766,112.0,0.0
replica,702,N13,291.68992106912503,0.00029168992106912503,29168.9921069125,112.0,0.0
replica,703,N13,279.4517030684599,0.0002794517030684599,27945.17030684599,112.0,0.0
replica,704,N13,327.30573666452415,0.00032730573666452415,32730.573666452416,112.0,0.0
replica,705,N13,255.2255873866836,0.0002552255873866836,25522.55873866836,112.0,0.0
replica,706,N13,310.4652332972636,0.00031046523329726356,31046.52332972636,112.0,0.0
replica,707,N13,310.55303896269174,0.0003105530389626917,31055.303896269175,112.0,0.0
replica,708,N13,353.10313497367065,0.00035310313497367065,35310.31349736707,112.0,0.0
replica,709,N13,339.49093488883295,0.000339490934888833,33949.09348888329,112.0,0.0
replica,710,N13,301.3157603661989,0.0003013157603661989,30131.57603661989,112.0,0.0
replica,711,N13,321.08941220782236,0.0003210894122078224,32108.941220782235,112.0,0.0
replica,712,N13,347.6140809489069,0.0003476140809489069,34761.40809489069,112.0,0.0
replica,713,N13,324.87569061861313,0.00032487569061861316,32487.56906186131,112.0,0.0
replica,714,N13,304.95574574195575,0.00030495574574195575,30495.574574195576,112.0,0.0
replica,715,N13,335.68569487557284,0.00033568569487557284,33568.56948755728,112.0,0.0
replica,716,N13,251.34733900116512,0.0002513473390011651,25134.733900116513,112.0,0.0
replica,717,N13,437.87582820092825,0.00043787582820092825,43787.58282009282,112.0,0.0
replica,718,N13,360.9347595869986,0.0003609347595869986,36093.47595869986,112.0,0.0
replica,719,N13,284.1227540351614,0.0002841227540351614,28412.275403516138,112.0,0.0
replica,720,N13,328.9439442037292,0.0003289439442037292,32894.39442037292,112.0,0.0
replica,721,N13,339.0150503921593,0.0003390150503921593,33901.50503921593,112.0,0.0
replica,722,N13,390.13417040439106,0.00039013417040439105,39013.417040439104,112.0,0.0
replica,723,N13,304.6577753305666,0.00030465777533056663,30465.777533056662,112.0,0.0
replica,724,N13,310.8339193240317,0.00031083391932403167,31083.391932403167,112.0,0.0
replica,725,N13,371.2401108088613,0.0003712401108088613,37124.01108088613,112.0,0.0
replica,726,N13,360.4173707561149,0.0003604173707561149,36041.73707561149,112.0,0.0
replica,727,N13,280.2868167423656,0.0002802868167423656,28028.68167423656,112.0,0.0
replica,728,N13,267.05331858837593,0.00026705331858837596,26705.33185883759,112.0,0.0
replica,729,N13,320.93348596022355,0.00032093348596022353,32093.348596022355,112.0,0.0
replica,730,N13,347.49829527530255,0.00034749829527530254,34749.82952753025,112.0,0.0
replica,731,N13,315.3427778596981,0.0003153427778596981,31534.27778596981,112.0,0.0
replica,732,N13,395.28246721165453,0.0003952824672116545,39528.24672116545,112.0,0.0
replica,733,N13,267.039200273707,0.000267039200273707,26703.920027370703,112.0,0.0
replica,734,N13,350.60590894771656,0.00035060590894771655,35060.59089477165,112.0,0.0
replica,735,N13,314.786874953727,0.00031478687495372704,31478.687495372702,112.0,0.0
replica,736,N13,316.07990961569675,0.00031607990961569676,31607.990961569674,112.0,0.0
replica,737,N13,339.9436656655273,0.0003399436656655273,33994.36656655273,112.0,0.0
replica,738,N13,297.68439009730184,0.00029768439009730184,29768.439009730184,112.0,0.0
replica,739,N13,350.12686491574743,0.00035012686491574745,35012.68649157474,112.0,0.0
replica,740,N13,294.67575010073995,0.0002946757501007399,29467.575010073993,112.0,0.0
replica,741,N13,302.73860368647615,0.0003027386036864762,30273.860368647616,112.0,0.0
replica,742,N13,377.9046442726867,0.0003779046442726867,37790.46442726867,112.0,0.0
replica,743,N13,295.64294891053083,0.0002956429489105308,29564.294891053083,112.0,0.0
replica,744,N13,286.29628287088156,0.00028629628287088157,28629.628287088155,112.0,0.0
replica,745,N13,299.20546172857644,0.0002992054617285764,29920.546172857645,112.0,0.0
replica,746,N13,311.07096658815806,0.0003110709665881581,31107.096658815804,112.0,0.0
replica,747,N13,268.44461036494505,0.00026844461036494506,26844.461036494504,112.0,0.0
replica,748,N13,361.6531828305042,0.0003616531828305042,36165.318283050416,112.0,0.0
replica,749,N13,291.6923174469689,0.0002916923174469689,29169.23174469689,112.0,0.0
replica,750,N13,367.5309608724233,0.00036753096087242327,36753.09608724233,112.0,0.0
replica,751,N13,404.3634512448557,0.0004043634512448557,40436.34512448557,112.0,0.0
replica,752,N13,297.8361079180129,0.0002978361079180129,29783.61079180129,112.0,0.0
replica,753,N13,362.50357450087256,0.00036250357450087257,36250.35745008726,112.0,0.0
replica,754,N13,386.02290490417346,0.0003860229049041735,38602.29049041735,112.0,0.0
replica,755,N13,374.1397185503997,0.00037413971855039974,37413.97185503997,112.0,0.0
replica,756,N13,276.47250752815125,0.0002764725075281513,27647.250752815125,112.0,0.0
replica,757,N13,375.70354369391583,0.0003757035436939158,37570.354369391585,112.0,0.0
replica,758,N13,346.0387190902888,0.0003460387190902888,34603.87190902888,112.0,0.0
replica,759,N13,363.8783380233689,0.0003638783380233689,36387.833802336885,112.0,0.0
replica,760,N13,275.01696207274574,0.00027501696207274574,27501.696207274574,112.0,0.0
replica,761,N13,433.7172140828434,0.0004337172140828434,43371.721408284335,112.0,0.0
replica,762,N13,294.363183947929,0.00029436318394792895,29436.318394792896,112.0,0.0
replica,763,N13,296.501425594693,0.00029650142559469296,29650.1425594693,112.0,0.0
replica,764,N13,321.88027304538116,0.00032188027304538115,32188.027304538115,112.0,0.0
replica,765,N13,265.81446995103454,0.00026581446995103454,26581.44699510345,112.0,0.0
replica,766,N13,313.9099514892366,0.0003139099514892366,31390.995148923663,112.0,0.0
replica,767,N13,327.88123825137006,0.00032788123825137005,32788.12382513701,112.0,0.0
replica,768,N13,361.40195797431346,0.00036140195797431345,36140.19579743135,112.0,0.0
replica,769,N13,355.9206448856369,0.0003559206448856369,35592.06448856369,112.0,0.0
replica,770,N13,305.03926313696684,0.00030503926313696686,30503.926313696684,112.0,0.0
replica,771,N13,466.32773652659125,0.00046632773652659123,46632.773652659125,112.0,0.0
replica,772,N13,353.21218836737216,0.00035321218836737215,35321.218836737215,112.0,0.0
replica,773,N13,296.28816770892513,0.0002962881677089251,29628.816770892514,112.0,0.0
replica,774,N13,293.7157860095664,0.0002937157860095664,29371.578600956636,112.0,0.0
replica,775,N13,251.4050997679218,0.0002514050997679218,25140.50997679218,112.0,0.0
replica,776,N13,272.55312940616784,0.00027255312940616783,27255.312940616783,112.0,0.0
replica,777,N13,373.52769798765496,0.00037352769798765494,37352.7697987655,112.0,0.0
replica,778,N13,288.9135947413914,0.0002889135947413914,28891.359474139143,112.0,0.0
replica,779,N13,314.2672100121703,0.0003142672100121703,31426.721001217033,112.0,0.0
replica,780,N13,320.66499543719317,0.0003206649954371932,32066.499543719317,112.0,0.0
replica,781,N13,353.62532903349194,0.00035362532903349196,35362.532903349194,112.0,0.0
replica,782,N13,316.22541995680194,0.0003162254199568019,31622.541995680192,112.0,0.0
replica,783,N13,285.60128654101,0.00028560128654100996,28560.128654100998,112.0,0.0
replica,784,N13,428.40724466726795,0.00042840724466726795,42840.724466726795,112.0,0.0
replica,785,N13,351.1653389481289,0.0003511653389481289,35116.53389481289,112.0,0.0
replica,786,N13,289.19397314848806,0.00028919397314848804,28919.397314848804,112.0,0.0
replica,787,N13,309.4250524373158,0.0003094250524373158,30942.50524373158,112.0,0.0
replica,788,N13,236.56844898003868,0.00023656844898003868,23656.844898003867,112.0,0.0
replica,789,N13,307.7367267920896,0.0003077367267920896,30773.672679208958,112.0,0.0
replica,790,N13,283.1007243982768,0.00028310072439827677,28310.072439827676,112.0,0.0
replica,791,N13,318.47357053273413,0.0003184735705327341,31847.357053273412,112.0,0.0
replica,792,N13,399.55144834716504,0.00039955144834716505,39955.144834716506,112.0,0.0
replica,793,N13,424.89722253729184,0.00042489722253729185,42489.72225372918,112.0,0.0
replica,794,N13,280.3835402455791,0.0002803835402455791,28038.354024557913,112.0,0.0
replica,795,N13,393.93059845798155,0.00039393059845798154,39393.059845798154,112.0,0.0
replica,796,N13,316.5828966825893,0.00031658289668258933,31658.28966825893,112.0,0.0
replica,797,N13,407.3439215623431,0.0004073439215623431,40734.39215623431,112.0,0.0
replica,798,N13,281.21893492908464,0.00028121893492908463,28121.893492908464,112.0,0.0
replica,799,N13,397.21518639586407,0.00039721518639586405,39721.51863958641,112.0,0.0
replica,800,N13,312.95973756177204,0.00031295973756177204,31295.973756177205,112.0,0.0
replica,801,N13,441.3896328050588,0.00044138963280505877,44138.96328050588,112.0,0.0
replica,802,N13,394.6864486085071,0.00039468644860850705,39468.644860850705,112.0,0.0
replica,803,N13,296.27097668803424,0.0002962709766880342,29627.097668803424,112.0,0.0
replica,804,N13,314.2804905784579,0.0003142804905784579,31428.049057845787,112.0,0.0
replica,805,N13,283.86300164350354,0.00028386300164350356,28386.300164350352,112.0,0.0
replica,806,N13,318.2868156927683,0.0003182868156927683,31828.68156927683,112.0,0.0
replica,807,N13,312.12233429804286,0.0003121223342980429,31212.233429804284,112.0,0.0
replica,808,N13,347.8722718661323,0.0003478722718661323,34787.22718661323,112.0,0.0
replica,809,N13,348.01085588419835,0.00034801085588419836,34801.08558841983,112.0,0.0
replica,810,N13,350.65057365809463,0.00035065057365809464,35065.057365809465,112.0,0.0
replica,811,N13,353.66653328140546,0.00035366653328140546,35366.65332814054,112.0,0.0
replica,812,N13,450.11467249438687,0.0004501146724943869,45011.46724943868,112.0,0.0
replica,813,N13,355.36600033240177,0.0003553660003324018,35536.600033240175,112.0,0.0
replica,814,N13,434.2243237905305,0.0004342243237905305,43422.43237905305,112.0,0.0
replica,815,N13,254.1606312494697,0.0002541606312494697,25416.06312494697,112.0,0.0
replica,816,N13,327.14381351608586,0.00032714381351608583,32714.381351608587,112.0,0.0
replica,817,N13,293.8127019210267,0.0002938127019210267,29381.27019210267,112.0,0.0
replica,818,N13,315.08333426979357,0.00031508333426979356,31508.333426979356,112.0,0.0
replica,819,N13,318.9128987067047,0.00031891289870670473,31891.28987067047,112.0,0.0
replica,820,N13,379.9325667619631,0.0003799325667619631,37993.25667619631,112.0,0.0
replica,821,N13,305.33643544613534,0.00030533643544613533,30533.643544613533,112.0,0.0
replica,822,N13,321.41023494570373,0.00032141023494570373,32141.023494570374,112.0,0.0
replica,823,N13,262.3967761382536,0.0002623967761382536,26239.67761382536,112.0,0.0
replica,824,N13,343.9183030863604,0.00034391830308636045,34391.83030863604,112.0,0.0
replica,825,N13,330.63581208545156,0.0003306358120854516,33063.581208545154,112.0,0.0
replica,826,N13,324.7893504461387,0.0003247893504461387,32478.93504461387,112.0,0.0
replica,827,N13,372.10350392334027,0.00037210350392334027,37210.350392334025,112.0,0.0
replica,828,N13,313.7923992471706,0.00031379239924717055,31379.239924717058,112.0,0.0
replica,829,N13,244.9227747800886,0.00024492277478008857,24492.27747800886,112.0,0.0
replica,830,N13,372.0755017797539,0.0003720755017797539,37207.55017797539,112.0,0.0
replica,831,N13,310.7392280758296,0.0003107392280758296,31073.92280758296,112.0,0.0
replica,832,N13,276.0826613823956,0.0002760826613823956,27608.26613823956,112.0,0.0
replica,833,N13,287.7177528578168,0.0002877177528578168,28771.775285781678,112.0,0.0
replica,834,N13,362.3220723071522,0.00036232207230715223,36232.20723071522,112.0,0.0
replica,835,N13,330.22568713568063,0.0003302256871356806,33022.568713568064,112.0,0.0
replica,836,N13,313.5397933881119,0.0003135397933881119,31353.979338811187,112.0,0.0
replica,837,N13,284.00896279488325,0.00028400896279488324,28400.896279488323,112.0,0.0
replica,838,N13,240.3625677557437,0.0002403625677557437,24036.25677557437,112.0,0.0
replica,839,N13,309.7287754026803,0.0003097287754026803,30972.87754026803,112.0,0.0
replica,840,N13,353.64397538766707,0.00035364397538766707,35364.39753876671,112.0,0.0
replica,841,N13,395.4997660058994,0.0003954997660058994,39549.97660058994,112.0,0.0
replica,842,N13,324.3261888671901,0.0003243261888671901,32432.61888671901,112.0,0.0
replica,843,N13,310.61013663022914,0.0003106101366302291,31061.013663022914,112.0,0.0
replica,844,N13,364.73706841109043,0.00036473706841109045,36473.706841109044,112.0,0.0
replica,845,N13,276.43229353127765,0.00027643229353127764,27643.229353127765,112.0,0.0
replica,846,N13,298.0989142669256,0.00029809891426692557,29809.891426692557,112.0,0.0
replica,847,N13,355.1413407911678,0.0003551413407911678,35514.13407911678,112.0,0.0
replica,848,N13,313.78849790811864,0.00031378849790811866,31378.849790811862,112.0,0.0
replica,849,N13,300.28554175735445,0.00030028554175735443,30028.554175735444,112.0,0.0
replica,850,N13,354.3974443324561,0.0003543974443324561,35439.74443324561,112.0,0.0
replica,851,N13,241.33704430052444,0.00024133704430052443,24133.704430052443,112.0,0.0
replica,852,N13,381.3150822816806,0.00038131508228168056,38131.50822816806,112.0,0.0
replica,853,N13,312.892437572017,0.000312892437572017,31289.2437572017,112.0,0.0
replica,854,N13,353.9238058574779,0.0003539238058574779,35392.380585747786,112.0,0.0
replica,855,N13,298.554621099524,0.000298554621099524,29855.4621099524,112.0,0.0
replica,856,N13,310.75132132465944,0.00031075132132465943,31075.132132465944,112.0,0.0
replica,857,N13,328.2068747107781,0.0003282068747107781,32820.68747107781,112.0,0.0
replica,858,N13,258.067424086958,0.000258067424086958,25806.742408695798,112.0,0.0
replica,859,N13,332.1432551838557,0.0003321432551838557,33214.325518385565,112.0,0.0
replica,860,N13,340.0164992744036,0.0003400164992744036,34001.64992744036,112.0,0.0
replica,861,N13,312.64192662708615,0.00031264192662708616,31264.192662708614,112.0,0.0
replica,862,N13,363.8098729699557,0.0003638098729699557,36380.98729699557,112.0,0.0
replica,863,N13,300.09008108123106,0.00030009008108123107,30009.008108123107,112.0,0.0
replica,864,N13,220.0562855091249,0.0002200562855091249,22005.62855091249,112.0,0.0
replica,865,N13,318.30451492390813,0.00031830451492390814,31830.451492390814,112.0,0.0
replica,866,N13,255.07565827803103,0.00025507565827803105,25507.5658278031,112.0,0.0
replica,867,N13,369.12156006091766,0.00036912156006091765,36912.15600609176,112.0,0.0
replica,868,N13,378.24796010394755,0.00037824796010394753,37824.796010394755,112.0,0.0
replica,869,N13,349.63132046539346,0.00034963132046539347,34963.132046539344,112.0,0.0
replica,870,N13,300.79445389570895,0.00030079445389570895,30079.445389570894,112.0,0.0
replica,871,N13,297.02026502884604,0.00029702026502884604,29702.026502884604,112.0,0.0
replica,872,N13,413.1092358319096,0.0004131092358319096,41310.92358319096,112.0,0.0
replica,873,N13,308.0854507266481,0.0003080854507266481,30808.54507266481,112.0,0.0
replica,874,N13,352.9737467512484,0.0003529737467512484,35297.37467512484,112.0,0.0
replica,875,N13,292.5817118671589,0.0002925817118671589,29258.17118671589,112.0,0.0
replica,876,N13,332.40861172992055,0.00033240861172992054,33240.86117299205,112.0,0.0
replica,877,N13,395.3152810553912,0.00039531528105539123,39531.52810553912,112.0,0.0
replica,878,N13,319.2376956497053,0.0003192376956497053,31923.76956497053,112.0,0.0
replica,879,N13,268.0996748838317,0.0002680996748838317,26809.967488383172,112.0,0.0
replica,880,N13,336.6882367500126,0.00033668823675001263,33668.82367500126,112.0,0.0
replica,881,N13,386.5321029482583,0.0003865321029482583,38653.210294825825,112.0,0.0
replica,882,N13,357.28583481476045,0.00035728583481476044,35728.583481476046,112.0,0.0
replica,883,N13,369.24001943366,0.00036924001943366,36924.001943366,112.0,0.0
replica,884,N13,352.6970391637701,0.0003526970391637701,35269.70391637701,112.0,0.0
replica,885,N13,258.205570140287,0.00025820557014028704,25820.5570140287,112.0,0.0
replica,886,N13,270.60021404145004,0.00027060021404145006,27060.021404145005,112.0,0.0
replica,887,N13,283.94839076432197,0.00028394839076432195,28394.839076432196,112.0,0.0
replica,888,N13,360.13392033292104,0.00036013392033292104,36013.392033292104,112.0,0.0
replica,889,N13,323.3026951008476,0.00032330269510084757,32330.26951008476,112.0,0.0
replica,890,N13,294.7048559835023,0.0002947048559835023,29470.485598350228,112.0,0.0
replica,891,N13,431.32779339953373,0.00043132779339953375,43132.77933995337,112.0,0.0
replica,892,N13,371.54753084931406,0.00037154753084931406,37154.753084931406,112.0,0.0
replica,893,N13,325.00148570864235,0.00032500148570864236,32500.148570864236,112.0,0.0
replica,894,N13,314.6585984239913,0.0003146585984239913,31465.859842399128,112.0,0.0
replica,895,N13,265.031547945419,0.000265031547945419,26503.154794541897,112.0,0.0
replica,896,N13,351.87210689148884,0.00035187210689148886,35187.21068914888,112.0,0.0
replica,897,N13,392.7122751784216,0.0003927122751784216,39271.227517842155,112.0,0.0
replica,898,N13,434.2980010343746,0.0004342980010343746,43429.800103437454,112.0,0.0
replica,899,N13,307.5218399763177,0.0003075218399763177,30752.18399763177,112.0,0.0
replica,900,N13,350.28610013804285,0.0003502861001380429,35028.61001380428,112.0,0.0
replica,901,N13,294.91743368929724,0.00029491743368929727,29491.743368929725,112.0,0.0
replica,902,N13,353.77675773558695,0.00035377675773558693,35377.675773558694,112.0,0.0
replica,903,N13,383.8071999021277,0.0003838071999021277,38380.71999021277,112.0,0.0
replica,904,N13,300.23186645053715,0.00030023186645053716,30023.186645053716,112.0,0.0
replica,905,N13,405.63848221977537,0.0004056384822197754,40563.84822197754,112.0,0.0
replica,906,N13,293.7189892461927,0.00029371898924619266,29371.89892461927,112.0,0.0
replica,907,N13,314.5298657900877,0.0003145298657900877,31452.986579008768,112.0,0.0
replica,908,N13,323.80224341545465,0.00032380224341545466,32380.224341545465,112.0,0.0
replica,909,N13,284.7444993453762,0.0002847444993453762,28474.44993453762,112.0,0.0
replica,910,N13,268.277190433698,0.00026827719043369803,26827.7190433698,112.0,0.0
replica,911,N13,311.6367347764931,0.0003116367347764931,31163.673477649307,112.0,0.0
replica,912,N13,358.5889780121435,0.0003585889780121435,35858.89780121435,112.0,0.0
replica,913,N13,382.16913271802116,0.00038216913271802116,38216.913271802114,112.0,0.0
replica,914,N13,351.1640117320282,0.0003511640117320282,35116.401173202816,112.0,0.0
replica,915,N13,330.43126696738614,0.00033043126696738614,33043.12669673861,112.0,0.0
replica,916,N13,346.2661338434,0.0003462661338434,34626.613384339995,112.0,0.0
replica,917,N13,365.70780064935326,0.00036570780064935324,36570.78006493532,112.0,0.0
replica,918,N13,346.3363397738211,0.0003463363397738211,34633.63397738211,112.0,0.0
replica,919,N13,434.3524957945896,0.00043435249579458957,43435.249579458956,112.0,0.0
replica,920,N13,301.80122577686274,0.00030180122577686273,30180.122577686274,112.0,0.0
replica,921,N13,317.3044319291288,0.00031730443192912877,31730.443192912877,112.0,0.0
replica,922,N13,379.3200492354395,0.0003793200492354395,37932.00492354395,112.0,0.0
replica,923,N13,329.8091750092651,0.00032980917500926514,32980.91750092651,112.0,0.0
replica,924,N13,374.3754192956315,0.0003743754192956315,37437.54192956315,112.0,0.0
replica,925,N13,303.08765509611914,0.0003030876550961191,30308.765509611912,112.0,0.0
replica,926,N13,278.84662169501695,0.00027884662169501694,27884.662169501695,112.0,0.0
replica,927,N13,325.72265281038005,0.00032572265281038005,32572.265281038006,112.0,0.0
replica,928,N13,321.9185005478251,0.0003219185005478251,32191.85005478251,112.0,0.0
replica,929,N13,359.7141552031684,0.00035971415520316837,35971.41552031684,112.0,0.0
replica,930,N13,262.24942267679853,0.00026224942267679855,26224.942267679853,112.0,0.0
replica,931,N13,337.97163275842183,0.00033797163275842184,33797.163275842184,112.0,0.0
replica,932,N13,332.6793919913258,0.0003326793919913258,33267.93919913258,112.0,0.0
replica,933,N13,286.21785771851415,0.0002862178577185142,28621.785771851413,112.0,0.0
replica,934,N13,323.3135873330699,0.0003233135873330699,32331.358733306988,112.0,0.0
replica,935,N13,367.2176430049443,0.0003672176430049443,36721.76430049443,112.0,0.0
replica,936,N13,332.1157951073138,0.00033211579510731377,33211.579510731375,112.0,0.0
replica,937,N13,337.2797784586996,0.0003372797784586996,33727.97784586996,112.0,0.0
replica,938,N13,310.00861309995906,0.00031000861309995906,31000.861309995908,112.0,0.0
replica,939,N13,292.5675346743972,0.00029256753467439724,29256.75346743972,112.0,0.0
replica,940,N13,318.4688800909687,0.0003184688800909687,31846.88800909687,112.0,0.0
replica,941,N13,395.4767867629834,0.0003954767867629834,39547.67867629834,112.0,0.0
replica,942,N13,340.03090600545744,0.00034003090600545746,34003.090600545744,112.0,0.0
replica,943,N13,302.6200267366106,0.0003026200267366106,30262.00267366106,112.0,0.0
replica,944,N13,407.94678499277546,0.00040794678499277544,40794.67849927754,112.0,0.0
replica,945,N13,401.05207212673884,0.0004010520721267388,40105.207212673886,112.0,0.0
replica,946,N13,397.522457383089,0.00039752245738308896,39752.2457383089,112.0,0.0
replica,947,N13,397.0543261868688,0.00039705432618686884,39705.43261868688,112.0,0.0
replica,948,N13,307.07077863081304,0.00030707077863081304,30707.077863081304,112.0,0.0
replica,949,N13,285.17774713910524,0.00028517774713910526,28517.774713910523,112.0,0.0
replica,950,N13,266.14892131096326,0.00026614892131096324,26614.892131096327,112.0,0.0
replica,951,N13,392.8039152130482,0.0003928039152130482,39280.39152130482,112.0,0.0
replica,952,N13,326.59744440121005,0.00032659744440121004,32659.744440121005,112.0,0.0
replica,953,N13,358.46495242244276,0.00035846495242244274,35846.49524224427,112.0,0.0
replica,954,N13,302.46061600436866,0.00030246061600436866,30246.061600436864,112.0,0.0
replica,955,N13,272.8903393780395,0.00027289033937803953,27289.033937803953,112.0,0.0
replica,956,N13,335.61338278851247,0.0003356133827885125,33561.338278851246,112.0,0.0
replica,957,N13,407.9861475479038,0.0004079861475479038,40798.614754790375,112.0,0.0
replica,958,N13,299.18510830078975,0.00029918510830078977,29918.510830078976,112.0,0.0
replica,959,N13,328.23677478756184,0.00032823677478756183,32823.67747875618,112.0,0.0
replica,960,N13,336.2467569918775,0.0003362467569918775,33624.67569918775,112.0,0.0
replica,961,N13,471.2738252485171,0.00047127382524851706,47127.38252485171,112.0,0.0
replica,962,N13,333.00285675516204,0.00033300285675516204,33300.28567551621,112.0,0.0
replica,963,N13,300.67092730519664,0.00030067092730519667,30067.092730519664,112.0,0.0
replica,964,N13,359.6650227821624,0.0003596650227821624,35966.50227821624,112.0,0.0
replica,965,N13,395.20973997303224,0.0003952097399730322,39520.97399730323,112.0,0.0
replica,966,N13,366.49560285772236,0.00036649560285772234,36649.56028577223,112.0,0.0
replica,967,N13,276.1561529587896,0.0002761561529587896,27615.61529587896,112.0,0.0
replica,968,N13,313.74848056333326,0.00031374848056333325,31374.848056333325,112.0,0.0
replica,969,N13,307.86168614634835,0.00030786168614634833,30786.168614634833,112.0,0.0
replica,970,N13,298.9363521456258,0.0002989363521456258,29893.63521456258,112.0,0.0
replica,971,N13,334.4439181452662,0.0003344439181452662,33444.39181452662,112.0,0.0
replica,972,N13,255.31267567132363,0.00025531267567132363,25531.267567132363,112.0,0.0
replica,973,N13,347.5845555533485,0.00034758455555334845,34758.45555533485,112.0,0.0
replica,974,N13,272.0410229645895,0.0002720410229645895,27204.10229645895,112.0,0.0
replica,975,N13,379.64151795957116,0.0003796415179595712,37964.151795957114,112.0,0.0
replica,976,N13,299.80219508766,0.00029980219508766,29980.219508765997,112.0,0.0
replica,977,N13,310.2813016972557,0.0003102813016972557,31028.13016972557,112.0,0.0
replica,978,N13,339.40826371480796,0.00033940826371480794,33940.8263714808,112.0,0.0
replica,979,N13,314.37041231108043,0.0003143704123110804,31437.041231108044,112.0,0.0
replica,980,N13,378.9275390072398,0.00037892753900723976,37892.753900723976,112.0,0.0
replica,981,N13,270.58868645339555,0.00027058868645339553,27058.868645339553,112.0,0.0
replica,982,N13,334.3608685716779,0.00033436086857167787,33436.086857167786,112.0,0.0
replica,983,N13,282.2029769327621,0.0002822029769327621,28220.29769327621,112.0,0.0
replica,984,N13,336.7325235248855,0.0003367325235248855,33673.25235248855,112.0,0.0
replica,985,N13,398.89469050329194,0.0003988946905032919,39889.46905032919,112.0,0.0
replica,986,N13,327.4828015935543,0.0003274828015935543,32748.280159355432,112.0,0.0
replica,987,N13,263.98334014203976,0.0002639833401420398,26398.334014203974,112.0,0.0
replica,988,N13,367.27965066340704,0.00036727965066340703,36727.9650663407,112.0,0.0
replica,989,N13,369.9623817140472,0.0003699623817140472,36996.238171404715,112.0,0.0
replica,990,N13,342.07214616202555,0.00034207214616202553,34207.21461620255,112.0,0.0
replica,991,N13,278.7748046880208,0.00027877480468802083,27877.48046880208,112.0,0.0
replica,992,N13,349.2150348753949,0.0003492150348753949,34921.50348753949,112.0,0.0
replica,993,N13,383.5612852602857,0.0003835612852602857,38356.128526028566,112.0,0.0
replica,994,N13,347.0751223765328,0.0003470751223765328,34707.51223765328,112.0,0.0
replica,995,N13,283.19247075616624,0.00028319247075616624,28319.247075616622,112.0,0.0
replica,996,N13,337.75198986221494,0.00033775198986221494,33775.19898622149,112.0,0.0
replica,997,N13,277.3744173164903,0.0002773744173164903,27737.44173164903,112.0,0.0
replica,998,N13,336.72480630077496,0.00033672480630077495,33672.480630077494,112.0,0.0
replica,999,N13,290.9452875385871,0.0002909452875385871,29094.528753858707,112.0,0.0
nominal,,all_production,2904.4341382970642,0.0029044341382970643,290443.41382970643,106.58608399942023,0.0
replica,0,all_production,2639.917939760865,0.002639917939760865,263991.7939760865,106.88035995718467,0.29427595776444093
replica,1,all_production,3046.258201391956,0.003046258201391956,304625.8201391956,106.77290470286235,0.1868207034421232
replica,2,all_production,3105.9400874285757,0.003105940087428576,310594.00874285755,106.3837045052553,-0.20237949416492995
replica,3,all_production,2724.583111593322,0.002724583111593322,272458.31115933217,106.65156846657463,0.06548446715440548
replica,4,all_production,3115.833325037435,0.003115833325037435,311583.33250374347,106.72761688317667,0.14153288375644024
replica,5,all_production,2827.5594399077936,0.0028275594399077937,282755.94399077934,106.6555739099798,0.0694899105595681
replica,6,all_production,3237.7391919301554,0.0032377391919301553,323773.91919301555,106.78081631903771,0.19473231961748638
replica,7,all_production,3082.089881582606,0.0030820898815826056,308208.9881582606,106.56262784010669,-0.023456159313539615
replica,8,all_production,3198.997349648447,0.003198997349648447,319899.7349648447,106.39279267890126,-0.19329132051896636
replica,9,all_production,2809.5741992220433,0.0028095741992220434,280957.41992220434,106.91035105777198,0.32426705835175085
replica,10,all_production,2862.1338827159807,0.002862133882715981,286213.3882715981,106.64075646205119,0.05467246263096115
replica,11,all_production,2787.87231179847,0.00278787231179847,278787.231179847,106.31359082722224,-0.27249317219798286
replica,12,all_production,3245.7309065624013,0.003245730906562401,324573.0906562401,106.73589441517096,0.14981041575073561
replica,13,all_production,2829.222064829547,0.002829222064829547,282922.2064829547,106.47937312660316,-0.10671087281706093
replica,14,all_production,3052.4270233644943,0.0030524270233644943,305242.7023364494,106.53771620026104,-0.048367799159180436
replica,15,all_production,2908.013491997018,0.002908013491997018,290801.3491997018,106.62516198131433,0.039077981894109826
replica,16,all_production,2830.8543367257885,0.0028308543367257886,283085.43367257883,106.71668126732293,0.13059726790270076
replica,17,all_production,2952.359437055607,0.002952359437055607,295235.9437055607,106.62489010889612,0.038806109475899575
replica,18,all_production,3005.041751745326,0.003005041751745326,300504.17517453263,106.5284858516739,-0.05759814774631877
replica,19,all_production,2966.7012462100656,0.0029667012462100658,296670.12462100654,106.36931134421684,-0.2167726552033855
replica,20,all_production,2972.7655550755453,0.0029727655550755455,297276.5555075545,106.81634060636267,0.2302566069424472
replica,21,all_production,2743.50044189273,0.00274350044189273,274350.04418927303,106.68868698103402,0.10260298161379922
replica,22,all_production,3046.0172685157836,0.0030460172685157836,304601.72685157834,106.73965406761366,0.15357006819343155
replica,23,all_production,3088.8084955713443,0.003088808495571344,308880.84955713444,106.51415689853498,-0.07192710088524734
replica,24,all_production,2817.734562523996,0.002817734562523996,281773.4562523996,106.73843191636564,0.15234791694541627
replica,25,all_production,2534.2920863116237,0.0025342920863116237,253429.20863116236,106.52138466508048,-0.06469933433974973
replica,26,all_production,2869.1348014338487,0.0028691348014338487,286913.48014338483,106.55438101652716,-0.03170298289306572
replica,27,all_production,3042.4145289024555,0.0030424145289024555,304241.45289024553,106.5657231374416,-0.02036086197863085
replica,28,all_production,2761.725719169875,0.002761725719169875,276172.5719169875,106.57345763817574,-0.012626361244485906
replica,29,all_production,2881.047203927112,0.002881047203927112,288104.7203927112,106.59847383981963,0.012389840399407603
replica,30,all_production,2947.423202082849,0.002947423202082849,294742.3202082849,106.79970965690666,0.21362565748643192
replica,31,all_production,2808.46213744512,0.00280846213744512,280846.213744512,106.72619513797666,0.14011113855643487
replica,32,all_production,3049.4616930453,0.0030494616930453,304946.16930452996,106.52279200755747,-0.06329199186275503
replica,33,all_production,2954.7276103669724,0.0029547276103669726,295472.76103669725,106.55650066165336,-0.029583337766865725
replica,34,all_production,2869.09327187673,0.00286909327187673,286909.32718767296,106.64492054915866,0.05883654973843022
replica,35,all_production,2864.566725466084,0.0028645667254660837,286456.6725466084,106.84371525505453,0.25763125563430833
replica,36,all_production,3133.531151834649,0.0031335311518346488,313353.1151834649,106.49022585064844,-0.09585814877178223
replica,37,all_production,2982.503092741625,0.002982503092741625,298250.3092741625,106.39376497119235,-0.19231902822787106
replica,38,all_production,3182.4514934254644,0.0031824514934254643,318245.1493425464,106.75814406597415,0.17206006655392514
replica,39,all_production,2873.7017049698857,0.0028737017049698856,287370.1704969886,106.72517767345452,0.1390936740342994
replica,40,all_production,2799.2727489762515,0.0027992727489762515,279927.27489762515,106.62939132928553,0.04330732986529995
replica,41,all_production,2824.878038243937,0.0028248780382439374,282487.8038243937,106.3170907121824,-0.26899328723781935
replica,42,all_production,2982.4590651099375,0.0029824590651099376,298245.9065109937,106.74756898499155,0.1614849855713203
replica,43,all_production,2755.2068158868897,0.00275520681588689,275520.681588689,106.66428992802948,0.07820592860925046
replica,44,all_production,3209.475187231482,0.003209475187231482,320947.51872314815,106.64740259586456,0.06131859644433746
replica,45,all_production,2683.229517103455,0.0026832295171034548,268322.95171034546,106.71505098312095,0.12896698370072102
replica,46,all_production,3346.760073520056,0.0033467600735200558,334676.0073520056,106.16742656972818,-0.4186574296920469
replica,47,all_production,2847.126833667273,0.002847126833667273,284712.68336672726,106.54469620818449,-0.041387791235734994
replica,48,all_production,2719.7683655368564,0.0027197683655368564,271976.83655368566,106.67789944124063,0.09181544182040113
replica,49,all_production,2725.552756706362,0.0027255527567063616,272555.27567063615,106.59891873839136,0.012834738971136517
replica,50,all_production,2962.3628445578784,0.0029623628445578786,296236.28445578786,106.57061467552496,-0.015469323895260345
replica,51,all_production,3024.1534116377247,0.0030241534116377247,302415.34116377245,106.65738723279102,0.07130323337079858
replica,52,all_production,2539.3085305119357,0.0025393085305119357,253930.85305119355,106.43976183500759,-0.1463221644126378
replica,53,all_production,2562.7840728679466,0.0025627840728679467,256278.40728679465,106.45226334973117,-0.13382064968905638
replica,54,all_production,3287.794170913873,0.003287794170913873,328779.4170913873,106.59159654136182,0.00551254194159867
replica,55,all_production,2675.5164816399156,0.0026755164816399156,267551.6481639916,106.60575892896546,0.01967492954523209
replica,56,all_production,3091.61499798348,0.00309161499798348,309161.499798348,106.59443449900753,0.00835049958730849
replica,57,all_production,3172.591512074501,0.003172591512074501,317259.15120745014,106.3317794994494,-0.2543044999708286
replica,58,all_production,2911.1458071249626,0.0029111458071249628,291114.58071249624,106.67896119095302,0.09287719153279284
replica,59,all_production,2899.8180999956116,0.002899818099995612,289981.80999956117,106.64342602374474,0.05734202432451241
replica,60,all_production,2877.969043087436,0.002877969043087436,287796.9043087436,106.44648783325043,-0.1395961661697953
replica,61,all_production,2906.3435655710873,0.0029063435655710874,290634.35655710875,106.5600767282543,-0.026007271165923385
replica,62,all_production,2784.5116905784985,0.0027845116905784984,278451.16905784985,106.59827435577729,0.01219035635706689
replica,63,all_production,2849.1528870958127,0.002849152887095813,284915.28870958125,106.67745535335139,0.0913713539311658
replica,64,all_production,2853.5961879563665,0.0028535961879563665,285359.61879563663,106.78927117835816,0.20318717893793803
replica,65,all_production,3073.764507513396,0.003073764507513396,307376.4507513396,106.59073764245645,0.004653643036220956
replica,66,all_production,3087.8662058415557,0.003087866205841556,308786.62058415555,106.55221711178416,-0.03386688763606571
replica,67,all_production,2873.4442761829905,0.0028734442761829907,287344.427618299,106.77561761728452,0.18953361786429923
replica,68,all_production,3285.2555423793874,0.0032852555423793874,328525.5542379387,106.63763773166416,0.05155373224393145
replica,69,all_production,3131.744559503305,0.003131744559503305,313174.4559503305,106.34324266708,-0.24284133234021965
replica,70,all_production,2812.5260544433027,0.002812526054443303,281252.60544433026,106.0172906101419,-0.5687933892783263
replica,71,all_production,2966.419723550206,0.002966419723550206,296641.9723550206,106.34229602911584,-0.24378797030438193
replica,72,all_production,2899.10934754128,0.00289910934754128,289910.934754128,106.6140199132371,0.027935913816875768
replica,73,all_production,3225.1294659261553,0.003225129465926155,322512.9465926155,106.6440912125861,0.058007213165879534
replica,74,all_production,2975.809900874574,0.002975809900874574,297580.9900874574,106.6438031463504,0.05771914693016811
replica,75,all_production,3089.6059501277955,0.0030896059501277955,308960.5950127795,106.74702651361038,0.16094251419015393
replica,76,all_production,3025.751978991606,0.003025751978991606,302575.1978991606,106.93526817780935,0.3491841783891232
replica,77,all_production,2814.695510253641,0.002814695510253641,281469.5510253641,106.59667632687963,0.010592327459406192
replica,78,all_production,3017.8833510203376,0.0030178833510203376,301788.33510203374,106.62949590253697,0.04341190311674836
replica,79,all_production,2869.428232701891,0.002869428232701891,286942.8232701891,106.64944255494531,0.06335855552508463
replica,80,all_production,3297.826905367038,0.0032978269053670376,329782.6905367038,106.5999215842767,0.013837584856474905
replica,81,all_production,2440.2995723764816,0.0024402995723764817,244029.95723764817,106.88568427669009,0.29960027726986027
replica,82,all_production,3121.4278210515336,0.0031214278210515336,312142.78210515337,106.76617111665705,0.18008711723682325
replica,83,all_production,2968.640015443122,0.0029686400154431223,296864.0015443122,106.98326981383208,0.39718581441185563
replica,84,all_production,2837.3426796735357,0.002837342679673536,283734.2679673536,106.6158833832703,0.029799383850075856
replica,85,all_production,2721.730573564154,0.002721730573564154,272173.0573564154,106.75031002588321,0.164226026462984
replica,86,all_production,3161.9854605259015,0.0031619854605259017,316198.5460525901,106.82937793462482,0.24329393520459064
replica,87,all_production,3118.956641076535,0.003118956641076535,311895.6641076535,106.65249695435358,0.0664129549333552
replica,88,all_production,2790.993451504992,0.002790993451504992,279099.3451504992,106.50162703960501,-0.0844569598152134
replica,89,all_production,2782.1514685819957,0.0027821514685819958,278215.14685819956,106.50821150246101,-0.07787249695921616
replica,90,all_production,3303.2677297175483,0.0033032677297175485,330326.77297175484,106.575392223314,-0.010691776106227735
replica,91,all_production,2724.290929287369,0.002724290929287369,272429.09292873694,106.5408094677551,-0.04527453166512885
replica,92,all_production,2949.772335708211,0.002949772335708211,294977.23357082106,106.69828378565745,0.11219978623722682
replica,93,all_production,3080.3322240549505,0.0030803322240549507,308033.22240549506,106.64832581181744,0.062241812397218155
replica,94,all_production,3118.3835727166434,0.0031183835727166434,311838.3572716643,106.4669916196226,-0.1190923797976211
replica,95,all_production,3107.3079811363764,0.0031073079811363763,310730.7981136376,106.70810166426857,0.12201766484834309
replica,96,all_production,2710.4363448446347,0.0027104363448446347,271043.6344844635,106.42937857923206,-0.15670542018816036
replica,97,all_production,3279.452801578288,0.003279452801578288,327945.2801578288,106.64929040249679,0.06320640307656333
replica,98,all_production,2883.098217392625,0.002883098217392625,288309.8217392625,106.4337416365818,-0.15234236283842506
replica,99,all_production,3024.4916041199267,0.0030244916041199266,302449.1604119927,106.81118463132162,0.22510063190139817
replica,100,all_production,3112.7941181676847,0.0031127941181676847,311279.41181676846,106.43150594224663,-0.15457805717359463
replica,101,all_production,3164.529673563622,0.003164529673563622,316452.9673563622,106.68496908406124,0.09888508464101164
replica,102,all_production,2914.8765073785944,0.0029148765073785943,291487.6507378594,106.5690838913398,-0.01700010808042407
replica,103,all_production,2879.97163225854,0.00287997163225854,287997.163225854,106.57758335361112,-0.008500645809107255
replica,104,all_production,2834.6325554741543,0.002834632555474154,283463.2555474154,106.49818814438306,-0.08789585503716069
replica,105,all_production,3391.731538376848,0.003391731538376848,339173.15383768483,106.75050176769574,0.1644177682755128
replica,106,all_production,2923.201045276909,0.0029232010452769092,292320.1045276909,106.7477450268029,0.16166102738267796
replica,107,all_production,2710.001542257048,0.0027100015422570484,271000.1542257048,106.63946155020781,0.053377550787587325
replica,108,all_production,2981.964854155462,0.002981964854155462,298196.4854155462,106.40115047085378,-0.18493352856644663
replica,109,all_production,3045.5188711028154,0.0030455188711028154,304551.88711028156,106.9478464349809,0.3617624355606779
replica,110,all_production,3038.177633718986,0.0030381776337189857,303817.76337189856,106.77011444734528,0.1840304479250534
replica,111,all_production,2877.2778017961823,0.002877277801796182,287727.7801796182,106.74500091832404,0.1589169189038131
replica,112,all_production,3034.3408194237104,0.0030343408194237103,303434.08194237103,106.68719683880192,0.1011128393816989
replica,113,all_production,2896.794696910457,0.0028967946969104567,289679.4696910457,106.36441558685623,-0.22166841256400005
replica,114,all_production,3038.4271151717717,0.0030384271151717717,303842.7115171772,106.3586086690679,-0.22747533035231982
replica,115,all_production,3211.9098136643697,0.0032119098136643696,321190.981366437,106.61106192857875,0.024977929158524148
replica,116,all_production,2691.4240634018734,0.002691424063401873,269142.40634018736,106.5640640276279,-0.02201997179233217
replica,117,all_production,3035.757363079312,0.0030357573630793123,303575.7363079312,106.6616209383767,0.07553693895647484
replica,118,all_production,2838.2807375706134,0.0028382807375706134,283828.0737570613,106.61644394787697,0.030359948456748498
replica,119,all_production,3172.9048067065255,0.0031729048067065256,317290.4806706525,106.78726834941948,0.20118434999925228
replica,120,all_production,2864.6726399333784,0.0028646726399333784,286467.2639933378,106.49071955053888,-0.09536444888134099
replica,121,all_production,2805.8108099720785,0.0028058108099720783,280581.08099720784,106.53048180465906,-0.055602194761164014
replica,122,all_production,2843.615911251596,0.002843615911251596,284361.5911251596,106.76411612342082,0.17803212400059465
replica,123,all_production,2873.7993365978236,0.0028737993365978236,287379.93365978234,106.95994535875371,0.37386135933348896
replica,124,all_production,2773.6573568404865,0.0027736573568404865,277365.7356840486,106.34687931161686,-0.23920468780336535
replica,125,all_production,2855.7103284097866,0.002855710328409787,285571.03284097865,106.5833211212257,-0.0027628781945310266
replica,126,all_production,2986.068504965556,0.0029860685049655556,298606.85049655556,106.48682260307787,-0.09926139634235653
replica,127,all_production,3040.2272482573253,0.0030402272482573252,304022.7248257325,106.83683653248492,0.25075253306469847
replica,128,all_production,2911.915403486869,0.0029119154034868686,291191.54034868686,106.4427046734871,-0.1433793259331253
replica,129,all_production,2944.4094316883557,0.0029444094316883555,294440.94316883554,106.29181732665799,-0.29426667276223384
replica,130,all_production,2882.681968543765,0.002882681968543765,288268.19685437647,106.77260887321731,0.18652487379708305
replica,131,all_production,3030.071703423684,0.003030071703423684,303007.1703423684,106.77795177442893,0.19186777500870278
replica,132,all_production,3204.144784172526,0.0032041447841725263,320414.4784172526,106.78473237093168,0.1986483715114531
replica,133,all_production,3046.320174447869,0.003046320174447869,304632.01744478685,106.56293052247146,-0.023153476948763796
replica,134,all_production,2791.78356776461,0.00279178356776461,279178.356776461,106.58695674629031,0.0008727468700868712
replica,135,all_production,2983.439954064006,0.0029834399540640062,298343.9954064006,106.91087265537267,0.324788655952446
replica,136,all_production,2947.108734460783,0.002947108734460783,294710.87344607833,106.67904357107737,0.09295957165714697
replica,137,all_production,2891.807453684306,0.002891807453684306,289180.74536843057,106.73391375261976,0.14782975319953096
replica,138,all_production,2909.8333360898705,0.0029098333360898705,290983.33360898704,106.71548603822164,0.1294020388014161
replica,139,all_production,2901.2140082440787,0.0029012140082440786,290121.4008244079,106.59884945405284,0.012765454632614137
replica,140,all_production,2944.1106612466974,0.0029441106612466974,294411.06612466974,106.77689707703571,0.19081307761548771
replica,141,all_production,3115.292706877797,0.003115292706877797,311529.2706877797,106.80152575694667,0.2154417575264489
replica,142,all_production,2634.633666188558,0.002634633666188558,263463.3666188558,106.95360377944975,0.3675197800295251
replica,143,all_production,2934.273873440352,0.002934273873440352,293427.3873440352,106.53509632050961,-0.05098767891061584
replica,144,all_production,2946.2839866816444,0.0029462839866816444,294628.39866816445,106.56327237592136,-0.02281162349886756
replica,145,all_production,2908.371776387763,0.002908371776387763,290837.1776387763,106.25179942670715,-0.33428457271307366
replica,146,all_production,2692.5159292865983,0.002692515929286598,269251.5929286598,106.69921378721504,0.11312978779481853
replica,147,all_production,3121.1207578146195,0.0031211207578146194,312112.07578146196,106.37762113128127,-0.20846286813895176
replica,148,all_production,3122.9117133500504,0.0031229117133500504,312291.171335005,106.47560678128065,-0.11047721813957878
replica,149,all_production,2813.601322640211,0.002813601322640211,281360.1322640211,106.67313032581995,0.08704632639972942
replica,150,all_production,2754.8973558322123,0.0027548973558322123,275489.73558322125,106.60168281448372,0.01559881506349825
replica,151,all_production,2773.427755568129,0.002773427755568129,277342.77555681294,106.68036852317117,0.0942845237509431
replica,152,all_production,2962.4556227578805,0.0029624556227578805,296245.56227578805,106.6185691035053,0.03248510408506888
replica,153,all_production,2948.1019952779834,0.0029481019952779836,294810.19952779834,106.6255903879981,0.039506388577876805
replica,154,all_production,3124.1367042735183,0.0031241367042735184,312413.67042735184,106.82460695363443,0.23852295421420422
replica,155,all_production,3053.5145013644947,0.003053514501364495,305351.4501364495,106.3421348812228,-0.2439491181974205
replica,156,all_production,2659.592629256858,0.0026595926292568577,265959.2629256858,106.43770396074412,-0.14838003867610894
replica,157,all_production,2919.765710718273,0.0029197657107182732,291976.5710718273,106.54476714389361,-0.04131685552661679
replica,158,all_production,3068.1107472567946,0.003068110747256795,306811.0747256795,106.43268944220237,-0.153394557217851
replica,159,all_production,3174.8903380840325,0.0031748903380840326,317489.03380840324,106.54115394194122,-0.044930057479007246
replica,160,all_production,2990.4774255289026,0.0029904774255289025,299047.74255289027,106.65628758890331,0.0702035894830857
replica,161,all_production,2998.0143034191588,0.002998014303419159,299801.43034191587,106.76223369272049,0.17614969330026042
replica,162,all_production,3240.9774573949235,0.0032409774573949235,324097.74573949235,106.77979535524044,0.19371135582021282
replica,163,all_production,3050.152367317019,0.0030501523673170192,305015.2367317019,106.60559101432938,0.019507014909152076
replica,164,all_production,2848.12739440083,0.00284812739440083,284812.739440083,106.4969917491334,-0.08909225028682499
replica,165,all_production,3068.2528972666178,0.003068252897266618,306825.28972666175,106.69789946070284,0.11181546128261743
replica,166,all_production,2754.8939847111405,0.0027548939847111403,275489.39847111405,106.57805100200198,-0.008032997418240484
replica,167,all_production,2850.9067641322126,0.0028509067641322126,285090.6764132213,106.30107708964644,-0.2850069097737844
replica,168,all_production,2868.8646354134103,0.0028688646354134103,286886.463541341,106.59516027437775,0.009076274957521946
replica,169,all_production,3032.854076000427,0.003032854076000427,303285.4076000427,106.17626982048958,-0.4098141789306453
replica,170,all_production,2934.405555028256,0.002934405555028256,293440.5555028256,106.45610993669273,-0.12997406272749856
replica,171,all_production,2684.3799588731863,0.0026843799588731863,268437.9958873186,106.50664686319735,-0.07943713622287873
replica,172,all_production,2822.716156749305,0.002822716156749305,282271.6156749305,106.7846763517935,0.198592352373268
replica,173,all_production,3045.1637993064105,0.0030451637993064106,304516.37993064104,106.32852606134398,-0.2575579380762463
replica,174,all_production,2830.6492051042123,0.0028306492051042124,283064.9205104212,106.16067947369699,-0.4254045257232377
replica,175,all_production,2650.742004375007,0.002650742004375007,265074.2004375007,106.79575660925795,0.20967260983772462
replica,176,all_production,2813.9089026799875,0.0028139089026799876,281390.89026799874,106.37247997673282,-0.21360402268740586
replica,177,all_production,3038.1699378025432,0.0030381699378025434,303816.9937802543,106.82720580627321,0.24112180685298767
replica,178,all_production,3081.1267993774018,0.003081126799377402,308112.67993774015,106.57013500826683,-0.015948991153393877
replica,179,all_production,2667.651221587971,0.002667651221587971,266765.1221587971,106.96030544259877,0.37422144317854134
replica,180,all_production,3143.6680327914423,0.0031436680327914424,314366.8032791442,106.48739343361184,-0.09869056580838276
replica,181,all_production,2711.83361965287,0.0027118336196528697,271183.36196528695,106.38429502917667,-0.20178897024355535
replica,182,all_production,3029.3616094798945,0.0030293616094798945,302936.16094798944,106.52929988148962,-0.05678411793060434
replica,183,all_production,2926.7874179703376,0.0029267874179703377,292678.74179703376,106.60785901370203,0.02177501428180051
replica,184,all_production,2956.5491325970333,0.0029565491325970333,295654.9132597033,106.3984370016967,-0.1876469977235189
replica,185,all_production,3119.6459148178583,0.003119645914817858,311964.5914817858,106.6670554956748,0.08097149625457689
replica,186,all_production,3108.3083814624297,0.0031083083814624295,310830.83814624295,106.70210402927108,0.11602002985085846
replica,187,all_production,2911.7512169709717,0.0029117512169709718,291175.12169709714,106.83571779191426,0.24963379249403772
replica,188,all_production,3017.53145334973,0.0030175314533497297,301753.145334973,106.74544966000178,0.15936566058155677
replica,189,all_production,2791.9903599182426,0.0027919903599182426,279199.03599182423,106.67068893098887,0.08460493156864857
replica,190,all_production,2828.9975903183336,0.0028289975903183335,282899.7590318333,106.47121763356768,-0.11486636585254928
replica,191,all_production,2847.786575356117,0.0028477865753561166,284778.65753561165,106.56675216023064,-0.019331839189590028
replica,192,all_production,2945.5704163706487,0.0029455704163706487,294557.0416370649,106.36833912337723,-0.21774487604299964
replica,193,all_production,3206.3082575901644,0.0032063082575901646,320630.82575901644,107.02183211532943,0.43574811590920604
replica,194,all_production,2790.0341004477746,0.0027900341004477745,279003.41004477744,106.49925043465758,-0.08683356476264237
replica,195,all_production,3000.254898970128,0.0030002548989701283,300025.4898970128,106.45724247440772,-0.12884152501250412
replica,196,all_production,3056.9758857633187,0.0030569758857633186,305697.58857633185,106.62398286435794,0.037898864937716326
replica,197,all_production,2690.009612191681,0.0026900096121916807,269000.9612191681,106.4841670962265,-0.10191690319372526
replica,198,all_production,3083.1635348198743,0.0030831635348198745,308316.35348198743,106.66487820426242,0.07879420484219679
replica,199,all_production,2872.8129522202144,0.0028728129522202143,287281.2952220214,106.7453998219984,0.15931582257817922
replica,200,all_production,2785.2223409865064,0.0027852223409865064,278522.23409865063,106.79120992125189,0.2051259218316659
replica,201,all_production,2952.562370330903,0.002952562370330903,295256.23703309026,106.79638452767948,0.21030052825925338
replica,202,all_production,2985.7567552809132,0.0029857567552809133,298575.6755280913,106.60095058420865,0.014866584788421733
replica,203,all_production,2678.1501118011283,0.0026781501118011285,267815.01118011284,106.42145299364465,-0.16463100577557555
replica,204,all_production,2828.6006295417355,0.0028286006295417357,282860.06295417354,106.61372631443106,0.027642315010837137
replica,205,all_production,2886.326595909184,0.0028863265959091842,288632.6595909184,106.62876250374546,0.04267850432523801
replica,206,all_production,2954.4663519802793,0.0029544663519802793,295446.63519802794,106.79898164733368,0.21289764791345078
replica,207,all_production,2853.6915885623425,0.0028536915885623427,285369.1588562342,106.46865239428438,-0.11743160513584883
replica,208,all_production,3209.957000087143,0.0032099570000871432,320995.7000087143,106.70711550114724,0.1210315017270176
replica,209,all_production,2897.2051694387783,0.0028972051694387785,289720.5169438778,106.69539457059827,0.10931057117804244
replica,210,all_production,3016.681826611048,0.003016681826611048,301668.18266110483,106.71021973763455,0.12413573821432067
replica,211,all_production,2918.28146860821,0.00291828146860821,291828.146860821,106.7884540128161,0.20237001339587835
replica,212,all_production,2796.169334294855,0.002796169334294855,279616.93342948554,106.52300238588981,-0.06308161353041442
replica,213,all_production,2939.474199946056,0.0029394741999460563,293947.4199946056,106.46849184033823,-0.11759215908199394
replica,214,all_production,3046.389922435142,0.003046389922435142,304638.9922435142,106.79801346725158,0.2119294678313537
replica,215,all_production,2897.1315083230274,0.0028971315083230276,289713.15083230275,106.34360016505158,-0.24248383436864174
replica,216,all_production,2661.094071156377,0.002661094071156377,266109.40711563773,106.7758991328184,0.18981513339817013
replica,217,all_production,3016.0635608732964,0.0030160635608732964,301606.3560873296,106.55347502130684,-0.032608978113387366
replica,218,all_production,2963.9464294805716,0.0029639464294805716,296394.64294805715,106.35882727781798,-0.2272567216022452
replica,219,all_production,2852.9139697006626,0.0028529139697006625,285291.39697006624,106.26355796884192,-0.3225260305783024
replica,220,all_production,3262.259553226292,0.003262259553226292,326225.9553226292,106.7445914322608,0.15850743284057955
replica,221,all_production,2812.209023490832,0.002812209023490832,281220.90234908316,106.70432164554796,0.11823764612773857
replica,222,all_production,2897.3589134869317,0.0028973589134869315,289735.89134869317,106.44532327997062,-0.14076071944960233
replica,223,all_production,3003.818066442977,0.003003818066442977,300381.80664429767,106.53501200133373,-0.05107199808649909
replica,224,all_production,2832.933141712788,0.002832933141712788,283293.3141712788,106.6422595615314,0.05617556211117858
replica,225,all_production,2665.2447003987954,0.0026652447003987956,266524.47003987955,106.60188760512786,0.01580360570763162
replica,226,all_production,2802.8117822045606,0.0028028117822045608,280281.17822045606,106.95189899441637,0.3658149949961427
replica,227,all_production,2912.062136907757,0.0029120621369077573,291206.2136907757,106.5714881262777,-0.014595873142525306
replica,228,all_production,3015.3167766282963,0.0030153167766282965,301531.67766282964,106.38047462166806,-0.20560937775216814
replica,229,all_production,3232.3829082403045,0.0032323829082403044,323238.29082403047,106.39796279063151,-0.18812120878871497
replica,230,all_production,2622.872976977288,0.002622872976977288,262287.2976977288,106.62779785814136,0.04171385872113831
replica,231,all_production,2788.2199200740984,0.0027882199200740983,278821.9920074098,106.63929315621499,0.05320915679476457
replica,232,all_production,3150.465577825687,0.003150465577825687,315046.5577825687,106.61333728778817,0.027253288367944606
replica,233,all_production,2980.7755046214197,0.00298077550462142,298077.550462142,106.39112932062685,-0.1949546787933798
replica,234,all_production,3010.7701161792284,0.0030107701161792284,301077.0116179228,106.40295978313483,-0.18312421628539255
replica,235,all_production,3011.928817880735,0.003011928817880735,301192.8817880735,106.44670058916071,-0.13938341025951217
replica,236,all_production,2938.3421001633433,0.0029383421001633434,293834.2100163343,106.46201473309125,-0.12406926632897353
replica,237,all_production,2963.7851114171763,0.0029637851114171763,296378.5111417176,106.83034911633528,0.24426511691505937
replica,238,all_production,2771.2762784122806,0.0027712762784122807,277127.62784122804,106.5939198484333,0.007835849013076768
replica,239,all_production,3107.938502470388,0.003107938502470388,310793.85024703876,106.65197791822482,0.06589391880459061
replica,240,all_production,2931.809454791155,0.002931809454791155,293180.94547911553,106.60634231186334,0.020258312443118598
replica,241,all_production,2968.4378724219164,0.0029684378724219164,296843.7872421916,106.38304182346076,-0.20304217595946739
replica,242,all_production,2933.309277223083,0.002933309277223083,293330.9277223083,106.67845299538898,0.09236899596875503
replica,243,all_production,2701.4712146374095,0.0027014712146374094,270147.12146374094,106.50847211158897,-0.07761188783125306
replica,244,all_production,2812.839915077235,0.002812839915077235,281283.9915077235,106.61388775281722,0.027803753396995035
replica,245,all_production,2974.283562050733,0.002974283562050733,297428.3562050733,106.77456434108932,0.18848034166909144
replica,246,all_production,3030.490330721491,0.003030490330721491,303049.0330721491,106.67598101977393,0.08989702035370328
replica,247,all_production,2585.762891016111,0.0025857628910161113,258576.2891016111,106.55475116509459,-0.031332834325638714
replica,248,all_production,2830.2066084686417,0.002830206608468642,283020.66084686416,106.66371903019981,0.07763503077958944
replica,249,all_production,2746.176199724372,0.002746176199724372,274617.6199724372,106.64871560039487,0.06263160097464038
replica,250,all_production,2758.718396305103,0.0027587183963051027,275871.8396305103,106.37121014708545,-0.21487385233477596
replica,251,all_production,2873.334158296792,0.002873334158296792,287333.4158296792,106.08337801449106,-0.5027059849291646
replica,252,all_production,2762.858159545049,0.002762858159545049,276285.8159545049,106.40558062599798,-0.18050337342224054
replica,253,all_production,2653.54287661154,0.00265354287661154,265354.287661154,106.66384450086217,0.07776050144194357
replica,254,all_production,3285.1874193829663,0.0032851874193829665,328518.74193829665,106.77499562552337,0.18891162610314893
replica,255,all_production,2777.747644016307,0.002777747644016307,277774.7644016307,106.39422848154149,-0.19185551787873578
replica,256,all_production,2874.923388400442,0.002874923388400442,287492.3388400442,106.61298529949806,0.02690130007783864
replica,257,all_production,2791.005194736329,0.002791005194736329,279100.5194736329,106.60671775388288,0.0206337544626507
replica,258,all_production,3051.8588409771573,0.0030518588409771574,305185.8840977157,106.33926550807433,-0.2468184913458913
replica,259,all_production,2924.2339635927624,0.0029242339635927625,292423.39635927626,106.52237063816531,-0.06371336125491212
replica,260,all_production,2968.9934199608806,0.002968993419960881,296899.34199608804,106.60592242780443,0.019838428384204576
replica,261,all_production,2792.3049873814907,0.0027923049873814906,279230.49873814906,106.41184772168637,-0.1742362777338542
replica,262,all_production,3050.718279992428,0.003050718279992428,305071.8279992428,106.45546348893156,-0.13062051048866863
replica,263,all_production,3290.048264776545,0.0032900482647765447,329004.82647765445,106.63764674292769,0.051562743507460596
replica,264,all_production,2998.7757462031705,0.0029987757462031704,299877.574620317,106.58375325471086,-0.0023307447093685596
replica,265,all_production,2901.563241560406,0.002901563241560406,290156.32415604056,106.41949899464906,-0.16658500477116434
replica,266,all_production,2772.0871889841956,0.0027720871889841954,277208.7188984195,106.38251942305796,-0.2035645763622682
replica,267,all_production,2898.0319061462533,0.002898031906146253,289803.19061462535,106.56227185962847,-0.023812139791758113
replica,268,all_production,2937.961980561766,0.0029379619805617657,293796.1980561766,106.51496853768066,-0.0711154617395664
replica,269,all_production,2726.968758293366,0.0027269687582933662,272696.8758293366,106.39633634885068,-0.18974765056954368
replica,270,all_production,2970.090321187571,0.002970090321187571,297009.0321187571,106.64335327997391,0.05726928055368319
replica,271,all_production,2893.5573327157676,0.002893557332715768,289355.73327157676,106.34133621520189,-0.2447477842183332
replica,272,all_production,2986.341601739472,0.002986341601739472,298634.1601739472,106.43310371205503,-0.15298028736519598
replica,273,all_production,2990.8950006539826,0.0029908950006539824,299089.5000653982,106.6588286602302,0.072744660809974
replica,274,all_production,2699.95946751187,0.00269995946751187,269995.94675118703,106.60365752558708,0.017573526166856368
replica,275,all_production,3238.605310164393,0.0032386053101643927,323860.53101643926,106.43928574966372,-0.14679824975650035
replica,276,all_production,3077.6088472375336,0.0030776088472375335,307760.8847237534,106.49296779550787,-0.0931162039123592
replica,277,all_production,2683.5382568915784,0.0026835382568915784,268353.8256891578,106.67379160244565,0.08770760302542158
replica,278,all_production,2734.1313588011562,0.002734131358801156,273413.1358801156,106.82005090029091,0.2339669008706835
replica,279,all_production,2991.693227552552,0.002991693227552552,299169.32275525515,106.65409843413735,0.06801443471712787
replica,280,all_production,2850.9759628015054,0.0028509759628015056,285097.5962801505,106.68335060003328,0.09726660061305381
replica,281,all_production,2941.671354029919,0.002941671354029919,294167.1354029919,106.6529372776671,0.06685327824688159
replica,282,all_production,2757.858147100984,0.002757858147100984,275785.8147100984,106.62256011424678,0.03647611482655577
replica,283,all_production,2964.808319910046,0.002964808319910046,296480.8319910046,106.8997405545257,0.3136565551054815
replica,284,all_production,2869.055673976231,0.002869055673976231,286905.5673976231,106.69214997970387,0.10606598028364544
replica,285,all_production,2876.8277805363273,0.002876827780536327,287682.7780536327,106.63770301888847,0.051619019468247984
replica,286,all_production,2935.75845724546,0.00293575845724546,293575.845724546,106.6609844163783,0.07490041695807292
replica,287,all_production,2916.4956838781004,0.0029164956838781003,291649.56838781,106.74542211414057,0.15933811472034165
replica,288,all_production,2774.66722230533,0.00277466722230533,277466.722230533,106.62008029709929,0.03399629767906731
replica,289,all_production,2999.7913979808663,0.0029997913979808665,299979.1397980866,106.32964212941307,-0.25644187000715135
replica,290,all_production,2942.9994060305557,0.002942999406030556,294299.9406030556,106.32066477619524,-0.26541922322498124
replica,291,all_production,3132.9323374626656,0.0031329323374626656,313293.2337462666,106.65634075572099,0.07025675630076478
replica,292,all_production,2769.6587946359264,0.0027696587946359264,276965.8794635926,106.47693797799201,-0.1091460214282165
replica,293,all_production,2946.2968669570882,0.0029462968669570883,294629.68669570884,106.74367251885224,0.1575885194320108
replica,294,all_production,3048.7888930594177,0.003048788893059418,304878.88930594176,106.64208907043383,0.05600507101360108
replica,295,all_production,2749.7926162504355,0.0027497926162504353,274979.2616250435,106.54414079394624,-0.041943205473984335
replica,296,all_production,3104.0478595236364,0.0031040478595236363,310404.7859523636,106.64376437304553,0.05768037362530265
replica,297,all_production,2702.079587163254,0.002702079587163254,270207.9587163254,106.55441963300353,-0.03166436641669179
replica,298,all_production,2885.4154959996854,0.0028854154959996854,288541.54959996854,106.8530618305723,0.26697783115207585
replica,299,all_production,2976.0856642766485,0.0029760856642766483,297608.56642766483,106.79349308294023,0.2074090835200053
replica,300,all_production,3010.8258877351327,0.0030108258877351328,301082.5887735133,106.58954555594286,0.0034615565226374656
replica,301,all_production,2820.4059895271976,0.0028204059895271974,282040.59895271977,106.71409252937826,0.1280085299580378
replica,302,all_production,2723.608541192492,0.002723608541192492,272360.85411924915,106.35804568931768,-0.22803831010254783
replica,303,all_production,2685.6778661955045,0.0026856778661955047,268567.78661955043,106.37191171091092,-0.21417228850930314
replica,304,all_production,2860.218327190551,0.002860218327190551,286021.8327190551,106.15047156515075,-0.4356124342694727
replica,305,all_production,3167.5349850158523,0.0031675349850158524,316753.4985015852,106.77825111414836,0.19216711472813586
replica,306,all_production,2551.1150542588207,0.0025511150542588206,255111.50542588206,106.56329722604633,-0.022786773373894675
replica,307,all_production,2659.4927808074917,0.002659492780807492,265949.27808074915,106.58296981723146,-0.003114182188767245
replica,308,all_production,2888.4809136403665,0.0028884809136403666,288848.09136403666,106.36617087203504,-0.21991312738518332
replica,309,all_production,2881.977120372014,0.002881977120372014,288197.7120372014,106.52148298105304,-0.06460101836718479
replica,310,all_production,3039.480965711986,0.003039480965711986,303948.0965711986,106.63673661621364,0.05065261679341404
replica,311,all_production,2613.931111217141,0.002613931111217141,261393.1111217141,106.46286927495765,-0.12321472446257076
replica,312,all_production,3090.867840258261,0.0030908678402582607,309086.7840258261,106.57081490061653,-0.015269098803699421
replica,313,all_production,3078.8684823552762,0.003078868482355276,307886.84823552764,106.66312545431083,0.07704145489060465
replica,314,all_production,2681.132770299013,0.002681132770299013,268113.2770299013,106.77630068907453,0.1902166896543065
replica,315,all_production,3121.970987478796,0.0031219709874787957,312197.09874787956,106.397994656961,-0.1880893424592216
replica,316,all_production,2877.6711803351427,0.0028776711803351427,287767.11803351424,106.61040311121427,0.02431911179404267
replica,317,all_production,2758.5464754304994,0.0027585464754304994,275854.64754304994,106.70952498350971,0.12344098408948412
replica,318,all_production,2843.584346248533,0.002843584346248533,284358.4346248533,106.49980552018455,-0.08627847923567344
replica,319,all_production,2925.1382721039913,0.002925138272103991,292513.82721039915,106.48327841003493,-0.10280558938529794
replica,320,all_production,2916.549445246811,0.0029165494452468113,291654.9445246811,106.74237262078476,0.15628862136453847
replica,321,all_production,3265.116731699204,0.003265116731699204,326511.6731699204,106.59420774824126,0.008123748821034837
replica,322,all_production,2854.826370466956,0.002854826370466956,285482.6370466956,106.4895024387463,-0.09658156067392554
replica,323,all_production,2803.875918847809,0.002803875918847809,280387.5918847809,106.6910339857218,0.10494998630157681
replica,324,all_production,3014.3503877245544,0.0030143503877245546,301435.0387724554,106.71211498195463,0.12603098253440237
replica,325,all_production,3087.212922558755,0.003087212922558755,308721.2922558755,106.61342337879262,0.027339379372392614
replica,326,all_production,3119.732401424645,0.0031197324014246453,311973.2401424645,106.74097867163067,0.15489467221044606
replica,327,all_production,2707.292097193407,0.002707292097193407,270729.20971934067,106.46689065881337,-0.11919334060685571
replica,328,all_production,2719.142462640825,0.0027191424626408253,271914.2462640825,106.64619125129924,0.060107251879017554
replica,329,all_production,3038.476669592369,0.003038476669592369,303847.6669592369,106.50268780913505,-0.0833961902851712
replica,330,all_production,2915.4072053913,0.0029154072053913,291540.72053913,106.597359078352,0.011275078931774374
replica,331,all_production,2963.3447511154004,0.0029633447511154005,296334.47511154006,106.55280821395792,-0.03327578546230825
replica,332,all_production,2723.9928123886452,0.0027239928123886452,272399.2812388645,106.50332537679304,-0.08275862262718192
replica,333,all_production,3117.6521891624907,0.0031176521891624906,311765.21891624905,106.74528916496676,0.1592051655465383
replica,334,all_production,2911.8676615051313,0.0029118676615051313,291186.76615051314,106.52045100933027,-0.06563299008995216
replica,335,all_production,3012.10289310181,0.00301210289310181,301210.289310181,106.50580839554212,-0.08027560387810695
replica,336,all_production,2857.1702169563728,0.0028571702169563726,285717.02169563726,106.6360401305425,0.04995613112227204
replica,337,all_production,2957.993440093931,0.002957993440093931,295799.34400939307,106.62585244319561,0.039768443775386686
replica,338,all_production,3037.4342451526745,0.0030374342451526745,303743.4245152674,106.47369349002159,-0.1123905093986366
replica,339,all_production,2763.2890732302385,0.0027632890732302386,276328.9073230238,106.77940393625978,0.19331993683955773
replica,340,all_production,3022.3134099656263,0.003022313409965626,302231.3409965626,106.8841616272796,0.29807762785937086
replica,341,all_production,2710.0353106486864,0.0027100353106486864,271003.5310648686,106.70839907527126,0.1223150758510343
replica,342,all_production,2782.0129025383085,0.0027820129025383084,278201.29025383084,106.50988604005907,-0.07619795936115281
replica,343,all_production,2695.510858899181,0.0026955108588991813,269551.0858899181,106.83759374397351,0.2515097445532888
replica,344,all_production,2989.776163256363,0.002989776163256363,298977.6163256363,106.37814204688794,-0.20794195253228054
replica,345,all_production,2748.6107473847987,0.002748610747384799,274861.07473847986,106.45377746416203,-0.1323065352581949
replica,346,all_production,2928.4484282214335,0.0029284484282214333,292844.84282214334,106.68853564480843,0.10245164538820006
replica,347,all_production,2868.44834027852,0.0028684483402785198,286844.834027852,106.59419854432375,0.008114544903520482
replica,348,all_production,2968.8160165219383,0.0029688160165219383,296881.6016521938,106.80253730269327,0.2164533032730418
replica,349,all_production,3008.3923951754273,0.0030083923951754275,300839.2395175427,106.52214732253574,-0.0639366768844809
replica,350,all_production,2797.9022323072345,0.0027979022323072343,279790.22323072347,106.68101927194556,0.0949352725253334
replica,351,all_production,2734.652672540264,0.002734652672540264,273465.26725402643,106.48586025831061,-0.10022374110961607
replica,352,all_production,2874.5174918058674,0.0028745174918058673,287451.7491805867,106.68614351342697,0.10005951400674462
replica,353,all_production,2802.9456265477,0.0028029456265477003,280294.56265477004,106.35161766346535,-0.23446633595487754
replica,354,all_production,2753.5862407871136,0.0027535862407871135,275358.6240787114,106.77777451630666,0.1916905168864389
replica,355,all_production,3283.4149657121457,0.003283414965712146,328341.4965712146,106.74248489299768,0.15640089357745524
replica,356,all_production,2864.3881919837763,0.0028643881919837764,286438.8191983776,106.65303882053983,0.06695482111960871
replica,357,all_production,2560.022938384547,0.002560022938384547,256002.2938384547,106.59029242979321,0.004208430372983685
replica,358,all_production,2654.0110697763353,0.0026540110697763353,265401.1069776335,106.56435829464228,-0.021725704777949773
replica,359,all_production,2861.9526729909826,0.0028619526729909825,286195.26729909825,106.40806479221037,-0.1780192072098572
replica,360,all_production,3302.2259582965517,0.0033022259582965517,330222.5958296552,106.66360539571234,0.07752139629211285
replica,361,all_production,2890.3863121549857,0.002890386312154986,289038.63121549855,106.53302873350745,-0.053055265912774985
replica,362,all_production,2991.5123151703583,0.002991512315170358,299151.2315170358,106.70282324617332,0.11673924675309877
replica,363,all_production,2858.0194716207197,0.0028580194716207197,285801.94716207194,106.41326607013863,-0.17281792928159234
replica,364,all_production,3040.9705673130416,0.0030409705673130416,304097.05673130415,106.50059363859869,-0.08549036082153805
replica,365,all_production,2866.455242629574,0.002866455242629574,286645.5242629574,106.72085103352377,0.13476703410354673
replica,366,all_production,2899.332612484558,0.002899332612484558,289933.2612484558,106.5281642136759,-0.057919785744331875
replica,367,all_production,3294.4078864426347,0.0032944078864426346,329440.78864426346,106.60010920419583,0.014025204775606426
replica,368,all_production,2829.1824493485337,0.0028291824493485336,282918.24493485334,106.75692535759397,0.17084135817374602
replica,369,all_production,2738.357306793363,0.002738357306793363,273835.7306793363,106.68640207886978,0.10031807944955062
replica,370,all_production,2790.457280977511,0.002790457280977511,279045.7280977511,106.77802480975133,0.19194081033110422
replica,371,all_production,2847.6721626920444,0.002847672162692044,284767.21626920445,106.32598378889958,-0.2601002105206476
replica,372,all_production,2784.1061617808605,0.0027841061617808606,278410.616178086,106.73247877218786,0.14639477276763557
replica,373,all_production,3111.4820845037466,0.0031114820845037465,311148.20845037466,106.72585575791334,0.13977175849311152
replica,374,all_production,3134.2745393237074,0.0031342745393237075,313427.45393237076,106.74584107047805,0.15975707105782533
replica,375,all_production,3238.671766633628,0.003238671766633628,323867.1766633628,106.55751861280594,-0.028565386614289423
replica,376,all_production,3062.59572507367,0.00306259572507367,306259.572507367,106.66493432989743,0.07885033047720924
replica,377,all_production,2797.761246458077,0.002797761246458077,279776.1246458077,106.74187177378042,0.1557877743601921
replica,378,all_production,2755.287779210945,0.002755287779210945,275528.7779210945,106.61690214783528,0.030818148415050928
replica,379,all_production,2918.8296059335166,0.0029188296059335164,291882.9605933516,106.74844943310669,0.1623654336864604
replica,380,all_production,2857.317832785251,0.002857317832785251,285731.7832785251,106.76891038419532,0.1828263847750975
replica,381,all_production,2861.587191889854,0.002861587191889854,286158.71918898536,106.21665149762224,-0.3694325017979878
replica,382,all_production,3136.1017692409523,0.0031361017692409523,313610.1769240952,106.73466511086103,0.1485811114408051
replica,383,all_production,2602.032625475886,0.002602032625475886,260203.26254758862,106.65561299946357,0.06952900004334595
replica,384,all_production,2811.3828038085358,0.0028113828038085356,281138.28038085357,106.50615956240948,-0.07992443701074592
replica,385,all_production,3090.7842469981897,0.0030907842469981898,309078.42469981895,106.56371851827434,-0.02236548114588288
replica,386,all_production,2721.361780168557,0.0027213617801685568,272136.1780168557,106.62587238677068,0.03978838735045542
replica,387,all_production,2590.0851531445214,0.0025900851531445216,259008.51531445215,106.59944388904563,0.013359889625405685
replica,388,all_production,2845.3383629827613,0.0028453383629827612,284533.83629827615,106.75316200931526,0.16707800989503596
replica,389,all_production,3065.7775663967413,0.003065777566396741,306577.75663967413,106.5845464524884,-0.001537546931828615
replica,390,all_production,3037.9082919254524,0.0030379082919254523,303790.82919254526,106.45624314340333,-0.129840856016898
replica,391,all_production,3107.201550387231,0.003107201550387231,310720.1550387231,106.59130023353868,0.005216234118449847
replica,392,all_production,2765.9843385833833,0.002765984338583383,276598.43385833834,106.49656940715762,-0.08951459226260283
replica,393,all_production,3059.9966878222376,0.0030599966878222377,305999.6687822238,106.62455398644289,0.038469987022665464
replica,394,all_production,2837.69012120568,0.00283769012120568,283769.012120568,106.64322449263678,0.05714049321655068
replica,395,all_production,3255.566734321158,0.0032555667343211582,325556.6734321158,106.7064199932948,0.12033599387457627
replica,396,all_production,2818.2911841786954,0.0028182911841786954,281829.11841786955,106.37804957723525,-0.20803442218497992
replica,397,all_production,2678.9555105197974,0.0026789555105197972,267895.5510519797,106.62840312492222,0.04231912550199013
replica,398,all_production,2703.701458813588,0.002703701458813588,270370.1458813588,106.51689976714218,-0.06918423227804738
replica,399,all_production,2779.7068840695174,0.0027797068840695175,277970.6884069517,106.61611449841371,0.03003049899348298
replica,400,all_production,2967.0818836014028,0.002967081883601403,296708.18836014025,106.58161090766822,-0.004473091752004166
replica,401,all_production,3079.0550413990495,0.0030790550413990494,307905.5041399049,106.7475004469933,0.1614164475730746
replica,402,all_production,3108.8995602859304,0.0031088995602859305,310889.95602859306,106.50674571060557,-0.07933828881465388
replica,403,all_production,2889.3262244214184,0.0028893262244214183,288932.6224421418,106.50870042686141,-0.07738357255881567
replica,404,all_production,2980.1969716372632,0.0029801969716372633,298019.6971637263,106.68215256761964,0.09606856819941356
replica,405,all_production,2892.5378043488963,0.0028925378043488962,289253.7804348896,106.36475650825183,-0.22132749116839534
replica,406,all_production,2812.1337749452605,0.0028121337749452604,281213.37749452604,106.52692499344383,-0.05915900597639734
replica,407,all_production,2958.080861753211,0.002958080861753211,295808.08617532114,106.68812140579578,0.10203740637555825
replica,408,all_production,2835.080735147336,0.002835080735147336,283508.0735147336,106.33981259615364,-0.24627140326659003
replica,409,all_production,2889.722025677951,0.002889722025677951,288972.2025677951,106.48738754176577,-0.09869645765445512
replica,410,all_production,2841.402587010205,0.002841402587010205,284140.2587010205,106.4434693859043,-0.1426146135159314
replica,411,all_production,2955.3894993021954,0.0029553894993021956,295538.94993021956,106.83644635528489,0.2503623558646666
replica,412,all_production,3121.94678738643,0.00312194678738643,312194.678738643,106.69749491445937,0.11141091503914424
replica,413,all_production,2682.860465213421,0.0026828604652134208,268286.04652134207,106.55533568067632,-0.03074831874390327
replica,414,all_production,2907.643739283083,0.0029076437392830832,290764.3739283083,106.61945161511035,0.03336761569012481
replica,415,all_production,3074.0165310797856,0.0030740165310797858,307401.6531079786,106.64582866306465,0.05974466364442321
replica,416,all_production,2764.9227659832295,0.0027649227659832295,276492.27659832296,106.5236279996614,-0.06245599975882499
replica,417,all_production,2565.02683057632,0.00256502683057632,256502.683057632,106.77690336270447,0.1908193632842483
replica,418,all_production,3108.6595636458496,0.0031086595636458498,310865.95636458497,106.59391159873874,0.007827599318517287
replica,419,all_production,2851.88514302293,0.00285188514302293,285188.514302293,106.63460439866606,0.04852039924583096
replica,420,all_production,2749.7706060053397,0.0027497706060053396,274977.06060053397,106.65634603164283,0.07026203222260108
replica,421,all_production,2857.348199750819,0.0028573481997508188,285734.8199750819,106.65979964043565,0.0737156410154256
replica,422,all_production,2955.3295104422223,0.0029553295104422224,295532.9510442222,106.6559814472798,0.06989744785957441
replica,423,all_production,2884.9692369855684,0.0028849692369855686,288496.92369855684,106.533004303739,-0.05307969568121962
replica,424,all_production,2964.0808287325353,0.0029640808287325353,296408.0828732535,106.56317003944706,-0.022913959973166698
replica,425,all_production,3105.8986965965673,0.0031058986965965675,310589.8696596567,106.76024389511407,0.1741598956938475
replica,426,all_production,2758.1572194403293,0.0027581572194403294,275815.72194403294,106.70560106280358,0.11951706338335555
replica,427,all_production,3108.360205567528,0.003108360205567528,310836.0205567528,106.93394776045128,0.34786376103105
replica,428,all_production,2660.9566363410786,0.0026609566363410787,266095.66363410786,106.73347315329596,0.1473891538757357
replica,429,all_production,2870.6909177415755,0.0028706909177415754,287069.09177415754,106.68878147592368,0.10269747650345096
replica,430,all_production,3160.367949760239,0.0031603679497602386,316036.7949760239,106.35777279675072,-0.22831120266950222
replica,431,all_production,2842.084078929803,0.002842084078929803,284208.4078929803,106.76525337045484,0.17916937103461805
replica,432,all_production,2933.3104534632166,0.002933310453463217,293331.04534632165,106.9866128236911,0.40052882427087866
replica,433,all_production,2845.8452267298107,0.0028458452267298108,284584.5226729811,106.49109553613361,-0.09498846328661159
replica,434,all_production,2840.3408790305375,0.0028403408790305374,284034.08790305373,106.48401941589306,-0.10206458352716652
replica,435,all_production,2854.638746773157,0.002854638746773157,285463.8746773157,106.6671956969426,0.08111169752237402
replica,436,all_production,2979.917577285593,0.002979917577285593,297991.75772855926,106.71345281704261,0.12736881762238283
replica,437,all_production,2785.000910121352,0.0027850009101213517,278500.09101213515,106.60247135475306,0.016387355332838638
replica,438,all_production,3005.808173742982,0.0030058081737429822,300580.8173742982,106.45363612276107,-0.1324478766591568
replica,439,all_production,3079.3790884162318,0.003079379088416232,307937.90884162317,106.39759112775047,-0.1884928716697516
replica,440,all_production,2775.7848204519114,0.0027757848204519116,277578.4820451911,106.61886783175122,0.03278383233099191
replica,441,all_production,2698.7258988403737,0.0026987258988403736,269872.5898840374,106.59247098021048,0.00638698079025346
replica,442,all_production,2775.492114675052,0.002775492114675052,277549.2114675052,106.75146161129325,0.16537761187302635
replica,443,all_production,3127.6251976665035,0.0031276251976665036,312762.51976665034,106.66686860297158,0.08078460355135064
replica,444,all_production,2750.046704439809,0.0027500467044398094,275004.6704439809,106.53309315300524,-0.052990846414985526
replica,445,all_production,2914.323702531993,0.002914323702531993,291432.3702531993,106.36667585706721,-0.21940814235301787
replica,446,all_production,2661.369984642485,0.002661369984642485,266136.9984642485,106.66792297599113,0.08183897657090711
replica,447,all_production,2871.624137609747,0.0028716241376097467,287162.41376097465,106.67918647275009,0.09310247332986421
replica,448,all_production,2769.6683382734336,0.0027696683382734334,276966.83382734336,106.54663949257,-0.03944450685023071
replica,449,all_production,2914.615694046516,0.002914615694046516,291461.5694046516,106.82830949758167,0.24222549816144578
replica,450,all_production,2794.0163245621734,0.0027940163245621734,279401.6324562173,106.66760514573402,0.08152114631378993
replica,451,all_production,2971.9717381743694,0.0029719717381743696,297197.1738174369,106.57365909938657,-0.012424900033650488
replica,452,all_production,3379.831557776143,0.0033798315577761432,337983.15577761433,106.79212001290965,0.2060360134894239
replica,453,all_production,3156.3623163986094,0.0031563623163986094,315636.23163986095,106.56521004461469,-0.020873954805537664
replica,454,all_production,3036.6447458341936,0.0030366447458341937,303664.47458341933,106.58204812964692,-0.004035869773304057
replica,455,all_production,3267.6638744213033,0.0032676638744213032,326766.3874421303,106.7860830810102,0.19999908158997926
replica,456,all_production,3071.739052351663,0.003071739052351663,307173.90523516625,106.7837743164551,0.19769031703486917
replica,457,all_production,2846.8234027116996,0.0028468234027116996,284682.34027116996,106.68418751735527,0.09810351793504424
replica,458,all_production,2946.537697514619,0.0029465376975146194,294653.7697514619,106.39327460422875,-0.19280939519147466
replica,459,all_production,2920.631522136222,0.0029206315221362218,292063.1522136222,106.63001120168332,0.04392720226309166
replica,460,all_production,3045.451344917844,0.003045451344917844,304545.1344917844,106.6245139204192,0.03842992099897913
replica,461,all_production,2856.58584253206,0.0028565858425320598,285658.584253206,106.32927921868514,-0.25680478073508084
replica,462,all_production,2965.730527982963,0.002965730527982963,296573.05279829627,106.67601652176315,0.08993252234292015
replica,463,all_production,2759.91929393239,0.0027599192939323897,275991.92939323897,106.33973987301637,-0.24634412640385506
replica,464,all_production,2990.8667924168194,0.0029908667924168192,299086.67924168194,106.55066020986816,-0.03542378955206971
replica,465,all_production,2888.676092174823,0.002888676092174823,288867.6092174823,106.68092731406513,0.09484331464490481
replica,466,all_production,2828.1080831942354,0.0028281080831942355,282810.8083194235,106.80124352666425,0.2151595272440261
replica,467,all_production,2877.1506660795085,0.0028771506660795086,287715.06660795084,106.8852795822295,0.2991955828092756
replica,468,all_production,2885.0136030528956,0.0028850136030528955,288501.36030528956,106.41162318050363,-0.17446081891660015
replica,469,all_production,3061.997568962421,0.0030619975689624213,306199.7568962421,106.68515077605538,0.09906677663515495
replica,470,all_production,2534.5006895876922,0.0025345006895876924,253450.06895876923,106.21770598504943,-0.36837801437079065
replica,471,all_production,2908.505356109362,0.0029085053561093616,290850.5356109362,106.33575935642503,-0.25032464299519575
replica,472,all_production,2964.7245048205914,0.0029647245048205913,296472.45048205915,106.81237254218706,0.22628854276683796
replica,473,all_production,2949.291987903633,0.002949291987903633,294929.1987903633,106.77134797541896,0.1852639759987369
replica,474,all_production,2877.227548364186,0.002877227548364186,287722.7548364186,106.60257061337661,0.016486613956388396
replica,475,all_production,2993.572926136824,0.0029935729261368242,299357.2926136824,106.49396451558118,-0.092119483839042
replica,476,all_production,3176.172238514784,0.003176172238514784,317617.2238514784,106.95193406028744,0.36585006086721705
replica,477,all_production,2987.283525191223,0.002987283525191223,298728.3525191223,106.79003463053552,0.20395063111529055
replica,478,all_production,2984.098367786266,0.002984098367786266,298409.8367786266,106.83111793948925,0.24503394006902113
replica,479,all_production,2920.820142527719,0.002920820142527719,292082.01425277186,106.93490232558614,0.3488183261659117
replica,480,all_production,2900.6484712559263,0.0029006484712559262,290064.84712559264,107.05882410134812,0.47274010192789717
replica,481,all_production,2872.0769389932343,0.002872076938993234,287207.6938993234,106.48141018116802,-0.10467381825220912
replica,482,all_production,2898.275663368394,0.0028982756633683937,289827.5663368394,106.41515568149661,-0.17092831792361096
replica,483,all_production,2751.0080311296365,0.0027510080311296363,275100.8031129636,106.70701454066314,0.12093054124291314
replica,484,all_production,2723.0363632530484,0.0027230363632530486,272303.63632530486,106.62582301165232,0.039739012232089976
replica,485,all_production,3010.599882539714,0.003010599882539714,301059.9882539714,106.54740206268158,-0.03868193673864084
replica,486,all_production,2855.263757364777,0.002855263757364777,285526.3757364777,106.37679155450499,-0.2092924449152349
replica,487,all_production,2809.7425063178607,0.0028097425063178605,280974.25063178607,106.75335871858404,0.16727471916381376
replica,488,all_production,2971.930454852153,0.002971930454852153,297193.0454852153,106.43733685667432,-0.14874714274590417
replica,489,all_production,2789.3717163824595,0.0027893717163824596,278937.1716382459,106.56318886155961,-0.022895137860615478
replica,490,all_production,2676.883242941054,0.002676883242941054,267688.3242941054,106.40792081390067,-0.17816318551955135
replica,491,all_production,3088.5942673169484,0.0030885942673169486,308859.42673169484,106.91223444736099,0.326150447940762
replica,492,all_production,2563.5811574417075,0.0025635811574417073,256358.11574417076,106.4825234603558,-0.10356053906443208
replica,493,all_production,2888.4786597117773,0.0028884786597117773,288847.8659711777,106.70778268546955,0.12169868604932788
replica,494,all_production,2644.804824723016,0.0026448048247230157,264480.4824723016,106.93000366588079,0.3439196664605646
replica,495,all_production,2772.486668141322,0.002772486668141322,277248.6668141322,106.41601845652124,-0.1700655428989819
replica,496,all_production,2860.2278434252703,0.0028602278434252705,286022.78434252704,106.06161114794772,-0.5244728514725097
replica,497,all_production,2904.736262874323,0.002904736262874323,290473.62628743233,106.65019091520966,0.06410691578943783
replica,498,all_production,2730.852909569318,0.002730852909569318,273085.29095693177,106.84202292998953,0.2559389305693003
replica,499,all_production,2768.315162749638,0.0027683151627496383,276831.5162749638,106.83595949995645,0.24987550053621987
replica,500,all_production,2893.7881636352895,0.0028937881636352893,289378.81636352895,106.65937475698632,0.07329075756609882
replica,501,all_production,3103.374077536406,0.003103374077536406,310337.40775364055,106.71394029432447,0.1278562949042481
replica,502,all_production,3289.789101727244,0.0032897891017272442,328978.9101727244,106.68339671508448,0.09731271566425903
replica,503,all_production,3001.6874019062766,0.0030016874019062768,300168.74019062764,106.69404651305425,0.1079625136340212
replica,504,all_production,3008.6529351970416,0.0030086529351970414,300865.29351970414,106.69500068686037,0.10891668744014282
replica,505,all_production,2972.556720819619,0.0029725567208196187,297255.6720819619,106.33705827467479,-0.2490257247454366
replica,506,all_production,3143.3346831048093,0.0031433346831048095,314333.46831048094,106.45364525592616,-0.13243874349406326
replica,507,all_production,3175.5397028240077,0.0031755397028240076,317553.9702824008,106.74372771105776,0.1576437116375331
replica,508,all_production,3276.839671624566,0.003276839671624566,327683.9671624566,106.57070102701834,-0.015382972401880579
replica,509,all_production,2875.361717811045,0.002875361717811045,287536.17178110447,106.68735853301435,0.10127453359412186
replica,510,all_production,3255.6089563946853,0.0032556089563946853,325560.8956394685,106.60416844096098,0.018084441540750618
replica,511,all_production,3120.9245873048885,0.0031209245873048885,312092.45873048884,106.78911421878155,0.20303021936132382
replica,512,all_production,3187.2571715133063,0.0031872571715133064,318725.7171513306,106.58901709702852,0.002933097608291746
replica,513,all_production,2771.038972296456,0.002771038972296456,277103.8972296456,106.42816225092912,-0.15792174849110552
replica,514,all_production,2732.8078107435185,0.0027328078107435186,273280.78107435186,106.49838478087008,-0.08769921855014218
replica,515,all_production,3047.641196706976,0.003047641196706976,304764.1196706976,106.6041769011723,0.01809290175206968
replica,516,all_production,2759.176191361106,0.0027591761913611057,275917.6191361106,106.43106287534947,-0.15502112407075685
replica,517,all_production,2939.185809271121,0.002939185809271121,293918.5809271121,106.58079192281326,-0.005292076606963292
replica,518,all_production,2928.993117724671,0.0029289931177246707,292899.3117724671,106.67114988872746,0.08506588930723069
replica,519,all_production,2856.2475147398973,0.002856247514739897,285624.75147398975,106.69862006560693,0.11253606618670631
replica,520,all_production,2807.372577909448,0.002807372577909448,280737.2577909448,106.6907259039338,0.1046419045135707
replica,521,all_production,2921.497958481531,0.002921497958481531,292149.79584815307,106.60957729750793,0.02349329808770051
replica,522,all_production,2930.3686691858984,0.0029303686691858986,293036.86691858986,106.451360636,-0.13472336342022118
replica,523,all_production,2821.467688281199,0.002821467688281199,282146.7688281199,106.64775628422642,0.06167228480619258
replica,524,all_production,2805.45673448808,0.00280545673448808,280545.673448808,106.35454468794636,-0.23153931147386686
replica,525,all_production,2926.1099864622734,0.0029261099864622735,292610.99864622735,106.43855001784893,-0.14753398157129993
replica,526,all_production,2863.5344873878175,0.0028635344873878176,286353.44873878174,106.67863226069342,0.09254826127319404
replica,527,all_production,2998.0794650457497,0.0029980794650457496,299807.94650457497,106.62647458744945,0.04039058802922568
replica,528,all_production,3271.790153353378,0.0032717901533533783,327179.0153353378,106.40096911588701,-0.1851148835332168
replica,529,all_production,2755.4704301551856,0.0027554704301551857,275547.0430155186,106.5863322250198,0.00024822559957726753
replica,530,all_production,3251.107324178086,0.003251107324178086,325110.7324178086,106.4186724922909,-0.16741150712933006
replica,531,all_production,2884.380374311816,0.002884380374311816,288438.0374311816,106.52027147975907,-0.06581251966115076
replica,532,all_production,2706.930037559954,0.002706930037559954,270693.0037559954,106.82160854577513,0.2355245463549096
replica,533,all_production,3087.07411700392,0.00308707411700392,308707.411700392,106.52151069372134,-0.06457330569888597
replica,534,all_production,2454.986200368623,0.002454986200368623,245498.6200368623,106.70352334716578,0.11743934774555953
replica,535,all_production,2738.3683673767046,0.0027383683673767047,273836.83673767047,106.40434992221367,-0.18173407720655632
replica,536,all_production,2878.184006145424,0.0028781840061454242,287818.4006145424,106.49149528761801,-0.09458871180221706
replica,537,all_production,2892.1618542747206,0.0028921618542747207,289216.18542747205,106.53589747442066,-0.050186524999560334
replica,538,all_production,2985.1291410238196,0.0029851291410238194,298512.91410238197,106.42525490368128,-0.1608290957389471
replica,539,all_production,3432.252974846922,0.0034322529748469217,343225.2974846922,106.4094530114365,-0.176630987983728
replica,540,all_production,2996.144360764016,0.002996144360764016,299614.43607640156,106.54493212267188,-0.04115187674834431
replica,541,all_production,2854.5126626257556,0.0028545126626257555,285451.2662625756,106.65384980931886,0.06776580989863135
replica,542,all_production,2977.526222798248,0.002977526222798248,297752.6222798248,106.82441073676127,0.23832673734104048
replica,543,all_production,2987.767815284525,0.002987767815284525,298776.7815284525,106.87554781852776,0.2894638191075387
replica,544,all_production,2809.7538360897615,0.0028097538360897616,280975.38360897615,106.92965107324072,0.3435670738204948
replica,545,all_production,3052.5466321291515,0.0030525466321291513,305254.6632129151,106.6522247551534,0.0661407557331728
replica,546,all_production,3059.7937852186124,0.0030597937852186122,305979.3785218612,106.55848160673695,-0.0276023926832778
replica,547,all_production,3036.8018952503708,0.003036801895250371,303680.1895250371,106.34617664425906,-0.23990735516116501
replica,548,all_production,2837.8779701729654,0.0028378779701729653,283787.79701729654,106.50429367978862,-0.0817903196316081
replica,549,all_production,2689.0770532499773,0.002689077053249977,268907.7053249977,106.77391289230322,0.18782889288299032
replica,550,all_production,2964.919592884734,0.002964919592884734,296491.95928847336,106.74267043343494,0.15658643401471295
replica,551,all_production,2707.4951526872383,0.002707495152687238,270749.51526872383,106.57963784982351,-0.006446149596712303
replica,552,all_production,2867.5059506043744,0.0028675059506043745,286750.59506043745,106.58381565792281,-0.002268341497412507
replica,553,all_production,3030.434675647016,0.003030434675647016,303043.46756470157,106.32902164788901,-0.2570623515312178
replica,554,all_production,2981.895014556369,0.002981895014556369,298189.50145563687,106.59638050652678,0.010296507106559716
replica,555,all_production,2727.9858489138305,0.0027279858489138303,272798.58489138307,106.66143936186344,0.07535536244321861
replica,556,all_production,2870.3740287836085,0.0028703740287836085,287037.4028783608,106.49855172544727,-0.08753227397295404
replica,557,all_production,2989.0308077482614,0.0029890308077482612,298903.0807748261,106.66332637538731,0.0772423759670886
replica,558,all_production,3068.2763149876637,0.0030682763149876635,306827.63149876636,106.68401043316669,0.09792643374646559
replica,559,all_production,3449.6898744446617,0.003449689874444662,344968.98744446615,106.69283783758122,0.10675383816099782
replica,560,all_production,2964.382300127004,0.0029643823001270038,296438.23001270037,106.7698713677214,0.18378736830116793
replica,561,all_production,2689.8941023820507,0.0026898941023820507,268989.41023820505,106.39991787399207,-0.18616612542815858
replica,562,all_production,3110.391738783347,0.003110391738783347,311039.1738783347,106.6365922344026,0.05050823498237378
replica,563,all_production,2911.5104613381345,0.0029115104613381343,291151.04613381345,106.3568630967354,-0.22922090268482975
replica,564,all_production,3035.0072076275014,0.0030350072076275013,303500.72076275013,106.6206765969018,0.03459259748157706
replica,565,all_production,2831.332444541185,0.002831332444541185,283133.2444541185,106.68585405078468,0.09977005136445882
replica,566,all_production,2884.6705552787034,0.0028846705552787034,288467.0555278703,106.57063642591811,-0.01544757350211512
replica,567,all_production,2951.4510929238822,0.002951451092923882,295145.1092923882,106.72675647538989,0.1406724759696658
replica,568,all_production,3100.0112216605157,0.0031000112216605156,310001.1221660516,106.40084277555617,-0.18524122386405395
replica,569,all_production,2963.188397599443,0.002963188397599443,296318.8397599443,106.68930279527038,0.10321879585015381
replica,570,all_production,2647.7850618623697,0.0026477850618623695,264778.506186237,106.59226556282667,0.006181563406443047
replica,571,all_production,2885.7108260818577,0.0028857108260818575,288571.08260818577,106.74446145019118,0.15837745077095633
replica,572,all_production,3108.206807438277,0.003108206807438277,310820.68074382766,106.8632677772744,0.2771837778541766
replica,573,all_production,3047.875621174894,0.0030478756211748943,304787.5621174894,106.48544158341716,-0.100642416003069
replica,574,all_production,3019.1275883487397,0.00301912758834874,301912.75883487397,106.4538010377309,-0.1322829616893273
replica,575,all_production,3276.740486012065,0.003276740486012065,327674.0486012065,106.38938664462336,-0.19669735479686778
replica,576,all_production,2691.2426222202794,0.0026912426222202796,269124.26222202793,106.36521555227549,-0.2208684471447384
replica,577,all_production,2673.3687875578753,0.0026733687875578754,267336.8787557875,106.4962676407594,-0.08981635866082627
replica,578,all_production,2746.667521427192,0.0027466675214271917,274666.75214271917,106.79145294572139,0.20536894630116365
replica,579,all_production,2889.1214308369827,0.0028891214308369825,288912.14308369823,106.87491777609907,0.28883377667884247
replica,580,all_production,3048.5927049696884,0.0030485927049696882,304859.2704969688,106.58602021626976,-6.3783150466179e-05
replica,581,all_production,3016.361948570834,0.0030163619485708342,301636.1948570834,106.78173830573408,0.1956543063138554
replica,582,all_production,2790.856085526196,0.002790856085526196,279085.6085526196,106.47123032949928,-0.11485366992094725
replica,583,all_production,3202.6096062675447,0.0032026096062675448,320260.96062675444,106.7608534120968,0.17476941267656798
replica,584,all_production,2829.089015760279,0.002829089015760279,282908.9015760279,106.5632348972802,-0.022849102140028776
replica,585,all_production,2957.542265902454,0.0029575422659024538,295754.2265902454,106.5476180145948,-0.03846598482542163
replica,586,all_production,2735.7820443535793,0.0027357820443535794,273578.20443535794,106.62739491212807,0.04131091270784282
replica,587,all_production,2864.141156761504,0.002864141156761504,286414.1156761504,106.58387168527625,-0.002212314143974936
replica,588,all_production,2889.41141443697,0.00288941141443697,288941.141443697,106.80829777547227,0.22221377605204395
replica,589,all_production,2756.0710316253812,0.0027560710316253813,275607.10316253814,106.92629739760196,0.34021339818173146
replica,590,all_production,3212.10078441645,0.00321210078441645,321210.078441645,106.45058618805368,-0.13549781136654815
replica,591,all_production,2809.7808687746356,0.0028097808687746356,280978.08687746356,106.51733158681375,-0.06875241260647158
replica,592,all_production,2987.355250302583,0.002987355250302583,298735.5250302583,106.61968142053979,0.033597421119566206
replica,593,all_production,3256.3431028064188,0.003256343102806419,325634.3102806419,106.6310888781835,0.04500487876327952
replica,594,all_production,2932.093563942499,0.002932093563942499,293209.3563942499,106.61988797918124,0.0338039797610179
replica,595,all_production,2925.6905814147226,0.0029256905814147227,292569.0581414722,106.53760801272412,-0.0484759866961042
replica,596,all_production,3004.4740458431966,0.0030044740458431965,300447.4045843196,106.62853547777,0.042451478349775584
replica,597,all_production,2915.9534932281585,0.0029159534932281586,291595.34932281583,106.6565373420778,0.0704533426575722
replica,598,all_production,3069.1165547110013,0.0030691165547110013,306911.6554711001,106.82363241542315,0.2375484160029231
replica,599,all_production,2854.7734878257243,0.0028547734878257244,285477.34878257243,106.51498296823252,-0.07110103118770894
replica,600,all_production,2819.1475248317747,0.0028191475248317745,281914.75248317746,106.59682874228224,0.01074474286201621
replica,601,all_production,2941.4663044130157,0.002941466304413016,294146.63044130156,106.89234187914515,0.30625787972492446
replica,602,all_production,2774.7854312993354,0.0027747854312993353,277478.54312993353,106.92522827926254,0.33914427984231565
replica,603,all_production,3038.642626057717,0.0030386426260577168,303864.26260577166,106.77010479691356,0.1840207974933321
replica,604,all_production,2781.971431579733,0.0027819714315797327,278197.14315797325,106.7484305788585,0.16234657943827813
replica,605,all_production,3080.979247058687,0.003080979247058687,308097.9247058687,106.89078728955695,0.3047032901367288
replica,606,all_production,3130.1652582807674,0.0031301652582807673,313016.52582807676,106.60119581612443,0.015111816704205694
replica,607,all_production,2746.667560202559,0.0027466675602025588,274666.7560202559,106.66715401848218,0.08107001906195421
replica,608,all_production,3212.7009579482287,0.0032127009579482287,321270.09579482285,106.28915069917669,-0.2969333002435377
replica,609,all_production,3153.903207573753,0.0031539032075737533,315390.32075737533,106.62337296318063,0.03728896376040325
replica,610,all_production,3014.039515967329,0.003014039515967329,301403.9515967329,106.8062533389037,0.22016933948347628
replica,611,all_production,3111.762244896101,0.003111762244896101,311176.2244896101,106.59032194419149,0.004237944771261937
replica,612,all_production,2860.5847465519896,0.0028605847465519897,286058.474655199,106.51972217083015,-0.06636182859007533
replica,613,all_production,2827.9630576078807,0.002827963057607881,282796.3057607881,106.55478748101051,-0.03129651840971803
replica,614,all_production,2552.751650061966,0.002552751650061966,255275.1650061966,106.77453652279267,0.18845252337244744
replica,615,all_production,2865.7969577181166,0.0028657969577181165,286579.69577181165,106.80310135820957,0.2170173587893487
replica,616,all_production,2744.9214471159457,0.002744921447115946,274492.14471159456,106.55904178744301,-0.02704221197721779
replica,617,all_production,2933.2673902477845,0.0029332673902477844,293326.7390247784,106.40032235028504,-0.18576164913518767
replica,618,all_production,3043.2026216391387,0.0030432026216391387,304320.26216391387,106.63439434657933,0.04831034715910221
replica,619,all_production,2772.624944141471,0.002772624944141471,277262.4944141471,106.62845966877158,0.04237566935135817
replica,620,all_production,2892.79838531182,0.00289279838531182,289279.838531182,106.39025498159825,-0.19582901782197837
replica,621,all_production,2692.4408175655503,0.0026924408175655504,269244.081756555,106.86189189844319,0.2758078990229649
replica,622,all_production,2911.0755529693024,0.0029110755529693022,291107.55529693025,106.76871342270464,0.18262942328441056
replica,623,all_production,3106.355864944658,0.0031063558649446583,310635.5864944658,106.88607231841252,0.29998831899229117
replica,624,all_production,2989.2970097939774,0.0029892970097939774,298929.70097939775,106.72968142703021,0.14359742760998984
replica,625,all_production,3113.5434308700064,0.0031135434308700066,311354.34308700066,106.85405840339087,0.26797440397064065
replica,626,all_production,2796.3496847883043,0.0027963496847883042,279634.9684788304,106.5431058268133,-0.04297817260692227
replica,627,all_production,3055.227493744347,0.0030552274937443473,305522.7493744347,106.74463143781317,0.15854743839294372
replica,628,all_production,3130.338405218762,0.003130338405218762,313033.8405218762,106.85068577108296,0.2646017716627398
replica,629,all_production,3007.5431596862927,0.0030075431596862925,300754.31596862926,106.73160615248773,0.14552215306750327
replica,630,all_production,2894.8856923971466,0.002894885692397147,289488.56923971465,106.42908736361328,-0.1569966358069479
replica,631,all_production,3060.9198311320497,0.0030609198311320495,306091.98311320494,106.58951897805295,0.0034349786327254606
replica,632,all_production,2485.8990418671856,0.0024858990418671857,248589.90418671854,106.47532140758476,-0.1107625918354671
replica,633,all_production,3236.998908294441,0.003236998908294441,323699.8908294441,106.64026316760848,0.054179168188255744
replica,634,all_production,2669.967965909315,0.002669967965909315,266996.7965909315,106.50751149520592,-0.07857250421430706
replica,635,all_production,3204.8767735538595,0.0032048767735538596,320487.67735538597,106.77877352689033,0.19268952747010815
replica,636,all_production,2926.379459233053,0.002926379459233053,292637.9459233053,106.36182352107303,-0.22426047834719043
replica,637,all_production,2504.398504693482,0.002504398504693482,250439.85046934822,106.66908921893001,0.08300521950978634
replica,638,all_production,2906.9202972731664,0.0029069202972731665,290692.02972731664,106.57795416744757,-0.008129831972652823
replica,639,all_production,2932.06540488658,0.0029320654048865798,293206.540488658,106.60871833368307,0.022634334262846778
replica,640,all_production,3142.2743982801003,0.0031422743982801003,314227.43982801004,106.58771555675364,0.0016315573334111377
replica,641,all_production,3173.763688287094,0.003173763688287094,317376.36882870935,106.46625153901567,-0.11983246040455242
replica,642,all_production,3039.3195528892056,0.0030393195528892057,303931.95528892055,106.70522213359061,0.11913813417038455
replica,643,all_production,3206.6385648919695,0.0032066385648919695,320663.85648919694,106.560240920605,-0.025843078815228182
replica,644,all_production,2623.8414065641336,0.0026238414065641335,262384.14065641334,106.54787546163901,-0.03820853778121602
replica,645,all_production,2867.037703999925,0.002867037703999925,286703.77039999247,106.62385485686903,0.03777085744880537
replica,646,all_production,3062.1107803729983,0.0030621107803729983,306211.0780372998,106.7090893038102,0.12300530438997725
replica,647,all_production,3000.812447277953,0.0030008124472779532,300081.2447277953,106.45294750734814,-0.133136492072083
replica,648,all_production,3053.702705876888,0.003053702705876888,305370.2705876888,106.67463380335886,0.08854980393863343
replica,649,all_production,3065.9249509970728,0.0030659249509970726,306592.4950997073,106.34878871961683,-0.2372952798033907
replica,650,all_production,2871.8031421362134,0.0028718031421362134,287180.3142136213,106.64935610897192,0.06327210955168994
replica,651,all_production,2950.540147224974,0.002950540147224974,295054.01472249744,106.49657931229125,-0.0895046871289793
replica,652,all_production,2880.2279031694125,0.0028802279031694125,288022.7903169412,106.46971880592686,-0.11636519349336538
replica,653,all_production,3103.618169890151,0.003103618169890151,310361.8169890151,106.50695165346613,-0.07913234595409335
replica,654,all_production,2693.8366456847443,0.002693836645684744,269383.6645684744,106.82720995162272,0.2411259522024949
replica,655,all_production,2829.4989581552445,0.0028294989581552446,282949.89581552445,106.78317248793485,0.19708848851462335
replica,656,all_production,2923.063116275659,0.002923063116275659,292306.3116275659,106.72952278786384,0.14343878844361768
replica,657,all_production,2866.104420373046,0.0028661044203730462,286610.44203730463,106.77865941948433,0.19257542006410233
replica,658,all_production,2947.470687036762,0.002947470687036762,294747.06870367617,106.44696845594939,-0.13911554347083666
replica,659,all_production,2802.700286899776,0.002802700286899776,280270.0286899776,106.26663758128379,-0.3194464181364367
replica,660,all_production,2958.2064673033087,0.0029582064673033086,295820.6467303309,106.25231929958301,-0.3337646998372179
replica,661,all_production,2919.1545295624396,0.0029191545295624397,291915.45295624394,106.80232683519988,0.21624283577965286
replica,662,all_production,3234.7945876110643,0.0032347945876110644,323479.4587611064,106.71849190209028,0.1324079026700531
replica,663,all_production,2770.9212708435934,0.0027709212708435936,277092.12708435935,106.75494553511616,0.16886153569593887
replica,664,all_production,2858.131914511945,0.002858131914511945,285813.1914511945,106.59933963548475,0.013255636064528176
replica,665,all_production,2969.8158688053936,0.0029698158688053937,296981.58688053937,107.08688683180924,0.500802832389013
replica,666,all_production,2801.033740231336,0.0028010337402313364,280103.3740231336,106.61280235893382,0.02671835951359469
replica,667,all_production,2869.1133425055527,0.0028691133425055525,286911.33425055526,106.57298038614141,-0.013103613278815374
replica,668,all_production,2721.104449045549,0.002721104449045549,272110.44490455487,106.78117600857308,0.19509200915285874
replica,669,all_production,3051.767921551499,0.003051767921551499,305176.7921551499,106.47491421185849,-0.11116978756173523
replica,670,all_production,2870.2506402437075,0.0028702506402437074,287025.06402437075,106.72592172685796,0.1398377274377367
replica,671,all_production,2930.4569198636996,0.0029304569198636997,293045.69198636996,106.55305543499,-0.03302856443022506
replica,672,all_production,3018.6749442854675,0.0030186749442854674,301867.49442854675,106.43421310564429,-0.15187089377593566
replica,673,all_production,2812.98688624153,0.00281298688624153,281298.68862415303,106.66066232378981,0.07457832436958256
replica,674,all_production,2835.974456197826,0.002835974456197826,283597.4456197826,106.32004228461129,-0.2660417148089351
replica,675,all_production,3033.7044956414456,0.0030337044956414458,303370.44956414454,106.56306710994855,-0.023016889471676905
replica,676,all_production,2847.0324492039463,0.0028470324492039464,284703.2449203946,106.49739910775337,-0.08868489166685833
replica,677,all_production,3050.2045895708743,0.0030502045895708743,305020.4589570874,106.67064823232515,0.0845642329049241
replica,678,all_production,2845.2118758146576,0.0028452118758146576,284521.18758146575,106.4200267795982,-0.16605721982202226
replica,679,all_production,2855.7774866386994,0.0028557774866386993,285577.7486638699,106.69518851244229,0.1091045130220607
replica,680,all_production,3054.065562890609,0.003054065562890609,305406.55628906086,106.71582505288366,0.1297410534634338
replica,681,all_production,2746.386272638425,0.002746386272638425,274638.6272638425,106.43807170389783,-0.14801229552239192
replica,682,all_production,3275.383455613548,0.003275383455613548,327538.34556135477,106.6387563583497,0.05267235892947042
replica,683,all_production,2923.1836849280025,0.0029231836849280025,292318.3684928003,106.64728345662725,0.061199457207024466
replica,684,all_production,2817.0051714273463,0.0028170051714273463,281700.5171427346,106.6328667824524,0.04678278303217098
replica,685,all_production,2969.307230985559,0.002969307230985559,296930.72309855587,106.59709193146072,0.011007932040499213
replica,686,all_production,2869.0753882160006,0.0028690753882160006,286907.5388216001,106.596973457509,0.010889458088769288
replica,687,all_production,2658.2498974908403,0.0026582498974908404,265824.98974908405,106.53368072751034,-0.052403271909881255
replica,688,all_production,2868.181288357465,0.0028681812883574647,286818.1288357465,106.47296275564003,-0.11312124378019917
replica,689,all_production,2902.000832741577,0.002902000832741577,290200.0832741577,106.29677942389581,-0.2893045755244117
replica,690,all_production,2732.033981868499,0.002732033981868499,273203.3981868499,106.80327598375048,0.2171919843302561
replica,691,all_production,2932.5235436155713,0.002932523543615571,293252.3543615571,106.34829423003772,-0.23778976938250196
replica,692,all_production,2775.5495127402733,0.0027755495127402734,277554.9512740273,106.5584341106654,-0.027649888754822882
replica,693,all_production,3127.9432880426825,0.0031279432880426824,312794.32880426827,106.59363261933423,0.007548619914004462
replica,694,all_production,2554.7391973499234,0.0025547391973499236,255473.91973499235,106.59285010194047,0.006766102520245454
replica,695,all_production,2849.713714744517,0.002849713714744517,284971.3714744517,106.72220400620813,0.13612000678790537
replica,696,all_production,2873.711943253483,0.002873711943253483,287371.19432534825,106.603211957108,0.01712795768777653
replica,697,all_production,2853.1552933105954,0.0028531552933105954,285315.52933105954,106.77593457040736,0.18985057098713298
replica,698,all_production,2707.8491480508646,0.0027078491480508646,270784.91480508645,106.60294950771564,0.016865508295410336
replica,699,all_production,3186.6116707790516,0.0031866116707790514,318661.16707790515,106.79219113137874,0.20610713195851815
replica,700,all_production,3012.897887900056,0.003012897887900056,301289.7887900056,106.81365129319713,0.22756729377690021
replica,701,all_production,3091.7256055343405,0.0030917256055343406,309172.5605534341,106.64535820097096,0.059274201550735484
replica,702,all_production,2787.352777494507,0.002787352777494507,278735.2777494507,106.56444842705282,-0.021635572367401323
replica,703,all_production,2760.82320583184,0.0027608232058318398,276082.32058318396,106.67315933180063,0.0870753323804081
replica,704,all_production,2922.6724236139708,0.0029226724236139706,292267.2423613971,106.45146878199682,-0.1346152174234021
replica,705,all_production,2726.2764966345303,0.0027262764966345305,272627.64966345305,106.57113017662081,-0.01495382279941282
replica,706,all_production,2828.164352098308,0.002828164352098308,282816.4352098308,106.55319985124986,-0.032884148170367666
replica,707,all_production,2992.197449278668,0.002992197449278668,299219.7449278668,106.38740863509541,-0.19867536432481359
replica,708,all_production,2853.840584141332,0.002853840584141332,285384.0584141332,106.08123614400928,-0.5048478554109437
replica,709,all_production,2978.8344948268123,0.0029788344948268124,297883.44948268123,106.63625006860474,0.05016606918451316
replica,710,all_production,2941.684139457857,0.0029416841394578567,294168.41394578567,106.71590355767468,0.12981955825445368
replica,711,all_production,2687.715671285262,0.002687715671285262,268771.5671285262,106.37816516299841,-0.2079188364218112
replica,712,all_production,3185.740411910607,0.0031857404119106066,318574.0411910607,106.51660561944946,-0.06947837997076078
replica,713,all_production,3121.8147990104017,0.0031218147990104018,312181.47990104015,106.71104909429997,0.12496509487974095
replica,714,all_production,3096.750096603446,0.003096750096603446,309675.00966034457,106.42653535974222,-0.15954863967800748
replica,715,all_production,2971.395714121007,0.002971395714121007,297139.5714121007,106.64499015005724,0.05890615063701432
replica,716,all_production,2696.5124080269125,0.0026965124080269125,269651.24080269126,106.58641437182068,0.00033037240045530325
replica,717,all_production,3226.2241422847474,0.0032262241422847475,322622.4142284747,106.77150707457908,0.1854230751588517
replica,718,all_production,2703.187035328759,0.002703187035328759,270318.7035328759,106.90870289794582,0.3226188985255902
replica,719,all_production,3049.3441630393795,0.0030493441630393796,304934.41630393796,106.60937526476339,0.02329126534316117
replica,720,all_production,2696.9370723690063,0.002696937072369006,269693.70723690063,106.72938476264194,0.14330076322171692
replica,721,all_production,2853.3869818733315,0.0028533869818733316,285338.6981873331,107.01644771815155,0.4303637187313285
replica,722,all_production,3033.959454988574,0.0030339594549885743,303395.9454988574,106.64166155822225,0.05557755880202819
replica,723,all_production,3207.0796034235686,0.0032070796034235688,320707.9603423569,106.47243002617249,-0.11365397324773596
replica,724,all_production,2782.849357875797,0.002782849357875797,278284.9357875797,106.15034298428792,-0.435741015132308
replica,725,all_production,2990.049734786473,0.002990049734786473,299004.9734786473,106.78942452631618,0.20334052689595694
replica,726,all_production,3031.876825355247,0.003031876825355247,303187.6825355247,106.62100808828811,0.03492408886788212
replica,727,all_production,2907.77947718059,0.0029077794771805903,290777.947718059,106.55242084364882,-0.033663155771407105
replica,728,all_production,2796.575538982287,0.002796575538982287,279657.5538982287,106.45611636297842,-0.12996763644180476
replica,729,all_production,2710.462557911682,0.002710462557911682,271046.2557911682,106.74121225755141,0.15512825813118525
replica,730,all_production,2886.953205017995,0.002886953205017995,288695.3205017995,106.5818661914874,-0.004217807932818118
replica,731,all_production,3083.2699258097045,0.0030832699258097045,308326.99258097046,106.7946245754627,0.20854057604248055
replica,732,all_production,2885.532289565618,0.002885532289565618,288553.2289565618,106.82359133582484,0.23750733640461874
replica,733,all_production,2402.7068859063297,0.0024027068859063297,240270.68859063296,106.37623317939816,-0.20985082002206923
replica,734,all_production,2905.559319053915,0.0029055593190539146,290555.93190539145,106.66326723226588,0.07718323284565543
replica,735,all_production,2888.5516905891645,0.0028885516905891645,288855.16905891645,106.39735724888277,-0.18872675053745525
replica,736,all_production,2875.3536500752007,0.0028753536500752005,287535.3650075201,106.63933703288065,0.05325303346042176
replica,737,all_production,2895.736976284951,0.002895736976284951,289573.6976284951,106.80042717968676,0.21434318026653898
replica,738,all_production,2884.3694788845205,0.0028843694788845205,288436.94788845204,106.54652221450525,-0.03956178491498008
replica,739,all_production,2826.5017593097646,0.0028265017593097647,282650.17593097646,106.58054852369753,-0.005535475722695082
replica,740,all_production,2844.5246449123497,0.00284452464491235,284452.464491235,106.50074994804383,-0.0853340513763925
replica,741,all_production,3213.3553649938117,0.003213355364993812,321335.5364993812,106.50321424133857,-0.08286975808165664
replica,742,all_production,3175.63050837945,0.00317563050837945,317563.050837945,106.4599452324415,-0.12613876697872684
replica,743,all_production,3032.826710420337,0.003032826710420337,303282.6710420337,106.73962649650545,0.15354249708522616
replica,744,all_production,2928.605144101239,0.002928605144101239,292860.5144101239,106.79259823952844,0.20651424010821984
replica,745,all_production,2962.1916363989285,0.0029621916363989286,296219.1636398928,106.50160351113638,-0.08448048828384458
replica,746,all_production,2968.10989522839,0.00296810989522839,296810.989522839,106.50080707456617,-0.0852769248540568
replica,747,all_production,2692.196237760365,0.0026921962377603648,269219.6237760365,106.68997899945337,0.10389500003314822
replica,748,all_production,2900.751439830262,0.002900751439830262,290075.1439830262,106.71236762636747,0.1262836269472416
replica,749,all_production,2953.207830384753,0.002953207830384753,295320.78303847526,106.56403221015881,-0.02205178926141116
replica,750,all_production,2900.068332291236,0.0029000683322912358,290006.8332291236,106.16454319821116,-0.421540801209062
replica,751,all_production,2953.0551418538093,0.0029530551418538095,295305.51418538095,106.4516899709337,-0.13439402848652549
replica,752,all_production,3063.786826788769,0.0030637868267887687,306378.68267887685,106.599280029044,0.013196029623770755
replica,753,all_production,3118.1756237363825,0.0031181756237363824,311817.56237363827,106.70956660653725,0.12348260711702608
replica,754,all_production,3013.7662134481884,0.0030137662134481886,301376.62134481885,106.56970080842402,-0.01638319099620844
replica,755,all_production,2753.764460108646,0.0027537644601086458,275376.4460108646,106.43622739580552,-0.1498566036147082
replica,756,all_production,2893.344699990309,0.002893344699990309,289334.4699990309,106.31900064504273,-0.2670833543774904
replica,757,all_production,3028.4015962324415,0.0030284015962324415,302840.15962324414,106.63403586168694,0.04795186226671433
replica,758,all_production,2852.4932382977613,0.0028524932382977615,285249.32382977614,106.64764847570639,0.061564476286164904
replica,759,all_production,2930.7614948971595,0.0029307614948971593,293076.1494897159,106.89852163618615,0.31243763676592096
replica,760,all_production,2647.3175065990044,0.0026473175065990047,264731.7506599004,106.47344589451487,-0.11263810490535775
replica,761,all_production,2924.2414172363433,0.0029242414172363433,292424.1417236343,106.58276767220725,-0.0033163272129712595
replica,762,all_production,3106.929236696415,0.003106929236696415,310692.9236696415,106.64914544914518,0.06306144972495531
replica,763,all_production,3079.4376893395274,0.0030794376893395273,307943.7689339527,106.50288040268693,-0.08320359673329847
replica,764,all_production,3006.721636458183,0.003006721636458183,300672.1636458183,106.69180144229101,0.10571744287078388
replica,765,all_production,2805.619654966356,0.002805619654966356,280561.9654966356,106.56696349505334,-0.01912050436688162
replica,766,all_production,2935.810404253491,0.002935810404253491,293581.0404253491,106.85081016483544,0.26472616541521177
replica,767,all_production,2650.750273877963,0.002650750273877963,265075.0273877963,106.69142331554964,0.10533931612941672
replica,768,all_production,3064.0642847202917,0.0030640642847202916,306406.42847202916,106.98197246305406,0.39588846363383823
replica,769,all_production,3006.7469145009645,0.0030067469145009643,300674.69145009643,106.43108744801422,-0.15499655140600055
replica,770,all_production,3093.927335300366,0.003093927335300366,309392.7335300366,106.5627234143497,-0.0233605850705203
replica,771,all_production,3059.5326576727016,0.0030595326576727017,305953.2657672702,106.76895032390347,0.1828663244832427
replica,772,all_production,2843.830551312264,0.002843830551312264,284383.0551312264,106.7131225782602,0.12703857883997216
replica,773,all_production,2752.443662232503,0.002752443662232503,275244.3662232503,106.50709564624975,-0.07898835317047315
replica,774,all_production,3412.585229937286,0.003412585229937286,341258.5229937286,106.8037377836803,0.21765378426007942
replica,775,all_production,2554.9098975397305,0.0025549098975397306,255490.98975397306,106.4857009502144,-0.1003830492058313
replica,776,all_production,2606.8160424406055,0.0026068160424406054,260681.60424406055,106.66078445388072,0.07470045446049767
replica,777,all_production,3004.3722093607466,0.0030043722093607466,300437.2209360747,106.97437242206085,0.3882884226406276
replica,778,all_production,2740.7567571798045,0.0027407567571798045,274075.6757179804,106.2406955241367,-0.3453884752835279
replica,779,all_production,2840.143190381732,0.002840143190381732,284014.3190381732,106.7820178752568,0.19593387583657318
replica,780,all_production,2767.481051271181,0.002767481051271181,276748.1051271181,106.75915390090559,0.17306990148536272
replica,781,all_production,3043.774234400928,0.003043774234400928,304377.42344009277,106.83229353222546,0.2462095328052385
replica,782,all_production,2890.8785931425273,0.0028908785931425272,289087.85931425274,106.6727837277029,0.08669972828268158
replica,783,all_production,2825.4027181815873,0.0028254027181815874,282540.27181815874,106.63175864543898,0.04567464601875315
replica,784,all_production,2902.003469189983,0.002902003469189983,290200.3469189983,106.41112254166661,-0.17496145775361072
replica,785,all_production,3132.8183479451136,0.0031328183479451136,313281.8347945114,106.68954811399321,0.10346411457298643
replica,786,all_production,2852.4914465335396,0.0028524914465335397,285249.14465335396,106.48517588938195,-0.10090811003827582
replica,787,all_production,2663.1455493024305,0.0026631455493024304,266314.55493024306,106.66610959469388,0.0800255952736535
replica,788,all_production,2771.5370138551225,0.0027715370138551225,277153.70138551225,106.76070309142118,0.1746190920009525
replica,789,all_production,2804.974726325456,0.002804974726325456,280497.47263254557,106.46139911839869,-0.12468488102153685
replica,790,all_production,2805.3987521438007,0.0028053987521438005,280539.87521438004,106.66081298779864,0.07472898837841058
replica,791,all_production,2945.9460824767248,0.0029459460824767247,294594.6082476725,106.69121773405463,0.105133734634407
replica,792,all_production,2804.77831902057,0.00280477831902057,280477.831902057,106.74303379399845,0.15694979457822456
replica,793,all_production,3019.9985459549794,0.0030199985459549794,301999.85459549795,106.86810204778088,0.2820180483606549
replica,794,all_production,2670.048279191549,0.002670048279191549,267004.8279191549,106.62536191586496,0.039277916444731886
replica,795,all_production,3078.147161128812,0.003078147161128812,307814.7161128812,106.69872185507592,0.11263785565569151
replica,796,all_production,2913.8970070120267,0.0029138970070120267,291389.7007012027,106.7284250479837,0.1423410485634804
replica,797,all_production,2721.1094206350167,0.0027211094206350166,272110.9420635017,106.84549425478626,0.2594102553660349
replica,798,all_production,2859.480841015528,0.002859480841015528,285948.0841015528,106.26019212599118,-0.32589187342904324
replica,799,all_production,3173.259416145887,0.0031732594161458867,317325.94161458866,106.86499980546259,0.2789158060423631
replica,800,all_production,2960.6681573622227,0.0029606681573622227,296066.81573622226,106.73285795624273,0.14677395682249994
replica,801,all_production,2793.20644541178,0.00279320644541178,279320.64454117796,106.60199448572699,0.015910486306765392
replica,802,all_production,2689.4091123707112,0.002689409112370711,268940.9112370711,106.67312297498331,0.0870389755630896
replica,803,all_production,2722.8931121958803,0.0027228931121958803,272289.31121958804,106.76747014377047,0.1813861443502418
replica,804,all_production,2891.811518157924,0.0028918115181579243,289181.15181579243,106.34337068660885,-0.2427133128113752
replica,805,all_production,2755.244259545252,0.002755244259545252,275524.4259545252,106.4350542043436,-0.1510297950766244
replica,806,all_production,2828.188034980739,0.002828188034980739,282818.8034980739,106.54808380502067,-0.03800019439955804
replica,807,all_production,3032.7640882409323,0.003032764088240932,303276.40882409323,106.83755988440939,0.25147588498916207
replica,808,all_production,2698.0525085628346,0.0026980525085628345,269805.25085628347,106.81265996864327,0.2265759692230489
replica,809,all_production,3080.5682692274277,0.003080568269227428,308056.82692274277,106.66240550660002,0.07632150717979869
replica,810,all_production,2939.6236597478573,0.002939623659747857,293962.3659747857,106.3261692081081,-0.25991479131212714
replica,811,all_production,2978.5123235290894,0.0029785123235290894,297851.23235290893,106.67005019134224,0.08396619192201626
replica,812,all_production,3150.014699443116,0.0031500146994431163,315001.4699443116,106.52290323826807,-0.06318076115215376
replica,813,all_production,3047.9786404497913,0.0030479786404497915,304797.8640449791,106.54551507856182,-0.04056892085840502
replica,814,all_production,3049.6507041356745,0.0030496507041356744,304965.0704135674,106.78999070768393,0.20390670826370183
replica,815,all_production,2685.9814562198226,0.0026859814562198224,268598.1456219822,106.28004880576776,-0.30603519365246257
replica,816,all_production,2828.112594801966,0.002828112594801966,282811.25948019663,106.578845963426,-0.007238035994220127
replica,817,all_production,2964.2252317797547,0.0029642252317797547,296422.52317797544,106.51268358441475,-0.07340041500548011
replica,818,all_production,3124.9221802311386,0.0031249221802311386,312492.21802311385,106.47656218860305,-0.10952181081717072
replica,819,all_production,2762.9789794794997,0.0027629789794795,276297.89794794994,106.6282548800595,0.042170880639275765
replica,820,all_production,2967.3853263307706,0.0029673853263307705,296738.53263307706,106.55553462930528,-0.03054937011494019
replica,821,all_production,2846.796184317306,0.002846796184317306,284679.6184317306,106.59299357251209,0.006909573091860466
replica,822,all_production,2800.6404160793113,0.0028006404160793113,280064.04160793114,106.66214282876618,0.07605882934595343
replica,823,all_production,3000.6932237114497,0.0030006932237114496,300069.32237114495,106.21466437428742,-0.3714196251328019
replica,824,all_production,2999.362900639094,0.002999362900639094,299936.2900639094,106.54958227945949,-0.036501719960739365
replica,825,all_production,2904.2241448984846,0.0029042241448984847,290422.4144898485,106.7006898031092,0.1146058036889741
replica,826,all_production,2801.2736560781805,0.0028012736560781805,280127.36560781806,106.66579504118567,0.07971104176544941
replica,827,all_production,2867.069586377535,0.002867069586377535,286706.9586377535,106.72999546656958,0.14391146714935132
replica,828,all_production,3137.35757369552,0.00313735757369552,313735.757369552,106.57680317821274,-0.009280821207482859
replica,829,all_production,2975.9007564777867,0.0029759007564777867,297590.07564777863,106.52135592511996,-0.0647280743002625
replica,830,all_production,3053.746695402833,0.0030537466954028334,305374.6695402833,106.81920595297657,0.23312195355634913
replica,831,all_production,3179.4282185766497,0.0031794282185766496,317942.82185766497,106.61561862721773,0.02953462779750282
replica,832,all_production,3107.2271151088426,0.0031072271151088428,310722.7115108842,106.78190140748455,0.1958174080643289
replica,833,all_production,2860.9236273144675,0.0028609236273144673,286092.36273144674,106.56460121060329,-0.021482788816939546
replica,834,all_production,2913.047703783323,0.002913047703783323,291304.7703783323,106.57293419743026,-0.013149801989968068
replica,835,all_production,2977.8732385411286,0.0029778732385411285,297787.3238541128,106.57938267704836,-0.006701322371867491
replica,836,all_production,2806.5896058007484,0.0028065896058007485,280658.9605800748,106.83331921617477,0.24723521675454663
replica,837,all_production,3039.6002130293555,0.0030396002130293554,303960.02130293555,106.65653384129125,0.07044984187102443
replica,838,all_production,2966.054372799095,0.0029660543727990946,296605.4372799095,106.46061708936982,-0.125466910050406
replica,839,all_production,2693.5974061066927,0.002693597406106693,269359.74061066925,106.78350808465713,0.19742408523690358
replica,840,all_production,2901.7877329277308,0.002901787732927731,290178.77329277305,106.75014679331477,0.16406279389454426
replica,841,all_production,3058.709528742682,0.0030587095287426817,305870.9528742682,106.77254366735296,0.18645966793273772
replica,842,all_production,2899.3701773202456,0.002899370177320246,289937.01773202454,106.63835231746037,0.05226831804014864
replica,843,all_production,2763.65936928696,0.0027636593692869603,276365.936928696,106.61379757246858,0.027713573048359308
replica,844,all_production,3200.145205046997,0.003200145205046997,320014.52050469967,106.72795063800412,0.1418666385838918
replica,845,all_production,2576.5744802067206,0.0025765744802067206,257657.44802067205,106.25710380779793,-0.32898019162229275
replica,846,all_production,2833.8994847623126,0.0028338994847623127,283389.94847623125,106.64024081641084,0.05415681699061281
replica,847,all_production,2820.268697871562,0.002820268697871562,282026.8697871562,106.81521484512335,0.22913084570312492
replica,848,all_production,2976.1873501913706,0.0029761873501913706,297618.73501913704,106.48527996657407,-0.10080403284615613
replica,849,all_production,2726.821723984345,0.002726821723984345,272682.17239843454,106.59933671285992,0.013252713439698027
replica,850,all_production,2948.0440525616305,0.0029480440525616303,294804.40525616304,106.38015249216902,-0.2059315072512078
replica,851,all_production,2869.0827949230643,0.0028690827949230642,286908.2794923064,106.69265581452899,0.10657181510876512
replica,852,all_production,2870.1339068231227,0.0028701339068231226,287013.39068231225,106.78260569997374,0.19652170055351803
replica,853,all_production,3094.074119327449,0.003094074119327449,309407.4119327449,106.58365901585331,-0.00242498356691101
replica,854,all_production,2918.574700780392,0.0029185747007803922,291857.4700780392,106.44658900725639,-0.13949499216383288
replica,855,all_production,2904.5077960928843,0.0029045077960928845,290450.77960928844,106.56117056762001,-0.02491343180021488
replica,856,all_production,2851.4221397446,0.0028514221397445997,285142.21397445997,106.65674143194963,0.07065743252940138
replica,857,all_production,3073.881795575656,0.003073881795575656,307388.1795575656,106.68129486698848,0.09521086756825525
replica,858,all_production,3130.268643354153,0.0031302686433541532,313026.8643354153,106.62482644486693,0.03874244544670091
replica,859,all_production,2712.6394040911955,0.0027126394040911956,271263.94040911953,106.65734739747366,0.07126339805343207
replica,860,all_production,2819.5308708400757,0.0028195308708400756,281953.08708400757,106.56354651744593,-0.022537481974296725
replica,861,all_production,2927.1594938646226,0.0029271594938646227,292715.9493864623,106.5734118691781,-0.012672130242123103
replica,862,all_production,2792.7491667718164,0.002792749166771816,279274.9166771816,106.66686763464641,0.08078363522618304
replica,863,all_production,2777.788467330184,0.0027777884673301843,277778.8467330184,106.77392643620077,0.18784243678054224
replica,864,all_production,2646.863911243292,0.002646863911243292,264686.3911243292,106.5251341836894,-0.060949815730822365
replica,865,all_production,2710.509390929581,0.002710509390929581,271050.9390929581,106.49440415705857,-0.09167984236165694
replica,866,all_production,2879.345752804652,0.002879345752804652,287934.5752804652,106.32547733889895,-0.260606660521276
replica,867,all_production,2762.687810778255,0.002762687810778255,276268.78107782546,106.63532610896716,0.049242109546938195
replica,868,all_production,3052.351250573484,0.003052351250573484,305235.1250573484,106.55226007762073,-0.03382392179949534
replica,869,all_production,2793.7474412197867,0.0027937474412197865,279374.74412197864,106.5602657913279,-0.02581820809233193
replica,870,all_production,2600.150164559217,0.0026001501645592172,260015.0164559217,106.42380298614212,-0.16228101327810407
replica,871,all_production,2723.408028807482,0.002723408028807482,272340.8028807482,106.61315661954102,0.027072620120790702
replica,872,all_production,3069.7779222463896,0.0030697779222463896,306977.792224639,106.82349684968186,0.2374128502616344
replica,873,all_production,2791.6145901469786,0.0027916145901469786,279161.4590146979,106.60576750781148,0.019683508391253213
replica,874,all_production,2676.5027779572156,0.0026765027779572154,267650.27779572154,106.75668470453252,0.17060070511229242
replica,875,all_production,2819.372050481204,0.002819372050481204,281937.2050481204,106.4143485062071,-0.1717354932131201
replica,876,all_production,2932.272205608734,0.002932272205608734,293227.2205608734,106.61816558454488,0.03208158512465786
replica,877,all_production,3135.9665514015055,0.0031359665514015056,313596.6551401506,106.4814783173634,-0.10460568205682819
replica,878,all_production,2944.9485652881003,0.0029449485652881004,294494.85652881005,106.4730319551332,-0.11305204428703064
replica,879,all_production,3033.8147300513137,0.003033814730051314,303381.47300513135,106.45180129555378,-0.1342827038664467
replica,880,all_production,2842.5920128931293,0.0028425920128931294,284259.2012893129,106.65048097213509,0.06439697271486011
replica,881,all_production,2968.4779023237033,0.0029684779023237034,296847.7902323703,106.62642315875628,0.040339159336056696
replica,882,all_production,2780.6807055990716,0.0027806807055990716,278068.0705599072,106.47896313320008,-0.10712086622014283
replica,883,all_production,3113.8532658985105,0.0031138532658985104,311385.32658985106,106.40579162604968,-0.18029237337054838
replica,884,all_production,2534.041990422302,0.0025340419904223022,253404.1990422302,106.75773418257961,0.17165018315938596
replica,885,all_production,2839.9803854334677,0.002839980385433468,283998.03854334675,106.6166714590402,0.030587459619979995
replica,886,all_production,3108.3013200993355,0.0031083013200993354,310830.1320099335,106.77240979541001,0.18632579598978793
replica,887,all_production,2589.659111552536,0.002589659111552536,258965.91115525362,106.42563793446689,-0.1604460649533337
replica,888,all_production,3028.2320097795728,0.0030282320097795726,302823.2009779573,106.70380829461789,0.11772429519766092
replica,889,all_production,2849.725112560196,0.002849725112560196,284972.5112560196,106.64268886327916,0.05660486385893648
replica,890,all_production,3055.4670619198223,0.003055467061919822,305546.7061919822,106.6879936267671,0.10190962734687048
replica,891,all_production,2865.485274715653,0.0028654852747156527,286548.5274715653,106.69635980762743,0.11027580820720573
replica,892,all_production,2971.073269515804,0.002971073269515804,297107.3269515804,106.54697537769538,-0.03910862172484997
replica,893,all_production,3065.6781385174863,0.003065678138517486,306567.81385174865,106.55425628682268,-0.03182771259754702
replica,894,all_production,2986.008452246657,0.002986008452246657,298600.84522466565,106.51394076557484,-0.0721432338453809
replica,895,all_production,2729.5150164602924,0.0027295150164602924,272951.50164602924,106.63771425483036,0.051630255410131554
replica,896,all_production,2841.195807723483,0.002841195807723483,284119.58077234833,106.73143364333092,0.14534964391069138
replica,897,all_production,2984.5499755090004,0.0029845499755090004,298454.99755090004,106.22820144704266,-0.3578825523775606
replica,898,all_production,2853.254489793363,0.002853254489793363,285325.4489793363,106.85491311224716,0.26882911282693556
replica,899,all_production,2908.366442432464,0.002908366442432464,290836.64424324635,106.3785189890639,-0.20756501035631914
replica,900,all_production,2822.761996967778,0.002822761996967778,282276.1996967778,106.50111579204321,-0.08496820737701682
replica,901,all_production,2684.8578628571267,0.0026848578628571266,268485.7862857127,106.67097091576319,0.08488691634296686
replica,902,all_production,2900.1645192234755,0.0029001645192234756,290016.45192234754,106.65581581700938,0.06973181758915814
replica,903,all_production,3196.6135872939212,0.003196613587293921,319661.3587293921,106.53550757826902,-0.050576421151205864
replica,904,all_production,2830.8820974629916,0.0028308820974629915,283088.20974629914,106.52458457346232,-0.06149942595790492
replica,905,all_production,2804.8935670783494,0.0028048935670783493,280489.35670783493,106.77212051492742,0.18603651550719746
replica,906,all_production,3002.8957354227587,0.0030028957354227585,300289.5735422759,106.47777402085582,-0.1083099785644066
replica,907,all_production,2776.829295691573,0.002776829295691573,277682.9295691573,106.63996905910264,0.05388505968241475
replica,908,all_production,2955.6983928492873,0.0029556983928492875,295569.83928492875,106.75736282294886,0.1712788235286382
replica,909,all_production,2934.15874162018,0.0029341587416201803,293415.874162018,106.39413386510188,-0.19195013431834695
replica,910,all_production,2642.0622414910385,0.0026420622414910387,264206.22414910386,106.30889215429684,-0.277191845123383
replica,911,all_production,2985.941877498813,0.002985941877498813,298594.1877498813,106.84480709522694,0.25872309580671526
replica,912,all_production,3264.3555882864157,0.0032643555882864157,326435.55882864154,106.55441348048697,-0.03167051893325379
replica,913,all_production,3059.854597457045,0.003059854597457045,305985.4597457045,106.71181480906827,0.12573080964804717
replica,914,all_production,2746.4243608439056,0.0027464243608439055,274642.43608439056,106.62729817655425,0.04121417713402309
replica,915,all_production,2710.2689819240677,0.0027102689819240677,271026.89819240675,106.56948358385232,-0.01660041556790759
replica,916,all_production,2757.151492513128,0.0027571514925131277,275715.1492513128,106.53589188755781,-0.050192111862415345
replica,917,all_production,3037.6609559269823,0.0030376609559269823,303766.0955926982,106.6953757697056,0.10929177028538106
replica,918,all_production,2778.095517800051,0.002778095517800051,277809.5517800051,106.37313890038632,-0.21294509903390235
replica,919,all_production,3016.7498617627034,0.0030167498617627033,301674.98617627035,106.79031471535541,0.20423071593518216
replica,920,all_production,3067.168974488707,0.003067168974488707,306716.8974488707,106.2763337144389,-0.3097502849813196
replica,921,all_production,3073.9571439204847,0.0030739571439204845,307395.7143920485,106.49886792729002,-0.08721607213020377
replica,922,all_production,3337.659929655078,0.003337659929655078,333765.9929655078,106.5740232722734,-0.012060727146831596
replica,923,all_production,2975.9396345651653,0.002975939634565165,297593.9634565165,106.46211963733754,-0.12396436208268824
replica,924,all_production,2923.7395459543422,0.0029237395459543424,292373.95459543425,106.76695422630337,0.18087022688314391
replica,925,all_production,2981.886183303607,0.002981886183303607,298188.6183303607,106.62508223237037,0.03899823295014926
replica,926,all_production,2741.222646410258,0.0027412226464102584,274122.2646410258,106.61089382634441,0.024809826924183653
replica,927,all_production,2767.8097825850928,0.0027678097825850926,276780.97825850925,106.71982133426641,0.1337373348461881
replica,928,all_production,2780.3738629405607,0.0027803738629405606,278037.3862940561,106.54414675291959,-0.04193724650063757
replica,929,all_production,3226.7975180964295,0.0032267975180964295,322679.75180964294,106.60342523665241,0.017341237232187723
replica,930,all_production,2825.3148857529195,0.0028253148857529196,282531.48857529194,106.76622747008831,0.18014347066808511
replica,931,all_production,2821.1082468044515,0.0028211082468044516,282110.82468044513,106.60793527709558,0.021851277675352776
replica,932,all_production,2841.2866826256777,0.0028412866826256775,284128.6682625678,106.50779725747488,-0.07828674194534813
replica,933,all_production,3219.8519356376005,0.0032198519356376005,321985.19356376,106.66081705509556,0.07473305567533828
replica,934,all_production,3068.911788658591,0.003068911788658591,306891.1788658591,106.31923172134896,-0.2668522780712692
replica,935,all_production,2944.2050436995232,0.0029442050436995233,294420.5043699523,106.70053582437411,0.11445182495388906
replica,936,all_production,2885.4558661914252,0.0028854558661914253,288545.5866191425,106.12853827303066,-0.4575457263895686
replica,937,all_production,3040.380588881593,0.0030403805888815933,304038.05888815934,106.55069070383692,-0.03539329558330451
replica,938,all_production,3209.198804695599,0.003209198804695599,320919.88046955987,106.65998995553542,0.07390595611519757
replica,939,all_production,2806.812003972035,0.002806812003972035,280681.2003972035,106.726537922511,0.14045392309077442
replica,940,all_production,2869.636099790101,0.002869636099790101,286963.6099790101,106.70989437442083,0.12381037500060188
replica,941,all_production,2809.891373372792,0.002809891373372792,280989.13733727916,106.98256436787938,0.3964803684591516
replica,942,all_production,2942.2361709160973,0.0029422361709160972,294223.61709160975,106.51293325840146,-0.07315074101876462
replica,943,all_production,2731.6915337857827,0.0027316915337857826,273169.15337857825,106.44354027029259,-0.14254372912763813
replica,944,all_production,2981.7005699860174,0.0029817005699860175,298170.0569986017,106.90623162506085,0.3201476256406295
replica,945,all_production,2848.127631597983,0.002848127631597983,284812.7631597983,106.5004863107642,-0.0855976886560228
replica,946,all_production,2776.5972670970386,0.0027765972670970385,277659.72670970386,106.96526479576842,0.37918079634819435
replica,947,all_production,2955.8324104422527,0.0029558324104422525,295583.2410442253,106.74114816354813,0.15506416412790713
replica,948,all_production,2793.3987854344905,0.0027933987854344903,279339.87854344904,106.50300313504246,-0.08308086437776296
replica,949,all_production,2654.8208835619125,0.0026548208835619124,265482.08835619123,106.41394690024096,-0.17213709917926678
replica,950,all_production,2854.3503104785486,0.0028543503104785485,285435.03104785486,106.5323987275952,-0.05368527182503158
replica,951,all_production,3274.702299977397,0.003274702299977397,327470.2299977397,106.26012846905375,-0.3259555303664712
replica,952,all_production,2708.6119193292975,0.0027086119193292977,270861.19193292974,106.57968247457947,-0.006401524840754291
replica,953,all_production,2764.364989031201,0.0027643649890312007,276436.49890312005,106.38686970629563,-0.19921429312459793
replica,954,all_production,2822.023278772969,0.002822023278772969,282202.3278772969,106.69143953833716,0.10535553891693894
replica,955,all_production,2745.379626618378,0.002745379626618378,274537.9626618378,106.56138950416367,-0.024694495256554205
replica,956,all_production,3032.042431334078,0.0030320424313340782,303204.2431334078,106.64939087429416,0.0633068748739305
replica,957,all_production,2865.2654739835057,0.0028652654739835057,286526.54739835055,106.89060058954432,0.30451659012409493
replica,958,all_production,2878.259748607693,0.002878259748607693,287825.9748607693,106.43517094897915,-0.15091305044107628
replica,959,all_production,2693.1635012704064,0.0026931635012704064,269316.35012704064,106.43529245075142,-0.15079154866880629
replica,960,all_production,3331.400628541058,0.0033314006285410577,333140.0628541058,106.34650768442968,-0.23957631499054344
replica,961,all_production,3487.870501014979,0.0034878705010149788,348787.05010149785,106.93705834755454,0.35097434813431505
replica,962,all_production,3060.5247751429506,0.0030605247751429505,306052.4775142951,106.7947682245968,0.20868422517656882
replica,963,all_production,3157.9171018674238,0.003157917101867424,315791.71018674236,106.43563598769813,-0.15044801172209077
replica,964,all_production,3125.6085114717885,0.0031256085114717883,312560.85114717885,106.75430800227998,0.16822400285975903
replica,965,all_production,3017.21335245155,0.0030172133524515496,301721.335245155,106.81886162692453,0.23277762750430497
replica,966,all_production,2888.1610291706193,0.0028881610291706192,288816.10291706194,106.48806969620178,-0.09801430321844862
replica,967,all_production,3051.2050884725013,0.0030512050884725014,305120.50884725014,106.47574639008212,-0.110337609338103
replica,968,all_production,3030.2523388556556,0.0030302523388556555,303025.23388556554,106.4541788950342,-0.13190510438602132
replica,969,all_production,2895.4418083378446,0.0028954418083378445,289544.18083378446,106.67498559816752,0.08890159874729875
replica,970,all_production,2973.9505513688537,0.0029739505513688537,297395.0551368854,106.60923253393209,0.023148534511861385
replica,971,all_production,2849.186368326396,0.002849186368326396,284918.6368326396,106.7573430800084,0.17125908058817174
replica,972,all_production,3137.8464417035566,0.0031378464417035567,313784.64417035563,106.66901627600046,0.08293227658023739
replica,973,all_production,2838.1542546594374,0.0028381542546594375,283815.42546594376,106.57149287784088,-0.01459112157934328
replica,974,all_production,2618.456519397204,0.002618456519397204,261845.65193972038,106.70975607019346,0.12367207077323883
replica,975,all_production,2972.115551415506,0.002972115551415506,297211.5551415506,106.59713684738097,0.011052847960741019
replica,976,all_production,2844.698376136379,0.002844698376136379,284469.8376136379,106.45811801893582,-0.12796598048440444
replica,977,all_production,2884.5475703380184,0.0028845475703380185,288454.7570338018,106.61113192428417,0.025047924863940807
replica,978,all_production,3030.0310871151623,0.003030031087115162,303003.10871151625,106.7553832417914,0.16929924237118144
replica,979,all_production,3141.1972070981546,0.0031411972070981547,314119.72070981545,106.54874086153687,-0.037343137883354416
replica,980,all_production,2969.7598881479457,0.0029697598881479456,296975.9888147946,106.70902826003575,0.12294426061552599
replica,981,all_production,3190.468302947732,0.0031904683029477317,319046.83029477316,106.48998621630632,-0.09609778311390471
replica,982,all_production,2606.499833624751,0.002606499833624751,260649.9833624751,106.66503421987602,0.0789502204557948
replica,983,all_production,3011.44118043256,0.00301144118043256,301144.118043256,106.50119693221198,-0.08488706720824268
replica,984,all_production,2989.4924083066276,0.0029894924083066275,298949.2408306628,106.76382336675539,0.17773936733516393
replica,985,all_production,3073.742648481766,0.003073742648481766,307374.2648481766,106.36618559397144,-0.21989840544878803
replica,986,all_production,2665.0593254713767,0.002665059325471377,266505.93254713767,106.63644193458718,0.05035793516695719
replica,987,all_production,3045.6295066122298,0.00304562950661223,304562.950661223,106.6604778154364,0.07439381601616901
replica,988,all_production,2911.8575816844277,0.0029118575816844275,291185.75816844276,107.05884877439769,0.4727647749774633
replica,989,all_production,3025.9156154707157,0.0030259156154707157,302591.56154707156,106.39631267761709,-0.1897713218031356
replica,990,all_production,2852.2968303168955,0.0028522968303168954,285229.68303168955,106.71510680001646,0.12902280059623195
replica,991,all_production,3034.597342080769,0.003034597342080769,303459.7342080769,106.39686895486422,-0.18921504455600768
replica,992,all_production,2875.8446268780513,0.0028758446268780514,287584.4626878051,106.69047581869071,0.10439181927048935
replica,993,all_production,2955.5933063323537,0.002955593306332354,295559.33063323534,106.64606063085562,0.059976631435390004
replica,994,all_production,2750.0824306858194,0.0027500824306858195,275008.2430685819,106.87066867885848,0.28458467943825383
replica,995,all_production,3073.14346377817,0.00307314346377817,307314.346377817,106.38377652174013,-0.20230747768009394
replica,996,all_production,2777.846781123147,0.002777846781123147,277784.6781123147,106.5364671788421,-0.04961682057812311
replica,997,all_production,2798.824742506537,0.002798824742506537,279882.4742506537,106.50194710624596,-0.08413689317426076
replica,998,all_production,3100.510524800581,0.0031005105248005814,310051.0524800581,106.68764780072388,0.10156380130365505
replica,999,all_production,2846.0323158570027,0.0028460323158570025,284603.23158570024,106.34602546387492,-0.24005853554530177
nominal,,all_inroom,1331.440060365258,0.001331440060365258,133144.0060365258,106.68493183527009,0.0
replica,0,all_inroom,1222.7150767620528,0.0012227150767620527,122271.50767620528,107.07495788914609,0.3900260538759994
replica,1,all_inroom,1394.4332387005616,0.0013944332387005615,139443.32387005616,106.91296796630667,0.22803613103657483
replica,2,all_inroom,1422.271458843115,0.0014222714588431149,142227.1458843115,106.45193951727167,-0.23299231799842346
replica,3,all_inroom,1249.5671767480912,0.0012495671767480912,124956.71767480912,106.75371899905637,0.06878716378628269
replica,4,all_inroom,1433.7106971259009,0.0014337106971259008,143371.06971259008,106.85782038586514,0.17288855059504726
replica,5,all_inroom,1298.3989955008851,0.0012983989955008852,129839.8995500885,106.78430710406124,0.09937526879114955
replica,6,all_inroom,1505.8957422065885,0.0015058957422065884,150589.57422065883,106.96812485563171,0.2831930203616224
replica,7,all_inroom,1408.9117749329318,0.001408911774932932,140891.1774932932,106.66053165764917,-0.02440017762091884
replica,8,all_inroom,1469.5855874864503,0.0014695855874864504,146958.55874864504,106.47074059464272,-0.21419124062737183
replica,9,all_inroom,1312.690015919629,0.0013126900159196292,131269.0015919629,107.22482508273887,0.5398932474687825
replica,10,all_inroom,1305.961179024228,0.001305961179024228,130596.11790242279,106.73467105059956,0.0497392153294669
replica,11,all_inroom,1267.5238678492224,0.0012675238678492224,126752.38678492223,106.36818419575862,-0.3167476395114761
replica,12,all_inroom,1503.8816298003965,0.0015038816298003964,150388.16298003963,106.91480356780164,0.22987173253154936
replica,13,all_inroom,1290.812111110035,0.001290812111110035,129081.21111100349,106.56078301887109,-0.12414881639899988
replica,14,all_inroom,1410.3225796379716,0.0014103225796379716,141032.25796379716,106.68420830259188,-0.0007235326782080165
replica,15,all_inroom,1334.5436706804555,0.0013345436706804555,133454.36706804554,106.74495776035182,0.06002592508173166
replica,16,all_inroom,1301.6075858631752,0.0013016075858631752,130160.75858631752,106.85878723136516,0.17385539609506395
replica,17,all_inroom,1360.1904380445303,0.0013601904380445304,136019.04380445302,106.74326789503942,0.05833605976933143
replica,18,all_inroom,1390.3398183559898,0.0013903398183559897,139033.98183559897,106.6376881466661,-0.047243688603998635
replica,19,all_inroom,1349.4030904726228,0.0013494030904726228,134940.30904726227,106.42126089336129,-0.26367094190879925
replica,20,all_inroom,1357.1726223236956,0.0013571726223236956,135717.26223236957,106.92752182761838,0.24258999234828593
replica,21,all_inroom,1253.7182248792294,0.0012537182248792294,125371.82248792294,106.79088663928246,0.10595480401237012
replica,22,all_inroom,1400.4730935824514,0.0014004730935824514,140047.30935824514,106.8774507267075,0.19251889143740186
replica,23,all_inroom,1435.9428775053962,0.0014359428775053962,143594.2877505396,106.67778526509458,-0.00714657017550735
replica,24,all_inroom,1276.5667116942986,0.0012765667116942986,127656.67116942986,106.83986957237713,0.1549377371070335
replica,25,all_inroom,1176.3197200131563,0.0011763197200131562,117631.97200131562,106.64457189706634,-0.040359938203749834
replica,26,all_inroom,1307.3239293297079,0.0013073239293297078,130732.39293297079,106.64235487107449,-0.04257696419560375
replica,27,all_inroom,1395.0780516449283,0.0013950780516449283,139507.80516449283,106.67985749191845,-0.005074343351637367
replica,28,all_inroom,1266.8189733062936,0.0012668189733062937,126681.89733062936,106.70455912689972,0.019627291629632282
replica,29,all_inroom,1310.5159063864812,0.0013105159063864812,131051.59063864812,106.66930600990025,-0.015625825369838253
replica,30,all_inroom,1356.3218411088415,0.0013563218411088414,135632.18411088415,106.97613133273279,0.29119949746269924
replica,31,all_inroom,1287.8230289062935,0.0012878230289062936,128782.30289062935,106.86230239009858,0.17737055482848518
replica,32,all_inroom,1389.098429372716,0.001389098429372716,138909.8429372716,106.59106403124834,-0.09386780402175532
replica,33,all_inroom,1344.5360737374745,0.0013445360737374744,134453.60737374745,106.63033777987881,-0.05459405539127715
replica,34,all_inroom,1308.81669711724,0.00130881669711724,130881.669711724,106.75084033945015,0.065908504180058
replica,35,all_inroom,1335.007526847022,0.001335007526847022,133500.7526847022,107.02556403861922,0.3406322033491307
replica,36,all_inroom,1429.664495787416,0.0014296644957874159,142966.4495787416,106.56471115228655,-0.12022068298354327
replica,37,all_inroom,1365.1598638235118,0.0013651598638235118,136515.98638235117,106.47982198587277,-0.20510984939731713
replica,38,all_inroom,1465.5618793047438,0.0014655618793047438,146556.18793047438,106.88627609339815,0.20134425812806
replica,39,all_inroom,1318.101648244989,0.001318101648244989,131810.1648244989,106.84863844673681,0.16370661146672205
replica,40,all_inroom,1292.7478516353458,0.0012927478516353457,129274.78516353457,106.80279179722397,0.11785996195388293
replica,41,all_inroom,1304.5089941989818,0.0013045089941989818,130450.89941989818,106.4054279169522,-0.2795039183178858
replica,42,all_inroom,1359.063373915441,0.001359063373915441,135906.3373915441,106.85444343815492,0.1695116028848247
replica,43,all_inroom,1278.7965816962828,0.0012787965816962827,127879.65816962828,106.83451095301315,0.149579117743059
replica,44,all_inroom,1464.1726615690773,0.0014641726615690772,146417.26615690772,106.74953424307974,0.06460240780964455
replica,45,all_inroom,1239.3154035591476,0.0012393154035591476,123931.54035591477,106.93906575443563,0.2541339191655396
replica,46,all_inroom,1518.9362110717427,0.0015189362110717428,151893.62110717426,106.19662175823964,-0.48831007703044804
replica,47,all_inroom,1316.7930929341853,0.0013167930929341852,131679.30929341854,106.67508608583672,-0.009845749433367246
replica,48,all_inroom,1256.6918524843552,0.0012566918524843551,125669.18524843552,106.86342198567164,0.1784901504015437
replica,49,all_inroom,1249.3440217263928,0.001249344021726393,124934.40217263928,106.7079017782991,0.02296994302901112
replica,50,all_inroom,1344.7883524146669,0.0013447883524146669,134478.83524146667,106.63145053547207,-0.05348129979802252
replica,51,all_inroom,1398.8286325711038,0.0013988286325711038,139882.86325711038,106.8346480401216,0.14971620485151504
replica,52,all_inroom,1158.7380770896343,0.0011587380770896342,115873.80770896343,106.51469235180677,-0.17023948346331963
replica,53,all_inroom,1181.8883386589896,0.0011818883386589896,118188.83386589895,106.55534203375625,-0.1295898015138448
replica,54,all_inroom,1500.4657172416591,0.0015004657172416592,150046.5717241659,106.67634285624895,-0.008588979021141085
replica,55,all_inroom,1226.1599014071849,0.001226159901407185,122615.99014071848,106.69600246577214,0.011070630502047152
replica,56,all_inroom,1421.7141469367916,0.0014217141469367916,142171.41469367917,106.70929144335906,0.02435960808897164
replica,57,all_inroom,1445.1473453286053,0.0014451473453286053,144514.73453286052,106.38228948627886,-0.30264234899122755
replica,58,all_inroom,1355.311557940558,0.001355311557940558,135531.1557940558,106.87095936630601,0.18602753103591851
replica,59,all_inroom,1328.2772938256626,0.0013282772938256627,132827.72938256626,106.77183789573604,0.08690606046594951
replica,60,all_inroom,1311.1243599170728,0.0013111243599170728,131112.43599170726,106.52982452844701,-0.1551073068230835
replica,61,all_inroom,1347.3515314895103,0.0013473515314895103,134735.15314895104,106.63031897167221,-0.054612863597881756
replica,62,all_inroom,1284.30802996571,0.0012843080299657099,128430.80299657099,106.71668424771505,0.03175241244495908
replica,63,all_inroom,1307.9647040478876,0.0013079647040478877,130796.47040478876,106.80914077851708,0.12420894324698395
replica,64,all_inroom,1313.15293220783,0.00131315293220783,131315.293220783,106.95532123847369,0.2703894032035947
replica,65,all_inroom,1431.8003864917569,0.0014318003864917568,143180.0386491757,106.72779145083122,0.042859615561127384
replica,66,all_inroom,1408.811395517019,0.0014088113955170191,140881.1395517019,106.64370162640348,-0.04123020886660811
replica,67,all_inroom,1326.2030263938327,0.0013262030263938326,132620.30263938327,106.95246484739745,0.2675330121273589
replica,68,all_inroom,1496.2522836827516,0.0014962522836827516,149625.22836827516,106.72591342078292,0.04098158551282438
replica,69,all_inroom,1417.8271970723786,0.0014178271970723786,141782.71970723785,106.37987432683093,-0.30505750843916246
replica,70,all_inroom,1288.9921638949986,0.0012889921638949986,128899.21638949985,106.0542274154191,-0.6307044198509857
replica,71,all_inroom,1358.6202412602947,0.0013586202412602948,135862.02412602946,106.40075687371045,-0.2841749615596427
replica,72,all_inroom,1326.2963611229868,0.0013262963611229868,132629.63611229867,106.70130228195342,0.016370446683325213
replica,73,all_inroom,1472.5663440711749,0.0014725663440711748,147256.63440711747,106.71356982982266,0.028637994552568102
replica,74,all_inroom,1358.8457725724918,0.001358845772572492,135884.57725724918,106.74232316790446,0.05739133263436713
replica,75,all_inroom,1408.3846920422716,0.0014083846920422715,140838.46920422715,106.84809375005052,0.16316191478043152
replica,76,all_inroom,1372.8679601452232,0.0013728679601452231,137286.79601452232,107.04481908167372,0.35988724640363046
replica,77,all_inroom,1291.9640565836169,0.001291964056583617,129196.40565836169,106.71794100046817,0.033009165198080836
replica,78,all_inroom,1381.241743784617,0.001381241743784617,138124.1743784617,106.73890012633194,0.05396829106184953
replica,79,all_inroom,1314.710444780913,0.0013147104447809128,131471.0444780913,106.72995713215228,0.04502529688218715
replica,80,all_inroom,1499.3529840714834,0.0014993529840714834,149935.29840714834,106.6821136140264,-0.0028182212436860254
replica,81,all_inroom,1116.9811956708684,0.0011169811956708684,111698.11956708683,107.04101753807517,0.3560857028050748
replica,82,all_inroom,1422.2570856815,0.0014222570856815,142225.70856815,106.86820103463444,0.1832691993643465
replica,83,all_inroom,1365.2737466337514,0.0013652737466337515,136527.37466337514,107.18842380495619,0.5034919696860953
replica,84,all_inroom,1308.3729205205102,0.0013083729205205102,130837.29205205102,106.7924421135218,0.10751027825170922
replica,85,all_inroom,1248.146036450188,0.001248146036450188,124814.6036450188,106.87301714248412,0.18808530721402406
replica,86,all_inroom,1456.3594161996084,0.0014563594161996084,145635.94161996082,107.02891230042374,0.3439804651536491
replica,87,all_inroom,1423.2334974531166,0.0014232334974531166,142323.34974531166,106.74439105230677,0.05945921703667523
replica,88,all_inroom,1292.5478336856672,0.0012925478336856672,129254.78336856671,106.63625205820536,-0.04867977706473425
replica,89,all_inroom,1277.1933623276013,0.0012771933623276013,127719.33623276014,106.6056879041943,-0.0792439310757942
replica,90,all_inroom,1508.5921787129712,0.0015085921787129713,150859.21787129712,106.66318033050335,-0.02175150476674048
replica,91,all_inroom,1246.69752344059,0.0012466975234405899,124669.752344059,106.64911011938499,-0.03582171588510619
replica,92,all_inroom,1364.6286644688998,0.0013646286644689,136462.86644689,106.83192446525585,0.14699262998576046
replica,93,all_inroom,1423.3622607755217,0.0014233622607755217,142336.22607755216,106.76173093484408,0.07679909957398934
replica,94,all_inroom,1416.6316875616012,0.0014166316875616012,141663.16875616013,106.51867719438624,-0.16625464088384945
replica,95,all_inroom,1421.8891994465703,0.0014218891994465703,142188.919944657,106.82103773378277,0.13610589851268173
replica,96,all_inroom,1243.5397437440024,0.0012435397437440025,124353.97437440023,106.54037900005143,-0.14455283521866136
replica,97,all_inroom,1528.231827054992,0.0015282318270549919,152823.1827054992,106.8458754489534,0.16094361368330112
replica,98,all_inroom,1325.794192617423,0.001325794192617423,132579.4192617423,106.50975657778191,-0.17517525748817775
replica,99,all_inroom,1388.1352650104081,0.0013881352650104081,138813.52650104082,106.97755154809273,0.292619712822642
replica,100,all_inroom,1426.8843248796243,0.0014268843248796243,142688.43248796242,106.52361695073533,-0.16131488453476095
replica,101,all_inroom,1434.7908618401216,0.0014347908618401216,143479.08618401215,106.75915768950203,0.0742258542319405
replica,102,all_inroom,1322.619667094522,0.001322619667094522,132261.9667094522,106.64029687756863,-0.04463495770146153
replica,103,all_inroom,1313.18060647563,0.0013131806064756299,131318.060647563,106.67845761201264,-0.006474223257455947
replica,104,all_inroom,1287.8153574814241,0.0012878153574814241,128781.53574814241,106.5608129645237,-0.12411887074638628
replica,105,all_inroom,1568.6623051478705,0.0015686623051478705,156866.23051478705,106.898688071897,0.21375623662690657
replica,106,all_inroom,1352.3395683634585,0.0013523395683634584,135233.95683634584,106.90879876086991,0.2238669255998218
replica,107,all_inroom,1234.5604500262739,0.0012345604500262738,123456.04500262739,106.72226165216031,0.03732981689022097
replica,108,all_inroom,1361.930178306015,0.001361930178306015,136193.0178306015,106.4750334560282,-0.20989837924189203
replica,109,all_inroom,1404.6854623466202,0.0014046854623466201,140468.546234662,107.16938535087738,0.4844535156072851
replica,110,all_inroom,1390.1070732438761,0.001390107073243876,139010.70732438762,106.87471683192192,0.1897849966518237
replica,111,all_inroom,1322.3950042431425,0.0013223950042431424,132239.50042431423,106.86906748122502,0.1841356459549246
replica,112,all_inroom,1390.536622143486,0.001390536622143486,139053.66221434862,106.82911162131458,0.14417978604448933
replica,113,all_inroom,1320.7431587206568,0.0013207431587206567,132074.31587206566,106.44307009818557,-0.24186173708451975
replica,114,all_inroom,1391.3625092651303,0.0013913625092651302,139136.25092651302,106.43689787095364,-0.24803396431644842
replica,115,all_inroom,1467.3082199555258,0.0014673082199555259,146730.82199555257,106.70290303827878,0.01797120300868471
replica,116,all_inroom,1234.5462998135677,0.0012345462998135676,123454.62998135676,106.66203025884064,-0.022901576429447346
replica,117,all_inroom,1390.0124789911774,0.0013900124789911774,139001.24789911773,106.79011035492877,0.10517851965867919
replica,118,all_inroom,1317.4650486263563,0.0013174650486263563,131746.50486263563,106.7729312580841,0.08799942281400774
replica,119,all_inroom,1455.8479781636747,0.0014558479781636748,145584.79781636747,106.91358660429596,0.2286547690258658
replica,120,all_inroom,1322.2684230619154,0.0013222684230619155,132226.84230619154,106.60297657211473,-0.08195526315536483
replica,121,all_inroom,1278.4459223391461,0.001278445922339146,127844.5922339146,106.6160036722252,-0.06892816304488747
replica,122,all_inroom,1308.910549452711,0.001308910549452711,130891.0549452711,106.92240500786939,0.23747317259929446
replica,123,all_inroom,1311.8593928402029,0.001311859392840203,131185.93928402028,107.10082157822343,0.4158897429533397
replica,124,all_inroom,1274.564690194256,0.0012745646901942559,127456.4690194256,106.43678848738186,-0.2481433478882309
replica,125,all_inroom,1308.6041321171954,0.0013086041321171953,130860.41321171954,106.6704504632716,-0.014481371998485315
replica,126,all_inroom,1364.776101068098,0.001364776101068098,136477.6101068098,106.58006616951269,-0.10486566575740142
replica,127,all_inroom,1386.4126781778687,0.0013864126781778687,138641.26781778687,106.98510593421751,0.30017409894742286
replica,128,all_inroom,1326.4765325018552,0.0013264765325018552,132647.6532501855,106.49082669760172,-0.19410513766837312
replica,129,all_inroom,1342.1923545644368,0.0013421923545644367,134219.23545644368,106.32262462769008,-0.36230720758001667
replica,130,all_inroom,1310.365150547575,0.001310365150547575,131036.5150547575,106.87318542151525,0.18825358624515331
replica,131,all_inroom,1397.226735244436,0.001397226735244436,139722.67352444358,106.93909864315236,0.254166807882271
replica,132,all_inroom,1462.3806090098615,0.0014623806090098615,146238.06090098614,106.87533426381825,0.19040242854815403
replica,133,all_inroom,1395.1342291666315,0.0013951342291666315,139513.42291666314,106.6782292492674,-0.006702586002688804
replica,134,all_inroom,1295.302464819025,0.0012953024648190252,129530.2464819025,106.73342625219878,0.0484944169286905
replica,135,all_inroom,1371.138428990723,0.001371138428990723,137113.8428990723,107.10513298116385,0.42020114589375623
replica,136,all_inroom,1370.064822100797,0.001370064822100797,137006.4822100797,106.87396984977362,0.18903801450352375
replica,137,all_inroom,1319.2289133970146,0.0013192289133970147,131922.89133970145,106.83616209543342,0.15123026016333085
replica,138,all_inroom,1331.4188732212892,0.0013314188732212891,133141.88732212893,106.81591243674146,0.13098060147136437
replica,139,all_inroom,1331.1269035743494,0.0013311269035743494,133112.69035743494,106.68313089786393,-0.0018009374061591643
replica,140,all_inroom,1356.907617782015,0.001356907617782015,135690.7617782015,106.92436033992696,0.23942850465687116
replica,141,all_inroom,1436.3345021421462,0.0014363345021421463,143633.45021421462,106.95385274451752,0.2689209092474272
replica,142,all_inroom,1210.325127119745,0.001210325127119745,121032.5127119745,107.1293806289969,0.44444879372680646
replica,143,all_inroom,1343.3905780955552,0.0013433905780955552,134339.05780955552,106.62008700207487,-0.06484483319522383
replica,144,all_inroom,1357.9092530643427,0.0013579092530643427,135790.92530643428,106.6631956391348,-0.02173619613529354
replica,145,all_inroom,1324.8997960238542,0.001324899796023854,132489.9796023854,106.29696312290099,-0.38796871236910135
replica,146,all_inroom,1247.096038176261,0.0012470960381762608,124709.60381762609,106.84721814511687,0.1622863098467775
replica,147,all_inroom,1424.870069533203,0.001424870069533203,142487.0069533203,106.4328096051529,-0.2521222301171946
replica,148,all_inroom,1434.0236985330714,0.0014340236985330714,143402.36985330714,106.57998113416865,-0.10495070110144411
replica,149,all_inroom,1284.2644529331874,0.0012842644529331873,128426.44529331874,106.78309421579108,0.09816238052098925
replica,150,all_inroom,1258.0249097373148,0.0012580249097373147,125802.49097373147,106.68583960159152,0.0009077663214327458
replica,151,all_inroom,1270.7743851886962,0.0012707743851886962,127077.43851886962,106.79242548299001,0.1074936477199202
replica,152,all_inroom,1362.2135576440069,0.0013622135576440068,136221.35576440068,106.72896120649527,0.04402937122517869
replica,153,all_inroom,1349.7657310526793,0.0013497657310526793,134976.57310526792,106.73035886555243,0.0454270302823403
replica,154,all_inroom,1426.7698122478196,0.0014267698122478196,142676.98122478195,106.96236534564235,0.27743351037226205
replica,155,all_inroom,1396.7374675949054,0.0013967374675949054,139673.74675949055,106.42590615430464,-0.25902568096545053
replica,156,all_inroom,1228.88905806384,0.00122888905806384,122888.90580638399,106.53189001026334,-0.15304182500675267
replica,157,all_inroom,1329.264395464974,0.001329264395464974,132926.4395464974,106.61194203490409,-0.07298980036600256
replica,158,all_inroom,1407.658374568602,0.001407658374568602,140765.8374568602,106.5134070393583,-0.17152479591179315
replica,159,all_inroom,1470.2067834165919,0.001470206783416592,147020.6783416592,106.6660034178443,-0.01892841742579776
replica,160,all_inroom,1390.162010583666,0.001390162010583666,139016.2010583666,106.82345473874096,0.13852290347087148
replica,161,all_inroom,1376.1524958925843,0.0013761524958925842,137615.24958925843,106.90716801747094,0.22223618220084518
replica,162,all_inroom,1473.8279124518704,0.0014738279124518704,147382.79124518702,106.87242210823385,0.18749027296375687
replica,163,all_inroom,1391.821979623915,0.001391821979623915,139182.1979623915,106.68932825582873,0.004396420558634873
replica,164,all_inroom,1301.7607641496202,0.0013017607641496202,130176.07641496201,106.57427999908037,-0.1106518361897173
replica,165,all_inroom,1387.158903144589,0.001387158903144589,138715.8903144589,106.76321412742092,0.07828229215083127
replica,166,all_inroom,1257.545383695101,0.001257545383695101,125754.5383695101,106.65358596105435,-0.031345874215745084
replica,167,all_inroom,1322.2600421466668,0.0013222600421466668,132226.00421466667,106.40157948810597,-0.2833523471641257
replica,168,all_inroom,1312.4574964173505,0.0013124574964173505,131245.74964173505,106.69779164015385,0.012859804883760262
replica,169,all_inroom,1395.3953811843048,0.0013953953811843048,139539.53811843047,106.23794289995553,-0.44698893531456463
replica,170,all_inroom,1346.1304737284374,0.0013461304737284374,134613.04737284375,106.55134650150843,-0.13358533376165838
replica,171,all_inroom,1238.3934101484724,0.0012383934101484724,123839.34101484723,106.63118092627205,-0.05375090899804036
replica,172,all_inroom,1299.051439384202,0.001299051439384202,129905.1439384202,106.92764787203544,0.24271603676534426
replica,173,all_inroom,1397.7094512487065,0.0013977094512487066,139770.94512487066,106.39342606239735,-0.29150577287273904
replica,174,all_inroom,1289.2192970221995,0.0012892192970221995,128921.92970221995,106.21015016819493,-0.4747816670751632
replica,175,all_inroom,1216.5697640373412,0.0012165697640373412,121656.97640373412,106.94270166288322,0.2577698276131315
replica,176,all_inroom,1299.6583394943764,0.0012996583394943764,129965.83394943764,106.46111362720077,-0.22381820806931785
replica,177,all_inroom,1381.5711175243673,0.0013815711175243672,138157.11175243673,106.93951043827812,0.2545786030080279
replica,178,all_inroom,1400.5932855005071,0.0014005932855005072,140059.3285500507,106.65580135103012,-0.02913048423997111
replica,179,all_inroom,1226.1327268742639,0.001226132726874264,122613.27268742639,107.1338261325598,0.4488942972897121
replica,180,all_inroom,1431.764449425664,0.001431764449425664,143176.4449425664,106.54926479647938,-0.1356670387907144
replica,181,all_inroom,1241.526709373311,0.001241526709373311,124152.67093733109,106.46399596084345,-0.22093587442664386
replica,182,all_inroom,1380.923982875559,0.001380923982875559,138092.3982875559,106.59807872237127,-0.08685311289882236
replica,183,all_inroom,1341.8349086863645,0.0013418349086863645,134183.49086863647,106.71645316543392,0.03152133016382663
replica,184,all_inroom,1363.2893161332292,0.0013632893161332294,136328.93161332293,106.50906516487282,-0.17586667039726933
replica,185,all_inroom,1434.2235050118045,0.0014342235050118044,143422.35050118045,106.8088759986994,0.12394416342931436
replica,186,all_inroom,1416.3936710340113,0.0014163936710340113,141639.36710340113,106.80049685405767,0.11556501878757786
replica,187,all_inroom,1340.8224224438807,0.0013408224224438806,134082.24224438806,107.04035015560139,0.35541832033129594
replica,188,all_inroom,1372.1099169014296,0.0013721099169014296,137210.99169014295,106.84925372488304,0.1643218896129497
replica,189,all_inroom,1283.9620827548583,0.0012839620827548583,128396.20827548583,106.79975897986267,0.11482714459258148
replica,190,all_inroom,1297.551419577566,0.0012975514195775661,129755.14195775661,106.53979413606467,-0.14513769920542074
replica,191,all_inroom,1304.812381161071,0.001304812381161071,130481.2381161071,106.68392439555714,-0.0010074397129500312
replica,192,all_inroom,1347.617852358193,0.0013476178523581929,134761.7852358193,106.42574835595678,-0.25918347931330743
replica,193,all_inroom,1473.4946504923582,0.0014734946504923582,147349.46504923582,107.23671752120318,0.5517856859330834
replica,194,all_inroom,1277.3974588877606,0.0012773974588877607,127739.74588877606,106.5814292075425,-0.10350262772759322
replica,195,all_inroom,1367.057594760116,0.001367057594760116,136705.7594760116,106.54170854938633,-0.14322328588376365
replica,196,all_inroom,1404.0760375256423,0.0014040760375256423,140407.60375256423,106.74204714060016,0.05711530533007192
replica,197,all_inroom,1237.8805516191037,0.0012378805516191037,123788.05516191036,106.59978426731912,-0.085147567950969
replica,198,all_inroom,1395.8326250574264,0.0013958326250574265,139583.26250574263,106.75112732301378,0.06619548774368411
replica,199,all_inroom,1317.4919176766507,0.0013174919176766507,131749.19176766506,106.87444420662793,0.18951237135783572
replica,200,all_inroom,1278.3347399434483,0.0012783347399434482,127833.47399434482,106.92209250656714,0.23716067129704754
replica,201,all_inroom,1376.1060389712075,0.0013761060389712075,137610.60389712075,106.96605085724268,0.28111902197258587
replica,202,all_inroom,1370.4032127504543,0.0013704032127504543,137040.32127504543,106.70550622364408,0.020574388373987063
replica,203,all_inroom,1230.4952290833753,0.0012304952290833754,123049.52290833753,106.50455780481519,-0.18037403045489953
replica,204,all_inroom,1322.0951325757399,0.0013220951325757398,132209.51325757397,106.80905946951755,0.12412763424745776
replica,205,all_inroom,1309.3373559940533,0.0013093373559940533,130933.73559940532,106.71113418079592,0.02620234552583156
replica,206,all_inroom,1356.195862151294,0.001356195862151294,135619.5862151294,106.9495154266228,0.2645835913527037
replica,207,all_inroom,1303.6732955394384,0.0013036732955394384,130367.32955394384,106.54510393072253,-0.139827904547559
replica,208,all_inroom,1459.630381375652,0.001459630381375652,145963.0381375652,106.78016734323829,0.09523550796819791
replica,209,all_inroom,1350.4184932203366,0.0013504184932203367,135041.84932203367,106.86817849572081,0.18324666045072036
replica,210,all_inroom,1364.825580054548,0.001364825580054548,136482.5580054548,106.79876963998929,0.11383780471919636
replica,211,all_inroom,1341.8253701493763,0.0013418253701493763,134182.53701493764,106.97105911615168,0.2861272808815869
replica,212,all_inroom,1287.5480361057726,0.0012875480361057726,128754.80361057725,106.63356696615213,-0.05136486911796112
replica,213,all_inroom,1348.7750441581502,0.0013487750441581502,134877.50441581503,106.56202727039374,-0.12290456487635026
replica,214,all_inroom,1387.7752595275583,0.0013877752595275582,138777.52595275582,106.94852918533667,0.2635973500665756
replica,215,all_inroom,1320.6456681918046,0.0013206456681918047,132064.56681918044,106.4023375487407,-0.28259428652938823
replica,216,all_inroom,1222.2853495782867,0.0012222853495782867,122228.53495782867,106.95759907032559,0.2726672350554935
replica,217,all_inroom,1370.4117169277965,0.0013704117169277966,137041.17169277964,106.6274360695403,-0.0574957657297972
replica,218,all_inroom,1351.6410114953708,0.0013516410114953708,135164.10114953708,106.42418949436411,-0.2607423409059777
replica,219,all_inroom,1317.40897606824,0.00131740897606824,131740.897606824,106.33443919917386,-0.3504926360962344
replica,220,all_inroom,1496.3142865281807,0.0014963142865281806,149631.42865281805,106.89277424855793,0.20784241328783537
replica,221,all_inroom,1282.2821552088126,0.0012822821552088126,128228.21552088126,106.80404730959533,0.11911547432524117
replica,222,all_inroom,1327.256569833562,0.001327256569833562,132725.6569833562,106.53757461857148,-0.1473572166986088
replica,223,all_inroom,1375.3662211946514,0.0013753662211946514,137536.62211946514,106.62642224222098,-0.0585095930491093
replica,224,all_inroom,1303.3132113758656,0.0013033132113758655,130331.32113758656,106.75455962332363,0.06962778805353764
replica,225,all_inroom,1233.6238298345888,0.0012336238298345887,123362.38298345888,106.77090347600137,0.08597164073127317
replica,226,all_inroom,1293.5338912767616,0.0012935338912767615,129353.38912767616,107.13679511957037,0.45186328430027345
replica,227,all_inroom,1338.131371008672,0.001338131371008672,133813.1371008672,106.68185618495222,-0.0030756503178679395
replica,228,all_inroom,1384.598421103899,0.001384598421103899,138459.8421103899,106.44740271020238,-0.2375291250677094
replica,229,all_inroom,1480.6318648515278,0.0014806318648515277,148063.18648515278,106.47270388545735,-0.21222794981274262
replica,230,all_inroom,1203.2558196484624,0.0012032558196484625,120325.58196484623,106.74146153455229,0.0565296992821942
replica,231,all_inroom,1286.3145651177497,0.0012863145651177497,128631.45651177496,106.78860779461608,0.10367595934599194
replica,232,all_inroom,1442.862755564568,0.001442862755564568,144286.2755564568,106.72742684340795,0.042495008137862555
replica,233,all_inroom,1360.3946031396692,0.0013603946031396693,136039.46031396693,106.45173053682532,-0.23320129844476867
replica,234,all_inroom,1379.8723989898344,0.0013798723989898345,137987.23989898345,106.50026369677992,-0.18466813849016717
replica,235,all_inroom,1371.7460044159213,0.0013717460044159213,137174.60044159213,106.5174206483779,-0.1675111868921988
replica,236,all_inroom,1342.596604890903,0.0013425966048909031,134259.6604890903,106.52510482264327,-0.15982701262682042
replica,237,all_inroom,1357.1888774958525,0.0013571888774958525,135718.88774958524,106.97859732197877,0.29366548670867587
replica,238,all_inroom,1259.255330234038,0.001259255330234038,125925.5330234038,106.6789559780106,-0.005975857259485906
replica,239,all_inroom,1427.9201901143751,0.001427920190114375,142792.01901143751,106.8056363393519,0.12070450408181443
replica,240,all_inroom,1342.4359870969288,0.0013424359870969288,134243.5987096929,106.71190680873877,0.026974973468682606
replica,241,all_inroom,1366.7000843358,0.0013667000843358,136670.00843358,106.4673809917964,-0.21755084347368836
replica,242,all_inroom,1345.2855406947933,0.0013452855406947933,134528.55406947932,106.79458831378122,0.10965647851112692
replica,243,all_inroom,1235.3492514974303,0.0012353492514974303,123534.92514974302,106.59734982979522,-0.0875820054748715
replica,244,all_inroom,1284.446034765341,0.001284446034765341,128444.6034765341,106.70439122196733,0.01945938669723546
replica,245,all_inroom,1355.9553218232077,0.0013559553218232077,135595.53218232078,106.9051627703642,0.22023093509410785
replica,246,all_inroom,1382.2071112865278,0.0013822071112865278,138220.7111286528,106.78524849470853,0.10031665943843393
replica,247,all_inroom,1181.8245413982215,0.0011818245413982215,118182.45413982215,106.63307361988397,-0.0518582153861189
replica,248,all_inroom,1294.3289599347572,0.0012943289599347573,129432.89599347571,106.7555888488325,0.0706570135624105
replica,249,all_inroom,1252.765986958805,0.001252765986958805,125276.59869588049,106.75193403047868,0.06700219520858752
replica,250,all_inroom,1263.2110463750885,0.0012632110463750884,126321.10463750885,106.4578741720365,-0.22705766323359455
replica,251,all_inroom,1309.0464064405055,0.0013090464064405055,130904.64064405055,106.10291447623888,-0.5820173590312123
replica,252,all_inroom,1262.9143846077316,0.0012629143846077315,126291.43846077315,106.45850842016137,-0.22642341510872654
replica,253,all_inroom,1225.7896869543629,0.0012257896869543629,122578.96869543628,106.80104503627862,0.11611320100853106
replica,254,all_inroom,1501.4072590001897,0.0015014072590001897,150140.72590001897,106.89159859710384,0.20666676183374477
replica,255,all_inroom,1279.0093097453635,0.0012790093097453635,127900.93097453634,106.49535609055914,-0.1895757447109503
replica,256,all_inroom,1315.10497772511,0.0013151049777251102,131510.497772511,106.69393020845358,0.008998373183487729
replica,257,all_inroom,1279.200454187653,0.0012792004541876529,127920.0454187653,106.71546679795743,0.030534962687340794
replica,258,all_inroom,1382.3439553629096,0.0013823439553629095,138234.39553629095,106.37869722716631,-0.3062346081037788
replica,259,all_inroom,1339.9497216311374,0.0013399497216311374,133994.97216311374,106.62378129748626,-0.06115053778383128
replica,260,all_inroom,1367.2628416782925,0.0013672628416782925,136726.28416782923,106.72961709928602,0.044685264015924986
replica,261,all_inroom,1267.0816223451748,0.0012670816223451747,126708.16223451747,106.4582461955296,-0.22668563974049505
replica,262,all_inroom,1395.4455174409677,0.0013954455174409676,139544.55174409677,106.53947453481301,-0.14545730045708183
replica,263,all_inroom,1506.1930945683519,0.001506193094568352,150619.30945683518,106.74616737345328,0.06123553818318328
replica,264,all_inroom,1366.6141023874288,0.0013666141023874288,136661.4102387429,106.6636668358199,-0.021264999450195887
replica,265,all_inroom,1348.0818737021757,0.0013480818737021756,134808.18737021758,106.52121861382777,-0.1637132214423218
replica,266,all_inroom,1278.2837596291529,0.0012782837596291528,127828.37596291529,106.47322282957859,-0.2117090056915032
replica,267,all_inroom,1340.362569322469,0.001340362569322469,134036.2569322469,106.69180964997904,0.0068778147089432196
replica,268,all_inroom,1351.0153512538113,0.0013510153512538113,135101.53512538114,106.60216240985223,-0.08276942541786525
replica,269,all_inroom,1254.2646791949132,0.0012542646791949131,125426.46791949132,106.45933068464272,-0.2256011506273694
replica,270,all_inroom,1357.6518015913794,0.0013576518015913793,135765.18015913793,106.7662737111254,0.08134187585530128
replica,271,all_inroom,1316.2654392996028,0.0013162654392996028,131626.5439299603,106.39659572039463,-0.28833611487546307
replica,272,all_inroom,1361.8116241529003,0.0013618116241529003,136181.16241529002,106.5030940886516,-0.18183774661849839
replica,273,all_inroom,1368.203110965808,0.001368203110965808,136820.3110965808,106.76357944720854,0.07864761193845027
replica,274,all_inroom,1248.4532853037085,0.0012484532853037085,124845.32853037085,106.74495485056242,0.06002301529233023
replica,275,all_inroom,1489.1604014027168,0.0014891604014027168,148916.04014027168,106.53660464546314,-0.14832718980694892
replica,276,all_inroom,1392.892846124312,0.001392892846124312,139289.2846124312,106.56025333463973,-0.12467850063036678
replica,277,all_inroom,1234.3741408500496,0.0012343741408500496,123437.41408500496,106.77709302002465,0.09216118475455914
replica,278,all_inroom,1265.8185142390746,0.0012658185142390747,126581.85142390746,106.99990427391583,0.3149724386457393
replica,279,all_inroom,1370.16138903565,0.00137016138903565,137016.138903565,106.77450633721878,0.08957450194868954
replica,280,all_inroom,1299.408951588515,0.001299408951588515,129940.8951588515,106.78327524643504,0.09834341116494727
replica,281,all_inroom,1345.1235728226836,0.0013451235728226835,134512.35728226835,106.7724113435849,0.08747950831481432
replica,282,all_inroom,1275.7746816152976,0.0012757746816152975,127577.46816152976,106.74973050925952,0.06479867398942929
replica,283,all_inroom,1352.983572221168,0.0013529835722211681,135298.3572221168,107.06591384852292,0.380982013252833
replica,284,all_inroom,1313.845433369292,0.0013138454333692922,131384.5433369292,106.77661946591583,0.09168763064573682
replica,285,all_inroom,1334.8754957626527,0.0013348754957626526,133487.54957626527,106.76094411426173,0.07601227899164087
replica,286,all_inroom,1346.3067262301545,0.0013463067262301544,134630.67262301545,106.77164068049679,0.08670884522669553
replica,287,all_inroom,1335.0246528046318,0.001335024652804632,133502.4652804632,106.88943942517614,0.20450758990604356
replica,288,all_inroom,1261.7478442714428,0.0012617478442714428,126174.78442714427,106.70662337256935,0.021691537299261654
replica,289,all_inroom,1372.6319824103803,0.0013726319824103803,137263.19824103802,106.39619480059686,-0.28873703467323253
replica,290,all_inroom,1351.2455779931884,0.0013512455779931883,135124.55779931883,106.38249570644152,-0.3024361288285746
replica,291,all_inroom,1434.6934054921173,0.0014346934054921174,143469.34054921172,106.77553214206421,0.09060030679411568
replica,292,all_inroom,1279.9910277354647,0.0012799910277354648,127999.10277354647,106.58827019230245,-0.09666164296764634
replica,293,all_inroom,1360.3482676171639,0.0013603482676171638,136034.8267617164,106.87981893967925,0.1948871044091618
replica,294,all_inroom,1399.122320600982,0.001399122320600982,139912.2320600982,106.76861229280517,0.08368045753508113
replica,295,all_inroom,1271.4790041121262,0.0012714790041121263,127147.90041121261,106.66676879518323,-0.018163040086861315
replica,296,all_inroom,1422.0550771548378,0.0014220550771548378,142205.50771548378,106.76536895756402,0.08043712229392952
replica,297,all_inroom,1250.3315649184633,0.0012503315649184633,125033.15649184633,106.69400496951805,0.00907313424795575
replica,298,all_inroom,1336.7139414607802,0.0013367139414607802,133671.39414607803,107.0635199268334,0.37858809156330153
replica,299,all_inroom,1359.5498258288671,0.0013595498258288671,135954.9825828867,106.93799178478064,0.25305994951054345
replica,300,all_inroom,1385.1788516888778,0.0013851788516888778,138517.88516888776,106.69743426144042,0.012502426170328818
replica,301,all_inroom,1275.692903432531,0.001275692903432531,127569.2903432531,106.79529405245484,0.11036221718474337
replica,302,all_inroom,1248.5465881762912,0.0012485465881762912,124854.65881762911,106.42762012712603,-0.25731170814405857
replica,303,all_inroom,1225.568129886757,0.0012255681298867572,122556.81298867571,106.43747837111493,-0.24745346415515712
replica,304,all_inroom,1313.8658202073718,0.0013138658202073719,131386.58202073717,106.20499547119842,-0.4799363640716763
replica,305,all_inroom,1442.018333302305,0.001442018333302305,144201.8333302305,106.89667907491233,0.21174723964223574
replica,306,all_inroom,1175.6312817857204,0.0011756312817857203,117563.12817857203,106.68152999582951,-0.0034018394405848085
replica,307,all_inroom,1221.2615614130277,0.0012212615614130278,122126.15614130277,106.71701134226237,0.03207950699227524
replica,308,all_inroom,1331.3578300441104,0.0013313578300441105,133135.78300441103,106.45299286454642,-0.2319389707236752
replica,309,all_inroom,1312.1307659137656,0.0013121307659137655,131213.07659137656,106.57864728401525,-0.10628455125484493
replica,310,all_inroom,1384.1461086066465,0.0013841461086066466,138414.61086066466,106.7132223698486,0.028290534578502502
replica,311,all_inroom,1203.5585890409193,0.0012035585890409193,120355.85890409193,106.54958975529907,-0.135342079971025
replica,312,all_inroom,1409.4661431587704,0.0014094661431587703,140946.61431587703,106.66633420860269,-0.01859762666740039
replica,313,all_inroom,1413.7709102590054,0.0014137709102590055,141377.09102590053,106.78141682399409,0.09648498872400069
replica,314,all_inroom,1226.0029115653774,0.0012260029115653773,122600.29115653774,106.90811266560989,0.22318083033979974
replica,315,all_inroom,1425.488540236327,0.001425488540236327,142548.8540236327,106.46863220290348,-0.21629963236661354
replica,316,all_inroom,1317.938551579217,0.0013179385515792168,131793.85515792167,106.71985524915074,0.03492341388064801
replica,317,all_inroom,1266.6014971826953,0.0012666014971826954,126660.14971826953,106.82462315879778,0.13969132352768554
replica,318,all_inroom,1299.1728876340608,0.0012991728876340608,129917.28876340608,106.5790103838809,-0.10592145138919307
replica,319,all_inroom,1336.129731929831,0.001336129731929831,133612.9731929831,106.56517949241203,-0.1197523428580638
replica,320,all_inroom,1336.392891636956,0.001336392891636956,133639.2891636956,106.89162542580917,0.206693590539075
replica,321,all_inroom,1494.1160300951265,0.0014941160300951265,149411.60300951265,106.67202435387598,-0.0129074813941088
replica,322,all_inroom,1301.945001639936,0.001301945001639936,130194.5001639936,106.57090899598376,-0.11402283928633494
replica,323,all_inroom,1283.2689116946294,0.0012832689116946295,128326.89116946294,106.80979635022983,0.12486451495973938
replica,324,all_inroom,1382.8698538080419,0.001382869853808042,138286.9853808042,106.82774600187177,0.14281416660168134
replica,325,all_inroom,1410.6721759428256,0.0014106721759428256,141067.21759428256,106.70966017296568,0.024728337695592018
replica,326,all_inroom,1444.060553856956,0.001444060553856956,144406.0553856956,106.90271342646244,0.21778159119234886
replica,327,all_inroom,1236.576734018801,0.0012365767340188011,123657.6734018801,106.53758726331107,-0.1473445719590245
replica,328,all_inroom,1264.5562203420334,0.0012645562203420335,126455.62203420333,106.81564755633107,0.13071572106098017
replica,329,all_inroom,1394.4350235168858,0.0013944350235168858,139443.50235168857,106.59723034774755,-0.08770148752253704
replica,330,all_inroom,1343.39909848788,0.00134339909848788,134339.909848788,106.72175151594143,0.03681968067134278
replica,331,all_inroom,1373.1772853645607,0.0013731772853645607,137317.72853645607,106.66097538287049,-0.023956452399602313
replica,332,all_inroom,1254.49843873017,0.00125449843873017,125449.84387301699,106.61288449716885,-0.07204733810124253
replica,333,all_inroom,1431.8610007892912,0.0014318610007892911,143186.10007892913,106.8903403451859,0.20540850991581294
replica,334,all_inroom,1346.6935538978532,0.0013466935538978533,134669.3553897853,106.67214645709842,-0.012785378171670914
replica,335,all_inroom,1401.8015293200274,0.0014018015293200273,140180.15293200273,106.63085446520046,-0.05407737006963487
replica,336,all_inroom,1306.0994369474702,0.0013060994369474702,130609.94369474701,106.75788092242321,0.07294908715311976
replica,337,all_inroom,1359.0481093148683,0.0013590481093148682,135904.81093148683,106.74637989511373,0.061448059843641545
replica,338,all_inroom,1394.2498986996916,0.0013942498986996917,139424.98986996917,106.53464247679887,-0.15028935847122682
replica,339,all_inroom,1258.176024550518,0.0012581760245505178,125817.60245505179,106.91089492638245,0.22596309111236224
replica,340,all_inroom,1395.782671216149,0.001395782671216149,139578.26712161492,107.13267956121052,0.447747725940431
replica,341,all_inroom,1255.5033273173276,0.0012555033273173276,125550.33273173276,106.88280188984109,0.19787005457099838
replica,342,all_inroom,1272.473324371955,0.001272473324371955,127247.3324371955,106.59198856352326,-0.09294327174683303
replica,343,all_inroom,1235.552283784642,0.001235552283784642,123555.22837846419,106.98223866815988,0.2973068328897881
replica,344,all_inroom,1375.0020967714293,0.0013750020967714291,137500.20967714294,106.48255028678956,-0.20238154848053114
replica,345,all_inroom,1265.1544745826686,0.0012651544745826686,126515.44745826686,106.52633703606118,-0.15859479920891317
replica,346,all_inroom,1341.7233412209634,0.0013417233412209636,134172.33412209633,106.81108356891522,0.12615173364513055
replica,347,all_inroom,1312.738776767628,0.001312738776767628,131273.8776767628,106.6825316702889,-0.00240016498119644
replica,348,all_inroom,1379.6785344099608,0.0013796785344099608,137967.85344099608,106.98723054700169,0.30229871173159495
replica,349,all_inroom,1380.5169515338312,0.0013805169515338311,138051.6951533831,106.63610565686524,-0.04882617840485182
replica,350,all_inroom,1282.1983113896076,0.0012821983113896077,128219.83113896076,106.78443972980898,0.09950789453888831
replica,351,all_inroom,1257.7267383726185,0.0012577267383726185,125772.67383726184,106.59574159220496,-0.08919024306513279
replica,352,all_inroom,1314.2847203095469,0.0013142847203095468,131428.47203095467,106.78203443504133,0.09710259977123314
replica,353,all_inroom,1276.6482949497668,0.0012766482949497667,127664.82949497667,106.4051743552513,-0.2797574800187874
replica,354,all_inroom,1277.1969998776158,0.0012771969998776158,127719.69998776157,106.99693672698201,0.312004891711922
replica,355,all_inroom,1500.9891174509785,0.0015009891174509785,150098.91174509784,106.83596066922688,0.15102883395678646
replica,356,all_inroom,1314.9309159279119,0.0013149309159279118,131493.0915927912,106.76015927140377,0.07522743613367311
replica,357,all_inroom,1184.6610647901398,0.0011846610647901399,118466.10647901398,106.75317776418049,0.06824592891040027
replica,358,all_inroom,1217.0807742156303,0.0012170807742156303,121708.07742156302,106.65626841637184,-0.028663418898247528
replica,359,all_inroom,1324.8385386420105,0.0013248385386420104,132483.85386420105,106.53892819972872,-0.1460036355413763
replica,360,all_inroom,1517.0435738629365,0.0015170435738629364,151704.35738629365,106.7984906435792,0.11355880830910792
replica,361,all_inroom,1313.0179250486149,0.0013130179250486148,131301.79250486149,106.60286559337779,-0.08206624189230638
replica,362,all_inroom,1376.4752822013843,0.0013764752822013843,137647.52822013843,106.84393456952867,0.15900273425857847
replica,363,all_inroom,1306.0078703931665,0.0013060078703931665,130600.78703931665,106.49483921426513,-0.1900926210049647
replica,364,all_inroom,1389.604286186085,0.0013896042861860848,138960.42861860848,106.56539591493497,-0.1195359203351245
replica,365,all_inroom,1296.137899555284,0.0012961378995552842,129613.78995552841,106.8097642556688,0.1248324203987039
replica,366,all_inroom,1328.403401593686,0.0013284034015936862,132840.3401593686,106.61185711025738,-0.07307472501271661
replica,367,all_inroom,1528.4183284392102,0.0015284183284392102,152841.83284392103,106.77076082364736,0.08582898837727271
replica,368,all_inroom,1288.6545483140126,0.0012886545483140127,128865.45483140125,106.87974261757333,0.1948107823032359
replica,369,all_inroom,1259.1234247255456,0.0012591234247255455,125912.34247255456,106.82246647159846,0.13753463632836826
replica,370,all_inroom,1281.045021103484,0.001281045021103484,128104.5021103484,106.92163992024473,0.23670808497463725
replica,371,all_inroom,1304.5050427500696,0.0013045050427500696,130450.50427500696,106.38889301196696,-0.29603882330313525
replica,372,all_inroom,1284.763637693723,0.001284763637693723,128476.3637693723,106.87767550047553,0.19274366520544106
replica,373,all_inroom,1431.6978512838944,0.0014316978512838943,143169.78512838943,106.85190550087471,0.16697366560461546
replica,374,all_inroom,1449.7107381135672,0.0014497107381135673,144971.0738113567,106.89608712143418,0.21115528616408596
replica,375,all_inroom,1494.8573784821708,0.0014948573784821708,149485.73784821708,106.68122116995733,-0.0037106653127665368
replica,376,all_inroom,1389.0183490622426,0.0013890183490622425,138901.83490622425,106.74007423274978,0.055142397479684746
replica,377,all_inroom,1281.1769043876757,0.0012811769043876756,128117.69043876756,106.88511161991897,0.2001797846488813
replica,378,all_inroom,1265.6763927837073,0.0012656763927837073,126567.63927837073,106.71809588770111,0.03316405243101883
replica,379,all_inroom,1350.871646858658,0.001350871646858658,135087.1646858658,106.91432064402062,0.22938880875052803
replica,380,all_inroom,1308.6555706964575,0.0013086555706964575,130865.55706964574,106.91013794180532,0.2252061065352251
replica,381,all_inroom,1307.204029340745,0.0013072040293407449,130720.40293407449,106.26772976722036,-0.4172020680497326
replica,382,all_inroom,1430.813943258091,0.001430813943258091,143081.39432580912,106.84283261411419,0.1579007788440947
replica,383,all_inroom,1199.8721804841082,0.0011998721804841082,119987.21804841081,106.77267536432329,0.08774352905319915
replica,384,all_inroom,1296.376752298227,0.001296376752298227,129637.67522982271,106.6260668738122,-0.058864961457885556
replica,385,all_inroom,1415.1807307518225,0.0014151807307518224,141518.07307518224,106.63769344872166,-0.047238386548428934
replica,386,all_inroom,1234.5986184458125,0.0012345986184458125,123459.86184458125,106.70777549989229,0.022843664622200777
replica,387,all_inroom,1198.6747146292169,0.0011986747146292167,119867.47146292168,106.76633169974905,0.08139986447895353
replica,388,all_inroom,1311.083218599346,0.001311083218599346,131108.3218599346,106.88078126963167,0.19584943436157687
replica,389,all_inroom,1404.033113743156,0.001404033113743156,140403.3113743156,106.68844728024374,0.0035154449736438664
replica,390,all_inroom,1393.463273842199,0.001393463273842199,139346.32738421988,106.53092704515029,-0.1540047901197994
replica,391,all_inroom,1418.533601207046,0.0014185336012070462,141853.3601207046,106.69133078305946,0.006398947789364229
replica,392,all_inroom,1278.6057252543,0.0012786057252543001,127860.57252543,106.63865360111042,-0.04627823415967214
replica,393,all_inroom,1382.0393545311135,0.0013820393545311135,138203.93545311136,106.69343716202295,0.008505326752853648
replica,394,all_inroom,1292.77894266046,0.00129277894266046,129277.89426604599,106.72174289942706,0.036811064156964335
replica,395,all_inroom,1480.566371890769,0.001480566371890769,148056.6371890769,106.76577083844553,0.08083900317544135
replica,396,all_inroom,1296.2656199551907,0.0012962656199551907,129626.56199551906,106.46037308448977,-0.22455875078031795
replica,397,all_inroom,1245.4265593575242,0.0012454265593575243,124542.65593575241,106.79763576402345,0.11270392875336199
replica,398,all_inroom,1258.5432162597335,0.0012585432162597336,125854.32162597335,106.68053558769036,-0.004396247579734336
replica,399,all_inroom,1282.402478534556,0.001282402478534556,128240.24785345558,106.77389561317345,0.08896377790335919
replica,400,all_inroom,1345.8787832310543,0.0013458787832310542,134587.87832310543,106.64556034187532,-0.039371493394767754
replica,401,all_inroom,1403.7022587610954,0.0014037022587610954,140370.22587610953,106.83787930242525,0.15294746715515828
replica,402,all_inroom,1424.2385601242547,0.0014242385601242547,142423.85601242547,106.60959003842432,-0.0753417968457768
replica,403,all_inroom,1330.3075837231213,0.0013303075837231212,133030.75837231212,106.62136091578745,-0.06357091948264326
replica,404,all_inroom,1366.3413719839443,0.0013663413719839444,136634.13719839443,106.78744762637862,0.10251579110853015
replica,405,all_inroom,1312.4685139216786,0.0013124685139216784,131246.85139216785,106.41148072143906,-0.2734511138310296
replica,406,all_inroom,1294.9959187915138,0.0012949959187915137,129499.59187915137,106.62022633976643,-0.06470549550365945
replica,407,all_inroom,1356.8912770898296,0.0013568912770898296,135689.12770898297,106.80098673498239,0.11605489971229588
replica,408,all_inroom,1286.109062508152,0.001286109062508152,128610.9062508152,106.37942822061717,-0.3055036146529204
replica,409,all_inroom,1314.8262669897158,0.0013148262669897158,131482.62669897158,106.56752737770941,-0.11740445756068141
replica,410,all_inroom,1294.172696890555,0.001294172696890555,129417.2696890555,106.5096660197681,-0.17526581550198728
replica,411,all_inroom,1358.029064402424,0.001358029064402424,135802.9064402424,106.98311051463429,0.29817867936419873
replica,412,all_inroom,1430.0536415653555,0.0014300536415653555,143005.36415653554,106.81054186238848,0.12561002711838398
replica,413,all_inroom,1229.2527237871786,0.0012292527237871785,122925.27237871785,106.67078480052739,-0.014147034742705955
replica,414,all_inroom,1341.108997194044,0.0013411089971940438,134110.89971940438,106.75364717677321,0.06871534150312186
replica,415,all_inroom,1408.9177106936481,0.0014089177106936482,140891.7710693648,106.75462599631805,0.06969416104796267
replica,416,all_inroom,1276.0363113187655,0.0012760363113187654,127603.63113187654,106.65405839167644,-0.03087344359364863
replica,417,all_inroom,1189.5871946501848,0.0011895871946501848,118958.71946501847,106.95822575813371,0.27329392286361553
replica,418,all_inroom,1417.9628000138482,0.0014179628000138482,141796.28000138482,106.68065889526758,-0.004272940002508108
replica,419,all_inroom,1310.4016960283611,0.0013104016960283611,131040.1696028361,106.76630828725482,0.08137645198472399
replica,420,all_inroom,1267.7691519399882,0.0012677691519399881,126776.91519399882,106.78034836671907,0.09541653144897566
replica,421,all_inroom,1315.4283592104525,0.0013154283592104526,131542.83592104525,106.80411421367116,0.11918237840106372
replica,422,all_inroom,1361.3628562021802,0.0013613628562021802,136136.28562021803,106.79942943714934,0.11449760187925051
replica,423,all_inroom,1330.1523489660246,0.0013301523489660247,133015.23489660246,106.63842969909021,-0.04650213617988186
replica,424,all_inroom,1354.5150530549608,0.0013545150530549607,135451.50530549607,106.65253569473379,-0.03239614053630646
replica,425,all_inroom,1422.7975268906885,0.0014227975268906884,142279.75268906885,106.87071039034691,0.18577855507682273
replica,426,all_inroom,1261.8978184094415,0.0012618978184094415,126189.78184094414,106.81858767245993,0.13365583718983487
replica,427,all_inroom,1427.3402866309798,0.0014273402866309798,142734.02866309797,107.0910159595502,0.4060841242801132
replica,428,all_inroom,1230.5392560591945,0.0012305392560591946,123053.92560591944,106.89315751965667,0.2082256843865764
replica,429,all_inroom,1321.1268681035126,0.0013211268681035126,132112.68681035127,106.80826451173304,0.12333267646295099
replica,430,all_inroom,1449.3788804295095,0.0014493788804295095,144937.88804295094,106.42759752094219,-0.2573343143279061
replica,431,all_inroom,1307.056195187675,0.001307056195187675,130705.6195187675,106.91505541602785,0.23012358075776262
replica,432,all_inroom,1352.554742508391,0.0013525547425083909,135255.4742508391,107.16864842461237,0.48371658934227924
replica,433,all_inroom,1304.1449143651657,0.0013041449143651658,130414.49143651658,106.57089111798808,-0.11404071728200904
replica,434,all_inroom,1310.6527065455894,0.0013106527065455894,131065.27065455893,106.59818818636883,-0.08674364890126185
replica,435,all_inroom,1325.9335300442528,0.001325933530044253,132593.35300442527,106.84527465720409,0.16034282193399463
replica,436,all_inroom,1375.8999969072406,0.0013758999969072407,137589.99969072407,106.87049075948494,0.18555892421484543
replica,437,all_inroom,1291.8475702794972,0.0012918475702794973,129184.75702794972,106.75891565450782,0.0739838192377249
replica,438,all_inroom,1372.914139141234,0.001372914139141234,137291.4139141234,106.53470613746371,-0.15022569780637696
replica,439,all_inroom,1417.0886222520962,0.0014170886222520961,141708.86222520962,106.50587708618622,-0.17905474908387475
replica,440,all_inroom,1268.3371712205906,0.0012683371712205905,126833.71712205905,106.7270871747016,0.042155339431502625
replica,441,all_inroom,1228.0009630456145,0.0012280009630456145,122800.09630456145,106.6782775767476,-0.006654258522488021
replica,442,all_inroom,1276.0458538236417,0.0012760458538236417,127604.58538236417,106.89650809033428,0.21157625506418754
replica,443,all_inroom,1442.6746658837196,0.0014426746658837196,144267.46658837196,106.79703104167494,0.11209920640484938
replica,444,all_inroom,1261.8770934875806,0.0012618770934875805,126187.70934875806,106.61942476639858,-0.06550706887151136
replica,445,all_inroom,1331.6825894011192,0.0013316825894011193,133168.25894011193,106.42162451204663,-0.26330732322345796
replica,446,all_inroom,1220.261095143573,0.001220261095143573,122026.10951435729,106.79020788171465,0.10527604644455835
replica,447,all_inroom,1327.519737612864,0.001327519737612864,132751.97376128638,106.81434280526841,0.12941096999831814
replica,448,all_inroom,1269.404053915645,0.001269404053915645,126940.40539156449,106.63325320062454,-0.051678634645554666
replica,449,all_inroom,1331.215018677908,0.001331215018677908,133121.5018677908,106.95387793545233,0.26894610018223375
replica,450,all_inroom,1282.8332663061744,0.0012828332663061745,128283.32663061745,106.80159924596776,0.11666741069767284
replica,451,all_inroom,1359.1233829697642,0.0013591233829697642,135912.3382969764,106.6669194180924,-0.018012417177686757
replica,452,all_inroom,1556.4156417910867,0.0015564156417910867,155641.56417910868,106.9360272510722,0.25109541580211214
replica,453,all_inroom,1448.9723705073404,0.0014489723705073405,144897.23705073405,106.65445230773457,-0.03047952753551897
replica,454,all_inroom,1392.9793859357517,0.0013929793859357516,139297.93859357518,106.69626170332373,0.011329868053636005
replica,455,all_inroom,1507.740966342667,0.001507740966342667,150774.0966342667,106.9666683474816,0.2817365122115092
replica,456,all_inroom,1420.8260714460334,0.0014208260714460334,142082.60714460333,107.00142063502287,0.31648879975277566
replica,457,all_inroom,1307.961856216184,0.001307961856216184,130796.18562161841,106.82443482243386,0.13950298716376608
replica,458,all_inroom,1349.4070561280055,0.0013494070561280054,134940.70561280055,106.48100292626063,-0.2039289090094627
replica,459,all_inroom,1339.000253392212,0.001339000253392212,133900.0253392212,106.70921614168644,0.024284306416348045
replica,460,all_inroom,1398.4235145266275,0.0013984235145266275,139842.35145266276,106.74496806803651,0.06003623276642145
replica,461,all_inroom,1316.4143919163982,0.0013164143919163983,131641.43919163983,106.4105552858806,-0.27437654938948697
replica,462,all_inroom,1366.196282504885,0.001366196282504885,136619.6282504885,106.8294752039594,0.1445433686893125
replica,463,all_inroom,1285.4352766743916,0.0012854352766743917,128543.52766743916,106.45817048908434,-0.2267613461857536
replica,464,all_inroom,1357.781643273394,0.001357781643273394,135778.1643273394,106.62471974595236,-0.06021208931773003
replica,465,all_inroom,1327.3387048335574,0.0013273387048335574,132733.87048335574,106.80890858247916,0.12397674720907048
replica,466,all_inroom,1307.3693392563018,0.0013073693392563017,130736.93392563018,106.97426915401529,0.2893373187451971
replica,467,all_inroom,1314.4033916500866,0.0013144033916500867,131440.33916500866,107.05660178464866,0.3716699493785711
replica,468,all_inroom,1314.2940350622716,0.0013142940350622716,131429.40350622716,106.48254605977573,-0.20238577549436343
replica,469,all_inroom,1407.4403140775219,0.0014074403140775218,140744.0314077522,106.82882132465032,0.1438894893802285
replica,470,all_inroom,1174.192117795579,0.001174192117795579,117419.2117795579,106.26420263099813,-0.42072920427196436
replica,471,all_inroom,1337.7160555695073,0.0013377160555695072,133771.60555695073,106.43122796645387,-0.253703868816217
replica,472,all_inroom,1350.8361074848233,0.0013508361074848233,135083.61074848232,106.94347109881306,0.2585392635429713
replica,473,all_inroom,1363.7881381572388,0.0013637881381572388,136378.81381572387,106.93641667320645,0.2514848379363599
replica,474,all_inroom,1331.0870566971785,0.0013310870566971785,133108.70566971783,106.73684671158847,0.05191487631837788
replica,475,all_inroom,1367.1239424271407,0.0013671239424271407,136712.39424271407,106.57697399684713,-0.10795783842296203
replica,476,all_inroom,1451.1042711434643,0.0014511042711434644,145110.4271143464,107.085802175836,0.400870340565902
replica,477,all_inroom,1370.4185452466545,0.0013704185452466545,137041.85452466545,106.9246517665806,0.2397199313105034
replica,478,all_inroom,1374.4222919445142,0.0013744222919445143,137442.2291944514,106.99082593928854,0.3058941040184493
replica,479,all_inroom,1332.8576496859177,0.0013328576496859177,133285.76496859177,107.0714983257201,0.3865664904500079
replica,480,all_inroom,1345.3734932314533,0.0013453734932314533,134537.34932314532,107.341939654723,0.6570078194529145
replica,481,all_inroom,1321.6634208541318,0.0013216634208541318,132166.34208541317,106.56600849726274,-0.11892333800734889
replica,482,all_inroom,1341.7161951101014,0.0013417161951101014,134171.61951101013,106.51387203220415,-0.17105980306594404
replica,483,all_inroom,1260.466760731746,0.001260466760731746,126046.6760731746,106.84467716642973,0.15974533115964107
replica,484,all_inroom,1257.320918035336,0.001257320918035336,125732.0918035336,106.7329589689903,0.04802713372021117
replica,485,all_inroom,1374.3384739807875,0.0013743384739807875,137433.84739807874,106.64299592088526,-0.04193591438483679
replica,486,all_inroom,1308.2470125703592,0.0013082470125703593,130824.70125703592,106.43557673815498,-0.24935509711511372
replica,487,all_inroom,1286.343742415146,0.001286343742415146,128634.3742415146,106.87080464275135,0.18587280748126034
replica,488,all_inroom,1357.031721425167,0.001357031721425167,135703.1721425167,106.50283614735947,-0.1820956879106177
replica,489,all_inroom,1277.8662543922978,0.001277866254392298,127786.62543922979,106.64862661093679,-0.03630522433330441
replica,490,all_inroom,1216.3418825936014,0.0012163418825936014,121634.18825936015,106.46868664742487,-0.2162451878452174
replica,491,all_inroom,1415.1327027344894,0.0014151327027344895,141513.27027344893,107.08911308112978,0.4041812458596894
replica,492,all_inroom,1164.6766298269456,0.0011646766298269455,116467.66298269456,106.54274449653778,-0.14218733873231315
replica,493,all_inroom,1320.041654811888,0.001320041654811888,132004.1654811888,106.8099577540389,0.12502591876881297
replica,494,all_inroom,1210.5780956328904,0.0012105780956328904,121057.80956328903,107.0899900806245,0.40505824535441093
replica,495,all_inroom,1285.577244836616,0.001285577244836616,128557.7244836616,106.53022112457073,-0.15471071069936215
replica,496,all_inroom,1315.1879809938914,0.0013151879809938914,131518.79809938913,106.10854643453098,-0.5763854007391132
replica,497,all_inroom,1318.4276290077569,0.001318427629007757,131842.76290077568,106.73842314372125,0.05349130845115724
replica,498,all_inroom,1249.6057700948388,0.0012496057700948388,124960.57700948388,106.95832061279414,0.27338877752404755
replica,499,all_inroom,1278.8339821631055,0.0012788339821631055,127883.39821631054,107.01338321025776,0.3284513749876652
replica,500,all_inroom,1330.46889694517,0.0013304688969451698,133046.88969451698,106.77457401948217,0.08964218421208159
replica,501,all_inroom,1423.5574051751348,0.0014235574051751348,142355.74051751348,106.85406658398514,0.1691347487150523
replica,502,all_inroom,1490.9954718525055,0.0014909954718525056,149099.54718525056,106.7566492075539,0.07171737228381403
replica,503,all_inroom,1383.7277188422984,0.0013837277188422984,138372.77188422982,106.84988889402265,0.16495705875256306
replica,504,all_inroom,1391.1717012796971,0.0013911717012796971,139117.1701279697,106.812465784267,0.12753394899691273
replica,505,all_inroom,1368.3107453478306,0.0013683107453478305,136831.07453478305,106.44240365111055,-0.24252818415953925
replica,506,all_inroom,1431.3112134673083,0.0014313112134673083,143131.12134673083,106.50998402179064,-0.17494781347944866
replica,507,all_inroom,1448.8069634167414,0.0014488069634167413,144880.69634167413,106.86534214983645,0.18041031456635892
replica,508,all_inroom,1489.5526586485912,0.0014895526586485913,148955.26586485913,106.63998455044997,-0.04494728482012533
replica,509,all_inroom,1325.385193686793,0.0013253851936867928,132538.5193686793,106.8405084513229,0.15557661605281226
replica,510,all_inroom,1489.1434886747038,0.0014891434886747038,148914.34886747037,106.70759708670425,0.022665251434162315
replica,511,all_inroom,1424.0606094045386,0.0014240606094045385,142406.06094045384,106.89483778792867,0.20990595265857337
replica,512,all_inroom,1467.1647746947804,0.0014671647746947803,146716.47746947804,106.71338447905923,0.028452643789137255
replica,513,all_inroom,1271.3278499098396,0.0012713278499098396,127132.78499098396,106.52970907774669,-0.1552227575234042
replica,514,all_inroom,1243.858511987327,0.001243858511987327,124385.8511987327,106.55501064283796,-0.1299211924321355
replica,515,all_inroom,1412.4829978144044,0.0014124829978144043,141248.29978144044,106.76594669887733,0.08101486360723698
replica,516,all_inroom,1263.3120965151402,0.0012633120965151402,126331.20965151401,106.51389495886932,-0.1710368764007768
replica,517,all_inroom,1349.553899102053,0.001349553899102053,134955.3899102053,106.67002947434356,-0.01490236092652708
replica,518,all_inroom,1332.0589030344265,0.0013320589030344264,133205.89030344266,106.76308385319726,0.07815201792716664
replica,519,all_inroom,1309.1819052032845,0.0013091819052032845,130918.19052032844,106.83317296017356,0.14824112490346408
replica,520,all_inroom,1289.1599728141257,0.0012891599728141257,128915.99728141256,106.80567885330333,0.12074701803324217
replica,521,all_inroom,1333.7887559616597,0.0013337887559616596,133378.87559616598,106.69303909445368,0.008107259183589122
replica,522,all_inroom,1342.7631502679749,0.0013427631502679748,134276.31502679747,106.54735321324162,-0.13757862202847093
replica,523,all_inroom,1295.2631514646982,0.0012952631514646983,129526.31514646982,106.76891297961429,0.08398114434419313
replica,524,all_inroom,1292.3849918878843,0.0012923849918878843,129238.49918878842,106.44465391320476,-0.2402779220653315
replica,525,all_inroom,1337.3205954339985,0.0013373205954339985,133732.05954339984,106.53106732125391,-0.15386451401617762
replica,526,all_inroom,1320.6303088469567,0.0013206303088469566,132063.03088469568,106.81049101500388,0.12555917973378428
replica,527,all_inroom,1394.4377404762074,0.0013944377404762074,139443.77404762074,106.80335755595738,0.1184257206872843
replica,528,all_inroom,1503.6187606606377,0.0015036187606606377,150361.87606606376,106.49194053283355,-0.19299130243653906
replica,529,all_inroom,1258.7382355249192,0.0012587382355249191,125873.82355249191,106.67461093946419,-0.010320895805904229
replica,530,all_inroom,1492.0845776375606,0.0014920845776375607,149208.45776375607,106.50713113612876,-0.17780069914132923
replica,531,all_inroom,1333.0116296632468,0.0013330116296632467,133301.1629663247,106.63142907406252,-0.05350276120756803
replica,532,all_inroom,1256.4979847574143,0.0012564979847574144,125649.79847574142,107.0395948662582,0.3546630309881067
replica,533,all_inroom,1433.319686791587,0.0014333196867915869,143331.9686791587,106.68676278707701,0.0018309518069230535
replica,534,all_inroom,1126.886730332687,0.001126886730332687,112688.6730332687,106.83062096553844,0.14568913026835162
replica,535,all_inroom,1257.6206085690164,0.0012576206085690165,125762.06085690165,106.50271391171543,-0.18221792355465993
replica,536,all_inroom,1320.1162318275078,0.0013201162318275078,132011.62318275077,106.58435724568488,-0.10057458958520726
replica,537,all_inroom,1321.6430392216344,0.0013216430392216344,132164.30392216344,106.6361067712879,-0.04882506398219277
replica,538,all_inroom,1360.4951209022474,0.0013604951209022474,136049.51209022474,106.47708812845104,-0.20784370681904818
replica,539,all_inroom,1560.3024338761163,0.0015603024338761164,156030.24338761164,106.46878551085402,-0.21614632441607284
replica,540,all_inroom,1371.210123399227,0.0013712101233992271,137121.01233992272,106.63218844071152,-0.052743394558575574
replica,541,all_inroom,1305.4982166884474,0.0013054982166884473,130549.82166884474,106.75072201647136,0.06579018120126534
replica,542,all_inroom,1356.3146202180906,0.0013563146202180906,135631.46202180904,106.96381986141617,0.27888802614607755
replica,543,all_inroom,1370.3278804393526,0.0013703278804393527,137032.78804393526,107.01750762961403,0.33257579434393847
replica,544,all_inroom,1280.9801369147817,0.0012809801369147817,128098.01369147818,107.08361707032391,0.3986852350538186
replica,545,all_inroom,1395.263697678172,0.001395263697678172,139526.3697678172,106.77191036550501,0.08697853023491575
replica,546,all_inroom,1404.8698694767106,0.0014048698694767107,140486.98694767104,106.66684381189482,-0.018088023375270268
replica,547,all_inroom,1403.46841240141,0.00140346841240141,140346.841240141,106.42816273874364,-0.25676909652645463
replica,548,all_inroom,1293.8107439905912,0.0012938107439905912,129381.07439905911,106.59663724832039,-0.08829458694970072
replica,549,all_inroom,1253.415209923146,0.001253415209923146,125341.5209923146,106.98207821170915,0.29714637643905917
replica,550,all_inroom,1376.8785556306757,0.0013768785556306756,137687.85556306757,106.9190760650259,0.23414422975581317
replica,551,all_inroom,1243.4202958189435,0.0012434202958189434,124342.02958189434,106.70431942359141,0.01938758832132237
replica,552,all_inroom,1308.5250334297095,0.0013085250334297096,130852.50334297096,106.67122518558466,-0.013706649685431671
replica,553,all_inroom,1390.2648706141986,0.0013902648706141986,139026.48706141984,106.40869439070897,-0.27623744456111865
replica,554,all_inroom,1369.0068181069648,0.0013690068181069649,136900.6818106965,106.6729070300281,-0.012024805241992453
replica,555,all_inroom,1246.2748173459904,0.0012462748173459905,124627.48173459905,106.75970863981775,0.07477680454765334
replica,556,all_inroom,1319.891204388587,0.0013198912043885871,131989.1204388587,106.63377608289709,-0.05115575237300618
replica,557,all_inroom,1374.3492877776168,0.0013743492877776168,137434.92877776167,106.78996727350143,0.1050354382313401
replica,558,all_inroom,1409.7626891306504,0.0014097626891306505,140976.26891306503,106.8463798699984,0.16144803472830915
replica,559,all_inroom,1568.4393557019873,0.0015684393557019874,156843.93557019872,106.7762034469708,0.09127161170070508
replica,560,all_inroom,1357.187367590105,0.001357187367590105,135718.7367590105,106.88531054389261,0.20037870862252305
replica,561,all_inroom,1248.1534646331847,0.0012481534646331847,124815.34646331848,106.51948480387655,-0.16544703139354056
replica,562,all_inroom,1425.6128213140323,0.0014256128213140323,142561.28213140322,106.75908074927447,0.0741489140043825
replica,563,all_inroom,1337.456714747294,0.001337456714747294,133745.6714747294,106.43931664372832,-0.24561519154177347
replica,564,all_inroom,1377.0576891250164,0.0013770576891250165,137705.76891250163,106.69551650759152,0.010584672321428457
replica,565,all_inroom,1305.4729603570413,0.0013054729603570413,130547.29603570413,106.83128122538682,0.14634939011672543
replica,566,all_inroom,1331.5466273793133,0.0013315466273793133,133154.66273793133,106.69564425990852,0.010712424638427365
replica,567,all_inroom,1352.7613094185826,0.0013527613094185826,135276.13094185825,106.84543183219165,0.16049999692155836
replica,568,all_inroom,1418.257077737217,0.001418257077737217,141825.7077737217,106.46807905803236,-0.2168527772377331
replica,569,all_inroom,1374.6787192062484,0.0013746787192062484,137467.87192062484,106.8457503536252,0.1608185183551143
replica,570,all_inroom,1210.786946882022,0.001210786946882022,121078.6946882022,106.68924893628967,0.004317101019580605
replica,571,all_inroom,1319.899603841331,0.0013198996038413311,131989.9603841331,106.85440569827472,0.16947386300462597
replica,572,all_inroom,1415.972968991005,0.001415972968991005,141597.2968991005,106.977493051274,0.2925612160039037
replica,573,all_inroom,1397.4973452213226,0.0013974973452213226,139749.73452213226,106.57521691331719,-0.10971492195290011
replica,574,all_inroom,1370.8160745853797,0.0013708160745853797,137081.60745853797,106.50878405512849,-0.17614778014160493
replica,575,all_inroom,1512.4295507417887,0.0015124295507417888,151242.95507417887,106.49202022570361,-0.19291160956647957
replica,576,all_inroom,1232.4857584221018,0.0012324857584221018,123248.57584221018,106.44843577940148,-0.23649605586861355
replica,577,all_inroom,1228.9942908297899,0.00122899429082979,122899.42908297898,106.61620553951829,-0.06872629575180156
replica,578,all_inroom,1257.8311395187138,0.001257831139518714,125783.11395187138,106.9321271273578,0.24719529208771007
replica,579,all_inroom,1316.3244368467222,0.0013163244368467222,131632.4436846722,106.99878984157272,0.31385800630262395
replica,580,all_inroom,1391.5451861005522,0.0013915451861005522,139154.5186100552,106.65784011218125,-0.027091723088844333
replica,581,all_inroom,1386.8144919876013,0.0013868144919876014,138681.44919876012,106.93236689360343,0.24743505833333757
replica,582,all_inroom,1276.3905592934066,0.0012763905592934066,127639.05592934065,106.53728351731935,-0.14764831795073974
replica,583,all_inroom,1478.97891412247,0.0014789789141224701,147897.891412247,106.88339789563187,0.19846606036178116
replica,584,all_inroom,1296.7065296570017,0.0012967065296570018,129670.65296570017,106.66090853024252,-0.02402330502756911
replica,585,all_inroom,1352.9487468588184,0.0013529487468588184,135294.87468588183,106.64044987994158,-0.04448195532850718
replica,586,all_inroom,1251.032767397574,0.0012510327673975739,125103.27673975739,106.72434763305758,0.03941579778748405
replica,587,all_inroom,1318.7845239599303,0.0013187845239599303,131878.45239599302,106.70687460472963,0.021942769459542433
replica,588,all_inroom,1315.0014839013993,0.0013150014839013993,131500.14839013992,106.9058799264398,0.22094809116970282
replica,589,all_inroom,1262.6904638888407,0.0012626904638888407,126269.04638888406,107.09036423145776,0.40543239618766336
replica,590,all_inroom,1472.6113282721462,0.0014726113282721462,147261.13282721463,106.52688544659917,-0.15804638867092535
replica,591,all_inroom,1303.3789234382689,0.0013033789234382688,130337.89234382688,106.63158108631514,-0.05335074895495495
replica,592,all_inroom,1371.1962151174116,0.0013711962151174116,137119.62151174116,106.72755148874968,0.042619653479590625
replica,593,all_inroom,1494.73451562148,0.0014947345156214801,149473.451562148,106.78949965181408,0.10456781654399094
replica,594,all_inroom,1331.1728583232868,0.0013311728583232868,133117.2858323287,106.71027738758907,0.02534555231898139
replica,595,all_inroom,1345.0224889351111,0.0013450224889351111,134502.2488935111,106.63722254261288,-0.047709292657216906
replica,596,all_inroom,1369.632866273697,0.0013696328662736968,136963.2866273697,106.74298089015905,0.05804905488895429
replica,597,all_inroom,1341.7814626810875,0.0013417814626810875,134178.14626810874,106.77879664952553,0.09386481425543991
replica,598,all_inroom,1408.3507371687583,0.0014083507371687584,140835.07371687584,106.98297216398115,0.29804032871105335
replica,599,all_inroom,1303.5680205493707,0.0013035680205493708,130356.80205493707,106.60171495846221,-0.08321687680788159
replica,600,all_inroom,1291.5007937410696,0.0012915007937410697,129150.07937410696,106.71137545941653,0.026443624146438083
replica,601,all_inroom,1354.6427022441208,0.0013546427022441208,135464.27022441206,107.09727406251376,0.41234222724366987
replica,602,all_inroom,1278.9488773954463,0.0012789488773954462,127894.88773954463,107.13382886743462,0.44889703216452403
replica,603,all_inroom,1385.368714782173,0.001385368714782173,138536.87147821728,106.8913928712605,0.2064610359904151
replica,604,all_inroom,1269.7198310188362,0.0012697198310188363,126971.98310188361,106.86604023904074,0.18110840377065074
replica,605,all_inroom,1410.535233452997,0.001410535233452997,141053.5233452997,107.08006436578125,0.39513253051116237
replica,606,all_inroom,1415.576040877931,0.001415576040877931,141557.6040877931,106.6614475170382,-0.023484318231894008
replica,607,all_inroom,1265.01749174298,0.00126501749174298,126501.74917429799,106.80264643944659,0.11771460417649848
replica,608,all_inroom,1459.113485012865,0.001459113485012865,145911.3485012865,106.326088104454,-0.35884373081609056
replica,609,all_inroom,1432.3514741596887,0.0014323514741596886,143235.14741596885,106.70449996275586,0.019568127485769082
replica,610,all_inroom,1405.2437276660644,0.0014052437276660644,140524.37276660642,107.00444533600587,0.31951350073578055
replica,611,all_inroom,1421.6732777140878,0.0014216732777140879,142167.32777140877,106.6810197492268,-0.003912086043285967
replica,612,all_inroom,1301.844039958115,0.001301844039958115,130184.4039958115,106.5969786871994,-0.08795314807069587
replica,613,all_inroom,1301.2587963242763,0.0013012587963242763,130125.87963242763,106.67980758648122,-0.005124248788874297
replica,614,all_inroom,1162.8779837060456,0.0011628779837060455,116287.79837060456,106.88036884625943,0.19543701098933752
replica,615,all_inroom,1311.0546329387075,0.0013110546329387076,131105.46329387074,106.93846798928247,0.25353615401238017
replica,616,all_inroom,1265.1634289286842,0.0012651634289286842,126516.34289286842,106.67659920210957,-0.008332633160520686
replica,617,all_inroom,1339.2560187629904,0.0013392560187629903,133925.60187629904,106.47009209370623,-0.2148397415638641
replica,618,all_inroom,1383.0217407124585,0.0013830217407124585,138302.17407124586,106.71532547383245,0.03039363856235866
replica,619,all_inroom,1280.4696998104073,0.0012804696998104073,128046.96998104073,106.75995282202362,0.07502098675352897
replica,620,all_inroom,1327.8391952808663,0.0013278391952808663,132783.91952808664,106.48451732617686,-0.20041450909323544
replica,621,all_inroom,1232.8349529556692,0.0012328349529556692,123283.49529556691,107.00917397622489,0.3242421409547944
replica,622,all_inroom,1332.1811905342793,0.0013321811905342793,133218.11905342792,106.89951745389601,0.21458561862591807
replica,623,all_inroom,1417.8061576103437,0.0014178061576103436,141780.61576103437,107.01230603892535,0.3273742036552534
replica,624,all_inroom,1360.479804144618,0.0013604798041446178,136047.98041446178,106.83729921703478,0.1523673817646909
replica,625,all_inroom,1427.5880410161383,0.0014275880410161382,142758.80410161382,107.00608654700133,0.3211547117312392
replica,626,all_inroom,1268.958723437096,0.001268958723437096,126895.8723437096,106.60146418137955,-0.08346765389053701
replica,627,all_inroom,1395.4239811719024,0.0013954239811719024,139542.39811719023,106.84739257747252,0.1624607422024269
replica,628,all_inroom,1444.2893235223505,0.0014442893235223505,144428.93235223505,106.99505992472648,0.31012808945638426
replica,629,all_inroom,1395.9539152603204,0.0013959539152603203,139595.39152603204,106.9356580492089,0.2507262139388047
replica,630,all_inroom,1322.1499664855985,0.0013221499664855985,132214.99664855984,106.49787984229532,-0.18705199297477293
replica,631,all_inroom,1415.787082288309,0.001415787082288309,141578.7082288309,106.77658632618457,0.09165449091447897
replica,632,all_inroom,1148.2389349040714,0.0011482389349040713,114823.89349040714,106.60247767674971,-0.08245415852037752
replica,633,all_inroom,1489.8707223307028,0.0014898707223307028,148987.07223307027,106.7283021536209,0.043370318350810066
replica,634,all_inroom,1226.598895660422,0.0012265988956604219,122659.88956604218,106.62192548523704,-0.06300635003304933
replica,635,all_inroom,1463.0744401191919,0.001463074440119192,146307.44401191917,106.90042907760538,0.21549724233528877
replica,636,all_inroom,1353.840218976466,0.0013538402189764661,135384.0218976466,106.44029765478605,-0.2446341804840415
replica,637,all_inroom,1152.1445183423498,0.0011521445183423499,115214.45183423498,106.84485639438265,0.15992455911255377
replica,638,all_inroom,1339.5204985875664,0.0013395204985875665,133952.04985875663,106.69510984021616,0.010178004946070018
replica,639,all_inroom,1357.809040162729,0.001357809040162729,135780.9040162729,106.78128212270009,0.09635028742999907
replica,640,all_inroom,1427.9746619692455,0.0014279746619692455,142797.46619692454,106.65224789512891,-0.03268394014118314
replica,641,all_inroom,1462.1663624113535,0.0014621663624113535,146216.63624113533,106.55148910616832,-0.13344272910177324
replica,642,all_inroom,1397.8145189334432,0.0013978145189334431,139781.45189334432,106.82886793420157,0.1439360989314764
replica,643,all_inroom,1472.6756861812416,0.0014726756861812417,147267.56861812415,106.66801210489943,-0.016919730370659636
replica,644,all_inroom,1196.136412212513,0.001196136412212513,119613.64122125131,106.61627865489542,-0.0686531803746675
replica,645,all_inroom,1306.7691520935418,0.001306769152093542,130676.91520935418,106.70472329456771,0.019791459297621827
replica,646,all_inroom,1392.6577959533033,0.0013926577959533033,139265.77959533033,106.78841065952255,0.10347882425246269
replica,647,all_inroom,1377.519141781709,0.001377519141781709,137751.9141781709,106.53550679438719,-0.1494250408829032
replica,648,all_inroom,1396.604719523741,0.001396604719523741,139660.4719523741,106.78930654319706,0.10437470792696502
replica,649,all_inroom,1412.317968133791,0.001412317968133791,141231.7968133791,106.44723043286565,-0.23770140240443993
replica,650,all_inroom,1315.1166531250199,0.0013151166531250199,131511.66531250198,106.75915552627141,0.07422369100132187
replica,651,all_inroom,1352.7488822333355,0.0013527488822333354,135274.88822333355,106.59639897185474,-0.08853286341535238
replica,652,all_inroom,1313.584965851555,0.001313584965851555,131358.4965851555,106.55973307404378,-0.12519876122631501
replica,653,all_inroom,1425.0359176287213,0.0014250359176287213,142503.59176287212,106.59452167467819,-0.09041016059190099
replica,654,all_inroom,1240.1691566924646,0.0012401691566924647,124016.91566924646,107.0030546156805,0.3181227804104054
replica,655,all_inroom,1313.264987983324,0.001313264987983324,131326.4987983324,106.95466839298476,0.26973655771466554
replica,656,all_inroom,1357.800613743242,0.001357800613743242,135780.0613743242,106.91471040332141,0.2297785680513158
replica,657,all_inroom,1312.3701778142763,0.0013123701778142763,131237.01778142762,106.91424431436535,0.2293124790952561
replica,658,all_inroom,1340.2254070861782,0.0013402254070861781,134022.5407086178,106.50317388233331,-0.18175795293677766
replica,659,all_inroom,1282.4156991414725,0.0012824156991414724,128241.56991414724,106.33631707545217,-0.3486147598179201
replica,660,all_inroom,1349.5340757964882,0.0013495340757964881,134953.4075796488,106.29985091302567,-0.3850809222444269
replica,661,all_inroom,1333.7254052430994,0.0013337254052430995,133372.54052430994,106.94971146979198,0.26477963452188646
replica,662,all_inroom,1486.5539255683912,0.001486553925568391,148655.3925568391,106.85276403482001,0.16783219954992035
replica,663,all_inroom,1273.3616718030687,0.0012733616718030687,127336.16718030687,106.9197268949844,0.23479505971430115
replica,664,all_inroom,1299.8314183859839,0.0012998314183859838,129983.14183859839,106.68213157864636,-0.0028002566237290694
replica,665,all_inroom,1362.1029604366681,0.0013621029604366681,136210.2960436668,107.2814227321127,0.5964908968426101
replica,666,all_inroom,1273.338852950146,0.001273338852950146,127333.8852950146,106.70415785804963,0.019226022779534446
replica,667,all_inroom,1321.8668162546783,0.0013218668162546783,132186.6816254678,106.70536657508808,0.02043473981798627
replica,668,all_inroom,1241.8970179253574,0.0012418970179253574,124189.70179253574,106.90733380125053,0.22240196598043838
replica,669,all_inroom,1392.5340767989208,0.0013925340767989207,139253.40767989206,106.5377122924293,-0.1472195428407872
replica,670,all_inroom,1327.828945123838,0.001327828945123838,132782.8945123838,106.89130138008882,0.2063695448187275
replica,671,all_inroom,1335.5174105332558,0.0013355174105332559,133551.74105332556,106.64927163183665,-0.03566020343343723
replica,672,all_inroom,1380.5888224603368,0.001380588822460337,138058.88224603367,106.49857335455748,-0.18635848071261307
replica,673,all_inroom,1285.5113195165345,0.0012855113195165346,128551.13195165344,106.7731079512834,0.088176116013301
replica,674,all_inroom,1294.9214090589865,0.0012949214090589864,129492.14090589865,106.38863856323903,-0.2962932720310647
replica,675,all_inroom,1377.9460884425089,0.0013779460884425089,137794.60884425088,106.64504812966744,-0.03988370560264798
replica,676,all_inroom,1293.4113468299101,0.0012934113468299102,129341.13468299102,106.56815390815527,-0.11677792711482482
replica,677,all_inroom,1397.1324009612476,0.0013971324009612476,139713.24009612476,106.78059372770656,0.09566189243646761
replica,678,all_inroom,1299.0565628592196,0.0012990565628592196,129905.65628592196,106.49055837905276,-0.1943734562173347
replica,679,all_inroom,1306.427871761709,0.001306427871761709,130642.7871761709,106.80859272296077,0.12366088769067574
replica,680,all_inroom,1416.9097477728687,0.0014169097477728686,141690.97477728687,106.92539286420903,0.24046102893893817
replica,681,all_inroom,1267.1338602664773,0.0012671338602664773,126713.38602664773,106.52513677861955,-0.1597950566505375
replica,682,all_inroom,1484.543773216687,0.001484543773216687,148454.3773216687,106.68383813952474,-0.0010936957453537843
replica,683,all_inroom,1330.8079517888632,0.0013308079517888633,133080.79517888633,106.73951208038781,0.05458024511771953
replica,684,all_inroom,1302.6838218328926,0.0013026838218328925,130268.38218328926,106.75922352411574,0.07429168884564774
replica,685,all_inroom,1350.9488038499376,0.0013509488038499376,135094.88038499377,106.67344057983229,-0.011491255437803716
replica,686,all_inroom,1308.1452363389744,0.0013081452363389744,130814.52363389744,106.67767378281415,-0.0072580524559384685
replica,687,all_inroom,1202.515792737993,0.001202515792737993,120251.5792737993,106.59661146963428,-0.08832036563580914
replica,688,all_inroom,1314.1144485552877,0.0013141144485552877,131411.44485552877,106.55691360632606,-0.12801822894402903
replica,689,all_inroom,1330.3638918804802,0.0013303638918804803,133036.38918804802,106.3675148492254,-0.31741698604469093
replica,690,all_inroom,1277.5939464938604,0.0012775939464938603,127759.39464938603,107.08020872465646,0.3952768893863663
replica,691,all_inroom,1346.6825450842575,0.0013466825450842575,134668.25450842574,106.42124905832114,-0.26368277694895426
replica,692,all_inroom,1264.3110673697765,0.0012643110673697766,126431.10673697766,106.64883638349136,-0.036095451778734855
replica,693,all_inroom,1429.457108371813,0.0014294571083718131,142945.7108371813,106.66712788088633,-0.017803954383765586
replica,694,all_inroom,1180.1330129912958,0.0011801330129912958,118013.30129912958,106.74561268939915,0.060680854129060435
replica,695,all_inroom,1313.33238857464,0.0013133323885746399,131333.238857464,106.92029377630105,0.2353619410309591
replica,696,all_inroom,1309.4047790897098,0.0013094047790897098,130940.47790897098,106.6811829254441,-0.003748909825986857
replica,697,all_inroom,1300.304303337953,0.0013003043033379528,130030.43033379529,106.85717674923764,0.17224491396754615
replica,698,all_inroom,1240.5229113727041,0.001240522911372704,124052.29113727041,106.70514603842767,0.020214203157578936
replica,699,all_inroom,1449.5528979943904,0.0014495528979943904,144955.28979943902,106.8790153172255,0.1940834819554027
replica,700,all_inroom,1385.9707700471415,0.0013859707700471415,138597.07700471414,106.97804419828171,0.29311236301161614
replica,701,all_inroom,1417.4052470007325,0.0014174052470007324,141740.52470007323,106.78227775508135,0.09734591981126073
replica,702,all_inroom,1274.4363543596692,0.001274436354359669,127443.63543596692,106.63909875773498,-0.045833077535107236
replica,703,all_inroom,1259.0208410108735,0.0012590208410108736,125902.08410108734,106.7637576705517,0.0788258352816058
replica,704,all_inroom,1342.009383070983,0.001342009383070983,134200.9383070983,106.53638995835955,-0.14854187691054221
replica,705,all_inroom,1239.6222328414149,0.0012396222328414149,123962.22328414148,106.64427136538363,-0.040660469886461215
replica,706,all_inroom,1295.084528137279,0.001295084528137279,129508.4528137279,106.66777653168623,-0.017155303583862747
replica,707,all_inroom,1368.2684462971351,0.001368268446297135,136826.8446297135,106.44656658311501,-0.2383652521550772
replica,708,all_inroom,1319.9169483025285,0.0013199169483025285,131991.69483025285,106.12666902558807,-0.5582628096820201
replica,709,all_inroom,1364.2223874489864,0.0013642223874489863,136422.23874489864,106.72530227218856,0.0403704369184652
replica,710,all_inroom,1342.4274623516526,0.0013424274623516526,134242.74623516525,106.84071603103015,0.15578419576006297
replica,711,all_inroom,1238.607742397085,0.001238607742397085,123860.77423970851,106.45605086515333,-0.22888097011676223
replica,712,all_inroom,1459.4723411793716,0.0014594723411793715,145947.23411793716,106.62162792363127,-0.0633039116388261
replica,713,all_inroom,1425.2197775105296,0.0014252197775105296,142521.97775105297,106.84548376466213,0.16055192939204233
replica,714,all_inroom,1411.356755702633,0.0014113567557026332,141135.6755702633,106.49525217426516,-0.18967966100493072
replica,715,all_inroom,1361.8862786129646,0.0013618862786129646,136188.62786129647,106.74253204855557,0.05760021328548248
replica,716,all_inroom,1226.2934671096127,0.0012262934671096128,122629.34671096127,106.66520647408082,-0.01972536118927337
replica,717,all_inroom,1491.4197596706767,0.0014914197596706767,149141.97596706767,106.9828579433219,0.2979261080518114
replica,718,all_inroom,1248.9096852483012,0.0012489096852483013,124890.96852483012,107.13228666245048,0.44735482718039066
replica,719,all_inroom,1384.6143449454605,0.0013846143449454606,138461.43449454606,106.67384333955783,-0.011088495712257895
replica,720,all_inroom,1241.2949950805255,0.0012412949950805256,124129.49950805254,106.88954648480423,0.2046146495341361
replica,721,all_inroom,1308.4058081998423,0.0013084058081998422,130840.58081998423,107.1796122030264,0.49468036775630253
replica,722,all_inroom,1400.262559126354,0.0014002625591263541,140026.25591263542,106.77856639244916,0.09363455717907243
replica,723,all_inroom,1459.86694302652,0.00145986694302652,145986.694302652,106.5506504461171,-0.1342813891529886
replica,724,all_inroom,1278.846729776956,0.001278846729776956,127884.67297769559,106.204192886094,-0.48073894917608584
replica,725,all_inroom,1375.3223865532282,0.0013753223865532282,137532.2386553228,106.9626793191699,0.27774748389980175
replica,726,all_inroom,1393.6943410077702,0.0013936943410077702,139369.43410077703,106.71927123242573,0.03433939715563383
replica,727,all_inroom,1324.1685745599557,0.0013241685745599557,132416.85745599557,106.61836604399332,-0.06656579127677276
replica,728,all_inroom,1273.6034147612543,0.0012736034147612543,127360.34147612542,106.51555492041742,-0.16937691485267692
replica,729,all_inroom,1244.0909845565884,0.0012440909845565884,124409.09845565884,106.88203916194449,0.19710732667439856
replica,730,all_inroom,1328.6480872980785,0.0013286480872980785,132864.80872980785,106.71250254794722,0.027570712677132292
replica,731,all_inroom,1405.0785362985916,0.0014050785362985916,140507.85362985916,106.91347422760013,0.22854239233004137
replica,732,all_inroom,1334.9608013240013,0.0013349608013240013,133496.08013240012,106.99108176828952,0.3061499330194266
replica,733,all_inroom,1102.8014626409565,0.0011028014626409566,110280.14626409565,106.46362877549797,-0.22130305977212572
replica,734,all_inroom,1335.6156001568293,0.0013356156001568292,133561.56001568292,106.79010496302688,0.10517312775678533
replica,735,all_inroom,1323.549465864204,0.001323549465864204,132354.94658642038,106.47015538980756,-0.21477644546253316
replica,736,all_inroom,1316.912859604685,0.0013169128596046851,131691.2859604685,106.75412438394754,0.0691925486774494
replica,737,all_inroom,1329.008550954052,0.001329008550954052,132900.8550954052,106.92874017560656,0.24380834033647147
replica,738,all_inroom,1317.9625682383282,0.0013179625682383281,131796.2568238328,106.62251294511636,-0.062418890153736584
replica,739,all_inroom,1302.5880250511475,0.0013025880250511475,130258.80250511474,106.69051669076453,0.005584855494433327
replica,740,all_inroom,1300.2627244408347,0.0013002627244408347,130026.27244408347,106.57686116974574,-0.10807066552435174
replica,741,all_inroom,1460.6171952585337,0.0014606171952585337,146061.71952585338,106.56061635712271,-0.12431547814738053
replica,742,all_inroom,1461.5315227688895,0.0014615315227688894,146153.15227688896,106.54048059411707,-0.14445124115302121
replica,743,all_inroom,1378.3866873723848,0.0013783866873723848,137838.66873723848,106.84167711601651,0.1567452807464207
replica,744,all_inroom,1332.0010519476236,0.0013320010519476237,133200.10519476235,106.90279723974061,0.2178654044705155
replica,745,all_inroom,1351.3061258333667,0.0013513061258333665,135130.61258333665,106.56694019198919,-0.11799164328090228
replica,746,all_inroom,1355.1404649842193,0.0013551404649842192,135514.04649842193,106.59525060244819,-0.08968123282190277
replica,747,all_inroom,1226.4335983383676,0.0012264335983383676,122643.35983383676,106.80063628493808,0.11570444966798732
replica,748,all_inroom,1336.3573271288324,0.0013363573271288323,133635.73271288324,106.83702186518536,0.15209002991527143
replica,749,all_inroom,1346.3515103878235,0.0013463515103878236,134635.15103878235,106.64630845002368,-0.03862338524641018
replica,750,all_inroom,1341.9637434348574,0.0013419637434348573,134196.37434348575,106.22357812240709,-0.4613537128630014
replica,751,all_inroom,1370.680466973999,0.001370680466973999,137068.0466973999,106.58117999086491,-0.10375184440518126
replica,752,all_inroom,1394.2459122749879,0.0013942459122749879,139424.59122749878,106.68848034491661,0.00354850964652087
replica,753,all_inroom,1431.004567476361,0.001431004567476361,143100.45674763608,106.82250159315296,0.13756975788287207
replica,754,all_inroom,1390.010643058463,0.0013900106430584631,139001.06430584632,106.65028837024653,-0.034643465023563635
replica,755,all_inroom,1277.366957910834,0.0012773669579108338,127736.69579108339,106.56240839010363,-0.12252344516646474
replica,756,all_inroom,1318.2985544677676,0.0013182985544677676,131829.85544677675,106.35953463658807,-0.3253971986820261
replica,757,all_inroom,1394.9815322040727,0.0013949815322040727,139498.15322040726,106.76402621365571,0.07909437838561928
replica,758,all_inroom,1312.1551264737698,0.0013121551264737698,131215.51264737698,106.7538496506234,0.0689178153533021
replica,759,all_inroom,1347.6061842871031,0.001347606184287103,134760.61842871032,107.05994144425534,0.37500960898525193
replica,760,all_inroom,1210.4102841855483,0.0012104102841855482,121041.02841855484,106.57545045946537,-0.1094813758047195
replica,761,all_inroom,1361.5847117606013,0.0013615847117606013,136158.47117606012,106.72942335908344,0.04449152381334898
replica,762,all_inroom,1412.5520137461385,0.0014125520137461384,141255.20137461385,106.7252782512922,0.040346416022103426
replica,763,all_inroom,1402.2328743079406,0.0014022328743079407,140223.28743079407,106.57348139064773,-0.11145044462236342
replica,764,all_inroom,1374.6366271313714,0.0013746366271313714,137463.66271313714,106.7973299404906,0.11239810522050675
replica,765,all_inroom,1276.64713996024,0.0012766471399602401,127664.713996024,106.64244332321928,-0.04248851205080939
replica,766,all_inroom,1339.1746780406884,0.0013391746780406883,133917.46780406884,106.99663542979003,0.31170359451994045
replica,767,all_inroom,1221.0109796882034,0.0012210109796882034,122101.09796882034,106.80489159649498,0.11995976122489083
replica,768,all_inroom,1403.8840523664448,0.001403884052366445,140388.4052366445,107.14513696554297,0.46020513027288246
replica,769,all_inroom,1382.625987726689,0.0013826259877266888,138262.5987726689,106.50768282834632,-0.17724900692377332
replica,770,all_inroom,1408.9140889177447,0.0014089140889177447,140891.40889177448,106.63021360274655,-0.05471823252354113
replica,771,all_inroom,1427.0826692720252,0.0014270826692720253,142708.26692720252,106.97926191293543,0.2943300776653359
replica,772,all_inroom,1309.6684292826094,0.0013096684292826094,130966.84292826094,106.8752330805512,0.19030124528110548
replica,773,all_inroom,1260.120230409469,0.001260120230409469,126012.02304094691,106.59592215701056,-0.08900967825952932
replica,774,all_inroom,1543.0989800744246,0.0015430989800744245,154309.89800744245,106.89951076127167,0.2145789260015789
replica,775,all_inroom,1165.9114380034703,0.0011659114380034702,116591.14380034702,106.5572402602617,-0.12769157500839867
replica,776,all_inroom,1191.0076968070853,0.0011910076968070853,119100.76968070853,106.75912881797103,0.07419698270093988
replica,777,all_inroom,1381.5177237867179,0.001381517723786718,138151.77237867177,107.13242650630069,0.44749467103059715
replica,778,all_inroom,1254.99054259156,0.0012549905425915599,125499.054259156,106.29176870946412,-0.39316312580596957
replica,779,all_inroom,1299.147713549175,0.001299147713549175,129914.7713549175,106.89280796041355,0.2078761251434571
replica,780,all_inroom,1269.3294850290376,0.0012693294850290376,126932.94850290376,106.88676193668896,0.2018301014188637
replica,781,all_inroom,1395.1475481657571,0.0013951475481657572,139514.7548165757,106.9481324650124,0.2632006297423146
replica,782,all_inroom,1322.790171236727,0.001322790171236727,132279.0171236727,106.78426729752749,0.09933546225740031
replica,783,all_inroom,1289.4949074105011,0.001289494907410501,128949.4907410501,106.70805533481108,0.02312349954098636
replica,784,all_inroom,1351.9017597834295,0.0013519017597834295,135190.17597834294,106.53323448846183,-0.15169734680826252
replica,785,all_inroom,1433.885402795207,0.001433885402795207,143388.5402795207,106.77558277313074,0.09065093786064438
replica,786,all_inroom,1303.559307113686,0.001303559307113686,130355.9307113686,106.56279871442047,-0.12213312084962524
replica,787,all_inroom,1222.2625299205956,0.0012222625299205957,122226.25299205956,106.79985672058498,0.11492488531489187
replica,788,all_inroom,1253.8741800735625,0.0012538741800735625,125387.41800735625,106.87540700494858,0.19047516967849276
replica,789,all_inroom,1285.1637109488238,0.0012851637109488239,128516.37109488237,106.554371207438,-0.13056062783209654
replica,790,all_inroom,1278.974120269413,0.0012789741202694131,127897.41202694131,106.76290220895012,0.07797037368003146
replica,791,all_inroom,1347.3938608395204,0.0013473938608395204,134739.38608395203,106.78276732780472,0.09783549253462809
replica,792,all_inroom,1302.2174698766364,0.0013022174698766363,130221.74698766365,106.92415096376303,0.23921912849293392
replica,793,all_inroom,1401.1930815819637,0.0014011930815819636,140119.30815819636,107.11292493960295,0.427993104332856
replica,794,all_inroom,1219.818656439169,0.001219818656439169,121981.8656439169,106.7026922798516,0.017760444581512047
replica,795,all_inroom,1420.3260248575884,0.0014203260248575884,142032.60248575883,106.83531559949041,0.1503837642203223
replica,796,all_inroom,1332.783673417001,0.001332783673417001,133278.3673417001,106.83311068517979,0.14817884990969787
replica,797,all_inroom,1266.7357885720746,0.0012667357885720746,126673.57885720747,107.05367500033648,0.36874316506639104
replica,798,all_inroom,1304.837580782188,0.001304837580782188,130483.7580782188,106.31101940426902,-0.37391243100107374
replica,799,all_inroom,1459.5227602197265,0.0014595227602197266,145952.27602197265,107.05283381627454,0.3679019810044508
replica,800,all_inroom,1351.5579442385276,0.0013515579442385276,135155.79442385276,106.82757701087523,0.14264517560513923
replica,801,all_inroom,1306.513871444237,0.0013065138714442371,130651.38714442372,106.77715403350443,0.09222219823433875
replica,802,all_inroom,1251.588799380553,0.001251588799380553,125158.8799380553,106.83651195894704,0.1515801236769505
replica,803,all_inroom,1245.7543422031263,0.0012457543422031263,124575.43422031263,106.87997768946117,0.19504585419107912
replica,804,all_inroom,1325.1899408852846,0.0013251899408852847,132518.99408852844,106.4266097858716,-0.2583220493984868
replica,805,all_inroom,1258.878825379049,0.001258878825379049,125887.8825379049,106.49326712381827,-0.1916647114518213
replica,806,all_inroom,1297.7646718088897,0.0012977646718088896,129776.46718088897,106.63741547648787,-0.04751635878221805
replica,807,all_inroom,1380.8836727796179,0.0013808836727796179,138088.36727796178,106.96291716654939,0.2779853312792966
replica,808,all_inroom,1245.2037585516177,0.0012452037585516176,124520.37585516176,106.96839581222369,0.28346397695359826
replica,809,all_inroom,1412.581487682038,0.001412581487682038,141258.1487682038,106.77930452961421,0.09437269434411633
replica,810,all_inroom,1353.9298929715785,0.0013539298929715784,135392.98929715785,106.41048411704809,-0.27444771822200664
replica,811,all_inroom,1368.5550118273004,0.0013685550118273005,136855.50118273005,106.7871419863342,0.10221015106411357
replica,812,all_inroom,1464.1811705878895,0.0014641811705878895,146418.11705878895,106.68575124070112,0.0008194054310308729
replica,813,all_inroom,1400.2367983407407,0.0014002367983407408,140023.67983407408,106.66080033195712,-0.024131503312972313
replica,814,all_inroom,1414.7591173389396,0.0014147591173389396,141475.91173389397,106.99603673407012,0.3111048988000249
replica,815,all_inroom,1224.6959076469616,0.0012246959076469615,122469.59076469616,106.33271589110461,-0.3522159441654793
replica,816,all_inroom,1298.6311308707163,0.0012986311308707164,129863.11308707163,106.67665419866837,-0.008277636601718541
replica,817,all_inroom,1351.4444565723811,0.001351444456572381,135144.4456572381,106.59416300818889,-0.09076882708120593
replica,818,all_inroom,1425.990287259653,0.0014259902872596532,142599.0287259653,106.55424506435384,-0.13068677091625602
replica,819,all_inroom,1267.9943384930634,0.0012679943384930634,126799.43384930634,106.75808326863526,0.07315143336516883
replica,820,all_inroom,1369.5875982369598,0.0013695875982369598,136958.759823696,106.67422426021488,-0.01070757505520703
replica,821,all_inroom,1301.7914803033234,0.0013017914803033234,130179.14803033233,106.70896773652585,0.024035901255757608
replica,822,all_inroom,1284.737450843897,0.001284737450843897,128473.7450843897,106.78386462063327,0.09893278536317496
replica,823,all_inroom,1364.0310961194343,0.0013640310961194344,136403.10961194342,106.24934918673088,-0.43558264853921
replica,824,all_inroom,1376.419201272865,0.001376419201272865,137641.9201272865,106.65335787328185,-0.03157396198824358
replica,825,all_inroom,1329.896570484255,0.001329896570484255,132989.65704842552,106.79257942041522,0.10764758514513062
replica,826,all_inroom,1285.8166302369993,0.0012858166302369993,128581.66302369993,106.79806488364231,0.11313304837221949
replica,827,all_inroom,1323.946071883799,0.0013239460718837992,132394.60718837992,106.91541529122166,0.23048345595157116
replica,828,all_inroom,1430.06625069423,0.00143006625069423,143006.625069423,106.6696806958525,-0.015251139417586046
replica,829,all_inroom,1346.0445061505343,0.0013460445061505343,134604.4506150534,106.58237236993455,-0.1025594653355455
replica,830,all_inroom,1405.41914674477,0.00140541914674477,140541.91467447698,107.00061189430829,0.3156800590382005
replica,831,all_inroom,1447.7141112737472,0.0014477141112737473,144771.4111273747,106.71018929958164,0.025257464311550848
replica,832,all_inroom,1406.9349337881247,0.0014069349337881246,140693.49337881248,106.88954373755188,0.2046119022817834
replica,833,all_inroom,1304.6769780498626,0.0013046769780498625,130467.69780498625,106.64168123883586,-0.04325059643423401
replica,834,all_inroom,1342.358516507252,0.001342358516507252,134235.8516507252,106.68480979294719,-0.00012204232290002892
replica,835,all_inroom,1364.9536128887794,0.0013649536128887794,136495.36128887793,106.66824090317846,-0.016690932091634636
replica,836,all_inroom,1284.7313670049843,0.0012847313670049845,128473.13670049843,106.96948584769319,0.28455401242310074
replica,837,all_inroom,1380.3716654154746,0.0013803716654154745,138037.16654154746,106.744287574433,0.05935573916291048
replica,838,all_inroom,1341.11254303741,0.00134111254303741,134111.254303741,106.50463013048157,-0.18030170478851915
replica,839,all_inroom,1235.409596151389,0.001235409596151389,123540.9596151389,106.93427142415369,0.24933958888360053
replica,840,all_inroom,1335.3081929122607,0.0013353081929122607,133530.81929122607,106.91453228675853,0.22960045148843733
replica,841,all_inroom,1410.2897062297825,0.0014102897062297825,141028.97062297826,106.91294168173145,0.22800984646136158
replica,842,all_inroom,1328.333498598839,0.001328333498598839,132833.3498598839,106.72680146336033,0.04186962809023953
replica,843,all_inroom,1267.23544540702,0.00126723544540702,126723.544540702,106.74840133066326,0.06346949539316427
replica,844,all_inroom,1465.6504628714622,0.0014656504628714623,146565.04628714622,106.81396398068794,0.12903214541785246
replica,845,all_inroom,1181.934189113339,0.001181934189113339,118193.4189113339,106.324478479468,-0.36045335580209326
replica,846,all_inroom,1294.0698504673812,0.0012940698504673813,129406.98504673812,106.73808956070238,0.053157725432285474
replica,847,all_inroom,1298.5797740896496,0.0012985797740896496,129857.97740896496,106.976536256927,0.29160442165691336
replica,848,all_inroom,1361.2034642771878,0.0013612034642771877,136120.3464277188,106.57638117573968,-0.10855065953040821
replica,849,all_inroom,1248.6406937675724,0.0012486406937675723,124864.06937675724,106.7091591899722,0.024227354702105686
replica,850,all_inroom,1358.3569786404648,0.001358356978640465,135835.69786404647,106.45178815619116,-0.2331436790789354
replica,851,all_inroom,1297.372003136068,0.001297372003136068,129737.20031360681,106.77869039649552,0.09375856122542814
replica,852,all_inroom,1326.2058477559297,0.0013262058477559297,132620.58477559296,106.94629479167818,0.2613629564080924
replica,853,all_inroom,1409.51430192298,0.0014095143019229798,140951.430192298,106.66719036838084,-0.01774146688924816
replica,854,all_inroom,1344.5224708836488,0.0013445224708836488,134452.24708836488,106.53622463788477,-0.14870719738532046
replica,855,all_inroom,1327.0019540858298,0.0013270019540858298,132700.19540858298,106.66742743668827,-0.017504398581820624
replica,856,all_inroom,1304.4206276346997,0.0013044206276346998,130442.06276346996,106.76019585488359,0.07526401961349904
replica,857,all_inroom,1405.553220541932,0.001405553220541932,140555.32205419318,106.79340458095687,0.10847274568678245
replica,858,all_inroom,1413.9545548776407,0.0014139545548776406,141395.45548776406,106.68854003957878,0.003608204308690688
replica,859,all_inroom,1249.9227724944124,0.0012499227724944123,124992.27724944123,106.79532295167036,0.11039111640026533
replica,860,all_inroom,1298.106876365717,0.001298106876365717,129810.68763657169,106.69025831436296,0.005326479092872205
replica,861,all_inroom,1337.9777960643605,0.0013379777960643604,133797.77960643606,106.66700025625745,-0.01793157901263953
replica,862,all_inroom,1290.7103828339218,0.0012907103828339217,129071.03828339218,106.8294316147423,0.1444997794722127
replica,863,all_inroom,1269.9832769335603,0.0012699832769335604,126998.32769335603,106.89793605067469,0.21300421540459524
replica,864,all_inroom,1198.7083015575681,0.0011987083015575681,119870.8301557568,106.58607699584036,-0.09885483942973394
replica,865,all_inroom,1246.2488655893217,0.0012462488655893217,124624.88655893216,106.59663229579361,-0.0882995394764805
replica,866,all_inroom,1308.9031967147469,0.0013089031967147469,130890.31967147469,106.37999981704088,-0.30493201822920923
replica,867,all_inroom,1278.4204863044693,0.0012784204863044693,127842.04863044692,106.76738454346486,0.08245270819476502
replica,868,all_inroom,1406.247008042591,0.001406247008042591,140624.7008042591,106.68282050485512,-0.0021113304149764645
replica,869,all_inroom,1287.5667131364632,0.0012875667131364633,128756.67131364632,106.67942028021606,-0.005511555054027895
replica,870,all_inroom,1196.2555136142605,0.0011962555136142605,119625.55136142604,106.50515018028867,-0.17978165498142573
replica,871,all_inroom,1248.1566736173563,0.0012481566736173564,124815.66736173563,106.74077219854989,0.05584036327979902
replica,872,all_inroom,1418.7778968095652,0.0014187778968095652,141877.7896809565,106.98473077466643,0.2997989393963394
replica,873,all_inroom,1278.5622742745413,0.0012785622742745412,127856.22742745413,106.684431640718,-0.0005001945520888285
replica,874,all_inroom,1237.1921125061617,0.0012371921125061617,123719.21125061616,106.92585970724754,0.2409278719774477
replica,875,all_inroom,1288.3801303607247,0.0012883801303607248,128838.01303607247,106.4998546617266,-0.1850771735434904
replica,876,all_inroom,1343.2741594988988,0.0013432741594988989,134327.41594988987,106.7196406361092,0.03470880083911254
replica,877,all_inroom,1446.0905997698294,0.0014460905997698294,144609.05997698294,106.56726810221996,-0.11766373305013644
replica,878,all_inroom,1347.6091719781075,0.0013476091719781076,134760.91719781075,106.56194657657254,-0.12298525869755395
replica,879,all_inroom,1376.344488798402,0.001376344488798402,137634.4488798402,106.49197731293341,-0.19295452233667731
replica,880,all_inroom,1306.715120242483,0.001306715120242483,130671.5120242483,106.80132821172074,0.11639637645065193
replica,881,all_inroom,1370.8230902724972,0.0013708230902724971,137082.30902724972,106.76984857169582,0.0849167364257255
replica,882,all_inroom,1285.0924432027723,0.0012850924432027723,128509.24432027723,106.60511276443256,-0.07981907083753015
replica,883,all_inroom,1432.9434444397702,0.0014329434444397702,143294.34444397702,106.51806900524205,-0.16686283002803748
replica,884,all_inroom,1175.610444558477,0.001175610444558477,117561.04445584769,106.90856609028629,0.2236342550161936
replica,885,all_inroom,1289.4535131706007,0.0012894535131706007,128945.35131706006,106.68879338024733,0.003861544977240783
replica,886,all_inroom,1406.334337532615,0.0014063343375326151,140633.43375326152,106.86496778572798,0.1800359504578921
replica,887,all_inroom,1187.2679424419737,0.0011872679424419737,118726.79424419737,106.53904022391033,-0.14589161135975814
replica,888,all_inroom,1389.7365466821457,0.0013897365466821457,138973.65466821456,106.82792076703132,0.14298893176122363
replica,889,all_inroom,1307.0159445788054,0.0013070159445788053,130701.59445788054,106.7675983180984,0.08266648282830147
replica,890,all_inroom,1389.3945717247038,0.0013893945717247038,138939.45717247037,106.77033078166433,0.08539894639423551
replica,891,all_inroom,1335.4379525830536,0.0013354379525830535,133543.79525830536,106.85845620181036,0.17352436654026349
replica,892,all_inroom,1370.8628144121637,0.0013708628144121638,137086.28144121636,106.67976046553548,-0.0051713697346116305
replica,893,all_inroom,1401.68879729309,0.00140168879729309,140168.879729309,106.65551025364539,-0.029421581624703208
replica,894,all_inroom,1365.3533577370456,0.0013653533577370456,136535.33577370454,106.59486296493499,-0.09006887033510225
replica,895,all_inroom,1242.5122158304039,0.001242512215830404,124251.22158304039,106.72038092411844,0.03544908884835252
replica,896,all_inroom,1308.722149127933,0.001308722149127933,130872.21491279331,106.87612206767024,0.191190232400146
replica,897,all_inroom,1382.2889650016252,0.0013822889650016252,138228.89650016252,106.29378342358487,-0.3911484116852222
replica,898,all_inroom,1329.036732667881,0.001329036732667881,132903.6732667881,107.09528867486353,0.41035683959343316
replica,899,all_inroom,1331.1775262022175,0.0013311775262022174,133117.75262022176,106.44399995864201,-0.2409318766280819
replica,900,all_inroom,1302.3829191137368,0.0013023829191137367,130238.29191137367,106.63034567467362,-0.0545861605964717
replica,901,all_inroom,1229.2185788910233,0.0012292185788910232,122921.85788910232,106.80859651734364,0.12366468207355297
replica,902,all_inroom,1332.4305776373867,0.0013324305776373866,133243.05776373867,106.76759303373447,0.08266119846437903
replica,903,all_inroom,1470.0216325734784,0.0014700216325734784,147002.16325734783,106.66091107809874,-0.024020757171356877
replica,904,all_inroom,1295.1456522805313,0.0012951456522805314,129514.56522805312,106.61919189756422,-0.06573993770587094
replica,905,all_inroom,1302.6254877709289,0.0013026254877709289,130262.54877709289,107.0114870766312,0.32655524136110614
replica,906,all_inroom,1368.7607162378265,0.0013687607162378265,136876.07162378266,106.55213146422125,-0.13280037104884457
replica,907,all_inroom,1273.1117170718762,0.0012731117170718762,127311.17170718762,106.7572933222548,0.07236148698470402
replica,908,all_inroom,1351.5572495981903,0.0013515572495981904,135155.72495981902,106.87515437007465,0.19022253480456186
replica,909,all_inroom,1337.4751901479003,0.0013374751901479003,133747.51901479004,106.46174910242,-0.22318273285009127
replica,910,all_inroom,1208.7600376493617,0.0012087600376493616,120876.00376493618,106.35916428713918,-0.32576754813091213
replica,911,all_inroom,1362.0967344915612,0.0013620967344915612,136209.6734491561,106.93135861226654,0.24642677699644366
replica,912,all_inroom,1494.7473987313113,0.0014947473987313113,149474.73987313113,106.64410560746568,-0.04082622780441625
replica,913,all_inroom,1410.0536098663665,0.0014100536098663665,141005.36098663666,106.8496091972803,0.16467736201020955
replica,914,all_inroom,1267.8880524761391,0.001267888052476139,126788.80524761391,106.7526857913346,0.06775395606450729
replica,915,all_inroom,1248.6748635947254,0.0012486748635947254,124867.48635947253,106.68371852308854,-0.0012133121815480763
replica,916,all_inroom,1271.4001887980576,0.0012714001887980575,127140.01887980575,106.66440469694932,-0.02052713832077302
replica,917,all_inroom,1395.9754646071297,0.0013959754646071297,139597.54646071297,106.80056333961596,0.11563150434587044
replica,918,all_inroom,1282.7380383061868,0.0012827380383061868,128273.80383061868,106.41645273275299,-0.26847910251710516
replica,919,all_inroom,1401.334406748109,0.001401334406748109,140133.44067481087,106.98906096217895,0.30412912690886174
replica,920,all_inroom,1400.190085619919,0.001400190085619919,140019.0085619919,106.32616487659266,-0.35876695867743535
replica,921,all_inroom,1403.3563768907284,0.0014033563768907284,140335.63768907284,106.57318983647929,-0.11174199879080504
replica,922,all_inroom,1528.7639666292118,0.0015287639666292118,152876.39666292118,106.65210818925385,-0.032823646016240104
replica,923,all_inroom,1364.184575585883,0.001364184575585883,136418.4575585883,106.54413975859794,-0.14079207667215599
replica,924,all_inroom,1348.1739615270785,0.0013481739615270785,134817.39615270784,106.9528641747087,0.26793233943860173
replica,925,all_inroom,1359.84707220287,0.0013598470722028702,135984.707220287,106.72157837615592,0.036646540885826084
replica,926,all_inroom,1251.4160595194353,0.0012514160595194354,125141.60595194352,106.71403931711457,0.02910748184447698
replica,927,all_inroom,1271.2156926996824,0.0012712156926996824,127121.56926996824,106.83984350719379,0.15491167192369915
replica,928,all_inroom,1277.3785324033297,0.0012773785324033298,127737.85324033297,106.64340695107845,-0.04152488419164513
replica,929,all_inroom,1478.6781353259648,0.0014786781353259648,147867.81353259648,106.69910772446086,0.014175889190767066
replica,930,all_inroom,1282.0541109355797,0.0012820541109355797,128205.41109355797,106.86407401207266,0.17914217680257138
replica,931,all_inroom,1297.7614132745193,0.0012977614132745193,129776.14132745193,106.74013603341491,0.05520419814482125
replica,932,all_inroom,1306.3277206830069,0.001306327720683007,130632.77206830069,106.60714494697936,-0.07778688829073133
replica,933,all_inroom,1458.9404476534778,0.0014589404476534778,145894.0447653478,106.739790221165,0.054858385894902995
replica,934,all_inroom,1404.3324239992296,0.0014043324239992297,140433.24239992295,106.38026539873522,-0.30466643653487324
replica,935,all_inroom,1356.8518758866026,0.0013568518758866025,135685.18758866025,106.83227666795636,0.1473448326862723
replica,936,all_inroom,1328.486524085623,0.001328486524085623,132848.65240856228,106.19885030555515,-0.48608152971493723
replica,937,all_inroom,1393.1314921824332,0.0013931314921824332,139313.1492182433,106.66702418103138,-0.017907654238712212
replica,938,all_inroom,1459.9186690120432,0.0014599186690120432,145991.8669012043,106.75291336289104,0.0679815276209439
replica,939,all_inroom,1280.9804828016058,0.001280980482801606,128098.04828016058,106.8354563549826,0.1505245197125049
replica,940,all_inroom,1312.8378511484345,0.0013128378511484346,131283.78511484346,106.80200501050702,0.11707317523692495
replica,941,all_inroom,1301.4988424422281,0.001301498842442228,130149.8842442228,107.20641870541789,0.5214868701477968
replica,942,all_inroom,1350.9805740782306,0.0013509805740782306,135098.05740782304,106.63756680576746,-0.047365029502628886
replica,943,all_inroom,1252.6204586084004,0.0012526204586084005,125262.04586084004,106.55332958094196,-0.13160225432812922
replica,944,all_inroom,1377.9246393578524,0.0013779246393578525,137792.46393578523,107.10167928894006,0.41674745366997
replica,945,all_inroom,1323.2509374698743,0.0013232509374698743,132325.09374698743,106.63493353426442,-0.049998301005672374
replica,946,all_inroom,1287.7753560193073,0.0012877753560193073,128777.53560193072,107.22442309486921,0.5394912595991173
replica,947,all_inroom,1366.3339053866207,0.0013663339053866207,136633.39053866206,106.8944039215054,0.20947208623530855
replica,948,all_inroom,1278.9827544051084,0.0012789827544051084,127898.27544051084,106.59518255280325,-0.08974928246684044
replica,949,all_inroom,1216.5462770975546,0.0012165462770975545,121654.62770975546,106.5076946347537,-0.17723720051638736
replica,950,all_inroom,1297.6489396627533,0.0012976489396627532,129764.89396627533,106.60264997636901,-0.08228185890108364
replica,951,all_inroom,1508.59119857193,0.0015085911985719298,150859.119857193,106.34447346861614,-0.340458366653948
replica,952,all_inroom,1246.9903772535736,0.0012469903772535736,124699.03772535735,106.67848391545476,-0.006447919815329328
replica,953,all_inroom,1278.5885676201503,0.0012785885676201503,127858.85676201503,106.48494385555821,-0.19998797971187798
replica,954,all_inroom,1290.9148656754232,0.0012909148656754233,129091.48656754232,106.79953538461889,0.11460354934880002
replica,955,all_inroom,1251.6474881746312,0.0012516474881746312,125164.74881746311,106.6539314465514,-0.03100038871869515
replica,956,all_inroom,1389.0529306116225,0.0013890529306116225,138905.29306116226,106.76798499922579,0.08305316395569662
replica,957,all_inroom,1328.6749929170624,0.0013286749929170623,132867.49929170622,107.11597612027535,0.4310442850052567
replica,958,all_inroom,1315.0721322665913,0.0013150721322665914,131507.21322665914,106.50385130167061,-0.18108053359948428
replica,959,all_inroom,1241.4318840510236,0.0012414318840510237,124143.18840510237,106.51971100430083,-0.1652208309692611
replica,960,all_inroom,1521.6526271270097,0.0015216526271270097,152165.26271270096,106.39366843707604,-0.29126339819404734
replica,961,all_inroom,1609.3427908895737,0.0016093427908895738,160934.27908895738,107.13274763278076,0.44781579751067113
replica,962,all_inroom,1398.624432684177,0.001398624432684177,139862.4432684177,106.92004657116448,0.2351147358943848
replica,963,all_inroom,1438.549954557615,0.001438549954557615,143854.9954557615,106.50694508851016,-0.17798674675992743
replica,964,all_inroom,1432.277034388627,0.001432277034388627,143227.7034388627,106.8630547793033,0.1781229440332055
replica,965,all_inroom,1393.2383486752603,0.0013932383486752603,139323.83486752602,107.00683727053283,0.3219054352627353
replica,966,all_inroom,1334.457089345209,0.001334457089345209,133445.7089345209,106.58460189584633,-0.10032993942375867
replica,967,all_inroom,1385.5041987736051,0.001385504198773605,138550.41987736052,106.54843260535364,-0.1364992299164527
replica,968,all_inroom,1385.211828155258,0.001385211828155258,138521.1828155258,106.53598494521009,-0.14894689006000306
replica,969,all_inroom,1322.66278142153,0.0013226627814215302,132266.278142153,106.77709544765112,0.09216361238102877
replica,970,all_inroom,1355.8950444034858,0.0013558950444034859,135589.50444034857,106.70219240252845,0.017260567258361448
replica,971,all_inroom,1308.5059531545876,0.0013085059531545875,130850.59531545876,106.90939761250718,0.22446577723708572
replica,972,all_inroom,1417.520531550062,0.001417520531550062,141752.0531550062,106.72930445157462,0.04437261630452838
replica,973,all_inroom,1306.9282080478933,0.0013069282080478933,130692.82080478933,106.70560828240058,0.020676447130483666
replica,974,all_inroom,1195.792370380988,0.0011957923703809878,119579.23703809878,106.82264195359548,0.13771011832538704
replica,975,all_inroom,1370.65111808147,0.00137065111808147,137065.111808147,106.70465498064029,0.01972314537019315
replica,976,all_inroom,1300.642815014166,0.001300642815014166,130064.2815014166,106.54666966524718,-0.1382621700229123
replica,977,all_inroom,1320.3572522346658,0.0013203572522346657,132035.72522346658,106.721908947179,0.03697711190891084
replica,978,all_inroom,1386.1464453614399,0.0013861464453614398,138614.64453614398,106.87075880226742,0.18582696699732537
replica,979,all_inroom,1432.056803934744,0.001432056803934744,143205.6803934744,106.62323400086579,-0.0616978344042991
replica,980,all_inroom,1369.2194218331492,0.0013692194218331492,136921.9421833149,106.85698781396235,0.17205597869225642
replica,981,all_inroom,1445.1354506655928,0.0014451354506655927,144513.54506655928,106.54923294312543,-0.13569889214466002
replica,982,all_inroom,1203.4960223383855,0.0012034960223383856,120349.60223383855,106.827048863119,0.14211702784891145
replica,983,all_inroom,1369.2159928708272,0.0013692159928708272,136921.59928708273,106.57280074105181,-0.11213109421828449
replica,984,all_inroom,1368.8444266159358,0.0013688444266159359,136884.44266159358,106.88402426998086,0.19909243471076365
replica,985,all_inroom,1421.8367147377853,0.0014218367147377853,142183.67147377852,106.48557130679927,-0.19936052847081953
replica,986,all_inroom,1227.1699104519344,0.0012271699104519343,122716.99104519343,106.73131541662823,0.04638358135814258
replica,987,all_inroom,1379.3946518064608,0.0013793946518064607,137939.46518064608,106.72491965830604,0.03998782303594339
replica,988,all_inroom,1339.9579222460447,0.0013399579222460449,133995.79222460446,107.28336120577711,0.59842937050702
replica,989,all_inroom,1395.5837474553987,0.0013955837474553987,139558.37474553986,106.5141887905318,-0.1707430447382876
replica,990,all_inroom,1311.3560037796437,0.0013113560037796438,131135.60037796438,106.87589211447931,0.19096027920922154
replica,991,all_inroom,1380.1379456027798,0.00138013794560278,138013.79456027798,106.46234909083877,-0.2225827444313211
replica,992,all_inroom,1324.1974404196465,0.0013241974404196465,132419.74404196464,106.83604782749195,0.151115992221861
replica,993,all_inroom,1364.3562747383344,0.0013643562747383345,136435.62747383345,106.78872861359652,0.10379677832642642
replica,994,all_inroom,1266.1087102780018,0.0012661087102780017,126610.87102780018,107.04125853311314,0.3563266978430448
replica,995,all_inroom,1398.364571177145,0.001398364571177145,139836.4571177145,106.43414215074108,-0.2507896845290105
replica,996,all_inroom,1281.3688770212864,0.0012813688770212863,128136.88770212863,106.65559705602624,-0.02933477924385386
replica,997,all_inroom,1275.9724901196014,0.0012759724901196014,127597.24901196014,106.57878451639726,-0.10614731887282858
replica,998,all_inroom,1419.019231759543,0.0014190192317595429,141901.9231759543,106.80950463441305,0.12457279914295327
replica,999,all_inroom,1301.771083668507,0.001301771083668507,130177.10836685069,106.40715667763766,-0.27777515763243343
