replica_id,distance_D,smoothing_lambda,sigma_5_MeV_mb,sigma_5.5_MeV_mb,sigma_6_MeV_mb,sigma_7_MeV_mb,sigma_8_MeV_mb,sigma_9_MeV_mb,sigma_10_MeV_mb,sigma_11_MeV_mb,sigma_12_MeV_mb,sigma_14_MeV_mb,sigma_16_MeV_mb,sigma_18_MeV_mb,sigma_20_MeV_mb,sigma_22_MeV_mb,sigma_24_MeV_mb,sigma_26_MeV_mb,sigma_28_MeV_mb,sigma_30_MeV_mb,sigma_35_MeV_mb,sigma_40_MeV_mb,sigma_45_MeV_mb,sigma_50_MeV_mb,sigma_55_MeV_mb,sigma_60_MeV_mb,sigma_65_MeV_mb,sigma_70_MeV_mb,sigma_75_MeV_mb,sigma_80_MeV_mb,sigma_85_MeV_mb,sigma_90_MeV_mb,sigma_95_MeV_mb,sigma_100_MeV_mb,sigma_105_MeV_mb,sigma_110_MeV_mb,sigma_115_MeV_mb,sigma_120_MeV_mb,sigma_125_MeV_mb,sigma_130_MeV_mb,sigma_135_MeV_mb,sigma_140_MeV_mb,sigma_145_MeV_mb,sigma_150_MeV_mb
0,0.09485894211046256,100.0,0.0,0.0,0.0,0.0,0.0,0.0,0.0,0.0,0.0,0.0,0.0,1.348963277643891,7.672963541041133,12.780067388120006,20.775681868643037,33.337209652731566,48.06769576971676,62.39081184880279,82.60156565357384,87.73552389142677,87.21275219506805,84.7012384874283,84.62002072732612,82.4304132714359,76.39484857160724,73.82501655818928,72.55273936346569,68.83687912575394,65.03445322533435,62.728075731846694,60.596545257930536,59.86947125106908,58.99533221697751,57.762046048908715,56.473661637117004,55.143470855032774,53.7308388647358,52.24800655955372,50.718094261787634,49.2948519034258,48.637550715788656,49.525481085079576
1,0.15258306256107265,100.0,0.0,0.0,0.0,0.0,0.0,0.0,0.0,0.0,0.0,0.0,0.0,1.3664313246781332,7.543913102773911,12.365632282675598,19.958487425777577,32.3688127656847,47.364240690086326,60.76813260409292,79.98237023301347,86.183771918787,84.83958904337962,83.13959416368867,82.12274489450262,80.66463468256005,73.89475379405683,72.34066421827345,69.24744050020317,65.92644417909806,62.30466789098703,62.89949500241818,61.27303029758204,57.767453148299936,55.398248111530975,54.10812381505244,53.23762133181683,52.41606379117318,51.40571100087677,50.19637082012866,48.832164387348925,47.48431330489765,46.81397585850557,47.59193059772882
2,0.242227776154819,100.0,0.0,0.0,0.0,0.0,0.0,0.0,0.0,0.0,0.0,0.0,0.0,1.2937022321315084,7.657825026774757,12.978630356814827,21.16422956476794,34.262086017459126,50.131086911156586,63.69793540748178,84.32654165825757,90.13356002648592,88.95961524613637,87.50576962427621,86.40531457351351,84.53557680220398,77.65609755966584,74.53239992962592,72.370953617661,68.08586846856674,63.22066499083728,62.78458790745802,62.09135033202347,61.04123071075924,59.53349505632402,57.768758264700736,56.07941339762568,54.571122752089956,53.273248876626475,52.141533173708254,51.118103577711985,50.166716689332,49.32186090722027,48.632441578960304
3,0.23036383922352863,0.3,0.0,0.0,0.0,0.0,0.0,0.0,0.0,0.0,0.0,0.0,0.0,0.8857671016091198,7.3696611598582304,13.506701521522466,19.34245895523463,34.17264390426035,47.27521342116053,61.38002204124549,80.93285436245192,88.29957571513712,85.89710046115194,84.25934332222208,83.15287838948157,81.95039896210875,75.0029263166179,72.86331057971434,68.2909102213299,68.81373430139077,60.64963081762664,62.448484701269706,62.379973747287195,61.56586514192232,59.56394860235157,57.14166091052071,55.436174600716335,54.14614295348887,52.803448361544824,51.435076300757906,50.17474280901129,49.19969020414385,48.90081182604921,49.73581841047701
4,0.19806636773116484,30.0,0.0,0.0,0.0,0.0,0.0,0.0,0.0,0.0,0.0,0.0,0.0,1.406886248684578,7.625036540306594,12.431385377051924,20.162960302128774,32.59602069088777,47.572326244253674,60.849394067244475,80.7348969200088,85.49588975662071,85.24577815876754,83.56352718109267,82.93147657755834,81.68929268832645,74.65672570895445,73.6984709310958,71.47555349606982,67.40942121001319,61.38582012896699,60.81755208566559,59.87945492892102,57.75101860404447,57.08063380345512,56.7344861739952,55.14049832185312,52.960144934188826,51.10109346641043,49.608655585334105,48.34419258416029,47.262158823801144,46.627506145641036,46.775470230007706
5,0.2935333874783519,30.0,0.0,0.0,0.0,0.0,0.0,0.0,0.0,0.0,0.0,0.0,0.0,1.5355966310791567,8.166951987629384,13.2545782097194,21.689166607620066,35.159349211622754,51.337209290405134,66.50209010863222,86.82933679564046,92.95740163150731,90.96110713275684,89.28316819957357,89.37873806266585,87.29730284687022,80.32684661523744,76.73218728015985,74.0810271798894,70.3980094905333,66.0793140398313,67.16919348830943,65.04062980274085,60.96688530254738,59.685815084945546,59.70898142312999,58.75905953593636,57.04999579550246,55.268507081428616,53.61893790518447,52.181917668672476,50.95918005142003,49.678203254544634,48.02734597055073
6,0.18786119311209903,10.0,0.0,0.0,0.0,0.0,0.0,0.0,0.0,0.0,0.0,0.0,0.0,1.3308130353886598,7.460054059542591,12.407857902174994,20.376686665653033,32.63935703762319,47.13739666781138,61.10043027850825,80.8602302203743,87.108757713427,84.79046142159352,83.8486707649979,82.4407590643044,81.80360053047607,75.06140054156167,72.43134612547426,72.33004645396109,66.86983622867187,61.125804712797795,64.11317163497496,60.2129086676683,58.91395782867406,58.20909541167213,57.02647825268802,55.74497172836708,54.32669944803569,52.70126208690815,51.02817362131635,49.50193220982743,48.32408757819479,47.79859005995547,48.263956184829446
7,0.1906906012204403,1.0,0.0,0.0,0.0,0.0,0.0,0.0,0.0,0.0,0.0,0.0,0.0,1.3472900990436416,8.092118318624665,13.580175062007264,21.461842151464147,35.864630705759474,50.80248109775956,65.57417766618896,86.49804514260066,93.38959887282208,92.03573107488525,89.53225229807681,88.83647117253884,87.12076891454456,80.65871813814027,77.66498585663739,76.95460626081882,69.99569877912879,67.86094788343695,64.68346254865249,65.08136218972604,60.67491070805608,60.34962780102418,61.92464780816073,60.51043768153121,57.43187793571795,54.93257639970278,53.239483259626766,52.15867523769795,51.46677106238979,50.710456876153486,49.40367892920428
8,0.14187858031825198,30.0,0.0,0.0,0.0,0.0,0.0,0.0,0.0,0.0,0.0,0.0,0.0,1.4041777063081853,7.854796327321721,12.90419855395593,20.67663995738796,33.52132696777442,48.75625718959448,63.053523280185345,83.14683960677613,88.66708100189993,87.76404225915506,86.25317012483718,85.32229624132098,83.50913064857203,76.80800542154837,76.02534577965815,75.49648845849528,70.3918494437841,63.09125026034485,63.381444075985186,63.12051377601616,62.59167103351373,60.83310867933766,58.42954501527969,56.399492353527144,54.88087908735051,53.7593562273008,52.7021417915463,51.34650971645374,49.64750643188319,48.653285589832784,49.62598564225507
9,0.19831662046472384,100.0,0.0,0.0,0.0,0.0,0.0,0.0,0.0,0.0,0.0,0.0,0.0,1.3459057146897155,7.411587254759605,12.207756250983833,19.97087218167951,32.09010004070777,45.854877973815185,59.25038890074958,79.11265911801954,84.17558985885317,83.33457177228824,82.14997447677321,81.15162349619466,79.44882122002083,73.29876084028038,71.01043758869119,67.6423262384064,62.07733419724329,58.55438543836687,58.08873913795526,58.1999841685162,57.94539833665731,56.38816346236697,54.21435523688413,52.31035366943722,50.7959080035974,49.60238936100851,48.600286821371036,47.65448466018758,46.73840873954661,46.214977774137445,46.53453629163281
10,0.1594618889626125,3.0,0.0,0.0,0.0,0.0,0.0,0.0,0.0,0.0,0.0,0.0,0.0,1.1437786498784142,7.010066567745854,11.886772019095014,18.875161266587835,31.135665797338618,43.938197077630655,57.4133356640734,75.46373408119615,80.80907923577813,79.69452096656163,77.69425775992356,77.48015017459748,76.03708846134886,69.97942737025929,67.29175342420216,63.53606763406463,63.49769397101096,56.15084062450054,60.24871953259291,56.677533834273376,54.82242511779942,54.01824159812845,53.01230820659362,51.76379669917783,50.14578907248413,48.17705652740446,46.43913135498585,45.572484443017736,45.8081201992195,45.8674422743039,44.1165056600228
11,0.15627958326121483,30.0,0.0,0.0,0.0,0.0,0.0,0.0,0.0,0.0,0.0,0.0,0.0,1.4675187109592962,7.569080501397309,12.145623829974603,19.984841065449686,32.569489471548394,47.06894519742353,60.40474110092293,79.54782212125261,84.74615602540639,84.63780139212516,82.66463589808178,81.66234956446581,80.67081660182849,74.32770907759799,72.31914210250105,68.57699534592966,64.96364709124374,60.72279403931147,60.42046176997352,58.84324995156707,58.79426214711487,58.19440575947319,56.662854899089425,54.77636862695003,52.9180977052347,51.33736029902478,50.05221103640674,49.031047272971314,48.23737009907199,47.60120480546862,47.04804689967458
12,0.16040229452888266,30.0,0.0,0.0,0.0,0.0,0.0,0.0,0.0,0.0,0.0,0.0,0.0,1.3686473015850131,7.853978539002671,13.128313310530302,21.404957385115686,34.61781080789103,49.24380770703692,63.80835607486988,83.80674174786725,90.70624025209356,89.02005376410686,86.68708124653193,86.35958007541745,84.69851869151911,77.94327994176344,74.6246441335633,70.96318163885176,69.74366719878722,65.83575848245258,64.38415709688753,62.41671277332221,62.331899301265814,61.79820238036414,60.22671513691053,58.03341457996279,55.75716734245367,53.821819763343726,52.289459678415824,51.14369160556943,50.421958870649235,50.356463825602326,51.24621574844892
13,0.28362123676957823,1.0,0.0,0.0,0.0,0.0,0.0,0.0,0.0,0.0,0.0,0.0,0.0,1.628587942497502,7.852593450023169,12.57354027592485,21.755052451310014,34.02090991350915,50.00916241735941,64.99208068962533,84.2855760451298,90.74317289705964,89.68577335654706,87.35554287790164,86.51518709927812,85.27252008655768,77.97363021777905,77.40679392265974,73.96875531648529,69.8294498306388,65.17961110361915,68.13072599935931,61.4510966600139,59.68591025902123,59.57003830549095,58.966499356767926,57.824732151667696,56.23545068294318,54.34983501241672,52.41240562625586,50.66207900174972,49.50071921686366,50.085006245175194,53.97126750662818
14,0.22784093374787293,30.0,0.0,0.0,0.0,0.0,0.0,0.0,0.0,0.0,0.0,0.0,0.0,1.2630623501329965,7.531127054305097,12.820757159255619,20.893303656503587,33.14120552860416,47.664067669263595,62.116451410111644,81.61850864580398,87.78364832936056,86.35950564579966,84.97882932996995,84.34243983499177,82.26324145394857,75.87355229730252,73.2516485504542,70.6449167605204,68.22817106408498,63.21130529159124,61.48077983402292,60.99731791233216,60.72028673302251,59.93116084762134,58.63966276438546,57.04136215178171,55.14131960560467,52.96930880952306,50.79235048857654,48.89458646559892,47.52141662210276,46.90751849320787,47.30378952790762
15,0.4770362662521436,0.03,0.0,0.0,0.0,0.0,0.0,0.0,0.0,0.0,0.0,0.0,0.0,1.1879619872946143,7.605995137899627,12.83127753544326,19.48246509599604,32.60495403800559,47.05412699455973,60.48813372063454,79.11994777323031,84.08663831719248,84.3096429760473,81.74083637961554,82.24617832694412,80.37390263887487,74.08377345005782,73.0163903644182,71.45520020485549,65.23008261522561,58.76749974286827,62.39780668270519,58.6468385346781,59.76751829667678,56.59365313276631,51.97107174428017,51.10197551449119,51.78842796621832,51.13435096223111,49.605680551433124,48.457384025117356,48.38323952238974,48.23368729460138,46.44804520779946
16,0.16445982955988675,100.0,0.0,0.0,0.0,0.0,0.0,0.0,0.0,0.0,0.0,0.0,0.0,1.378712454111098,7.557057685661597,12.420475540561174,20.32773406689301,32.85109292586116,47.47472872991497,61.26609616980832,80.4902180571545,87.18879313656063,85.11710285835584,84.0908695823928,83.43205286502602,81.52063073997478,75.36804003246601,72.14570902581791,68.61818691946934,64.61385534352628,62.60353914454049,62.92578177644032,61.50385933555112,59.21588461995361,57.29736476714439,55.63921495969311,53.98860181093116,52.44386912589827,51.130379640613484,50.005080346630535,48.99081423613775,48.04919606790549,47.27310999222391,46.781794717120135
17,0.1609748711954778,30.0,0.0,0.0,0.0,0.0,0.0,0.0,0.0,0.0,0.0,0.0,0.0,1.3732070026077041,7.884144247848588,13.183841367776902,21.406383130460565,34.180220895817136,49.17073579497262,64.05192034218152,84.93685880510556,90.93543754011912,90.04405916385276,87.92904884067345,86.63502402460644,85.58149379764279,78.71831390824406,75.77861663753917,71.93625326164806,67.92205168856202,63.89079320532007,64.15577657219757,62.02025160671466,61.36439882659494,60.97448624205834,59.5483822597073,56.83067358623326,54.10378438053722,52.479234373783086,51.71199320243977,51.303864025587984,50.81779434886434,49.94824585283784,48.443719729397486
18,0.1615270856309281,30.0,0.0,0.0,0.0,0.0,0.0,0.0,0.0,0.0,0.0,0.0,0.0,1.35300815520676,7.9860716660803535,13.450862050828576,21.754086582051745,35.491037424630434,50.77057125902929,65.01432626726348,86.48303572675071,92.4249934908396,91.78111633703716,89.14682112660267,88.59966527280372,87.08334128254864,80.40020378950324,77.82597820350705,75.53378199357815,71.57644990521493,66.54739802516141,67.13494789523442,64.70190421056293,64.96818953498997,64.31306606402497,62.28143190878483,60.04083346849125,57.888571383725036,55.921697307888316,54.29574685893258,53.16731630410093,52.59935139639564,52.31466467753391,51.962957015763166
19,0.14726620057195036,0.3,0.0,0.0,0.0,0.0,0.0,0.0,0.0,0.0,0.0,0.0,0.0,1.0082974049944975,7.274139301079099,12.791140604569238,19.16981028237203,32.39949769466414,45.90045968446545,59.93860347918615,78.71399503133215,84.73366330297723,83.96458078949057,81.67602119243857,81.58265986274377,79.94075276977317,73.75529429914705,72.27019344103762,69.88234881644813,66.02809893132292,59.739766488316086,62.03491241262018,60.02469951644098,59.04409247122693,57.337200465054195,55.357080178173526,54.41158170348004,53.69795041510751,52.27110227437433,50.41265276186155,48.65585758601487,47.42268241313935,46.926969649978126,47.35543164934407
20,0.3982484864155221,30.0,0.0,0.0,0.0,0.0,0.0,0.0,0.0,0.0,0.0,0.0,0.0,1.2134274839704409,7.230062646134598,12.258349633728857,19.88266170628433,32.10447818615216,46.517525105688776,60.029162673539275,78.64179342796251,84.4615796322978,83.2276699598017,81.42626746145962,79.44293991753769,79.46537433986528,73.33488552898348,72.86157345085596,69.57019544915673,65.79191203579835,58.67551964704357,56.823047949636624,56.58842894998749,56.83076928247707,55.87854968206423,54.20674586997081,52.73215847030937,51.433664268940575,50.139787470845704,48.90513534913012,47.829738687750556,47.00254419522496,46.4990133694248,46.39374840950055
21,0.14235415494552625,10.0,0.0,0.0,0.0,0.0,0.0,0.0,0.0,0.0,0.0,0.0,0.0,1.2843493614864503,7.541816574844476,12.617195256364079,20.204243602975236,33.20109787266893,47.33340710368676,61.09273469851574,80.44186542918833,87.36632009271706,85.76144623858796,83.82854764322191,83.09050414037375,81.41534668958461,74.90363979734454,73.43441044159802,71.64606302129651,67.5175487042523,60.64872817084769,63.02927082073122,60.26873804057544,58.20955802202543,56.41388230569712,54.67851614928895,53.520157582032276,52.65477713438238,51.72099125956999,50.716479026863325,49.72085949515382,48.74568788977752,47.56042598981199,45.90070210704902
22,0.20956533384950166,100.0,0.0,0.0,0.0,0.0,0.0,0.0,0.0,0.0,0.0,0.0,0.0,1.2193303352958198,7.073315897491834,11.854245054740828,19.181786122948107,30.835276096263513,44.631780194675066,57.93754939901176,75.91545037981314,81.17388020070902,80.72647595474776,79.04084130261181,78.27776780422465,77.04806855248306,70.62474105202297,69.2474007684856,68.1836696271852,63.83250251281036,57.7166339972337,56.037980060947035,56.72630832967856,56.98312639030254,56.20526919424086,54.80358645475309,53.23401898236264,51.64242089545209,50.102616365516056,48.7157268147432,47.58026479883985,46.718997372119574,45.88919235363305,44.800875131360186
23,0.3802971377769203,100.0,0.0,0.0,0.0,0.0,0.0,0.0,0.0,0.0,0.0,0.0,0.0,1.507721085532998,8.562003614399577,14.218693508734123,22.942512160777436,36.668624480462,53.38125248496598,68.86801162740018,90.92775622729845,97.04659954564082,96.78245501190625,93.92579269227217,93.33903482953502,91.23125074323333,83.76054231065156,79.48150574799081,75.26046241663869,73.10250963190607,72.47635382404941,70.94552997951628,68.41688744062937,67.1585478690943,65.79289889715908,63.92771574744337,61.7591775611048,59.670466351246354,57.97462935989221,56.67383588910547,55.70600817948192,55.05988382001977,54.898309155949306,55.434671426362186
24,0.19879964388295188,30.0,0.0,0.0,0.0,0.0,0.0,0.0,0.0,0.0,0.0,0.0,0.0,1.2063495255337313,7.413047762511262,12.690176220209473,20.46289285756928,33.180970945268825,47.6760741630687,61.558831644858955,80.71149204878044,87.69909283619947,85.46320820432092,84.09228753273327,83.23515627652182,81.65264120661088,75.37838559893622,72.73432356342919,71.45204010925923,67.01667209047326,62.92236008233816,63.06703492438389,59.40667007687347,57.23381891165694,56.702084952398145,56.51018956837847,55.791078753721756,54.4337907834114,52.572327728541694,50.51199372056872,48.56252279538248,47.1283269960194,47.129563149820456,49.72529344120733
25,0.16057925965958159,100.0,0.0,0.0,0.0,0.0,0.0,0.0,0.0,0.0,0.0,0.0,0.0,1.4071432997035258,7.965888910405045,13.154235390952342,21.072721393365157,34.11798327307307,49.60445005268729,63.581491664831944,84.57353322063778,90.72916485424813,89.26183440221034,87.10823389957322,86.92443421733786,85.1354319300192,78.09765331893676,75.95804608692839,73.10345729478762,68.64843617666165,64.86467301948691,64.59694820924442,63.211668436134374,62.43961788982267,60.984726764497296,58.90037051243195,56.82614969244395,55.01199437635882,53.562383041933145,52.42209146678797,51.50638479329209,50.84524265732757,50.896573590257205,52.250880719188324
26,0.16657129347189,3.0,0.0,0.0,0.0,0.0,0.0,0.0,0.0,0.0,0.0,0.0,0.0,1.4113380103773832,7.717449691587758,12.587585624404452,20.331316870877252,33.221622186780024,47.27614235469161,61.71310838211235,81.01110697206906,86.31227754357631,85.75595148121923,83.57974510506662,83.46776643550903,81.79565492771367,74.86568372053789,73.37612742385436,67.0465696876615,65.13879295200987,61.0302320142726,63.49342265350244,59.081762769428686,57.71144426128988,57.69282947165459,57.102384859961425,55.50710485629558,53.46682713869955,51.60777686640832,50.074569550086935,48.898268463948945,48.07098728160005,47.433649564031185,46.79962708026182
27,0.12063752849110139,100.0,0.0,0.0,0.0,0.0,0.0,0.0,0.0,0.0,0.0,0.0,0.0,1.3685668117110896,7.829537243321211,13.011272617726384,20.91534622502991,33.6423244245389,48.83985788103442,63.27557925672238,83.5057952557415,89.67261567220406,88.60425724835072,86.3869733631572,85.62510539924592,83.84236704436135,77.52069559210845,75.80689716663981,72.187763092187,67.41477842164717,63.69314731779112,64.04670404719384,62.76949550420911,60.12651112417597,58.2101966815367,56.97582598780768,55.940945968028196,54.75932999857795,53.22196233441152,51.47590531623612,49.73466303670133,48.26626436664586,47.628099291039355,48.4563425717709
28,0.33135022528365,0.03,0.0,0.0,0.0,0.0,0.0,0.0,0.0,0.0,0.0,0.0,0.0,1.0962382168616343,7.393966004976965,13.863205314994465,17.99268024589947,34.01850158464155,45.891867859941684,59.718842947603875,79.7431143268551,85.5003650396366,84.37844781516952,82.26333230971663,82.0903034055635,80.31160710054517,73.68010153648889,72.82340244882776,70.2723675803588,67.28583106252202,61.01668579672924,64.67253347112039,58.94077417498886,56.39317064918088,56.09182955109725,55.328964103723294,53.06622715439237,50.42524253189995,48.57641004361584,47.507493195407555,46.98101755611897,46.81126180004786,46.905643832296164,47.19620518432057
29,0.2580087584219787,30.0,0.0,0.0,0.0,0.0,0.0,0.0,0.0,0.0,0.0,0.0,0.0,1.3791450908857354,7.715000724081255,12.772024490364757,20.817809239491403,33.7552037807034,49.98042887201454,64.05559296343361,84.22560853134095,90.43778120566681,88.78650011208356,86.46838381528111,85.85624059517664,84.01087959826125,77.59987563287187,76.08754613609247,73.16836708104492,68.34056741965614,65.12994472658077,65.47168017404509,62.44503116843185,61.62692564348608,60.37715046079663,58.64264265000875,57.43671010120284,56.35143614678497,54.849121792991674,53.07935097583073,51.33262004848812,49.999354056887796,49.97219165031355,52.35370489899339
30,0.27317264177092915,100.0,0.0,0.0,0.0,0.0,0.0,0.0,0.0,0.0,0.0,0.0,0.0,1.4611100691646248,7.618704814345301,12.249090332419552,20.10771034599607,33.234734167828336,47.90500417519091,60.90106825985378,81.43723358603674,87.04638907086881,85.98410283919492,84.00319163508097,83.26502977637031,81.2617939614217,74.8524857149539,72.02034489743392,69.37433847940102,66.35533156198352,62.50556444096953,61.56151624549416,60.75590801127277,58.624454449222135,56.7162467711357,55.36428779848965,54.417853382302376,53.58006509199489,52.60519639151587,51.546033788173034,50.520469712747584,49.61554321207194,48.82802206552308,48.13424949480614
31,0.14622324526241992,100.0,0.0,0.0,0.0,0.0,0.0,0.0,0.0,0.0,0.0,0.0,0.0,1.3736690688428017,7.5253158172846195,12.308216881703014,19.937191840900457,32.34303208185824,46.689496864345415,59.88157819532391,79.36201516761696,84.37803657214003,83.71419067639864,81.23945052189977,80.62364173521584,79.26989293217719,73.21937943472827,71.00222089764414,67.85672044770006,63.0540049346098,58.59456682695852,59.12141649473978,58.75032281155227,56.77016906202638,55.40443572204045,54.40942137584732,53.11202661729394,51.65580563995217,50.308632525588756,49.12713724106603,48.11741707340388,47.30836937058084,46.81921711328171,46.791242467118494
32,0.30779882849065093,3.0,0.0,0.0,0.0,0.0,0.0,0.0,0.0,0.0,0.0,0.0,0.0,0.9675959127974078,7.403471948566056,13.112297131679068,18.93137887863547,33.72847977565894,46.743680604020625,61.43846668234941,80.64017604217996,86.98588803088485,85.73192140228518,83.4217941733393,83.41189193741963,81.03066254703926,75.10940763195096,72.56099584117896,68.2190320889314,68.95354427572772,64.43079867091001,62.67077704546968,59.27055387353222,58.5080476998612,59.21391908024176,58.84385410230722,55.99808237732103,52.73304519060421,50.950870467855914,50.10897736820203,49.216428056300295,47.87097556948006,47.70477018093516,50.92622275942202
33,0.2250119437379669,0.3,0.0,0.0,0.0,0.0,0.0,0.0,0.0,0.0,0.0,0.0,0.0,1.8494057385323333,7.817534568333936,11.961272059433362,21.282434024109456,32.4815303795168,47.719661001994986,61.148523266539705,81.28192993023195,85.85011445516128,85.70298340010584,83.82647336158671,82.38892354454987,81.82028464102838,75.00456216301352,72.34882265820193,69.11415588465728,65.40646981857938,62.40107920181848,64.02043694087608,57.1554267927362,58.15071800829948,58.57409389499055,56.920487176272154,55.32467524543669,53.78947378867263,51.98200020127836,50.132524785409466,48.56769391805338,47.587972662605964,47.53198850461305,48.79133021247871
34,0.2202075748148459,100.0,0.0,0.0,0.0,0.0,0.0,0.0,0.0,0.0,0.0,0.0,0.0,1.2446785810784797,7.335452483783235,12.341990737042382,19.859969380842855,32.14831841134878,47.04040235017221,60.01652129426218,78.89811190455517,84.6113639796403,83.30779745614454,81.71691139606767,80.64675763443459,79.0199732898774,73.09491009149802,71.43620020424332,68.77472652769394,64.1414915331168,60.627025966722755,59.16960185072209,58.43226248003779,58.305413930741516,58.14044151213969,57.21878308490636,55.187324072397026,52.77626877253242,50.71043260346858,49.011173124668105,47.55403229655362,46.29981739766358,45.487500745071785,45.41489649113795
35,0.14506939155290752,100.0,0.0,0.0,0.0,0.0,0.0,0.0,0.0,0.0,0.0,0.0,0.0,1.4085389491729023,7.762700706947408,12.761656546278743,20.849746837948366,34.07666847930851,49.139045405408794,63.00300167694465,83.75232482178777,89.15871916509427,88.38057191228886,86.19535799952625,85.47246253856616,83.70127678574296,77.42500397486008,76.01426864814889,74.96208433374032,69.44458558849122,64.32692301182203,64.71337405033422,62.82153767174887,60.122663042034084,58.11017054209712,56.52343547783564,55.009135546079015,53.58906298642573,52.34315121627309,51.26036879837436,50.31011763642207,49.59050757495959,49.700734023286635,51.404990890050165
36,0.14530913868459605,30.0,0.0,0.0,0.0,0.0,0.0,0.0,0.0,0.0,0.0,0.0,0.0,1.1873855674218887,7.2235805236264286,12.290002237839584,19.711639116916928,31.97612053692906,46.41890671296699,60.41451324630742,78.98686247420225,84.09741597433307,83.1811802930413,81.41004960151585,81.10546288835052,79.63948053925154,73.05181127987986,71.8795668447628,69.72716588082761,63.748170204130254,59.607591329756225,60.01568435558599,59.27353237955258,57.857788758716836,56.526045554046235,55.19772561093497,53.7482492839313,52.18611577259164,50.560180419860245,48.95765767743509,47.465388077356934,46.32323078319857,46.40485931957163,48.82978492837541
37,0.1873914360731176,30.0,0.0,0.0,0.0,0.0,0.0,0.0,0.0,0.0,0.0,0.0,0.0,1.4614721227882677,7.7492610738795875,12.561727769551455,20.59537646599492,33.42848638707864,47.891074003487404,61.34949580407675,81.08481467356309,87.91868934640004,86.61806239920875,84.32545159102368,83.83831637131173,81.96196261829692,75.77514183963979,73.50925217259238,70.6649898788856,66.5707620244221,63.12405351567438,63.46930767033021,61.264959298620106,59.29874808211081,57.81498668110188,56.42430897771708,55.00109535073096,53.57310118526261,52.172004854099136,50.71998437284398,49.12192844338485,47.61472929709561,47.670784682295405,51.21490244233527
38,0.1418892409359592,100.0,0.0,0.0,0.0,0.0,0.0,0.0,0.0,0.0,0.0,0.0,0.0,1.3576198956689194,7.582888245714391,12.51436148403946,20.25897685157562,32.436246635646356,46.514568621027394,60.42415231688718,80.52785527963935,85.5208931558279,84.48585227035838,82.64820493586237,81.44727775260498,80.51285132613808,73.99284054992849,71.9640418105161,69.76070211353525,65.40131403472324,61.60911626983252,60.14883811370791,58.365098121016196,58.2182537717473,57.72424063562975,56.43598145103928,54.70686843153148,52.88782037805736,51.23803235482348,49.76606214069996,48.42576260129062,47.25168179990434,46.57524713213288,46.79377768841968
39,0.2529826602250877,10.0,0.0,0.0,0.0,0.0,0.0,0.0,0.0,0.0,0.0,0.0,0.0,1.48367484350199,8.334355250275635,13.54454201883393,21.15613021577794,34.88726005174814,50.50356706186113,65.57958584303397,86.08632475635831,91.48173015006212,91.03515093953011,89.1082421403189,88.38466214033718,86.67616215602914,79.40235316546936,78.35289033002225,76.0525020415942,72.42049818411118,65.75393466406271,69.36613736651174,65.13467657575413,62.930768679698765,61.42785027383649,59.845679438223854,58.636432614145946,57.24904442486618,55.212954270241696,53.130346446027964,51.76824710156997,51.515953031356595,51.53764306528659,50.711746355388605
40,0.1920448488685683,30.0,0.0,0.0,0.0,0.0,0.0,0.0,0.0,0.0,0.0,0.0,0.0,1.4098495135581375,8.072576046696325,13.416543673786336,21.51376742237778,34.4646461106655,50.229095623255525,64.84816219074271,85.26153891618125,91.33609782652607,90.30763387784043,88.55537008123402,87.93409516281555,86.12671153424068,78.38749028759617,77.4796501471747,75.39320288999757,69.63209269358691,64.88653368987042,64.73744028447918,62.59349694650691,61.925758195288935,61.45320943329434,60.23373178806762,58.19846522023927,56.0464978279587,54.418166299767606,53.29588538828376,52.5278947240881,51.89369615635722,50.85386839065817,48.83888445869456
41,0.23671329314383907,3.0,0.0,0.0,0.0,0.0,0.0,0.0,0.0,0.0,0.0,0.0,0.0,1.6240800729913274,7.377304088171277,11.526055467642497,19.820960530784117,30.52440523213358,45.53427958158769,58.773049631839015,77.11613140781823,82.67652214728314,81.95640084436822,80.21404852075501,78.91100223033142,77.55495389233009,71.72399666433067,70.21387224288894,70.32265245517259,64.1263039477756,58.94417300302691,60.54774560406971,57.0255777113649,57.426201684099226,57.01992559486127,55.07747404712416,53.02523423930045,51.00135851178925,48.96665241010888,47.31349012576502,46.48971099060658,46.54248183247832,45.97922116013759,43.04327146709105
42,0.20871728497523742,30.0,0.0,0.0,0.0,0.0,0.0,0.0,0.0,0.0,0.0,0.0,0.0,1.3568600410635059,7.450867793509183,12.269569334040387,20.123826911691033,32.35204373371185,46.35038835551846,61.422804132969226,79.99501591789186,85.65564789662541,84.91550981452593,82.71328812149578,82.272415247668,80.34232300539072,74.6003731912663,73.77003030164875,71.76734411074573,66.02234066258077,61.799228866527955,61.08526426741249,59.47162761973785,58.404461152932235,57.05605747037344,55.5763037674566,54.44776201753126,53.48098040424711,52.39999911184565,51.162280089009116,49.782025328358884,48.395910887460474,47.60494140824928,48.104975842910235
43,0.17415596336408248,100.0,0.0,0.0,0.0,0.0,0.0,0.0,0.0,0.0,0.0,0.0,0.0,1.336539832078399,7.539403909975301,12.576174983870459,20.723302296395683,33.316702827864425,47.40299811248571,61.450610886839705,81.15338673592731,87.20423841289967,86.01024708124679,84.16880087172557,83.7732527303784,82.07616619782085,76.03617363462286,71.33840804538248,68.43480973688554,66.92463091669613,63.95926642084554,62.041647919081036,60.95201589897662,60.01780609893685,58.27581570635169,56.34511564480673,54.955848385185064,53.82866223216692,52.57878596036898,51.23511494697276,49.916660892100246,48.7997201513123,48.31972225975746,48.98042074354524
44,0.3136576936748069,3.0,0.0,0.0,0.0,0.0,0.0,0.0,0.0,0.0,0.0,0.0,0.0,1.368049847952713,7.469017286109328,12.26172979816349,20.02532143848152,32.009846729175464,46.116834392642744,60.35551029423342,77.86544203558144,83.7294357969009,83.76680534338396,80.97368532692163,80.88589063258036,78.70565097907993,73.53778130512421,71.65986759114088,72.08923299837939,64.60079256447042,59.79041004411634,60.067339869834775,59.14653753061059,56.08205217428666,54.872937934914326,54.59726532757322,53.476409332327506,51.69134882630917,49.82762630462394,48.247149826878584,47.230803145542104,46.801710989343974,46.02964368473181,43.826691869192274
45,0.25805330554245165,10.0,0.0,0.0,0.0,0.0,0.0,0.0,0.0,0.0,0.0,0.0,0.0,1.2959347807256678,7.4115467153721495,12.385863702138314,20.16162196313944,32.180055160619446,46.19599960148164,59.87973919392619,79.2618792902641,83.99509156140888,83.92046352762131,81.69551605635252,81.58686646436347,80.37687226371868,73.45966881663549,72.01552390566293,72.11146364264604,66.71768464919182,60.466233258127005,59.27329354610058,57.801642292644146,56.15824205042693,56.25162052390937,55.93390972133247,53.16388684394115,50.20547543844787,49.18265688241379,49.216628973720624,48.820641477873245,47.196659747400126,46.06411027394341,47.63853516684735
46,0.34354884943643826,3.0,0.0,0.0,0.0,0.0,0.0,0.0,0.0,0.0,0.0,0.0,0.0,1.442795838568931,7.614043741509633,12.33359088469094,20.250776216213808,32.84571237323175,47.607360222714476,61.88950648611099,81.41021897294179,86.64160006093184,85.82654821639225,84.41532586740496,82.63463584098152,82.20739707401428,74.70987143409069,73.52400818839247,68.97116462180307,66.55025318511254,63.37468027568004,62.11708965943815,62.179131494797865,59.67844318245222,60.450805511752975,61.607778925700934,58.8387827434619,54.717483964607716,52.175457272955214,50.800343902080556,49.59527057469918,48.16583687028712,48.093649968228775,51.552678223593084
47,0.19481000238787455,30.0,0.0,0.0,0.0,0.0,0.0,0.0,0.0,0.0,0.0,0.0,0.0,1.3962933152110408,7.88222107224235,13.141994462262618,21.529163766560508,34.263986594217286,49.464596918276214,63.82120752657702,85.39969829341227,91.35952179804056,90.11250761889227,87.45034605210462,87.10874740432794,85.92737524949106,79.01614129900942,75.72438961801132,72.62094780688152,68.79322526697257,65.12146971737215,64.5949233016831,63.938935547321044,63.37303917764486,61.307081829545254,58.629784298222205,56.61790040981146,55.19522343900323,54.046250787981165,53.01372096329311,51.983695853578375,50.91178218949533,49.99755381887571,49.48637929882944
48,0.2751237150409739,10.0,0.0,0.0,0.0,0.0,0.0,0.0,0.0,0.0,0.0,0.0,0.0,1.2838680963164586,7.502376814137853,12.472425092602272,19.700006074130762,32.076188828929936,46.748195584988764,59.838398504711996,79.08247432505976,85.08574708417792,84.02868786927237,81.65678665348045,80.91270034830185,79.97419034033378,72.90450300496008,71.89679074410684,65.20861199799431,63.52177525502465,59.51690001624301,62.74466626116625,57.270267616244276,56.53901412519255,55.09266440211695,52.89836532386212,52.16096527836288,51.721570679482625,50.17868965289866,48.08540980201688,46.37466221061011,45.716497432134204,46.201359032753324,47.85384190116078
49,0.3114574278927272,100.0,0.0,0.0,0.0,0.0,0.0,0.0,0.0,0.0,0.0,0.0,0.0,1.2341256593842633,7.231411528532939,12.17531149578568,19.76013910906857,32.099139674566615,47.00469306304205,60.34729451234457,79.67058103079415,84.57933747280427,84.99441177273248,82.60256985130854,81.43161287919054,79.78956554348699,74.04817981534315,71.98881892580462,68.51458061735701,65.12013157425517,62.61792239934812,61.923521618590634,58.72408415442026,55.99943444325587,54.60663828601073,53.84383625677609,53.06609894490021,52.1268005027309,51.0260509606573,49.85976955905,48.73894604292812,47.8108142305296,47.39571137497583,47.85987518506485
50,0.12158073814521551,10.0,0.0,0.0,0.0,0.0,0.0,0.0,0.0,0.0,0.0,0.0,0.0,1.3789185460354616,7.747485699696599,12.745305151128102,20.426027334197542,33.12276392133419,47.29535056024907,61.561725067690936,81.3467356245103,87.22818930328715,86.27984475739768,84.42992112712557,83.49428728756517,81.6949986750572,75.62767044271072,72.40079103504354,70.45826152170397,67.70550478969858,62.5157020471156,63.59799716116322,60.857433721274276,60.948396192884495,59.768789615358834,57.24920523395316,55.094066527059695,53.552630415685705,52.485943794847344,51.510268341953356,50.20771167136714,48.512496739091404,47.567989260116605,48.7607496893267
51,0.09257436198563225,30.0,0.0,0.0,0.0,0.0,0.0,0.0,0.0,0.0,0.0,0.0,0.0,1.4497799484354341,7.81816970304348,12.816035746333798,21.10812743016091,33.57458299345515,48.16593531027889,62.57703985559461,82.31712305908503,88.02211073900641,87.54259758286946,84.93615751378181,84.66952869860329,83.27782126809524,76.71529439496736,74.83421933755277,73.24778191148151,68.01085226673597,62.598194348964334,63.03633820665852,60.50046727107497,59.58597409414124,58.64171210885203,57.16267573919531,55.59659881104055,54.10693394468971,52.772978779392005,51.636547920733875,50.72887958759057,50.01554955658114,49.21038715608048,47.98393950744755
52,0.17692440480598046,10.0,0.0,0.0,0.0,0.0,0.0,0.0,0.0,0.0,0.0,0.0,0.0,1.4867866386367823,7.918702616695997,12.830620838805869,20.947739762026814,34.16331205248976,48.80851331426947,62.98433290156457,83.87029953971215,88.31895891113571,88.04039211492035,86.04679751561571,85.30363821541405,84.05307643707073,77.34813569383105,75.16956876261877,72.50425023291821,69.73768670716082,61.625162455995294,63.56982532639538,61.19862922187374,59.20680446984971,59.087471697608976,58.55314598563812,55.97654413099325,53.14906543110057,51.80571989351854,51.37727180439311,50.842857330411576,49.68138508952438,49.16517355021499,50.99214859805923
53,0.20051935864429218,100.0,0.0,0.0,0.0,0.0,0.0,0.0,0.0,0.0,0.0,0.0,0.0,1.483206489890089,8.03771496730832,13.120413770372028,21.348488059766805,34.43919726279517,49.75032065566448,64.40703318604957,85.83397285636157,90.55454415328278,89.72469550468013,87.00570793892939,87.72962601434014,85.19875805389682,78.97083387498606,76.53166106732381,74.35365692770581,69.68737558066074,64.533848163366,62.25040198132465,61.34775587827047,60.807378638496736,59.98102503397544,58.766006710810736,57.245890484163965,55.63330353143307,54.128642964962765,52.82071700952822,51.767656712895764,50.98558941811057,50.33928259548725,49.663820585576694
54,0.2758202474285826,100.0,0.0,0.0,0.0,0.0,0.0,0.0,0.0,0.0,0.0,0.0,0.0,1.2618252049593779,7.608256367818364,12.914024840276236,20.70124127561846,33.37322924567158,49.3835721704006,62.693476793676254,82.00872268343231,88.62561589730194,86.97481668268833,85.18227223640851,84.38370112581667,82.76834188922747,76.14695808094037,73.566866350326,71.37218528078505,66.71943096545013,62.685571465824125,61.395389242578794,59.826706039325536,59.22590433253418,58.467017178497336,57.35042466634036,56.125305128179626,54.83138082047089,53.469826016264996,52.08695327143319,50.73522035449904,49.40353267315582,47.857354583977575,45.84005282585205
55,0.18689736295154522,30.0,0.0,0.0,0.0,0.0,0.0,0.0,0.0,0.0,0.0,0.0,0.0,1.557684437047367,7.948942449327086,12.656322759436533,20.669283884532973,33.59465499369207,47.81163316450131,62.13657398502227,82.89476721801252,88.30059357635791,87.59955693888016,85.12850947089063,84.51933313880109,83.184328296361,76.54285723435238,74.07486409371842,70.28183502667632,67.10489800338254,63.275933199192735,61.720282087120864,61.42922373463586,60.45003869392225,58.99722840713552,57.156389782564716,54.949617658290336,52.789631346258595,51.04305915224034,49.71973583325985,48.75740129334142,48.11089067681232,47.7693059150814,47.73381630146691
56,0.31793508540168713,0.03,0.0,0.0,0.0,0.0,0.0,0.0,0.0,0.0,0.0,0.0,0.0,1.4982638509906099,7.300139768907127,12.018188708949257,18.669082584574547,31.780491187297784,44.23882092152128,57.16381172501782,75.75257058753796,81.39422243962568,80.51352416755887,78.15888014954072,77.81200597947006,76.88460778085403,70.91255284873358,67.27012242952308,65.64749122953555,63.92492216146521,56.727002076972,59.894411072254435,55.253726532420366,54.955256974348714,54.7511582994144,53.410309849817565,52.025584953184826,50.57107879520417,48.866901095795036,47.10732747671754,45.54624449642358,44.53658128017545,44.93959512162369,47.887161863022015
57,0.32324515136532334,10.0,0.0,0.0,0.0,0.0,0.0,0.0,0.0,0.0,0.0,0.0,0.0,1.3463446004460211,7.441124641143694,12.232699843489108,20.03316120356292,33.257711672603676,47.46565001631146,60.76571081392325,80.87968490277039,86.30605571236129,84.58312982106673,83.06305325682763,82.26927689604632,81.55404074312084,74.54922005701054,71.77328123907995,66.28034627141268,69.00285827239958,64.00081135216901,61.42897568809824,58.79703075260338,59.32827068101205,59.103078778068785,57.21104730567895,54.44724559710619,52.013379259137594,50.74300025931807,50.256385796815934,49.94321757355976,49.34150943972635,48.49013651771174,47.54663053641205
58,0.19964375371797233,100.0,0.0,0.0,0.0,0.0,0.0,0.0,0.0,0.0,0.0,0.0,0.0,1.3057390100902801,7.566322889490169,12.614101854886009,20.114717489822393,32.14412987229149,47.22091764343242,60.74585445111751,80.27672023471864,85.7040144070156,84.8874408525896,82.73788957603698,82.57116306935643,81.06005357073471,74.19129561288055,72.56991331687124,71.11195608452178,66.78117174441346,61.519935090060784,60.74724017133975,61.343690555833746,59.77645813167018,57.83285917553667,56.17568492495154,54.79652562951943,53.55872719520535,52.329137816006885,51.076618177905665,49.79458084917525,48.4619482038756,47.00212444597351,45.33501008362578
59,0.16720463467425598,10.0,0.0,0.0,0.0,0.0,0.0,0.0,0.0,0.0,0.0,0.0,0.0,1.3176996202078621,7.537531824845536,12.535270300235045,20.312919826954204,33.31055749036452,47.3390804741682,61.02759127429788,81.29585617220202,86.76078643702348,85.83269330865954,83.61554809492267,83.39077184051386,81.79247778113142,75.56752965248573,72.02309155636082,70.2285084848545,70.90806894424877,62.670833581960046,64.59497081317103,60.17512863016717,58.32862896498027,58.036572165235306,57.288183632347334,55.49065140703968,53.54262896733084,52.297484130588266,51.409317619620396,50.29013638694176,48.74200368117561,47.90912698824667,49.22019671872513
60,0.16040813655062977,30.0,0.0,0.0,0.0,0.0,0.0,0.0,0.0,0.0,0.0,0.0,0.0,1.3258691013191881,7.573673263776208,12.64445615814074,20.606845212635843,33.13711936909565,47.551683938497625,61.9157288358658,81.2537418004256,87.35948359498913,85.5607485149102,84.13756575990371,82.98829760336746,82.06285591211756,75.38095029078998,72.12994366672021,68.44099896585766,63.97771889647765,61.6032165379402,60.57977692979957,59.978990647605805,59.317813852659384,57.9921314895505,56.189453274768724,54.2968645732335,52.668373618105804,51.511008111248834,50.590554493911924,49.588288197802555,48.31486761158663,47.007298031170436,45.978584799872046
61,0.1436862163597141,30.0,0.0,0.0,0.0,0.0,0.0,0.0,0.0,0.0,0.0,0.0,0.0,1.3177939144523925,7.443035173823015,12.27933644771336,19.760381490502695,32.37643490270989,46.65087331651896,60.60106173497497,78.64738141344573,85.23296463140615,83.2149662054368,82.34136852129977,81.20643635994561,79.85722145819632,73.30813734891393,72.51134802779139,70.12493058116677,64.00932041764229,61.974606051112595,61.17586399701045,60.461493458218676,59.6739631210841,57.907085893955475,55.642358128457154,53.56890409899595,51.810094998422564,50.35602794679599,49.18682896130247,48.283405489726334,47.64546289008762,47.335271899196016,47.43358036331013
62,0.3561219188440709,10.0,0.0,0.0,0.0,0.0,0.0,0.0,0.0,0.0,0.0,0.0,0.0,1.2794755819513084,7.92134389363543,13.362377423731932,20.648484040215795,33.65218735771193,48.86813876370144,63.73845641256505,84.62662492243784,89.76821950924337,89.18271044126621,87.43345344095485,86.7287471047393,85.31575919422018,78.35373420215913,76.5709387741916,75.81088479311788,66.12008007261068,63.58108267064368,63.974502045741445,60.552518573267406,63.37117699689831,62.53608704063734,59.05828561076921,57.17692069321122,55.98542295490574,54.050050058533884,51.93039841770492,50.554051446504126,50.377530711030694,50.332979390138284,49.003433805252854
63,0.25742566742920836,1.0,0.0,0.0,0.0,0.0,0.0,0.0,0.0,0.0,0.0,0.0,0.0,1.3050183114637774,8.250782304109501,14.123952694699312,22.167464025496084,36.176325687190186,51.72799266975944,67.19815962664453,88.84626555492736,95.20481389896867,94.58669607535055,92.34165704239265,92.00601126213367,89.984760929028,83.40910702812697,80.13528130957195,77.86203888566601,74.14032335553223,66.73499822212506,68.73896755546166,69.05399132958473,64.01281017489671,62.76446015969432,63.1294350684413,61.12621501625513,58.27470800473769,56.603639341033535,55.7340058767205,54.80747808685451,53.29261699484726,51.73809219195005,50.88759105791064
64,0.1719357912290062,10.0,0.0,0.0,0.0,0.0,0.0,0.0,0.0,0.0,0.0,0.0,0.0,1.252619605518853,7.522185600627613,12.740847709627113,20.43357965305154,33.04788039278081,48.247168653560706,62.11549575423371,81.07779979964853,86.93360083992118,86.57679324022641,83.78838209873923,82.9366133579565,81.61618698545233,75.18104242240807,72.99985982080428,70.65573790576539,67.99411067271608,64.46203699064985,62.76082437594375,61.12225082601388,58.26894314391504,57.351826563310084,57.09484537196837,55.58922823152887,53.62064084825655,52.20941577904828,51.08406409753209,49.71195942428182,47.953650374045296,46.9938016114789,48.285789018070375
65,0.28126029218319876,0.1,0.0,0.0,0.0,0.0,0.0,0.0,0.0,0.0,0.0,0.0,0.0,0.9106886295208213,7.389588521202897,13.601727324144665,19.161911217888697,34.31147589389254,48.29789624542601,61.89846119637472,80.84746375772144,86.78966925910738,85.87772189317602,84.06782559025393,83.95386977132273,81.53631339639104,75.35068245923543,73.47227703523072,70.39416634212641,64.46504118924805,61.66474615825142,61.15544445318127,58.961470492365514,56.21832165673351,55.436851510650484,55.258832529643215,53.986202521608575,52.25605665520981,50.955678620642644,49.97311580172624,48.98506621436093,47.76757534545696,46.4058893512898,45.04808535508377
66,0.1816509359495416,10.0,0.0,0.0,0.0,0.0,0.0,0.0,0.0,0.0,0.0,0.0,0.0,1.487029017238289,8.086065865188516,13.178100914737064,21.394224598437706,35.067870455273365,50.014971511763186,64.55005291577817,84.74918037606676,91.60639198274257,90.15029389690899,87.6656978454357,87.55784492259293,85.45213138156599,79.40542504451123,76.66428647711021,76.16126389955089,70.12090834278004,63.130217635142444,69.30937278900413,62.771253281092605,62.298927218620285,62.026796272576966,60.065572477651834,57.92959640561897,56.11460180034217,54.77436804661515,53.761660228160714,52.87320653272053,51.95149018887898,50.97287914567261,49.945672019391836
67,0.23829389384434913,1.0,0.0,0.0,0.0,0.0,0.0,0.0,0.0,0.0,0.0,0.0,0.0,0.8718580689135563,6.833358123931705,12.217336759543782,17.577616615804775,31.34772577513937,44.04487402325174,56.889657927703844,75.26746885098002,80.51968286710375,79.96750811594785,77.39132307127706,77.05314944709315,75.85810531100498,69.57992216594005,68.5834467963877,66.54098015985502,63.64291862235461,55.10217891096337,61.5718751859402,56.39067521792191,55.21356508194343,53.99720084289658,52.00437239692129,50.8943777801506,49.87001006280591,48.02783476406312,46.035818832103566,44.821812070507484,44.87560963413492,45.2890682526317,44.799176283154964
68,0.10644810785267918,10.0,0.0,0.0,0.0,0.0,0.0,0.0,0.0,0.0,0.0,0.0,0.0,1.3643713113617106,7.785799173335581,13.00873101342925,21.213234382945753,34.04860243203582,49.534965262554955,64.12795498671183,83.86651244333969,89.98942447964534,89.07310552164496,87.13213434321823,85.79644893141612,84.80659619305358,78.09264568502597,75.87888623429865,73.21737639528827,67.23386332940542,62.31688418120343,65.10813265583153,61.557022770449834,60.06360493945695,59.34415233235823,58.24190103863464,56.79813357771788,55.12939751761341,53.39581298285307,51.87350597240662,50.840831955460814,50.45161896794889,50.434342930706556,50.42128168016332
69,0.147230784517596,100.0,0.0,0.0,0.0,0.0,0.0,0.0,0.0,0.0,0.0,0.0,0.0,1.2439115760768955,7.429283823785298,12.634961376974044,20.520293073541662,32.75347018013552,47.76034641113414,61.791926708723466,81.38389500802418,86.96706511684806,85.73652540167015,83.52701192354633,83.0966445079188,81.65005643207239,74.6752367502016,74.12252112478748,73.37225745903761,67.99134004152641,62.38635852045601,61.453110426565324,60.5602029734005,58.49013748529694,56.87634385200716,55.68140824700231,54.47228709468754,53.17573895287926,51.805124405228284,50.378343495728075,48.91295256556986,47.554303100117785,46.941422455063694,47.83209998404545
70,0.10466533347993233,30.0,0.0,0.0,0.0,0.0,0.0,0.0,0.0,0.0,0.0,0.0,0.0,1.2789173246090597,7.495549426920986,12.586494840756522,20.280821626605743,32.829004775326894,47.75834946701779,61.35162815366935,80.71298133990408,85.96856009434129,85.40788060920964,83.32364608005062,82.6542425567265,81.00189741390216,74.2473491694973,72.51369582309172,67.73152256118023,64.62373400944938,61.62240873858647,60.783580751215275,58.03585071590414,57.654579770601934,57.227859832265345,55.950904952596495,54.1590836950008,52.38875782214275,51.04219020866512,49.99430147634919,49.0141422784953,48.01303675729284,47.39660823059375,47.67800827834266
71,0.2035456515322863,30.0,0.0,0.0,0.0,0.0,0.0,0.0,0.0,0.0,0.0,0.0,0.0,1.2030086859873734,7.0796664329025845,11.900501292921337,19.153719448022255,30.90877464940953,44.402240286392065,58.1347541754612,75.69475343777282,81.87220433216713,80.63066670380525,78.29813067842068,78.28687195332928,76.21027564280314,70.69455111020989,69.41637308187948,65.45270688643744,60.91569968601095,58.00475665500797,59.113657156290024,57.79086521799402,55.32830259819543,53.92464438318381,53.11121995146364,52.11521084588903,50.929423396077595,49.707650056699855,48.53476686620994,47.4737790190115,46.54990227827282,45.661012670518424,44.681769569167294
72,0.2968855923833712,1.0,0.0,0.0,0.0,0.0,0.0,0.0,0.0,0.0,0.0,0.0,0.0,1.4211866402838569,8.254718144034618,13.763630836941372,22.03872115467893,35.806086347394235,51.45674520323899,66.5839620559896,87.53007708240578,93.1001139187907,92.64320528692015,90.7117019625468,90.10003280124367,88.02184449869252,81.00405191753126,78.85967705920791,77.52653046830362,75.19076006924482,67.27234750120873,69.35980547124916,60.51250622688485,63.28879640475419,62.795410296244846,58.87246782459949,57.06497065736792,56.56857585367553,55.682677188004774,54.26129937439572,52.53405420221448,50.92980600732993,50.68469578263666,53.30826342218491
73,0.15047161395535463,100.0,0.0,0.0,0.0,0.0,0.0,0.0,0.0,0.0,0.0,0.0,0.0,1.4859257808290753,7.716332817725509,12.404665843988456,20.397343185655675,33.34912229786286,47.8170551990683,62.16636249716341,82.29174482844327,87.72203680913267,86.15113013556383,84.64613437924551,84.43311912082835,82.14812301059277,75.84184903538224,74.0901201926708,71.11129419279277,64.94552129111067,62.35675706772272,61.9448484735117,60.01290585786073,58.92138595970072,58.09634328132285,57.00290244351282,55.522403077384766,53.87235034820256,52.288995590413876,50.834133304749216,49.52613283689284,48.49884336227662,48.34490540489988,49.802288685425935
74,0.13837449844233005,100.0,0.0,0.0,0.0,0.0,0.0,0.0,0.0,0.0,0.0,0.0,0.0,1.4344200535738287,7.73394279627609,12.599315294270957,20.52745206105942,33.21996952785899,48.026574468003005,62.31298623563748,81.95204413414349,87.51513102973453,87.33601991066735,84.50724945771157,83.95217702997616,81.90918331631542,76.32754967088634,73.21740337601892,70.75987590827695,68.1052326726734,63.9945928887462,62.59538770558292,60.59713383976256,57.970468106927136,56.53152859878778,55.72759083295476,54.66427529703077,53.34338825038647,51.95969996113565,50.642507588014254,49.49627135927393,48.60966173447883,48.04163773324145,47.846458390599665
75,0.24866265979772048,30.0,0.0,0.0,0.0,0.0,0.0,0.0,0.0,0.0,0.0,0.0,0.0,1.1860587813610204,7.3024529650733,12.590205106998372,20.46692637781052,32.40634937143528,46.89179456126494,60.72268894325177,80.73652266662447,86.42978196470523,85.20639515700941,83.06262191106389,83.13953042697237,81.41736812988819,74.83623977664867,73.49452519571517,72.16229425795763,66.12291589797533,59.396091619519204,60.803699643420494,60.057187487533916,58.10049527661439,57.24299058253087,56.386587884780184,54.375269907945935,52.17615648589141,50.8168868553827,50.075473114186664,49.48041552156019,48.77632844594728,48.46284692809465,49.22172541541291
76,0.28781028357063726,100.0,0.0,0.0,0.0,0.0,0.0,0.0,0.0,0.0,0.0,0.0,0.0,1.4364451948426766,7.7216826696318,12.612136060906266,20.818643765035773,34.0039663196344,48.30064208504213,61.682085662048046,81.9800159991649,87.2897978108797,86.6582507028113,85.69615169003765,84.43080864184606,83.51816628982381,76.36036718286874,73.8098651771091,72.24584271465103,68.24124896390921,64.22271602405826,63.81142271980126,62.37597879933496,60.414593235910516,58.85220278019305,57.41081515777315,55.76167998151156,54.08220258805164,52.59730979881419,51.3248184828363,50.23636914167265,49.33484111486263,48.73603486578893,48.58150455757692
77,0.1917560726030822,30.0,0.0,0.0,0.0,0.0,0.0,0.0,0.0,0.0,0.0,0.0,0.0,1.3424209816874701,7.256553531873054,11.85460400431464,19.433896971999797,31.645715716223734,45.630003415422124,59.09165770572807,76.63250008246438,83.41805677402895,81.47172282028725,79.95193833395803,79.28683458366474,78.00695043920203,72.14707962326045,69.9861137010787,66.53326609160418,62.852178519817045,58.15243119881678,56.60972975477062,57.513769020996946,57.232860637751706,56.33007853302553,54.89395426432924,52.800094105020605,50.75306314407133,49.36750881063692,48.46626487490277,47.71769096772377,46.9105682838677,46.226453998431,45.93096012366679
78,0.20592769442362788,30.0,0.0,0.0,0.0,0.0,0.0,0.0,0.0,0.0,0.0,0.0,0.0,1.2975583851855912,7.566283074513056,12.713182624349626,20.601523470715453,33.07845543264666,47.42029634917366,61.84358546619574,81.78071139910749,87.94264951265748,86.00051470825983,85.15562147748257,84.17744920275975,82.4593825824478,76.27803853508296,74.16701193131148,71.32123346031649,68.38021768243573,63.92356455495832,61.89448157772927,62.094580063927445,60.036621995701076,58.55221679509434,57.578765450282376,56.10377027893333,54.241559087130874,52.3461349801459,50.71041484186998,49.58777798229179,48.989824255131495,48.043194762658395,45.73820476904574
79,0.2600226019129654,0.3,0.0,0.0,0.0,0.0,0.0,0.0,0.0,0.0,0.0,0.0,0.0,1.0799050938533106,7.547027652940405,13.2637561467401,19.966480568867496,34.355658232570256,48.96271939086013,63.44121832514649,82.58856004586099,88.31743339614137,87.81606750772146,86.23070531061266,84.91524252230654,83.33545176881245,76.43063068621453,73.14494283720926,68.79326954474305,67.7561227523299,63.41347153416349,64.26760986630434,59.65254341999119,59.783596075194914,58.51773986084131,55.66389109074377,53.553372068359344,52.54399200476268,52.42632452974707,52.3705921111133,51.400599554858516,49.20355316598256,47.74082152412955,49.356183380655956
80,0.2421678213948125,10.0,0.0,0.0,0.0,0.0,0.0,0.0,0.0,0.0,0.0,0.0,0.0,1.3554246399154346,7.89700079729228,13.311204818030648,21.771300165230528,34.9606474875484,49.531865322788555,64.77077147413682,84.84100744980992,92.27575518783772,90.49745094050243,88.65048496554047,88.43163197616647,86.03794529995372,79.53745071556943,77.55284160255394,75.08438612210078,71.08770985689023,63.80393941885535,65.7750403759063,63.66336596381542,60.06857081061247,59.508784239506184,59.56555372849492,57.51855768045485,55.00215841329554,53.8632115725027,53.529081142851076,52.927075107677936,51.38024547028697,49.60631673832004,48.56554400080174
81,0.19658997412164808,30.0,0.0,0.0,0.0,0.0,0.0,0.0,0.0,0.0,0.0,0.0,0.0,1.3082997291300944,7.084287095784888,11.584711041481835,18.87423146047895,30.084880041176383,43.73818423372893,56.774633271343845,74.28051869541564,80.20574174306444,78.93072779055784,77.52322221760939,76.43354372800087,75.78935664100845,69.350230870823,67.16672507353093,65.21708746274709,61.8934635662611,58.425008992884635,58.636277431277996,57.09732162094291,55.072468412767144,54.15744455053437,53.5841336344346,52.40414339172536,50.64179010990017,48.58351236439352,46.6035537923688,45.04864793023743,44.17362900022609,44.03317868031776,44.66371564759863
82,0.2397824393728785,100.0,0.0,0.0,0.0,0.0,0.0,0.0,0.0,0.0,0.0,0.0,0.0,1.3040643268325955,7.681305328906134,12.936004496059665,20.89997546784708,33.94049057734897,49.43456475998103,62.91572244348933,83.1328467589337,89.68247010533558,87.79638123079754,86.33444370952974,85.51925250602929,84.21432699045847,77.44565122937409,73.280752322508,69.22009073845176,65.2440351592106,62.358018672719325,62.65017235538044,61.544195085847896,60.328683214010795,58.60941079688355,56.66948526622725,55.03156578200797,53.643844411013816,52.360509195781695,51.15086402457438,50.011140683440466,48.9900291896732,48.33998089051206,48.35687556199912
83,0.33290905598924125,0.3,0.0,0.0,0.0,0.0,0.0,0.0,0.0,0.0,0.0,0.0,0.0,1.6101789117719472,7.404601066817842,11.446779348674923,19.47922213429355,30.86706183980161,44.801280251130706,58.8088652995364,76.08371489750594,82.59847835625513,81.24228452324678,79.34194533918472,78.55193003785129,76.9746948759064,71.21709579048746,70.37691038939624,69.5500795454459,63.18327397719973,57.01582637608747,61.29296631598811,58.5443669452311,53.21093971297806,53.50476464727419,55.635622502005816,54.52351532602491,51.657415944228354,49.487882505201554,48.15721589349749,47.338517035747614,46.78553584521991,46.42536049796799,46.22837776284127
84,0.2977978824017725,30.0,0.0,0.0,0.0,0.0,0.0,0.0,0.0,0.0,0.0,0.0,0.0,1.5590379097548537,7.592236477061567,11.98603335845988,20.194585065678663,33.2406738269711,46.48381317672204,60.312470410021575,80.38034897706856,86.51110970746677,84.58822809388836,82.49815108993978,82.39839396534305,80.53684917992776,74.27247415899801,72.74574588118148,71.06764440852423,63.864622488026384,59.149575418335246,60.53464439416608,59.60822215523926,58.07594616327665,57.411321509822976,56.55174222173636,54.53392830035324,52.16274448259054,50.318447568841925,48.9338343825745,47.7534370457997,46.77429172711904,46.89320177237388,49.30633134205633
85,0.19809778266448255,0.1,0.0,0.0,0.0,0.0,0.0,0.0,0.0,0.0,0.0,0.0,0.0,1.0318908617097742,7.262519330019512,12.932101064464552,19.268825822194767,33.059814307455454,46.55025674440105,59.99795079146771,79.0411444424522,85.33498528075246,83.79565331533428,82.97254035404303,81.5804810316966,79.98433854368099,73.23343383590904,72.2581565497522,67.84396689980906,66.30890392379462,60.14360042203674,62.25087770577272,57.45232266676004,59.20640171939541,57.31920066258371,53.492787324308615,52.60346525211426,52.750293792728876,51.4172894347731,49.36515799517406,48.034206259196026,48.17220404871188,48.316260557009564,46.4818072524888
86,0.20758666100415668,1.0,0.0,0.0,0.0,0.0,0.0,0.0,0.0,0.0,0.0,0.0,0.0,2.0233979270195577,7.593449240037884,11.454564705780646,21.624904133644065,31.571999334225946,47.29150721383548,61.11259707624689,80.26025889515459,86.35245563835811,85.43317847150838,82.82630960675277,82.729485587936,80.8930031396983,74.55369208250302,72.351489169741,68.30806055941672,68.28475853461697,59.51295744386322,63.87562515714843,61.271426715612705,56.72083752113253,56.672364936719966,57.58455279163242,55.47837553101294,52.41668502161319,50.854654361820124,50.23583175112028,49.41969429587016,47.796215518443574,46.558631076039966,47.23342881444633
87,0.3418216117192639,10.0,0.0,0.0,0.0,0.0,0.0,0.0,0.0,0.0,0.0,0.0,0.0,1.2425228160851614,7.691611582160739,13.125147638946979,20.798573548481205,33.537870040327896,48.32906460720404,63.20365419524884,81.64725731145822,87.68442149769996,86.95398307432563,84.21927795696764,85.05826746851704,82.65623469920678,76.01407486422212,75.13062740523426,73.32906492619749,66.56998435731316,61.350057821389626,64.29532640464741,62.867295982517184,58.989899777340156,58.208686146199284,58.69022541882413,57.73370546868897,55.811621272926125,53.92715063946284,52.1993091883357,50.54598206251346,49.0763052589525,48.603760870792165,50.13490925111963
88,0.15200770170846772,100.0,0.0,0.0,0.0,0.0,0.0,0.0,0.0,0.0,0.0,0.0,0.0,1.3136216337433566,7.331882992940364,12.092623791732478,19.585683950087923,31.637089178139455,46.13305337717275,60.08454335264828,78.9241891863761,83.81925415383775,83.35683871889665,81.2260316997761,80.69339266015825,78.69869850125015,73.25329378907215,70.56895720878943,68.20451576327977,63.32873923617423,58.75216480393023,58.07210157653251,57.840484031960266,57.01686129959685,55.53680211683742,53.89558672467516,52.55429336834774,51.39981454600601,50.24210649426591,49.07128016309709,47.91788157481993,46.82782382233074,45.91563456969378,45.30552045914651
89,0.2457815963525946,30.0,0.0,0.0,0.0,0.0,0.0,0.0,0.0,0.0,0.0,0.0,0.0,1.4456721176500804,8.183270412477864,13.659532115644101,22.360518776932732,35.484068182043266,51.11548659995423,66.80121050379681,87.40597307825728,93.35935121059158,93.13748349818073,90.77456331605816,89.71916790591955,88.12424508393228,81.29723849190366,80.049045416183,76.93299236848223,73.521661178956,64.6968937170788,64.33695767673704,63.715082883672494,62.07037865017455,61.66976333674081,61.255484719445946,59.344043264096136,56.80711674857202,54.756657964147145,53.41679297562622,52.82200767057939,52.87654746003621,52.88774566262173,52.017603826153895
90,0.1737826495900488,0.1,0.0,0.0,0.0,0.0,0.0,0.0,0.0,0.0,0.0,0.0,0.0,1.3791008525958337,7.727341634908751,12.876275090466867,20.740067377715356,33.29028903270835,48.158394575468805,62.29051583359408,82.44190761806517,88.34930354590878,87.83018552408629,85.42311295515456,83.94580506648106,83.11154422724496,76.28170559728004,75.16836526503057,71.67725383752848,66.8231812415109,61.62294909574691,60.97614510409213,62.029137243631105,61.47238998385273,59.23954151148205,56.721880136965375,55.01430797216288,53.94085055401237,53.08954546594384,52.13759625148518,50.799398066339236,49.09466925836974,48.100415475144224,49.09778607735404
91,0.2699312752747747,30.0,0.0,0.0,0.0,0.0,0.0,0.0,0.0,0.0,0.0,0.0,0.0,1.4906596790303088,8.008102626190267,13.024259537300043,21.330045089857375,35.04173404431302,49.63199283912988,63.7524642586237,83.77914797238785,89.82501916870433,89.00880197032484,87.0243639777766,86.10253404636718,84.74755492753475,77.5737886496728,76.14457219486114,71.58352927253522,68.9091269386239,66.58049555285314,64.432841735103,61.723910748825766,59.78707388409762,58.118336447327465,56.856266213133736,56.24842385911087,55.763438243503415,54.86235203452046,53.666303182672586,52.44489178386224,51.42626914848072,50.74652647799615,50.5198381033051
92,0.2692530486781658,10.0,0.0,0.0,0.0,0.0,0.0,0.0,0.0,0.0,0.0,0.0,0.0,1.5814595396762716,7.955130514727935,12.73821371012673,21.37426443947631,34.67136448211833,49.40392984339976,64.32598004250622,83.68262180523972,90.6558209754754,89.3000926798219,88.25063325334837,86.86805982232252,84.34117691602609,78.33995541153176,77.25805637764218,73.64249775760247,69.11941763541212,63.94740554216592,66.46807423461624,62.46659064478941,60.66972283533486,60.288988283643334,59.44472778573895,57.517709156656096,55.36031798318402,53.79754614129685,52.544361629197546,51.09892223392573,49.36815174773429,48.65156348021478,50.574742504655426
93,0.2991563395235882,10.0,0.0,0.0,0.0,0.0,0.0,0.0,0.0,0.0,0.0,0.0,0.0,1.1546345476803825,6.944380766542066,11.865410541233969,19.31734909650235,30.54620983018792,43.83556763287594,57.59017247370205,76.29115100469036,81.31403551462591,80.2275207308198,78.34731830375841,77.9341387569039,76.24194708619534,70.72909295800818,67.54041332281277,66.54493706198498,63.727844068798866,58.26020476073998,59.65875481847834,56.674712408907716,57.457972362677246,55.26849012196036,51.65268771422308,50.16551412985856,49.746405143573575,48.85965891927175,47.68744711843644,46.79635326700554,46.55811536364545,46.721723383163436,46.89000822760301
94,0.32489064378626575,30.0,0.0,0.0,0.0,0.0,0.0,0.0,0.0,0.0,0.0,0.0,0.0,1.3644269374150346,7.799204630825587,12.904084776131306,20.637882361774334,33.70692675728235,48.6408619106912,62.929885738691965,82.77033861482441,88.14555058087649,87.21477513717021,85.75156855636857,83.9082591785807,82.84754755339128,76.36818612617816,76.4541771917281,74.01043642725796,69.92825669039497,67.0685424375899,65.74048661876729,64.23134779135697,61.34334691313184,58.697388193905326,56.75589300760942,55.474451545943495,54.63025085140102,53.980302019925645,53.314357247465956,52.436719708121586,51.313421515736664,50.49546058978995,50.64876175419951
95,0.2731559969735017,30.0,0.0,0.0,0.0,0.0,0.0,0.0,0.0,0.0,0.0,0.0,0.0,1.3827697426729506,7.695203137381471,12.667236906518127,20.445467026845698,32.990372124705125,48.65958113687549,61.864901102464,81.80011884196587,86.67494855488081,85.95582961433725,83.63841313488487,83.3048813290775,81.52403064591138,75.078287365631,71.96169459256525,68.58017822677041,66.26542106103875,61.074313816705754,59.90140559081245,60.36333606629068,59.982910024594766,57.86579109736864,55.501988376697355,54.272684564378736,53.65040088058722,52.869659498147016,51.80177510425049,50.475503412769704,48.95914798029788,47.46176175342627,46.20381094027254
96,0.2429701332927028,10.0,0.0,0.0,0.0,0.0,0.0,0.0,0.0,0.0,0.0,0.0,0.0,1.6629447340219052,7.957956705887071,12.568265200477907,21.29745621017343,33.738982123695955,48.569496868816245,63.94648496279305,83.26536681856872,88.8916286483472,88.76486600725273,85.30419443689742,85.8989464949048,83.98749088735758,77.4322656770778,76.17061402787184,76.33158407702776,69.11731125506907,62.92316312752008,64.48005075736064,61.42783571313215,60.825966808929735,60.391079584190116,58.99846782423919,56.9638548735559,54.754296672505056,52.76847464743014,51.160165602775656,50.02028821053643,49.47294792523493,49.79004778774723,51.3230531104244
97,0.1800046926074239,100.0,0.0,0.0,0.0,0.0,0.0,0.0,0.0,0.0,0.0,0.0,0.0,1.3234616279008453,7.500749687422146,12.434505304317273,20.073539363534024,32.43962358683685,47.38875879539871,60.894713425737315,80.59444766244478,85.63474155493837,84.61776783183383,82.16834523995566,81.50005783350791,79.87935914699126,74.00088937557761,72.07171216687365,68.57911614332424,65.21956102862187,62.78257075393124,62.25576143945966,60.859825008706046,58.710411206460215,56.728966990632955,55.08219728164353,53.71934301671639,52.43224071260648,51.060238861214984,49.723794084115355,48.59555967618413,47.823976387189425,47.51618303581438,47.77796220943755
98,0.2679289631815788,3.0,0.0,0.0,0.0,0.0,0.0,0.0,0.0,0.0,0.0,0.0,0.0,1.322099312757564,7.461463843897721,12.246808322166645,19.46820473475555,31.73985170317386,44.946709250431084,59.21839660243641,77.95036412169493,83.67160243658746,82.32249899257089,80.93108454498467,79.43779453168493,78.72151215074327,72.62764563897309,70.10856298603389,68.36797824560665,63.742458300194684,57.895258957828496,62.99780574667396,57.74486364285294,58.16493485949507,57.061540545257756,54.436607080474715,53.35378159509864,52.77436231495695,51.25287254397727,49.19420997553903,47.37742510002057,46.37344776006602,46.30987783113334,47.25733436367424
99,0.15150321135628733,30.0,0.0,0.0,0.0,0.0,0.0,0.0,0.0,0.0,0.0,0.0,0.0,1.3403166735867735,7.66805970411693,12.812842779582473,20.92299214461973,33.89752137068008,48.80394830803385,62.93851454117337,82.86108339303928,89.36177649347889,88.1298096603427,86.04657893724065,84.91842919341933,83.89548805259376,77.07042502463969,76.0103679471734,72.83099146857472,67.50376257122252,62.58382406620446,63.36343490372619,60.351506689172815,59.20839418287038,58.35620822007355,57.08743292658702,55.7271722392282,54.535621309850306,53.648253096964325,52.82532414607916,51.75214558251193,50.413993321141824,49.87216036654368,51.4455143353485
100,0.24060248369011178,10.0,0.0,0.0,0.0,0.0,0.0,0.0,0.0,0.0,0.0,0.0,0.0,1.2741002169914282,7.391455422912859,12.319336287090229,19.754124666151625,32.264869650817054,46.589696828690485,59.895252609725496,79.4472987228148,84.57041171067495,83.78538022562455,82.00257572605365,82.02323551220636,80.42741418676854,73.85927428374384,70.73015250730408,70.3713463347344,66.77655151481619,58.878832800354154,59.89376536091539,57.393065479941626,57.25381049852972,55.99757493913809,53.630544024144,51.73184726653584,50.44743231064858,49.57830813116447,48.795228617114965,47.75396617065807,46.421873793321936,45.87258571085425,47.441684374825584
101,0.18777447215147916,10.0,0.0,0.0,0.0,0.0,0.0,0.0,0.0,0.0,0.0,0.0,0.0,1.5293815681935534,7.469881875945574,11.818591850948795,19.75582907677185,31.585454028971405,45.453120985303734,59.60751664067616,77.62331506325229,84.22159768053677,83.16118868863897,80.65122934942015,80.33614574729165,78.67450558723753,72.3000059018939,72.20248608745192,70.22568103147586,64.42652082202466,60.41224882532181,61.84944480387862,58.64647987905823,57.68710715547857,56.8902369780746,55.27278276427186,53.19069590365824,51.25898440692612,49.90612204661469,48.836299075525,47.617547268822904,46.1638664835201,45.58491710919738,47.27632684105048
102,0.24802153500162286,3.0,0.0,0.0,0.0,0.0,0.0,0.0,0.0,0.0,0.0,0.0,0.0,1.765566658395252,8.045932414105538,12.666577288166506,22.131635681683605,34.0567824103375,50.26680322425912,65.45388923680764,85.11683246782081,91.63364842190497,90.14504139555153,88.75491686689372,87.15592958145682,86.52863312145828,79.00253784193333,78.43779558015304,75.16416678050864,70.11905984665225,62.483862605504626,64.29241791309398,64.92514897174175,63.32584617222924,60.86196673111426,58.467297192079755,56.789514636554266,55.601509027616935,54.55697945490677,53.53005458708841,52.450752078956526,51.45545940459405,51.47026220444899,53.67146732295025
103,0.28249278416585893,1.0,0.0,0.0,0.0,0.0,0.0,0.0,0.0,0.0,0.0,0.0,0.0,1.6793163914776208,7.954722838802073,12.533156430857519,21.34121624528882,34.103839447123086,48.52221729276323,62.58989313634141,82.85919698764391,89.49839276505858,88.51969848251927,86.11545225018754,85.6877638483024,84.21393327467797,77.59319395360278,73.63948105230375,68.6005270774716,67.52941810532174,64.58747987006105,63.03636695426918,59.869262234535974,59.71761772739539,58.59691672199603,56.841023274575036,55.96635281265475,55.0284035132239,53.044297858361695,50.92898700372582,49.90747670570029,50.57267077741551,51.31103488105546,49.90251537660674
104,0.26743687047917514,10.0,0.0,0.0,0.0,0.0,0.0,0.0,0.0,0.0,0.0,0.0,0.0,1.498308294467911,7.548308250785375,12.051896928012015,19.841297079722917,31.20273025551137,45.340693994967154,58.840615004708006,77.07213117748678,82.68985808431837,81.93151603610399,79.42393005938447,79.13203280065157,78.154502050394,71.72984088383986,70.65702597305143,67.14099770314105,63.855739277978685,58.79020098415544,58.7201797918427,55.86980681518919,57.34024043786221,56.389760342001864,53.64221319721491,52.01936960231868,51.024970512577354,49.70964819713351,48.11841809492324,46.514217923126694,45.257868367415796,45.18977093420857,47.34436570232487
105,0.300259609223867,3.0,0.0,0.0,0.0,0.0,0.0,0.0,0.0,0.0,0.0,0.0,0.0,1.4776041269819264,7.133857236242208,11.411613556095904,19.652159618300004,30.695307714714204,44.95322116946821,57.524403464241,76.6996323673381,81.49038621923395,80.17075651279191,78.14442583209241,77.80005527053515,76.54968137709832,70.53161764046281,68.29440304016627,65.55968447331782,65.976598325797,55.42530252285923,63.09920805699414,58.20585003696097,56.03026601341921,55.151975374003364,53.80469640968717,52.2949005173169,50.642880991774106,48.86737113073271,47.222290822782064,45.98597244114746,45.40391021054049,45.69541996119708,47.11982559189472
106,0.2614590404523619,30.0,0.0,0.0,0.0,0.0,0.0,0.0,0.0,0.0,0.0,0.0,0.0,1.3917975690602453,7.796335441237501,12.838205438194187,20.73979800108125,34.0398386604102,49.18772238774895,63.08183820309163,83.43017066663215,89.38796987228139,88.25470034793028,85.73759017736474,85.52840656631392,84.41497854599793,77.79990406242509,73.57145074073976,73.53082117166514,70.25156079683481,63.875389240858546,65.65340988763172,62.50418423940969,59.14471775421173,57.60315317582309,56.85060253454775,55.945824124486116,54.69473243013032,53.16399302798593,51.70413033347612,50.69947305304091,50.386527708142204,50.51794140856992,50.735652841581924
107,0.2866823724035125,30.0,0.0,0.0,0.0,0.0,0.0,0.0,0.0,0.0,0.0,0.0,0.0,1.5407470918936446,8.053478974914185,13.091299079104576,21.842249003334754,35.12201040875661,50.71920702083057,64.83482899995177,85.57654364632738,92.24859971007413,91.22499479310314,89.02481284380245,88.66004570679664,87.39916051795475,80.20459011774426,78.1781050131567,75.21020258028474,70.29252543582756,63.11439603151964,63.694760551094525,63.9605747457833,61.97702666778557,60.16658352350622,58.59199047141094,56.850025216813776,55.27475873070812,54.21969623547843,53.56367886446376,53.087372199442484,52.53482743296988,51.474964220087834,49.476582437961675
108,0.3845426900378357,10.0,0.0,0.0,0.0,0.0,0.0,0.0,0.0,0.0,0.0,0.0,0.0,1.449478770102333,7.890840953956481,12.832558592502773,20.531373147259654,32.887870792042115,47.84977782119387,62.17119278687016,81.46152888201146,86.92435473047081,86.82620789815824,84.24474510972281,83.55765720819855,81.8705255562715,75.41392119288737,74.68973583713979,69.49077269299522,66.1177278034582,65.26931408024305,64.2375467592844,64.41744361999588,62.45059008903543,59.485534087665705,57.11589270759934,56.000420357176715,54.897792799275976,52.69587363926604,50.22660230711164,48.62801824485088,48.465571219765735,48.54473353953497,47.26294327227152
109,0.0880583875681351,30.0,0.0,0.0,0.0,0.0,0.0,0.0,0.0,0.0,0.0,0.0,0.0,1.4754247650828967,7.86518205617606,12.744730970652514,20.802253901520412,33.95455798710427,48.55664681458567,62.84774810316582,82.85307306138327,88.79136168102019,87.50141803070383,85.58883015561888,85.22934758194889,83.00347376007288,76.88979806696295,74.21224684223515,73.21313442250542,70.10149578590621,62.753482094620054,63.3067707630311,62.224508541612494,61.52935964754307,59.88401923491076,57.51531461569199,55.376663197734366,53.70249830597883,52.49776840804173,51.536290286103984,50.55366692772324,49.48358381386866,48.966484949828704,49.806770686470784
110,0.12622901950718793,30.0,0.0,0.0,0.0,0.0,0.0,0.0,0.0,0.0,0.0,0.0,0.0,1.3991779237711777,7.492250168097912,12.249515592427608,20.293348546679358,32.83559930653925,46.83239410733328,60.46612079705566,79.7733136659462,85.48536387535601,84.28246574855174,82.17452210994537,82.40040721752013,80.25356964941021,73.54828808398395,71.69584789678252,68.73613545659187,65.149940188742,61.15915300962973,61.173758768943905,59.54153674424524,57.78086951003714,56.092590236692395,54.454534940235895,53.00253229973743,51.706676135668516,50.51373172876783,49.41852884359785,48.42647672942135,47.53752909429756,46.733312027787015,45.992032172082936
111,0.16896676474992062,1.0,0.0,0.0,0.0,0.0,0.0,0.0,0.0,0.0,0.0,0.0,0.0,2.116367882339005,7.534768470210795,11.089998585553133,20.955144302780827,31.143451387015695,45.45132264497169,58.90194691770356,77.34711260468355,83.03711189133182,82.84422301836429,80.3167079593198,79.82952711195975,78.3518329826409,72.30439867367826,69.29972257316581,65.59258774045273,64.81031311406261,59.26049670172893,60.78124576408043,55.39911902482835,56.79716388043656,56.49361000153372,53.94144205134606,52.07856690920752,50.735847882100984,49.28481980985675,47.86501582614778,46.770873852203444,46.15983570000763,45.74201887591091,45.1330636526767
112,0.19412047210659356,30.0,0.0,0.0,0.0,0.0,0.0,0.0,0.0,0.0,0.0,0.0,0.0,1.4120497452886454,7.784701491110768,12.765736247753956,20.644545750564188,33.19952279926934,47.57043326557394,61.35794993307215,81.48898633667457,87.4771243732043,86.49430079712172,84.04304907356436,83.26709169266981,82.147719453412,75.60339650062761,73.80015486050155,72.20608142301444,65.95843959700495,61.25805530058956,62.3557789669818,61.328620697345166,58.67843078904193,57.75683692296424,57.56266674096486,56.471320767016365,54.498358193394886,52.08779681953742,49.738122736440104,47.89186865002093,46.885363970981565,46.868419433079666,47.99795049533322
113,0.22996227614245185,100.0,0.0,0.0,0.0,0.0,0.0,0.0,0.0,0.0,0.0,0.0,0.0,1.180006915725996,7.20224382233978,12.38606877818959,20.229321804690905,32.21679316430732,46.275693031727606,59.34809917528798,78.64787025723305,84.22060414468345,83.89003691546613,81.81153382876822,80.35028318309726,79.29973498812274,72.82865985380884,70.85423810982932,69.32901129947406,64.72306883639028,60.25865356697488,58.73636873055581,57.63110771683431,56.781791883856755,56.19005351137395,55.303407873867314,53.71168795566458,51.83181839972504,50.134743019776096,48.683817337858116,47.450367038050906,46.48499349959266,46.13640019033927,46.835682144272944
114,0.2677289552545012,30.0,0.0,0.0,0.0,0.0,0.0,0.0,0.0,0.0,0.0,0.0,0.0,1.3093250315790497,7.61268931341391,12.782584678832796,20.780732254594433,33.5622398297098,47.87323677799638,61.92001952744172,82.4053870794632,87.38354040564481,86.37737313711868,85.28730189452033,83.58473544095347,82.0957742823624,76.03966880659972,73.65781066760653,74.87643970619742,70.83604454865423,63.0909379029066,63.02100250998365,63.21143688297446,60.71610765092626,58.67284446307195,57.128342429202014,55.37897606232721,53.54029193678591,51.85233607800342,50.3675791677015,49.093788653457466,48.089916659641005,47.61634818646569,47.986440919305736
115,0.2789325372761052,1.0,0.0,0.0,0.0,0.0,0.0,0.0,0.0,0.0,0.0,0.0,0.0,2.3658368139336687,8.42560034353803,12.303337678245338,22.797932091350567,34.13461494899022,50.02906359908309,64.75527452723144,85.59197372263897,92.14882485846707,91.06692686343314,88.16815421762881,88.6310419116279,86.17340298986987,79.94177969904975,77.87036066778553,71.16209153075249,71.08393909059164,64.41433994970183,66.24276080829735,63.97304812453533,63.45398311821361,61.79073571311968,59.03537220252672,56.72579826759799,55.21461796558341,54.45579019078378,53.8829766205904,52.828788703410275,51.02663493124699,49.58483585391907,49.83656405433691
116,0.23645180246253625,0.03,0.0,0.0,0.0,0.0,0.0,0.0,0.0,0.0,0.0,0.0,0.0,1.2054685226485,7.575716832297738,13.775534554157522,19.406883306472324,34.7068566468069,48.403763274213084,62.567718928224224,82.44400882121695,89.0147302544372,87.53953742803661,85.43448381364362,84.19198468198397,83.13379695689568,76.2391878813318,75.00255057188963,70.52449739589358,71.16736411173855,62.92995264435986,67.35448331958311,64.60073175284508,58.29125961361675,57.45544640072416,58.61954267821027,57.18705749180927,54.55131812871366,52.84023031886187,51.85770482990345,50.938154104521715,49.707483169653884,48.75659377575214,48.86962020803326
117,0.11584549025362698,1.0,0.0,0.0,0.0,0.0,0.0,0.0,0.0,0.0,0.0,0.0,0.0,1.489031463239305,7.894980026782827,12.903380413329923,21.42564468944797,34.14231424858077,49.54160586294073,63.96493735374783,83.81972020814635,90.72474619475508,89.240042546213,87.04519516093033,87.18213559204551,84.58593201539334,78.52596647184929,76.29261744681624,72.4852842038638,69.52628862206824,64.22349222088262,64.26995636624048,63.304185589036884,61.311961106897094,59.99031714964692,58.77053966439071,56.96674805324239,55.19413936930071,54.06558015442344,53.230907113799795,52.14400577351186,50.640709233885666,49.89114018141525,51.360016803103626
118,0.17582364350327714,100.0,0.0,0.0,0.0,0.0,0.0,0.0,0.0,0.0,0.0,0.0,0.0,1.220091921642671,7.185456459610059,12.114390819908639,19.59871002465434,31.663913711898935,46.2661228673704,59.42416311392523,78.39593991493706,83.55608859175938,82.90874424462677,81.27646879693667,80.23433345516125,78.59922314327002,72.50902528585956,70.21760020966653,68.56715906310095,63.08062802878872,58.035031916016486,58.24587704536097,59.59419987301286,57.95889957274337,55.25332494727612,52.83801164039439,51.240541393781555,50.20468739192707,49.375312557355606,48.59548242167752,47.75973208551841,46.87885892070292,46.39443460709527,46.845105136336734
119,0.37163666365518927,30.0,0.0,0.0,0.0,0.0,0.0,0.0,0.0,0.0,0.0,0.0,0.0,1.5586893596815055,8.053866442900624,12.794100237292943,20.570814419843366,33.903759298025804,49.04601610439222,63.60371250354059,84.11480848512576,90.20061761643476,88.43457329593936,86.94561633738678,85.82173588050075,84.6458900866919,78.38021402460207,75.66595155853948,71.30655264524032,67.58770929008529,62.8124318771834,63.33149143487993,60.933665038295594,59.62157484541301,59.19426999076167,58.7604640720322,57.93412553766637,56.72664177208986,55.23273465309162,53.488961177867466,51.51975910664318,49.45528725387665,47.807683466590966,47.12489226788132
120,0.2844285348267463,0.03,0.0,0.0,0.0,0.0,0.0,0.0,0.0,0.0,0.0,0.0,0.0,0.764756337952029,7.296575646689443,13.760885575000886,18.35105368789614,34.1964248715093,46.90114308613128,61.045768809732344,80.56057925472938,85.46496341565017,85.31307771548914,83.30936610413218,82.66585151302107,80.78207058632225,74.32061552044733,72.9820022382472,71.69514027280867,66.77196561195852,59.50536440165081,61.84317143940719,62.89890636516025,57.33671326972652,55.59700635265049,56.33542993245081,55.76411868675937,53.69955261933343,50.94180197385086,48.37749693762003,46.77721323668988,46.5749005351703,47.2183551224239,47.926494857065386
121,0.12381801921092062,100.0,0.0,0.0,0.0,0.0,0.0,0.0,0.0,0.0,0.0,0.0,0.0,1.4114631154586332,7.442028526834572,12.042554617359505,19.757066179174856,32.024553694492106,46.113577926664234,59.60267538881589,79.3021420431239,84.35376037825968,83.56060113265123,81.56777738162386,81.26126302206059,79.28102687437742,72.98609052770321,70.38100475818162,68.12751556902519,64.71765223539616,61.0218149869964,59.858009250051325,59.26281629523171,58.41861964003121,57.299666482852345,55.75926689808826,53.75475323769389,51.7323974928449,50.09617408271862,48.82335723271191,47.80475057675046,46.94430326817832,46.15971953581917,45.375584108970216
122,0.3042888351171468,0.3,0.0,0.0,0.0,0.0,0.0,0.0,0.0,0.0,0.0,0.0,0.0,0.62679686894737,6.867220850567158,13.656216993589666,17.977557952794157,33.25789412264762,45.74206738290345,58.89050008342155,78.02702455501958,85.09149785573914,82.88100451861554,81.04503954411794,80.8424316565154,79.59143368891716,73.15196259522118,69.4955673157707,65.59730256748733,63.08519793907258,59.18618768817013,60.39286557298789,58.07564683778701,58.712714896668864,57.87689113942661,55.3548726269785,52.8888317159021,51.086221007847335,50.09469106622355,49.40109662991127,48.36888057701903,46.793615827057614,45.966043675632015,47.49379769545755
123,0.29544825508091194,10.0,0.0,0.0,0.0,0.0,0.0,0.0,0.0,0.0,0.0,0.0,0.0,1.2269816455393223,6.947090940760065,11.4736576050888,18.508240781506107,30.4134253847057,43.2036063465731,56.82499863056718,73.34125678529334,79.61646573894518,78.5573562016954,76.91952018815655,75.88094799796615,74.9452107477221,68.91866457499678,66.30067626863033,63.69780751887545,64.92404125102881,57.48667835536862,59.20454739306094,54.906313386494176,52.740824915330556,52.77983027268785,52.66203173086049,51.03684172105016,48.77451581796718,46.9451062883205,45.68100400956633,44.916714058063555,44.60865304904775,44.74330235913168,45.323971632045804
124,0.14777999188632798,100.0,0.0,0.0,0.0,0.0,0.0,0.0,0.0,0.0,0.0,0.0,0.0,1.3527014971281948,7.7132223615676105,12.794120538206135,20.566057955942203,33.20847767538438,48.061598804138335,62.00671210117438,82.10504386823345,87.30617213262948,86.33951351234694,83.92529295647053,84.48546217099991,81.7121187422804,75.59592440030168,72.91727509072338,71.02085958972152,66.97895880375806,62.34498875893049,61.767194407230235,61.21513440497215,58.99309634251499,56.990746316341394,55.60449755017727,54.64050943824038,53.65773719661653,52.303253855621,50.731833936971015,49.199765979124095,47.97988370638003,47.50072582232178,48.24217379724454
125,0.23966317282482963,30.0,0.0,0.0,0.0,0.0,0.0,0.0,0.0,0.0,0.0,0.0,0.0,1.2264609847070658,7.210572633235005,12.180452231993561,19.90848656124744,32.376238714283986,46.12097142867365,60.158005518358394,79.12376856940512,84.22092064186253,84.26382293646603,81.52676958142644,81.74794419418214,79.11238924956804,73.3749413376768,71.70280365670949,70.30112255990082,66.20871487241457,60.586785271094755,62.59022209950188,61.28781869772867,58.39788139907378,57.0076335424947,56.02399645285613,54.14379555886787,52.04572393960066,50.55841752823901,49.605618996683695,48.9284528985527,48.230318543190144,47.00460940355698,44.75362099400571
126,0.20207013677583563,0.1,0.0,0.0,0.0,0.0,0.0,0.0,0.0,0.0,0.0,0.0,0.0,1.4900480304192962,7.620189060278121,12.410772811511995,20.32497395074557,32.34828891231409,47.58327550569875,61.945949037888255,80.8515493840608,86.84003481539442,85.99117237272442,83.91880191579864,83.65302698287853,82.3001466512398,75.53608492443935,73.94820769946037,71.90303925928981,68.40149913278489,64.59984889332743,63.24710202200559,60.7223349373091,58.15380327454726,57.53668501347611,57.4185044294649,56.08847095135219,53.97626551927417,51.894035225629665,50.23830596099071,49.28373377430435,49.07058969121775,48.74182628872342,47.25092435848338
127,0.28295105673011833,0.1,0.0,0.0,0.0,0.0,0.0,0.0,0.0,0.0,0.0,0.0,0.0,1.2731062888517046,8.300035139514895,14.460105104367157,21.86875275759611,37.12992742041806,52.39214103475429,68.02175482107405,89.07167639692474,96.29154253163111,94.15638201818274,92.20161754501129,91.7555072881119,90.22916445253767,82.62316679427708,79.12132543806675,74.51992952570228,73.90705076232902,67.5693299842961,64.30187466309424,64.9166654749957,65.7960850057926,63.62232133957924,60.62192767287117,59.28672833185333,58.80875760950597,57.94417390617977,56.46269044858163,54.39855724575437,52.15825830868317,51.47595458612208,54.45208116259576
128,0.19251471608792825,30.0,0.0,0.0,0.0,0.0,0.0,0.0,0.0,0.0,0.0,0.0,0.0,1.4047567743150209,7.798174905080952,12.857973648208068,20.970985532694865,34.09722803077799,49.32605464617643,63.409798592810795,83.09337590169339,89.81901718070455,87.9144740005363,85.79764240504856,85.48289449878766,83.16602385778924,77.63163720812994,73.73368564552031,70.07917733462882,67.43318440577177,63.20412737027279,62.48504832755166,61.18844591063997,58.54921267170482,56.954847200220726,55.921073920628956,54.51761853372453,53.02907322399869,51.860424250173416,50.88052667486837,49.846516863797035,48.75723347837724,48.48983167393159,50.157594763265266
129,0.22159220792024362,30.0,0.0,0.0,0.0,0.0,0.0,0.0,0.0,0.0,0.0,0.0,0.0,1.299816766294819,7.588349405565374,12.686611481039145,20.29253327588302,32.67665447288357,47.22142575278802,61.14866196679886,81.25633430865338,86.51490509319105,85.75546272638498,84.21677571535545,84.00409129962121,81.41602388333511,75.17247815277793,74.0004962303532,70.67280543109088,66.50630299580561,63.39192246707889,62.428345298153005,59.907157307664306,57.158878202734456,56.16510530018103,55.88895584962062,54.997919282216614,53.568649137231446,51.99396327217431,50.57393002073147,49.563444750944775,49.0851446998721,48.80397141701312,48.28411815209003
130,0.28633418352359447,30.0,0.0,0.0,0.0,0.0,0.0,0.0,0.0,0.0,0.0,0.0,0.0,1.32755288239204,7.365610160061551,12.118230953541627,19.699487061616004,32.0811867297833,45.76698373351906,59.044618432211095,78.72443676641367,83.87034470546023,82.3210706161113,80.11827003168561,80.0934229729835,77.92303511457953,71.92933829056886,70.81668921414904,68.12267475657475,64.35270966224707,57.92369123541919,58.234793624061766,58.09610831752676,58.608629355888816,57.492737947457705,55.00380301060253,52.38913017235342,50.26779439620952,48.92565488017966,48.114162859667495,47.49074252805273,46.81762212896293,46.19261693439877,45.78813171231879
131,0.06849271624533526,100.0,0.0,0.0,0.0,0.0,0.0,0.0,0.0,0.0,0.0,0.0,0.0,1.461988107638821,7.890955939891741,12.846694980629964,20.94134620270443,34.22386918743657,49.167870330108805,63.630186580079915,83.80269537910065,89.89811314191462,89.10501324133541,86.39311727375382,86.16953408035221,84.49246758641617,77.63759780701537,75.41578961708373,72.03711252101458,67.723713724217,64.1287803522485,63.223579411153544,61.62211039583804,60.11837128621542,59.02144107446144,57.88260063154665,56.36371096927061,54.72218148323253,53.262837779917064,52.012428545290504,50.93512987223747,49.98409778030203,49.06008077883428,48.05705051056001
132,0.19677287883635944,100.0,0.0,0.0,0.0,0.0,0.0,0.0,0.0,0.0,0.0,0.0,0.0,1.2015354204490332,7.128540767982171,12.060728719432241,19.52779463309007,31.486579074563192,45.92836442631388,59.36053640198647,78.27393451453393,83.01661289990702,83.09552269303067,80.56969564499678,80.15591248490753,78.18783192284451,72.32912364080956,68.91947332938663,65.69982680594569,62.53651019254233,60.22417565701585,59.645243732745826,59.31734426536701,57.859790842588836,55.98036769832307,54.043747364241455,52.17114589827833,50.44270760880226,48.926711515691885,47.70445035682435,46.85603486835594,46.43269548037289,46.37949589726632,46.62242816070653
133,0.27915161851459,3.0,0.0,0.0,0.0,0.0,0.0,0.0,0.0,0.0,0.0,0.0,0.0,1.2749863004854085,7.659988657960126,12.884549471469231,20.49432647652497,34.06182871010085,48.2544464026786,62.55860051066289,82.71693925645971,89.1421449419365,87.32932541232113,86.30835285688951,85.45917038820821,82.83400189996854,77.25499043424763,73.77288074816624,72.09796312103917,69.98173736346372,64.01765053863735,66.52764447097292,60.944070530876346,60.39433039214015,59.45803339264869,57.59653416203658,56.62488945495179,55.576098375686264,53.35306055736513,50.66117557548707,48.497439999975256,47.57457176387839,48.078669854190444,50.18383710627183
134,0.08980764630800199,30.0,0.0,0.0,0.0,0.0,0.0,0.0,0.0,0.0,0.0,0.0,0.0,1.4415543334769318,7.849657240112422,12.849767448714568,21.024997451195492,34.224238385445055,48.91696777523385,63.28014158073008,83.50099225260988,89.06928744809116,88.10400367549185,86.47600394474085,85.77650940678623,84.15982201857379,77.63958301965027,75.8136012041678,70.9474405314678,68.04245533538396,64.19039242031866,65.06194622913745,63.9465603787446,60.64261017809753,58.65634856940225,57.565189297774815,56.29739446895149,54.91704590171564,53.6755191262421,52.559637956260104,51.497630478235486,50.4684823420382,49.63151413113714,49.180660696514735
135,0.16129515529358007,100.0,0.0,0.0,0.0,0.0,0.0,0.0,0.0,0.0,0.0,0.0,0.0,1.293340397732109,7.576560545327597,12.817944001182289,20.97937192358445,33.45424802465497,48.028801051456476,62.42368143850005,82.30492916928027,88.76240958228159,87.2461780553178,84.95371416596076,84.92449958653428,82.89556240214166,76.05318379793245,73.75999749372596,72.6191185503126,68.68637111231226,63.91091341036988,62.898838687002886,61.86998786636848,60.685220345979666,59.20811933648087,57.3892616508874,55.37249137989841,53.538834418811334,52.18877304623794,51.22975713983942,50.492207284821454,49.78869879769109,48.82207876204286,47.29168010935237
136,0.13247646081919723,10.0,0.0,0.0,0.0,0.0,0.0,0.0,0.0,0.0,0.0,0.0,0.0,1.3898727983149395,7.693569194519394,12.603810151446298,20.409118118542732,33.71981053517305,47.80320306916709,62.09197886777521,81.56757104331196,88.11096133904168,86.70001435238986,84.59176943382394,83.91546005793467,82.9439843842569,75.67897648038617,74.6671656574511,73.09522242187579,68.33664071273186,62.25454320595845,64.92201429707977,63.30761815522439,61.55999235821394,60.06217600813944,58.262799642057225,56.18624269355504,54.25383008357927,52.80209314241263,51.64121313692322,50.48096017476522,49.2815770095182,48.89205482365266,50.3894607232728
137,0.19972742331418442,3.0,0.0,0.0,0.0,0.0,0.0,0.0,0.0,0.0,0.0,0.0,0.0,1.4361213339961094,7.269313230937011,11.62837756799905,19.324907251329304,31.355240582873225,44.77088710360261,58.153921924956784,76.01961845482394,81.71621339389723,80.9050130555199,79.18277368832946,78.0898531321107,77.51807016988501,70.41070428409272,68.4736710399809,63.712384060468786,63.257524936579834,57.3625537121613,58.13928878204754,55.8193997441586,54.43284958236093,52.88805661103469,51.249415999013266,50.24322432962073,49.46567012969804,48.42769233637588,47.2512436462408,46.18853376166741,45.487801249029346,45.458628948203454,46.45015112923275
138,0.3003799963496936,0.1,0.0,0.0,0.0,0.0,0.0,0.0,0.0,0.0,0.0,0.0,0.0,0.9299261918517624,7.370841274296257,13.38097086806327,19.521765294237508,33.50559955508633,46.52124040157544,60.614108295780106,80.04940331461783,86.3204477201734,85.24446827937135,83.59320054235184,82.1547965189863,81.23316534855789,74.36562985290628,71.79520542943246,67.57623463600504,68.6894823366625,59.79884342003487,65.96947700277907,58.462139892876316,58.478491707133635,59.72389024032696,58.98538928171114,56.95829837974083,54.51775739307718,52.332077152369465,50.42879229241423,48.700650183657466,47.25020787563091,46.943748777544826,48.882441500392325
139,0.26019149503819233,1.0,0.0,0.0,0.0,0.0,0.0,0.0,0.0,0.0,0.0,0.0,0.0,0.9001943199638273,7.459710669639724,13.47751779244674,18.853416079453694,33.663742568727045,46.72205647799318,60.72876322851678,80.31016995826512,86.15072678450562,85.07839853916235,82.95731962226054,82.68184444760684,81.04258138108415,74.06063751278745,73.54419859360047,72.13750034980065,66.1485521511941,62.22558505027064,64.50831697296745,58.75731865367024,59.039580932228056,58.63608387070079,56.30957721369194,53.869502689318004,51.6063601749268,49.55931654497432,48.15100598244679,47.86506902729735,48.748442628408746,48.9693221779691,46.25119604177834
140,0.46072020404986197,100.0,0.0,0.0,0.0,0.0,0.0,0.0,0.0,0.0,0.0,0.0,0.0,1.1784321606198929,7.4280477199304435,12.991467597123156,21.459859220280762,34.580505225064165,49.87416181786366,63.29294398333075,83.62747241671677,89.30933370084412,88.95650066603805,86.44311367132906,86.33534586488824,84.43047140792878,78.20792545373683,74.26752937720897,70.85149399004443,66.41506473139503,63.81089124800767,64.85690829790728,63.69540226804832,61.06708545340517,58.5197305140812,56.613407868924995,55.554829572257916,54.87374647509467,54.07557708708705,53.11374419957342,52.04852992355595,50.97807859095057,50.156843045189945,49.865424130228625
141,0.15218616915715302,3.0,0.0,0.0,0.0,0.0,0.0,0.0,0.0,0.0,0.0,0.0,0.0,1.2892537576109981,7.427386883581967,12.439273777906358,20.24354797951673,32.582698080961144,46.742426747906336,61.0461298534125,79.97662954935328,85.15759988526638,84.78607885175346,81.96418940051686,82.10452323724593,80.08315218687508,74.45372106011529,72.19640728449482,70.0452079796718,63.99659278231003,60.59306927924396,61.013252689100725,58.25928775651653,57.89866782469045,56.95416444224012,55.41542516900573,54.429328885097476,53.551592560739714,52.17931618334296,50.457451573974204,48.6888374302375,47.24828205525554,46.9011470071732,48.55239626325414
142,0.23276014187562585,3.0,0.0,0.0,0.0,0.0,0.0,0.0,0.0,0.0,0.0,0.0,0.0,1.2284997060944753,7.361948199100619,12.39108087008864,19.801880790086788,32.91610334667407,47.23509441522949,60.339962381132686,79.87850547824148,85.54766145636258,85.3396064526272,82.42034777554284,82.02329221798976,80.11298367258368,74.26648538807905,72.12814659447348,69.31416981692773,65.27329123044173,60.06965086923518,62.63443925361198,59.89162771462444,56.835753542731496,56.226534743411904,56.36574681268984,55.43388855426865,53.238229594643535,50.2432622577341,47.628461525009456,46.538957388210385,47.36235515117277,47.681645961959575,44.4104386310061
143,0.4253807723184942,10.0,0.0,0.0,0.0,0.0,0.0,0.0,0.0,0.0,0.0,0.0,0.0,1.5442470417538556,7.821510425808777,12.399994445670217,20.12436772808451,32.54226607267305,47.31009069533832,62.205672969923874,81.21251887969717,86.63749493221003,85.43672262846032,84.18458502588416,83.45561920326979,81.63531892444067,75.61429733087819,74.08494973542477,67.62832400685717,66.26637280849715,61.341882258012234,62.394819310355814,59.822440928274496,57.68305964995782,57.156142596190755,56.48608302924725,54.429393471726115,52.36039296934221,51.625826190838914,51.684547537975625,51.587432609782574,50.70082954521678,49.60703456371223,49.14028572368923
144,0.12372557195959058,100.0,0.0,0.0,0.0,0.0,0.0,0.0,0.0,0.0,0.0,0.0,0.0,1.3364538634135785,7.791385603927547,13.082061497901776,21.136013655498253,33.91029669562483,49.43072414015325,64.16383372436627,84.3264419398756,90.08042128758149,88.89542565876916,87.18251671462585,86.51012111955947,84.83474328661767,78.20185440749263,75.72275854391279,73.99885871396535,71.14682578646227,66.81111821069827,64.70188293761515,63.18748476752115,62.173332937299264,61.158322596679724,59.706282129393735,57.659799392319734,55.45498809814385,53.54259007772327,52.059332172959216,51.068274491678046,50.638956603915496,50.86300483809157,51.858731900823315
145,0.2800491294092657,100.0,0.0,0.0,0.0,0.0,0.0,0.0,0.0,0.0,0.0,0.0,0.0,1.3810052489136595,7.299459463656044,11.70928216815916,18.728734653015707,30.21338446722805,43.647814365193085,56.512719935641236,75.44533306733777,80.12623137090834,79.65351127572985,77.55359820366365,76.60874578398534,75.32431018629072,69.43089070728725,67.88197098686695,66.43689749695447,62.61491706649114,57.68545809985226,57.168595030994354,56.9120218296295,55.63901013901481,53.99589043433632,52.25957503922515,50.570931733141165,49.07882955407732,47.87777842895779,46.88620827848976,45.98933073714916,45.09473104476048,44.170156995956106,43.19883851375934
146,0.26302965327444255,10.0,0.0,0.0,0.0,0.0,0.0,0.0,0.0,0.0,0.0,0.0,0.0,1.2921907434101714,7.632127635254995,12.803059128135473,20.532704414202875,33.787216469164406,48.1179541536394,61.489290193847935,81.93997365245251,87.73422782029509,86.58342299674503,84.71710219741608,83.9410414164593,83.41637709366302,75.7543285788509,73.15537515245651,66.53977613177334,66.20343148493814,63.152773582291694,63.039398904866324,59.10621658766079,59.767999324265524,58.92208657938191,56.54671884784408,54.92729119321149,54.05860646914537,53.45706423332293,52.695675065574875,51.37900615855816,49.457909581026364,48.04950428138411,48.450432965506515
147,0.20237223633471754,30.0,0.0,0.0,0.0,0.0,0.0,0.0,0.0,0.0,0.0,0.0,0.0,1.4893921048541456,7.946328746712388,13.014773648730065,21.735322634418416,35.063117883414236,49.54806833778462,64.51537845528263,85.11960755931823,91.32240861651029,89.8028708874789,89.006313574885,87.16809338006041,85.74154773314905,79.40646706251034,76.53270163447868,73.82519345361023,70.69896173519743,64.08233659082768,64.03601603411161,63.48065074619908,61.563612701806065,60.199648605461846,59.2748238194244,58.26992652805703,56.942026915873086,55.221542450244804,53.40272195012839,51.831054473587756,50.68527344994779,49.63081752901913,48.240745582765946
148,0.19146953769978697,30.0,0.0,0.0,0.0,0.0,0.0,0.0,0.0,0.0,0.0,0.0,0.0,1.272672906116703,7.330218768939697,12.264126662658436,19.882849550612555,31.888818759982218,46.310257581907855,59.46823311086356,78.80970204258907,84.5764051077986,83.01028749337792,81.39770438396454,81.01167018612874,79.52855634490267,72.44618581429154,70.05132517512742,68.02580628805043,63.323802853717254,60.71562651678016,61.214323177679695,58.928563779720626,57.378758948884894,56.788134633504185,55.841842161806944,53.7539459647563,51.550443615192044,50.206724842829736,49.33267921279501,48.270563387322966,46.776496578901394,46.023005698349145,47.49209357406163
149,0.2745819828198804,30.0,0.0,0.0,0.0,0.0,0.0,0.0,0.0,0.0,0.0,0.0,0.0,1.2623724207162927,7.259947174403976,12.099474637743482,19.51274856451267,31.51499454614751,45.39344408760453,57.96709785831908,77.52637120492716,81.90452877900115,82.14861126271065,78.84442171484636,79.33915776200504,77.4499867589309,71.80587737544634,69.46991268981888,67.87044517995035,62.809103986503885,57.27728156804666,58.022304181942204,56.04585278889923,55.776561756522206,54.9594581004682,53.49730836824076,52.34228479572201,51.39167315606466,50.36333917229351,49.197122843266655,47.8878763292319,46.48103840825525,45.206017627879056,44.313965234569025
150,0.16539177093033863,10.0,0.0,0.0,0.0,0.0,0.0,0.0,0.0,0.0,0.0,0.0,0.0,1.4715314230563739,7.518958900390624,12.071968115314762,20.025850618245695,32.48121094595779,46.972631644101604,60.03249083683217,78.89434388051589,84.04861422176168,83.61271396751353,81.58033391580369,81.10383325546705,79.6371469734275,73.17217480949124,71.60879126163542,67.88952531570811,64.46852089491878,60.801552229134415,63.507824520338914,60.32304713722466,57.833516087155026,55.98307578431087,54.22568971289881,52.70063549743492,51.37252605951793,50.19009312499753,49.183064183712055,48.39778679562204,47.80569544348834,47.091926079278394,45.890833623365204
151,0.20499081411494283,0.03,0.0,0.0,0.0,0.0,0.0,0.0,0.0,0.0,0.0,0.0,0.0,2.2888180914726717,7.774006742748648,12.854486817115026,19.733566003766096,33.884590505565555,47.12355127422124,60.88301685919414,80.96827785344017,85.96779054524295,85.91252789743093,83.22844146415758,82.88982279472002,81.25229982803111,74.639165693265,72.85448862501006,68.20969526518647,66.75566333936057,59.30716128492962,60.24507435620369,59.866477892339624,57.96574338602103,57.26238860737109,56.88010696541738,55.56950808326835,53.64853700570509,51.70252671254898,49.97415415668064,48.60901340461296,47.82189069574568,48.15759021880426,50.32280669315772
152,0.24400247098267072,30.0,0.0,0.0,0.0,0.0,0.0,0.0,0.0,0.0,0.0,0.0,0.0,1.3103259874022326,7.1824888138686545,11.801575977717299,19.342858271497516,31.44688106500315,45.27718472983098,58.726364442687874,77.36455518700116,82.75020864936151,81.99495485068626,79.44858168426099,79.75772608694741,78.10150105717804,71.94302590148041,68.36059179273514,66.95586067182875,64.50067694666082,58.929763501341455,56.84191087950006,55.8364897266101,56.94206282687082,57.27223888448792,55.99206733946789,53.5115959390433,50.95974378280043,49.2210709747105,48.14414478138494,47.384208511677905,46.668284032927225,45.89966009499978,45.026750317563135
153,0.26036135046724806,30.0,0.0,0.0,0.0,0.0,0.0,0.0,0.0,0.0,0.0,0.0,0.0,1.4416260008855797,8.088790356330327,13.354049869238615,21.54338979796867,34.69085517641272,50.447370379642216,64.79854566986248,86.23400150791693,92.14431065836716,90.39939900872918,88.7045310543382,87.8833818081224,86.39183836459313,79.72371841333687,74.52060338908103,71.37708212186902,70.67746830382335,66.17521027565843,65.15241816587866,65.10540914753926,63.960659211236916,61.83590383629384,59.54869732988507,57.738000714854905,56.26019166035966,54.87150387404506,53.5662840114893,52.39113342524983,51.4751159042958,51.285466342070116,52.39181326162951
154,0.28140524003416073,3.0,0.0,0.0,0.0,0.0,0.0,0.0,0.0,0.0,0.0,0.0,0.0,1.1535677083428384,7.266011946096022,12.436645639844132,19.616925919989267,32.394308367399695,46.52734480442545,59.70819831052504,78.62777378542826,84.55575717992575,83.58693764681972,81.94460596669136,81.23625350655536,79.35002143332831,73.57317215200476,72.93236437429552,72.30746160348198,65.04156910797404,57.62422604460944,58.27041275944588,56.09358798541773,55.923750177352005,56.1177902988141,55.459086796730936,53.86432079841191,51.91300846145608,50.19848706022387,48.94003299903713,48.26632624083822,48.145209710931574,47.8884779224693,46.665422551787316
155,0.12984871379276794,30.0,0.0,0.0,0.0,0.0,0.0,0.0,0.0,0.0,0.0,0.0,0.0,1.4459280628327353,7.747211165013121,12.608475749761164,20.616496046335854,33.40129226987953,48.46884304718025,63.05273346748779,82.25766086916401,87.97165519292231,87.42845394944405,85.3742245541973,84.91780469040509,83.07949012827382,76.75099161431612,73.90821436560822,72.41147301914648,67.92129186964468,63.757541673772984,63.64018873871417,62.348887504536144,60.12329596169022,57.76353414716554,56.09015380195932,55.604430916329974,55.39158490217011,54.47127304708232,52.89888920164978,50.98172626756467,49.15128811868809,48.373391589075865,49.74616343982489
156,0.13815548257162905,30.0,0.0,0.0,0.0,0.0,0.0,0.0,0.0,0.0,0.0,0.0,0.0,1.4529943568309882,7.85444978074681,12.849495913144109,21.175754160302834,34.64878859403532,49.54765005380308,63.37021406842839,84.0580906124948,89.81309216588818,88.73733702139796,86.67798638482539,85.92209380228499,84.20493802617911,77.89897962199922,75.09309670327585,72.47931914198999,68.0056854324178,63.32125298162528,63.93253258841674,61.321754408214666,60.128517705820094,59.19443728873089,57.7651896772305,55.950383353146215,54.0643118211832,52.39359667101509,51.03171667182825,50.02511277994196,49.498376342438185,49.89355378984954,51.78729339680288
157,0.25871833425902757,100.0,0.0,0.0,0.0,0.0,0.0,0.0,0.0,0.0,0.0,0.0,0.0,1.2701605054299119,7.243261086072176,12.024757362677759,19.354361944737136,31.295056367946227,45.91041705118229,59.07879237754447,78.39104265956806,83.39593031002731,82.41948875243096,80.64488648396731,79.94093569498226,78.57236253319493,72.77515575893504,69.39949360332139,65.62872050864664,61.16134398842,58.436065114499264,58.92718467565423,57.71685490863516,55.89491889581575,53.89384110691445,51.90006424417255,50.15077382862471,48.70974464146963,47.583057919566805,46.71278579231419,46.03149875493808,45.50801524314325,45.235772820702614,45.339360270359975
158,0.32053343278800894,10.0,0.0,0.0,0.0,0.0,0.0,0.0,0.0,0.0,0.0,0.0,0.0,1.2977852906670655,8.030651939184464,13.650601780851073,21.53397296915988,35.24641408700778,50.57722462095418,65.69331327348189,84.95538462736673,91.68441350069182,89.93645033042266,89.7934080685092,87.8387294414699,87.01378163303026,79.7957579742974,77.51470670118381,73.83381044454612,71.73934559401897,65.58554405118142,64.08217923556005,61.7957837672299,63.029972920383585,61.53300513775503,58.208082017439835,55.94464215690914,54.73378404424452,54.012788422452886,53.344432714659355,52.3337764732894,50.86943379290384,49.83569703639206,50.30298093672128
159,0.22863998609005398,10.0,0.0,0.0,0.0,0.0,0.0,0.0,0.0,0.0,0.0,0.0,0.0,1.3030386115793047,7.756872845689662,12.998725710069529,20.67412156220614,34.25579596445131,49.13169854165812,63.38984106742975,83.65575868405512,89.7588908611895,88.37335003079374,86.85249618996647,85.17928627639333,84.32704855942882,77.53078102004719,73.10344230652638,67.52473228641388,68.95262550008539,64.0388468380968,64.80835699613772,62.673444501501976,61.04226000110133,59.304870497426705,57.32921111388954,55.57215176910932,54.026245722034055,52.61530624988727,51.39022823323005,50.42653951727577,49.65633035378458,48.47082842339705,46.196521943196075
160,0.14005973161467578,100.0,0.0,0.0,0.0,0.0,0.0,0.0,0.0,0.0,0.0,0.0,0.0,1.399492582066433,7.603147016284644,12.461599385846421,20.41209235722756,32.75953987255953,47.0698472396712,61.578716291638074,80.74031702644861,87.15268095926186,85.33977794874771,83.86857194250426,82.70609983622317,81.21750961956384,75.09440091670604,73.86498941076857,71.05916283889842,67.61201057739062,63.99493853967679,60.82018754788942,59.47808975859069,59.05826077487545,58.11039913361763,56.824492502912555,55.66500521976936,54.574164969455666,53.40188105004524,52.09925025536348,50.64446187000716,49.16779175809322,48.36454621005975,49.04838419202073
161,0.23299416164263204,30.0,0.0,0.0,0.0,0.0,0.0,0.0,0.0,0.0,0.0,0.0,0.0,1.3146205809060973,7.273919157157813,11.948458638440957,19.323794521676433,31.132121290729348,45.153581462382654,59.01814362309706,76.98883328604607,83.52812241530657,82.32666044798137,80.33549887989224,79.98102657841693,77.86740624165145,72.07137671508671,70.43895720766947,68.94076561181537,66.09688797456612,60.419581288687276,59.566731748837796,57.77505693937996,55.33606118199354,54.553281393943614,54.33498635236973,53.20924307510079,51.30702006288108,49.15702314133979,47.30987774595347,46.26046247863244,46.30833029232455,47.105709906702636,48.149715900399634
162,0.11683519065963904,30.0,0.0,0.0,0.0,0.0,0.0,0.0,0.0,0.0,0.0,0.0,0.0,1.4918344162822696,7.9705330618602535,12.926610483816804,21.027586541729825,34.051332153814286,49.05675681197097,63.44466268408885,83.99029175908413,89.95174126921921,89.28049937162362,86.60048870061019,86.18281667121025,85.0706274482476,78.03384806294535,76.32986616235038,73.31771792596587,69.74014218446258,65.61245137046471,63.5390842889415,61.621341905633415,61.047421266156235,59.91934909086775,58.31436791224459,56.902538532814795,55.62519988899286,54.30114879491377,52.90386629572369,51.443245228874076,50.104914630850274,49.75259390123901,51.44407479547744
163,0.23959077037917387,100.0,0.0,0.0,0.0,0.0,0.0,0.0,0.0,0.0,0.0,0.0,0.0,1.208710921818314,6.917956309452107,11.593398882418006,19.05542153080347,30.851820883322677,44.471668394381155,57.13204243023153,74.85710722426104,80.5196013693384,79.7587880225829,77.31412423936594,76.71610026179188,75.2903587725224,69.57478795334687,66.71473757490843,63.961633061767245,60.592306061352424,56.74633412849007,55.149431303211564,54.52589476910328,53.146830196959954,52.31480231363211,51.72067994039724,50.64983174741938,49.109599101893565,47.307065166283046,45.53417430218249,44.06796757793853,43.133549819329346,42.8749908112273,43.44015363669346
164,0.1545868838163131,100.0,0.0,0.0,0.0,0.0,0.0,0.0,0.0,0.0,0.0,0.0,0.0,1.3399113215314127,7.551291777807462,12.57294880327162,20.585702837295734,32.78741507624562,46.81963952960742,61.03891689661241,80.91073526429376,86.5186944415341,85.77148048153158,83.34470510686413,83.25056351213095,81.11020011235803,74.9921752602892,74.2756478689316,72.03658897155893,66.50516429022089,60.59339175879831,59.734321001432164,59.61302459231734,58.62715488594665,56.992433224899706,55.2570591628768,53.83142800782093,52.53759307364722,51.149603689214516,49.7291624105535,48.39585813036181,47.316474784035336,46.88233751595051,47.548129042804725
165,0.15841908352914316,100.0,0.0,0.0,0.0,0.0,0.0,0.0,0.0,0.0,0.0,0.0,0.0,1.2656474009778043,7.714755591842009,13.206092247957274,21.33862909490012,34.044230130460704,49.74235456505855,63.90099486819705,83.6415464272691,89.64685128421691,89.26859238055901,86.91982416309648,85.81900065693334,84.17729085297321,77.77102456119783,75.98558977349397,75.0856287062096,69.97939270054705,64.31207779895692,63.77755477056103,62.620320763861976,60.72358046347439,59.451340069446026,58.521194366127745,57.42507110124953,56.11897703568921,54.683779596234174,53.25299073716088,51.960917696262555,50.94572474433434,50.40395878350303,50.54952030149125
166,0.2382122565418206,0.1,0.0,0.0,0.0,0.0,0.0,0.0,0.0,0.0,0.0,0.0,0.0,0.6093815707043014,7.368181687536478,14.807364258868816,18.601629092944922,36.06270655731626,49.26407884266156,63.79704556598949,83.81271589781832,90.29532303815895,89.4367862647595,86.89945152009558,86.68508230274867,84.29058861763457,78.0291909673519,75.26850102799999,69.84709692982999,68.64305362068187,64.43460065307313,67.84122865852683,65.34268984513659,60.88332115982603,59.11062320932038,58.516935323815574,57.14407625323515,55.05392289234405,52.79128771861258,50.911341237926,49.91546244981845,49.986053498759894,50.12297458334631,49.03617029570233
167,0.16237661778794427,30.0,0.0,0.0,0.0,0.0,0.0,0.0,0.0,0.0,0.0,0.0,0.0,1.3959846985218187,7.612260293296352,12.577178101469237,20.97681767264071,33.80035555323516,47.93451102459366,61.820540776002936,82.0173008176124,88.49269669884268,86.49002118241353,85.10593316771781,84.44952547022018,83.04894836208783,75.9407899683514,74.9809366547353,72.5066559550209,67.36036581782497,62.80171272489009,63.84509158820687,60.80361037795926,58.61197999762602,57.72979390897802,56.89995560423103,55.37886202569679,53.61111396907187,52.15071018618622,51.03720472248146,50.19781416349659,49.51656126382408,48.68358998342052,47.361759835871595
168,0.17115951140166144,30.0,0.0,0.0,0.0,0.0,0.0,0.0,0.0,0.0,0.0,0.0,0.0,1.2345655025208813,7.481394434342522,12.74858999026331,20.570932183410758,33.11816233598407,47.69028959871577,62.1293198048282,81.87769247148057,87.68130359296256,86.08795110503462,84.95343322640333,84.43420963673864,82.63038107788498,76.58340543020827,73.53418229952702,71.07676450438929,68.48684422229972,64.00798308148833,63.454730112448296,61.859572035507874,60.51414067472703,58.74702331885845,56.74595881771362,55.04394953998569,53.64209598116331,52.43738039518565,51.374449281314874,50.411587723080906,49.58255179495515,49.20693583158181,49.67525540325241
169,0.2925465652720081,0.1,0.0,0.0,0.0,0.0,0.0,0.0,0.0,0.0,0.0,0.0,0.0,1.8611408679761972,7.518856863561938,11.500885456841287,20.063491560641353,31.683493030164406,45.76356939946306,59.94750166453947,78.16137291375213,84.3584878797097,82.8828092016182,81.61709333968291,80.93655434575881,79.48677978036717,72.4897305303525,69.73767763193287,64.10140745941779,68.14067187636913,57.55779168722853,62.43484321625067,59.580561939412306,58.610172101951555,56.60733959157202,54.01023054379394,52.87192840848963,52.141463495256225,50.576077196374506,48.71135408115565,47.42249747451255,47.190760524434324,47.26351969375352,46.59877798445335
170,0.08177048935205898,30.0,0.0,0.0,0.0,0.0,0.0,0.0,0.0,0.0,0.0,0.0,0.0,1.4359617508737779,8.118530083152885,13.447314333784801,21.771197689259413,35.26568754886311,50.35129802913784,65.23988708921367,86.27663261142187,92.51794420520503,91.10103816817723,89.07035578615718,88.31761707144496,86.44566090519159,80.21346517291774,77.35362125589393,75.14405068841685,72.68321954390586,66.0988879014951,65.16804477163302,64.13640543498056,62.48026804824675,61.450718494269374,60.443491873755505,58.75201103219541,56.7762430937544,55.0291120884527,53.59026360634237,52.4410839944833,51.58671556985173,51.11424292042324,51.13354983053354
171,0.17701212459809532,30.0,0.0,0.0,0.0,0.0,0.0,0.0,0.0,0.0,0.0,0.0,0.0,1.3738474049395129,7.430982482294482,12.163896037596468,20.055775487284695,32.70962907957438,46.49487387858726,60.20227632398849,79.16847432183305,84.78798810279888,84.16047147932116,82.58262312469584,81.84849228935582,80.23054963351161,74.43151447157466,71.49384199684155,70.8042725413133,65.68835700872613,61.18365339220657,61.41573001549784,59.21771664736535,56.249867068721905,54.85245221667214,54.22816512450053,53.315005415707034,52.22682338375715,51.23953224370065,50.206827130290726,48.89602263339891,47.36673960807395,46.71228725102103,48.26645988237267
172,0.17171950613451772,300.0,0.0,0.0,0.0,0.0,0.0,0.0,0.0,0.0,0.0,0.0,0.0,1.4100466434420533,8.121632533488945,13.572304591584963,21.987027370377287,35.547213800334035,51.708165165150035,66.00945813852485,87.4238812265955,94.14242914069145,93.10580168980286,90.36384795577749,90.18671389634625,88.27657881399587,81.6879218057728,78.64754976297996,75.42131599227294,70.51943903736522,67.09662673285254,66.37764540327181,65.95941170733059,64.41126198300731,62.44946276056811,60.6338018003737,59.20764308702303,57.91850183704781,56.491839694388595,54.956816992386116,53.40792636022479,51.997036543925745,51.12525134280502,51.24277858143068
173,0.13111793205012487,100.0,0.0,0.0,0.0,0.0,0.0,0.0,0.0,0.0,0.0,0.0,0.0,1.4903997880946684,8.177246441249764,13.391272247042245,21.672679909001182,34.91005593474931,50.66546745317078,65.34655644004414,86.5119403340419,92.76138755998838,91.60866470369025,89.18980763277135,88.4945964115066,87.0662563683339,80.19037616403531,77.26499502329332,73.73947428720058,69.74132133976589,66.59320206511268,65.36574095543094,62.74403537215938,61.404230684773474,60.79153976924188,60.05708690213644,58.80116297664116,57.296356421897464,55.882451467808046,54.603260198975875,53.433572218082126,52.34068246269822,51.258311897542924,50.11640097247194
174,0.19122808244190992,100.0,0.0,0.0,0.0,0.0,0.0,0.0,0.0,0.0,0.0,0.0,0.0,1.1931474709515466,7.194797860690705,12.217858725600308,19.540926806408823,31.00468244660841,45.44736760206073,59.20267859056586,77.55564463054742,82.66554900611224,82.23053575435546,80.35912668038203,79.65033228991054,78.3795416641217,71.89420116953505,69.93958804109255,66.3762273719309,62.67906184811742,59.31370509303328,58.64079185466964,57.70193921137691,57.43171306337437,56.69851071857265,55.462966194335344,54.10438550959672,52.57924877452069,50.812519728846674,48.960122493362604,47.21130961991013,45.819241729204165,45.366104504157256,46.54059195392548
175,0.13171228130064436,10.0,0.0,0.0,0.0,0.0,0.0,0.0,0.0,0.0,0.0,0.0,0.0,1.3194647947752218,7.366116752305683,12.08861998031443,19.4912962925677,32.114521182746586,45.42075045926277,58.951634580630525,78.07681230759452,83.53361200619322,82.28356767007564,81.03253057346438,79.73672129642517,78.88409215378161,71.98046681099417,70.83652449225379,67.0603945256839,63.95933546802341,58.3336562876335,59.47216144084054,57.22036485218393,54.701903494872695,54.181813260665415,54.17489828583205,53.141537707401966,51.46470907591151,49.84122697764233,48.45849905706481,47.37841901086971,46.63110456802632,46.135815742535975,45.791009811954744
176,0.1495088044826429,1.0,0.0,0.0,0.0,0.0,0.0,0.0,0.0,0.0,0.0,0.0,0.0,1.6887630619714846,7.850177296102194,12.385663732203927,21.455979650759375,33.47441919823765,47.95099221062282,62.91626499771004,82.66209032938416,87.99568473844104,87.63388459535737,85.66208478864233,84.4944104195245,83.2185176552473,76.6166000301369,74.31798368874985,71.87968956772448,69.94552795727797,62.14116985461337,65.38797733438842,62.1275009697834,58.95663381672114,58.32121335380231,58.13795778350298,56.69388795729716,54.66657197173983,53.013602969918786,51.782008472895704,50.822646986608255,49.95595877716614,48.83896884300147,47.11920679245499
177,0.23028760487559644,0.1,0.0,0.0,0.0,0.0,0.0,0.0,0.0,0.0,0.0,0.0,0.0,1.9825276021522824,7.43333382132111,11.250704074600748,20.389037292595894,31.023911990525555,45.21867734264099,58.18842603296468,77.40801932392696,81.95594392482359,82.24459237878284,79.79448038206519,79.24362190973669,77.85406279824171,71.31838391948628,68.14459076739864,63.66874968472791,64.96889051243231,58.093058635647154,61.95569304199599,58.60888399791807,54.924619273515084,54.40011894244501,54.525350130715395,53.022962607094634,50.96760295546918,49.698818587178195,48.88036776762456,47.83375326293979,46.27945725002712,45.292167965262195,46.20988960913171
178,0.257589642461896,3.0,0.0,0.0,0.0,0.0,0.0,0.0,0.0,0.0,0.0,0.0,0.0,1.0944265623766747,7.347488429389113,12.760353368676906,19.733763190472843,33.40090314939193,47.00920434163959,61.10032326943436,79.73221645107513,85.1564982678233,85.00922421517913,82.33609047035958,82.18385003614462,81.1366820638925,74.2583476843495,72.78628767008534,69.13597999096305,68.60542393813199,58.22552605882918,61.06543962846238,59.8432587925169,60.074308993114876,58.431745586126,55.51523146085752,53.494796122009845,52.252267970120656,51.28656469114414,50.42201894086637,49.563804226344125,48.67888322129122,47.956228545000506,47.628885880322144
179,0.22800132430488249,1.0,0.0,0.0,0.0,0.0,0.0,0.0,0.0,0.0,0.0,0.0,0.0,1.4921369974801377,7.56732561309196,12.178856719027518,20.31505537432419,32.268270697089605,46.3330889797457,60.66095229398283,79.4977259347095,84.72975746713053,83.55223295838488,81.9999703411611,81.1426467986789,80.1865474665647,73.36850417280355,70.8514545535645,66.3375905394072,65.49674682254222,60.50269552220049,65.02732809279563,56.79085514004234,55.79194858927755,56.57164616899144,55.86758285186849,53.7791199917323,51.54929071567605,50.20673958688076,49.450652042045725,48.71694196735148,47.681626580829914,46.8400725505992,46.854484159376746
180,0.24490530093467966,30.0,0.0,0.0,0.0,0.0,0.0,0.0,0.0,0.0,0.0,0.0,0.0,1.2866880387140223,7.438688503302807,12.498026228464035,20.428941285737874,32.9074250087209,47.37539781900629,61.33766083750724,81.07066556070744,85.30676436311768,85.97532891826533,83.23019398586608,83.19098589840772,81.40641861837783,74.37289710286535,73.32726304025691,71.52111210877594,66.97005384427204,62.43453420545454,63.30189061501541,62.96476572600514,60.2745484310317,58.08506178243089,56.26428642674802,54.188957421296564,52.37714231706016,51.34292033338918,50.78944991267843,50.25573263586545,49.47731105842945,48.891970495540434,49.09172604146856
181,0.17110337804458373,100.0,0.0,0.0,0.0,0.0,0.0,0.0,0.0,0.0,0.0,0.0,0.0,1.3246054541295371,7.471234217150587,12.468439449867896,20.56078069846563,33.10465075215961,47.675421590159765,61.72028618059486,81.26116357605123,86.20200242778743,85.09663586761548,83.6836401720644,82.60253169255076,81.15379543335692,75.14056713282477,73.55462397274488,69.51452954142911,64.98369576920628,62.32284272615808,61.67821647959498,60.29253265588868,59.08660953851497,58.12499016854729,56.952531135788405,55.30318317232857,53.55637251884804,52.1030355621334,50.91950539166222,49.894372333393385,48.89444776682174,47.67475592848943,45.98726946116622
182,0.3002495734337017,0.03,0.0,0.0,0.0,0.0,0.0,0.0,0.0,0.0,0.0,0.0,0.0,1.6453506394457047,7.880770501794463,12.09507300259161,21.464313524675553,32.318381755464905,47.40903921401241,61.808030448199325,81.16447863977177,87.00029448843419,86.64778103789429,84.23397847266988,84.30491940226108,82.18506224776175,75.71413050378244,73.92945813125853,70.24925186064843,71.60222672115759,60.22776954221141,67.43706556909315,59.018682607980544,58.81701656334826,58.62229734226698,56.65171523641205,55.41237228325524,54.42089658750804,52.85436645113244,51.11743273994279,49.848149132546844,49.35052113923381,48.83064264107778,47.2715593196259
183,0.21674516591495566,10.0,0.0,0.0,0.0,0.0,0.0,0.0,0.0,0.0,0.0,0.0,0.0,1.2798952674279915,7.521130962189221,12.519324937992883,19.76177131829096,32.32186009331045,46.37686503528249,60.702154297860176,79.88275349050946,85.45426286917832,84.9101495110327,82.38716489778247,82.17819223682123,80.57956934745377,74.72254114136727,72.91644761611936,72.93801675003958,66.73419606662361,59.307308943888955,58.47583655795382,59.581146442225915,58.43067743542079,57.19367663391822,56.097883364430736,54.647443506324436,52.92172326513997,51.11878925983758,49.395847682903984,47.885046954421895,46.78447144420763,46.60482064983977,47.971156549414424
184,0.1310563549700355,10.0,0.0,0.0,0.0,0.0,0.0,0.0,0.0,0.0,0.0,0.0,0.0,1.4549586182488816,7.678752985111685,12.406903236269882,20.340470915965454,33.25286467780552,46.983089860784595,61.38652247133241,80.88900508549779,86.86533698363102,85.8337272060194,84.21806071949295,83.14477736309146,82.03864995712685,75.2949607304367,73.75240996260062,73.28588316511131,66.30616537475987,62.52578462353438,63.20425608841247,61.322436699722346,60.38718034297054,58.69757928178625,56.62113975985312,55.15312091838788,53.76978068422586,51.897437541318226,49.952471515185074,48.51838571940454,48.01205706142023,48.43366618593788,49.725461818461916
185,0.20327504269970748,100.0,0.0,0.0,0.0,0.0,0.0,0.0,0.0,0.0,0.0,0.0,0.0,1.3008661963422499,7.806230334830367,13.275562412401484,21.47270298149431,34.37795287149014,50.12319558222508,64.41019774395,84.32284010786962,91.07189728506285,90.35946657843016,88.07643759608919,87.04310485595411,85.097252589391,79.07928480153583,76.84178841382861,75.66978894029678,71.90191832108702,66.6152605572278,65.48528082137322,64.5520171233355,62.6345222281546,61.05009999375598,59.7171784920195,58.26491647575436,56.784092520922215,55.434868901435024,54.26130704891515,53.27891881236065,52.469593949306145,51.68702376875117,50.76155723139526
186,0.2257978762843497,3.0,0.0,0.0,0.0,0.0,0.0,0.0,0.0,0.0,0.0,0.0,0.0,1.35820997504108,7.939779196753113,13.16867288724359,20.832175248216412,34.5603829678332,48.69725899275589,63.70096370288807,84.01286823715363,90.96058377121521,89.12353644857087,86.88365683484867,86.25759783654885,84.85147234872845,78.15884050541086,75.0878513874505,71.06533379179085,69.11915323859957,61.17265358447745,66.4979340409183,60.341869249065574,58.47533881420989,58.508520909115965,57.67940067669146,55.61159348556231,53.42022076189474,52.110146960924936,51.37594623632376,50.64943428558605,49.6752770639926,49.30791137020191,50.67363960448315
187,0.1844034098667622,10.0,0.0,0.0,0.0,0.0,0.0,0.0,0.0,0.0,0.0,0.0,0.0,1.278076470940241,7.470427167932722,12.508682323449163,20.15634475300382,32.931437733578505,46.97547126295283,61.58115130053751,80.93741063531307,86.75460833887149,85.70972022442166,83.40596422917804,83.162666637112,81.63614104768693,74.69768878795044,74.16985928335879,71.49280876526417,67.92007940672642,61.6469017262979,61.870209443544695,60.90181915795608,57.93998718248364,55.90320430452129,54.57104964495006,53.181661957670464,51.766369448562735,50.48237131439515,49.29487892270688,48.128713360384616,47.0990310541513,47.041840245331414,49.02037116933613
188,0.2190089400313797,10.0,0.0,0.0,0.0,0.0,0.0,0.0,0.0,0.0,0.0,0.0,0.0,1.2519081594496173,7.398288140754681,12.378744666805535,19.656248075177356,32.063896199976746,46.17126562045751,59.69009389752256,78.21716672086458,84.41765048147802,83.24502980988903,80.67952917606561,81.29985489292243,78.78929780782202,73.3272044867239,69.90453833538717,68.92951014473458,62.91473733307117,58.69838338016725,59.049934847696065,58.48719329587753,57.961305422933336,55.632663931193996,52.750307296961026,50.95703344144497,49.86970292764792,48.8718555706971,47.984487003890685,47.371022967630175,47.05463590097137,46.529240333824475,45.18549202753589
189,0.20904941695738624,1.0,0.0,0.0,0.0,0.0,0.0,0.0,0.0,0.0,0.0,0.0,0.0,1.6460807502909263,8.094041863068043,12.871830913918478,21.58387747514941,34.45463708653637,49.532732279199514,64.04044953068288,84.91429391474685,91.7128881181814,89.90837277760123,88.3249693142149,87.41399796879787,86.06956733649083,79.2718557607969,76.4243436375565,73.34046438974859,73.50630822197748,66.37277388271798,66.07064188675031,64.84832105781253,63.00466605227932,61.92390992917754,60.82980707827134,58.94132455569228,56.67566558087017,54.61000370216327,53.00609785060933,52.04101920482972,51.7856535815135,51.89995843096319,51.94684940415093
190,0.13496779877833526,30.0,0.0,0.0,0.0,0.0,0.0,0.0,0.0,0.0,0.0,0.0,0.0,1.3806062605748797,7.610644569579256,12.518408500815257,20.390695164336673,32.83032241457705,47.435555535971105,61.22850229638794,80.62761909786792,87.05120611900949,85.93061563992444,83.22338884395883,82.45015630342303,81.00514998526954,74.5378359733153,73.61170317585548,70.6289450107683,66.23398975611939,62.54043262240576,62.63887251850294,60.54691868688572,58.14228677067371,57.65711752045659,57.53866195164792,56.07043115404748,54.00216669331005,52.338698800788045,51.03705700221174,49.83480574092982,48.6205521196777,47.78670575546484,47.82754212579161
191,0.27912314995680404,10.0,0.0,0.0,0.0,0.0,0.0,0.0,0.0,0.0,0.0,0.0,0.0,1.6282084578105416,7.953716376509364,12.68807762727095,21.55939537832886,34.14492628279677,49.32421184489989,63.33711717589059,83.67845043250558,89.07746664267356,89.4562783638617,87.13941587015631,86.72254188889632,84.73586500801956,78.13352857478016,75.60781559093884,75.37794911944415,69.63564415925538,65.4749382635507,69.38060899343954,63.62883896559674,60.44520760861802,59.94560595558352,59.45017781827978,57.580247418309725,55.43225468779186,54.17731004956741,53.44981021612846,52.56903752113483,51.22376537376293,50.393469019150494,51.32921944745347
192,0.18302371839808876,3.0,0.0,0.0,0.0,0.0,0.0,0.0,0.0,0.0,0.0,0.0,0.0,1.4158876522872548,7.289351578770912,11.804140684653259,19.692858330446207,31.04310137954914,44.9612900629484,58.27649598850463,77.67352999337966,82.5471218091239,82.35188523823462,80.13335893483043,79.56084570718953,78.20593435623138,71.52398344491749,69.75824284032136,64.26773392278902,63.58637925275674,58.974847504696186,57.97500441283341,59.8341126560403,56.62625469732489,54.74036780478613,54.02958950960261,52.47893944306585,50.58889608468926,49.155241954954725,48.05561137613784,46.97974694495797,45.87773424929815,45.62110940789095,47.331629107239586
193,0.19191174022936758,10.0,0.0,0.0,0.0,0.0,0.0,0.0,0.0,0.0,0.0,0.0,0.0,1.3172425259775533,7.38657860080853,12.224220196642467,19.899840314075004,32.22392808441276,46.03090873483354,60.059118601368176,78.9308678838825,85.04267273015998,83.56514826012878,81.00428044638976,80.51771361603792,79.67889150617471,73.37722168929737,71.43246758964553,70.675558007453,65.82644016201473,59.76084588180225,63.18274644707762,60.08343385251489,58.191775445669194,56.512301097601636,54.65713850478917,53.27669260153964,52.23459728674231,51.27289123201817,50.31259329099993,49.31903589747898,48.38146864457057,48.06356956785263,49.05247120246497
194,0.3225114483517124,0.3,0.0,0.0,0.0,0.0,0.0,0.0,0.0,0.0,0.0,0.0,0.0,1.2417431597499884,7.1074428230388165,11.9020640926082,19.382083050644525,30.943770528124965,44.70658752155351,57.880204568212605,76.50150444578098,81.20827861202959,81.27251112176954,79.78872310150633,77.49055612790961,76.88102448034908,70.54392249627348,70.54224759509364,67.69133767991411,63.613798817531524,57.79948119142134,58.05716015723649,56.3574681361081,56.31709812933275,55.97470299872817,54.58463137591129,52.531727613845916,50.50304347741708,49.02826990855038,48.02375034222825,47.28558241971485,46.71140850067325,46.53892503760685,47.0937987790641
195,0.20825845510681404,3.0,0.0,0.0,0.0,0.0,0.0,0.0,0.0,0.0,0.0,0.0,0.0,1.3411902074449078,7.735017029126636,12.785053102144945,20.31672808337453,33.832316943955284,48.493733244549475,62.89350972430927,81.86448328546834,88.09143778335054,87.80111067416861,85.35583588389166,85.00471968678828,82.50778804920301,76.65016034649477,72.96173593359715,67.92951587176827,66.5071034538749,60.71831545507558,64.11233454528177,61.17420097872506,59.01842771421797,57.1867121402668,55.68421910863813,55.20661510309027,54.73797415888475,53.24874697044178,51.180286600015634,49.26689512913701,48.11373872464982,48.164403336475154,49.90285986513004
196,0.13047872680293587,10.0,0.0,0.0,0.0,0.0,0.0,0.0,0.0,0.0,0.0,0.0,0.0,1.247947820163842,7.20637624413047,12.00871949411294,19.359657169846393,31.65686312301201,45.30024455978725,58.97162862784019,77.66284276511387,83.11881230155552,82.12053219842952,80.05369002989009,79.85202163623602,78.20008348239611,72.0250931721707,70.48702272290818,67.97513841403624,64.2073406026777,60.73530223766836,59.67414047269421,55.80642272967748,55.6692524013109,55.96341925772394,54.94572554110209,52.574822648629436,50.035346325376764,48.32994003199085,47.25064893862368,46.362384640563974,45.47428531341485,45.221573804910655,46.45212201869558
197,0.25309827159525394,3.0,0.0,0.0,0.0,0.0,0.0,0.0,0.0,0.0,0.0,0.0,0.0,1.3823028523153258,7.427083792221618,12.196114544322644,20.326672163342167,32.80032652176321,46.62026004020608,60.66015172905666,79.57412632149172,84.74037552118743,84.39608786701169,82.15316512003925,81.18383520060866,80.07471435566025,74.07729330587476,71.19296953043715,69.35051592555388,67.11680954724987,59.06200482806587,60.68798937294499,56.77143259247123,58.653947699450136,58.22632467109834,55.39330035512432,53.40336547096952,52.257236325791524,51.35438705590202,50.42055256091938,49.26829941851711,47.7836351489143,46.08329566843071,44.32553041700222
198,0.18794471544428187,10.0,0.0,0.0,0.0,0.0,0.0,0.0,0.0,0.0,0.0,0.0,0.0,1.2753119663271266,7.234313674657668,11.96978571519287,19.29573230759336,31.564439668135496,45.60293681986753,58.37140273036981,77.68601680715014,82.50543974505038,82.23509231748614,80.04542780995317,79.14167518823372,78.10436826725862,71.12679773953823,70.89853336453882,66.8393573809017,63.649716058056455,58.35212433867106,58.575291438939765,57.01229132296634,55.75565610853656,54.818206392292836,53.85685827109097,52.777780731467445,51.27060424155579,49.17882482749337,47.01878562913765,45.38230122705074,44.70001885540381,45.06293013234876,46.542914526299924
199,0.21396209733718147,100.0,0.0,0.0,0.0,0.0,0.0,0.0,0.0,0.0,0.0,0.0,0.0,1.3517829956897904,7.76169741408824,12.97950796462292,21.109853015987873,33.975723352159534,49.310004497118555,63.83383351176793,82.88697921572331,88.89102920163513,87.84802288525617,85.9579743660764,85.24032670149435,83.18004225947084,77.09531911816451,73.85935162604274,70.80422227784165,67.70280741104222,64.84924271515362,63.61017279932784,60.359617721202625,58.0334608765131,57.55135823878152,57.55273669215647,56.75258032946112,55.40057644112869,54.005021400458546,52.656356805819584,51.34479450232117,50.08613841276833,48.99309673541538,48.193123700866316
200,0.3208215130545344,3.0,0.0,0.0,0.0,0.0,0.0,0.0,0.0,0.0,0.0,0.0,0.0,1.0846736278001567,7.344602168648556,12.956677928467588,20.4492533139112,33.69929105149662,48.02421076184609,61.670181564952216,81.23450507676434,87.06531061816729,86.30390644824391,84.0833373912651,83.59321128437155,82.70068801769328,75.17332031079201,74.67884573951085,76.06830915297695,67.89614075217987,64.37351486458584,63.22738750466891,62.41940083011751,61.53601726637347,58.27671320495129,54.94646975543831,53.82647554544508,53.760256134811634,53.22512116472299,52.05070587365059,50.41068093393932,48.607807448189405,47.421559540763496,47.698254757185836
201,0.22071821580252562,10.0,0.0,0.0,0.0,0.0,0.0,0.0,0.0,0.0,0.0,0.0,0.0,1.211255020721171,7.486848673182505,12.696548234165281,20.01592486809232,33.152184941195976,47.58219657602505,61.705040879803036,80.5166650095592,86.53735879433106,85.56155553953049,83.44870039036773,82.87612366963477,81.80177951578783,75.42217332568485,74.32253323459078,68.60319974035936,67.6025949847708,62.4659650647451,59.030393299033186,58.540874541430505,58.93404099945245,57.175858258271504,54.67454379421584,53.27654771753288,52.511499412978395,51.59893824799864,50.43398918336493,49.07472328893437,47.74101584341259,47.27748871430166,48.69325305746222
202,0.2856814826589074,0.1,0.0,0.0,0.0,0.0,0.0,0.0,0.0,0.0,0.0,0.0,0.0,2.9072688155924324,7.734656776405616,10.780905015574104,22.078012716939867,30.675197084079024,46.70653800733994,60.06699052753153,79.42845321521969,83.746523434625,84.35759577519089,81.65509382091972,81.48907709706191,78.92846093564901,73.38571792127352,70.31818112260851,66.28775206616248,66.33314782898826,59.135036279034736,58.173273844307566,59.146577036164466,56.621621273205676,55.09660924557027,54.8943877598357,54.80829308574876,53.75366709514129,51.20143637004209,48.3998135787781,46.777853340897714,47.05151256740025,47.77250417100144,46.91843872331163
203,0.24110120384119493,100.0,0.0,0.0,0.0,0.0,0.0,0.0,0.0,0.0,0.0,0.0,0.0,1.2494995507402793,7.304064790393457,12.342095215972707,20.262471344497776,32.7899673716812,47.14001001402457,60.40334677292414,79.44831024458908,84.51050662692211,83.69672506200068,82.2083758379393,81.89876081894191,79.94943444012547,73.74653023282058,71.47885151105997,67.90800305281317,63.34109486950177,59.81827710951634,58.574124319473526,56.384137381501795,56.259094204590816,56.43303439896627,55.92377262355911,54.58077103982011,52.81504483412867,51.06996947934268,49.49279287143637,48.15336881135284,47.15854346557206,46.78460542345483,47.36052887681283
204,0.12830170789620784,100.0,0.0,0.0,0.0,0.0,0.0,0.0,0.0,0.0,0.0,0.0,0.0,1.4192925873727325,7.964791127351434,13.166442549551427,21.295270961278085,34.16620269410276,49.390912422281446,63.77944038343808,84.18614580196747,90.41256739665303,89.19107512401457,87.6143242912207,86.86861925820156,85.45961120664717,77.98238314368032,77.29907370488218,74.0078717702436,69.79683425892979,66.85446061431203,65.51322263221242,63.27368486677306,62.05938020144989,61.06399599139356,59.73735934460076,57.983025717492616,56.08108211449054,54.32809979906886,52.83005718688482,51.64383855097827,50.83084238471556,50.483165762945994,50.70782993173608
205,0.21922483047617242,30.0,0.0,0.0,0.0,0.0,0.0,0.0,0.0,0.0,0.0,0.0,0.0,1.4333920392362518,7.452468489993317,12.004808232487731,19.73783013467503,31.78007155582513,45.362279051690976,59.76368111939521,78.78981588965775,84.54674097069935,82.82728419941076,81.28519881351733,81.1010593681784,79.33184261951148,72.990140430989,71.93852120064989,71.50328380166367,67.20035508338312,61.82500236660666,62.39628896099961,59.61066183614282,57.402277743442475,56.29900607653409,55.392313619939316,54.140254914783256,52.687260706036646,51.276171533801495,49.94603639244408,48.68762359795816,47.65000631419336,47.59897935111864,49.50233155883919
206,0.2344650020027904,30.0,0.0,0.0,0.0,0.0,0.0,0.0,0.0,0.0,0.0,0.0,0.0,1.3577444988438343,7.359131902631472,11.937506992306412,19.244811437374608,31.604175762083848,45.04939839011338,58.20876281298969,76.78989952608495,82.21714628269976,81.32282282198625,80.18987518455194,79.04967857815517,76.79406295557064,71.2531986560037,68.82656843994828,66.97096366899747,63.96338363604198,58.82032431692456,58.171579092322716,57.123886926828064,55.962626717685794,54.94814304851125,53.52490262007829,51.37992866181024,49.1889073665049,47.58895591359691,46.50021436754698,45.704337737299454,45.099333737308214,44.96934975747749,45.7019312182063
207,0.14080964900459164,30.0,0.0,0.0,0.0,0.0,0.0,0.0,0.0,0.0,0.0,0.0,0.0,1.4456693924078623,7.793318454817011,12.72305866044851,20.800528761301095,33.37430214757959,48.05942229836493,62.38950084770406,81.67371241460269,87.8586264884967,86.75594764794536,84.50567960045488,83.84201109519358,82.4159880849685,75.59677538478829,73.59313422091559,71.1865268174175,67.13942544000278,62.187695955887115,61.801527435568374,63.211328135416906,60.41549687105434,57.17663105630653,55.014449066171956,53.950660172618285,53.175346976499064,51.94742554103731,50.43400765694936,48.995335185965835,48.01182789887272,48.0738027810271,49.88452357337912
208,0.3001046923657624,10.0,0.0,0.0,0.0,0.0,0.0,0.0,0.0,0.0,0.0,0.0,0.0,1.5079697883987753,8.055094967340038,13.243043225360378,22.12000851882012,35.14882505668114,51.344561375088546,65.8447313298005,86.53958549455957,93.62434691418521,92.26530306108349,89.43470510080462,89.1489024538757,87.18934856669935,80.09387970349118,78.3092940534127,76.98336088438363,70.17955673141464,65.1383386626951,64.65652309043591,62.31959232924321,59.63052001309659,59.1541608450539,59.23248211660663,57.86141473683238,55.48656304634812,53.04948979212103,51.18380898562656,50.40059395085507,50.879578524275615,51.48297192229474,50.70659019364592
209,0.2701590381907075,30.0,0.0,0.0,0.0,0.0,0.0,0.0,0.0,0.0,0.0,0.0,0.0,1.2349702551955157,7.523091857372618,12.860637274916934,20.850709787375457,33.85443313782032,48.84834807141456,62.80160256375813,81.46840075396787,88.05684233743135,87.2447440042865,85.18895778100297,84.0450067327729,83.25379658586492,76.24709577683021,74.05037579453536,70.73492724263701,67.91103667770149,62.37782865060293,61.434644929220575,61.19939535091901,58.403467734160216,56.65482189770478,56.17753358310737,56.08650590451609,55.68171181422945,54.49139420760967,52.75157051948087,50.850323129377635,49.13890544465196,47.95403630736298,47.61597200693948
210,0.2202020737731954,10.0,0.0,0.0,0.0,0.0,0.0,0.0,0.0,0.0,0.0,0.0,0.0,1.2958274195822488,7.55636309085508,12.623750700702828,20.23634537081285,32.951493081043424,47.69431086564974,62.11907895783767,81.9930763485334,87.40482997058211,86.43063263383094,84.44822468084914,83.73399283031749,82.21006450073926,76.14473965511628,71.7910799038394,69.64880804971118,68.31063528404557,62.1265732957247,64.4166238369558,61.14893877114457,60.96839183632083,59.77315765129254,57.63284299783068,56.35584517842095,55.09782542588172,52.878503856912346,50.31986984945201,48.30182673218917,47.38596019470644,47.37116399476698,47.92086787903615
211,0.15090815653843478,30.0,0.0,0.0,0.0,0.0,0.0,0.0,0.0,0.0,0.0,0.0,0.0,1.550604494611951,7.979517837640385,12.867929335000872,21.44131248474536,34.6612234002593,49.97175019249082,64.94527765585812,85.15727473408437,91.51800003324693,89.77299418584825,87.71373792537595,87.5398085448513,85.60260001327406,78.58878570599532,77.33112920915394,71.8867910429626,68.56633268116788,65.47712649419454,67.32288769903772,64.58170708933089,61.738616408604784,59.80574179962525,58.212063563565806,56.67156102118519,55.29594219501505,54.20311635062613,53.21571383997076,52.099222395733314,50.85144505586633,50.30754897939945,51.50072517314862
212,0.28662083911104513,1.0,0.0,0.0,0.0,0.0,0.0,0.0,0.0,0.0,0.0,0.0,0.0,1.5033115585308974,7.80416186016544,12.857630953868318,21.997224169015396,33.722405869538875,49.18043227069702,63.26726746797413,84.22312176228112,89.84553725720957,88.77659692521688,87.42565220952639,85.80174256330119,84.11218509956409,77.57023918374472,75.12163807462662,68.94033477770127,71.11498425065598,62.07136818822063,63.20445979192618,62.550820371376545,60.69168908517448,59.32017106172985,58.431176574742715,57.79519965563952,56.54260927355658,54.1006819592769,51.42750340757145,49.67088272846481,49.40394534851434,49.476312668863756,48.34201414163184
213,0.22101077990639947,0.1,0.0,0.0,0.0,0.0,0.0,0.0,0.0,0.0,0.0,0.0,0.0,0.9821510064844133,7.520796837898877,13.58226581824574,19.12518250979731,33.70837937256869,47.62976800117448,61.65228285784935,80.39280696534918,86.719414812134,85.67079970780021,83.50840092423815,82.7849999933722,81.35837720871825,74.52982976935132,72.59326175456333,68.18660017857108,64.63676783360026,62.06922359269716,63.99270646602428,59.53680208581499,56.86652775596594,55.986802646765405,55.12310231307754,53.4428021653833,51.850751629490816,51.19517151324107,50.82687681087899,49.77341859267924,47.71963940874609,46.60068986895188,48.796794307987625
214,0.2755259287577732,100.0,0.0,0.0,0.0,0.0,0.0,0.0,0.0,0.0,0.0,0.0,0.0,1.3105826124284388,7.307776432984834,12.115248161960952,19.911941147544063,32.15919443055203,46.183995236651626,59.86320279609342,78.2942644026337,85.24746647820385,83.61053444510611,81.37190136312242,81.14067448109864,78.69888682816445,72.66390008693315,69.16340303441547,66.91797263723157,64.61840268343109,61.235919193884726,59.44822728908544,58.440021270772334,56.61494201407907,55.078064768483664,54.001651246481785,53.14914162968823,52.2612539586138,51.14710932985332,49.87320680157904,48.56040377995259,47.38202631791118,46.74767515976778,47.12000727247694
215,0.2761305575051551,0.1,0.0,0.0,0.0,0.0,0.0,0.0,0.0,0.0,0.0,0.0,0.0,0.9581403076050183,6.8063684230579105,12.185928477182742,17.907392858249505,31.221054578516757,44.21762474889831,57.060706957672,75.28564551489296,81.02020611728477,79.40136622630068,77.71771818654506,76.96939382339706,75.60533395683093,69.58143261772288,67.50213126382603,64.07556639087062,60.2785792405534,58.30208083873947,58.389092869885715,54.86118267027375,56.69222243871887,56.246643120552775,53.191183023501075,50.2077263426416,48.02242089819703,46.76584568683406,46.11374278746365,45.67034261265077,45.24270950338974,45.361613504348476,46.76201282213746
216,0.24415926477294217,10.0,0.0,0.0,0.0,0.0,0.0,0.0,0.0,0.0,0.0,0.0,0.0,1.3397210272430655,7.807871716889502,13.00792131844857,20.74411427571508,33.852364163308124,48.87544147835151,63.78626711724038,83.25572969233012,88.85668821291544,87.97100918756229,85.51039395278391,85.06452958481975,83.45389827039143,76.56121360095253,75.1892923371959,70.56976974528399,69.08812474291668,64.53496839845813,65.44756938158044,63.029300875645745,59.67657055911894,58.208124323424116,57.923172465466024,57.7250181769727,57.06434383856875,55.6795219662172,53.86449486147165,52.018121298485056,50.45896475288986,49.343382019558945,48.78892747958586
217,0.25974875340093206,1.0,0.0,0.0,0.0,0.0,0.0,0.0,0.0,0.0,0.0,0.0,0.0,1.819909598926686,8.123199380134542,12.512779826585941,21.285796937848584,33.97685364615214,49.64749260216793,63.58427838905352,84.28726442969463,90.02166511437692,89.25074978037915,86.55753012770032,85.4524598273957,84.99907830466292,77.25104384208232,76.31771195342776,73.73387872579967,66.90362854900086,63.08936354131387,64.01080337807646,62.11216289175436,60.04109739260054,58.98111774599552,58.27224417019026,57.20603276136773,55.398380151042964,52.84631807820202,50.52160881056735,49.47503748794677,50.14003737841488,50.71043315860705,48.785583982221375
218,0.17585289146633534,30.0,0.0,0.0,0.0,0.0,0.0,0.0,0.0,0.0,0.0,0.0,0.0,1.3998050753806826,7.509050712355358,12.183882183689038,19.799821700735436,32.28258767090456,46.66204854511911,60.51212620412822,79.22013053508951,85.33837626714926,84.16212621206427,82.04934954463515,81.74955369071533,79.88288764635989,73.95179661125468,72.03302075659862,70.37885526061865,65.23862212790422,60.0551306151669,59.8009115021181,61.19218183164939,60.961424760397115,58.03633004422229,54.54278300409955,52.36939700333245,51.08980117865569,50.00848043927842,49.06246654843243,48.332832656732286,47.85932444975681,47.53316049600429,47.21303533480042
219,0.19790426923490445,30.0,0.0,0.0,0.0,0.0,0.0,0.0,0.0,0.0,0.0,0.0,0.0,1.4346956187168272,8.036544169259198,13.307856684412382,21.70191655342636,35.08766483930547,50.77727467401845,65.97826145131246,85.3987728447358,91.78880528414166,90.8586907261223,88.63259306837152,87.76570859961303,87.05614056060205,79.2987197136442,78.31117172732783,75.07943110561652,71.89705876354043,67.15112671577641,69.28862434122922,65.3538328249625,63.57507346091038,62.95615554792617,61.740529048468424,59.45142607216738,56.952075342363095,55.07356691759491,53.6954490332314,52.5107335652282,51.368345797569916,50.626313484520864,50.75197498877407
220,0.1317866378538915,100.0,0.0,0.0,0.0,0.0,0.0,0.0,0.0,0.0,0.0,0.0,0.0,1.3629904680997806,7.743780585067564,12.874977906648734,20.9108368649869,33.885379085459945,49.00425481456443,62.888518136268544,82.67705179005829,88.66482828560805,87.7719773812241,84.99134092051531,85.35709787610548,83.3591070581862,76.7603569967443,75.33593831226624,71.86933619580077,67.61457587799666,63.94255158174458,62.02025050016152,60.52168500231857,59.35743366681913,58.57926525877019,57.74642827413638,56.44017102314016,54.682083658055774,52.6438742822165,50.65112016514914,49.02489520022687,48.05018336917489,48.0142755145637,49.250056623675576
221,0.41632615360244285,3.0,0.0,0.0,0.0,0.0,0.0,0.0,0.0,0.0,0.0,0.0,0.0,1.3651658473520867,7.50446506229038,12.331891033291996,20.08824551544561,32.561921067319155,47.59411295381025,61.960723802474405,80.71128567581364,86.57043065243052,86.04183756015134,84.0186283925207,82.81410899491419,82.03268031649272,75.19829290856715,72.42857673945379,67.34479610066866,66.59948738524481,57.18920410364934,64.6139450531749,64.39974913731565,60.0803876644654,57.69017057127054,56.521792498340076,55.27807638991769,53.45098701615695,50.976564110714236,48.619416159822656,47.21149735473441,47.201807389130764,47.84433124949096,48.08974837893451
222,0.13751918496675783,100.0,0.0,0.0,0.0,0.0,0.0,0.0,0.0,0.0,0.0,0.0,0.0,1.4146265770008606,7.658609968642642,12.512729704301455,20.425806198075342,32.91021099657029,47.472161969923405,61.758162140329546,81.93781503590279,87.9109947485836,86.89402572504487,84.7129945548145,83.99417125541477,82.45557979731083,75.85850288132275,74.3993323641891,73.19667347454472,68.49329706879777,63.39223630102847,60.962096112672995,60.07297611629156,59.521106092675026,58.41678151903955,57.08159292194288,55.95526456927084,54.82616971747697,53.44696495748032,51.97698963495218,50.65323473761296,49.6513914419175,48.9870142510503,48.64291520288902
223,0.431845457682015,0.3,0.0,0.0,0.0,0.0,0.0,0.0,0.0,0.0,0.0,0.0,0.0,3.109517434255608,7.672868261188842,10.289811495517116,21.692555503893644,30.478941858204973,45.97471674076066,59.94550051854677,78.05661819298598,84.06447605191778,82.75636747048989,81.35652838609083,80.32259038014924,79.69406092585037,72.64905371216206,71.36079614016819,66.3854460509613,64.51554895169477,60.73290933430144,60.354445723048336,56.39449946461401,57.82551422950616,56.468883224276695,53.51250629933381,52.56191174714563,51.98874694870982,49.84701367690222,47.268884303399865,45.892300316833264,46.64714372062978,48.33062915513701,49.090284435099655
224,0.25594104672566514,10.0,0.0,0.0,0.0,0.0,0.0,0.0,0.0,0.0,0.0,0.0,0.0,1.208858275129927,7.4783621628431085,12.647917102635642,19.81620929941745,33.02926864708783,47.35977975763526,60.58898732458855,79.8703978998287,86.24355367945978,85.53316708126182,82.98416106079996,82.36595730741682,80.97480095567745,75.12573157103967,70.58666088007205,68.59856158266815,64.18897273375535,60.9159060824996,62.98056437303439,59.98639490829907,59.69768310006555,57.71959586299419,54.67448998370882,52.79021683099873,51.60927273124536,50.344769157774145,49.00098685752188,47.755956589363485,46.814228992507665,46.54311238314087,47.36617051433865
225,0.17024131023543998,10.0,0.0,0.0,0.0,0.0,0.0,0.0,0.0,0.0,0.0,0.0,0.0,1.451628642825824,7.7389869914466525,12.675284107084186,21.008712187692886,33.25308703431489,48.61235718720969,62.58247716437961,82.37998435392406,88.30689021679697,87.52617947686885,85.57376499430643,84.72226474119427,83.5318466507464,76.07068788550534,74.92324559415182,71.78529724315588,70.21308400232844,62.338538482299235,61.11057292922991,59.16227635454757,60.96764735387968,60.643819819876384,58.107072195428046,55.59914361144112,53.82772467845017,52.931893020101455,52.326809207798384,51.2868368021545,49.58466545501872,48.72729786086821,50.59545049941054
226,0.08828178857786273,30.0,0.0,0.0,0.0,0.0,0.0,0.0,0.0,0.0,0.0,0.0,0.0,1.3383701063254836,7.52199891918532,12.50691100125565,20.44365398359837,32.62319182386649,47.45848228626228,61.37040202494617,80.8007011997475,86.04365850499758,85.66904962267076,83.19516646565005,82.69762195038352,81.47782627083082,74.68555122432421,73.06974639003833,70.41618595686157,66.06912414085934,62.75539081021669,62.49094181546622,59.74543665111622,59.32201299309429,58.17314770848085,56.044193481452794,53.93711246761263,52.07094599959529,50.47227450269438,49.14866072797904,48.10414910299128,47.38796721443621,47.223205785363874,47.887854210792234
227,0.2190339589567082,10.0,0.0,0.0,0.0,0.0,0.0,0.0,0.0,0.0,0.0,0.0,0.0,1.2343187842001138,7.206202171983771,12.140162669644226,19.66849928694407,31.224539954328723,46.097525553483806,59.323757525949674,77.0046400963566,82.83310899201422,81.73040390664029,79.75424473785274,79.05375239561133,77.94278177369381,71.45248920393706,70.68248957867581,70.68616676695993,66.11811682105008,59.345450268814574,60.19133815228015,59.846236848500226,57.65307438027495,55.24505653266051,53.23439330862271,51.86678273621539,50.79198576442603,49.636594086172664,48.38425595474993,47.09959111931419,45.984938376005424,45.79576858838176,47.46052114406967
228,0.17418787930131474,100.0,0.0,0.0,0.0,0.0,0.0,0.0,0.0,0.0,0.0,0.0,0.0,1.4627926506764097,8.180479860338083,13.531654277913152,22.01521429359796,35.51989357204265,51.87428551784599,66.92566442559455,86.83218009376003,93.365708079774,92.29518946548482,90.33551211358154,89.05392432263172,88.3437640354837,81.08767076298706,79.98501025342493,77.56234370204066,71.58233293338222,66.38143068094134,65.4900450739315,64.39695133998178,63.8731570899878,62.91950261289473,61.35634607740252,59.466197878619056,57.4793085298052,55.57277658956479,53.82580977180331,52.28882524538714,51.08636533403724,50.650939914989614,51.50418624558258
229,0.15438505253511015,100.0,0.0,0.0,0.0,0.0,0.0,0.0,0.0,0.0,0.0,0.0,0.0,1.3000438434314086,7.15630368912238,11.804315765501325,19.42980825685027,31.529155845588992,45.48274863622601,58.55306151073198,77.15676792445191,82.80821994565967,82.13939297768064,79.87286347013632,79.63004977687041,77.83532409097432,71.54793127831158,70.21227908101802,67.11498512829273,63.47428338704368,60.74011557227999,60.43981604578185,58.78279003835834,56.19945566104811,54.18717443234181,52.79243424007586,51.755628190007876,50.839187709341886,49.86462734895952,48.83425366775834,47.79110112342306,46.73831740862404,45.53803713746829,44.03362424088685
230,0.32059654945557925,30.0,0.0,0.0,0.0,0.0,0.0,0.0,0.0,0.0,0.0,0.0,0.0,1.2262479950191367,6.929468032402146,11.540177500176597,18.884329840428354,30.44961212222699,44.30475199837267,56.66114897222818,74.3117380691228,79.12917405146601,78.38961580890496,77.04857631018203,76.9109240239035,74.75604324424948,69.1380259966796,68.25355411105447,66.91138535636507,62.552597516006884,55.08316076501438,54.86489956124502,56.49390089248931,55.73901691060873,53.83031087059062,51.82087762584256,50.21364760003184,48.950745431248855,47.870171820331954,46.861548317582645,45.832156988652116,44.75976630768479,43.870297053962105,43.43374608766023
231,0.18189631642438267,30.0,0.0,0.0,0.0,0.0,0.0,0.0,0.0,0.0,0.0,0.0,0.0,1.3727509128719864,7.339932318327401,12.045017480646274,20.08158181690986,32.01735358432302,45.723856776240424,59.23093986832472,78.6872308248792,84.31692524566428,83.83651070955192,80.75014358472971,80.84893329017433,79.1056176193379,73.14902785974202,70.30246678772873,69.40163519006654,64.56410131961958,60.12610188262778,59.107021782887294,56.594446534219294,56.60712468849128,56.475869828436466,55.326620254496255,53.48482607625355,51.40058151829923,49.45399706798562,47.78486091766913,46.469316778156255,45.6096568648018,45.43494574108061,46.226563168680215
232,0.2158933136218061,0.1,0.0,0.0,0.0,0.0,0.0,0.0,0.0,0.0,0.0,0.0,0.0,2.0927278704399614,7.855438889199763,11.932415519949636,22.049292413819416,33.185840337185525,48.62565418417531,62.47159626989658,83.76858356539869,88.38338117163234,87.86078435733994,85.66279497412754,85.00024665235948,83.34210762082482,77.1409429985127,73.46423206957235,69.13239222706878,68.5832581264063,62.48005023521842,67.18673493292238,61.525235326688794,59.90147268760008,58.69255372055373,56.86225748594636,55.5732518879451,54.5075849342391,53.208920235918654,51.92328551944954,51.036550071316505,50.69817140551942,50.210987874521244,48.70404999383254
233,0.22353174409875284,30.0,0.0,0.0,0.0,0.0,0.0,0.0,0.0,0.0,0.0,0.0,0.0,1.3908113153400108,7.7153635735110075,12.643752662164395,20.33508228636762,33.06343344501234,47.74552337003392,62.00674354148372,80.19603080361843,86.83143513035456,85.85616817531256,83.37753696801083,82.69214996853094,81.24307611696072,74.74964609739851,74.0856196470201,70.59143880969451,64.11860849942674,61.099831206370744,62.26831928541016,61.68595082430046,59.82836218004061,58.26858314830278,56.75212644570921,54.8290296569316,52.69073092831412,50.66245222725457,49.08375580061695,48.27146053951012,48.35777900829911,48.7626062360821,48.71870565512929
234,0.18858783808381466,100.0,0.0,0.0,0.0,0.0,0.0,0.0,0.0,0.0,0.0,0.0,0.0,1.2723873455781767,7.501074365443476,12.638615971166818,20.304935356257488,32.23569191199643,46.836852553834284,60.47125490826797,79.83150450819421,85.5252346437844,84.11266179568223,82.14514076098136,81.27922257112743,79.78737467034608,74.35540876273647,70.89039231409731,68.91802238484644,65.87858471216241,61.3350279738353,59.24182150235936,59.268751329504944,58.565161861219046,56.782490100002065,54.81563041618612,53.367407565831016,52.21900770305885,51.04194869477903,49.82965108266454,48.64739008768344,47.62462852754619,47.159606645968296,47.71809042964339
235,0.2786536484555022,30.0,0.0,0.0,0.0,0.0,0.0,0.0,0.0,0.0,0.0,0.0,0.0,1.4700084801028948,8.014779306427938,13.172761933701128,21.565742908536155,34.13784838098799,48.84885562097552,63.81271919746413,84.30693526884903,90.33741241182942,89.32323474297131,86.82108629355673,86.90235524638544,84.03574294720809,77.49675918650458,76.64601907455399,75.25514047706719,69.11702807032252,65.8961347562996,66.47115247533343,63.591927873944826,61.6308520915698,60.84363264884637,59.910136675545864,58.004373934412115,55.7057548558119,53.701236214818984,52.041566145571814,50.64057536849783,49.52638957162854,49.137983165774514,50.02673819597102
236,0.10347001638891815,30.0,0.0,0.0,0.0,0.0,0.0,0.0,0.0,0.0,0.0,0.0,0.0,1.3498675078296014,7.518396618001462,12.458391971196718,20.40766413510593,32.61393505052825,47.010878566551675,60.782038287631266,80.69141540401382,85.78765199744419,84.86622827579167,83.7164257543474,82.55771278018307,81.18756289090233,74.76756023609832,72.32183697069,70.96939469925879,65.77580762198114,61.79654934024713,62.190780194503745,59.18141917397747,58.062199188632185,57.53015686226134,56.56529805007291,55.06115580640661,53.335174632666245,51.701017213129944,50.1608164872941,48.64899993449112,47.28501488968183,46.8767595954667,48.42331787925502
237,0.23021821584905605,3.0,0.0,0.0,0.0,0.0,0.0,0.0,0.0,0.0,0.0,0.0,0.0,1.3074692907980177,8.533174824920888,14.633598612364354,22.414894363028942,37.22031412777237,53.1661381016645,69.09422318288132,91.4814488798125,97.59490731323115,96.31331048968461,94.37585643401387,93.76313540767633,91.56535197261357,84.54009474409341,81.70935287749703,78.41553839576439,75.18900798903157,69.06391436865847,70.37659599331666,67.08431701804038,67.28793310296726,66.99429454805998,64.69324092350531,61.171168626226596,57.918500238860744,56.00813533682332,55.123421294631456,54.70574281773741,54.321306861953886,53.88486000367828,53.39630052221072
238,0.26046429356172496,1.0,0.0,0.0,0.0,0.0,0.0,0.0,0.0,0.0,0.0,0.0,0.0,1.6576883197534773,7.72920752182789,12.097362062571733,20.32702362167943,32.1408155045793,47.70157734773811,61.69265000444496,80.1805009398034,86.5300136977542,85.75250045800661,84.02323021351631,83.04344707313055,81.66631005687587,74.56958519466997,72.84077901223041,69.5513086036131,68.41491488166677,59.596690192488204,62.11522215876055,60.99271726585028,58.397630142282225,57.141323370555625,56.19712769450019,54.49890430213571,52.52695546470415,50.902647268451084,49.583905550296414,48.39120411081123,47.39695245098095,47.603780989188195,50.343061317706066
239,0.23218215183249274,0.03,0.0,0.0,0.0,0.0,0.0,0.0,0.0,0.0,0.0,0.0,0.0,1.3557951825914236,7.5796859598119815,12.576060304817059,20.46197207122725,32.59584405157241,47.26216042199118,61.28042231707912,80.58800654723693,86.41672014287866,84.81971903968847,83.52993318285408,82.53211252879366,81.6627833205184,74.0795134459192,72.53349728812859,69.0698728762289,65.08654758977248,62.282905373857474,61.00394087509416,59.047525840858015,56.5064777990151,57.289315834473925,57.978926655943845,54.73715687377845,50.867867260129174,49.58867616052835,49.794959361573994,49.5505421749775,47.729176990083914,46.20457837165052,47.38732651410466
240,0.31049428745294055,10.0,0.0,0.0,0.0,0.0,0.0,0.0,0.0,0.0,0.0,0.0,0.0,1.1999683290588725,6.900450901101892,11.570731889732304,18.873786270189413,30.330182905758644,44.38832507200029,56.52161578711815,74.20449503166849,79.42134809412518,78.67435152952228,76.63908626596744,76.87200465997489,74.73885280055346,69.22824962091161,67.73895987215846,66.03239162590926,61.3582110447396,57.58614199874612,61.17283838086461,56.582631414416966,55.72097963558506,54.238288889083925,51.72386137682606,49.89136725725546,48.78565474011511,48.10492364421184,47.551643512822935,46.83830162495181,45.89785803642093,45.468658089098646,46.47823660364652
241,0.15319059975268148,10.0,0.0,0.0,0.0,0.0,0.0,0.0,0.0,0.0,0.0,0.0,0.0,1.5249033340096412,8.0316487194769,12.97463336960697,21.209528594992623,34.357886025842944,49.29429677486484,63.748976856925836,84.42500985002415,90.87332954978054,89.55098942539219,87.54729626143907,87.05892571562586,84.96195154094058,78.61488394753893,74.8654439206109,73.28454167836618,70.52976369670041,65.5456154000124,64.8963733256384,63.40328751367975,60.48841354775997,59.257605644881366,58.669128712540555,57.1163045605541,54.994531969635815,53.02505571898403,51.48733946464447,50.546856314337234,50.29682429755175,50.55696684323118,51.088123977637615
242,0.12986912251738325,3.0,0.0,0.0,0.0,0.0,0.0,0.0,0.0,0.0,0.0,0.0,0.0,1.0054547057173933,7.006550122975774,12.254910499408396,18.624243916494322,31.923056109238967,44.921713328890156,58.16099293384146,77.03734496671336,82.47773836277415,81.65536476233625,79.63750708336124,79.15303467881928,77.4849106917928,71.47839706662597,69.0972374569868,64.16484172773886,64.08458356803774,58.89764777182926,60.50129374609729,54.74149859273021,56.32194551674794,56.2569001546107,53.66092774929691,51.50017806101854,50.08979469399593,49.15931957314195,48.42862605051086,47.62738188093489,46.622068186746645,45.757109058330784,45.468924475940106
243,0.2463627717549466,30.0,0.0,0.0,0.0,0.0,0.0,0.0,0.0,0.0,0.0,0.0,0.0,1.4447231648830807,8.074641540347383,13.413472039169871,22.13345865503461,35.73857094775593,50.49390616501773,66.25659637697171,87.98441242061092,92.92859097703808,92.25788168178612,90.29460981304571,88.89982003182338,88.40795779809194,80.83985183395404,79.32299765348571,76.66293743134457,72.67232239834972,65.60215343416067,67.6660999898995,66.59222393615218,63.76891857830979,61.75654554362717,60.05121716406256,58.03872196626335,56.22683294231533,55.12724687534959,54.4589399664426,53.77869396196606,52.822542566749064,51.95528883855558,51.671179700735216
244,0.2491628053595746,3.0,0.0,0.0,0.0,0.0,0.0,0.0,0.0,0.0,0.0,0.0,0.0,1.4170078870905964,8.16421665119141,13.733530264859146,22.61730477851376,36.49247572810069,52.527170918861295,68.80797180239948,88.80939535170835,95.81021690770123,94.35399361974581,92.6937262688668,91.51101193779402,90.01949595040456,82.95319519130808,80.8830131474916,75.87099043474404,74.38037796731521,67.29909126080811,71.48418305001587,68.2145642341981,66.36163763078189,65.13265794241117,63.316244490816956,61.09467259032473,59.14219646601972,57.94604518950723,57.05568309696233,55.83512460236716,54.02352113927487,52.634363823228966,52.90069483242307
245,0.3246750592157487,3.0,0.0,0.0,0.0,0.0,0.0,0.0,0.0,0.0,0.0,0.0,0.0,1.1050832044276817,7.637587352937966,13.21930621743637,19.773373255027124,34.10042123405109,48.090371718936034,62.044564006669106,81.43289184455534,87.02375188299987,86.44985341299517,84.50707446711044,84.01074295276523,82.72368095611228,76.43572743527328,74.40734353666572,71.05608221843546,66.71395863052012,59.22852851984743,64.7084051940792,58.77414727800918,58.803289835846726,60.48715061420833,60.12267445722305,57.23719219008107,53.706379869584715,51.23599318175052,49.86008283353655,49.313410412279296,49.247119310543354,48.78001214639911,46.941307861023994
246,0.2972974792048662,10.0,0.0,0.0,0.0,0.0,0.0,0.0,0.0,0.0,0.0,0.0,0.0,1.3264591281317826,8.132398827352796,13.762023103390593,21.77316696704255,36.159944509653364,51.239101327149974,66.98993442730539,87.66582999466725,93.63743433237701,93.13836736444968,90.80977145859954,90.01005507614161,88.24141105332484,81.7963438795313,79.96216451243244,75.37312430709295,72.41518712600296,66.94003651306978,65.82278430094227,64.71887046292196,62.57775994309173,60.246641178707094,58.052537632609585,56.23889324225947,55.32184197959382,55.57810512659433,56.09920863723006,55.6607267609043,53.611634667483465,51.407347992449395,50.801018831055885
247,0.2236219916485436,1.0,0.0,0.0,0.0,0.0,0.0,0.0,0.0,0.0,0.0,0.0,0.0,0.7637676136187052,7.055064831041606,13.19038674532029,18.042610154655566,32.8696383388128,46.15724971413706,59.43080953941645,78.24980178153207,84.50395067904688,83.35138415426874,81.52270964187143,80.74083000117109,79.16206246695889,73.06035066960494,71.91478570396026,70.07255406100803,64.8274906714282,59.293285349518435,57.50837350600293,57.74137727110818,59.708028142861785,57.97775877948646,54.715666530315595,53.133079379146466,52.21847814618451,50.60023003902057,48.803428598495806,47.717012160358415,47.73493628212472,47.556478834297444,45.51184582316685
248,0.1923983934130616,3.0,0.0,0.0,0.0,0.0,0.0,0.0,0.0,0.0,0.0,0.0,0.0,1.4427398831873997,7.512818249571386,12.23788328896706,20.51786357179213,32.44263834610804,46.902014335284534,60.44804088803321,80.13963747189908,86.07605495100988,84.50071741252566,82.82877157560061,82.09682525854706,80.30798309309127,74.03426720511261,71.10427001555395,64.66859439164813,64.52427705269277,60.70857835062446,58.16293847572619,58.95945453549692,58.243583874629856,57.66782738078721,56.67225033122501,54.25718789019394,51.87475237653337,50.82851386982388,50.375749588281344,49.35958402143437,47.3682863729261,46.55279263786303,49.656955578861
249,0.2327865065971067,0.3,0.0,0.0,0.0,0.0,0.0,0.0,0.0,0.0,0.0,0.0,0.0,0.9749685105863459,7.861616426882051,14.100887228895216,20.101162466871845,35.6053077113362,49.721500604395374,64.00119576834486,84.86105853389603,90.31585189991985,89.63461658951765,87.78187439519559,86.99214391285302,85.12751018854185,78.65277569471367,77.05701548849464,74.05806976155647,68.14148427348127,63.341211787017066,61.69600718593545,63.55178512051477,62.18880964340048,59.70367619937705,57.27961187076142,55.16345990861915,53.97666405351826,54.06016948556392,54.38022808724452,53.556036747105665,51.04375716322637,49.20723974564243,50.85175039217457
250,0.20774139141531187,0.3,0.0,0.0,0.0,0.0,0.0,0.0,0.0,0.0,0.0,0.0,0.0,1.1423356506500584,7.358397275368574,12.71203825021883,19.71453466328883,33.23323671124114,46.85260261497928,60.79686954720621,79.33776676300911,85.12722535156756,84.35858812658827,82.8704228077395,81.76918527045284,80.41340081989269,73.59707471831727,71.03355385207303,64.2957873367433,68.83194246402284,61.10594728673185,62.080563424230704,58.21662210515356,57.8764279463026,57.410740780465645,56.0803403700557,54.929977537728,53.51950270378312,51.40355510983757,49.30442185603669,48.10704820510972,48.22854147779496,48.50950187894501,47.39766244081812
251,0.28718308430894723,30.0,0.0,0.0,0.0,0.0,0.0,0.0,0.0,0.0,0.0,0.0,0.0,1.3461375382869207,7.450268380953499,12.348367384256948,20.47595975577425,33.43358406242868,48.58321202737232,62.076584067142996,81.23090497281754,87.68486659917862,86.51199152390694,84.28706616535536,83.38934094345323,81.45176844680242,74.78910943843768,73.5086859785643,71.61236995507674,66.15973335295196,61.596761074169585,62.487074198165054,61.631337012459774,59.345725408129404,58.12459237746826,57.36919539304108,56.0886413532581,54.464059047282156,52.85828265407318,51.317816716280255,49.81600725029009,48.493876748531434,48.1307329592144,49.68846176347732
252,0.11187756640352983,100.0,0.0,0.0,0.0,0.0,0.0,0.0,0.0,0.0,0.0,0.0,0.0,1.304402055164859,7.260468128522193,12.019838235565487,19.73351359229357,31.932654228546,45.76287461408825,59.30737965741561,77.64531239671956,82.97188568558806,82.55342399102283,80.37705957550806,80.12815525664205,78.68760923812398,72.21726718176038,70.53836891910095,68.87638664657558,64.10724248156725,60.203334840627,60.44910575166454,59.50299425999948,57.469157475525684,55.800354483944936,54.398167588020854,52.94670685943482,51.541776971184284,50.31622875134197,49.21368138801402,48.13918593307657,47.01875633600758,45.83710933861521,44.59344524477265
253,0.1780254019156153,30.0,0.0,0.0,0.0,0.0,0.0,0.0,0.0,0.0,0.0,0.0,0.0,1.2691073410811102,7.111361182216153,11.775265611767837,19.244015961598286,31.43998065252443,45.2199596668816,57.96665556979142,76.57411759303092,81.73540432253115,81.72101294440981,79.24411863423215,79.0712814993314,77.49040955366293,71.57294595766352,69.20413216508729,68.58229350912084,64.22027941756511,58.720392495298974,59.33958400603526,57.381005075697566,55.895865278634744,55.812600416138004,55.378107902193314,53.23429821343921,50.52235248224484,48.519825938804985,47.3239197847263,46.802073788003774,46.74744991196273,46.538761000696574,45.46543231191819
254,0.28468339678581794,30.0,0.0,0.0,0.0,0.0,0.0,0.0,0.0,0.0,0.0,0.0,0.0,1.411570100299261,7.856074201131063,12.962432334337336,21.060429120190324,33.841659227072306,48.75127408639879,62.7848493691367,82.91369267156941,89.9443126921585,88.9227490797323,86.32276612922782,85.41094547073251,83.95254286494229,77.7910501551303,75.05892037809124,71.130240348436,66.57301103337527,63.286458506916276,62.62673536494274,58.96957421212133,57.794271406014325,57.194642777085306,56.01216268287737,54.205125666890474,52.46021926417146,51.35742139187884,50.64153695948941,49.886478364260746,48.848496447508246,47.91393046321053,47.593138714981016
255,0.2764245450549087,30.0,0.0,0.0,0.0,0.0,0.0,0.0,0.0,0.0,0.0,0.0,0.0,1.4015821104737587,7.596775583819645,12.380887956516196,20.047157214444766,32.14598888232637,46.140117426127155,60.15234214457919,80.60578300400361,85.86698661167911,84.39027491045698,82.78092721234911,81.74788976667024,80.46245033608533,74.28555513976423,70.93360414463346,66.86063642826275,63.37660967018618,61.54579167493248,62.29489515592282,59.917102894312094,57.286766469223785,56.49540595291927,56.23697059781949,55.04852641576919,53.19180348198406,51.23114377784566,49.34815584370493,47.623219407294606,46.22543743776456,45.70230149195332,46.71020656507164
256,0.15529269974863613,30.0,0.0,0.0,0.0,0.0,0.0,0.0,0.0,0.0,0.0,0.0,0.0,1.3168213332375658,7.758943029730116,13.001874836797246,20.760457118484634,33.75504987248721,48.92329281821561,62.58351464382417,82.4739528669253,88.96799375809877,88.0700118018857,85.85578258486609,85.03591646209726,83.20940531120378,77.01160021763431,73.8641075520297,70.36861024272625,67.20369076095074,63.31483722350123,62.83745282263909,63.07841125973039,62.03595914256781,59.70441673653652,57.253548962131674,55.58927709504787,54.26245846027302,52.732460658277674,51.14699150703434,49.790949150666876,48.961470999535415,49.1107986236858,50.78377610852703
257,0.45358605874198515,10.0,0.0,0.0,0.0,0.0,0.0,0.0,0.0,0.0,0.0,0.0,0.0,1.6964690878150859,8.304946612601196,13.180550861688555,22.25496533196662,36.02904649163165,50.7982822362461,66.69928078314011,88.36733786667327,94.0219171379419,94.12171719941831,91.0479852478284,89.96731443298312,88.92138638000522,81.51315576471346,80.04708207849129,80.75743155091034,72.86746662220025,66.59423644370304,65.40477475914497,65.21755599892876,63.00438822631479,60.728548466734026,58.94000817344214,57.50266999580176,56.1750965765227,54.74902803300731,53.195584997776166,51.52874832756143,49.91816554809805,49.1232476933237,50.03487605625651
258,0.30372002888367067,10.0,0.0,0.0,0.0,0.0,0.0,0.0,0.0,0.0,0.0,0.0,0.0,1.5576920627035225,7.8993487141900705,12.515331647806653,20.44625723461805,34.04568876486675,48.27913720793031,62.16448312051811,80.90839551377523,87.59364532217553,86.74810811484977,84.27065487675787,84.39978065980857,82.39591790227935,76.28918068357837,74.02417326327858,68.15878469986522,65.56653121856549,63.12289964013409,61.858436860485625,58.99645631522547,58.79141022716682,57.869355046929286,56.21262263547322,54.913343268547344,53.49613895037713,51.45660261325616,49.42194879156933,48.18850196746893,48.15196788553208,48.38609008746266,47.639890754608004
259,0.33046237039843784,10.0,0.0,0.0,0.0,0.0,0.0,0.0,0.0,0.0,0.0,0.0,0.0,1.2332740640313267,7.366130058747015,12.476937277984312,20.220454428382123,33.015637683482325,46.912773443112656,61.33119339730118,79.87420315980384,86.07413098555206,85.17217233838042,82.03742565988374,82.521768181504,80.69963488648528,74.09264854176435,72.32263122385288,72.27010356837533,68.35748899508678,61.03544871801352,65.44255715294894,58.30948793107949,57.37231534381098,56.40467567988086,54.331746617588806,53.079570766586976,52.114784699926645,50.66271313617664,49.05516559305919,47.83882938627234,47.45224525387777,48.107380298696086,50.025957476797466
260,0.17569684146176634,30.0,0.0,0.0,0.0,0.0,0.0,0.0,0.0,0.0,0.0,0.0,0.0,1.309377694461844,7.442977208594817,12.384566687773095,20.170762878826164,32.71057083241235,46.8079449402354,61.02607372173795,80.81708491112671,86.24553850924062,85.50103636230926,83.79928993863638,82.46079957332176,80.89008271305781,74.76459845230457,71.9943820444801,67.17663267326076,64.51363662677107,61.59502774591528,61.39667538363065,58.971147988293595,57.017248027343584,56.33284211413155,55.77513861757561,54.41467877585781,52.812182455265905,51.638361319484744,50.79010345473883,49.99945975475004,49.02894019888548,47.71106351573813,45.915060619213314
261,0.24650874849280918,100.0,0.0,0.0,0.0,0.0,0.0,0.0,0.0,0.0,0.0,0.0,0.0,1.3978592903654363,7.19981315238484,11.445113858979836,18.40781125461729,29.915480294930326,43.581231262104595,56.33855489621227,73.86113410855769,79.62946127457852,78.46800958659928,76.7013958640965,76.42148818878272,74.89489585347889,69.25385984368036,67.1833467379696,65.66233332224607,61.100257610185764,56.86977045748971,55.64547569878074,55.081162199929665,53.845947725823734,52.36889808297539,50.97247528790502,49.79955943539373,48.7858105281776,47.82951965462655,46.855858622392006,45.80020398277631,44.675215525359185,43.77211949268295,43.429765069866434
262,0.333286012217692,30.0,0.0,0.0,0.0,0.0,0.0,0.0,0.0,0.0,0.0,0.0,0.0,1.456712000374607,7.898924071508358,12.968494052588023,21.345173597564056,34.10426651521776,49.089377501037994,63.889129281856796,83.35223153335757,89.40808462941878,90.33830762101074,87.18915172706592,85.70211803224399,83.97508646773632,77.97236670878615,74.89125622968078,73.10135183500805,69.33362427558683,66.05658891930612,64.45089886858057,63.710843490532056,61.882485316469435,59.99946520819729,58.230049846644064,56.4211333470318,54.82627701730998,53.65521419140134,52.666736091494705,51.53273368008347,50.20376896829408,49.6190556172464,50.949147306406864
263,0.2348854338797489,1.0,0.0,0.0,0.0,0.0,0.0,0.0,0.0,0.0,0.0,0.0,0.0,1.0680175225824677,7.614020339153616,13.473468468272504,20.475421031372004,34.507193765558355,48.78572611794983,63.28908566670982,83.0734599285027,89.86288299151879,88.00897159184694,86.78046044370576,85.2675345774436,83.57655581963584,77.47360977572944,74.12080548663384,71.09555092790785,71.24398625626989,62.690928859809524,67.88737011186568,62.623280943442595,61.95475805411833,61.4713436360859,59.474761274337006,57.05497912824502,54.529589243049614,52.10142826868158,50.2715351831595,49.561072959394465,50.12908275958426,50.66924426266891,49.47375488383867
264,0.14864017090073803,30.0,0.0,0.0,0.0,0.0,0.0,0.0,0.0,0.0,0.0,0.0,0.0,1.3400345421123843,7.564149741841437,12.484253879641605,20.09301098384053,32.74294304000306,46.9134490347689,60.39844841117604,80.47340332278027,86.08060138467319,84.93032827561834,82.42918453297804,82.00190781179137,80.72889261981086,74.39714072804706,71.88677223549091,68.7134462983285,66.66970798342619,62.04660231221767,59.67926876092081,56.98689423676859,57.61835636827454,57.805118734675816,56.677748414539096,54.86789895967012,52.95087796159504,51.323225482902025,49.924445746352994,48.601343534536326,47.3297841712314,46.53259225168306,46.72416304081691
265,0.37474319210035056,0.03,0.0,0.0,0.0,0.0,0.0,0.0,0.0,0.0,0.0,0.0,0.0,1.1406467694693387,7.3209718822383305,13.225326942574544,19.68298974490092,33.48247115276979,47.64502291655636,61.22315186361306,81.89409350652402,86.13194574262405,85.64472074600707,83.45683754883389,82.76478874831005,81.83269290923005,74.97147513171556,72.26164892002346,68.31088965648182,67.4887636420205,63.87414077794054,62.66226193638579,59.60800432742028,57.75969328322511,56.47835637825028,54.931763756988545,52.87065708179879,50.7244967683964,48.95350233589644,47.713427376973186,47.092957367942105,47.087602324790154,47.284840438857955,47.167415203356505
266,0.27272317683285263,10.0,0.0,0.0,0.0,0.0,0.0,0.0,0.0,0.0,0.0,0.0,0.0,1.3002869513166082,7.7890555601219935,13.086305694508033,20.775318453456684,34.14292499300687,48.87961235048483,64.09219038422901,83.98517080200766,90.34388105466205,88.37038228774591,86.115031551458,85.77393196055291,83.56725301613972,77.66302865716676,73.58937487488075,69.6129246988796,66.40365681765331,62.5758179342294,62.236592197923954,61.11589530493284,61.02095933242426,59.59958688590498,57.24396779854116,55.214068929998305,53.84133701749306,53.09181655534784,52.34193092466264,50.86089251440083,48.557167883032875,47.46601987867087,50.06338688727097
267,0.18302863684319526,0.03,0.0,0.0,0.0,0.0,0.0,0.0,0.0,0.0,0.0,0.0,0.0,1.062200320231474,7.197395363424387,13.496715164707147,18.566424259476488,33.70585665585764,45.876732509489905,59.34326185111568,79.4835844657357,85.47883358313744,84.37332502875842,82.5364161418147,81.39282422576969,80.0174548039188,73.71788581237044,72.27347769278974,70.92574335833123,65.28327552574783,60.415372219664256,62.83081333456268,61.76232958316601,57.81413229414369,55.999966130847014,55.29690147846059,53.88384710321824,52.037029554631175,50.36690193103663,48.97982958427628,47.86621958976853,47.031260740335554,46.52999785798461,46.43211072660094
268,0.13047090639993894,30.0,0.0,0.0,0.0,0.0,0.0,0.0,0.0,0.0,0.0,0.0,0.0,1.3217944345525612,7.5357283341541415,12.551747718098168,20.378175924732606,32.88342970674428,47.460694806147465,61.29837192759465,80.16419314081709,85.51682265420193,85.39082802680456,83.05764036594647,82.76521700702145,80.98077847947924,74.29771180620745,73.27832181630778,70.1130609324741,66.89417264685227,61.82564972835871,60.28264523412438,60.120858961251535,58.94814664662171,57.837746580810766,56.73421759198594,55.275175272698654,53.755594248159454,52.47534587894511,51.246519218124114,49.786689405085006,48.16649346066431,47.7025959721715,50.04592254148426
269,0.3925571751767855,3.0,0.0,0.0,0.0,0.0,0.0,0.0,0.0,0.0,0.0,0.0,0.0,1.1290060860797433,7.466410242225455,12.893874570861655,19.858472558591885,33.33378549537165,48.071701149351,62.08865483627993,81.9679718669714,88.897954272072,87.29855521591503,85.12543938109803,83.71513527567474,82.47518747925241,76.17099923658155,72.97039812795389,68.55711072027677,67.91046565952345,63.15262949806656,63.49438455812513,62.30245640254025,62.91353401548018,60.98282350343648,57.303637254486254,54.2112025842156,52.17443076693019,51.121260027180654,50.451950253592884,49.47673732930635,47.950419583038666,47.175869775464236,48.79332642989444
270,0.29020946423416305,3.0,0.0,0.0,0.0,0.0,0.0,0.0,0.0,0.0,0.0,0.0,0.0,1.5068563386687843,7.723161528618876,12.267268194667722,19.88661862430886,32.78689087165034,47.06112433914486,60.95477183858314,79.66427335749275,85.47126222496217,84.9087113549747,82.78626428086862,81.4399526583266,80.0785707252354,74.64666571948568,72.2567364931448,69.73025401710063,63.832693242841465,60.49024302043022,60.34688684537802,56.57844245487948,55.83812348295297,55.48216877069103,54.433200166157235,52.93122280414014,51.27779033182806,49.742043780677086,48.488903852928686,47.65007723676241,47.304296085736155,47.33948446211264,47.60354707037246
271,0.26906059071562227,10.0,0.0,0.0,0.0,0.0,0.0,0.0,0.0,0.0,0.0,0.0,0.0,1.3404190666995364,7.162578086824606,11.746282218631864,19.617930548384773,31.544333493183515,45.0369471915171,58.69032860835597,76.81605926446277,82.65728428652247,81.71669138571204,79.94833593852067,79.64324038759902,77.00962553176906,71.6465849907677,69.19051853519485,66.94317122938041,63.32359135680731,58.58375433668888,57.07735008839711,55.88491932520634,54.63752138243878,53.40859655511853,52.501415938558864,52.14396905938226,51.89259616748705,51.24089508505914,50.06372590069772,48.346656245017385,46.332256461005954,45.144885173226925,46.05458452185233
272,0.18893543825961676,30.0,0.0,0.0,0.0,0.0,0.0,0.0,0.0,0.0,0.0,0.0,0.0,1.5121461466473534,7.891278169011531,12.706067055607367,20.932953478247303,34.627713328647545,49.73639465163891,63.994208691322626,84.40880154051881,90.5778975645521,89.39244230483256,87.36652451396893,86.28283410103275,84.92218735626241,78.11155166254905,75.56873712402604,74.11164054339307,69.94102083518179,63.11828571523234,62.639351528190446,64.0312734599274,61.243110350227866,59.15814679075477,58.014381768774705,56.59813230680076,54.973932140104736,53.44606467807775,52.13669205518725,51.1195957998539,50.50965553833372,50.60175749025348,51.76105397534168
273,0.3406121307718043,3.0,0.0,0.0,0.0,0.0,0.0,0.0,0.0,0.0,0.0,0.0,0.0,1.1325105483493902,6.839773695324691,11.648203353368023,18.972176231118276,31.34847266512849,44.42534213299431,58.07927298405836,75.81766547267047,82.05790744176615,81.02944600910041,78.59255810818709,78.56962652709662,76.43421819395948,71.04058312148933,67.65477267745332,62.97918839476557,62.69191685192877,58.66259656091748,58.6690774697598,57.72943792260669,55.3273111757586,53.601549440247226,52.52941566025718,51.655197648858284,50.867844136163455,50.096695640932076,49.10921191149177,47.6524901863059,45.87314155093754,45.30884847749962,47.85893412193986
274,0.1574801390421397,100.0,0.0,0.0,0.0,0.0,0.0,0.0,0.0,0.0,0.0,0.0,0.0,1.2666604780974178,7.4272089057877,12.51270196873763,20.281701190461916,32.61522127193596,47.278307389147585,60.71092864098294,80.64027606675694,85.89908017622423,84.74190301785694,82.56025041789981,81.93268667282031,81.01008970053866,74.17600276086195,72.12362961248047,69.92922378409892,65.49441812581792,63.00908046516613,62.56484312316512,59.048682126975734,56.86430911043589,56.422895723262805,56.165804614860576,54.9068070088608,53.159029201698594,51.6367276110141,50.39661054485917,49.34914847263536,48.511671734839055,48.292646915226,49.208845775303516
275,0.34539134949627665,30.0,0.0,0.0,0.0,0.0,0.0,0.0,0.0,0.0,0.0,0.0,0.0,1.4646556671299575,7.991004368745466,13.033076960492,21.21336379722726,35.18467114894745,49.93950656499894,63.49355991653248,84.67641251889893,89.80929803225334,89.10564564768526,87.53051468367657,86.43216534282602,84.08606229217223,78.05369570673562,76.07689383338834,73.51445500701429,68.44644156668024,63.47479278012466,62.68790757497503,60.98406298390414,60.93474646906596,60.605342059910726,59.533590416100076,58.11679402904899,56.5844902686876,55.09442258086355,53.72617988802537,52.535818962946365,51.59789017273829,51.07608078962293,51.15743050486669
276,0.15928267197189383,3.0,0.0,0.0,0.0,0.0,0.0,0.0,0.0,0.0,0.0,0.0,0.0,1.7551103386764058,7.5639064686574855,11.82783493045433,21.315649161426265,31.778222501952225,47.2718785937861,61.01181415994225,79.98795087015853,85.49947546697787,84.82564546020178,83.24643683138238,82.20377257764602,80.71635664353093,73.65513619899458,72.40847876733072,69.77834026948375,66.61963944586545,60.70908856563839,62.12582650047737,59.67478381881136,59.748441010752295,58.850380427985336,56.69528824048937,54.62224615478756,52.712886167055224,50.86464938637619,49.337058481890175,48.44618687311582,48.341964199390475,48.56740171120969,48.51526006364808
277,0.19334882329800954,10.0,0.0,0.0,0.0,0.0,0.0,0.0,0.0,0.0,0.0,0.0,0.0,1.4502902771804382,7.857069140182322,12.98353699777501,21.68086176155772,34.4589114806358,49.69204626540916,64.26849483802263,84.28895329689833,90.45493230619923,89.10971344188711,87.28575918085156,87.47324761438516,85.26491975157494,78.3842979365561,76.57070141332355,73.4571294656208,69.18046180540097,63.165598116102494,65.64640623890676,61.601202387798686,59.626441899534846,60.375370517494495,60.768501554266656,58.710854491815255,55.99147632829785,54.504637398177664,53.765510856970266,52.8148321180153,51.21151586312811,50.29817941833464,51.79399333630253
278,0.1685648801249617,100.0,0.0,0.0,0.0,0.0,0.0,0.0,0.0,0.0,0.0,0.0,0.0,1.3787282829399874,7.67404282634554,12.684978728768174,20.751830853581794,33.70866424119022,48.76510749554456,62.37836022305648,81.89607899793198,88.52117852139597,87.86982864460904,85.28414506387308,84.71061135941214,83.27521520451089,77.09851205947533,74.70881974070963,70.92334952813513,66.23207827499267,63.81602218327511,63.83411633481822,61.592081293045595,60.373463156568555,59.223495612083944,57.80154594613634,56.33072139881391,54.886489257207955,53.490170774386364,52.10186100772049,50.67085618143271,49.2632162661391,48.37398341036127,48.581486013565446
279,0.23312481214295558,100.0,0.0,0.0,0.0,0.0,0.0,0.0,0.0,0.0,0.0,0.0,0.0,1.4807846077185152,8.213917696627295,13.490538112299767,21.77465891479046,35.34528772621595,51.90121412908273,66.80349454809209,87.4969472637873,93.48230340412377,92.22616857847595,91.0673921365086,90.15568028834815,88.00924472279503,81.0275641551086,78.55152970219879,75.23346271886273,71.73804122539615,68.29480223983032,66.87749729740538,66.6226960999526,64.30732747506893,62.1539067120414,60.735895739359975,59.777414149791156,58.81379208881908,57.45793320208059,55.74765865170791,53.81848303035763,51.88648475280934,50.49761584833581,50.23727822581093
280,0.4030496459869192,0.3,0.0,0.0,0.0,0.0,0.0,0.0,0.0,0.0,0.0,0.0,0.0,1.2466876532537872,7.5239414926485475,12.561223406649843,19.204809390077337,32.933179895374,46.45351543152337,60.895834528763956,79.70480518081322,84.93046643861234,84.37345849049504,82.76860882608601,81.70362692852603,80.00167781074136,74.16245348684423,71.45059447398927,65.51901790563701,68.52863979031879,55.972436634978415,61.58513812383921,57.953469020541284,55.351500532677754,55.582459702834726,55.962135466311125,54.770652258178096,52.62301807226335,50.51543495264413,48.83216256618869,47.793812930331185,47.49276579052473,47.546585910777154,47.46251010198137
281,0.21832769085275142,1.0,0.0,0.0,0.0,0.0,0.0,0.0,0.0,0.0,0.0,0.0,0.0,1.0315621224217477,7.331774474177345,12.952059510722775,19.763024386426963,33.41629471709876,46.822935662645335,61.14771618104728,79.77047232657105,86.27767496210156,84.60256901137505,82.51038624708606,82.04171089443095,81.07295336878536,74.25647989995971,74.26187295701861,69.5306946113029,64.54959647115476,60.936073328589664,62.82933257772484,58.97581640827965,57.165109524291644,56.11485638262629,54.746021947001594,53.1334159018444,51.71933650852853,50.84187988107517,50.22540040059854,49.46668404301667,48.365002831688756,47.433433635298606,47.32245381510045
282,0.1896036071895298,0.1,0.0,0.0,0.0,0.0,0.0,0.0,0.0,0.0,0.0,0.0,0.0,1.4969596525855142,7.771499191591659,12.68080596785065,19.980691532894863,33.19181952158901,47.672986555978646,61.78260811909698,81.15021387141647,87.57091278130598,85.79579820760371,84.38522257086515,83.71969694603655,82.20858436574837,75.38107938896881,75.03873064808081,70.03779359617482,67.08770391130233,62.905750304751116,64.61515521168296,58.70411106605471,59.7262323039996,59.1399274561095,56.70774581695756,55.50915649239643,54.81979289205556,53.447487711434924,51.60013212785966,49.78603352473315,48.42955826388617,47.83471398851207,48.295199974702115
283,0.3409736341114542,30.0,0.0,0.0,0.0,0.0,0.0,0.0,0.0,0.0,0.0,0.0,0.0,1.4952768426238334,7.745993022210576,12.525980826305034,20.907928459417786,33.99150903796047,48.69570482699693,62.88514404559414,82.81549712706178,89.9724326062507,88.51440979034707,86.93031273224844,85.67000808383617,84.32011633312068,76.90820852006256,76.2699198478413,73.90300833256192,69.8603418460425,62.49460083811685,61.6363435850438,62.744534179252454,61.05882133041965,59.13217999947224,57.208856628504236,54.82392247702526,52.56374747696236,51.01489413065184,50.12327353119273,49.71468122582211,49.61412050003666,49.56746316709164,49.30117692680336
284,0.22641132533913177,30.0,0.0,0.0,0.0,0.0,0.0,0.0,0.0,0.0,0.0,0.0,0.0,1.418374874121045,7.555395739936084,12.27458642808367,20.175044024076968,32.823971615097484,46.395432086958714,60.368058572210316,79.96781876913262,84.2029220859196,84.3182057839935,81.76922118617354,81.48478150268723,80.07553645110873,73.8961667703848,72.81998617309883,71.98392872473212,66.7295099934169,60.136646617816375,59.81011814433975,59.297863251635135,58.71323197714976,56.44210793296651,53.83102992518492,52.482147350848415,51.67830205460196,50.496356832608576,49.058918321455636,47.715224841289405,46.77925661344482,46.5484011049014,47.33821654977642
285,0.11942084260781313,30.0,0.0,0.0,0.0,0.0,0.0,0.0,0.0,0.0,0.0,0.0,0.0,1.502232219140735,7.913482787215707,12.84923853583755,21.22345624067651,34.131126863667646,49.39237049248543,64.45033974588675,84.12299125921176,90.82095109560231,89.11343408390267,87.47491744981403,86.54803383953065,84.83215760136403,78.0972258800105,77.22127272038392,75.3165288339396,70.04440896010935,64.17576143764771,65.15274364320739,64.29259495784966,63.246656952686735,61.80611735831035,59.964675612108536,58.07874605414443,56.20218777260392,54.33999786919161,52.57994235761085,51.018291678041706,49.85739571534623,49.75370258326389,51.52647865958049
286,0.2823744838303161,30.0,0.0,0.0,0.0,0.0,0.0,0.0,0.0,0.0,0.0,0.0,0.0,1.1651085294298447,6.918880965339967,11.737266511700053,19.194740271921475,31.257343703363123,44.49367332691113,57.77178911682412,75.70301927810517,81.83721744546133,80.82479851723753,79.14998813386642,78.10142989193196,76.54803567481748,70.72741175412045,69.73693174392469,68.89923169066054,65.38046066558191,62.31225662841536,61.20443610315142,58.66054492947721,56.52952493625916,55.02545205490749,53.84550294695245,52.77896700228245,51.59839665944432,50.15692489458765,48.593405932724714,47.097489612544116,45.89414005802302,45.41597191904909,46.15822207287687
287,0.11935615360349297,30.0,0.0,0.0,0.0,0.0,0.0,0.0,0.0,0.0,0.0,0.0,0.0,1.4608904748570335,7.572971508974101,12.203950472610938,20.139201511371663,32.573184205306234,47.017336441998104,60.649712250239574,80.46640873615564,86.07495871124678,84.90515372034913,82.65665170273567,82.08390882431742,80.44216307342707,74.3769092817777,73.43150860445968,69.84930008128443,65.07503301308489,61.9468489577545,60.99356050905471,59.31748068589617,58.83119529579096,57.47039964547755,55.40396925933708,53.50936279890921,51.86713051678966,50.412509636810825,49.21100088260462,48.353136567450846,47.818439827680415,47.16244668877513,45.862713288559114
288,0.18451438946018503,100.0,0.0,0.0,0.0,0.0,0.0,0.0,0.0,0.0,0.0,0.0,0.0,1.3868234319804256,7.900280866837031,13.21491612344738,21.693568157025208,34.94846277183382,50.5625380280874,65.8205891936486,85.35140538755033,92.42538478426307,90.81489618735957,89.25306728651516,88.66502671443565,86.33461849829168,79.67627120784579,77.73009837098722,74.60949136343265,70.75056576775852,65.65185165040137,63.45540071782636,63.181620553020835,63.807283700628,63.11586265845533,61.22844743352423,58.93774232595366,56.710871370773354,54.83089804021429,53.309006453368546,52.09988016001069,51.25485226928609,51.18456482626008,52.414381307204394
289,0.1942390003291326,3.0,0.0,0.0,0.0,0.0,0.0,0.0,0.0,0.0,0.0,0.0,0.0,1.3889614473378342,7.6379314529069955,12.634680943489895,20.75736423187511,32.568750491368874,46.983690642982005,61.75745745614574,81.30513599877281,86.58886306966085,85.94124639237556,83.77911864681084,83.48791805309942,81.29472602860375,75.41720848085644,73.20397070973394,73.88450290226565,67.74685900395059,63.422186938947064,63.40096839319685,59.46679513034414,59.68142088519171,58.89965683797262,56.73980623109211,54.869683419817804,53.386501654755726,52.056360860747354,50.71842534674338,49.2394973019329,47.79736582121531,47.715686963263636,50.69807502600015
290,0.20183117664238692,300.0,0.0,0.0,0.0,0.0,0.0,0.0,0.0,0.0,0.0,0.0,0.0,1.3049311068301672,7.749147127373975,13.101907276370026,21.108032091087704,33.810055322658314,49.62960736028702,64.17536329372476,84.90319874913958,90.64261727929564,89.53445264497333,87.40001514399701,86.68573177835518,84.86018010830088,79.065101744456,75.71312335957859,73.39535278781815,70.51920232406873,67.49406126547157,65.67808822288659,63.87361889677436,62.160594296694704,60.62784288134007,59.17482895761828,57.71580914865052,56.26043853159119,54.84155915647946,53.50181091636844,52.282331548134486,51.30255176448991,51.0014800713274,51.9091764928263
291,0.25453655008579146,10.0,0.0,0.0,0.0,0.0,0.0,0.0,0.0,0.0,0.0,0.0,0.0,1.3103347031910373,7.299249758982758,11.965245402801404,19.230239935262723,31.577891564828825,45.328832435471384,58.61731480324607,77.80502095419227,83.07941766206858,82.09308773511111,79.92063452379779,79.54691210034287,77.82997749541357,71.26717544944148,69.20443232723886,70.93592700745022,64.043637284333,58.25254960177531,58.7329154166329,56.1371046163156,54.7037730739192,54.644828355791645,54.332476406049544,52.72331612049205,50.70749608688849,49.280162357442265,48.39816941788673,47.804642062025245,47.2754965756413,46.648350505718646,45.78197246964651
292,0.16096436990979848,30.0,0.0,0.0,0.0,0.0,0.0,0.0,0.0,0.0,0.0,0.0,0.0,1.336580204517409,7.5160814415073265,12.435936725028013,20.153110096782797,32.521193806247254,46.8729991180859,60.517642361569536,80.1707222463344,85.05373968780151,84.69388321071207,82.2516656075687,81.74326714839485,80.21519352106324,74.10945249580327,71.84159286414891,67.61259465454899,65.28344396959342,61.87827155242711,61.224757576947276,59.99954801359868,59.94436769738325,58.99724445172696,57.29974570119133,55.72832812020755,54.28603297726984,52.815860111495226,51.301765799302494,49.75975342990657,48.252075731741854,47.02044394635846,46.3298241349111
293,0.32047010194586306,100.0,0.0,0.0,0.0,0.0,0.0,0.0,0.0,0.0,0.0,0.0,0.0,1.6274994056105991,8.61930739710857,13.928432807032868,22.752110519200052,37.390021223383826,53.92465230438409,68.57578126435999,90.84079522092614,98.08128526530672,96.57029487994255,94.5647432247846,93.99584627399128,91.51299762778379,85.35919324268724,82.70177783705839,77.98265832854057,74.16363519077014,70.05302149602547,68.7112549390431,67.92988244610945,66.9666070831755,65.38385381983714,63.439796471171505,61.51263420381029,59.68611169467315,57.97842847011056,56.42962580920843,55.08088716425859,54.016461856811546,53.50194164218963,53.85082879996713
294,0.2820995613228334,10.0,0.0,0.0,0.0,0.0,0.0,0.0,0.0,0.0,0.0,0.0,0.0,1.396219696982941,7.416722755433328,12.040852424409136,19.61063264648637,31.111114374793054,45.59811273727765,59.87824030080761,77.8068547235155,82.98569035660509,81.98183657771271,79.89800976788517,79.33911486165773,78.33664836900697,71.86290925323901,72.08365700321521,72.33767427662427,63.8221693397749,59.632457318384404,61.626315459898606,59.499290911216406,56.92864944768267,55.73545924250482,54.93286339503062,53.553964700594506,51.67993631858879,49.64858306940309,47.838766564317424,46.597022788962164,46.11368533371046,46.077178842486084,46.06703647638067
295,0.09261389514029704,100.0,0.0,0.0,0.0,0.0,0.0,0.0,0.0,0.0,0.0,0.0,0.0,1.364095287614008,7.542008569175341,12.38776483163417,20.122462959623284,32.811627997843864,47.11165746752337,60.2804493204937,80.2176739355391,85.81963794821961,84.94232430363344,82.7492076047527,82.56582979510723,80.52270202593253,74.267790978303,72.51065189664853,70.01471204604033,65.91483563304763,62.59082025143886,61.338695058360024,59.55627734420103,58.571830500896795,57.732425838609565,56.47743500518161,54.675335869387354,52.8174740476564,51.36786572307994,50.296399958306054,49.470876487899325,48.79428720585334,48.26860974517067,47.91944973155376
296,0.26677302811903736,30.0,0.0,0.0,0.0,0.0,0.0,0.0,0.0,0.0,0.0,0.0,0.0,1.2424445944478013,7.060204053184303,11.758295403941347,19.131558343728365,30.709133668451646,44.19792686113574,57.0398184041789,74.54645349087976,80.30611515585343,78.76996288234591,77.65178464066403,77.00546470003606,75.7344547960208,69.62721104457391,67.46489026528978,61.60016636723122,59.487013729214944,57.10833972294046,56.56970105498048,54.88403855497441,52.77062230365562,51.250557415642916,50.2009923078829,49.315828574524694,48.31373995040017,47.02200017598207,45.62238031715843,44.3596624204669,43.45994636324775,43.165330056597334,43.73728351258715
297,0.1546796685943478,100.0,0.0,0.0,0.0,0.0,0.0,0.0,0.0,0.0,0.0,0.0,0.0,1.2914376531260077,7.400006330158279,12.389928388375592,20.307773315370916,32.981224524982224,47.68409712982695,61.013877232633945,80.2570886801008,85.82422669308541,84.95427897286831,82.59801522722574,81.9613456036541,80.94134856882921,73.80227998170628,73.64273047237667,71.73214155636585,66.69548316816068,61.64964830393106,59.868964316435445,59.08549074279576,58.64458930775639,57.552524430567104,55.986347667340105,54.39670407319227,52.86669264300893,51.40571988121859,50.077308766686606,48.95159500793389,48.14041403113466,47.94085846800841,48.709861379766544
298,0.22154103230511213,30.0,0.0,0.0,0.0,0.0,0.0,0.0,0.0,0.0,0.0,0.0,0.0,1.3269885902463028,7.254307000622646,11.894666739903538,19.354417972145434,31.142039192148008,45.57285445036485,58.93761636700464,77.3489543958993,81.79756727473435,81.50833999025653,79.57360789218068,78.8269739554547,77.24109453061975,71.48232715368998,68.27538986183342,66.95241647436245,63.93223689598445,60.72035027752061,61.18953121115464,58.68858228643596,56.98160320471289,55.9350025869785,54.69804626127399,52.92772901991039,50.95186966540502,49.17533387441586,47.81463867280349,47.03328218044253,46.779482553080484,46.151317725282,44.09974807193019
299,0.30182509264989266,10.0,0.0,0.0,0.0,0.0,0.0,0.0,0.0,0.0,0.0,0.0,0.0,1.2481582295780094,7.174734635829262,11.942053690220101,19.350544330916374,32.05895564415459,45.36324003804765,58.38559160510735,78.42967406315485,83.30612831203898,82.16671861452316,80.41618617775899,79.84130604225115,78.23830726848126,72.08099735523128,70.09715193391644,64.89939754196833,61.02731942875039,58.741179923862056,56.510959849301,57.54882278708607,56.54110465209765,56.079526414026056,55.30237525961698,52.57862812250913,49.40563028534483,47.335414603242725,46.292285458567015,45.913657500263206,45.8734014618938,45.81043624970494,45.355432550785345
300,0.1371798947866446,30.0,0.0,0.0,0.0,0.0,0.0,0.0,0.0,0.0,0.0,0.0,0.0,1.355223875967267,7.357430057858982,11.960431183518988,19.30242442276099,31.57019847327702,45.834403477677554,59.23988407898133,77.16112948266914,83.3495159074463,81.85707161019276,80.36702444591903,79.35586737372185,78.03718339565918,72.34502212690505,70.59640265154422,68.22045169730288,63.0395293340922,58.25469775656197,58.96009014735786,58.19583464904467,56.33894981775216,55.242199464731584,54.425668191390976,53.17275109485701,51.67234499730083,50.24837926823766,48.97573289265328,47.86883721516862,46.920695508482595,46.046087136631,45.146582561428396
301,0.11733775348685332,100.0,0.0,0.0,0.0,0.0,0.0,0.0,0.0,0.0,0.0,0.0,0.0,1.3681764740634152,7.647681839631275,12.669671473913565,20.74199769201753,33.5544554254336,48.13963472931616,61.890286622149276,81.6600128209171,87.36481663776568,86.55832941770883,84.27715611216948,83.9975106322771,82.23728165930045,76.03377343957962,73.69001572018308,72.79185910026557,69.78206346677229,63.70208484501047,61.185669019123125,60.895752360174264,60.036923464008936,58.5722659658819,56.97874470157623,55.581718087830275,54.395709955896635,53.35178786073932,52.33201064783836,51.21347056553917,49.95042713663992,48.76309489817163,47.91553771852365
302,0.25126350539085174,100.0,0.0,0.0,0.0,0.0,0.0,0.0,0.0,0.0,0.0,0.0,0.0,1.2412027645059294,7.192069271861292,12.060739710451914,19.578467480326683,31.51507703731705,45.60835073095953,59.29486505280391,77.66267700507422,82.7798551688057,82.24297220701469,80.5436699287168,79.78533870778755,77.89361308171732,71.37172660607219,69.80174628919386,65.45292037453413,60.17619164692068,59.22401669322185,60.51220423002662,58.643015719120505,56.988731270532554,55.84366611514774,54.785699362151256,53.62039802403388,52.27035992530281,50.73241155496434,49.16356669100038,47.74120916788653,46.63913924853289,46.08382858457634,46.320523388450106
303,0.3086123834569921,3.0,0.0,0.0,0.0,0.0,0.0,0.0,0.0,0.0,0.0,0.0,0.0,1.3091409456380625,8.0436684178264,13.759030181473522,21.963339120498183,34.80850532982649,50.67962141974854,66.16960818636052,86.47457603915448,91.84871009137372,91.55034509424135,88.81574708789296,88.85565064587416,87.20419373622217,80.15999786019266,77.27694210706217,72.71679603887148,71.46002179482026,64.76258674750378,69.49157153771466,64.35462528715333,62.594785427344156,62.32807874306053,60.89113153067536,57.89931378201716,55.26819106040609,54.49766182291315,54.43124331670019,53.34714758379957,50.52511039998145,48.624646039566315,50.82717911843768
304,0.2065711959023146,3.0,0.0,0.0,0.0,0.0,0.0,0.0,0.0,0.0,0.0,0.0,0.0,1.086477772214328,7.092477649954385,12.147921096761747,18.643059813546657,31.310244224429784,43.93190560066344,57.127140483117415,75.06843027410034,80.87282880085306,80.31721626941375,77.69098070803436,77.37653900796491,75.87003446851107,70.00418548787115,67.99899044263914,62.37120336745677,63.09368113085513,55.94991754894899,59.59801742354582,55.76158534070416,54.266450503663364,53.09333388628416,51.42200253581077,49.9983900365,48.80926369293114,47.69770456592616,46.60156097035637,45.48339631928845,44.409610575778196,43.836259626666056,44.30628161039018
305,0.218792176944756,0.3,0.0,0.0,0.0,0.0,0.0,0.0,0.0,0.0,0.0,0.0,0.0,1.0543703037471457,7.261569370309878,12.777837295557365,19.53547141469205,33.12632349719222,46.21177505660587,59.668650599441094,79.06916877621262,84.76693679617114,83.42852661032985,81.92532840597703,80.99717355061107,79.68877372003776,73.39031891487757,72.17301992601625,71.77559114394073,68.36429733946812,60.63959719102323,63.188081400850486,58.07324010623275,57.56177347094164,58.00673107281166,56.77003860222054,53.83816318580712,51.16581714027152,50.2787739818706,50.396050157149936,50.26050877763268,49.09810131606709,47.97607500606297,48.328194721075526
306,0.2226734123308347,100.0,0.0,0.0,0.0,0.0,0.0,0.0,0.0,0.0,0.0,0.0,0.0,1.286750212845796,6.912291007679076,11.23195430035949,18.27463981905678,29.688217874672375,42.85382710587765,55.314932590203284,73.82660803096246,78.56101993542656,77.19783979104557,75.7680045033915,74.91166012142286,73.72956400784945,68.22484962479754,65.32869527304008,61.927440088794945,58.55566392109466,55.76246156764744,56.249522636312754,55.639042937502516,53.77080183871332,51.78341796278533,50.07031565518408,48.76430797142809,47.70148831731104,46.70362042775953,45.75996636229166,44.89754475247377,44.147438991288375,43.56436696248079,43.20736503363734
307,0.15982885931981786,30.0,0.0,0.0,0.0,0.0,0.0,0.0,0.0,0.0,0.0,0.0,0.0,1.342051565090664,7.654036498813604,12.73814579671364,20.683330294619154,33.65571744763476,48.61894890266696,62.12868230172771,82.34428131437414,87.72391576469852,87.39428663397719,85.28104839829679,84.9534022192397,82.44714288464773,76.2632556475934,73.7619864089225,71.29131964639768,67.13348563138764,61.51612182581289,61.58911510337919,60.71898671604561,58.11015961335417,56.852768497076596,56.06181640386607,54.349106380741745,52.313692709790054,50.75272735249003,49.67210070002908,48.913050289103175,48.38922473449281,48.24629956766705,48.69167273980639
308,0.40014519677408533,1.0,0.0,0.0,0.0,0.0,0.0,0.0,0.0,0.0,0.0,0.0,0.0,1.6650806322401523,7.6484565901315635,11.935023903988775,20.54176829693868,33.17320823734934,47.23656789602947,60.982928216342856,80.90891092181894,85.22694658091098,84.28010505692234,83.0123559205167,81.99113694026295,81.51625997422023,74.12806500658203,73.32886698749141,73.00632939513025,68.03669773118351,61.30757299735836,63.39260581940256,61.8405160934488,58.5372139320272,56.15437923144092,54.54077474641023,53.2608243405391,52.05132317574008,50.77392306737757,49.58065563820809,48.67736406462168,48.071521108364735,47.04380514936264,44.77155438718291
309,0.2799544382146744,10.0,0.0,0.0,0.0,0.0,0.0,0.0,0.0,0.0,0.0,0.0,0.0,1.4945561929246287,7.842605830841965,12.7247494597218,21.03791728973729,33.653154056153376,48.24380533292754,62.77826670829686,82.03303872681226,89.43261691719513,87.44603057500773,85.61696719857365,85.01806304541945,84.05667454902203,76.91551979038871,75.03491529861955,69.98885007597659,66.77771972835374,61.01782552274302,61.260917058939256,59.298497384287145,60.72267298055912,60.81719648524204,59.14454840686013,57.27563920469086,55.54156102742939,53.94271292806581,52.37503659490484,50.72042042466003,49.139501174911224,48.81308583399631,51.227302006182335
310,0.2644561690108887,30.0,0.0,0.0,0.0,0.0,0.0,0.0,0.0,0.0,0.0,0.0,0.0,1.2400014754500142,7.001272157701693,11.582504818563747,18.653060972065635,29.974134454052937,43.59448658184075,56.51989348831189,74.47206514494921,79.93669938172484,78.28657566848308,76.33704993210928,76.22674119631341,75.0911761871626,68.48374231914332,66.71498955396949,66.85342975124064,60.96536625439192,55.371316443112725,56.19645166338894,56.285282943031845,54.807050625724926,53.66564401881725,52.65173948449649,51.19453409875786,49.35745727736714,47.37451481420314,45.5678996233791,44.24144424348152,43.63259839755264,43.83921342869267,44.964096243575455
311,0.2802283039323424,30.0,0.0,0.0,0.0,0.0,0.0,0.0,0.0,0.0,0.0,0.0,0.0,1.2116221727201093,6.880783944074777,11.46462146817085,18.769007780263827,30.53956934202898,43.556582921562736,56.222773309846986,74.23283217071088,80.26905523329692,79.38532179250367,76.71127408146067,76.28218151362637,75.00144253261766,68.75059173263523,66.57329920288815,64.92891855937918,63.62806925187166,58.205892347462125,55.41424197751868,54.8169082490779,54.99048106465324,53.52592810663466,51.2928724035264,49.62918032965757,48.3857842300771,47.213728780674515,46.19099270101729,45.48559914284439,45.111030082278475,44.50065806263236,42.98179807875494
312,0.2328859577357742,100.0,0.0,0.0,0.0,0.0,0.0,0.0,0.0,0.0,0.0,0.0,0.0,1.3676838024622162,7.678449812114625,12.728806477953686,20.777040996534748,33.70403371413441,48.84699908005116,62.53740256557642,82.39600590670872,88.38317468969578,87.186869539178,85.5706387241238,84.73067409870433,82.50160999249559,76.01753929372023,75.15554333745212,73.55801987768632,69.80388497213333,66.22693732126864,64.2085589560409,61.89003231244395,61.187124044225556,59.56493491677173,57.176768479938694,55.0024747565289,53.24363356075314,51.9062336409502,50.94048895641695,50.29096400005742,49.948073096858394,50.060270843325554,50.82597945149999
313,0.3449251875578259,3.0,0.0,0.0,0.0,0.0,0.0,0.0,0.0,0.0,0.0,0.0,0.0,1.9106978043739964,8.974612742240113,14.098690548672696,23.972792004215265,37.607040780266814,54.177801375788384,71.09971372386656,92.53384583430059,100.28412784000089,98.44797186643827,95.8895333491992,94.55521338607481,93.01079117535718,85.89281795301095,83.0519881394878,80.51780452810242,75.85175766159018,68.96969211365031,70.22190211039498,71.37958045432498,67.1420426693194,64.87513589531689,64.12238430517897,62.65528696822384,60.82375265752116,59.32866160344361,58.01057040412448,56.53127159156836,54.85810847083981,54.0238733617476,55.29564428253827
314,0.2664712951323666,100.0,0.0,0.0,0.0,0.0,0.0,0.0,0.0,0.0,0.0,0.0,0.0,1.410351532817995,7.875078813394465,12.999192690895162,21.059112154911553,33.85165248793571,49.12307910020998,62.9103299250286,83.11515731568349,88.25215269801727,86.87642885899295,85.72573964040086,85.29254119309678,84.01213840584816,77.27321481771686,75.41392409526546,73.8609057268351,69.47916331353345,64.75482977465727,63.64820997604193,62.91429556259664,62.39426501648344,61.28621222054371,59.541123179513555,57.467542114022216,55.449267123905656,53.77109336097009,52.395653037988495,51.220568567905815,50.17375641497287,49.26884291934823,48.53829337670008
315,0.18838242443418554,3.0,0.0,0.0,0.0,0.0,0.0,0.0,0.0,0.0,0.0,0.0,0.0,1.5146119488070677,7.639679525122444,12.234008932665068,20.301009807094474,32.214714836155395,47.427676843200615,61.407812899449546,79.91947512398522,86.31129492530594,84.96943854463582,83.30949090722186,82.23898097484985,80.81539749360923,74.78600526540781,74.61048120147187,75.97466537746716,67.04604559328182,60.70846464117307,64.21330062102304,58.869902447012635,59.03158986851871,58.0121904971396,55.637514631951476,54.49716578038506,53.64067395712761,51.84535794579374,49.76307182595974,48.38317588135289,48.23495568752615,48.41114466343273,47.66110593339032
316,0.29830277177201875,30.0,0.0,0.0,0.0,0.0,0.0,0.0,0.0,0.0,0.0,0.0,0.0,1.4460330682903946,7.671018974637786,12.526044712825966,20.876170466709244,33.61642307941476,47.39078279268165,61.4418604664634,81.22600339120432,86.79717157900404,87.29001484051402,84.84699456885022,83.67087674085462,82.05582251178731,75.75982278558455,72.60282766689788,70.88956054600939,64.52356715091697,60.529772777589166,62.04828100285261,60.99700581886196,60.39562341691385,58.969804079986105,57.036865928351865,55.50858773277716,54.08413757097635,52.3835271693563,50.692726731209554,49.41451857045324,48.74565082860641,48.211455638251515,47.20003677107249
317,0.19753480606960033,30.0,0.0,0.0,0.0,0.0,0.0,0.0,0.0,0.0,0.0,0.0,0.0,1.4778457744287627,8.095595078045445,13.236458995144995,21.38448286668289,34.57877929169371,50.42245829519079,64.36099469882197,84.86891016639419,90.55626889035331,90.27904385713788,87.27326972505662,87.01963230145904,85.85963570317483,78.58526219624915,76.42215362504159,73.33484422406578,69.99058809472467,65.0533268256198,63.16971072316547,62.23238667041735,62.839071602840626,62.327387468251956,60.39896749961877,57.776563905912134,55.23510911925815,53.319882458828815,51.970749827405534,51.013450071534685,50.36096660066953,50.19978023124684,50.79159854618737
318,0.36341495580928435,100.0,0.0,0.0,0.0,0.0,0.0,0.0,0.0,0.0,0.0,0.0,0.0,1.2223808355243857,7.527053207875173,12.960851720492759,21.060735674430504,33.730302298477056,48.8864055082305,62.41033407804186,82.06722945555208,88.4861005369295,87.28803866648529,84.94551650620492,84.7389588232016,82.90515174647682,77.07191551627625,74.44040758508994,71.57218903820043,69.73486024191989,67.44096130678213,65.62282953699261,63.68056382796308,62.10335166815988,60.94367555922176,59.76464855012764,58.20661608708043,56.39466601040116,54.53725871098715,52.75924959507978,51.154890846055814,49.821276199273306,48.904028399671056,48.55832153696119
319,0.30751091295704613,30.0,0.0,0.0,0.0,0.0,0.0,0.0,0.0,0.0,0.0,0.0,0.0,1.2870466560518945,7.08998574195989,11.65579316725775,19.050134948577806,30.967348925285833,44.07404737580307,58.009914945241746,76.10551561481492,82.05887216478604,80.99730586377588,77.96649367328477,78.20446736687121,76.63877961849924,70.52686221460165,69.53948765285597,65.73122527428197,61.70840728964359,57.03773920109207,57.48647602418692,55.96762662670926,53.25588696465248,51.592492901188784,50.64412542981185,49.746646629003465,48.80824442205122,47.853937095891645,46.839663386847086,45.708567565442365,44.55922250999009,44.06842252801098,45.052077207284114
320,0.2043015705925477,1.0,0.0,0.0,0.0,0.0,0.0,0.0,0.0,0.0,0.0,0.0,0.0,1.3182757138656669,7.579371033763191,12.600098522001568,20.198057910063472,32.6770841126786,47.840574921482585,62.16754136608988,81.31444031404662,87.02344669008346,85.99264992274854,83.72730654008268,82.92318463448636,81.83587413745188,75.18672153284638,72.80290013397142,69.15228458668854,67.43163088296109,60.8067404842071,63.638534969675774,60.37970168886433,58.54431495984266,59.446250727731794,59.43073898280602,55.966639804464776,52.21806159587804,51.00222345003795,51.03218644608181,50.21899932495858,47.64288371958083,46.43105734209384,50.57440541713316
321,0.3174491631811298,0.3,0.0,0.0,0.0,0.0,0.0,0.0,0.0,0.0,0.0,0.0,0.0,0.9784516979291197,7.532169674087251,13.475461813544653,19.382467293173974,33.89016072185534,47.211541765463146,62.16645867430087,81.7164368475214,87.34274837724857,86.75584772798652,85.10088345603894,83.42363857602955,83.28702549336252,76.21222462368021,73.6693299093188,68.8653774742895,67.90525563718475,60.708981167167074,65.80807637052791,62.3020233541886,60.6944221028733,58.620328113878024,56.514518944309934,56.146966121211975,55.98916599784976,54.341091032691146,51.83828655162003,49.58174428116371,48.35122292455962,48.266780492921896,49.36297104209296
322,0.2957222956566978,30.0,0.0,0.0,0.0,0.0,0.0,0.0,0.0,0.0,0.0,0.0,0.0,1.6132867630916623,8.234441989036638,13.110571444341423,21.444948123186563,35.1849610790225,50.50743193981281,65.62444546817184,86.15050681437532,91.9584807723947,91.14901804695943,87.8514123375519,89.04209072607027,86.9348678241982,79.74917172253508,76.52741639277158,73.14402460141497,71.20656655701166,66.10416287954386,63.81265055918909,61.83568394721211,61.64134495116671,61.228576922498775,60.122354407764895,58.60529881954466,56.86773323684708,55.063272333069996,53.322686867474054,51.75894436138465,50.531061170929455,50.02081967355998,50.674631845634586
323,0.1665324492331366,100.0,0.0,0.0,0.0,0.0,0.0,0.0,0.0,0.0,0.0,0.0,0.0,1.3919414035631634,8.025171412964204,13.37661507885823,21.461123930643623,34.38410456024986,49.933146211928175,64.42931028910245,84.66387925985526,91.09776340810762,90.50933198396609,88.3489707025447,87.3432115400534,85.83433685939656,78.56627641075654,76.77965049331966,74.32231910987164,70.73586355143907,66.90623120072571,65.63495380795013,63.47897768580372,61.19481239971766,59.50867521075533,58.15273766900261,56.816376853996246,55.51004071109259,54.28477365723467,53.071782527491095,51.77963964884205,50.43439562081807,49.485161283619604,49.458980049407366
324,0.13661593926091237,10.0,0.0,0.0,0.0,0.0,0.0,0.0,0.0,0.0,0.0,0.0,0.0,1.384451087890676,7.514345188159632,12.3785312193438,20.5375404623111,32.88232977350953,47.04209688211558,60.81038817891865,80.61439729052924,86.62509770407644,85.70689052136218,82.7077262623995,82.38762144923528,80.99976671244625,74.26039964016196,72.2169046392826,69.05337898744081,65.20372778582554,61.62085521537051,61.41034127304609,60.117368712735605,59.45937238220338,57.839759288710795,55.60133689160334,53.68469069950485,52.171911229408984,50.951286039417354,49.89530663074608,48.88051962122073,47.91832977118597,47.51413110861191,48.29464061608836
325,0.25102257248697535,30.0,0.0,0.0,0.0,0.0,0.0,0.0,0.0,0.0,0.0,0.0,0.0,1.4608794244034813,8.180759869332922,13.579707804083988,22.28731335804649,35.94201463348037,51.20430446757869,66.13489064689482,88.30047903917064,93.43877216283546,94.09361968954744,90.65772991366171,90.43590302630186,88.35239184541743,81.13856938326249,78.72887685317802,76.5107319724013,72.20920790732421,67.9711983606674,68.45485172271523,67.66174226375533,65.36025062392078,63.97973261549098,62.70603631796003,60.43918897818163,57.978563664376715,56.21451543716966,55.0504746165821,54.1940938818044,53.392410400913946,52.4644601002666,51.25586950652487
326,0.20217707618789152,30.0,0.0,0.0,0.0,0.0,0.0,0.0,0.0,0.0,0.0,0.0,0.0,1.3402977073809275,7.690219337895475,12.85599491278962,20.928007794402085,33.65692388522087,48.20526469460762,62.83301673449263,82.74938153756769,88.02225589651859,87.59306558007223,85.33854237525897,85.55496063670283,83.94183177105177,76.18859442273387,75.11464689162482,72.74352665271279,68.71873253583344,64.93972411201975,63.19692242734739,61.437278318908916,59.7218515052463,58.52088516417476,57.55970120950609,56.481524539295684,55.19180838235982,53.688975176604885,52.07332392504098,50.45940502888011,49.07377188726075,48.614422401654345,49.91435887515474
327,0.211632286424348,0.3,0.0,0.0,0.0,0.0,0.0,0.0,0.0,0.0,0.0,0.0,0.0,1.8924046293730201,7.9298542610447775,12.15349005481612,21.668372509903982,33.66870437447889,48.75429643822243,63.02457381431739,82.70834412594482,89.01751116121942,87.72887446415723,85.02737555941083,85.33112196820309,83.63622265745883,76.51308192770618,76.0012463549112,72.54425367239399,69.28092104006528,64.28100146372779,64.72530488620802,63.4579328566727,60.072864386434,60.070659718220575,60.733456359505944,58.434210953207455,55.159077641989775,53.24813105589292,52.286414294942055,51.33739524515443,49.99006312776366,49.62761607415237,52.09794026158566
328,0.23549420613777208,30.0,0.0,0.0,0.0,0.0,0.0,0.0,0.0,0.0,0.0,0.0,0.0,1.574297340393407,8.092940913150306,13.007814941962785,21.54714312498029,34.995154816087236,50.423763721741544,64.44430629933792,85.61282417601345,90.61987262474216,90.3165916434026,87.9104177119661,88.03791521182804,86.25116783417968,79.08408300378322,77.72347288670919,74.23960224806083,70.17984511010141,66.45652964397684,66.38834369210207,63.10747289616842,62.60230408287988,61.5816277406246,59.58193838109867,57.604730248055574,56.002579914132326,54.89184524364669,54.117670795590925,53.47349300907289,52.66073675728531,50.99849819376946,47.826499648039345
329,0.18272482307169893,0.3,0.0,0.0,0.0,0.0,0.0,0.0,0.0,0.0,0.0,0.0,0.0,1.6374559212060826,7.1247728148287965,11.134698201081696,19.657146780830637,30.01670661063025,43.66205887143579,56.65842526574982,74.97433442629323,80.20903060509575,79.33436020622138,77.29187037449272,76.6062251098252,75.83873238363888,69.746168495428,67.86754252931877,67.19743335879028,61.61598688833711,57.41187961663176,58.45114720273871,56.01735951979142,56.06107604734984,54.93926891966381,52.655594173771426,50.722587376888555,49.20943856762845,47.920763396828775,46.85077821394962,46.0363183829388,45.55014671329604,45.61237653123898,46.49657391576742
330,0.24595025839701887,1.0,0.0,0.0,0.0,0.0,0.0,0.0,0.0,0.0,0.0,0.0,0.0,1.854506468699782,8.129932007567575,12.545502874748372,21.739511103060817,33.3780521724751,49.27758505084442,64.24239038201752,84.13527432312185,89.90296933050345,89.33443700060764,87.12066726547758,86.41286620262856,84.8560739352704,77.90683922218463,75.81660999205297,71.84535277070741,70.47410595713231,65.19791520210254,69.03174079703496,63.14153766978086,60.32514784832882,59.324790882406,57.893575841508174,55.52328800519923,53.119615331333655,51.553088004530906,50.73300934092022,50.38570325346928,50.231503727608015,49.87607049189302,48.90787966156963
331,0.16497023380259035,100.0,0.0,0.0,0.0,0.0,0.0,0.0,0.0,0.0,0.0,0.0,0.0,1.2299084977117378,7.350670972189814,12.468563615722411,20.1200487142271,32.18548977640757,46.925713783951885,60.6740638191979,80.0319833051778,84.75413583567942,85.02543479461707,82.69230501967174,82.25436625560229,80.2353701221584,73.88944055086385,73.11734051806052,70.9157803812245,66.03301687489,61.55136175470569,60.78917397876044,60.207931064558835,59.07579328152637,57.80535591130709,56.513253885067726,55.22570797745382,53.9157039363704,52.56198707286337,51.208252820504434,49.90879503725619,48.773691004341714,48.146564193628606,48.42421263272384
332,0.2623845674989648,10.0,0.0,0.0,0.0,0.0,0.0,0.0,0.0,0.0,0.0,0.0,0.0,1.5615667787902214,7.560530177385827,11.898219543722057,19.83367568904566,31.760103675414975,44.98921274545862,58.51658132090836,77.21669962428166,83.20716763247185,82.14001539866922,80.86482775044985,79.89559541361595,77.922941740831,72.04326390435011,69.9316251120649,66.4963143184339,64.76576458082884,60.50363588057209,59.57161067067989,58.48262644994342,57.11805391505971,56.797820716066866,56.31777088047653,54.440820508988345,52.18162065472068,50.634373942211425,49.579397899634216,48.53627975900757,47.31213520626816,46.694611556411154,47.69225522911258
333,0.14807133316859875,30.0,0.0,0.0,0.0,0.0,0.0,0.0,0.0,0.0,0.0,0.0,0.0,1.341598138701003,7.674719461550896,12.768508294993941,20.63388968521648,33.3894236414281,48.038077585093625,62.45005025448412,82.13764385639313,88.04895955439963,86.79482320645761,85.44048090368574,84.16050763981555,82.51420986408836,75.98841440584802,73.64499796290723,71.88188132012104,67.88390289160759,62.913875608742984,60.814956930050414,60.69653469338994,60.15343238623948,59.43623744768008,58.631591306566314,57.58535784766179,56.12385838449462,54.198442669366244,52.19478451136539,50.550255347469516,49.60839042704075,49.53556423502519,50.492876850098405
334,0.26230105740540044,30.0,0.0,0.0,0.0,0.0,0.0,0.0,0.0,0.0,0.0,0.0,0.0,1.2817514599845978,7.450728539367733,12.457488642657207,20.092131605278222,32.85439890184571,47.727119152500165,61.9282152776916,80.69060897180191,85.48948257269676,84.82091797978752,82.98630539064611,82.56379526734625,81.60593279000916,74.74918605377617,72.45687309625485,72.3492106391176,68.2776662953089,63.43743877460135,61.71234892135473,59.48592979215122,59.58331702966506,58.11383635282316,55.63005032091262,53.850649311891075,52.56628640481959,51.28217705316101,49.95584132685575,48.64719065942778,47.504656871383965,47.03815750163576,47.85140086631065
335,0.12729077114930726,100.0,0.0,0.0,0.0,0.0,0.0,0.0,0.0,0.0,0.0,0.0,0.0,1.3755032860488405,7.851656823653572,13.083105664482153,21.211865421067596,34.06421021048771,49.18658861066967,63.336592505771655,84.05545408127973,89.90387032245856,88.64203592968563,86.90985184896344,86.21767798453365,84.809453175512,78.0795769126175,76.04809012481847,72.86403346926092,68.8105961765546,65.63711728606546,64.46204861747722,64.57013313290868,63.75432391795657,61.63377860849822,59.155261615568044,57.14304411457035,55.548048921942865,54.16189090226128,52.86969567437322,51.58434543133648,50.33589470818101,49.581018530090674,49.86569892922326
336,0.18921333734397344,30.0,0.0,0.0,0.0,0.0,0.0,0.0,0.0,0.0,0.0,0.0,0.0,1.3198753451937264,7.310266055587525,12.060630295382909,19.788002764263982,32.26095952246021,45.81809323695457,59.44986353544643,78.5425438123477,84.35811978459934,83.06525518222318,81.1054084991911,81.30515119538985,78.79872015298352,72.73489430009279,69.29151512108297,64.63354510210257,63.3032399814779,60.07010589224042,58.56424098903451,56.33142300928703,56.25882640755645,55.71627763372355,54.370413308626176,52.90110394870365,51.53190494114643,50.323268383545134,49.16014832802268,47.896092280595454,46.6123253467316,46.21941431598441,47.84782195949451
337,0.14018963233971599,30.0,0.0,0.0,0.0,0.0,0.0,0.0,0.0,0.0,0.0,0.0,0.0,1.402721298746562,7.711946207034326,12.539421152620042,20.093511006403062,33.303426309329254,47.41620843300473,60.91154530542131,81.62190106659648,86.15283469896448,85.70282772708474,83.88008417130008,83.04015390350487,81.69354000715225,75.0677922789037,72.92904567123635,71.18179530898628,65.35136295847045,60.8942910256313,62.732212588994145,60.86943464137539,59.06986403095569,57.562781437044436,56.03655228020889,54.56777173296712,53.125749859630524,51.67501138452516,50.2493931752565,48.89459943785837,47.77446785520008,47.52882230080626,48.942627921844306
338,0.15582137580356775,30.0,0.0,0.0,0.0,0.0,0.0,0.0,0.0,0.0,0.0,0.0,0.0,1.5761565943238103,8.410138933363415,13.684507710119197,22.483351472174878,36.43100134295552,52.30866455193442,67.51177919204821,88.49513114716366,95.9488728500819,93.83092520931578,91.88323170258212,91.6625276883333,89.64890132599118,82.68581802961346,79.98509826143923,74.32267492805465,71.92491072981606,68.62720807483066,67.71078703416015,64.90366095467232,64.51606294067066,63.31281635082947,61.219034612841824,59.40134634743998,58.011068390391166,56.932168895114124,55.90973286942925,54.67035171219503,53.146909681958135,51.9887281628514,51.97149730708356
339,0.230827392764639,10.0,0.0,0.0,0.0,0.0,0.0,0.0,0.0,0.0,0.0,0.0,0.0,1.1462589222911235,7.243169602791998,12.438412759751698,19.847375092437236,33.140445094396185,46.50833760956993,60.30053744356144,79.45086475074355,86.01089254046181,84.392560406754,82.27081357324057,81.8330630062956,79.86820047357006,74.21270919379886,70.66047343969899,71.12746021491007,66.3355372650378,59.70512783386194,61.516526931401586,58.39198769387158,56.12575422240966,55.313046312625744,54.925515228623276,54.386981066139995,53.3819939508425,51.80763731324385,50.070251060382624,48.649474074659665,47.82017622942877,47.23944830327245,46.43905815694256
340,0.10595944167864288,30.0,0.0,0.0,0.0,0.0,0.0,0.0,0.0,0.0,0.0,0.0,0.0,1.4232891033493063,7.587385559915908,12.27792309816642,19.9611610740488,32.61542299295398,47.27659454033801,61.545047865445014,79.98514330843498,86.14564653883414,84.99075464040607,83.39240566544571,82.23424336669098,80.82513198147576,74.66999053448325,72.69918819341369,69.56571133490512,65.02678638584665,62.507056145850974,60.62360860255708,58.95493107103238,59.19097297241235,58.154072658265164,56.17224638727819,54.48213779064971,52.99575803034135,51.448936115022974,50.003516352925736,48.900291501496135,48.246566059805886,47.695428695242555,46.80742359518915
341,0.13975468532619043,10.0,0.0,0.0,0.0,0.0,0.0,0.0,0.0,0.0,0.0,0.0,0.0,1.24757589032389,7.496969566536384,12.721012299301591,20.564991080354424,33.52495170584607,47.66070157742936,61.6932325233626,80.68731887221993,87.40260561168742,86.12735180912456,83.65767483992171,83.94449224736144,81.58832269446275,75.39673114475814,73.0367709764335,69.7534674571674,66.57752806096468,61.51688206262101,63.5940029799827,60.81450268528009,57.319073217806476,56.71022763003299,56.92641533281857,55.66927782897791,53.54209291211509,51.59308678757269,50.0299069510743,48.865567352482216,48.105965875572785,47.71997924481406,47.67443631862591
342,0.10791242195368042,100.0,0.0,0.0,0.0,0.0,0.0,0.0,0.0,0.0,0.0,0.0,0.0,1.2264318111579458,7.458039355865225,12.749527623296952,20.58592705236603,32.7974730695977,47.67513929405887,61.848277570476256,81.526392331749,87.39035152535911,86.08547086528104,83.95104210745305,83.89867396533022,81.83235111551004,75.81586368012155,73.79258241906531,71.4401999085913,66.42083575552654,63.092411596889924,63.0496123374814,60.23202718604251,58.03326377881646,57.18614139529948,56.60714142745354,55.40597945777767,53.72666459296718,51.92893458156957,50.27471458662816,48.9795170652631,48.21950641171739,48.091488011210636,48.69236436354905
343,0.2540907942033737,100.0,0.0,0.0,0.0,0.0,0.0,0.0,0.0,0.0,0.0,0.0,0.0,1.458117275438203,7.751965432901681,12.553130861240017,20.440784382861157,33.09697004697169,47.97639070653969,61.99105127329946,81.91329045603874,87.75271784751756,85.74012632719312,83.70950023065357,83.34773602121739,81.93952829052694,76.16755143902321,73.478685154135,71.86786495223872,67.21937591681458,61.79811773693599,60.42471525336434,59.16476027863522,59.13788373808525,58.8724391980368,57.78662127322169,55.96747657237605,53.846257111718266,51.81929392172307,49.97107351291158,48.31147979868473,46.96549600997172,46.50824836211728,47.64417651666276
344,0.25253242967425066,3.0,0.0,0.0,0.0,0.0,0.0,0.0,0.0,0.0,0.0,0.0,0.0,1.2675616102422889,7.906813092869495,13.445835642243534,21.16509429260047,35.17429127519933,49.92913593803153,65.0032901646541,84.76890729741528,91.57067445017319,89.64027751995717,88.0409606669368,87.20860466953897,86.43512975646948,78.74224071857323,78.33474432615328,73.49638560688942,72.5549187441236,67.35808361472026,66.84849760034153,63.067674772170754,63.56796793594198,61.88317769741855,58.827350383298864,57.29098821065469,56.51543294076539,55.333862423186254,53.9367095762047,52.809089312659,52.334129473611824,52.637052190900604,53.81063057399429
345,0.32880682898282243,0.1,0.0,0.0,0.0,0.0,0.0,0.0,0.0,0.0,0.0,0.0,0.0,1.5916301293283648,7.608173330676133,12.323638303743621,20.511794459359866,32.39485043422221,47.7145046173983,62.57840860339907,79.8882785783418,86.33248497455932,85.10490441537094,83.70325101676522,82.36245363191289,80.90774798832766,74.83768750434022,73.18333302950388,70.83740865943797,64.64136185753182,60.01334817358053,64.80249637554721,57.90716715092617,59.809336792183494,58.623587369906936,54.51827411832104,52.29567084981159,51.395498387796366,50.526938516580366,49.56447107468454,48.6520654344772,47.892204101664326,47.259564153609965,46.70052413560168
346,0.3091054800137636,30.0,0.0,0.0,0.0,0.0,0.0,0.0,0.0,0.0,0.0,0.0,0.0,1.2730876773171846,7.2628076388742375,12.168821548617927,20.02349216992151,32.16599408609916,46.13185754138092,59.893383815174325,78.63788858203516,83.90902144435984,81.70691774833418,81.74748592225517,80.37814022616915,79.29580484391245,72.90799641636147,71.66782692719177,70.8030905471519,64.36150309979999,58.10138025555895,59.3480331945783,59.193119401323806,58.496662952875575,56.568885909493424,54.29765684349347,52.83262977446092,51.80520356458308,50.6608225801076,49.34057725571729,47.90186092562527,46.50230642797489,45.69237304477081,46.100906028312
347,0.26592464208058847,100.0,0.0,0.0,0.0,0.0,0.0,0.0,0.0,0.0,0.0,0.0,0.0,1.3844646487140342,7.746643065700046,12.90310578943444,21.382113845001214,34.50278741579299,49.01469437828246,62.94119694705477,82.56983398918663,88.71247318243033,88.14111722692881,85.9916790711891,85.87869823361859,83.53321930689157,77.13222816262765,75.68920886374613,72.90047646491772,68.39770697484575,63.69261153698918,61.30914299963002,59.27957308921181,59.25787612079676,58.89266135283455,57.6655164508506,55.95073739779407,54.18862559345853,52.719783933806546,51.567607794852286,50.6867743392569,50.09246920862567,50.02073812340808,50.77363610053192
348,0.1090448256119073,30.0,0.0,0.0,0.0,0.0,0.0,0.0,0.0,0.0,0.0,0.0,0.0,1.3377599070618553,7.7064740251703725,12.845155585001047,20.708424846111825,33.532455678042055,48.242068893348495,62.38745597724302,82.0401716579531,88.20909828562624,87.76634788133188,84.9082932340328,84.52655016536731,82.7499280805197,76.48758411534284,75.51211518374112,74.7666732427126,67.32312466782973,61.61681584486549,62.65528018013684,61.668670895041544,59.42958225885351,58.727508277820625,58.4065534198731,56.96989338269307,55.02041266651488,53.392186627113496,52.06643686693207,50.842666471453235,49.6630988148177,48.96190116109535,49.27967434025254
349,0.15857508043750745,30.0,0.0,0.0,0.0,0.0,0.0,0.0,0.0,0.0,0.0,0.0,0.0,1.5492497760976565,8.083880671048691,13.091703712318663,21.73137855406885,35.01739398937412,49.71289060877246,64.67720460918513,84.24877278239133,90.6578913331926,89.640512648838,87.42772682267247,87.3966492931225,85.2843570870515,78.99606452495341,75.85993353424799,73.85419740347483,68.85964342967978,63.78244210485025,65.48623298446752,64.36416868914976,62.38283073786495,61.052196193101366,59.62481196673355,57.48128075869571,55.26268616104659,53.62324460726878,52.41753522082843,51.34278225802357,50.2669874437008,49.636668593644295,50.026524688597256
350,0.3382943226783071,1.0,0.0,0.0,0.0,0.0,0.0,0.0,0.0,0.0,0.0,0.0,0.0,1.820897141905016,8.583982992394635,13.447175492117376,22.586544275588587,35.65770500452077,52.61158844734155,68.071472528223,87.69596079590693,95.55366389860227,93.61692715204578,91.7107820064413,91.34741123619628,89.53216429845567,81.49356380167148,79.82755584579719,75.62432038649709,72.69938106758282,68.92217862087647,68.6277472843533,66.67115152418846,63.64643161567522,62.23556125724184,61.952914962711155,61.67484990958147,60.59680969927632,58.34980379751638,55.79080491850127,53.93664556741425,53.367021254314736,53.41169720523075,53.12360045753596
351,0.2189510275419532,10.0,0.0,0.0,0.0,0.0,0.0,0.0,0.0,0.0,0.0,0.0,0.0,1.728590266031041,8.03208786092879,12.486994927823257,21.039904850142992,33.66934516491302,48.27540816532441,63.16871962170496,82.93654327292558,89.12832623308954,88.34725565495035,85.7129481397071,85.87204027178517,83.60419788529984,76.85485839084994,75.21477533668286,69.23279621848654,69.00345331010756,63.2821890781204,64.01926222677744,61.81341539687972,59.7346976308928,57.493616546861624,55.46863148283537,54.39239142694967,53.81444116348847,53.13260023004065,52.130661879386935,50.69832082930065,48.97860912228809,48.00397169615478,48.977735298870925
352,0.1996175670910124,30.0,0.0,0.0,0.0,0.0,0.0,0.0,0.0,0.0,0.0,0.0,0.0,1.2930436626575397,7.2971292610106735,12.122295417867608,19.786894144559753,31.872207596796617,45.23272861301547,59.40771880588264,77.51850647665502,83.53577116302488,82.63759392885297,80.76972290890585,80.13340887009721,78.89053341985498,71.97796767285281,70.9384795149499,67.11074168680562,64.25935589361312,60.916469315548596,61.593614918616055,60.79930663098929,56.7386692861126,54.55345212104483,53.95952740933528,53.47226043127291,52.72613701128838,51.6514566502215,50.272053120303724,48.63607010204434,46.939886871181464,45.931616785682046,46.458695893184135
353,0.23412661944790422,100.0,0.0,0.0,0.0,0.0,0.0,0.0,0.0,0.0,0.0,0.0,0.0,1.314038276350767,7.586995244889231,12.74783309638263,20.89037426174407,33.72873264184165,48.5428565510295,62.73870640299887,81.435747191474,87.3370219678994,87.52258903725888,84.85502404024976,84.51614541830185,82.70017608821999,76.20692348070159,72.59637960713374,70.9275615831623,67.88992380555501,64.86149077220652,63.42080161076363,61.82342826048003,60.81188525336219,59.23626871043522,57.30571139519164,55.610562529296814,54.271384196140126,53.24636069690399,52.28789765036567,51.11472214260223,49.639539441604725,48.44111131748064,48.20990357716301
354,0.2571136473448407,10.0,0.0,0.0,0.0,0.0,0.0,0.0,0.0,0.0,0.0,0.0,0.0,1.5447639470939458,8.225280187817878,13.338755590832447,21.712849572906258,34.886427776818266,50.37051077420947,65.41455670538953,86.89591285702461,92.09454269240568,91.39137913233597,89.3613959953558,88.64499538959527,87.35004749085051,79.65018149430712,77.62943245092549,75.94264105511867,70.69898340423877,64.64144965078883,70.63323682903462,66.24778976460154,64.16397336137089,63.0630194616959,61.21669187239196,58.74291958036678,56.47651434616171,55.06746949369079,54.16198932584643,53.21225593233081,52.03907964096818,51.772603013753645,53.890711392576655
355,0.21712366276269565,30.0,0.0,0.0,0.0,0.0,0.0,0.0,0.0,0.0,0.0,0.0,0.0,1.2695094874131392,7.478115576349595,12.675572107771902,20.76836469200039,33.20855681560883,46.96843728234955,61.22288103373619,80.73958637314797,86.72194093572166,85.93244759969608,83.14187975214831,83.05915914779172,81.37113921273442,75.35683099824377,73.8657106357845,73.3912079320769,67.88236918910258,60.89144144593684,62.25137410293995,62.21170001826752,60.171467956269076,57.944455524780274,55.97806426974776,54.38980618584897,53.037814400193945,51.779379756002456,50.6590661495086,49.76008493629644,49.18633187543102,49.14332877754648,49.87486720034548
356,0.36405992174753865,30.0,0.0,0.0,0.0,0.0,0.0,0.0,0.0,0.0,0.0,0.0,0.0,1.2860770813183857,7.6001287767787735,12.820778216494222,20.58211401036657,32.508757723541066,47.05853129196739,61.11250628318768,80.00593496188765,85.55891071164747,85.41368128954501,82.42777453112338,82.80589619521098,80.6744497115914,74.51455118924717,72.07366445651253,68.6562022149579,66.96354288719601,62.233638124056,60.21050271862687,60.162399439928976,58.97859764134238,56.31948884943027,53.66180848254994,52.15164149728936,51.35027834156374,50.6515085434613,50.017414310053084,49.54273655734487,49.3094864983129,49.36233907332639,49.740652633949956
357,0.24133269651259273,3.0,0.0,0.0,0.0,0.0,0.0,0.0,0.0,0.0,0.0,0.0,0.0,2.1032288027309796,8.073550277665273,12.056857211878752,21.9409118813658,33.18799339524154,48.65075927960542,62.825624370637485,82.43831845181181,88.83624368212732,86.78313031109619,84.83392740158446,83.92202825145422,83.55159053137474,76.22468266623666,74.12785404408795,68.54038716852968,68.30339901607068,60.951786315219955,64.94309309756821,60.447078373165425,61.045022568243304,60.44470520972522,57.91952913487371,55.81144024967197,54.19310544805509,52.70644689068527,51.23877226613725,49.73888198910774,48.308798893264154,47.6179283769673,48.465751517639205
358,0.25153991596386577,10.0,0.0,0.0,0.0,0.0,0.0,0.0,0.0,0.0,0.0,0.0,0.0,1.2381377807785707,7.932287580581644,13.56888484654127,21.05501453725173,34.86796824030586,49.734622246872846,64.11806932365847,84.68736741938541,90.77296521160137,89.34358346282647,87.68027918521052,86.76805930337584,85.52011414598631,77.66415198996796,76.99768511695682,74.44670779153593,68.68553444634648,62.63370731367943,64.86497480534001,62.61348696474959,61.269855700068774,61.89347383173115,62.208860204371874,60.43077450697823,57.4951485882087,54.701497549603886,52.48867662125596,51.07382501312322,50.54263234131825,50.49988498090062,50.44710288406514
359,0.26995607726614473,30.0,0.0,0.0,0.0,0.0,0.0,0.0,0.0,0.0,0.0,0.0,0.0,1.472378286373909,8.307112399055645,13.781275953843203,22.430225573560016,36.32281144996778,52.04187627473306,67.06453047163916,87.72038057111398,95.12504247301905,94.0669952717352,92.21578440829146,90.9488896069562,89.40628539918802,82.43041855197652,80.72111453358042,79.44887322435345,75.33590958871171,69.36551039572407,67.56962184890358,66.72126977139445,66.31809336443793,64.80464111151416,62.76092038717996,61.16433282755828,59.95405790065028,58.83695736563679,57.5041055359255,55.666303363191176,53.3545243465542,51.658610719307944,51.81173727810726
360,0.2586580420662845,30.0,0.0,0.0,0.0,0.0,0.0,0.0,0.0,0.0,0.0,0.0,0.0,1.3035736934564124,7.496416786335909,12.523303948842242,20.30120143195478,32.791655673385485,47.881149221374386,61.859506320391965,80.9519586065481,87.1985965939684,85.80149587284001,84.02650017651032,82.66697398824395,82.13868448870373,74.97947937387362,73.21391942998137,70.44649477672291,64.54213886870538,60.1442918290074,59.631691017365064,58.890725045478376,58.10164823508078,57.234444740034796,55.910242910307495,53.98669645044711,52.02086672318513,50.53905156465968,49.533152844756565,48.88661565211618,48.60385370896652,49.12920270103989,51.068833873641225
361,0.13734092528418979,100.0,0.0,0.0,0.0,0.0,0.0,0.0,0.0,0.0,0.0,0.0,0.0,1.3140695181014936,7.671837386744046,12.947176596012792,21.127391940884415,33.63189176269682,48.19836193659721,62.20699062861536,82.08854828524913,87.88664788370235,86.41903387340247,84.62159143408029,84.33979076823256,82.48203774072788,76.2966401663131,73.539412056583,69.65124623813688,66.18852157262099,63.05966554769834,62.37691927610741,61.24812429383064,59.89741130514322,58.64155975080275,57.31757015075931,55.78930722991646,54.169155954334755,52.59895692685061,51.14294936978734,49.84270865336011,48.80813792529076,48.4302738075824,49.179079782716066
362,0.21641520354743476,100.0,0.0,0.0,0.0,0.0,0.0,0.0,0.0,0.0,0.0,0.0,0.0,1.438445443055043,8.121740444752035,13.480224832898319,21.891401623582055,35.13844515316831,50.64030096871935,65.77940304909157,86.78723260618361,93.48236542641244,92.22882048358099,89.44172745861653,90.03901479264802,87.42186407517755,81.03811081871721,79.27224501910531,76.88766331460674,71.67496349359789,67.37619357936083,65.4164243825298,64.17420379465533,64.42211272575972,63.900856784566265,62.177897984046254,59.67430356144936,57.01886695647419,54.73060127415783,52.968476614802974,51.807772183065815,51.291424099822635,51.325879894726505,51.79745865182352
363,0.17514753084562845,0.3,0.0,0.0,0.0,0.0,0.0,0.0,0.0,0.0,0.0,0.0,0.0,1.237490065872729,7.528536382755848,12.81150933109918,20.23347025284976,34.117585737336185,47.72656186475328,62.81503068750152,82.15156938257934,88.60514530792675,87.40369069703861,85.34834180491725,84.62398966183667,82.84646430197908,76.5865651894228,73.56070201137904,72.01055739766016,67.52013284353606,61.23469550198498,63.80061701874829,60.590365740029526,61.27143029985443,59.91336461968812,57.003293360762505,55.310408595139606,54.139444936160814,52.44434432111705,50.56412382126443,49.10466436236763,48.44269569086123,48.29586844574606,48.24268865607189
364,0.15499182624429278,3.0,0.0,0.0,0.0,0.0,0.0,0.0,0.0,0.0,0.0,0.0,0.0,1.3521539360548465,8.006410726532671,13.374805560811579,21.16153230976003,34.7338883465797,49.54012935942356,64.48551044429176,85.30714024421147,91.69370822313884,90.28448515473077,88.90527572555646,86.71544280227637,85.82883934970877,79.09150709756864,77.23443614584426,74.5057832214212,69.12399510838712,64.78820742127553,64.94326235502443,62.260611476793734,60.4069652225623,59.96715166237314,59.526436206131194,58.02539982680632,56.01437442476378,54.225429134659684,52.77488309643843,51.639139062415225,50.803429560872196,50.27286630321836,50.06046044965037
365,0.14733214148272766,30.0,0.0,0.0,0.0,0.0,0.0,0.0,0.0,0.0,0.0,0.0,0.0,1.423799510663847,7.667002358873399,12.524160838517941,20.628931191397946,33.67866432644674,48.24640346009762,61.97997325623227,82.04822670895562,87.62065301145388,87.24161723878092,85.0045154145395,83.82380714602486,82.12574570612487,75.97265165958035,73.04213058018536,70.49748079160992,67.61775069988221,63.99962717513907,60.958478323731484,59.91835740822231,58.996843666229545,58.13453965099541,57.287584054174054,56.24866922045591,54.85508471202221,53.071772116139925,51.260606976423475,49.83276217053382,48.999508555153,48.34509946311855,47.32972401471231
366,0.3377630332812669,0.3,0.0,0.0,0.0,0.0,0.0,0.0,0.0,0.0,0.0,0.0,0.0,0.7894571025315158,7.213823109135044,13.615714494665987,18.849977327012617,33.66672130335865,46.744936074783304,60.88648531815279,79.74643606103324,86.56187902865082,84.256582533356,83.98845563777223,82.29137252155712,80.27080837942508,74.496921669584,73.45790767299759,73.02162738016202,67.68132410844149,61.19272913219214,65.47956770594412,58.693129797543754,58.85971162988112,57.5386699697599,54.36947703302602,52.59172664708402,52.00586612591156,51.79542036972165,51.427426112404895,50.44588403421999,48.68386552912729,46.950572193609915,46.18496546080886
367,0.23191931864765758,100.0,0.0,0.0,0.0,0.0,0.0,0.0,0.0,0.0,0.0,0.0,0.0,1.366683793919466,7.268792383273733,11.810097686041843,19.452909205341683,31.867332799500037,45.90708686564489,59.062574642604474,77.0222037703418,82.80962124551087,81.94962986177768,79.98331460061547,79.40296061072694,77.63871389948864,71.87786653219644,68.89262922084573,66.36902169743684,64.08783202518707,62.17682529706594,59.598088530618774,57.1766360152612,56.81144146881533,56.66022993619995,55.92537956845272,54.48740349652568,52.6842791298965,50.88146312563794,49.2143305294783,47.755509023914286,46.54374909051141,45.51621977183301,44.59231526250471
368,0.19284472994683483,3.0,0.0,0.0,0.0,0.0,0.0,0.0,0.0,0.0,0.0,0.0,0.0,1.2053923423830974,7.514093564650785,12.89052157307413,20.651606437767345,33.87323874667774,48.17453889305282,61.77677217930519,82.4690500305444,87.5991095057569,86.59749241862438,84.69479215404694,84.31367485079141,82.11883057333498,76.19095263694695,74.0723124986095,70.17869442003345,69.00424665409112,61.0065900411606,65.81950173657391,62.58615822913669,59.69741746714107,58.414561916781715,57.38300180231231,56.02226627997879,54.45107322122166,52.88076033911093,51.285104444098934,49.58890480246743,47.94411446342808,47.33248660111162,48.947913425510684
369,0.4224152768262369,0.1,0.0,0.0,0.0,0.0,0.0,0.0,0.0,0.0,0.0,0.0,0.0,2.9820977373780932,8.190818908973847,11.522834508281784,23.23939726494788,33.18573066839617,48.35238400698874,63.43802929289381,83.9248104084856,89.74697501894143,89.15394111364228,87.22989043387399,85.53790250706275,83.70682568843131,76.94658371665828,74.81613640801143,70.38696365424644,67.6155654368967,61.55234275857618,62.38881160529586,59.637611824065246,60.22693434872028,58.821297105835214,56.46958445162253,55.909523023564375,55.68672639619565,54.0151418315392,51.540534789826374,49.38968761300977,48.331274180739996,48.33446267860889,49.24045648079035
370,0.26821545460781293,30.0,0.0,0.0,0.0,0.0,0.0,0.0,0.0,0.0,0.0,0.0,0.0,1.3636383596636072,7.7808148177459,12.890554919334768,20.713912647273588,33.87917303092037,49.17350762452967,62.65529859545703,83.00619169078139,88.55404003552512,88.03786757194138,86.39876641811469,85.58052751294858,83.82253214803235,77.27721658689104,75.36575699605953,72.27631262818441,64.94666483644258,60.640719556406246,64.12252724458291,62.89825445383797,61.252898855687484,59.293218414194655,57.26068193635744,55.8183439793975,54.71837814854687,53.61148523206968,52.4919523837694,51.43133435049107,50.52952399222561,50.016417117979074,50.15234866382694
371,0.1470818372383321,30.0,0.0,0.0,0.0,0.0,0.0,0.0,0.0,0.0,0.0,0.0,0.0,1.3153407160390709,7.3754974182334,12.12603410540376,19.47962071043194,31.916800496264095,46.26400487323977,59.6245266826385,78.4617822604394,83.60368872155524,82.43174200250924,80.88949984038746,80.2857745238147,79.03727236859653,72.51726410579663,70.27777346422813,67.87569155327553,64.835986290579,59.92655176065956,59.87426665948105,57.50075630659449,55.633408298539486,54.35780994654398,53.449325192170356,52.89937299753836,52.1800547226029,50.81894435290799,48.99191516949254,47.01152884736043,45.32881451375116,45.03819481138012,47.476386828602216
372,0.33268561770579475,10.0,0.0,0.0,0.0,0.0,0.0,0.0,0.0,0.0,0.0,0.0,0.0,1.1363914329711957,7.213489216596527,12.409206868475527,19.621878141876874,31.94748531901886,45.56659849533044,59.426672661607945,77.46220627277326,83.24124858314192,81.74717176649933,80.89203581669855,79.41950806825152,78.5678181816284,72.2368988472355,69.74539596789059,65.6596659509837,63.37072637692931,58.038329840411386,62.14993362029875,58.783314975774324,56.90745892643072,55.21941305865177,53.292044930958824,51.90381499767293,50.832150202962644,49.77248933378836,48.91646028160174,48.56044366610576,48.78331800004857,48.80274898078599,47.62972987130605
373,0.3040583240284569,10.0,0.0,0.0,0.0,0.0,0.0,0.0,0.0,0.0,0.0,0.0,0.0,1.1847450616686477,7.2901312283250945,12.435422302329945,19.7171881379512,31.313523546731698,45.43829426592307,58.81212598260257,78.13596641373996,84.15694289753674,82.5557965471836,80.56432683235019,79.28825729062969,78.41154348444555,71.84501544987764,71.04691784677284,66.99154150477978,62.78462252854632,59.189793222078826,59.54855987509226,55.630291344528914,55.01844867340487,54.32371695770033,53.07092545365639,52.226904957563086,51.38942432367042,50.063232433587245,48.57293214974743,47.39914765991867,46.831330192965,46.56628142411729,46.171616563460184
374,0.22218170132832074,30.0,0.0,0.0,0.0,0.0,0.0,0.0,0.0,0.0,0.0,0.0,0.0,1.3581208041266448,7.344834950495429,12.006982962308697,19.703016959217138,31.940554426886028,45.599601387647255,59.414436753725624,79.03870057768562,84.79574563969435,83.77307127037948,81.85876169560747,80.67328108349152,79.41861479299922,72.91135399094078,70.08883553035895,67.6387112120078,63.64958094948324,59.969876993687706,61.82509983352675,59.08333811202569,55.6507396925206,54.39593394693625,54.10321381820165,53.3289378448491,51.9342348953371,50.16931871728297,48.510038784274826,47.43381757821349,47.21103900646055,47.43272100778872,47.52858707618661
375,0.1931674820341122,30.0,0.0,0.0,0.0,0.0,0.0,0.0,0.0,0.0,0.0,0.0,0.0,1.4757232041904311,8.009628896896437,13.063842620627325,21.218095461630746,34.42527318917268,49.953329952155435,65.02435130130274,84.6570636471006,91.56529930552878,89.90830773410399,87.58903535187729,87.8472590660132,85.65829301796877,78.4173660093105,76.75659423016509,73.32367654427468,70.18886416462199,63.18695116942886,63.33553096921074,63.34918923474471,60.9456337943867,59.32564992448874,58.406917872584216,57.34066542123346,56.018830297614194,54.514909854064015,52.915589256682416,51.30348141718547,49.94666681600903,49.86042569450352,52.321948251941116
376,0.19737471556850583,10.0,0.0,0.0,0.0,0.0,0.0,0.0,0.0,0.0,0.0,0.0,0.0,1.370982145495081,7.452390237238441,12.248757215450993,20.286211235954823,33.06355589418829,46.95178144379484,61.47883538783033,79.74785399143826,86.03519785679448,84.51354868120596,83.22005334280378,82.34068580242683,80.98425599832179,74.61671834999021,72.15814868797678,68.01878326218883,68.28272821059477,62.56259014917052,62.430785784957116,59.71784751916242,59.903366461400594,58.744633338261124,56.20309733950075,53.969550685799604,52.324799448707424,51.201585777661386,50.417509450737256,49.77563142441612,49.20804272556245,49.11647425279113,50.027713571893955
377,0.1805845857823739,3.0,0.0,0.0,0.0,0.0,0.0,0.0,0.0,0.0,0.0,0.0,0.0,1.1555291033229649,7.160483075874039,12.229558755225357,19.43710838702263,31.661279908681752,46.016195247713675,58.821409093898055,77.42041738160565,83.50820999905221,81.9832697570589,80.52743618950811,79.64816675400115,78.38763628630468,72.0604064855718,70.83509038004827,67.46015391423438,64.57922300928824,57.74108599676435,61.10573434656381,59.6921542115498,57.86479722531433,57.182597764791566,56.34069061723174,54.46343949529262,52.24795235537573,50.47595906604927,49.119072712852635,47.98364094457931,47.02379259831701,46.70366628888794,47.62104182992487
378,0.27928491462869476,0.03,0.0,0.0,0.0,0.0,0.0,0.0,0.0,0.0,0.0,0.0,0.0,1.5226953845257347,7.683645029985762,13.105501690798906,20.810716299320195,34.59174873694523,49.18811493522064,63.21775862376882,84.12565571785298,90.50548792800922,88.9726121676525,87.36623132546477,85.89363265070888,84.97938121827299,78.56264743444967,75.77501786113858,70.86544923423861,68.21414040969819,64.48856396950268,65.19411358705823,61.393119266136345,62.84279286562813,61.403612497119816,58.357499757840316,57.42902942863536,56.70976257249884,54.018645046001126,50.75945990379519,48.867074676354775,49.29805100538625,50.13711278049859,48.70326604019541
379,0.2558051952462599,30.0,0.0,0.0,0.0,0.0,0.0,0.0,0.0,0.0,0.0,0.0,0.0,1.19645109393737,7.223768502080576,12.290126241645881,19.807677491863767,31.966594707770096,46.79786457035171,60.62973460171388,78.75074338179887,85.06428394437668,83.53991514490485,82.3146915969083,81.3325656074458,80.47595431028033,73.61925196290682,71.48022140314256,69.12976402102407,66.67169404935771,60.877376401148766,58.81150886505489,57.19889404737346,56.6364557070061,57.067328909847994,57.15055530507841,55.818610680736896,53.8229189707038,52.06937935006282,50.57001447585691,49.145228103800754,47.781948449145176,47.04481767844944,47.62471846609823
380,0.20231727421710774,30.0,0.0,0.0,0.0,0.0,0.0,0.0,0.0,0.0,0.0,0.0,0.0,1.3149527439548578,7.958862033673693,13.535916958388793,21.745577020901134,34.99186765563517,50.88670743037615,65.37208266574164,86.41437824080658,92.05843073751493,91.51745342525885,89.56758798186698,88.5335708582285,87.57753308421853,80.4071885367072,78.3607260245434,73.52271556000663,70.6279098607818,64.92616395557454,64.17375188431612,64.06785607500389,63.392795786766506,62.225057002008235,60.451575234724345,58.10405461585373,55.71868104470524,53.767408430627846,52.24744511407628,51.060139941702296,50.21236460614839,50.083878666429314,51.16696533139365
381,0.1808890415817986,30.0,0.0,0.0,0.0,0.0,0.0,0.0,0.0,0.0,0.0,0.0,0.0,1.3549068264097077,7.640729243394772,12.78296531592791,21.11400279464665,33.3582625000477,47.866057022477946,62.82355326800449,82.44145734730118,88.31573452948018,87.72217756172977,85.47871909251869,85.0099299386121,82.96482065366756,76.94490476007972,74.71856043727367,70.0361179390826,66.36563311917718,62.83690487849268,62.27896180257816,61.973437115787775,60.031363902348964,58.197112960190445,56.711505011513744,55.265708190059065,53.625924285376534,51.70476285202213,49.8450700924397,48.44443107165829,47.74574290012289,47.53685456547544,47.513130081909495
382,0.22853116151723057,3.0,0.0,0.0,0.0,0.0,0.0,0.0,0.0,0.0,0.0,0.0,0.0,1.0519736196062845,7.876477650589624,13.94511339026451,20.30962865765562,34.756997978744664,49.28080098853338,64.01811105971257,84.25862689899567,90.65105440959994,89.31254663141102,87.5073792184148,86.96624452497296,84.23069556644415,78.58698954629907,75.69835393951536,77.660362015683,70.77657570157216,65.16384015794632,65.82105150918437,62.20572992730948,61.7617620168031,59.97866059912036,57.58649636529294,56.79111737873014,56.43958737967152,55.11349315664592,53.27285418199872,51.76912724824868,51.15833081845483,51.15713162276274,51.30105833886702
383,0.3370015599011345,30.0,0.0,0.0,0.0,0.0,0.0,0.0,0.0,0.0,0.0,0.0,0.0,1.4323963248248366,7.97952243678098,13.115376048228363,21.22793762753162,35.14259705838467,51.51700666175608,64.82504744561017,86.24385866948568,91.68380002077275,90.1791471245597,89.04753127822428,88.11643567437892,86.43055646807264,79.17875777104273,77.42494075762382,75.19569988621714,71.07025722751352,67.01107014196322,65.78602728574332,64.28453574244479,63.798038877745704,62.10132602790653,59.8339091959732,58.26090486932336,57.20207386928817,56.22747408671486,55.13367550051698,53.78049661848281,52.262643695617676,51.522561128360664,52.69102090942969
384,0.17885935670886252,10.0,0.0,0.0,0.0,0.0,0.0,0.0,0.0,0.0,0.0,0.0,0.0,1.3415600302340893,7.35255388893496,12.074072792889007,19.8311330876715,32.643378138888814,46.660349121889034,60.32741198840005,79.009319692205,84.58372034657084,84.05727905362866,82.53702961802699,80.88411921283043,80.45925226842579,73.21719835910784,72.84213641514722,71.40201157538901,65.19334687119692,60.07059255672412,59.409740398717716,60.401053192465376,57.879050029726955,56.35027617873296,55.46700500425865,53.664109638219955,51.66509353290948,50.35981111183377,49.53234493976587,48.742782321184386,47.76153619208764,47.082980115964006,47.35557783154386
385,0.19597261897096618,100.0,0.0,0.0,0.0,0.0,0.0,0.0,0.0,0.0,0.0,0.0,0.0,1.2861620761651285,7.430237482210384,12.467937995268388,20.369771493966052,32.90037947979084,46.94173465479769,60.856726476413655,80.49174715043478,86.51528924189924,85.49665871466088,82.9195867860485,81.96556595507847,81.12649006567447,74.72313862228083,72.518479530288,69.98262850058187,65.69923534085808,62.38946495458124,61.29772230887977,59.42666670701704,57.84841930866553,56.74003334794155,55.62646647677409,54.1870138294279,52.69606888952934,51.48311918959717,50.63328123685514,50.17705092513307,50.029261658411144,49.626843860929554,48.31109010085765
386,0.19659997068895393,100.0,0.0,0.0,0.0,0.0,0.0,0.0,0.0,0.0,0.0,0.0,0.0,1.3048950706507052,7.9253564184246095,13.545971097163802,21.908954043326208,34.99334205045826,50.70728548132496,65.5680557498862,86.55874373239179,92.2159587125199,91.15988605136468,88.82908082043033,88.75336632238819,86.81383849656449,79.88516202697171,77.3167421006764,74.90088417556291,71.53047300576397,67.70295562188772,67.10947589500861,65.00778754600795,62.398365841128665,61.204174616905945,60.721701302889514,59.932132926844986,58.71208885509634,57.17473773954893,55.487405927214034,53.81590135099712,52.28146014723389,50.89174249659262,49.62895895832459
387,0.12318661878280668,100.0,0.0,0.0,0.0,0.0,0.0,0.0,0.0,0.0,0.0,0.0,0.0,1.4261118942254838,7.788149274784466,12.720278369765323,20.60291592725589,33.353416208241214,47.791846749153784,61.945323777930085,82.03618846999181,87.74621950623694,86.18495795297994,84.61748865059221,84.01378135597227,82.48372534737449,76.45508634459772,74.14904642333236,71.2598165346237,66.86743957000951,62.75144200314929,60.973726075408315,60.19769085289389,59.90174244355107,58.4775496859178,56.522003780124045,54.979142349885606,53.74040966841898,52.524233735313516,51.259974973161334,49.92861854616468,48.57945414206723,47.51501047629261,47.077749295033165
388,0.1652357563773749,30.0,0.0,0.0,0.0,0.0,0.0,0.0,0.0,0.0,0.0,0.0,0.0,1.41098888869418,7.754750918199506,12.58930430027032,20.04863360356627,33.04725294873146,47.822602369691516,61.47078163775665,80.28288200321425,86.25644845538142,85.2311644339403,83.04283306888534,83.20257037038547,80.9986174074046,74.8890986530746,72.47732617917129,68.31716868033777,65.36114372753839,62.600427835907816,63.2409122503563,61.45034648410506,59.357083054302706,57.751445412067696,56.335940671206174,54.87888255503642,53.32496973069457,51.704681178786245,50.20924174631286,49.04801480023841,48.37308074026251,48.17615813468616,48.42179656350611
389,0.21005105295486087,100.0,0.0,0.0,0.0,0.0,0.0,0.0,0.0,0.0,0.0,0.0,0.0,1.4939373427529679,7.936409002508673,12.841979223435516,20.97292197368738,34.30307359056698,48.982353440144415,62.806404145407654,83.12978852007087,89.15140484081223,88.1076176703863,86.12711284362692,85.29858466786676,83.86308025316404,77.31082401177572,74.71328381275886,73.6027015254632,69.151307875352,65.55912741419645,63.53270684636994,60.978807153789084,60.152726197879176,59.55335831996796,58.346392726044684,56.373946444447014,54.01402748999801,51.70629849399949,49.7619277114383,48.43254671006438,47.92864967806951,48.380051157706355,49.94701946345702
390,0.20082449018208134,100.0,0.0,0.0,0.0,0.0,0.0,0.0,0.0,0.0,0.0,0.0,0.0,1.4891682024778463,7.996873630294237,12.977213082425093,21.02199067427063,33.989277482539656,49.180256755704804,63.39928252055118,84.00538857277782,89.62832382901277,88.08048980897811,86.89583958075201,86.27335024853897,83.81288273144685,78.01896166295738,75.53669579896096,72.6031475454168,68.14588747615339,64.55644403474805,64.43503437409801,64.64780467690572,63.546284729443734,61.745766539666064,59.657655758904085,57.5269547901823,55.619506312696124,54.108917757946756,52.87790083353332,51.75497288583527,50.696493445049185,50.10831241260347,50.49795321893191
391,0.18544448307737402,10.0,0.0,0.0,0.0,0.0,0.0,0.0,0.0,0.0,0.0,0.0,0.0,1.3535475793434002,7.499358605145768,12.384499633901518,20.29544426502935,32.906981529349125,47.7429482485222,61.43226737269442,81.42941663242469,86.80240577193113,85.80369553912494,84.11193615854332,82.90262945239581,81.81102062496326,74.64634961044237,74.31400134387742,70.58506786714682,66.06180393098235,61.60074499851928,64.60988876446548,64.29538029168766,59.8995231616719,57.48363016588736,56.40555800063217,54.90889076578641,53.11426193205272,51.477793612634606,50.14328605681788,49.1775638654244,48.575249472161246,48.05366628436267,47.27459646224979
392,0.22248119906086958,3.0,0.0,0.0,0.0,0.0,0.0,0.0,0.0,0.0,0.0,0.0,0.0,1.258300968691334,7.759646905171882,13.015539963869392,20.11427596243344,33.9374239214474,48.483154687831,62.83183828343212,82.62123725932543,89.45894659868189,88.01026417642568,85.89910896107286,84.82685959181745,84.31718390655809,76.8394912750166,76.0744465009448,72.71703752659886,71.15258805486862,61.10233636748825,64.70942135644823,61.17953275604191,59.32090229329129,59.550465428598905,59.172657227879284,56.78170835805827,53.97358665422069,52.338894742168044,51.5471160901046,50.89824401453061,49.97351804317042,49.30653241130384,49.63918972870659
393,0.18545694861509215,100.0,0.0,0.0,0.0,0.0,0.0,0.0,0.0,0.0,0.0,0.0,0.0,1.3866471162848615,7.662079793866539,12.53943337863659,20.115690306491043,32.465288481225,47.60332944385237,61.51025126172406,80.48746210712963,86.02884463917175,85.34547300959255,83.02463464734934,82.9218405607789,81.61922192337086,75.24662417507848,73.00011464951191,69.77678217547881,66.55435962774051,64.07088823933495,63.531210426500344,61.3453646822072,59.6693950751961,57.836636170735915,55.81696026707516,53.97610665547778,52.46594098203978,51.33711042163705,50.464710457815556,49.692208927447524,48.941165803845934,48.40630793797453,48.34243335901551
394,0.12719765670153355,30.0,0.0,0.0,0.0,0.0,0.0,0.0,0.0,0.0,0.0,0.0,0.0,1.3880324044127128,7.8901102055142385,13.143892259837772,21.383502218237144,34.33188952548956,49.75123177555425,63.96922636380763,84.81989210574697,90.36389584434588,89.08277986523477,87.23747889844802,86.62315116159714,85.08654437728006,78.34692820041099,75.21761895478095,71.53206900497642,68.13795798515456,63.88860524585436,63.99741004900334,61.04001898450483,59.445541220440084,59.81560610683072,59.90045177768202,57.967620658626565,55.30647357482276,53.406654975098974,52.28455950696873,51.6618064069895,51.23448306708097,50.49210756938795,48.90411827973127
395,0.2063171144026443,100.0,0.0,0.0,0.0,0.0,0.0,0.0,0.0,0.0,0.0,0.0,0.0,1.440344315113196,8.14802054840823,13.447874773629845,21.530077607275967,34.90028461538166,51.00010873482645,65.03952298184016,85.00213537525555,91.85727482299549,91.25917701073469,88.40479943506165,87.86113125114828,85.8632178262413,79.77722634628462,77.29297576693571,74.95255428679252,70.35121234883162,66.36768372211257,66.63320848274114,65.41656577836014,62.95596316632422,60.853754587943605,59.188552502012854,57.74374841605684,56.36172090346503,54.939279439525315,53.50541782692783,52.11566120118265,50.89371158337043,50.24487913270197,50.639489201101156
396,0.28876653445942857,3.0,0.0,0.0,0.0,0.0,0.0,0.0,0.0,0.0,0.0,0.0,0.0,1.6577875608200547,7.807383977885417,12.3097715377044,21.109922195542577,33.52951471202384,48.35057116686031,63.1812824374595,82.33753979967261,88.32423699874369,87.13018252831449,84.64312529571352,84.85964182567767,83.37607756741599,76.72001685268587,73.38639145158349,71.03401673401855,69.60496050244839,60.145428655002696,64.4871198312171,64.38954202465142,61.75801468762883,58.72271208218127,56.285126574643996,55.17354083538819,54.29340485041561,52.574332132719576,50.479417854689565,48.75968229042815,48.00778522327998,48.55192705664952,50.75662659297379
397,0.2050179950931325,10.0,0.0,0.0,0.0,0.0,0.0,0.0,0.0,0.0,0.0,0.0,0.0,1.4587897045972706,7.710030146539359,12.581349697266791,20.84153474904366,33.07355550578894,48.83436872655036,62.71379563737821,81.91361301881376,87.49851952531029,86.65558111273398,84.10189931971337,83.71134213357124,82.82844771686575,76.2229553626047,73.80938552491378,70.01905159779903,67.51427660211279,61.48900617435037,62.62573182572156,63.56879017383584,61.44936657057223,58.365143355616816,55.91719698902809,54.81214553295954,53.937357917031306,52.23953964334032,50.32398185601023,49.09869257430277,49.06373330205121,49.41201019534275,49.0112671910608
398,0.19547890490854222,0.3,0.0,0.0,0.0,0.0,0.0,0.0,0.0,0.0,0.0,0.0,0.0,0.8669487368822143,7.466138592093387,13.698029172038346,19.259831311774136,34.84853063243656,47.92862439824427,62.31439641809535,81.59262045476605,87.5520407457098,87.0019150746745,84.95443997940046,84.06667827747162,83.21019161525172,76.14520348137103,74.1528939251375,69.12898287237707,65.00305147320023,60.623530476204444,61.03196277115266,60.073049234816295,59.520123151570935,59.13048691932135,57.798412128228044,55.09618564996237,52.432927984943234,51.00759168982398,50.33302281660329,49.600464772233174,48.38474030501883,47.58895885957178,48.39652174678731
399,0.15399142843689548,30.0,0.0,0.0,0.0,0.0,0.0,0.0,0.0,0.0,0.0,0.0,0.0,1.396673272250486,7.567798831391492,12.383241875758749,20.267629612007525,32.50671600595316,46.4451083044856,60.21867316874858,79.79644502756942,85.37074946357446,84.32552315498846,82.77504841740382,81.90567690522089,80.40637754891353,73.94811591939497,73.0824434133406,68.89453094282763,63.1913227047727,60.61550428979459,61.13752425272368,58.585689588781506,56.90868645703224,55.7704235378878,54.448459106732976,52.767517706490494,51.0921604407747,49.78751018827115,48.85968837312186,48.239720131143244,47.88119926881638,47.7992341124076,48.02708838381944
400,0.2565962799472544,0.3,0.0,0.0,0.0,0.0,0.0,0.0,0.0,0.0,0.0,0.0,0.0,2.3913449587517555,8.369303089132194,12.34945531498281,23.341009972766354,33.95745844237313,51.22112833117821,65.30233869870567,86.26122977213994,92.25571870025107,90.89982575133313,88.96369775573643,88.47007057521472,86.28310672589372,79.36152059605148,75.66988089505939,72.6716857437467,72.60284665628275,64.11372779829227,68.45369083207615,65.54595986044008,61.934409971137605,60.2297055942783,59.241231346097756,58.042144713308524,56.40599996071479,54.397075818876786,52.49658564909905,51.22500998750111,50.809035414333096,50.48068997729844,49.257941768769186
401,0.15089917137536224,100.0,0.0,0.0,0.0,0.0,0.0,0.0,0.0,0.0,0.0,0.0,0.0,1.3784785289608166,7.60666730671737,12.4649540861613,20.089457957430294,32.42521485583653,47.46143656426424,61.473921510675936,80.82520424555695,86.19146753982986,84.75752886285214,82.81739285038249,82.20892039877238,81.1738788612895,74.606919418819,71.71466956038807,67.30053289870501,64.52926226202892,62.73724594795066,61.685000937939506,59.53919162725916,58.424895282450464,57.393732864623615,56.03228334834188,54.419318389909414,52.85693091200871,51.59202457353891,50.54398294522663,49.5652089099209,48.56747116062588,47.6580903392958,46.98287254559852
402,0.10768851789003389,100.0,0.0,0.0,0.0,0.0,0.0,0.0,0.0,0.0,0.0,0.0,0.0,1.351332386588051,7.845875953275224,13.143059170195293,21.235359777968295,34.161247270658464,49.21504604566935,63.73264071064342,83.76954873290963,89.68414290830066,88.9193638311288,86.59607047827281,86.00580173292778,83.98519675162596,78.19419111868154,75.36335049954282,73.49897722121491,68.97038752040373,64.04987381332037,64.23666903254242,63.685946956813666,61.68026899117853,58.90876582605137,56.37394014084584,54.79968828289946,53.78188947257699,52.80435833025141,51.77687543026809,50.710315198366445,49.71838218160564,49.31682588249507,50.12255520906345
403,0.25198826507503713,30.0,0.0,0.0,0.0,0.0,0.0,0.0,0.0,0.0,0.0,0.0,0.0,1.35736125598425,7.786470713946834,13.075026459449491,21.524377584565254,34.51089464195347,48.85027820437769,63.50885447783165,83.29640600528974,90.4811527437165,88.57680813930271,86.9281414110376,86.00265419012536,84.41973344451631,77.62574162909983,75.83100074982583,74.71479433135163,68.17153430214277,64.00580720842362,65.56618390673212,64.35290201714875,62.44601609988409,59.96653153886863,57.83165374816515,56.9818233203769,56.6746329305879,55.970353531132524,54.608782423055835,52.52445535758886,50.00235243657997,48.48456014611807,49.582925259762554
404,0.15013834036822288,30.0,0.0,0.0,0.0,0.0,0.0,0.0,0.0,0.0,0.0,0.0,0.0,1.4303397982896486,7.620457319043363,12.32947561618058,19.984884157084277,32.345302980374775,46.83336588588989,60.80464453202467,80.15663997265708,85.71040406712946,84.64061352792896,82.26958362223658,82.17951337985487,80.69901160676883,74.73886090433736,72.71122446323041,68.27270978290213,65.01569782073317,60.77716986185309,61.407546290608664,60.52992472540569,57.841782580261174,56.192451989680976,55.15414559683416,53.76302089258314,52.03353795095152,50.22766188050845,48.686236364021475,47.737201527879115,47.496593809701096,47.308574118197654,46.34374621238332
405,0.15848108321867677,30.0,0.0,0.0,0.0,0.0,0.0,0.0,0.0,0.0,0.0,0.0,0.0,1.3101934070850316,7.496756045805434,12.458418951953535,20.072064406977486,32.56091433512992,47.28460451660324,61.29544610003684,80.15962642532406,85.73468938937111,84.53067673428136,83.02033237980518,82.48856629912345,80.36594762035133,74.93009876120442,71.41033689975558,69.58663656406029,65.8884336980431,59.58554211367619,60.32460496957403,59.82896042222367,57.32030189847416,56.42653293731547,56.274135948282364,55.26824237566149,53.54333548230744,51.637896842915374,50.02853672057965,49.13570706943887,49.08199131318344,48.87761501540041,47.287995247985336
406,0.11652168525212984,30.0,0.0,0.0,0.0,0.0,0.0,0.0,0.0,0.0,0.0,0.0,0.0,1.2920085041037375,7.47695230608595,12.490347874001975,20.211955965793624,33.07252341821486,47.492707576063644,61.54814847642744,80.70509486881784,86.47891239458616,85.00489026873582,83.32434566444432,82.14973952806359,81.75560813569768,74.95163158410358,72.75099045158004,70.42684927833663,65.04731183592976,61.912336504223425,62.58558708751403,60.46836990699122,59.241598295371254,57.739806713215174,55.78573445371662,53.900224288120064,52.29826751006268,51.05936108238025,50.05582541325757,49.12244706959908,48.22054329570465,47.76510363806847,48.27728541635646
407,0.1767980867199005,30.0,0.0,0.0,0.0,0.0,0.0,0.0,0.0,0.0,0.0,0.0,0.0,1.344140601078368,7.568758033583975,12.593086133321771,20.689694245193106,33.554339917818936,48.2507727815086,62.34479278773207,81.35106691047231,87.38518890700391,86.87465653279303,84.24115179179788,83.70315662519442,82.50702312570941,76.51625789831579,74.52078136151977,71.78168225246428,68.18985720860165,63.06985560381533,62.6679996701928,61.99576887745017,59.305529626174994,56.997163218949574,55.328032939641226,53.956959409354596,52.80205696944262,51.820089121416295,50.87955556159949,49.83547786523016,48.69322044900476,48.002292194974984,48.426343980652085
408,0.19052987871677113,100.0,0.0,0.0,0.0,0.0,0.0,0.0,0.0,0.0,0.0,0.0,0.0,1.4936509140628027,7.961017845717827,12.929536009711393,21.246007582310785,34.896046024770264,50.41424980092421,65.67324088367822,86.05999013108604,91.70295896622704,90.28479361287259,88.61687758480504,87.88872713943839,85.95000808284023,79.55397309173017,76.96333184942735,74.30842086654768,69.74403723292662,64.93369514439351,64.82887088453349,65.08522245747454,62.700584957639265,60.1028911984765,58.189172881629396,57.01908562634571,56.1532057188576,55.15430019319602,53.97682003040605,52.668519169060936,51.36178665081259,50.52031618656862,50.67090371114562
409,0.21280886986270894,3.0,0.0,0.0,0.0,0.0,0.0,0.0,0.0,0.0,0.0,0.0,0.0,1.268958138951123,7.131564004351927,11.745330846281222,18.957802207841464,31.293595352482892,44.753964656391986,58.2911803638767,75.6465862723477,81.71729430581487,80.91494519515675,78.40141982567152,78.1487519395049,77.18143790131968,70.27657621448088,69.4990418472824,68.98462892536742,62.639008126092996,57.34323074941149,58.83368981452965,55.121225770992964,57.02244081067436,55.337390334327445,51.65848675234436,50.40713258002886,50.16596129530319,48.936146956569154,47.123191753351556,45.64428594394295,45.09276781333762,45.1723166404423,45.396256300031716
410,0.14182314000043297,100.0,0.0,0.0,0.0,0.0,0.0,0.0,0.0,0.0,0.0,0.0,0.0,1.3483809048935727,7.493628180091565,12.345109739779716,20.005605450811192,32.23490125275637,47.00363821489607,61.00561146916492,79.56050509102124,85.79077779022217,85.03289745159063,82.3525644727899,82.26937453421617,80.57182406707491,74.10675815015394,73.29114053057674,70.7392552729193,66.8293496967191,62.36647971476821,61.12148045556465,60.622485979350195,59.53871564578191,58.62037421449004,57.55613405092188,55.90144262010153,54.02838053020011,52.37927251328021,51.05137090480542,50.06203544520835,49.367626290505974,48.68012548242186,47.66703941708343
411,0.3045061540197205,300.0,0.0,0.0,0.0,0.0,0.0,0.0,0.0,0.0,0.0,0.0,0.0,1.1743108396320443,7.159387047088197,12.266171522711327,19.852007767252406,31.622889169384948,46.086942898175806,59.093874566083336,77.54551562671382,83.66892150982585,82.66152597010942,80.38670530108612,79.86471737898383,78.05281273492821,73.00433211357085,69.52044780002778,67.01213065051392,64.58706495574,61.60960447215966,59.46687555214786,58.10480790586936,56.68744540795329,55.15906199708203,53.74213516474634,52.597024375912554,51.64873886458375,50.778804511280434,49.89611934553716,48.920058685620596,47.738439540096884,46.10576670359209,43.786989677597184
412,0.16732350211233496,100.0,0.0,0.0,0.0,0.0,0.0,0.0,0.0,0.0,0.0,0.0,0.0,1.3747024564221417,7.6392051026289485,12.627572680061194,20.71400487744881,33.71863218538138,48.642946568790045,62.840045410736614,82.77043448112865,87.87388410181151,87.43081816344834,85.36191777292947,85.2656057776395,82.23222729491926,76.84903654753337,74.10877747898672,71.03292455533197,67.7690720394686,64.7066823509401,62.706598868186184,60.7918492387875,59.22760793553591,58.41618395416345,57.72336894412859,56.50320632687786,54.9491858013901,53.388331806775724,51.93637164231428,50.65288586071171,49.60674098055425,48.92285143385632,48.73926326133184
413,0.15836035195814463,30.0,0.0,0.0,0.0,0.0,0.0,0.0,0.0,0.0,0.0,0.0,0.0,1.4057672623249429,7.845229680299135,12.955622796395183,21.09793522855975,34.116125323984456,48.45918187026362,62.59534208505508,82.75219502155865,89.33828092979853,88.39452139153947,85.83659371676613,85.45600775366476,83.88039177309753,76.94618784102049,75.50675230273453,73.77431323501787,67.46403476710799,63.18089361572032,61.76810130947345,59.391209647378396,58.865112886923534,58.35514552025535,57.12330533324683,55.302186404888175,53.44472881390347,52.01960683960491,50.97587341574954,50.15585331007058,49.45014610154924,48.895809195972156,48.56351987344799
414,0.1106909160626979,100.0,0.0,0.0,0.0,0.0,0.0,0.0,0.0,0.0,0.0,0.0,0.0,1.3364208149878467,7.685505525205778,12.838989331399853,20.747959181563356,33.05826904762845,47.73713584945532,62.12959940583778,82.46389451214222,88.46900597686394,87.57626944766996,85.2511529899044,84.58892910157941,83.05023586139299,76.62155938806187,73.72989925512096,70.31952028705385,66.97693232524051,63.78173923964661,62.40146735208592,61.10338716233352,59.89854317737348,58.644447956546934,57.248167709381356,55.708324492583564,54.08783924010275,52.473439621090925,50.99976382540907,49.800282345603556,49.002522881636445,48.752770707191246,49.214019900776016
415,0.20767210360720628,0.03,0.0,0.0,0.0,0.0,0.0,0.0,0.0,0.0,0.0,0.0,0.0,3.23077433857251,8.086219396186632,12.154482551438242,22.29245650648073,33.23991197240384,48.78828111335195,63.19240726961862,84.43650979199944,89.57862786061067,89.23305543500743,86.63896766900474,85.89843113390397,84.17363170711224,76.98949027495007,76.07268009704227,74.35878626937505,68.63144988294968,63.5932492706278,65.48086740877814,63.345622079865436,61.58164389909759,60.62009165610599,59.44895114920441,57.59844142166342,55.58335232036775,53.9442560186626,52.620992749928554,51.429907393098695,50.26668247628998,49.28052409890923,48.669933452937975
416,0.5051333736330644,0.3,0.0,0.0,0.0,0.0,0.0,0.0,0.0,0.0,0.0,0.0,0.0,0.6138559289466916,7.063010275716851,14.067655604240572,17.99102607235311,33.875727771212055,45.696426787898616,59.63389588853286,78.97266671121095,85.61797332782412,82.9227891063903,82.60546218839005,81.87867592321838,79.21421656957195,73.06224186499851,72.21810759523419,73.12421346834081,64.74239128792786,62.5559052040993,64.54734212266571,58.25988119935376,56.34780297708288,56.3777580510257,55.55575375979279,53.115656622741064,51.04198415124748,50.97362768855527,51.61641848890438,50.96405292303205,48.12918910579803,46.17149415779338,48.74602557159648
417,0.2686376219674458,10.0,0.0,0.0,0.0,0.0,0.0,0.0,0.0,0.0,0.0,0.0,0.0,1.3506799491203754,7.631125419258466,12.606976803837092,20.191273768723764,32.4159335438603,47.60379344084703,62.18990257585135,81.59407681440135,86.35762950939501,85.8797420771422,84.1919795778197,82.99780257880121,81.92177712209063,75.32391270057806,75.06844157315749,72.79025480644357,66.35193833566777,60.84679031820093,62.0318049038243,59.93422325624459,60.259019925522054,60.1023036639571,58.65411964292492,56.60552841374202,54.36546744947832,52.24015190007143,50.50630457216102,49.410305243483336,49.086564566682874,49.274870666963274,49.6276439242004
418,0.09107009404617675,10.0,0.0,0.0,0.0,0.0,0.0,0.0,0.0,0.0,0.0,0.0,0.0,1.3274996273832247,7.937682778159616,13.38982784598409,21.432721107238567,35.003633347636764,50.38260029900628,65.17177606364585,85.76863530900141,91.35159648991095,90.8613497768243,89.03555129146004,87.85397290039742,86.59075145921604,79.6802625867364,77.93874703387645,73.95335569268687,70.8505140630087,65.21133051873575,65.34802085829055,64.07096449903575,61.8915787727965,61.609670461919436,61.5591419020649,59.758986820955705,57.19853762636638,55.15809430961596,53.67507365524683,52.52891366957252,51.601924804514766,51.096948618141944,51.29358115763477
419,0.20227608605699052,100.0,0.0,0.0,0.0,0.0,0.0,0.0,0.0,0.0,0.0,0.0,0.0,1.2128554150592228,7.0263877509648145,11.787610074511548,19.166550768839965,30.881613891357652,44.42486000431528,57.290779508167915,74.75156679394557,80.495420462355,80.04656432246017,78.2005828967098,77.72833933624504,75.81851635276962,69.93839612511738,67.42753956971393,65.74311335831617,62.2912512388655,58.472671685227134,58.34887091254031,57.876024974202,56.54068359889625,55.01304231324069,53.515148905453,52.12746859462243,50.77602030256082,49.37646871840365,47.92483691942572,46.43513780350566,45.03701469514061,44.30340621176983,44.90386981801816
420,0.2506520034239392,30.0,0.0,0.0,0.0,0.0,0.0,0.0,0.0,0.0,0.0,0.0,0.0,1.1101973781241066,6.946811540974481,11.90623654677409,18.8595262783653,30.485052741051977,44.51747118987993,56.99242974276699,75.07993133234335,81.08958770381541,79.81793453155699,78.34625381906889,77.45364251097371,76.01648749845313,69.77364347464831,68.67225769244342,66.7647877814897,61.59079472179078,56.44422676713987,58.39091711223414,58.469076612378835,55.922736529437984,54.10506734671176,52.70539721339102,50.868358376026336,49.02979685591184,47.71896257338408,46.87474522903273,46.31780348714315,45.964408935422156,46.05937848188456,46.94140916176208
421,0.14441197162691138,30.0,0.0,0.0,0.0,0.0,0.0,0.0,0.0,0.0,0.0,0.0,0.0,1.4211094275442064,7.673179644186896,12.595326845404214,20.91772583495535,34.006884328212095,48.66732998907315,63.14756435060271,83.65629183784029,89.01135445639852,87.91255899051234,85.95361252076086,85.138053416533,83.6081278917167,77.08908396465463,75.53564176753818,72.96700214223331,69.07508038495875,64.90086776113328,63.83958739570493,61.457635086488146,59.89160714510664,58.60765442803001,57.084451527380466,55.26801154042544,53.55331085612014,52.27522053692664,51.26499950604595,50.2539470360786,49.09638894538836,48.058605444123764,47.48386140408002
422,0.1327002601415443,30.0,0.0,0.0,0.0,0.0,0.0,0.0,0.0,0.0,0.0,0.0,0.0,1.343863998562479,7.388674370758074,12.130543810624117,19.7277789154303,31.816459800633403,45.96692740588821,59.41003533104964,78.64572932952612,83.90625963853623,83.16664793379444,80.78177742470612,79.9382654890716,79.21206709072281,72.41791589011922,71.03134916479436,66.68274148716073,62.96273563288582,61.23286417346313,60.55368350812577,58.458728293113275,57.902276255119496,56.91287297956343,55.293818446166476,53.60480039808556,51.87704921772707,50.07284804098774,48.344841868512994,46.86983745470715,45.863225219333664,45.766046758153884,47.116058863185074
423,0.19741720228846135,10.0,0.0,0.0,0.0,0.0,0.0,0.0,0.0,0.0,0.0,0.0,0.0,1.4059640417358081,7.743444601869486,12.802922926895496,21.109710051263,33.82729878111116,48.867967319306025,63.48223419708144,83.65613590317568,89.19929514667932,89.21979147439222,86.1675349341362,85.64247076615855,83.68448159180652,77.8187460428321,75.09578887951291,68.78429808369788,67.5994836377843,64.30962779307166,67.18549830823075,62.04516851595083,59.697566950899954,59.123746220237145,58.4428720225083,57.07014708099694,55.240898424764,53.331691213282575,51.55905825888359,50.08333591533958,49.11595143163081,49.133381020035664,50.72703663597234
424,0.22494340751051609,0.3,0.0,0.0,0.0,0.0,0.0,0.0,0.0,0.0,0.0,0.0,0.0,1.105674640833063,7.387524539630694,12.765951991865942,19.701150640872093,32.83436803628818,46.596334405936304,60.255305215233975,80.0990485717141,85.4692201195988,85.49121754046743,82.52699942079448,81.94418842556665,80.92045294419813,74.6181145884142,72.75033561387383,68.61765460899882,67.78202285748961,59.863640107672865,60.19380485886535,59.55104931070148,57.67490637154983,56.27209844680683,54.72947138742684,52.49060669850661,50.574562250723076,49.842653391773275,49.575635356625625,48.71880862724531,46.88954355537457,46.05946990182679,48.72660828437852
425,0.19251174199283702,1.0,0.0,0.0,0.0,0.0,0.0,0.0,0.0,0.0,0.0,0.0,0.0,1.3351203766494026,7.204625462016005,11.802992805523857,19.53416651451682,32.01802136348649,45.34375446810777,58.96813158777322,77.26867593884654,83.5108523921338,82.06934213508502,80.18316435294052,79.08730671276084,78.32468514750563,71.78219876896031,70.34492015587695,71.01259567256862,64.40887987983496,59.88606752064591,61.90541000066036,56.5224880286262,57.236948484025795,56.857061025600736,54.85305564660724,53.626003858664205,52.60091119782639,50.88270938534917,48.834684177278206,47.05567326906909,46.0200289686564,46.00463761963102,47.29636841029841
426,0.2089022315804231,3.0,0.0,0.0,0.0,0.0,0.0,0.0,0.0,0.0,0.0,0.0,0.0,0.9644856326133752,7.2932932509281745,13.116843105878704,19.566416460801406,33.030431179174236,46.517432029497506,60.77494027379564,79.27018928176341,85.6007322074287,84.02664252611142,82.78066452518225,82.13215114180333,80.59620588746667,74.44017273719787,71.13682125827317,70.054738327892,69.54327086001744,59.95135245689514,62.67568812034358,57.71424947139726,57.765016617702926,58.11401308063501,56.77555912971263,54.5718340845946,52.453490783408604,51.05710500558012,50.06328541761672,48.969087003034794,47.62929686388143,47.142189258159355,48.91206848971906
427,0.13681802127220027,30.0,0.0,0.0,0.0,0.0,0.0,0.0,0.0,0.0,0.0,0.0,0.0,1.4336834866195538,7.909238987426775,13.002326700666675,21.240351891996962,34.71196381179871,49.63853012851274,64.24042842913195,84.24867845923353,90.80782426105424,89.48512116306513,87.34248348689889,87.48010771211088,85.23772070184233,78.3393817260005,76.24579055646778,71.34287573132777,68.5517677611057,64.41013397874526,62.35451461151389,61.043751732993485,60.73143349627045,60.016920785252225,58.693138113079385,57.03955890574871,55.284697264732934,53.62903612904911,52.264766155949935,51.36953985000857,51.00737506742498,50.81916852379695,50.34969942319113
428,0.18340262538033367,30.0,0.0,0.0,0.0,0.0,0.0,0.0,0.0,0.0,0.0,0.0,0.0,1.3648847583673016,7.800342494588413,13.06776527564891,21.392164954176053,33.965722101560836,48.831937577603966,64.18414538222007,83.69296550772518,89.98752389523683,89.05700422984258,86.87529037451976,86.81712255186623,83.99881183233337,78.15045819516165,75.11876135317044,74.82800219888422,70.48732630181729,64.36510672202297,63.37313300011962,63.18528937531416,61.27574559300983,59.56770255193556,58.209402574548015,56.80159532487988,55.34336395274021,53.916726072354564,52.576462474940605,51.366752893309496,50.44018142931983,50.389919568208654,51.9542736730763
429,0.26456933150049444,1.0,0.0,0.0,0.0,0.0,0.0,0.0,0.0,0.0,0.0,0.0,0.0,0.788001970295271,7.392717340354265,13.88780605438983,18.84995471571328,34.07522173417703,47.22131662940419,61.39294756493602,80.9038736902171,86.98002210849772,86.00857808242787,83.03824204317158,83.06432444296158,81.17567448416911,75.36152454551562,73.8560561408172,70.49180513813612,64.65383076772463,61.994140123774464,65.52694938187496,60.18020530304828,57.27470321013524,57.57223808868045,57.636577888092816,55.21581317682216,52.4638423718718,51.48031590143812,51.29562288881802,50.30679635403295,47.854187363528524,46.49197172729345,49.38675137287612
430,0.426850087940201,30.0,0.0,0.0,0.0,0.0,0.0,0.0,0.0,0.0,0.0,0.0,0.0,1.4543756044245184,7.784204992915125,12.680803043678987,20.92211193732178,34.52996170269333,49.86635765634284,63.00166465021007,82.87433668100682,88.11285702846513,87.770953214772,86.1893968379991,84.87511420422615,83.81286106211626,76.84668852315461,74.27078938087489,71.57924789952848,69.04950757281593,61.995757473478854,60.661124200162405,60.92062790080529,60.72025015166226,59.30183351599218,57.13487947961171,54.93376130059687,53.120371838790604,51.92462006241716,51.208148026653284,50.76403673766908,50.500153401058604,50.73579843645456,51.910972119381654
431,0.2487324342645014,0.3,0.0,0.0,0.0,0.0,0.0,0.0,0.0,0.0,0.0,0.0,0.0,1.2521493422249104,7.584732801936699,12.701264677554969,19.975098587728546,33.051721976040895,47.53913224317402,61.80179189309288,80.96333953144018,86.92456122783645,86.42854083470614,84.1673252855342,82.62101920598407,82.02235991217206,75.516744161685,72.55689949817042,66.56948987803175,66.91484149624668,59.325927818387555,64.38745840321941,61.61961040007486,58.00187750879756,56.26455350731712,55.44466432800416,54.736436340697075,53.307912191499305,50.783639145353774,48.31824641499162,47.2245116654936,48.08695958413351,48.924327057361836,47.03450474832771
432,0.39760528427775094,0.3,0.0,0.0,0.0,0.0,0.0,0.0,0.0,0.0,0.0,0.0,0.0,1.2823999139099749,7.512878710132478,12.465372751336227,19.815049939309855,33.354329981620744,47.5002636877394,62.07294414869396,80.41136688179964,87.02579612129388,85.45437495947313,84.2049841024874,82.84981299181352,81.50457456283458,74.81945019286074,71.68208249998754,68.66238985798238,66.90558037840196,59.845562798524696,68.64918664245894,61.25805834789979,57.555320613631324,56.59290190589202,55.96198252649315,55.22927010704737,53.706813075881875,51.07504733594679,48.40600692068025,46.89778453011971,47.192051166414636,48.235145473111224,48.50674929772193
433,0.28444930330441115,30.0,0.0,0.0,0.0,0.0,0.0,0.0,0.0,0.0,0.0,0.0,0.0,1.3929247574576997,7.501095183540291,12.204475519659232,19.89681697265707,32.62140873536052,47.86965665111912,61.72485722706546,80.60979085810533,86.82709280828611,85.69709775319254,83.72565961369702,82.72508834471688,81.05793560046007,74.8938707221977,72.94149345299094,68.61104544100417,67.30691407864703,63.48657254538147,64.0787642772362,61.51560414632368,59.709609165517584,59.10030074178795,58.17773586745055,55.9968778488462,53.56154536097017,51.92600668224617,51.04869855342476,50.67452279346382,50.53821167359061,50.239145063657176,49.35235593446131
434,0.35907564544576376,10.0,0.0,0.0,0.0,0.0,0.0,0.0,0.0,0.0,0.0,0.0,0.0,1.5022796089598598,8.756216284402365,14.61196019538607,23.509763913568015,38.901266273340795,54.734823632916076,70.04178605973715,93.74441623335618,99.30178308625455,98.93159801721254,96.13218735445128,95.61515661879149,93.70627505662813,86.73479089617008,84.43112708601926,77.80458104325457,76.83734785508071,72.75008378907164,74.17522809489193,70.36060623588536,67.31414215348885,66.26008707495649,65.6947617975815,64.457668578829,62.52254958358866,60.22205675659003,58.171281770502915,56.984074120768206,56.87502176413219,56.6181432792149,54.67309137502145
435,0.14073950478266276,3.0,0.0,0.0,0.0,0.0,0.0,0.0,0.0,0.0,0.0,0.0,0.0,1.429299726584825,7.340303938172231,11.850572343203822,19.82872136382821,32.031536810552005,45.9872418842623,59.669444241532524,78.28255446575456,84.64120791579167,82.92581951284554,81.03904090356372,80.70845848526767,78.45229689603026,72.72397212666627,70.47517022379,67.55235311324961,64.49962435101821,58.193136732861106,61.29707205395768,58.975565562643155,57.91761600347373,56.45690078803491,54.66004421588803,53.596787951691006,52.48546624046406,50.523882090390345,48.311422759436844,46.67509665005317,46.10224891269754,46.13447848433877,46.10996137973591
436,0.28719617223364924,0.1,0.0,0.0,0.0,0.0,0.0,0.0,0.0,0.0,0.0,0.0,0.0,0.9853475870817471,7.597323913747223,13.933122254456567,20.084560240479902,34.837457964460285,48.38209341376294,62.61087288480013,84.17383454125488,88.93726171400303,89.17768134124157,85.49199961556653,86.222402881269,83.95659393991173,77.74209276152186,74.93791907207539,71.53249725335418,71.33051199156253,62.102877389953214,66.36726673461511,61.940460195520046,58.94099659089892,57.82843898146464,57.01960487647792,55.97033491140235,54.58384933544314,52.93590417143583,51.32814588119478,50.08384046158502,49.44150047201617,49.4150125749712,49.9826912111057
437,0.1355772381186872,30.0,0.0,0.0,0.0,0.0,0.0,0.0,0.0,0.0,0.0,0.0,0.0,1.5176257994279505,7.701107493338621,12.44536408308706,21.039435774435525,33.46154265846023,48.087166554604806,62.27349466839953,82.212961414415,87.96650149886584,87.41864270078892,85.24079764322754,84.99439546838974,82.07354041416558,76.39997603365909,74.0996035451537,72.87811096640726,67.10607914298674,61.625140866891286,63.14517110108505,61.91222753182537,59.97917502014236,57.9750707586417,56.13501733212298,54.79501819459112,53.696191999140154,52.530354609431974,51.270298843297205,49.953817237129904,48.685395485777995,47.83404608104575,47.817610208303826
438,0.22411084812578505,0.03,0.0,0.0,0.0,0.0,0.0,0.0,0.0,0.0,0.0,0.0,0.0,2.228743389330423,7.76488379964046,11.937397910761039,20.59099309314133,32.37084590964757,46.397619529922096,60.76923441173643,80.36557619072656,85.612396372356,84.74311948427753,82.81363895571369,81.60080228189258,79.60561161801931,74.3107132986383,71.22666786358626,70.2998952362597,65.22306667322435,60.79830321422188,61.05117275646872,59.64069379105821,57.97345686654711,56.26385172925685,54.37720687657337,52.45453342073976,51.00740374444814,50.35918207320384,49.90661089250508,48.85260006594537,46.950002308329076,45.83466297423595,47.50163143723614
439,0.18467866369580474,10.0,0.0,0.0,0.0,0.0,0.0,0.0,0.0,0.0,0.0,0.0,0.0,1.3570388093491916,7.6544258635504505,12.66259641301573,20.466896633834054,33.32759727735666,48.98950834650092,62.63087182096902,82.12679350573623,87.84328911123741,87.19879795188176,85.30347080050636,84.85676588069445,82.43866381972785,76.26550234684912,73.19077747452798,70.04977874018886,68.15757966472434,62.96659589194154,63.143156068699156,62.9864844814624,61.30328091862772,59.247215242358386,57.155143619982944,55.17039237649931,53.51622239750754,52.32064001569524,51.3356184228056,50.24419241770641,48.899189233785485,47.72729994442453,47.2550174075197
440,0.17238929938106257,0.1,0.0,0.0,0.0,0.0,0.0,0.0,0.0,0.0,0.0,0.0,0.0,1.578889530922617,7.523076789593278,11.998937041460348,19.98637499865731,32.68475990155987,46.56414100958266,60.16867127744902,79.83136181474738,85.25226771394843,84.37034755352525,82.31242131469133,81.30594676379789,79.87710806463069,73.71122320731924,70.72766742795909,67.33601082152357,66.3452026553534,60.64232897086736,60.87262060735138,56.2250980146188,57.69752616769976,56.75027067223285,53.95561064969777,52.86310951947568,52.58960110322112,51.68347872869937,50.2071454744668,48.57804779690661,47.278580578175806,47.17429134191196,49.29711188270382
441,0.216998781193326,30.0,0.0,0.0,0.0,0.0,0.0,0.0,0.0,0.0,0.0,0.0,0.0,1.4152894803563147,7.866376852081228,12.884235538118158,20.618629163584018,33.38694387284673,48.53629361574856,62.95742028341251,82.33887765543322,88.3299982071828,87.29469013100939,85.65384213835246,84.31741611978029,83.38001743234553,76.66811385539503,73.75123958305599,71.97996513090555,68.55129991222975,64.20234496630295,63.84189327787306,62.72033450308901,60.39325960440521,57.2981568157748,54.610260551393594,53.22586453479765,52.63022608307929,52.12358690127454,51.36154999572264,50.09963022112111,48.386150578447506,47.27710568521995,48.00520559552493
442,0.2017417036759597,10.0,0.0,0.0,0.0,0.0,0.0,0.0,0.0,0.0,0.0,0.0,0.0,1.4296740172420956,7.835900566342063,12.780292575181308,20.718649706748177,34.4799647135846,49.06200814701842,62.896855126796815,82.16255129460316,88.98590134786986,88.08523432429283,86.11492713301973,85.28537001485583,84.0543328287814,76.91396714054265,74.52807123124735,70.6125463273752,67.42781764310665,63.04081310370058,64.72069043913349,62.42098487504739,59.27954806155733,57.70171995986197,56.76916328150532,55.44333337553461,53.73644765413542,51.93658737526488,50.44473448029903,49.65440783308818,49.694681964860905,49.693016034208924,48.538669798393514
443,0.1445358727881164,3.0,0.0,0.0,0.0,0.0,0.0,0.0,0.0,0.0,0.0,0.0,0.0,1.5924688160439027,7.77072217619559,12.297448412501751,20.5968641518421,33.019476678513236,47.57655931929929,61.344870615069595,81.47074368305033,86.7969253665434,85.96237155787081,83.60073763155071,83.00052221465143,81.70293651688856,75.32431082469577,73.1321389281706,71.00319582559264,66.48826731610434,60.446423237808474,64.34306031085785,59.25513780253636,60.51705423337895,59.27986969969259,55.647411895720836,53.345691290303726,52.23346589834695,51.534766821903176,50.97086840457983,50.38407339068125,49.63428567704271,48.6323750771547,47.30992863906162
444,0.20851706298442635,100.0,0.0,0.0,0.0,0.0,0.0,0.0,0.0,0.0,0.0,0.0,0.0,1.390140694424159,8.131083785761483,13.672822155659924,22.070965636464333,35.213737217080855,51.07821914679209,66.59955559905313,88.20017454124245,94.01357519905581,93.28673519178952,90.41863699620605,90.18852301661467,89.11824311907458,81.65448094694074,78.20278324696525,75.19165548530297,71.77633226405398,67.7957221159684,65.48614505226557,64.6409564884306,64.01086815036896,62.383795356275265,60.31471246809785,58.56044742117758,57.11778294118472,55.83561832775826,54.63786614639993,53.469253278974755,52.351114961489884,51.58821099453136,51.54284299897446
445,0.21645336559763928,30.0,0.0,0.0,0.0,0.0,0.0,0.0,0.0,0.0,0.0,0.0,0.0,1.3907481320550104,7.889773808938879,13.141576668478331,21.524381155127998,34.963745631084095,49.71875843252505,64.27228823873071,85.16618761137819,92.07969426778422,90.83319947043267,87.73403347355759,87.44043774162662,85.91498631290263,79.22455345145276,76.73521611516774,73.69797260940088,70.73515793943571,63.5774677814758,62.90823131771178,64.06829655164734,63.08195836738335,61.112249925572655,59.08872456269136,57.38833970545005,55.7225479328757,53.825657454485366,52.01067485177675,50.68301919986372,50.0347819348798,49.55787791871219,48.59910752733915
446,0.3364474127821606,10.0,0.0,0.0,0.0,0.0,0.0,0.0,0.0,0.0,0.0,0.0,0.0,1.4617317454708616,7.192334271939722,11.45271699343392,19.336905807011725,31.120043380806557,44.37742028132207,57.227879130146846,75.18759591992925,82.13483188383542,79.29928826413625,78.71620060664631,77.26447274211803,76.28288208301953,70.46290302581187,68.3768967199657,66.05248170615562,64.37292292821043,57.15600070685646,60.17440319305327,57.542421625227384,56.598681678516215,56.12333506974944,54.92625579964545,53.10983436203972,51.081447388834675,49.242091867914404,47.82514851859862,47.013465078023295,46.81032735938063,46.512493691432184,45.265827795839144
447,0.2926906859703059,10.0,0.0,0.0,0.0,0.0,0.0,0.0,0.0,0.0,0.0,0.0,0.0,1.4431637303042,7.090513589583607,11.24177165054385,18.84952672984703,30.566187207665443,43.795395854618796,57.310023491493475,74.57274571127992,80.43291158890707,79.8488007791159,77.35775257665837,77.40301544880988,75.40590289297708,69.03076405484826,68.52698479471474,66.73413214863203,64.19693683671571,58.51662454657587,56.96446387553945,54.77022462382846,54.606445575227376,53.87405668542645,52.24690530073514,50.45773945908866,48.83512878028456,47.54061217902167,46.53524928201418,45.740759700972674,45.17683950132437,45.22665472386411,46.385647650046664
448,0.18367768541002977,30.0,0.0,0.0,0.0,0.0,0.0,0.0,0.0,0.0,0.0,0.0,0.0,1.4093793722178374,8.01714757262582,13.330157444258163,21.58100693210306,34.66942544144111,50.02713466367191,64.88168289966485,85.56769070557716,91.81567151528131,90.95595489489537,89.33579399103026,88.12756285663934,86.37634271045532,79.78838038476668,78.07172866306698,75.43836253457152,71.09171097533215,66.10298688426505,65.22023648096706,65.44798843316333,62.822454278034705,59.70431222008074,57.64996813829314,57.13724728459572,57.14868260044109,56.581537345401514,55.365964942539755,53.69700127891288,51.88658125809919,50.6886639351074,50.920330993015924
449,0.22173884872887942,1.0,0.0,0.0,0.0,0.0,0.0,0.0,0.0,0.0,0.0,0.0,0.0,1.4362917180541594,7.626333535786096,12.409604362266048,20.416118769278942,33.1428237587384,47.134422713020754,60.738791313246004,80.72359783262516,85.62747035096947,85.29203659159349,82.86026263691974,83.01599814950099,80.36006111202174,74.73651136819826,70.03810222800816,66.54306928156404,66.0767395703437,61.75750437069858,59.91276471335166,60.77191439755081,58.1485003988572,56.35576293455309,55.325762566906384,53.694575314994445,52.01338009508169,50.94916265929653,50.10470847653389,48.867941541354675,47.08012281338402,46.12301121420577,47.6918046138292
450,0.20308551715855205,30.0,0.0,0.0,0.0,0.0,0.0,0.0,0.0,0.0,0.0,0.0,0.0,1.4468005223405473,7.647986224278106,12.447448670116739,20.627890579330483,33.1647798505938,47.23868133942342,61.370609662136346,82.37511120211634,87.81414831700685,87.0178430459848,84.92347747091948,84.0213172436045,82.64982317039298,76.41371952389963,74.28164781042712,72.54911001226253,66.791578674561,62.65717225493503,61.13579009298929,59.940019078925374,59.45755173222669,58.057904012446365,56.26846874697501,55.00849715162881,54.022834385351814,52.88337528669944,51.47915716915204,49.782567100410894,48.006464412763634,47.23647413073213,48.76077832530602
451,0.31750405360173106,0.1,0.0,0.0,0.0,0.0,0.0,0.0,0.0,0.0,0.0,0.0,0.0,1.235002550274453,7.654999107652146,13.328021326938714,20.169540065510972,34.52399718279046,48.57777298276163,63.221067147469505,83.05699396308088,88.21463739845099,87.8355460376873,85.40129548216491,85.6727632600481,83.47230447856923,76.39617711494384,74.07444250670883,71.98783967434669,69.83872790026996,59.462422835127754,66.63367630444677,62.249309581076794,58.39292466107441,58.84363779428141,59.40328163480291,56.79932727472889,53.64705309321117,52.59521903279916,52.55464028241649,51.669865302261606,49.08677704067172,47.393428654201266,49.758533139188984
452,0.14527404783249834,0.03,0.0,0.0,0.0,0.0,0.0,0.0,0.0,0.0,0.0,0.0,0.0,1.2448456030487582,7.82276410968882,14.304546920522489,20.232138315238725,36.14524862930668,49.964085750039125,65.15645843881093,86.007198534424,92.18513814513508,90.57905678072773,88.71059477948174,88.524244779483,86.63672556359647,79.67394377642569,76.66068998356985,72.86579742496293,70.09193856261695,64.4498195370071,67.57992535258668,64.21093488104474,62.77150317331832,62.3252877484072,60.854965236775904,57.913630578215546,55.23152506475034,54.21186261225987,53.975853016717856,53.17706980178317,51.216290271228665,50.12743041202379,52.48920299238054
453,0.2735815880832809,30.0,0.0,0.0,0.0,0.0,0.0,0.0,0.0,0.0,0.0,0.0,0.0,1.5388013262335447,8.371690838814917,13.702188479964494,22.40425199206516,36.221150995746505,51.28130708756425,66.681125951968,89.5053399061557,95.56904039857166,94.66155754523028,92.2959776599502,91.15635133540394,89.0221336711659,82.51005883293067,81.05203706323613,76.62408049514275,72.91667751516172,68.57144506136999,68.6613112010296,65.45426996184851,65.07686640202276,64.64805214393554,62.873286552855035,60.09268736080423,57.47190734181965,55.90773857189765,55.0682869254194,54.387986096930035,53.51666791226557,52.83320844112627,52.876154340298434
454,0.3008853221139071,10.0,0.0,0.0,0.0,0.0,0.0,0.0,0.0,0.0,0.0,0.0,0.0,1.533762429259946,7.50068157681932,11.810616342396681,19.515253131294866,31.445311040928523,45.73324639288246,59.41616030787057,78.31810046749833,83.90279956697647,83.06876961238491,81.28006345282034,79.6121531580767,78.98556962254595,72.17478147571492,70.92953730476393,68.7849659083005,65.36972703244636,60.25190430973973,60.466515176105226,56.74326958005208,57.713236052576185,58.17939882706776,56.46257622913431,53.51132648434863,50.814600266275015,49.37097004804623,48.60723675850706,47.66049618813318,46.27329863055558,46.31628568772554,50.33738390951734
455,0.24834238861776378,100.0,0.0,0.0,0.0,0.0,0.0,0.0,0.0,0.0,0.0,0.0,0.0,1.295868899259326,7.075897187762236,11.615713551281342,19.052165507342703,30.880837082377017,44.41499552311072,57.681804603233076,76.02068989086763,81.70988864052104,81.23547119992638,78.26230831809815,77.55308225896437,76.45687768385352,70.08385896388123,68.13232072020305,66.4325510104139,63.41565584078795,59.99562418908867,59.40239743005647,57.91083460414047,56.30264158739642,54.77413803175246,53.43495069519265,52.40801647138968,51.40836444174769,50.16246485645987,48.76296550473109,47.377623774224844,46.150143740864,45.186246393193045,44.57898133678653
456,0.2709551858277687,0.3,0.0,0.0,0.0,0.0,0.0,0.0,0.0,0.0,0.0,0.0,0.0,1.1479258594670019,7.684320005243207,13.201977035669534,19.94664954214971,34.27750191512338,48.23315446739482,62.64292559788697,82.28950628273722,89.48095047701919,87.60016449651414,85.63254772484957,84.09462003426361,83.81913288359392,76.58552601008732,76.04826519408486,72.40377611692958,68.1948848857553,60.39243055804527,65.83617088638837,60.38704779427569,60.75466769863909,59.5581928701546,57.0088004304719,56.41690269213491,56.19002042080102,54.33440326366392,51.62263595545537,49.3553952661951,48.419839966282304,48.83482412160244,50.508414587448144
457,0.1470377365216544,100.0,0.0,0.0,0.0,0.0,0.0,0.0,0.0,0.0,0.0,0.0,0.0,1.2870907077677463,7.355720300257129,12.272482482887323,19.951301754502907,32.16193460535045,46.697617018889325,60.30464417849211,79.52212069741097,84.44874716217188,83.51643205087551,82.06116534371888,81.96016617939998,79.97764900739821,73.76711841617085,70.87092893768802,68.05362353140572,63.36590541271331,60.73265280208241,61.158926001297516,59.683825607359935,57.15928870334256,55.6783793693421,54.79369636032239,53.7049472660396,52.36435750323736,50.907858859867424,49.49179843892409,48.26351320822829,47.4123314179266,47.343675822112075,48.546226391100326
458,0.10711917012405286,30.0,0.0,0.0,0.0,0.0,0.0,0.0,0.0,0.0,0.0,0.0,0.0,1.412560937002832,7.507381859343646,12.18678686140976,19.972243392728654,32.291607008524096,46.5043201628365,59.98967500809367,79.10620014616627,84.72320416746687,84.1072061088104,82.19821853262584,81.51263851296937,79.85981794382394,73.49961043668142,72.69290929833029,71.65999917367874,65.72721901266195,61.10352253010553,61.670560017591455,59.615234242799,56.859569707464146,55.22855007267185,54.3285003766557,53.579128608312935,52.784417130348956,51.854180248048344,50.74404844109913,49.42459585569837,47.991004346844385,46.99246992608474,47.05563128914219
459,0.24339374284818374,3.0,0.0,0.0,0.0,0.0,0.0,0.0,0.0,0.0,0.0,0.0,0.0,1.177275773865476,7.864406079720934,13.73141043904603,21.382609756158978,34.99739013293821,50.7022617026915,65.75425715530555,86.7019611729981,92.85961604706432,91.43684669811923,89.98125814182893,88.7501981835915,87.27806423205124,80.12730106725625,78.34280327901469,77.47862855243443,70.9461387688361,67.62431980427456,66.18433015125454,65.52554787812626,63.91388637698458,63.39695061960138,63.09216465079616,61.57472433141631,59.33543348969662,57.171745523529516,55.41673932384719,54.27704174930458,53.79597474507853,53.404499153561495,52.40311968742263
460,0.2330901148566348,10.0,0.0,0.0,0.0,0.0,0.0,0.0,0.0,0.0,0.0,0.0,0.0,1.6701126171321186,8.121643172949772,12.753855280068603,21.202316077486223,34.89992268469542,49.85273478658003,64.47418293694709,84.68267432152196,90.90791706950615,89.69255955776175,88.22641828705957,86.83269585869212,85.29322436650149,78.06408119601511,76.20588781412397,73.54421624881294,69.85476382864321,63.80331942316282,64.77186236168421,63.0588375882865,61.630279820432776,59.58634041298868,57.202134928504684,55.31832597796085,53.812135307029415,52.44611644549654,51.30816727077331,50.55349486770557,50.18348307001467,49.61271745780276,48.14253550429631
461,0.23817403794110487,100.0,0.0,0.0,0.0,0.0,0.0,0.0,0.0,0.0,0.0,0.0,0.0,1.523371857515329,7.880976024252682,12.604454008671828,20.582603328525643,33.90351997131204,48.57292189548777,61.90780754294078,82.45815367123494,88.2126295298241,87.23925433388955,86.01503547239234,84.88422717004603,82.91199356256473,76.03677498347335,74.43364249604517,72.71845453093658,68.27232983611401,63.829183041605106,62.31207466488345,60.431949417904775,59.464193109060396,58.59719199847293,57.36613357184546,55.729217097402454,53.91477581787398,52.171544136694365,50.645719262153726,49.44898806185954,48.69172955051225,48.51212643648384,49.069711409053696
462,0.31948145889976237,1.0,0.0,0.0,0.0,0.0,0.0,0.0,0.0,0.0,0.0,0.0,0.0,1.8932590670794942,7.65529174930119,11.581915246038324,20.965216162977974,33.06492124830242,47.480572997989995,60.695555111473574,80.94469226317342,86.03750849106416,85.8264724239129,82.94537398016936,82.56364338198895,80.56314702674754,74.68401235744142,71.427923888383,69.26378161614664,66.17323116075734,59.58918170027908,63.58825095633696,59.521325946987965,58.836712154284,58.14412606305928,56.66115245548074,55.54850403168972,54.34948873449297,52.539190006919156,50.668631964654786,49.465820225433674,49.272762926978814,49.138118074726776,47.81882174967572
463,0.2621051445754776,30.0,0.0,0.0,0.0,0.0,0.0,0.0,0.0,0.0,0.0,0.0,0.0,1.22702942229646,7.072595307069003,11.835538516329661,19.221066419783625,30.843721506818184,43.921265479514936,56.68907046518503,75.71490208902773,80.6403886061714,79.97737439053145,77.91990443301857,77.73854770832092,76.72033623892112,70.20202134755107,68.7669292434824,65.49278663488988,59.380087923700835,56.669009261190205,57.91043728386888,56.67591609356505,55.184814142511826,53.83744994226641,52.59707552893129,51.53640932481586,50.416294430486836,49.036718809827434,47.5828595167965,46.30872014181147,45.38951278129994,44.78312028030276,44.40371448990255
464,0.14265973238398236,100.0,0.0,0.0,0.0,0.0,0.0,0.0,0.0,0.0,0.0,0.0,0.0,1.2485977351417783,7.37607104208647,12.542648894382076,20.61493697875149,32.85818189782104,46.963905342407266,61.192043766236544,80.9724696704549,85.98019712281865,85.55326106941834,83.15476626523639,82.77564807175085,80.91166711189022,74.87864394052725,72.12772534265511,70.08054310341123,66.78824939492918,63.69157910616487,62.69233574750934,60.70944160502048,59.680116566478105,58.31184227406755,56.506929664331224,54.716088861617834,53.09811759363994,51.71153656175296,50.52010324755517,49.469446746739685,48.522817117373904,47.697727579779226,47.02325938197277
465,0.23888042763086234,3.0,0.0,0.0,0.0,0.0,0.0,0.0,0.0,0.0,0.0,0.0,0.0,1.25139547033884,7.308923051244018,12.356444961164282,20.226131041712623,32.45865913741544,47.2059389947708,60.776095210496294,79.73970416438344,85.49549756713088,83.85566275047309,82.68223938355855,81.87446441370307,80.59956968518884,74.37476336974885,70.18296351875784,66.85084182350181,67.21309913235312,61.580562976130466,60.57576447667367,59.44099332775851,59.09758666536072,56.91083870380808,54.317453634100055,53.22583805057171,52.512210815398916,50.90470513464935,49.02285243539312,47.84159224952869,47.9517404115733,48.757820304182125,49.36035213739747
466,0.2532034836570181,0.1,0.0,0.0,0.0,0.0,0.0,0.0,0.0,0.0,0.0,0.0,0.0,1.483461219738613,7.628621311602328,12.233318004649142,20.25588182875511,32.241007044537255,46.702362381989516,60.099161743781494,79.35780539621287,85.25993888606223,84.25136178832906,82.80398228018282,81.831116914642,80.31403410989218,73.87389662361515,70.71491501889716,63.913901234675684,68.8069858162485,57.17070119019577,64.16166394935186,59.228032119549866,58.82101493420726,57.956643312936826,55.573967101466394,53.72867837228388,52.38842478210137,51.155031976673456,49.95283981573085,48.7817991330767,47.732955804645286,47.2514878581039,47.869030341937005
467,0.2875760948807668,30.0,0.0,0.0,0.0,0.0,0.0,0.0,0.0,0.0,0.0,0.0,0.0,1.251589285958131,7.246186323480035,12.153705781211386,19.740823030232125,31.811131033945742,46.37247597668586,59.69256847047923,78.85474296763874,83.42474646194111,83.6740210821337,81.14505173579218,80.98054856809972,79.40207493348345,72.48122678280265,71.06953914389929,70.30943659944788,64.92225172764124,62.37609646774528,63.422542910119226,59.39903153722536,56.574101995918674,56.053942380608206,56.18702561564398,55.56886012208971,54.110584034890095,52.09430015574282,49.89520798210235,47.864387793752094,46.424124030664615,46.45513820712352,49.07197292612313
468,0.1607175956660412,10.0,0.0,0.0,0.0,0.0,0.0,0.0,0.0,0.0,0.0,0.0,0.0,1.3292110002149249,7.653279248956493,12.662879142253434,20.10672268767379,32.829102450221704,47.25942758877772,61.27107775686567,81.3416058447594,86.55980441619383,86.1043357970572,83.59516442291303,83.45879163471075,81.62006872196011,74.9709881079381,72.89845272565468,69.85836326397202,70.73095053660388,62.83019044205249,63.09667798884859,61.17261080781601,59.97090958803962,59.409635383532716,58.42677432742752,56.61542560938078,54.64805506711658,53.15915267478807,51.90120372681711,50.454245152798556,48.74876307646067,47.90883021213376,49.31686179903819
469,0.2971282762010382,30.0,0.0,0.0,0.0,0.0,0.0,0.0,0.0,0.0,0.0,0.0,0.0,1.3267444007666216,7.197203266919483,11.64313405711761,18.567520127143805,30.486484043704923,45.158175955910785,57.286384883971095,75.73750476810626,81.17948343340262,79.59345792248496,78.42199654973768,77.45100100761208,76.09968415880599,70.19720432670259,69.04049925436853,66.5290049792907,61.69437559857777,58.90561353006023,59.7492505776418,57.79598949367663,56.54627552629531,54.812259117899785,52.7727061417307,51.19758613506372,49.99376179680486,48.91774211389217,47.84881370272891,46.70073193465246,45.51476701421639,44.79620151673615,45.14511089379354
470,0.2076760744631438,30.0,0.0,0.0,0.0,0.0,0.0,0.0,0.0,0.0,0.0,0.0,0.0,1.2775235019076534,7.2675078195468545,11.99103526100881,19.20272674807716,31.703992052522878,45.569829944672335,58.91279655100336,78.15092652777564,82.8090436393685,82.92446939326696,80.23375031418111,79.30468551910155,77.75738946470948,72.09541443858338,69.31552940710336,65.95271447496529,63.569252090682376,60.258651570345556,58.76927122880469,57.57428118869425,56.9452856291979,56.612904521392316,55.82365228857971,54.08152236479861,51.91764765741697,49.955323022280126,48.42148500509061,47.44325516736281,47.0935837044452,47.23986232112064,47.70959608778682
471,0.41917640378843657,1.0,0.0,0.0,0.0,0.0,0.0,0.0,0.0,0.0,0.0,0.0,0.0,1.416343045618938,7.935255892224038,13.077121476945967,21.23541215718505,35.14288525001656,51.032017914895334,65.4264793778747,85.37952854298126,92.51051083527484,91.24515250457847,88.8286477373169,88.07417953766931,86.41653304649702,79.61738354886353,78.35046836223299,76.09934622735423,71.66501126551395,66.24441059386234,67.27269495848812,62.33346320160498,65.09081352861686,64.97485299282611,61.99990325250637,60.13729146334122,58.45633971517482,55.65990816463966,52.87906503390169,51.586753101184414,52.238488214338446,51.659554206988595,46.10326028416696
472,0.306913296109738,100.0,0.0,0.0,0.0,0.0,0.0,0.0,0.0,0.0,0.0,0.0,0.0,1.1418896765643143,7.124707976069634,12.285622969136913,19.65206583252027,30.885006694737555,45.12144353984037,58.01205218771573,77.28894570964293,82.15661712130333,81.20127345184095,79.68481372416208,79.22748729290986,76.7670348937701,71.3510818620914,69.05588746420705,67.69033177753754,64.44455476159925,60.88001729729633,60.08847228679012,57.16017078140638,55.162867028499285,54.072276669129764,53.13550099682081,51.94348235900827,50.61409757125392,49.34548884637881,48.20006669893516,47.205569404790445,46.44204497800019,46.20286801666979,46.842540838368166
473,0.26514713188652494,3.0,0.0,0.0,0.0,0.0,0.0,0.0,0.0,0.0,0.0,0.0,0.0,1.0628613032882923,7.364278446630318,12.899310172878836,19.800350846805046,33.92039918068721,47.51638439038314,61.840250437728315,81.68052645971923,86.3766106767689,86.14436474390014,84.32294986471119,83.96651113047702,82.05781854946082,75.81428443862711,72.66427382460574,69.18821314013364,67.52696899109027,60.73981923728009,64.26967259466902,63.71938295334403,60.32327448734522,58.20520503300985,57.16924748549524,56.38811058460626,55.337980402740044,53.74294324764685,51.94307405973363,50.3827352990523,49.43032752630186,49.33654833143661,50.35990163262506
474,0.21597514200422782,30.0,0.0,0.0,0.0,0.0,0.0,0.0,0.0,0.0,0.0,0.0,0.0,1.3113366826730206,7.288656773153137,11.952387299669855,19.346528193142568,32.1656671870483,46.150579978864904,59.57392692943751,78.48785246697433,83.88383929070402,82.88381231666575,80.24509561078436,80.14970343570026,78.90664534020995,72.89305378112402,71.2472156096143,69.86967715479204,65.71681612294026,59.636127272459625,58.4305525396721,58.91832101654552,58.36711096005959,56.42343510094281,54.11396670348935,52.34277828888203,50.988555693050884,49.76035908642778,48.531401122991305,47.21955046995344,45.89225938847867,45.16081171555854,45.75136987676055
475,0.22603927687887662,30.0,0.0,0.0,0.0,0.0,0.0,0.0,0.0,0.0,0.0,0.0,0.0,1.3821305708839535,7.624056088861475,12.530977441089373,20.412373824424133,33.092794714825224,47.45013987762222,61.52097500178256,82.23160206561971,87.27588727754934,86.99259927045183,84.41523313958596,84.1180670240556,81.64526479818376,75.60848938863923,72.41391252661927,68.15163043841001,66.06378683697699,60.96867802719833,61.83010799077939,61.362210111049954,59.458993936595085,58.63717714251174,58.02663215688507,56.391147647431524,54.108972266045264,51.836558223846104,49.93453858563781,48.66458400621006,48.06723633836748,47.38216472599484,45.70305112958556
476,0.1325552658742411,30.0,0.0,0.0,0.0,0.0,0.0,0.0,0.0,0.0,0.0,0.0,0.0,1.3713258837904438,7.685306266168151,12.620129392782221,20.150048700277782,32.714152320486825,48.11542370473799,61.770258670931675,81.45259398438756,86.55323857430085,86.4429720678392,83.78381095985168,83.4910055673643,81.3712993161842,75.38940445138655,73.72065792894095,71.62406800986015,65.95840317367717,61.94664371456134,62.554908226027926,61.257084947620804,58.97436187892129,57.38406866540394,56.08306252337573,54.48299426359065,52.680229285889205,50.92058249285099,49.44901102141297,48.4908796408146,48.16707436797117,48.22960659454883,48.346751413379025
477,0.24411348139284386,10.0,0.0,0.0,0.0,0.0,0.0,0.0,0.0,0.0,0.0,0.0,0.0,1.431635677211267,7.813463376926849,12.638881390476763,20.075329783358356,32.984942955064014,47.71620272747371,62.148829641073746,80.9636921725013,87.37847527305485,86.28822101366204,84.28890708114157,83.49533684323184,82.16128656357498,75.56566197931102,74.0108645370744,72.86496349631135,68.40897384034943,61.54338510995971,63.218863973750416,60.26023233446343,61.37450344885382,60.60775859392694,57.38167354112116,53.943907320065925,51.584928746131084,50.89975638235375,51.08920938006252,51.05859326185624,50.11768263661956,49.15538889057434,49.389777915824844
478,0.3420536256681433,3.0,0.0,0.0,0.0,0.0,0.0,0.0,0.0,0.0,0.0,0.0,0.0,1.42003455663432,7.621136650534277,12.423457812353526,20.18191370959314,31.761952034249237,46.625127593347614,60.802762578856374,78.67821987985285,84.91454091602758,84.33499420394588,81.85479246612871,82.37276068063075,80.28440442803559,73.52696318387068,73.19148494439393,69.94637694741735,65.82025187615132,58.285853262669036,61.36545239387043,59.368470919898584,57.82561406878564,56.57492977587525,54.85997121015783,52.836894807420684,51.07752648299044,49.98684015892836,49.15453614179676,48.01254315825235,46.422689354943216,45.73080029269648,47.62229953507333
479,0.24703746230341325,1.0,0.0,0.0,0.0,0.0,0.0,0.0,0.0,0.0,0.0,0.0,0.0,1.9367664043661383,7.426795041912601,11.095123474861389,20.28394560063971,30.82354513508037,45.7874499935589,59.147344150123054,78.14478478074166,83.28351287540067,82.32117602395736,80.3488994132168,79.23305488556034,78.24535435758871,71.69555526170315,69.30196870468811,67.22742276111984,63.80329294916418,57.93517790654122,60.709621227660485,58.91004862102336,56.325016256793965,54.9907051598676,54.093781660740966,52.82655664217223,50.87254512776255,48.29860269052105,46.01215653349477,44.96799052218808,45.54990712211115,46.08064073623509,44.33494838401202
480,0.23089700684243936,30.0,0.0,0.0,0.0,0.0,0.0,0.0,0.0,0.0,0.0,0.0,0.0,1.1993324194077952,7.1396380092913105,12.1068987082966,19.622674060099314,31.51441151115427,45.79557320697522,58.832552216249574,77.16894025872216,82.91734547930096,81.2948781788968,80.35227261313119,79.46458124377888,78.58783149198246,71.86761816268141,71.01104658365477,68.21662231293463,63.21602342392292,60.71411567066214,62.856150127787316,59.38492085868039,56.49572580495796,54.83901144974714,53.71966116213751,52.82831720702,51.87911792337323,50.67439472532614,49.30264813766668,47.91077359127265,46.66832508793572,45.8770666081288,45.86300806880846
481,0.13166820516742675,3.0,0.0,0.0,0.0,0.0,0.0,0.0,0.0,0.0,0.0,0.0,0.0,1.2330100194777804,7.531563151170909,12.797506915072093,20.38909431102419,33.2154848725014,48.14952978008033,61.86409123500065,81.01769481605554,86.45809651228839,85.90440258655568,83.40924826481574,82.8358700694818,81.73217380904173,75.16588968927424,72.38364220978161,69.60767742919272,68.71791460839181,60.48777275292558,64.04942563994086,60.03786206654077,58.15532085458296,57.40099422007655,56.42005941596608,55.19106711778965,53.69815370859516,51.983091901738845,50.285814278578385,48.865401390263294,47.966869165617155,47.8817775659396,48.945645714844744
482,0.20289204861698437,0.3,0.0,0.0,0.0,0.0,0.0,0.0,0.0,0.0,0.0,0.0,0.0,1.0931295406362875,7.596874221108083,13.329411716247755,20.03290805535434,34.16203322406825,47.583214035935455,62.04579866679846,82.4176695935939,88.57172369346509,86.97901067265015,85.51134082344751,84.66415448495776,82.98741396196621,76.44751208693619,74.16120283575754,70.88970381560844,69.33881126080342,63.126027675812495,64.79500260641034,60.85477898134303,58.754749944335614,57.82589946504254,57.24173706036108,56.97935685319502,56.29138713798139,54.5441710910694,52.1606446683787,49.76094440287069,47.894033225139005,47.13751809387932,48.10881029671514
483,0.13014073954065125,10.0,0.0,0.0,0.0,0.0,0.0,0.0,0.0,0.0,0.0,0.0,0.0,1.4031058016643136,7.837737984722611,13.035823178092894,21.458768608432518,34.23703205012704,49.68949549250629,64.06376191623181,84.76584990703569,90.33628365435709,89.42128710022556,87.53270660429102,87.23593262587153,85.40251944341267,78.8172106420466,76.51374555549043,72.9399536137813,71.83457210813603,64.5193854128512,64.36397361854229,63.794932138952625,62.413791960941005,60.30143000638092,58.278937544937754,57.09194547901551,55.955337356147254,54.09348529114162,51.974540579711075,50.28607958620171,49.51774503726291,49.692665603736806,50.76698146950974
484,0.2232795132168336,10.0,0.0,0.0,0.0,0.0,0.0,0.0,0.0,0.0,0.0,0.0,0.0,1.42591755513965,7.584274628985554,12.201743126045907,19.66438767388625,32.47271439700791,46.280838196470405,60.00209657445156,79.34837151160413,84.70834364579794,84.33213060429925,81.95603430602179,81.02624135498053,79.71070535878503,73.43992204695738,69.49236826716549,65.14401368223116,66.00250218320987,60.311865391075266,60.2254508409492,56.267467005741004,58.42656147494262,58.10278370975108,55.18877996710699,52.89178396403612,51.21139933125408,49.62929937576425,48.22921428689383,47.21714696803245,46.720103758617185,46.607501696642316,46.69504623666355
485,0.1685444179980382,100.0,0.0,0.0,0.0,0.0,0.0,0.0,0.0,0.0,0.0,0.0,0.0,1.406779078104874,7.777920945637136,12.766286710545986,20.63190464964253,33.287802648281726,48.14225993436527,62.34328208738648,82.50145184450797,87.83065138569161,86.9500192880389,85.32596256441504,85.07918910722606,82.27645273401288,76.57536509215775,73.3224805944842,71.41272479397136,66.87352528027029,62.92744630852198,62.84801544334278,61.68473306651301,60.97706794704912,59.84026392796276,57.899981834594,55.39731415567133,53.06400403617148,51.47303573650844,50.474517204276566,49.783588473886255,49.26217520658777,49.271224287369876,50.30935554985698
486,0.32648813950221717,1.0,0.0,0.0,0.0,0.0,0.0,0.0,0.0,0.0,0.0,0.0,0.0,1.4625957837982833,7.521739188567138,12.011150349110645,19.561863165160382,31.736485666819107,45.52186963802734,58.78204837680328,78.16398617364551,83.8957211737705,82.31441463316314,80.59061315255886,80.14874396587156,78.56032524438514,71.59242317610817,70.58248553241441,71.92340195336683,68.8830106405935,58.879797971358464,62.309834128138995,58.92962399011975,57.716478397469714,56.13421475873349,54.15699336794344,53.219457462791276,52.55329222917636,51.22230270569183,49.50093977476857,47.91389278608241,46.8632303417456,46.48294188337348,46.86467169497913
487,0.17914244999091855,100.0,0.0,0.0,0.0,0.0,0.0,0.0,0.0,0.0,0.0,0.0,0.0,1.2442560907818139,7.15615418918145,11.984939944373847,19.495611654334464,31.194074766866283,45.45832208728732,59.288425593843,77.9642122556729,83.11635606104126,81.70355027578127,80.43855391160801,80.04247105773791,78.25927432152767,71.87403615843844,69.1503050363239,66.93723694601915,64.66686248471132,60.86277050954072,59.648246423708585,57.780202245459705,56.25927923558714,55.5581953944316,54.97219739059412,53.8452882898082,52.252584502109606,50.445567474761596,48.67987786905648,47.1848948385586,46.195293360264316,46.06358895690759,47.20707337022001
488,0.25274489863640914,0.03,0.0,0.0,0.0,0.0,0.0,0.0,0.0,0.0,0.0,0.0,0.0,2.2947920833743485,8.695206278421066,13.83787880021591,22.729940933401227,36.853478447649486,53.635089514385086,68.36241848448742,90.40283089480563,96.82170539734433,95.77030530141634,93.6705592637291,92.3710717111568,90.90563369936412,83.35302940288489,82.06571370188455,75.09322497777583,74.67635627123839,66.63675643803222,69.89827612045063,65.27347801521702,65.3675125330841,65.93116554480692,64.53467827558622,61.600521514357695,58.72398955431004,57.11214487021665,56.22249520103372,55.179708608546605,53.571988799075655,52.56941715553103,53.66579389592417
489,0.23732919259429341,30.0,0.0,0.0,0.0,0.0,0.0,0.0,0.0,0.0,0.0,0.0,0.0,1.4691521561667324,7.635595631231663,12.315843340721555,20.380522922101566,33.178675343596424,47.26508644954368,61.518085777368306,81.04147095911323,86.29929624847018,85.26896271811137,84.37117190542551,83.15492897523673,81.44733639183838,75.11470675179305,72.55953136885613,67.93057968656991,63.16574083814144,60.14873734470331,61.85052965792722,59.3021118205163,59.90218980841817,59.50334107497448,57.54843250074179,55.42163487151477,53.646047655467875,52.387881482247856,51.327859298256335,50.0596633545108,48.47467607485953,47.48061599138377,48.180627467837965
490,0.15430244396748014,100.0,0.0,0.0,0.0,0.0,0.0,0.0,0.0,0.0,0.0,0.0,0.0,1.2887122582100092,7.212883587201404,11.954203423813556,19.567611777799208,31.706234101496992,45.62603211091154,58.5415021799983,78.25202833565795,83.29153057881024,83.0178727443141,80.39594833040296,80.46896545152332,78.596740115605,72.47910453112667,70.37377966015475,68.26119442242003,63.56443425721201,59.44178193706292,58.47212371787809,57.4333633314184,56.20663925167827,55.06835201351772,53.67843994126368,51.816859115179,50.029367328951125,48.821117053914655,48.06299125831259,47.498830285566655,46.94548453570242,46.45303774770494,46.12506577680938
491,0.22502682262059465,10.0,0.0,0.0,0.0,0.0,0.0,0.0,0.0,0.0,0.0,0.0,0.0,1.2866564465536445,7.611391925320836,12.664973142867366,19.960801994528346,33.21565837804573,46.84168003374156,61.196389382387885,80.69141723331684,86.18796191209911,85.11057345685775,83.85434896114889,82.54665718460257,81.23491748299122,74.64706509600259,72.22404741388884,70.66071111474766,70.2072285742604,61.50302969472444,61.906369733224295,61.17896778143643,58.005694874827356,58.0267571515848,58.86879724570241,57.0855800145074,53.93023060254379,51.280622729106646,49.49306309815084,48.599524007569705,48.585930888698144,49.15421654040495,49.93818568235962
492,0.23609717638730432,1.0,0.0,0.0,0.0,0.0,0.0,0.0,0.0,0.0,0.0,0.0,0.0,0.91099761908411,7.871603415753509,14.499899838009158,20.282377268792377,35.93526141636203,51.02630269152775,65.6694549442057,86.22385176998385,92.80627955595234,91.2741511654879,89.45724483913791,88.50381677024886,87.53247958749606,79.36631913759508,79.29791915749152,75.79408711639404,70.32120621053186,63.577877079137174,67.28145655937438,64.4698083415352,62.10340727914596,61.403985774866264,60.420094937746676,58.08201755729767,55.90384940168137,55.228063940946186,55.04984787501232,53.855719395755884,51.129887681855834,49.72058195051212,53.13187951418385
493,0.12666343828376714,100.0,0.0,0.0,0.0,0.0,0.0,0.0,0.0,0.0,0.0,0.0,0.0,1.4621526695019946,8.20264004580182,13.577868751700805,22.050750252018517,35.461700590288295,51.36314540748734,66.2541346105955,87.44441138598224,93.32803086797567,92.00196245467903,89.64089831360731,89.23915659693616,87.23114569333396,80.56099231116403,77.82206923815299,75.9536917259254,71.14128351229408,67.0281846270428,67.57874282582587,65.54611397806543,63.45156666443963,61.95226319646554,60.45531022002792,58.599202192666574,56.68344079300415,55.04053348671561,53.64675693486056,52.40362200493344,51.30425287192079,50.66778321372123,50.886820396916946
494,0.10025591095969594,10.0,0.0,0.0,0.0,0.0,0.0,0.0,0.0,0.0,0.0,0.0,0.0,1.3163141934970304,7.371773442745744,12.173748522061258,19.809013545620353,32.46556774589493,46.579526013165,60.01897867999453,79.66085045515942,84.85673403308903,83.99905372438892,82.27307385339047,81.09953822426289,80.10713100007531,73.33777681722664,71.43017682426066,68.34592370882461,66.65204878954466,60.61073506094989,61.26759467857956,59.7547744007321,59.67499308144738,58.36081947343295,56.09502272800506,54.2773033522961,52.88583846750798,51.631044898952936,50.373573086154536,49.01648867274767,47.668268963454885,47.19243173120578,48.64671839690102
495,0.07642914307712852,100.0,0.0,0.0,0.0,0.0,0.0,0.0,0.0,0.0,0.0,0.0,0.0,1.429917613155725,7.940218948807872,13.09727863859436,21.384670065507223,34.80336096144631,50.1626330677314,64.33677157839386,85.19848936932709,90.73155075666034,89.89334610729874,87.76377364996279,86.94332720559758,85.38432195404845,78.81085839155284,77.06613403368979,76.25081126208644,70.40582583282404,63.979762090023584,63.964461931229266,63.92267204493707,62.29993253303034,60.655021628437915,59.069133275943486,57.30476849162677,55.535293507766355,53.9692223552762,52.64483534732574,51.56120751728674,50.700158066004626,49.97310456749677,49.27918897534589
496,0.18292109746366683,30.0,0.0,0.0,0.0,0.0,0.0,0.0,0.0,0.0,0.0,0.0,0.0,1.463002895974436,7.772850433036901,12.620441761636917,20.690439239970967,33.33142219588846,47.80317786196934,62.28600124092419,82.47345286475544,88.37970821336592,87.37103241263885,85.64107231088349,83.62257014632634,83.63102220909275,76.2714635688884,74.2674399269184,70.31021330925958,66.37602630345818,62.658292916278256,62.884898372391575,61.15317080315626,59.50540262672224,57.85985451650467,56.16269829729085,54.62081867963216,53.17951342130512,51.766022564725326,50.45192846513666,49.33466209687329,48.54361132669758,48.36364951861341,49.132785334512555
497,0.36498495135883235,0.03,0.0,0.0,0.0,0.0,0.0,0.0,0.0,0.0,0.0,0.0,0.0,1.4057399579300414,7.23714082742754,12.59154887582079,19.034948662171132,32.15372839002733,45.60413550689006,59.50542080284302,78.1603010260779,84.35767766367796,82.49915016475966,80.90859703669447,79.8240430350523,79.6312354059977,72.64636490009997,71.42886598470956,65.69714987836554,67.14414976699736,59.23130696153045,61.70206527093321,58.9247435642585,56.59563044170139,56.016109835520844,55.40027254711205,53.695511608133096,52.20484971858553,52.08178831119553,52.133631532670826,50.62412449797428,47.180403414935604,45.78579256976455,51.36572127673208
498,0.2777431693975696,30.0,0.0,0.0,0.0,0.0,0.0,0.0,0.0,0.0,0.0,0.0,0.0,1.3892666895577457,7.397411197281127,12.022768450310613,19.738717214379818,32.03987400943387,46.36871092878016,59.967474698836064,77.91553977950628,84.42620321895359,83.27305288688201,81.35010551830659,80.35393159296001,79.31275633742793,72.77960306381806,70.97391542574597,65.97727819849229,62.953239979624875,59.63067997746674,57.6323037421353,56.32592639527349,56.978855287458735,56.47536747485679,54.67609994729835,52.52426775704235,50.537962875848,49.01190289140116,47.92460217337461,47.19383759601152,46.892969640380706,47.68531249354762,50.4900048528627
499,0.11880360793250125,100.0,0.0,0.0,0.0,0.0,0.0,0.0,0.0,0.0,0.0,0.0,0.0,1.3693649794495293,7.426707281862786,12.107654523996151,19.631127660277027,31.740838073656057,46.12213941244753,59.52750122378464,78.0362473000112,83.80467824657762,83.11633069744546,80.7805401448649,80.29999064478608,79.13922956149983,72.60076995335716,70.85525177557152,69.71477163467256,65.22795204804969,61.101621622632095,60.588700774911146,60.54432155950053,59.476794809974855,57.419437987749404,55.147214400652025,53.31289694818087,51.84149802954337,50.5469313673824,49.39778699931357,48.39848280392724,47.57365705106405,47.02823911320608,46.885604189157846
500,0.1110037854189263,10.0,0.0,0.0,0.0,0.0,0.0,0.0,0.0,0.0,0.0,0.0,0.0,1.5034519527320964,8.017687505590956,13.066665783542025,21.45959064521713,34.31068655636078,49.47493884237603,64.47898515781463,84.6847458427086,90.68039339642063,89.84770707448783,87.28151254738091,86.94752429751783,85.47352799739683,78.01575551178692,76.35993159148904,73.12354998662165,70.55173510136362,65.22857881805929,64.7521926862594,63.47735345003822,62.13533750486312,61.028262044645274,59.85633930962474,58.434049068083226,56.73362785646467,54.816209487318744,52.92299892825842,51.3086011326621,50.14910092688168,49.41871786718345,49.0544516995756
501,0.26320427466940766,100.0,0.0,0.0,0.0,0.0,0.0,0.0,0.0,0.0,0.0,0.0,0.0,1.1612307316207968,7.044055645616191,12.112436952611288,19.928337169959327,31.86467132932694,45.74387716036683,59.28908359717357,78.55416683837954,84.13831655029182,82.57932975848925,81.43236477424064,80.76432628941441,78.67311959837114,73.5886595770491,70.20591732354818,67.76120704845367,63.21875762140304,59.65990535362213,60.16131311678633,59.10489217239967,57.210673733714344,55.944398360867694,54.81646641677298,53.217959926972725,51.45984572238075,49.934588174537055,48.6339780675108,47.46433798026789,46.458404543750845,46.111628634303564,47.04174884672055
502,0.30683531745110315,10.0,0.0,0.0,0.0,0.0,0.0,0.0,0.0,0.0,0.0,0.0,0.0,1.3341843713944355,7.7541439848347276,13.128050120755695,21.731228071285294,34.744226677882274,49.22928482923256,64.10635981245423,83.31155577989047,91.15782327641563,88.90253085831002,86.8758148907808,86.3768362678736,84.87339718031356,78.11098956133353,75.34402408829048,71.7377698813122,66.68403750773098,63.05363620933864,63.933869111057966,63.49529250316562,61.23412657718349,59.22085282167806,57.4039927353195,55.40454467899545,53.62219144515109,52.419516263948296,51.478406843442535,50.349026339675824,49.001955167138576,48.91249515120569,52.012981312745815
503,0.17226817263479924,30.0,0.0,0.0,0.0,0.0,0.0,0.0,0.0,0.0,0.0,0.0,0.0,1.282960803432671,7.195422463401039,11.99039896941432,19.864579825117882,32.13301783205586,45.48992010948337,58.71242908675937,77.86911353362478,83.48912903850072,82.70510710158153,80.5009883083181,79.962988795831,79.00933671484083,72.5929211019394,71.34906707983042,67.65429446456898,65.21259327848634,59.410495255879034,60.01132150977487,59.327040085463835,57.30190948062741,55.97199832552228,54.935329998647795,53.51574518434728,51.84645716179785,50.19290770846692,48.644728201250615,47.24501418740143,46.15732617762885,46.03287270494378,47.68690911033633
504,0.19466292796147272,10.0,0.0,0.0,0.0,0.0,0.0,0.0,0.0,0.0,0.0,0.0,0.0,1.329658928405366,8.104760043928309,13.630661734575153,21.314316700136686,35.17734142215152,50.830344887454956,65.67769545969686,85.91480726322501,92.51148530787752,91.34341504603489,88.67521948953616,88.62506887561223,86.90061706669866,79.75443352400566,78.24284466173872,76.63920636320492,73.59843397950115,63.74883358829517,66.75433139252101,65.9844198364406,62.84433247800749,61.67899625351013,61.41934957552155,60.464998916947074,58.886236473785885,57.097799006119,55.28375074502289,53.56036829884259,52.078085542895074,51.16279270097838,51.176107783799
505,0.24321418769968936,30.0,0.0,0.0,0.0,0.0,0.0,0.0,0.0,0.0,0.0,0.0,0.0,1.4537100531896794,7.43312796721756,11.868406597007688,19.503296237260255,31.92360003926896,45.49607408062383,58.78882442661229,77.62609526553098,83.34283463152786,82.87183819486867,80.85025133711747,80.08089633747919,78.36471751771363,72.37316826500917,68.53279538062442,66.06767719146205,62.54627932950184,57.93345593579475,57.674835704338086,57.36528895076455,55.6304387410639,53.78096131848313,52.374808281777284,51.543062997014125,50.881696901787436,49.991986950242634,48.93860265334672,47.88956666428433,46.99738931743867,46.396979164344934,46.21782204410578
506,0.1596320044496992,100.0,0.0,0.0,0.0,0.0,0.0,0.0,0.0,0.0,0.0,0.0,0.0,1.3048687188513393,7.460905205484136,12.420004589031668,20.091937885557147,32.50498393945706,47.176482859816176,61.015264355739376,80.53923743739165,85.58761542856801,86.05072315436863,82.60275094532679,82.17191055293341,80.78909388720082,74.74577760742173,72.21212974294764,69.00500865282689,63.95480742838916,60.48160603441935,60.69407326512666,59.12652447475056,57.26186455061005,56.18803469486917,55.38323593866705,54.2785238267394,52.91329288206299,51.452294539748436,49.99728580176337,48.62723906072106,47.46074535342863,46.797195805217505,46.97707776813628
507,0.16795703368060044,30.0,0.0,0.0,0.0,0.0,0.0,0.0,0.0,0.0,0.0,0.0,0.0,1.3429663247205017,7.614376270934324,12.638927477254025,20.510327889639555,33.38967806838044,48.47741432675274,62.576911692184254,82.3771890163605,87.22712750722943,87.25583586127651,85.01648150562386,83.99952861194448,82.90170001181065,75.63163843407987,75.67553633448924,72.11104099401642,68.99457014412795,62.650745843583465,62.22574614855206,61.14219365900925,59.63958212235915,57.476128455626935,55.38401065115804,54.15455346294456,53.278561243901144,52.15698877558835,50.892569196890186,49.739797209867504,48.927292513104135,48.65835901868505,49.141651617327874
508,0.2307510424028883,100.0,0.0,0.0,0.0,0.0,0.0,0.0,0.0,0.0,0.0,0.0,0.0,1.2511129080028036,6.962359142422883,11.518495751940929,18.883753551962112,30.640487703254824,44.283737960781764,56.89304271741023,75.25680033029563,79.86813546609727,80.15382766876131,78.20802766790213,76.99793834236898,76.04843922724517,70.201131608467,66.96994722487534,64.56483155160086,60.977736478359155,57.93779019469246,57.423238516791855,56.1686505003703,54.1013066179621,52.57504663017246,51.51226643114282,50.530680183620724,49.43817421833535,48.14957455493163,46.791926436729625,45.528738296232504,44.51227626099973,43.907144492514114,43.88241272045181
509,0.20510197862483193,100.0,0.0,0.0,0.0,0.0,0.0,0.0,0.0,0.0,0.0,0.0,0.0,1.4398807173578851,7.841250026818033,12.824196439376882,20.914516642131748,34.00000303701651,49.08640585291719,63.83444097033909,83.68423070557941,89.33129584760778,88.93626839942021,86.38975502568144,86.3677615428886,84.42239966732772,78.5135998110836,75.61227359753573,71.26837947764884,67.31018939157313,63.04164317245537,61.803409369769874,61.80127947228177,59.83637836855238,57.60165892827731,55.93699053685932,54.967672917788896,54.27960908718211,53.44823469742022,52.44585709471318,51.338907565790734,50.23145295950161,49.38436695990685,49.08400065178294
510,0.22598558235719346,100.0,0.0,0.0,0.0,0.0,0.0,0.0,0.0,0.0,0.0,0.0,0.0,1.403868798386411,7.767978081105831,12.795748784995977,20.89328014070718,34.03788930380081,49.430095710203915,63.31018375207589,82.81633391927353,89.51716142269639,88.43218816899082,86.46376681621771,85.53021660243493,83.33738560033028,76.71700496094552,74.07106377185117,72.6069120391302,68.16840364989923,62.882722784487896,61.786981740011576,60.75209396107544,59.02214500068292,57.77870270840972,56.6674575597413,55.15695940105524,53.55046204031806,52.22981806131581,51.22402265123335,50.484693890104005,49.91330489764446,49.19650512124158,47.98598962882157
511,0.2502144066922675,30.0,0.0,0.0,0.0,0.0,0.0,0.0,0.0,0.0,0.0,0.0,0.0,1.3994925963509746,7.8404187882316165,12.971487558487999,21.223035536934905,34.788991290383954,49.28612886785072,64.08917725416674,84.4587009238637,90.84503362589062,88.61861843752217,87.1271484600048,86.46257904933634,85.64455642629153,78.27335332565215,77.03389127739374,73.08490271698963,69.86689545597758,63.8195751978006,65.28347466557273,64.71523633839483,62.67926879601284,60.69118426203259,58.86716087019768,57.211558588806696,55.756693679062245,54.504670981967614,53.325790248188454,52.06878051539422,50.6033388316916,48.84341510368031,46.728124937336325
512,0.29119521529173825,10.0,0.0,0.0,0.0,0.0,0.0,0.0,0.0,0.0,0.0,0.0,0.0,1.358449357540005,7.332979149115001,11.934365614636263,19.4651066792309,32.12247462765891,46.78473752722734,59.652585265918965,78.69024400538918,84.6588292770843,83.78579965850872,81.08059752572645,80.50154460073286,79.70724984136203,72.60786559930364,70.37772734265009,68.54189171924801,65.6395768609214,59.63191540617527,61.469109191180046,57.98622704845588,57.05756688733928,56.3616840658462,55.26802883246899,54.43712584912666,53.326119749117666,51.444959308261794,49.48162899836704,48.303748962847344,48.310217677506564,48.31850110828967,46.778787865240744
513,0.20182057331107758,30.0,0.0,0.0,0.0,0.0,0.0,0.0,0.0,0.0,0.0,0.0,0.0,1.1674769485417766,7.1191435075927565,12.194153252165558,19.752105129477673,31.576871037735426,45.75426310403559,59.284369034351165,78.30282861979991,83.6076794723022,82.75654128934127,80.71361357994901,79.72585684678036,78.68443286230429,72.83793734069394,70.50996860116413,68.29373174205985,63.807723086506485,59.22142797795147,60.70191043610645,58.01642737310291,56.04131147391207,55.712261262398286,55.14152634285217,53.00504452303244,50.50660102762166,48.936858239487705,48.23206714689489,48.06961111795983,48.00019165038747,46.96674255748487,43.89667181341458
514,0.287053878621516,1.0,0.0,0.0,0.0,0.0,0.0,0.0,0.0,0.0,0.0,0.0,0.0,1.302686634879431,7.3464640975998945,12.13504712993549,19.557462816412546,31.867115431993504,46.607115847589384,59.96277905169792,78.99282222007655,84.29082540772886,83.47618342490547,81.1359408229867,81.0303853007373,79.6403256803498,73.36872123926491,72.12594878511338,67.31287425165858,64.14194841778688,58.048859366832986,59.78704497461745,59.41119855170364,56.934638803769495,54.82600509700099,53.449496376458555,52.638606498115415,51.62955350160908,49.887774407059034,48.17945158520916,47.480773616580514,48.254570113734374,49.06342353495874,47.926063600583056
515,0.3529622676646154,10.0,0.0,0.0,0.0,0.0,0.0,0.0,0.0,0.0,0.0,0.0,0.0,1.542925329136585,7.897702013318729,12.657105240431846,20.883482936586752,33.85433734335885,48.408693869709154,62.39222266586366,82.045115970839,88.4669117324329,87.84892744365332,85.68291318048614,85.22036181139389,82.68559124619037,76.66051349413193,76.97841819598524,75.37314020596511,71.24087027397505,63.787334622423984,65.25950084726504,61.46219562707475,60.273188408307675,58.82646454502958,56.68296841152202,54.98973585842575,54.06687539841936,53.860637838377606,53.55885639217184,52.18552869318434,49.48885304464998,47.57289426111303,48.8545073799723
516,0.23530096797041405,0.1,0.0,0.0,0.0,0.0,0.0,0.0,0.0,0.0,0.0,0.0,0.0,1.5424593488315068,7.6205550284611006,12.457271608970528,20.349696931063463,32.672621216127,47.40850592982292,61.58337639220257,80.02985593403585,86.68458078875913,84.73160168761532,83.23921406755,83.04716430885041,80.96665430203842,74.82941626992591,73.29897696948726,68.65939082569255,70.34143397518724,59.76399185495617,65.46944988643665,61.12205694974728,59.482231668937125,57.39280600133865,55.05958206421237,54.50898730019087,54.376824201013534,53.07157057777779,51.131707719364826,49.53862602510745,48.863945051787375,48.47170314630327,47.47112875920951
517,0.1879171510962917,30.0,0.0,0.0,0.0,0.0,0.0,0.0,0.0,0.0,0.0,0.0,0.0,1.3108732472175084,7.5429566716023,12.520171321516004,20.046990075275517,32.72946006285683,47.14515992660072,60.60518316827242,80.58279721471507,85.79684879940902,85.13621041829022,83.17569445372722,81.71496171113803,80.7049484646583,74.0461114358817,72.4066780331431,67.27175672012248,64.75462899570094,61.42823278914552,61.831021891981784,59.53606747511373,58.239446753909924,56.41738370534844,54.289779641834386,52.79770652449192,51.95214956119139,51.531377332385865,51.16386226107263,50.44943286830118,49.13229999453675,47.45501769229059,45.75385756731004
518,0.1476943065364075,30.0,0.0,0.0,0.0,0.0,0.0,0.0,0.0,0.0,0.0,0.0,0.0,1.2843192478532826,7.154745051230719,11.898943455461117,19.67189346142813,31.58375210761917,45.75253026876914,59.22800607264948,76.87669338873097,83.14678744718822,81.29645094469637,80.20983338644153,78.94521020046835,77.84556708114012,71.6997449514436,69.05274574026558,67.56689372629023,63.09835242325114,59.47365677430288,58.483129000749386,57.4920212447094,55.52133343638982,54.121975300441626,53.232994100148545,52.348942022202465,51.21243654383816,49.73317244170879,48.19188892140274,46.925197929630116,46.19806029301393,46.11682522993045,46.77146130595241
519,0.14385033414688306,10.0,0.0,0.0,0.0,0.0,0.0,0.0,0.0,0.0,0.0,0.0,0.0,1.3070533474148132,7.386885335521532,12.23346680525811,19.805540925167662,32.25921466828287,46.82099745417344,59.97066761605285,78.83982486092484,84.03525093337535,83.61176014296622,81.3864117984356,81.14076216634284,79.4572301368061,73.39898131019474,70.37499289885112,68.47543299479548,64.75125804477663,59.32069969947559,60.78224894975886,57.57920243832044,55.74199219864245,55.190338163224716,54.70297468267925,53.714570474357636,52.18500534128456,50.25848203591855,48.25682789426777,46.50235062404779,45.327469556219924,45.261560973969395,46.94770417484191
520,0.2509295207583463,100.0,0.0,0.0,0.0,0.0,0.0,0.0,0.0,0.0,0.0,0.0,0.0,1.3137232782211157,7.363951869974419,12.107977596924009,19.335934052213446,31.026746146570222,45.37613468608672,58.632189243655475,76.76562675908768,82.06039088178171,82.27441604269218,79.97324044764139,79.29207988175827,78.06629246456029,72.32646570395609,69.45713926424202,67.62430819174561,63.26265927454859,58.55460349640655,58.01582690054588,57.77340975753427,56.669884684085915,55.25898038250546,53.870459911138546,52.650000379362766,51.42977596071427,50.04742268897869,48.60581023494345,47.25739948190647,46.21140560463957,45.95284271484062,47.058040865578484
521,0.2011108847400305,0.3,0.0,0.0,0.0,0.0,0.0,0.0,0.0,0.0,0.0,0.0,0.0,1.1088931156871957,7.837611501039843,13.756814180880934,20.95486096175928,35.31402932662136,49.553142441231344,64.11925635422476,84.11043511318098,91.19683660719049,89.86422623104119,87.82130142217572,87.02413530860095,85.7844228263229,78.49707479578923,76.7862434601307,74.99599361761474,71.71523728499622,64.6596616198,67.35519134358897,63.1529087209312,60.47157189796743,58.952908021999,57.78746565784042,56.98051633178994,55.700301479138204,53.37886022231193,51.028131090692575,49.86821230474357,50.475310933932015,51.209146184345606,49.82247582671001
522,0.329889172451665,30.0,0.0,0.0,0.0,0.0,0.0,0.0,0.0,0.0,0.0,0.0,0.0,1.5908737379368179,8.477834278591038,13.730872429912882,22.310988371474664,36.10607329212864,52.358046175745166,67.25692450204565,88.20493970776937,95.90206515578025,93.30430787541793,92.04843349973312,91.36060204308622,89.37824123669384,82.6186370764567,79.29813695642335,76.26913169895865,73.47749280059018,67.71474864830543,65.77835972089409,64.18118268119802,63.94032558866084,64.85019985669368,65.08207067400019,63.20443197492937,60.319646991656356,57.76906884850725,55.82826699847641,54.532051149413725,53.8787164352972,53.69625901571918,53.78231314351779
523,0.32396273627679056,0.3,0.0,0.0,0.0,0.0,0.0,0.0,0.0,0.0,0.0,0.0,0.0,1.4588630171406114,7.978188805498105,13.14122619349406,21.110776828496068,33.33339337065708,48.14300445368353,62.7356071983924,82.62954286446599,89.26067988397973,87.91651719513331,86.6755364826854,85.71455166568424,84.22839210398381,76.8196352061314,75.03210642548503,71.31044452838371,70.31714210597713,65.2298415046975,65.64225442101171,61.05085006349168,62.25117753309224,61.304328007124525,58.27098129867359,56.214055211952896,55.01934155068404,54.01960092752868,52.96515092180029,51.71331188506892,50.2910856255994,49.32953001828157,49.57187401514303
524,0.10933368667193097,100.0,0.0,0.0,0.0,0.0,0.0,0.0,0.0,0.0,0.0,0.0,0.0,1.4679469632926807,7.986086320201343,13.082425575747502,21.38069818696422,34.44483758510959,49.81669636974543,64.31376797185838,84.92906597909271,89.69316331514558,89.53929715196347,87.62538856838907,86.59565462984409,85.04698957518656,78.18213665780462,76.63197212115722,73.45582484146647,68.62735191839091,65.51227384770088,65.36812468001271,63.9615863223052,62.34591424406215,60.49823079391945,58.532987165937705,56.71051937009107,55.05710774449515,53.56769259874305,52.322321996057354,51.41519067767409,50.87489219784364,50.48616239430906,49.981595628444204
525,0.06205476026807359,100.0,0.0,0.0,0.0,0.0,0.0,0.0,0.0,0.0,0.0,0.0,0.0,1.4098315883495531,7.660680994790208,12.51308203257578,20.361431166045264,32.987216849507746,47.77153114935015,61.72367593976016,81.60546441698757,87.51835015707341,86.0795905867302,84.36598304916951,83.55567064710966,81.91340193660926,75.61446581251236,73.0826346639188,70.43507818822506,66.66061231855933,63.26231259259016,62.457058620955785,60.812286920602375,59.143751775457815,58.0531190963425,57.115344950514014,55.8939741277616,54.41143737267249,52.80762403462961,51.25983537868853,49.937489410354594,49.02872340050129,48.855505440832076,49.795757804265556
526,0.19483219064548937,0.1,0.0,0.0,0.0,0.0,0.0,0.0,0.0,0.0,0.0,0.0,0.0,1.1691076313862552,7.589711941011713,13.222735559324677,19.93552463112732,34.27592760574134,48.15442822804657,62.78467600325361,82.32596541343553,88.1506878602342,87.0794424934309,85.03428527691973,83.82580897034443,83.0900491362812,75.91820659331661,75.20561541872087,70.98842195645615,68.84764954270388,60.28376656382001,67.32877967526565,62.54619586281906,59.92059587395476,59.27048629292961,58.23813006585668,56.2279158195933,54.040023333072746,52.45254928374845,51.22928471246767,49.93619863231575,48.49230510632862,48.039733156788635,50.03573612727549
527,0.21930692502366858,30.0,0.0,0.0,0.0,0.0,0.0,0.0,0.0,0.0,0.0,0.0,0.0,1.3782544597273694,7.45305629651847,12.165959351556062,19.93562653662241,32.56178253318283,46.1675395948993,59.34712095329418,78.52383069387632,84.68748368045172,83.48194774794378,81.33540791798704,81.13400629291712,79.1710356968552,73.18319393796985,69.03815743490432,66.84942154487746,64.9651508749087,60.57558887059551,59.00938754468862,58.99478812217905,57.7013766941279,55.6286044464179,53.61985292238438,52.13644809588506,50.930065625244666,49.69129912932365,48.4272035649434,47.21390588316045,46.269719426442215,46.39666974031535,48.61431834223185
528,0.28103481545888104,10.0,0.0,0.0,0.0,0.0,0.0,0.0,0.0,0.0,0.0,0.0,0.0,1.4524857564755167,7.963727621845805,13.008429349277186,21.051271766865376,34.54835810518765,50.15021447497389,64.26998651699827,85.28099716948898,90.81753976980107,90.65568943310554,87.37226541023261,87.32744640991271,85.57446225073284,78.6057253953167,77.74728564318991,76.77209145886368,70.7611122488827,63.61121706195934,66.51387056948971,65.6893578590998,63.392157820221655,61.36001595754101,60.01902396805597,59.58167316073508,58.974279909327834,57.238116903167935,54.988118437107026,53.12908604037168,52.22021347545183,51.8730610498082,51.504051473349286
529,0.17199299790544328,10.0,0.0,0.0,0.0,0.0,0.0,0.0,0.0,0.0,0.0,0.0,0.0,1.4658547356573186,7.827671973221337,12.632281217380296,20.480261932435983,33.93340407556364,47.9729508736256,62.57307569717541,82.2413604572726,88.53883866789458,87.2768535183749,85.17716107335671,84.65832242953446,82.71709629022101,76.38193099306908,74.68799533585633,74.61699096557015,70.61677667302088,61.91968098716873,63.8045724153247,61.63011204491097,59.23295052551968,57.720597851438185,56.795937263768444,56.321113830262014,55.532738560725214,53.83671639707182,51.79441026473069,50.16546591147411,49.34176065651237,48.59690559285142,46.99071575272865
530,0.19750617645907592,30.0,0.0,0.0,0.0,0.0,0.0,0.0,0.0,0.0,0.0,0.0,0.0,1.4066722977161876,8.230105070711303,13.79660168236743,22.208513867738617,35.95504626882773,51.424817144222544,66.62701189954106,88.3113830589341,94.79687900562362,93.35369065190052,91.33490277117399,90.89459322224106,89.4851721137993,81.85551181624383,79.58273951895917,76.02376119663816,73.15284744877003,69.42082458865299,65.5572592201993,63.09717435537931,64.0891666171935,64.20604831153656,62.54847195413228,59.82250864796728,57.14769154122326,55.343092815342764,54.20783424245175,53.349843834190594,52.53571445744786,52.0449147101065,52.275328159955436
531,0.22277475744427358,1.0,0.0,0.0,0.0,0.0,0.0,0.0,0.0,0.0,0.0,0.0,0.0,1.5308714606090201,7.423746999286044,11.839530572975772,20.205472415496498,32.24672712271459,46.836657555610145,60.320126206195624,80.16148222690202,84.91206758593526,84.40797627940358,81.41107766316851,81.68811177760354,79.76843723489908,73.55773608006217,72.30052372073975,70.64110198432016,64.85656976730684,60.984245198249305,59.96144872422243,57.2900239345339,56.408520993981575,55.823303683246216,54.92879703259565,53.86742909164167,52.876593262835144,52.081727614075966,51.128000567874615,49.572921242140644,47.476440119504275,46.592000810572706,49.053748484625
532,0.09362300732848722,30.0,0.0,0.0,0.0,0.0,0.0,0.0,0.0,0.0,0.0,0.0,0.0,1.3780487104004124,7.6753329553874705,12.694292410385357,20.768183650509798,33.55465169645091,48.14506338188823,62.400202385323816,82.1381130527824,87.80141392937047,87.05783634767322,85.28009066342895,84.75728882898095,82.84141204439821,76.29071674553433,73.99345545072984,73.8053738904446,67.85944629472704,62.56078786956666,64.12781774010193,62.80695929421156,60.57532193340056,59.69957503558081,59.034361435870714,57.300368690367314,54.88698403136526,52.48141856322339,50.50874261635036,49.29552203103463,48.980651330738304,49.03373447512711,48.768399429960894
533,0.12681384390078448,30.0,0.0,0.0,0.0,0.0,0.0,0.0,0.0,0.0,0.0,0.0,0.0,1.305197247718031,7.806824064815126,13.149936926619281,20.90117923579303,33.75599790220767,49.114735156296064,63.61313898604648,84.43562131641467,90.55475888587522,88.94542322928729,87.04705575404303,86.46455107663135,85.11663409607546,78.15617976799217,76.02918392131315,72.10049776834097,68.12987220809426,63.92611710214554,64.25665176199612,62.31585197921123,60.3859206079193,59.50671966123996,58.49404128229477,56.43475672479485,54.293649897795405,53.03016654720953,52.29883689328225,51.49086029653921,50.26793023256855,49.22246251756296,49.126640053440774
534,0.2922356838866465,0.1,0.0,0.0,0.0,0.0,0.0,0.0,0.0,0.0,0.0,0.0,0.0,3.3274833246320386,8.214756067088368,11.13995215687451,23.435066903215606,31.900751158454803,48.437821212782175,62.85132423511055,81.08271876218768,87.48721860521844,87.15662482282049,84.77683164937501,83.64570194199423,82.4654579673283,75.87581031801308,75.39577511014359,74.57220332310804,68.08784514317342,62.79503629519609,61.10573001401404,58.759970441126086,59.595444097675085,58.987117547015664,56.869548294786576,54.83063526707187,53.15851321954122,51.795903054722245,50.53131222704331,49.134231688573266,47.584387865178975,46.5849955724423,46.97398200828775
535,0.3017614767316694,100.0,0.0,0.0,0.0,0.0,0.0,0.0,0.0,0.0,0.0,0.0,0.0,1.0738291616571636,6.443003525851049,10.94471383750002,17.637672823897493,28.085426352386424,40.776671444371964,52.693786617900464,69.67073074063354,74.27967965372854,74.20396612533777,71.6503198872987,71.63766412528105,69.86659150019103,64.71678900475028,62.142065526304464,60.49615273806117,56.75342383890895,52.69859015440498,53.249086584649106,53.31568612539499,52.20532650139583,50.73376275527746,49.07298140443882,47.302159438415806,45.67247982327418,44.38041251434536,43.348048769919565,42.444932587104944,41.64878336569119,41.321823340982995,41.922274447916585
536,0.1519551854144311,0.03,0.0,0.0,0.0,0.0,0.0,0.0,0.0,0.0,0.0,0.0,0.0,1.6333599224033275,7.637784582954194,12.760015395417946,19.669138525600722,33.08698992183225,47.10843668198605,61.099744970677364,80.29932534543725,86.31283241951816,85.00590831443698,83.47045083505125,82.06728754212138,80.97920238074519,74.97638946050867,72.93450710019431,69.8483156960843,67.10909129186409,61.633618428689644,61.56153159093885,60.1142794729404,61.24389999721229,58.10514038687219,53.88553420140428,52.93954942205458,53.17040631133447,51.95150020272486,49.90615142947841,48.35665969216918,48.11066631570125,48.49930251239635,48.50478969029582
537,0.13898672472473655,10.0,0.0,0.0,0.0,0.0,0.0,0.0,0.0,0.0,0.0,0.0,0.0,1.3366646669602296,7.447980837860558,12.377160913899262,20.369721832381227,32.43835975740252,46.928180783447566,60.77898314153183,80.55064618303223,86.21554546602617,84.77703869523447,83.04816891813529,82.4943335162099,80.98763285318229,74.12460868061268,72.73404695726207,68.71137926094778,64.33831041063456,60.5194239128192,61.39774155386394,60.58463364771939,58.514840013772904,57.2023033998795,56.174198440724105,54.6653934079209,52.784144731696486,50.82563666391335,49.04485228665426,47.661356365141664,46.782475489903405,46.15759840489443,45.46714277848877
538,0.2913848791450548,3.0,0.0,0.0,0.0,0.0,0.0,0.0,0.0,0.0,0.0,0.0,0.0,1.28195855935365,7.457937063175036,12.597261965697665,20.65259898919013,32.89444135952623,47.551213099099776,61.12839354920295,79.35783176187759,87.02276057697594,84.30305660315453,83.25622084058297,82.30968641200114,80.73337913139964,74.69700880630782,71.27403267468304,68.41513859182552,65.98168704103887,60.232785629702505,59.85096203129045,57.32248655412151,58.81711060404948,57.82079358885917,55.12828415607495,53.671843819682344,52.79286755491269,51.40836505730269,49.71663958539221,48.184359674065654,47.178432367270425,46.86044772891268,47.36511830743852
539,0.28810628501618596,10.0,0.0,0.0,0.0,0.0,0.0,0.0,0.0,0.0,0.0,0.0,0.0,1.3823893542637822,7.374077313285942,11.98173879621843,19.793281427760036,32.805335398468515,45.67410390027555,59.60743332910892,78.88152078559696,84.3383232776246,83.75632747707773,81.79727661280177,81.45190141036245,79.73078419647754,72.95793082937986,72.70122908000755,73.28701935587094,67.21074445327115,60.19276032937193,63.52986448319925,62.015645366712654,57.1645321436822,56.264315467205805,56.732104034783525,54.97389485006965,52.34093504791119,50.66615959306923,49.669447138045214,48.65435421195021,47.285564060382235,46.43319653861337,47.215992721560774
540,0.32029718613683816,1.0,0.0,0.0,0.0,0.0,0.0,0.0,0.0,0.0,0.0,0.0,0.0,1.1434962593563,7.763944208888879,13.559728841376845,20.882299507902815,34.75367700084243,48.197532469691765,63.04301223756049,83.37107582233592,89.76133218082927,87.54815690399158,86.24682973763726,85.42012079728455,84.40646779936935,77.59313996362452,73.83908632181499,68.57481494042565,68.26861839155022,60.72157013414583,64.65285511499926,60.62410684071446,58.412402347239215,58.01037440279651,57.46009212442012,55.97208257137669,53.90765065477869,51.844809886315026,50.22302138545834,49.416454154934726,49.56569155734628,49.90938034118193,49.450172235690935
541,0.1684213183106138,30.0,0.0,0.0,0.0,0.0,0.0,0.0,0.0,0.0,0.0,0.0,0.0,1.5754304080655537,8.552940612846546,13.954295837115392,22.69398052121939,36.80758794387073,52.67266103400286,68.56806912888361,89.75242264596214,96.607796197021,95.41785487479802,92.80679949639274,92.08400215133322,90.62673975379552,83.05765151353071,80.44798292585692,77.77342835740671,74.30968082659122,68.77637280717045,68.46635252835213,67.95328184759602,66.43568067626148,64.27871319129628,62.14783701253842,60.59948498520335,59.42367767405172,58.301336024093224,57.11108161140058,55.78324504923364,54.364623419808375,53.325963150459245,53.2135023134348
542,0.2021044954040616,0.1,0.0,0.0,0.0,0.0,0.0,0.0,0.0,0.0,0.0,0.0,0.0,1.387778923243101,7.345035606292589,12.128118366023756,19.905626296062806,31.93376879941002,46.1296192271811,59.63642750923548,77.68306879993924,83.9924916930372,82.28410848276116,81.32109719996717,80.08669953780289,78.53896217984011,72.84867096157117,70.36565559020703,65.9341428611226,65.29197380095826,58.11854222488345,60.51955560535303,55.78020770660343,56.99277790313588,57.51914894154068,55.72234792116889,53.29582756681329,50.92204914227742,48.94451641305587,47.533676966317984,46.819479445565435,46.828362111471336,47.14087512496054,47.22195740331262
543,0.24472171096285825,30.0,0.0,0.0,0.0,0.0,0.0,0.0,0.0,0.0,0.0,0.0,0.0,1.2685505526042127,7.472576994458072,12.614829574007395,20.495225187201513,33.08207020361335,47.25934417755057,60.56364042066993,81.11940432907943,86.77114704919705,85.30473415190238,83.46457420502266,82.37791396833329,81.00366277377708,74.81920318664933,74.03091098101795,71.28907924478463,65.40553132951902,62.89975334905068,62.644904308901836,62.23426545406562,59.10449109299651,57.436672409675666,56.96192129921381,56.2503503843832,55.07494584600554,53.54372980258124,51.90363451079007,50.410262675966784,49.21698100623844,48.17551531272661,47.080446995185646
544,0.35263542131116565,100.0,0.0,0.0,0.0,0.0,0.0,0.0,0.0,0.0,0.0,0.0,0.0,1.268845085026104,7.251103821308465,12.09162772161905,19.598292279084053,31.337086899657592,45.184477076885315,58.38870490612628,77.01162347035958,83.22043435679248,83.07374341963649,80.74187185860345,79.71181354934744,77.83734528165549,71.83483324277857,70.55906885521392,69.479343322539,66.1280109865465,62.173675714627635,60.93877941497019,58.922460902974464,56.50839735363912,54.68079589229027,53.42354922882555,52.53142447605878,51.751716196309204,50.87340397831001,49.865630844300604,48.74124977992393,47.533260306091755,46.3514216135689,45.3141541459263
545,0.31496370666870477,3.0,0.0,0.0,0.0,0.0,0.0,0.0,0.0,0.0,0.0,0.0,0.0,1.094828654974141,7.27951553203203,12.674781896028577,19.74153126344084,32.58550775520397,46.65381554238679,60.15711065530761,79.80594230152664,85.34370887915966,84.5296257578289,83.61960420193971,81.87069512827458,80.57103425085425,73.87781645387068,72.96110017499777,69.29226342584643,65.26408578718055,63.6502817063626,60.129087615012324,57.95389430341115,60.892930845065536,60.44989156399242,57.555925644030154,55.584538142768,54.02117863745173,51.918828259149166,49.739127215013205,48.18429078612213,47.66950318304959,47.786228768772936,47.947364122819465
546,0.34895423515014556,10.0,0.0,0.0,0.0,0.0,0.0,0.0,0.0,0.0,0.0,0.0,0.0,1.197659340756993,7.361508378480521,12.401169387068363,19.39938242962486,32.43040897039668,45.794750942639894,59.00578440550078,78.55476504361144,84.93582618054603,82.71772190995739,81.24968281445983,79.67691361331185,78.79806833391808,72.2576046726361,71.27685196648807,64.13885484281005,63.15744239429857,59.10655261981304,59.83052550445331,58.548241398645885,57.71457476366096,57.247013144144816,56.091125052907735,53.806915950639855,51.395431195980215,49.78933008215855,48.846710238357936,48.21963824555719,47.547499965371905,46.33202178913459,44.10055574614678
547,0.43291574807147926,0.03,0.0,0.0,0.0,0.0,0.0,0.0,0.0,0.0,0.0,0.0,0.0,2.6097966161777104,8.1597894182583,12.148477321914557,22.09049341658112,33.212668733162126,48.74850042634688,63.566514967706766,83.53881930366678,89.48612937925454,89.06231346575588,87.82339281785295,85.9683913143536,84.87852697525217,77.9754380771401,76.17999198390838,68.57520154467652,67.8619420513278,64.54884319424984,63.021736256659565,66.02777800805174,58.88791915477866,56.93859548251775,58.12025167713784,56.39957258638243,53.350140545223304,51.47955488661437,50.52424193438715,49.68235996080278,48.58828885351132,48.368876150696146,50.5478788269671
548,0.2209593933140966,30.0,0.0,0.0,0.0,0.0,0.0,0.0,0.0,0.0,0.0,0.0,0.0,1.405951813935095,7.881522310541769,13.079505863888729,21.411613596998325,34.53890669432289,49.66447061479821,64.53595025649444,85.88472840896367,91.18346193375031,89.81073764938586,87.97631448945448,86.79088578449027,85.74498227021097,78.81258524585716,75.61367143535276,74.20374037414791,70.60877189072858,65.9351159244837,64.49879934384177,61.45444125451226,60.283821224173934,59.08473855081812,57.78282217743171,57.020987190732356,56.39585106378716,55.4058789642959,54.090645816506175,52.61547503864078,51.16217767929485,50.01168981270224,49.45123099370114
549,0.09269800523857209,30.0,0.0,0.0,0.0,0.0,0.0,0.0,0.0,0.0,0.0,0.0,0.0,1.4191162288098973,7.805908275578358,12.852861026417212,21.065678883280874,34.05321179329702,49.0007161276194,63.55288170259882,83.14338119823744,88.69196640946777,87.88531077156638,86.34927961384669,85.47112507688851,83.73947642849018,77.4563091049995,74.8158903385255,72.7569174104587,68.38674855657538,65.07920556269328,66.0258224201852,62.4041323665869,59.776490008778374,58.73486764457494,57.97378354360648,56.64672260550464,55.034069317624954,53.564089339236915,52.28574691192647,51.16122674315638,50.20970043388113,49.661815087611835,49.79743977137495
550,0.15982149999218387,100.0,0.0,0.0,0.0,0.0,0.0,0.0,0.0,0.0,0.0,0.0,0.0,1.3777928593962092,7.567096777393213,12.360616736646566,19.864184209382604,32.03661454690658,46.634479647197814,60.03002435610755,79.1141913820217,85.04938092949835,84.28091601232597,82.34547045943194,81.33221006349662,79.59054717285849,73.30480180582293,71.94851359117003,69.51396227138527,65.52512888530978,61.439039396840734,60.717242887075095,59.243143000130836,57.83199298252391,56.707219699739525,55.44965837181848,53.822766153396735,52.21682244134798,51.021503023125675,50.18580041586958,49.56688905349497,48.95759857867795,47.86975198167977,45.798093967511484
551,0.15506765554777996,100.0,0.0,0.0,0.0,0.0,0.0,0.0,0.0,0.0,0.0,0.0,0.0,1.3128608870799625,7.557811642518712,12.636016421885076,20.51541320606852,33.101793295197815,47.60930482614302,61.41716269914657,81.04931996571554,86.57771519542844,86.1206736079068,83.89293779813474,83.06508247381745,81.86553348170709,75.76183104385012,73.70427208167364,71.51778019170516,68.27316282065375,65.00424696832329,63.419883814638794,59.89052632126215,58.881053148188386,58.776553537353166,58.26003503016033,56.88653968650904,55.06780682684676,53.306093576838606,51.76291900931029,50.51249507736031,49.62216130940972,49.15385125448083,49.17421950751351
552,0.36407646166401886,1.0,0.0,0.0,0.0,0.0,0.0,0.0,0.0,0.0,0.0,0.0,0.0,1.3491160721377249,7.595639923416143,12.363041646857404,19.488764074707102,33.00957538470603,47.181565251123416,61.0028271929441,79.37906085935269,84.81109815839208,84.31748301072614,82.68282100615939,81.80265416879965,80.24257935037757,73.46248717527861,71.46984453727349,68.84716049977608,65.94648085061989,57.32958274587249,63.04636354441825,58.765207046641606,59.030830371167255,58.08893804661885,55.39946919638108,53.422829087732445,52.13401100486862,51.015704347101085,49.67785722823699,47.791369856267444,45.570938213711734,45.07233367399761,48.90144608649662
553,0.28588752682999874,30.0,0.0,0.0,0.0,0.0,0.0,0.0,0.0,0.0,0.0,0.0,0.0,1.3717860680662721,7.227678353747677,11.537130911273623,18.395041412116058,30.371141616924692,44.35455715040704,56.888148859841166,75.65771828649925,80.51124354509624,79.3111051030749,77.74300596397491,77.47369940089291,75.5850134863132,69.44963471823563,68.38468028871058,65.62525247488801,62.18698036900507,59.702197104584734,57.43962586195001,55.306752030635835,54.69103574907387,53.91060181737598,52.60626316571251,51.03208880322762,49.54697359178881,48.39971044907747,47.420808568258785,46.35870209126893,45.19235695386383,44.72194892519519,45.94627250816206
554,0.11935493336208534,100.0,0.0,0.0,0.0,0.0,0.0,0.0,0.0,0.0,0.0,0.0,0.0,1.3242826980143547,7.671004668192872,12.8478373310907,20.733617200070594,33.06706185255407,48.14106180985797,62.63942563965503,82.09604221215054,87.64921248477097,87.66439485574968,85.07740798815402,84.61647717781409,82.61799082737171,76.11897633767393,73.83581788268768,71.04485517998185,66.25790953504143,62.048767431583954,61.64557812929499,61.309820203615764,59.80257476894308,58.01549995176936,56.220452146509885,54.468018967879104,52.85557382049936,51.458521995631415,50.25526187015375,49.20461333759406,48.33081327520685,47.90194835040018,48.24618353279444
555,0.356692128218227,0.3,0.0,0.0,0.0,0.0,0.0,0.0,0.0,0.0,0.0,0.0,0.0,0.8035707574623668,7.159675713301176,13.478870490013392,18.900353720961533,34.34332600536967,46.65354688692413,59.98104176477399,79.52930495794361,85.46645638407973,83.61312942789029,82.1045573586509,81.53197316173889,80.48395492189721,73.57521213373049,71.3172227643577,69.09065568396754,66.28920376512029,59.02081713772789,64.29878216108204,57.267631730961014,56.318533382433806,56.327860351319934,54.73345927462201,52.29037925189236,50.28786393823397,49.56879716598088,49.30001875151349,48.2952343921103,46.16726432349227,45.271414629128735,48.583875272472845
556,0.15827131010402123,1.0,0.0,0.0,0.0,0.0,0.0,0.0,0.0,0.0,0.0,0.0,0.0,0.7472511562507438,7.484224529180766,14.26542151936452,19.01279936298011,35.44936868973114,48.62014334256273,62.76107062156412,82.93415900381906,90.05202908334098,88.3036568836914,86.31080932167521,85.55857161047085,84.21987632996489,76.81745090075124,75.4416047533529,71.60129360907071,69.44300970971197,62.705955602151086,64.10596823137665,62.08289938611962,60.993079123939246,59.30803762599406,57.18311631121675,55.60852274787067,54.223537442486794,52.59728200519383,51.09700170446707,50.23431173701944,50.27274994838583,50.59579576457478,50.36255364084082
557,0.4997766019055663,3.0,0.0,0.0,0.0,0.0,0.0,0.0,0.0,0.0,0.0,0.0,0.0,1.485420780071508,7.840224861782594,12.689807664166214,20.953131303493723,34.70710313692242,48.63673472400409,62.1703323965235,83.62496229064323,88.4266855168095,87.91469992767765,84.99712764177445,84.55146228494701,83.72595692527392,76.81821119668372,76.2753654953848,73.39140599616383,68.22335625495991,64.29276810902674,71.7476606925653,60.51921339086786,60.98005828122276,60.00205276910052,56.724559600894885,55.635049292264945,55.392444406544854,54.03170584513179,52.04769044965504,50.452752643906386,49.866169771983174,49.7751976215622,49.41815781469007
558,0.13830040989305817,30.0,0.0,0.0,0.0,0.0,0.0,0.0,0.0,0.0,0.0,0.0,0.0,1.5642031155799387,8.011655275729764,12.836964938399946,21.100847691437792,33.85992474549746,49.17329260378418,64.07063646541575,83.64295355686451,90.08548336464943,89.13373074963977,86.73186320833217,86.29777264419775,84.57326825208541,78.55373093182453,74.82594864663085,72.27514513173108,68.57505948465608,63.292455864363326,64.32576516766416,63.464253629844485,61.1322832844902,59.243467236234935,57.75580559525538,56.37273005539997,55.0832607647414,53.92694345836404,52.890309939880844,51.9484142540715,51.025129360668956,49.84365012513049,48.10578095231323
559,0.27650859377048337,0.3,0.0,0.0,0.0,0.0,0.0,0.0,0.0,0.0,0.0,0.0,0.0,2.034910525167264,7.6867008303162825,11.573189823279916,21.505099140214032,31.801542076725564,47.97330990872415,62.09730633495075,80.11486817944713,86.76968163234038,85.59677837322297,83.33786795165113,83.22353913815263,81.73542345303441,74.91926408934184,72.6654680221085,72.35738139159248,66.54658604846126,58.16284419155931,62.92151278540275,58.661133078106694,58.6235732389213,57.831702353459384,55.96606886879648,55.16205021510515,54.599229561814695,53.17588341086702,51.27712927687556,49.59005964137783,48.62218421792845,48.46964876549952,49.16486517113264
560,0.25886294831552115,10.0,0.0,0.0,0.0,0.0,0.0,0.0,0.0,0.0,0.0,0.0,0.0,1.1438771634707465,6.686714909531131,11.249233403519776,18.25254946589206,29.443293951551365,42.56948165544619,55.23982172331376,72.73745868032263,77.75570349888191,76.32892454607648,75.92947043691643,74.26697274504774,73.52014437423914,67.28191468354908,65.97305846497616,63.27357179789417,62.10739461875073,55.878903482807026,56.158988902777054,55.30939336463474,54.47156280315044,52.563359163125526,50.22088088782782,48.5337491881602,47.43194607072978,46.6186750354145,45.83784355490421,44.85413809926664,43.70081140125541,43.38294977918857,45.1629648636594
561,0.2757025347728659,1.0,0.0,0.0,0.0,0.0,0.0,0.0,0.0,0.0,0.0,0.0,0.0,2.437478754617958,8.220031828008452,11.952138114131309,22.891175314280236,32.96611592851641,49.1919740161012,63.54512246070338,84.11363121767985,89.05810832406141,89.33863406729627,86.5437275615703,85.63452057515387,84.60792034254001,78.30789110522724,73.56075742909691,73.06878653661117,70.75982939828256,62.65776182303624,64.02760659542054,61.78692123462215,60.01100447554713,59.66112154177355,58.88794155797811,56.4861166254668,53.8046517227386,52.17247315544103,51.22974751552685,50.29297098398245,49.0706618376957,48.62150894569369,50.33509182187295
562,0.2049877373956452,100.0,0.0,0.0,0.0,0.0,0.0,0.0,0.0,0.0,0.0,0.0,0.0,1.47147329969294,7.6796192891615584,12.337864548855109,20.167843602149727,33.066656646751156,47.39791257530864,61.36482020958665,81.4394997050939,86.74181918072908,86.24780290494479,83.52769010830934,83.46114706365042,81.58062083010873,75.48116820102332,72.68934984066554,71.40237052651247,68.51623840383483,62.398448887163816,59.01652282210911,59.337001739614806,59.535774409737456,59.05303795725201,58.07333104586734,56.698016305893425,55.07307386827124,53.35373778826969,51.712929694850985,50.310977864090994,49.298797906241624,48.84916732915981,49.15007094431661
563,0.1893016905955805,30.0,0.0,0.0,0.0,0.0,0.0,0.0,0.0,0.0,0.0,0.0,0.0,1.5727737869407312,8.13594019543839,13.073800103875511,21.56653294660059,35.28400424054276,50.60564924153193,65.82596815933908,86.34348686659166,92.14704206763311,91.54858510462402,88.89747158462866,88.22593650581854,86.4232944500863,79.69768046686306,77.84808361170154,75.26374603606293,68.3810838101389,64.82516581337123,66.70417655997207,62.91773111690301,61.454546244818616,61.22897967552538,60.31812512329171,58.048959633591636,55.47187349031672,53.62823654045461,52.44631995023653,51.63611255749813,51.08458983790427,51.28377181675126,52.91096210897217
564,0.23535916595817066,0.3,0.0,0.0,0.0,0.0,0.0,0.0,0.0,0.0,0.0,0.0,0.0,1.0243401505456238,7.414162760592404,13.074893833425776,19.438330231298924,34.04906137592489,47.36257356551586,61.46391843946809,81.33710163568732,87.22008257802669,85.25633473389759,84.37827085495313,83.2105347873358,82.1185157249878,75.49297881078276,73.08398809729027,69.09378711637578,67.36531672529811,59.66883549181789,64.66579852721621,56.85715478114317,57.16908284189097,56.56025521379174,54.2739306447643,53.49457458790429,53.167886715574134,51.807786929365534,49.944088505784194,48.51631322145185,48.12451388126622,48.40077399654273,48.7605558587983
565,0.17490075234922833,30.0,0.0,0.0,0.0,0.0,0.0,0.0,0.0,0.0,0.0,0.0,0.0,1.2595103674721684,7.482108821599545,12.669413803439571,20.60036501281015,33.550972967954486,48.57453224499345,62.72711026783196,81.885057446472,87.49918749708965,87.24279156398052,84.75247462809791,83.78838423091264,82.71794310924133,75.870256610635,74.93473353425911,71.24207832797572,68.05616344672168,63.140209927044474,62.37391917513165,61.21846518137022,61.68677409473601,59.592482119518365,56.23183780109245,54.02207828026754,52.744568199759534,51.77160291866052,50.896907363773096,50.01765991783993,49.15995538340673,48.832249231232936,49.66372456191441
566,0.28077190070544894,100.0,0.0,0.0,0.0,0.0,0.0,0.0,0.0,0.0,0.0,0.0,0.0,1.285743038180541,7.295249559922417,12.134634919165553,19.739779120520364,31.846149571565928,45.87025407679942,58.91821321763892,77.38032155499108,82.37449228953201,82.51354288502155,80.84707474109679,80.51647325255358,78.31761953925316,72.51065364876783,69.68347784194209,66.56999603873824,62.99542892940614,60.031106056005164,59.03075485885895,57.90600765951424,56.187385258563786,53.981879980910044,51.91168423551992,50.489074853080055,49.53885641317572,48.78850104290505,48.12436407598008,47.4732451333758,46.782173282301095,46.067033682850436,45.358807505531885
567,0.29204879167017744,10.0,0.0,0.0,0.0,0.0,0.0,0.0,0.0,0.0,0.0,0.0,0.0,1.1925471356993,7.527237419821249,12.77969883111314,19.817675403980928,33.107978321274445,47.26638794180697,61.0447851858187,80.09994097231382,86.40572720849016,84.28716961937025,83.12490681985615,82.82662946962624,81.3179833894633,73.98028703323655,73.74889446837894,69.88218403702027,65.20358629499385,61.305557959724545,63.78522143472959,57.846719936976896,57.960501608667855,57.925332202449376,56.60856384039347,55.703507261455194,54.96341064162159,53.8336279617422,52.30231910903187,50.48877042338636,48.714895251528745,48.08330105195036,49.903792658647006
568,0.16792806041179606,30.0,0.0,0.0,0.0,0.0,0.0,0.0,0.0,0.0,0.0,0.0,0.0,1.2998365250608257,7.34396236298947,12.107283662194785,19.389419917320836,31.50910567348853,45.63254321792021,58.865487151068315,77.15030504022434,82.69406433792905,82.31372315813832,79.38241575700924,79.71690814174939,77.8928753507775,72.30104270494856,69.05246890563171,65.68021240822247,63.70474557955912,59.749900244977454,60.43825960677925,58.95294502179935,57.810253261748784,56.36426326435654,54.584556729245904,52.93270722839977,51.46464655599156,50.14704752674272,48.962789152861966,47.899161778674774,47.005402719779916,46.56948433708964,46.938218336145546
569,0.34779018440718745,1.0,0.0,0.0,0.0,0.0,0.0,0.0,0.0,0.0,0.0,0.0,0.0,1.6813515670324957,7.277753719177126,11.303825633259217,20.121019671093194,30.607281092332393,44.93283730056685,58.52048756954914,76.52038092588765,82.49766856898134,80.50403203434978,79.45057489197903,78.52610886096488,77.98044347964031,70.35296574746141,69.63797941597055,68.86476203081672,64.1481376933586,56.83026353469495,63.47567358209174,56.603204162790114,56.10548543175608,56.06261615107423,54.373543869965594,52.45545691037008,50.82590316042969,49.62874295595,48.49469138113251,46.9674211094817,44.99722022554679,43.8820094479995,45.16916992734668
570,0.21134610429005266,30.0,0.0,0.0,0.0,0.0,0.0,0.0,0.0,0.0,0.0,0.0,0.0,1.4804691070666396,7.92701351420044,12.849421745888923,20.866832564230535,34.01504174976994,49.16973329068919,63.0830319930087,84.10289071394253,89.60156704730012,88.31515540386935,86.8318962921794,85.21529513117243,83.93612923551059,77.19307676798796,74.34345834542498,70.72990317517815,68.16638637588709,62.49793358747966,62.088500718792716,59.70205883763857,59.30116031583588,59.35482803847082,58.545475402625065,56.602719083617046,54.383616780140954,52.70680721005273,51.548679423488,50.71383773612268,49.963329036840314,48.82861267091967,46.8307572809026
571,0.11408467910073396,30.0,0.0,0.0,0.0,0.0,0.0,0.0,0.0,0.0,0.0,0.0,0.0,1.3623868165231305,7.504851278459715,12.335055015362032,20.17999928128844,33.07028073058453,47.318203441302565,61.08626224597595,80.59867837655922,86.06265400222074,85.11232294311223,83.57538450953362,82.74342281981586,81.18315820493304,74.65575152814739,71.82412981480964,69.60072904175239,67.88946536116953,60.9845201895135,59.63386048412076,61.26800614954204,59.715955320635004,58.09662546981206,56.77232444271189,55.06036289606365,53.324386599435016,51.987304075816766,50.90083797986921,49.80166303359625,48.581628721276616,47.66239959024663,47.567038097648435
572,0.19107718138314647,10.0,0.0,0.0,0.0,0.0,0.0,0.0,0.0,0.0,0.0,0.0,0.0,1.3162876529044965,7.573500461820905,12.588169575550932,20.100499531960427,32.30902132672349,47.45234504157715,61.128487118718176,81.39143068771166,86.57610514777738,86.07179160640563,83.38367216342326,82.9712773659216,81.35168917768486,74.88716814676025,73.21063599788059,71.624474719056,66.08230728499606,59.373285019659335,62.30826419954503,59.69865779316196,57.79034409977767,55.81999232228218,53.86406315092022,52.75014331210776,51.918710218676885,50.739119747408544,49.43696315688296,48.414355216878434,47.918512261683844,47.70099446808997,47.402987686943185
573,0.19758867584252432,1.0,0.0,0.0,0.0,0.0,0.0,0.0,0.0,0.0,0.0,0.0,0.0,1.4774550669426183,7.970271055781791,13.098912434400313,21.65131302289773,34.36924526940626,49.59927970528883,64.71325264225057,84.82789612971632,90.66547693795812,89.6344940828324,87.67864115845134,87.11933953476897,84.80301746390002,78.63094394524312,74.07147319344399,70.00860425775288,71.20029718248206,63.2598211060344,65.50246211633787,61.38203907804401,60.11723447062041,61.029895560382634,61.125285142793906,58.88565812980201,56.01272826133258,54.22902872070341,53.19175333846692,52.15840807876291,50.77324406840862,49.98122889871852,51.00768527778729
574,0.2557042760305238,0.3,0.0,0.0,0.0,0.0,0.0,0.0,0.0,0.0,0.0,0.0,0.0,1.1265055426900574,7.607528788978221,13.196469252725041,20.283357780080774,34.42536316254454,48.23655446676285,62.737017607942434,82.69652306488085,89.26556398915744,88.56565515596942,85.51737339679345,84.71784137697772,83.67723178566246,76.9191842103423,74.04642670466804,69.17831020557657,69.01333048340436,64.50931443586599,67.53271907973426,63.84845314035771,61.12482057053398,59.68577453075391,57.82155233037635,54.970546070675205,52.70073929426061,52.27497729834641,52.65396323905352,52.27270085662937,50.30986252300869,48.70055902978457,49.85035613077408
575,0.3360988630193426,10.0,0.0,0.0,0.0,0.0,0.0,0.0,0.0,0.0,0.0,0.0,0.0,1.2432920605673108,7.556205259972556,12.866745479914934,20.67017070121524,33.182420148317355,47.10554339034929,61.71773109404587,81.87215615180219,87.7610204812339,85.69627542860518,84.82294183791338,84.13550884367764,82.35789352702179,76.16829014729024,73.90812168592565,68.12438308757996,68.33051990800095,63.63578049688615,63.56814495104272,61.87272596249017,59.819721883525766,59.56187442581141,59.356086759250566,57.40165062023343,54.85202769674855,53.07745978822509,52.077350965360225,51.57744612476787,51.16901297476616,49.82228986032538,46.50050129219653
576,0.26124799065298243,100.0,0.0,0.0,0.0,0.0,0.0,0.0,0.0,0.0,0.0,0.0,0.0,1.1577021618049126,6.862840341390604,11.625461229861921,18.90606350770508,30.500762797072287,44.171982076812036,56.67451206569915,75.13587476806494,80.10062811419618,78.89455902068086,77.09593318831122,77.48806922783551,75.20111271260735,70.0290275442063,66.81871458016474,63.99251426463931,61.09238804463488,58.0208545451936,56.42252426476879,54.9336865281187,53.653264879031504,52.43960998565003,51.34232987935467,50.45211904076267,49.63219839162949,48.72795708094905,47.70515485172451,46.559700680825046,45.333633186682455,44.23947068350137,43.51267766988627
577,0.2762758840194493,100.0,0.0,0.0,0.0,0.0,0.0,0.0,0.0,0.0,0.0,0.0,0.0,1.2401685455221627,7.22200128076006,12.165742949305855,19.859077224778616,31.979386653217993,46.318800973318936,59.199967208511104,77.40430772104537,84.3693650631145,82.22111735977391,80.51363285948187,80.3017802699439,78.52529029459346,72.8274943525558,69.88515191998077,66.02336013083433,62.018785101548964,59.51696725579614,59.640974923286585,58.92923014072591,56.388333011714046,54.38844025931994,53.23879728962735,52.58502169316835,51.98666395588246,51.085210387286004,49.89587427279937,48.52244991744033,47.12185546423538,46.06966743502517,45.77035583704901
578,0.29889023261397585,10.0,0.0,0.0,0.0,0.0,0.0,0.0,0.0,0.0,0.0,0.0,0.0,1.270429467547858,6.902067273803081,11.361724595644784,18.894749854133995,30.583138244969074,42.86980883001092,56.09500524246414,74.08627227847175,79.48665943398174,78.3939130382727,76.26486485725076,75.69186469361905,74.76872472545432,68.58114672572826,67.38076383413164,65.77681267422533,61.916465803597745,56.02357954602173,59.46681146324743,55.97218118383825,53.24224884995272,51.51665080956502,50.067100732595286,48.88958101374799,47.70681203348672,46.30414678707486,44.89194656943083,43.75422225980504,43.08704272820497,42.84008882620746,42.915340091219285
579,0.17985634548236384,30.0,0.0,0.0,0.0,0.0,0.0,0.0,0.0,0.0,0.0,0.0,0.0,1.3765826235170024,7.368402553219455,11.979599523889236,19.622576795338393,31.98365470901861,45.757172269735314,59.151508978074915,77.04288217132267,83.31288199016298,81.96167803904154,80.64922011388335,79.92308857356258,78.46188590951655,72.008650872405,69.47253849213308,67.2231646514835,63.4696525814218,60.76844513811867,61.00206814659397,59.437928792081024,57.43916305158575,56.346460064227806,55.567830640457494,54.35930534361331,52.64771305780927,50.584297760311756,48.5250063530042,46.82575135132001,45.79707848415426,45.74477932520437,47.0244146323493
580,0.2059457880425635,30.0,0.0,0.0,0.0,0.0,0.0,0.0,0.0,0.0,0.0,0.0,0.0,1.4933040044619295,7.818575889902486,12.645150587266484,20.89742563292951,34.035907819425674,48.89259647291698,62.80015124013348,82.18140146858758,87.82072357928067,88.40657218502919,85.94732580965893,84.81870182934551,83.0580000014204,76.88259314928933,73.98069285846236,72.46249538496107,68.62557878391029,63.766613602863444,62.94868009414096,60.2798924195154,59.28438849761168,58.91278191447286,57.92065958191987,55.91045255955124,53.78758873533984,52.38493644735161,51.44264509564312,50.48338496915537,49.27214443851104,48.398637459409855,48.61827806987872
581,0.2810621318186837,3.0,0.0,0.0,0.0,0.0,0.0,0.0,0.0,0.0,0.0,0.0,0.0,1.341761421683881,7.702793054292923,12.71004691483678,20.33751363082056,34.361316742364984,47.818578805868526,61.844354861995996,81.02269274626332,87.32391981977062,86.57614560269589,84.62578095759292,84.13683625780327,81.83892192631096,75.64551336270038,74.41959178035172,72.71582736427786,68.16333942806745,61.27334608503623,64.5659707514526,59.94593255479126,59.14025674802575,58.969354591406464,57.7903972986416,56.08223837546808,54.428807469194886,53.2266343366407,52.22100009379,51.02774756148826,49.63925536857627,49.39296148983323,52.00848496260576
582,0.25126371537455516,3.0,0.0,0.0,0.0,0.0,0.0,0.0,0.0,0.0,0.0,0.0,0.0,1.1347101600993326,7.486122225817983,12.870412793233037,19.716676773145345,33.11497472817867,46.83811817971386,61.223615143717794,81.51140605723938,86.29036770216902,85.63326349294864,83.48989625528021,83.78420229403032,80.99912101127573,75.06516658308102,71.97607231158452,70.05453937876574,68.38888151789126,61.393067364929635,62.70832296200443,61.430079110499186,59.660688473991975,58.78483831650653,57.940052276888565,56.44733636289307,54.81742522832484,53.60312944090086,52.59217783075262,51.4150002131562,49.93398550077291,48.80273248231421,48.81583658230049
583,0.18871107500744638,300.0,0.0,0.0,0.0,0.0,0.0,0.0,0.0,0.0,0.0,0.0,0.0,1.2463356405583994,7.403172548898643,12.491526720164384,20.013876257883318,32.095096960721634,47.48377159407611,61.127558482605274,79.85672203826105,85.27339021841155,84.89188167647724,82.70691194374089,81.96237163730275,80.23586327104458,74.27949851054957,71.0549888806278,68.32046571711105,65.0824732057025,61.503533137211505,59.049766816836296,57.84250186956977,57.39922042882696,56.34757658476415,54.69263616883475,52.841272583374995,51.13603192746664,49.81489795353361,48.87054770181565,48.24650718591182,47.9199680330409,47.97577035386036,48.532516647937214
584,0.19516391896036997,100.0,0.0,0.0,0.0,0.0,0.0,0.0,0.0,0.0,0.0,0.0,0.0,1.1821091644201844,6.95351832066559,11.690224990627538,18.769172727200512,30.088663485350523,43.876365229171476,56.68807996101644,74.16050258906517,79.3534244265094,78.69296734214498,76.982160943807,76.34058723339407,75.37471874402856,68.73874531900579,68.40588194113849,65.76308794502796,61.62854926114966,58.430261557779275,56.79455318304152,55.356658136383295,54.03632792632739,52.755298864897135,51.50643490641333,50.29777244334869,49.019488091131905,47.588504350451956,46.10428876962644,44.69696308855634,43.638984384502024,43.812134886505355,46.352501911998715
585,0.17920318946684677,30.0,0.0,0.0,0.0,0.0,0.0,0.0,0.0,0.0,0.0,0.0,0.0,1.3366032778362773,7.49131799646971,12.359972383931215,20.105601412106665,33.23622278888416,47.52937962585727,61.36179480396391,80.58731341004017,86.50567637961741,85.25911279724386,83.10655217619515,82.97695206144212,81.34290507721435,75.6062101459943,72.32428288424033,70.53317097660279,66.99246378862428,61.55425852914302,60.2307198323482,58.2690898211643,58.32817361860567,57.83303600890638,56.24788529735711,54.184281777336324,52.33150909300479,51.15126250730579,50.390322553972446,49.65400929179973,48.6350874792753,47.297020730231175,45.67322319720448
586,0.34593788539967485,3.0,0.0,0.0,0.0,0.0,0.0,0.0,0.0,0.0,0.0,0.0,0.0,1.5030188036992727,8.226407389515813,13.4610135028506,21.795428726488215,35.07553592922118,50.11712925837484,65.34792493709105,86.26324171081217,92.49342838004942,92.01457527110847,89.0734567528572,89.78650690532164,86.59462390967508,80.03390084905,78.31718187916975,74.77445482930395,70.53254140700024,64.11854875709174,69.69079744692489,64.73604279732601,62.38065573050424,61.337056710463166,59.56274008991385,56.952053490327124,54.6621580865285,53.63816233899889,53.41089617243958,53.223998145783845,52.61236361976551,52.2012848692733,52.872244845128634
587,0.2555714678669045,0.3,0.0,0.0,0.0,0.0,0.0,0.0,0.0,0.0,0.0,0.0,0.0,1.3624178653351393,8.041865069430127,13.324622742489982,20.895228248270257,34.76090147515861,49.06330179700088,63.75544235006823,84.53364153733872,90.33032280996045,89.21937254735603,87.39473731126489,86.3206212786779,84.88039744221108,77.80151271537478,77.14742212465461,71.24389908547118,72.9710578643411,64.42299660157198,66.96865472182503,62.940298229695856,62.010505447630386,61.69702115795756,59.8926079869813,56.67356921838268,53.82359945268228,52.68777827217909,52.42836359685896,51.77444774068748,50.12311419405336,49.25606260717065,51.477180761338154
588,0.30089679178086487,10.0,0.0,0.0,0.0,0.0,0.0,0.0,0.0,0.0,0.0,0.0,0.0,1.0820198830520087,7.25550277524752,12.693070388010282,19.900681674451196,33.1465989074851,47.69405094016941,61.68798783976898,80.53014181206028,87.58132579657746,85.52028664588468,84.3226299835114,83.18758588496358,81.57558343845777,74.8097261863245,73.43229091665408,70.63835052673437,66.04649366414121,60.33674427913429,58.5795986575096,60.22990672458843,59.84667607371978,56.9745796560532,54.15310366366913,53.18055437072604,52.975451745013686,52.20283618114361,50.93505987723145,49.575744792021936,48.532275149070124,48.34016794914107,49.59789551762495
589,0.16627053349754392,30.0,0.0,0.0,0.0,0.0,0.0,0.0,0.0,0.0,0.0,0.0,0.0,1.3195869004543932,7.764892045642307,13.128338564245684,21.390948388740465,34.396877360428526,49.96429702154372,64.71008780762617,84.53766228522413,90.27820350409479,88.95724516859975,87.61672096883066,86.4872500813982,84.54036336678331,78.01592149178285,75.98112590969939,73.10608917586865,67.51400234094763,63.907123422541424,65.72601481147485,63.344988539759065,62.86750745676289,61.367271296974295,58.9308518982937,56.95449248424742,55.42437984211439,54.07398608907459,52.83077319465516,51.66910137445713,50.637215109304506,50.06460789621471,50.34517508308194
590,0.14436515643940295,3.0,0.0,0.0,0.0,0.0,0.0,0.0,0.0,0.0,0.0,0.0,0.0,1.3449561818617546,8.01112262904009,13.46707864725969,21.50658853291978,35.40144048120591,51.020658276417834,65.819125687537,86.29041813065298,92.47987650919453,91.52086629470939,89.28725852875444,89.476494313483,87.44673042341057,80.161536176185,77.55998434603937,73.27100373889425,71.39719033951944,66.56579464516652,65.03045149938414,63.518807636813435,63.00335534150853,61.795386356051615,59.96130236989859,58.213664597143264,56.83181935772799,55.887996234259774,55.0818996728697,54.04122808324835,52.62112705026987,51.468736498334785,51.37321657629254
591,0.245167777494972,100.0,0.0,0.0,0.0,0.0,0.0,0.0,0.0,0.0,0.0,0.0,0.0,1.2499751279341915,6.932894527385282,11.455993834092428,18.79737173863683,30.436003421633394,43.43362557972085,55.86596951833858,74.4941550244892,79.53917744685013,78.33673493255458,77.13290918542693,76.59843125638538,74.5288376008769,69.40242529137822,65.83186576135407,63.41803966850934,60.442495498042284,58.37458597459554,57.33324242199863,55.987483652692305,55.30123536940643,54.241461638487635,52.60171844375692,50.6277987428579,48.73124466637311,47.23033460301394,46.087251087234215,45.1939274720321,44.55414214861745,44.57531473482323,45.78953035191741
592,0.31460626041479234,30.0,0.0,0.0,0.0,0.0,0.0,0.0,0.0,0.0,0.0,0.0,0.0,1.2804528373964665,7.270083620355333,12.125242283382455,19.90541915276239,32.37897536354699,46.13026411974878,59.51134025151498,77.7596444439788,84.17353414179695,82.77835713001555,81.96744177356247,80.85075487227849,78.68349430061433,72.20286030700694,69.33642820010401,66.04371898925159,62.58386841845123,59.8213524208059,59.454299520340456,57.491502427980414,57.21236118510862,56.32321744019734,54.556398401527346,52.61750378847967,50.81575071486398,49.318782658994586,48.181618077286366,47.43478403940344,47.032273635868854,46.613736116263226,45.75442970500262
593,0.23796442162943018,100.0,0.0,0.0,0.0,0.0,0.0,0.0,0.0,0.0,0.0,0.0,0.0,1.3526645397706263,7.898008994999627,13.267099758773442,21.34766370038969,33.7566664393808,48.90896488911726,63.51292415728141,83.28339192585652,90.46950303922102,88.41504453591028,87.43235507996759,86.27184964659568,84.34576116091564,77.55959946743283,76.75050656086479,73.89414668531876,68.78821076203954,65.0565754603817,64.74110597262138,63.01778466647617,60.563706408738646,59.065521718027064,58.20421594179002,57.34484830270111,56.22378200400854,54.7509038162035,53.127064097412145,51.601096123141424,50.34083013008325,49.28946508426611,48.3448291882918
594,0.2513551188028223,10.0,0.0,0.0,0.0,0.0,0.0,0.0,0.0,0.0,0.0,0.0,0.0,1.282574294126555,6.955329412492585,11.34777240206939,18.444719922633883,29.83906017910639,43.10399389458868,56.236848109917915,73.36596865378442,79.14178351550576,78.35727015300543,76.41692651237588,75.79965223613742,74.14764959254283,68.3736195510133,66.36866434128461,64.2056419270996,62.449851741001225,58.22111232933704,54.204277010697766,53.69883675236229,54.614378440219,53.51608888632295,51.22203288632986,49.28759419848185,47.96724583207943,47.1833726872728,46.694417218356755,46.231089914669745,45.618357399426905,45.01610978951868,44.656922486590275
595,0.33761586159986245,30.0,0.0,0.0,0.0,0.0,0.0,0.0,0.0,0.0,0.0,0.0,0.0,1.4454998763250677,7.712361477703644,12.65744969280691,21.23375654555969,34.20846994704264,48.05614911137065,62.40091105705245,81.92282563259553,88.49168134505025,86.73816350742499,85.32260054987239,84.66419236127639,83.15328669593106,76.16937482291115,73.40851842764874,71.69865447947397,69.04687543881602,65.7135777067263,66.35782560539309,65.6472354474985,61.33516498087712,58.699086111100875,57.512761552244925,56.336845655505215,55.05723071221153,53.81437019794599,52.55314032362542,51.17845583018461,49.83115017855861,49.528549522949284,51.53877187188708
596,0.20099308518283712,30.0,0.0,0.0,0.0,0.0,0.0,0.0,0.0,0.0,0.0,0.0,0.0,1.5257127379409325,7.848503094335519,12.584922250007637,20.77151994196188,34.04186590158957,48.95997158812441,63.13163227823497,82.5486152504396,88.45960655714856,87.20691161846922,85.49612472060299,84.55697615631411,83.52090749857328,76.17439427678589,73.43447936056799,71.36602160981784,66.05693261588546,61.310667960399535,61.789231761009944,61.698734184628506,60.00845499306178,58.77859613750609,57.51494047393036,55.43317848082819,53.23722966494164,51.673672519042476,50.633275956510154,49.837246292963535,49.0727021620023,48.31025386853244,47.56387070946859
597,0.12155057456195757,30.0,0.0,0.0,0.0,0.0,0.0,0.0,0.0,0.0,0.0,0.0,0.0,1.3139565916961338,7.248092380843469,11.906962491799277,19.336672956472754,31.180382582920025,44.85549101678465,58.58958836492431,76.8778378677995,82.56002220400205,81.37480153881401,80.03685615858832,79.00885951257266,77.61093396989246,71.915030625327,69.82670456441564,68.88690756230037,63.45638902553068,59.013510041398256,58.868510794762315,56.19020732604566,55.04989266104681,54.202735726418744,53.07261341056022,51.839214007372384,50.66081210423088,49.632010674513424,48.6535901201955,47.588111614808476,46.475624790513024,46.00507203807491,47.02159022649605
598,0.344049418415912,0.3,0.0,0.0,0.0,0.0,0.0,0.0,0.0,0.0,0.0,0.0,0.0,1.3498196026075835,7.652634966016599,12.763561802316376,20.674044874870276,32.973172141998305,48.23200432330835,62.17922800012687,81.73670453417905,88.21303450472381,86.38190472526192,85.32208210763045,83.92738528091552,82.29283636292834,75.7477841582541,73.41241702039065,72.03285314487736,69.98792709156078,62.05077408995035,67.59990716326453,64.30752716330359,57.70192006025633,57.34611622996089,59.139644055569605,57.80288702728724,54.96679216198201,53.152845026032026,52.23211636304741,51.542765913445336,50.532528863721446,48.932689087304055,46.58274985299334
599,0.36120713087333783,10.0,0.0,0.0,0.0,0.0,0.0,0.0,0.0,0.0,0.0,0.0,0.0,1.21771900190129,7.408230146141522,12.660560644197334,20.560338471524897,33.373879196391485,47.22206008117788,60.60943217075917,80.73659993437215,86.87506957585025,85.96382784363618,83.81952626797853,82.87992731046516,81.29372911890424,75.58778083929893,72.68330488679386,70.0553646518957,66.47041103288443,62.26749321404182,64.72464423245462,61.55031380958522,59.500452919605635,55.86530640164727,52.48576668300542,51.82106155502712,52.273658854626724,51.88093459441978,50.75011833362934,49.49967425067722,48.66370931266782,48.600796831706276,49.657637188968316
600,0.18544241603975084,100.0,0.0,0.0,0.0,0.0,0.0,0.0,0.0,0.0,0.0,0.0,0.0,1.3311512662685185,7.912431306024843,13.412262037303949,21.74264447624214,34.88061169763829,50.770315692515965,65.10615069368934,85.57361629913287,91.51707532060507,90.43224971942874,88.49859426670314,88.18842610128165,86.24652904090313,78.97091705980266,77.30716841260468,74.38838627241924,69.9289618578653,66.87617881881778,64.17567100521761,61.70457088025326,60.59250939109928,59.651246969319416,58.40376314314267,56.812132068229005,55.11975085858555,53.568153706247266,52.20567678130939,51.03488551550797,50.09136755907366,49.5397978921344,49.576192532719524
601,0.2711952703990376,1.0,0.0,0.0,0.0,0.0,0.0,0.0,0.0,0.0,0.0,0.0,0.0,1.8736092505052153,7.755937233008327,11.79015986552522,20.84095932136269,32.09105372651609,46.929610221364804,61.099713538236465,79.83991395362037,85.93028862785607,85.16591717031234,82.65278814697106,82.5212621661844,81.95545546738904,74.54381467315089,74.0171531993322,70.4958295159325,68.40429092670725,61.779338898929566,61.1634519892618,59.088313761344914,57.77865163278651,56.52375767273497,55.37306722858656,54.717862263140034,53.786820508746715,51.91237241921859,49.77202107582787,48.258147013513565,47.88508474804351,48.05633941862068,47.92053935009133
602,0.17001839859196163,100.0,0.0,0.0,0.0,0.0,0.0,0.0,0.0,0.0,0.0,0.0,0.0,1.2902759058686641,7.706941347941235,13.074216596612954,21.069616402286,33.48313234657065,49.00258111434808,63.196541213811464,83.13348356628705,88.98391150126537,87.81096666497055,85.9146187539268,85.10201931834983,83.30456010400594,77.01642845902758,73.55906375558543,70.75137280791748,68.15364572583023,65.04437372743968,64.97522739971848,63.45532499896808,61.142854572020845,59.73010464173085,58.71707989176454,57.37109992670587,55.807919696461205,54.290232872529046,52.91602870435251,51.73939586671953,50.8403199683829,50.41618820642892,50.69736552579664
603,0.2750347376884433,100.0,0.0,0.0,0.0,0.0,0.0,0.0,0.0,0.0,0.0,0.0,0.0,1.1996775094754526,7.254686566972613,12.44622004846311,20.44910018301599,32.79320233887922,46.83011418613667,60.432658118107355,80.18516619710361,85.24980954680338,84.4082810319651,82.75221679362569,81.85278980633639,79.96236931390536,73.51819204148255,71.0251538955616,68.64096003303727,64.38069311182655,60.71089683938018,61.27223932760607,61.28358743494365,59.17785774792998,57.21872426025154,55.77407412769034,54.57748691545208,53.33252917287947,51.83780957848352,50.234919385585044,48.72831991954252,47.4679570216797,46.46915481955658,45.71850901334022
604,0.19340278914709594,100.0,0.0,0.0,0.0,0.0,0.0,0.0,0.0,0.0,0.0,0.0,0.0,1.2970142018801563,7.312662591740497,12.180227665999698,20.010097480016356,32.24060762788725,46.178557208742745,59.40598295285327,78.82825712722322,84.5943734959419,83.48101954296416,81.6062333132212,81.22474774339827,79.093705988208,73.23594716502893,70.12628475632756,69.5505161005528,64.78532778391329,59.44035273163079,58.48236378639984,57.683868013834925,58.06162450419454,57.64843898249388,56.30823198504655,54.66989342209115,53.015915371025315,51.488094476844125,50.06445188062954,48.68880554583417,47.352437582242906,46.21134942975044,45.44757590879583
605,0.14996939475361196,10.0,0.0,0.0,0.0,0.0,0.0,0.0,0.0,0.0,0.0,0.0,0.0,1.4017607717424125,7.768835886532791,12.809571412118542,20.850034802567013,33.50365974108024,48.75496546892387,63.0055323697601,82.89960544193566,88.5422925895333,88.06283122453802,85.7224316507012,85.56681631115343,83.4488365297378,76.93744974943466,73.61061092875403,67.33950840710703,66.76273932526229,63.01605440691525,63.206002135307926,62.402960116832375,60.31942672781131,58.11346486115415,56.235891023104,54.85969980760904,53.62340645571181,52.17099378742145,50.56545653769337,48.957230180954284,47.642565200704986,47.537889198714964,49.784370790733355
606,0.2608751304401329,0.03,0.0,0.0,0.0,0.0,0.0,0.0,0.0,0.0,0.0,0.0,0.0,2.5197914958590393,8.113220194152117,12.284824432016443,22.219847108606064,33.31885527891033,48.90583532341263,63.65078483551068,83.96704691628483,90.03227573408645,88.2050176404391,85.93931875463338,85.93688629985245,84.77088874911753,77.7449512547062,74.25094478496557,70.23577406911214,67.26539884112643,61.89400862526833,64.53240372171481,59.80076017963849,59.39417764936751,59.73195559476769,58.75732385330486,56.65040062325775,54.18291624409915,52.07633700863834,50.61580274836743,49.984033544973784,50.21501641666771,50.69562940351448,50.634537165705794
607,0.12186716606783396,30.0,0.0,0.0,0.0,0.0,0.0,0.0,0.0,0.0,0.0,0.0,0.0,1.3039873913457793,7.578057640827168,12.760189617888258,20.89332598208493,33.66178780929546,47.86026481931777,62.01109896109156,81.62397777724536,87.72103140138216,86.78048756688588,84.78704683965621,84.23632401991907,82.80753652169088,76.08793349325282,74.67321955865941,70.94895758731082,67.35594103231132,63.77367141647946,61.765340831821995,59.92900649499025,58.53032155976059,57.47073263474861,56.366768280828246,54.97431042946065,53.541728335199075,52.32467924393101,51.229466238326594,50.09025462766825,48.83943465218191,47.74448423867218,47.13097599619569
608,0.12846357864733673,30.0,0.0,0.0,0.0,0.0,0.0,0.0,0.0,0.0,0.0,0.0,0.0,1.3903204910262328,7.720010396609186,12.746447965792573,20.81874920986061,33.53454678740047,47.93180695868028,62.032755756412826,82.61216056748428,87.5999193620019,86.7131495520817,85.30993919844025,84.19515367445841,82.87610276709688,76.31060415488274,74.80893253204137,72.10821885988541,66.00843050601516,62.668247837860214,64.73325719914148,61.12839926190295,58.19324942063012,57.87596290892196,57.978432401992585,56.566400649898576,54.405097977410016,52.60077391593259,51.29821135248484,50.431567960109696,49.891403752600816,49.35397930425408,48.45557610179676
609,0.30446074322781613,3.0,0.0,0.0,0.0,0.0,0.0,0.0,0.0,0.0,0.0,0.0,0.0,1.6402520822230835,7.378258292489436,11.360119777449604,19.312414886255013,30.997521993502342,44.64492095252892,58.16937987520606,75.92450609058452,82.6032626130361,80.53228413122208,78.1282303650171,78.32576626279877,76.34854672731569,70.60289078252755,68.7011587966394,64.62096849821486,63.922957245864886,58.432222754601796,58.9873768591142,56.08710732224283,55.42395097157541,53.8962703104984,51.910229590158245,51.036199731691845,50.54715108680069,49.483338754677085,47.943210640879904,46.265926572371264,44.913337964744855,44.93805589350719,47.65168225006441
610,0.15714236560649844,3.0,0.0,0.0,0.0,0.0,0.0,0.0,0.0,0.0,0.0,0.0,0.0,1.3391029352591974,7.184717043676329,11.707591252830621,19.240409019578998,31.321504127052677,44.319613170651024,57.84496971760808,76.29871217117059,82.49414983365543,80.60375390158669,79.06765104785951,78.31714837254773,77.10576888841811,70.81823491215572,68.50345340410774,65.39879086308949,64.16822568019033,58.37424573929302,57.95124815137161,56.473475474287596,54.58552360010138,53.85593133248337,53.517562532894864,52.655225466032604,51.413443020331904,50.112233347999755,48.78730609035819,47.408511705582995,46.0387161533524,45.08346556355261,45.00808162240746
611,0.13774997383511703,100.0,0.0,0.0,0.0,0.0,0.0,0.0,0.0,0.0,0.0,0.0,0.0,1.3887653954918375,7.65593286541756,12.585535356267059,20.50962017842606,33.212150427077695,47.66583978169103,61.324423653217146,81.58031285372678,87.23524033784128,86.5596486870478,84.21844742104985,83.73493271841677,82.41401502606253,75.43523928191816,72.63738702772373,71.74782279804772,66.77661294604728,61.619119861939446,61.04736250831358,61.22276380792922,59.609783910166584,57.59946058145987,55.798142211536295,54.33580632789036,53.17556921625138,52.23175973139645,51.36264147204537,50.42011157639118,49.33901504748996,48.34391057072833,47.7118778084451
612,0.2194830898641734,100.0,0.0,0.0,0.0,0.0,0.0,0.0,0.0,0.0,0.0,0.0,0.0,1.3536060742918858,7.883773160418615,13.333186251808353,22.03678869761207,35.73513445611004,51.24427355658121,66.08291627412277,86.62621311854129,93.0526096892185,91.7613883293688,89.58785239559175,88.85601040899485,87.01771778436512,80.33708842055235,77.77008023719294,76.13939374216105,71.38716780564843,65.31816052262421,63.88633717240461,63.56961837858218,62.0879053839057,60.79411019760091,59.86324804549099,58.980046085613836,57.78295607032765,56.039829225438964,53.995819889816424,51.978906404633875,50.327000066100275,49.55243575066094,50.21917356881531
613,0.2774802982355486,10.0,0.0,0.0,0.0,0.0,0.0,0.0,0.0,0.0,0.0,0.0,0.0,1.4929866330654644,7.652249735619886,12.342949584809846,20.61604514691102,33.22336983348146,48.38244685669547,61.8453322985468,81.40480807010212,87.28845830953442,86.62268080199179,84.36162829552315,84.08782243908801,83.0264508895665,75.27899901534909,72.12645591932744,69.71663419428155,67.3907599439501,63.73091193714322,61.42303690394761,59.27164693351469,59.715087031017205,58.39200017141233,56.02011407979061,54.50915078799371,53.464337761346485,52.19653150742651,50.76063520715838,49.37354547732209,48.255429755325515,47.71084824621268,48.06976209645812
614,0.09483729242679609,30.0,0.0,0.0,0.0,0.0,0.0,0.0,0.0,0.0,0.0,0.0,0.0,1.5331354954379872,8.102424058887188,13.132452274375368,21.58291365525552,35.00645912131347,50.44447885729806,65.14102445503623,86.04400873070709,92.26982040295941,91.16645390832338,89.06183966545935,88.35081827294637,86.8822452033144,79.81926794883519,78.0000861222433,74.26495634573395,71.80492153325164,65.88104510578994,65.05088056204117,64.14029562091824,62.92694583083602,61.01222997982723,59.213316159326325,58.359227169877755,57.72911352942259,56.4956350141048,54.753569157525796,52.80826605112179,51.07232265704807,50.45843970988837,52.024295942917334
615,0.15116784575927444,30.0,0.0,0.0,0.0,0.0,0.0,0.0,0.0,0.0,0.0,0.0,0.0,1.1721829296109394,7.163191562213165,12.182814739688595,19.479127299831966,31.811715887978494,45.83068200653551,59.45292619870573,77.60359713955349,82.90708737069747,82.12178965740594,80.45852947444374,80.03284503271166,78.05468349774095,71.8331216611414,70.762033763461,69.34612433494674,65.45871699550818,60.815607338352834,59.83229101013486,57.38715130312118,56.149450621356685,54.84418371241305,53.1991461712127,51.58479867883856,50.183706368073466,49.066882369509116,48.08065622105208,47.030355809541284,45.956757037864094,45.76225808617989,47.59323484828295
616,0.27473114426270784,100.0,0.0,0.0,0.0,0.0,0.0,0.0,0.0,0.0,0.0,0.0,0.0,1.417988704450698,8.136515487048914,13.546480459000021,21.759507411422288,34.72873212139812,50.33983873180821,64.72633861973203,85.4307677980695,91.96006515468883,91.72990013668982,88.75432999264575,88.54225286239338,86.6492257228109,80.20299761306718,77.55113174496955,74.76516323740354,69.16086817195358,65.21414388571513,67.22328123407715,66.61169116237258,63.47156834014829,60.745435807684515,58.586855812524036,56.64419842130693,55.011807773215736,53.79625716572398,52.80170032754094,51.77636475696487,50.64612950706358,49.96574143707025,50.42509886300242
617,0.2847203602022981,30.0,0.0,0.0,0.0,0.0,0.0,0.0,0.0,0.0,0.0,0.0,0.0,1.3781120554558042,8.117769792935912,13.629185417984301,21.773526781282644,34.828137702021465,50.79028621806089,66.67842212886245,86.55886379795275,92.84437380481506,91.28630355259179,89.65538849358803,89.5348460474482,88.13826317078902,79.90735283980877,78.79719527399071,76.62590826383565,71.8454832233093,65.75781479733851,67.56619332569014,65.65849998221161,63.53161302862601,62.204960395561756,60.94000151456935,59.294365736847126,57.47885427228651,55.801065805516,54.41954800947384,53.45027870607826,52.93858293344085,52.667600574667205,52.36328192124236
618,0.24039435640251827,30.0,0.0,0.0,0.0,0.0,0.0,0.0,0.0,0.0,0.0,0.0,0.0,1.3386634767135774,7.470699218319088,12.344304539800111,20.073932971579968,32.28679143602429,46.38439561369059,60.07766358870807,79.38106316044747,85.09464276394809,83.7406061037517,81.713075106432,82.14957579213436,80.31163963500677,73.81945037308722,73.47124377615478,69.78417560987525,66.3679509541476,61.504977276188995,60.939428624222025,59.61585487010741,59.47197246483609,58.87763812952046,57.46269029680726,55.624364672354986,53.67658536877593,51.85775746555194,50.2772320499224,49.00732671313525,48.186087999429986,48.233817390006244,49.68055640544217
619,0.2651515118629197,30.0,0.0,0.0,0.0,0.0,0.0,0.0,0.0,0.0,0.0,0.0,0.0,1.3711830784265362,7.356044488707982,11.950706938858692,19.494654335942833,31.867342094027496,45.78800267506951,59.27595795210364,78.6898008320404,83.98505079731777,82.36206375690578,80.72584586204155,80.19892260820981,78.42706483697533,73.1505592670423,70.5385584119801,66.97512751987193,63.06179102936579,57.773171620575404,57.54447227361746,56.94538930814225,55.15608972841107,54.61178593574918,54.6301771500577,53.99060140353741,52.74200369040151,51.216100996608844,49.61312298937107,48.086007816511,46.79133228865182,45.95654811048657,45.82235992743086
620,0.21780961907345672,100.0,0.0,0.0,0.0,0.0,0.0,0.0,0.0,0.0,0.0,0.0,0.0,1.5150261150075948,8.435607478468604,13.9524433053984,22.76630894025025,36.39337004247712,52.26544464132886,67.87381249260518,89.97122349349601,95.97602238370644,94.31771540605868,92.36197001856463,92.18370227412133,89.93849549572823,82.95463618634996,82.26936805794472,80.54533466840364,73.81927574103771,68.22165551480128,66.52080713513807,65.06707451100583,63.854826601520145,62.585376806035,61.31842906665771,60.225009522280054,59.1685575256824,57.97919374403523,56.618535827503294,55.08191702116313,53.47453112585764,52.30847115706865,52.16150978934359
621,0.2465553976034809,100.0,0.0,0.0,0.0,0.0,0.0,0.0,0.0,0.0,0.0,0.0,0.0,1.2137464415604806,7.212532675374274,12.277416804536148,20.12564313737147,32.212193524834504,46.21489480703303,59.490536842121664,78.9001813148425,83.31743511240951,83.03503362415817,81.17978857656126,80.53525173863846,79.06993148554433,72.95353088501736,69.63508415375573,67.23577029963486,64.57412006554748,61.94808939239565,61.390832903352106,60.406163597184914,58.31536017358703,56.44851285441465,54.97367398931033,53.69622776611705,52.42835349784726,51.02849914678732,49.49663873558234,47.86501361042529,46.29526534124429,45.44395160370738,46.0698236166172
622,0.2969649309225179,100.0,0.0,0.0,0.0,0.0,0.0,0.0,0.0,0.0,0.0,0.0,0.0,1.320238066423915,7.805659370904004,13.14264842020127,21.050524779383057,33.72179837839888,49.60039909227635,63.98017868365786,83.23048926668187,89.45759606720938,88.04370242862905,85.71728897203516,86.41400399654358,84.632076181442,78.05811841922518,73.92786338822974,70.71488669771175,66.96832601801613,62.64298473122909,61.75723342296511,60.415181751167566,60.07358670418177,59.20871878425301,57.5374868283759,55.485480847571374,53.56155239229614,52.1383419804166,51.15920316245136,50.482695929921974,49.95069386863855,49.29674988845909,48.24031965661751
623,0.19009612442716511,100.0,0.0,0.0,0.0,0.0,0.0,0.0,0.0,0.0,0.0,0.0,0.0,1.335283293482336,7.54717680612354,12.549394894881155,20.521018507397113,33.30076777720965,47.74808154703468,62.029647834020786,82.19922491109452,86.79785277477885,85.98225707069412,84.0407018666086,83.93852415292358,81.98595413865849,76.51424055418781,73.56451648141301,70.73033264914191,66.09533366930728,62.872996684322025,62.49147748488434,60.58122397514047,58.408733233911526,57.048973412710836,56.03815090643541,54.844290233674194,53.5476110448441,52.32354517392186,51.18656610391712,50.113779849980226,49.11219266851298,48.300317437302574,47.81743280586077
624,0.2468401475750333,100.0,0.0,0.0,0.0,0.0,0.0,0.0,0.0,0.0,0.0,0.0,0.0,1.1979866409558708,7.427649624857348,12.818892872890999,20.760077076260863,33.014808108000615,47.9191050557188,61.69530073957913,81.63666505720163,86.10591294909032,85.4539064541098,83.95072892042677,83.31244609336031,81.48194112014603,75.09267033695208,72.80604209033862,70.74663720645317,67.57837777524358,63.45627263657227,61.70619514929929,59.60631317391902,57.80323478880296,56.15376342237046,54.828145554090966,54.02341133151038,53.256836979271746,52.05013279393922,50.51034733071612,48.872064041876484,47.478145819072154,47.16409691783751,48.929257560690466
625,0.3451048089239889,0.3,0.0,0.0,0.0,0.0,0.0,0.0,0.0,0.0,0.0,0.0,0.0,0.7466211348513663,6.962893446239311,13.080144308766322,17.737653656778075,32.39532544849924,44.3517875130331,57.38179904624209,76.38004563526162,82.06416750495461,79.72264641245702,79.20800783956376,77.88720997919289,76.32989284182351,70.26028904754723,67.72553093081353,64.79273498872034,65.60541660595621,58.86871305128278,59.58607933683359,58.0850201948911,57.2731844916906,55.67829669651039,53.39515242052267,51.34250497737399,49.65069185379776,48.2879185430423,47.282853836438214,46.679632222478006,46.41717504167442,46.00369619832299,44.860969416382375
626,0.25049583904806927,3.0,0.0,0.0,0.0,0.0,0.0,0.0,0.0,0.0,0.0,0.0,0.0,1.3325312580920234,7.1825498273815755,11.704144915048978,19.14807370890287,31.276749336734873,44.585421732907456,57.446438561267335,75.3090914793129,81.92505020385792,80.00591447895165,78.72662344355498,77.89580958646339,76.92886202864557,70.0808051650659,69.56290942522472,68.31537231823492,63.05338244432681,55.73917505366885,58.76651790122623,55.84606248689614,55.247549093112426,54.14188507468142,52.10962480816284,50.39729065384391,49.239338695321415,48.58118896674553,48.13417136834185,47.56399483394323,46.67347244592314,45.75543302632367,45.19899451971366
627,0.14103007483959817,100.0,0.0,0.0,0.0,0.0,0.0,0.0,0.0,0.0,0.0,0.0,0.0,1.341577552900519,7.767170150522858,13.010876185944895,21.014456800959017,33.444978529908155,48.27798600035231,62.50654858381722,83.3722865814757,88.28894055442619,87.51448614984461,85.34252568619843,84.87796916538338,83.63380766180691,76.78481191890009,74.32623937371326,72.31653805675589,68.8611450868209,65.24282937989028,64.47656352816537,62.24270459504726,61.051911603392064,59.84244251673127,58.30970000181752,56.69064906923972,55.04061300958499,53.38655376368007,51.81559062002911,50.41963004860134,49.30357063517055,48.655801740174155,48.68623091505983
628,0.3416862649416564,0.03,0.0,0.0,0.0,0.0,0.0,0.0,0.0,0.0,0.0,0.0,0.0,2.132853409137936,7.450913852852387,11.572707475891997,20.516420850087243,31.518009589245242,46.14564479659078,59.95006910499314,78.71856015663748,84.2147255463885,82.89001742763992,80.88458931356648,80.2792100254254,79.19026232247903,72.7532906425041,69.39734799723279,63.46492433993652,63.01648910541152,58.99312538443814,63.32370548468787,60.28279738164159,58.708108327396545,57.371868044474134,55.31023488580624,52.97922479208558,51.041054886599575,49.956554259307964,49.47120449941818,49.19201257532881,48.638249306850106,46.94992785901683,43.347465919300554
629,0.3027652615028407,0.3,0.0,0.0,0.0,0.0,0.0,0.0,0.0,0.0,0.0,0.0,0.0,1.769559854175627,8.162411692765112,12.986467496715623,22.6759330363322,34.996328659088455,51.605598924539756,66.94100543419196,87.19244303383394,94.6763476754516,92.87822825693243,90.06352616314858,89.88426063088221,88.01578890141921,80.7694159502434,80.98164615376513,79.20517529450882,75.11819417442419,66.16919462767108,68.34682108873085,64.15135515330645,63.90021877973823,63.91803273465612,62.554265499331,60.342715557551344,57.742863506906836,55.1871520533908,53.19015503075257,52.23575643773549,52.47492454167548,52.766729985648354,51.6399466323512
630,0.15272735162196718,100.0,0.0,0.0,0.0,0.0,0.0,0.0,0.0,0.0,0.0,0.0,0.0,1.3589717872720581,7.741323961760203,12.864409254197907,20.7724046114711,33.51986083127332,48.98576375526523,62.915375168294794,82.48294569708288,88.469867641525,87.26972023851647,86.07153177266852,84.47168059024904,83.13458667303317,76.27029239216888,74.11610533005631,71.4648908840273,67.55765398323891,63.78585851340707,61.435292490768795,59.537367286600194,58.63157048963775,57.8351544916206,56.67122283852814,55.04966823660727,53.38479686759635,52.070930338889774,51.09646356016154,50.363671364768216,49.77912581796487,49.238566051268286,48.6381701148634
631,0.17972060195031034,100.0,0.0,0.0,0.0,0.0,0.0,0.0,0.0,0.0,0.0,0.0,0.0,1.2646464958125818,7.3836969606103455,12.40482928054772,20.063581175481062,32.367792720868856,47.22794705383626,60.415909289332724,80.01158974679562,85.80226259110307,84.68538492476436,81.81567686441156,81.84369059027033,80.0749546998553,74.08285079114822,71.65476997228197,67.092085756371,63.75471574461732,60.61107929172984,59.50669459355893,59.9366062013479,59.175125790162376,56.896514691721144,54.42637744590684,52.82792616925585,51.83437740298971,50.98839073018469,50.13491424411504,49.19447168472689,48.14499698593417,47.16873127691853,46.483253175678335
632,0.23929992977200754,100.0,0.0,0.0,0.0,0.0,0.0,0.0,0.0,0.0,0.0,0.0,0.0,1.4256378894802082,8.198336941101088,13.613547602242601,21.727907571870926,35.137864678545895,51.81802291244796,65.98643796907743,86.95089018740995,93.5159471525372,92.0460757814237,90.39660207348452,89.29610394104635,87.91956396220552,81.29440479676089,76.99786840515765,72.38962110786004,69.78992736123347,67.30264517988181,65.55811562516874,63.62514584351762,62.94475725009421,62.14214180634331,60.80437486617242,59.06498452691321,57.193247523291696,55.41690528204074,53.75500252681574,52.1794767531632,50.78877667313309,50.159577191440775,50.98569300110418
633,0.3469015607625194,1.0,0.0,0.0,0.0,0.0,0.0,0.0,0.0,0.0,0.0,0.0,0.0,1.2422266381164062,7.122066321281261,11.928905036661195,19.544653839985976,31.52469628844874,45.41998822077358,59.16534286555712,77.77044787874893,83.10774239736762,82.53681160708807,79.93006086724725,79.89683497712205,77.24373527960039,72.17518044234808,69.41355960008443,67.87457726710771,66.79476893233644,55.707330299448266,61.67303864239642,56.20715174286169,56.92726610753954,56.14200557946815,53.79122918950619,53.27100129822217,53.06757005038457,51.26287357718525,48.71881541020956,46.810452650191294,46.4119844490311,47.172607095026436,48.49660597608864
634,0.18044081290433517,3.0,0.0,0.0,0.0,0.0,0.0,0.0,0.0,0.0,0.0,0.0,0.0,1.51792596128678,8.011346570401475,13.118392216490253,22.00445289698429,34.91449396154214,49.71321489541345,65.3781853720146,85.28446304440338,92.52635324508552,90.39134155744338,88.76843365716915,87.65637905543842,86.29683041911365,79.19975459636126,76.89145537940573,72.87997193564499,69.47265083776765,65.15882762014326,66.42938543188775,64.40879371245288,62.82612361482339,61.50780111677736,59.90415297607941,58.010374649310535,56.03011869482653,54.20775252249522,52.81862427865383,52.129352603686144,52.07086753505973,51.24415706739882,48.05252542501372
635,0.31699434203368565,1.0,0.0,0.0,0.0,0.0,0.0,0.0,0.0,0.0,0.0,0.0,0.0,2.239729146479934,8.059739541171622,11.891306670519633,22.282614464520556,32.75786833093267,48.487452718460965,63.93356007329708,83.29768333763124,90.08203967729126,87.45376240679529,86.30146080994528,85.3732975037857,83.98587767205704,77.44033609108637,75.4030755391708,68.79024015677214,72.1310289239878,63.845848555755275,65.91655056571635,62.18980302156295,60.77746951025297,59.590072621927675,58.207381812758285,57.49399207793156,56.62604747727187,54.806527962223676,52.76848980293571,51.50517954484998,51.51840649249748,51.689525740186404,50.50798043484951
636,0.18185442712651573,30.0,0.0,0.0,0.0,0.0,0.0,0.0,0.0,0.0,0.0,0.0,0.0,1.3982419838373379,7.687722496569835,12.636643841951116,20.663913204066606,33.60524516057145,48.3497058819481,62.17349650219194,81.90744438730135,87.44910649306873,85.84269001504879,84.23139303993187,84.0231575449857,82.07552643355656,75.17504744508301,74.28480243986628,73.82483779071636,67.6039066844268,61.638891941752135,61.65269647219648,59.76937136970745,58.629905822680115,57.45363413322681,56.32844288426135,55.72691420012505,54.979195351132724,53.4327932867433,51.48501143479845,49.730977625063446,48.628961613137065,48.36206235162068,49.081373896914734
637,0.18186431081414117,30.0,0.0,0.0,0.0,0.0,0.0,0.0,0.0,0.0,0.0,0.0,0.0,1.3526289997516163,7.3559567715125995,12.069988045011959,19.778275693415885,31.80662097429,46.40717059228687,59.53406213585424,78.53728329438871,83.9701667287268,83.95399734185953,81.12948734419813,80.92773810279192,78.6178923460205,73.26884989259801,71.36303907943922,70.28103731836377,64.45813232292384,58.42486348876916,58.917615939421616,57.050644447477666,55.7324186234993,54.71388147655044,53.54564810905115,52.23381145384197,50.809726726282875,49.32862848350883,47.91855105955708,46.7119863237188,45.882582432604785,45.812351104352416,46.96362864497551
638,0.18416831387574004,100.0,0.0,0.0,0.0,0.0,0.0,0.0,0.0,0.0,0.0,0.0,0.0,1.3039762270214077,7.517560264562669,12.597452771369177,20.522838621907013,33.13218771696228,48.0616973756985,61.2528058977107,80.54970002251245,86.26493117921862,85.20974266193583,83.28889554829,83.3233432977581,80.91114436379453,74.86179730437016,73.51406820574769,71.77008690348784,67.67734074713572,62.466052330222745,60.721834385892784,60.32258710173928,59.2729588920669,57.954161956727155,56.61897267754179,55.32954398688111,54.07249444328399,52.82903856206688,51.6254699347191,50.49580749772506,49.46469089666574,48.531513034004206,47.689854828583535
639,0.15914071740833463,30.0,0.0,0.0,0.0,0.0,0.0,0.0,0.0,0.0,0.0,0.0,0.0,1.511513288856447,8.201010577139456,13.443465648701237,22.03854103635049,35.27482297521244,50.745318725099466,65.98751021331648,86.47127275625509,92.37957931385877,91.62425350666572,89.7375382120971,88.67781606272214,86.71818407872755,80.48089557621603,78.87128208406719,74.87951579380159,69.88835732105605,65.5938119252772,67.40875929044977,66.36390587542478,63.614531478499,62.72654607998367,62.145107451961145,59.95588461611987,57.259665580478305,55.3557892409634,54.0894851779462,53.02009149030116,51.948638191208055,51.48758363453734,52.44469574478233
640,0.19257928032568847,100.0,0.0,0.0,0.0,0.0,0.0,0.0,0.0,0.0,0.0,0.0,0.0,1.3735344810326595,7.736373640113417,12.774714976708283,20.56369004495822,33.33130784067105,48.94983122170777,62.90765519450819,82.48986773185588,88.52124355038512,87.68274274666423,85.34294837359928,84.7092787688427,82.27748884100428,76.48249968123311,73.98165745324646,71.00904731204079,66.72525611805162,62.675279527565785,62.175986915693954,61.32460891980329,60.120825947415675,58.34267239214769,56.31653800713256,54.50833294329274,53.04751075581727,51.9591177641699,51.176253190149254,50.6168462158585,50.070083586826506,48.806619227921196,46.066497665407304
641,0.30227685796032644,0.03,0.0,0.0,0.0,0.0,0.0,0.0,0.0,0.0,0.0,0.0,0.0,2.5826623721187256,8.386161483721368,11.889083322665334,23.191375455909895,33.074357317920246,49.47035404353986,64.38690798325145,85.35096262475984,90.63930451926713,89.98022342994894,87.7450279332367,86.97612949420903,85.31679035005048,79.09385963184816,74.38039197916405,69.99607332821573,71.01362677913471,64.70123345607297,66.57505674325192,62.85560571948109,59.182313850676685,58.49015932043704,58.39937998699595,56.7561603827302,54.750927891806995,53.7984797006931,53.53911310730128,53.23378202735692,52.27947940927987,50.5608161666239,48.11371302990152
642,0.2979620132671131,0.03,0.0,0.0,0.0,0.0,0.0,0.0,0.0,0.0,0.0,0.0,0.0,1.9104336639659456,8.320543043830927,13.586860416474662,21.738077601906728,36.334711134639136,51.724599106433175,66.4936723592328,87.26356397341394,94.17365205157434,92.61604089302884,91.73200353626491,89.34865982120562,88.77319682727145,81.140768082113,78.98125118978096,72.06242105500904,71.52342960160935,68.52772576103243,70.36322431301127,66.02606121590443,64.109783723903,64.16377207620613,63.49909552058521,60.7620766045167,57.86572219624057,56.564708515364266,56.06290035888104,55.054416464506915,52.952051733715734,51.63901792325009,53.47076707274228
643,0.16676949986180345,100.0,0.0,0.0,0.0,0.0,0.0,0.0,0.0,0.0,0.0,0.0,0.0,1.3756223490174,7.859806206689663,13.161460103925894,21.644329433079292,35.08431055186342,50.31194445252435,64.51209715978267,85.66177360700608,92.25288411637611,90.46902393537245,88.42660016494105,88.06502580807904,86.33875372015584,79.3374087104975,77.31541154432756,74.84813147741262,70.70081375852186,67.4719643271036,66.92876431522691,64.96264625153336,62.976670481822396,61.18083205323913,59.50746507597333,58.00310783137361,56.66038626893342,55.443250719895254,54.25236562904214,52.98000549796279,51.605208168802996,50.40971115396627,49.72432074498501
644,0.2689547147079415,0.03,0.0,0.0,0.0,0.0,0.0,0.0,0.0,0.0,0.0,0.0,0.0,4.23886447002106,8.201820750652441,10.919805083491545,22.717032819818623,31.196623839185435,47.07596961322417,61.90004675509674,80.91180252290202,87.15939935386156,85.24437566067716,83.42164365403939,82.65732547331991,82.07870620534156,75.05478826936333,73.11309537741396,72.98804550516134,68.15472325430649,62.0025003262737,65.80066580245693,59.84515940145294,58.94764056744097,58.17848004076645,56.134887406964545,54.08998630787746,52.356345690117095,50.98784454130625,49.94286359448501,49.16397285005965,48.58535115642062,48.086853174009754,47.53900873996228
645,0.25158687139565716,30.0,0.0,0.0,0.0,0.0,0.0,0.0,0.0,0.0,0.0,0.0,0.0,1.4209012394098233,7.978544687536156,13.255762593172737,21.78661374141875,35.315623203697,50.0711601919149,64.57458670163355,85.31281994729909,92.30040921207718,90.04045169374685,88.79030985760437,88.00732198171478,86.50063077998105,79.2233649488669,76.70579190679754,76.39039744327071,71.63283600210053,67.93703349378707,66.22042567177932,62.85899660774107,61.85610847814808,61.419955929794625,60.43195499169593,58.686770585521366,56.6958758326573,55.00094795946323,53.77036438743917,53.08617186342246,52.831518513000105,52.08186113880416,49.78146662851455
646,0.2941793204751446,30.0,0.0,0.0,0.0,0.0,0.0,0.0,0.0,0.0,0.0,0.0,0.0,1.3322070048634722,7.110252948389066,11.599415799704596,19.217274141017914,31.200435556075384,43.923921141893615,57.10684182785338,75.29823678774133,81.47294834156061,79.3029360948512,78.33121482325824,78.40113571985496,76.36496765152786,70.75992784934489,67.97475674695598,65.26033112774901,61.03125138422484,57.888543282298144,57.56618017295763,55.419569847042695,54.002754086520255,52.72839387342799,51.47736320644406,50.477446217478594,49.48377789199816,48.24704268735529,46.883467750257374,45.58160339705755,44.572138047892295,44.31541937911443,45.350524753050244
647,0.2594753684794667,100.0,0.0,0.0,0.0,0.0,0.0,0.0,0.0,0.0,0.0,0.0,0.0,1.2825591175227062,7.596180283476998,12.833465385604777,20.65561427255674,32.782710795284565,47.65564965576583,61.86095349119353,82.05848364384958,87.36876942364219,86.60149186144307,84.44523095021992,84.25512130509824,82.89471240372066,76.37061534949603,73.09288598580935,73.14600303977194,69.45619004673887,63.54047082215752,61.901684452503616,61.29045488764033,60.04182283861276,58.59997599722335,57.3140224474887,56.32259499153998,55.38141897421669,54.24618122709111,52.98680193524,51.74001664925956,50.61456193366584,49.64918208750987,48.865058778277486
648,0.2269757674428356,3.0,0.0,0.0,0.0,0.0,0.0,0.0,0.0,0.0,0.0,0.0,0.0,1.6865245925244015,7.851350208663562,12.299716534185922,20.831738274194876,32.50310182910951,48.36763361611467,61.76804952021758,80.92670220175437,86.19443207472149,85.87844302399725,83.88744646426271,82.85259268791103,81.76953423878793,75.11084006573782,74.02901480969169,73.39679991831136,68.16952926469519,61.31263282639729,61.73659619305738,59.511739942804695,57.789678943503745,58.06134633742403,57.89593872882323,55.28762633959985,52.18216661650048,50.515733793073515,49.75735842291152,48.91367684824376,47.5461886594596,47.13192900576223,49.63475046439284
649,0.27465352425237416,0.3,0.0,0.0,0.0,0.0,0.0,0.0,0.0,0.0,0.0,0.0,0.0,1.1151134390242843,7.294514275740456,12.551050359188052,19.104995941030236,32.46958329898136,45.96460326246005,59.5348217761024,78.64791110156138,84.16641337734936,82.2563066668206,81.20218433058737,80.99727940653501,78.97967659473444,72.33973556753274,71.05436748493699,70.46744619855042,65.26068361157196,57.938187696654545,64.80420967067782,58.68042546631946,55.94538583547907,56.11044473910663,56.08977539254295,54.594949558592326,52.28278726866285,50.08005476593292,48.33089134027203,47.22658289748548,46.89344994653153,47.23221584027734,48.108015147544364
650,0.21558193913400364,100.0,0.0,0.0,0.0,0.0,0.0,0.0,0.0,0.0,0.0,0.0,0.0,1.2597025859437903,7.4560250158521,12.598885087875992,20.306890135976854,32.30613561671344,47.24323995870014,61.53569196451239,80.06086486051178,86.20223767142899,85.47828099475578,82.61005779509034,82.54026177965797,80.47604873871454,74.91035706886142,71.91514076835273,69.60026707389468,65.12655285771324,60.566245669957446,59.39903884092468,58.937849804753554,58.47814936217494,56.6712035669329,54.283510325553536,52.388573634064365,51.07066901020575,50.1956608491687,49.60389740095947,49.13737064661104,48.569161966012935,47.385208427402105,45.06667135908227
651,0.1842126596123297,100.0,0.0,0.0,0.0,0.0,0.0,0.0,0.0,0.0,0.0,0.0,0.0,1.2895614557252078,7.128428794245407,11.760640273162911,19.28111895590748,31.312676229175644,45.28489341825114,58.105715782224905,76.6672702087102,82.53416045473166,81.18904053276839,79.2203092423692,79.11426537496945,77.03410486096692,71.42742812007283,68.16870479131323,65.25675595908665,62.099487501208245,59.10536303823745,56.82722265696312,55.209317300063844,55.14793530366682,54.547563910961294,53.349322938550934,52.13247721780181,50.98807674670297,49.89157026415149,48.82396980789097,47.768218261382025,46.755517374919556,46.00017305824652,45.750981411225666
652,0.2956854032800384,1.0,0.0,0.0,0.0,0.0,0.0,0.0,0.0,0.0,0.0,0.0,0.0,1.8112081921449508,7.884731758773724,12.11781761369617,20.993662702619186,32.86540054113686,48.24457553557715,62.27278161434116,82.15209903253552,87.3896007852985,86.68694127613428,85.00663637362626,83.45600972607465,81.93184677094403,76.32461133421464,72.03761288403335,65.83904832901224,67.87477881367111,61.496439651546,62.72616713711985,62.58322735197764,61.886792560302204,59.35853677289363,56.60495639721852,55.482922961332704,55.04112187153064,54.03018560425344,52.36195575250054,50.23805480190499,48.10061847903042,47.30130415492004,49.42667545991267
653,0.27418158693122097,30.0,0.0,0.0,0.0,0.0,0.0,0.0,0.0,0.0,0.0,0.0,0.0,1.1944426388362166,7.108821646738599,12.152382419966706,20.07390506736837,31.950115069340104,45.641404376355595,59.06211508258657,78.6046595019541,83.51055366140189,83.06008460274626,81.23610229369051,80.07077021933735,78.48428457657037,71.88254275775368,70.08541529626481,68.39096873373843,64.5299808054069,60.25580433916318,61.30888848274919,58.74489575108089,57.26918662878221,55.544164882508944,53.452127943835364,51.69299199836453,50.34241782916413,49.33054143864349,48.55862781224463,47.92719339874302,47.36540442233267,46.89516871986054,46.55970698487352
654,0.2241016477415413,100.0,0.0,0.0,0.0,0.0,0.0,0.0,0.0,0.0,0.0,0.0,0.0,1.352263210586908,7.613528433321511,12.618629158788787,20.510115587070864,33.186324508280464,48.3589221587649,62.67402752490435,81.81826548398881,88.72201611220098,86.83000528073173,85.73810035796487,84.56635920121691,82.37453915581739,76.03146620871682,74.73255392497774,71.63061257154479,66.81015213632746,63.61362640942248,64.75344842737964,63.72567518963024,61.54528527852437,58.92267815228428,56.43586019582519,54.60039992888551,53.321279106984164,52.39292562662085,51.64749940098984,50.93271640080063,50.15221393090126,49.403120904829905,48.823055458948936
655,0.2599047600978287,1.0,0.0,0.0,0.0,0.0,0.0,0.0,0.0,0.0,0.0,0.0,0.0,0.9184707851132402,7.366056652554598,13.353288949566291,19.236488050434303,33.437056663835435,46.637155643841794,60.374309398909524,80.25669072968364,86.4404447109771,84.57885376233945,83.10050906277768,82.10518646933745,81.02538338403645,74.40883213084732,73.26147240630605,69.25284641220306,68.39277642123919,59.274210457204425,60.503874975763395,59.508346192815516,58.90927617581795,57.34117684429386,55.38933362415209,54.35005264738294,53.836441034141664,53.209020579590714,52.27465146419747,50.95803219954853,49.26292711278987,47.44689397405816,45.795478584688325
656,0.19244825570388685,10.0,0.0,0.0,0.0,0.0,0.0,0.0,0.0,0.0,0.0,0.0,0.0,1.3520925578177603,7.3397413078529645,12.053386816993285,19.847018163002847,31.912966709995352,46.3184007169793,60.05069153879871,79.14944244586896,84.0985199828851,83.80799249952246,81.81837369249688,80.85701006245851,78.89490052386671,73.29673439578347,72.49488881817821,69.44415981409743,65.1328103981087,61.98910305767601,61.72336224316172,58.618627246752844,58.057132609805926,57.015706097874194,54.8552988288496,52.39530981898089,50.52629201084732,49.791110337734125,49.632009221805625,49.25910774587366,48.178950950186106,46.98855973883289,46.49463161391799
657,0.20214536451044285,100.0,0.0,0.0,0.0,0.0,0.0,0.0,0.0,0.0,0.0,0.0,0.0,1.3278127315258192,7.495800054761987,12.505370381799336,20.564613985074164,32.946524505757985,47.282335852430776,61.37784038217452,80.07038373583043,85.66459260917641,84.89045257647886,82.66166055644712,81.6484770905675,80.32026564069423,74.37927668810055,72.05262024215568,68.62370698139532,64.945882587954,61.10800225221102,60.880658528640765,59.905837414767916,56.96002973097738,54.96697116767375,53.813267000061664,52.70911832763638,51.583492224816375,50.504611676406796,49.43702043479461,48.32373950695938,47.181898545046145,46.29854642378703,46.00890585310585
658,0.1831007943785778,100.0,0.0,0.0,0.0,0.0,0.0,0.0,0.0,0.0,0.0,0.0,0.0,1.4312477615959558,7.7250297089632705,12.597693701496983,20.58058727729528,33.42147964289673,48.101812558075025,62.1796823357857,82.05002776078045,87.83674700906498,86.65629698134111,84.9463195256086,84.12972266019327,81.81436607631038,76.32858008619075,74.52465515667059,70.59945317068012,67.27187257463314,64.87733791805522,62.628123819901425,60.49088864244561,60.08093381881443,58.852993901969654,56.75459717675368,54.5555309262472,52.53058316280264,50.81245711155713,49.491131377131566,48.64470372649586,48.301368857113424,48.287173521550685,48.38378041787137
659,0.23694369389877515,10.0,0.0,0.0,0.0,0.0,0.0,0.0,0.0,0.0,0.0,0.0,0.0,1.4235675248343174,7.702546224397184,12.485902401585198,20.21625578327908,33.712130105605624,47.7156549292139,61.784841635321435,80.63802572321785,87.1899327304735,86.4551130545415,84.59816944184165,83.30417244807356,81.91542893407536,74.97558722990603,73.15170551624072,68.67638874437552,66.15142016182271,60.603774320509665,63.796513875860946,62.39921510121993,57.92768094996445,56.86767280973033,57.393787594521044,56.612099992508405,54.735471427682654,52.61560103579983,50.581537925355924,48.813108846418615,47.520294313179235,47.11424764501777,48.08236364671868
660,0.36836043646292815,10.0,0.0,0.0,0.0,0.0,0.0,0.0,0.0,0.0,0.0,0.0,0.0,1.2705673623939417,7.700221155888656,13.01818032579514,20.708247929545436,33.91620129744476,48.40312669700587,61.94195920987602,82.29706878267825,89.10124183896554,87.86870228532007,85.71654107784519,85.31548815085132,83.24033191784183,76.42948532240162,76.40461999453197,75.13953646823268,67.25398268249631,61.03734974243024,65.67433674270825,64.2586841568992,63.05633966028638,61.248822866708025,58.735646942746996,56.47460895236547,54.88377438701974,54.06747359820066,53.445547355241104,52.303159798142644,50.41252666232828,49.21473247460386,50.45997219399322
661,0.20575475976769406,10.0,0.0,0.0,0.0,0.0,0.0,0.0,0.0,0.0,0.0,0.0,0.0,1.3184983178809135,7.356583871688082,12.117274460726792,19.539404702797796,31.399260733028264,45.88467750478837,59.52597533232917,77.93906277977926,83.83991864676003,83.50619196944463,80.48085584442003,81.02303305280509,78.45832817616024,72.82418311341881,71.00649223327137,69.0188708030679,66.4993138613955,58.75633331896599,60.48514435851398,58.8181479430315,57.92160818308015,57.114880590164724,55.58040671888284,53.43933063139052,51.363320712805674,49.88254789041502,48.763196303022895,47.62635924531772,46.405144065361974,46.12849454754169,48.12463070644566
662,0.2647553252261044,3.0,0.0,0.0,0.0,0.0,0.0,0.0,0.0,0.0,0.0,0.0,0.0,1.277909760839817,7.62065903868194,12.754536422066312,20.234309018639028,33.82803295674725,47.90332220605593,62.069962534200435,82.00348586320696,88.05466891827234,87.14864946923959,85.35509935676819,84.54288431902701,82.74684864054204,75.86271442478305,74.00261159407307,68.28949741118299,70.41751544171883,61.16389182689751,61.62004087051181,59.5552985900304,59.10330672906652,59.671212368004255,59.463350332728304,57.66177504843994,55.26956848859752,53.31273127540325,51.602824708655525,49.716566912008595,47.63467312087241,46.6716094940029,48.43132963290687
663,0.15277176388226332,10.0,0.0,0.0,0.0,0.0,0.0,0.0,0.0,0.0,0.0,0.0,0.0,1.2763791748706774,7.453128416093755,12.450984057757703,19.996366199007106,32.83840525508063,46.923338934278505,60.16618002261138,80.07542047688763,85.04076692650933,84.4911461559229,82.63915412687929,81.85341215099517,80.64277078476194,74.5673901020028,71.7880139646348,69.92818521884791,67.97908586676694,60.81771151864681,62.06520547078948,60.093554038793755,58.607950192639706,57.36698836517098,56.100544400923674,55.04455168601006,53.83769954172032,52.19243576640822,50.56443010643483,49.53056170868049,49.30015125698161,48.78333507806169,46.636721805140844
664,0.1613176696354485,100.0,0.0,0.0,0.0,0.0,0.0,0.0,0.0,0.0,0.0,0.0,0.0,1.3987936273112354,7.952189936138042,13.182509856356805,21.188642705801875,34.092154987520225,49.72243360745107,63.87410781462828,83.88709691101968,90.12670637641118,88.98385485648194,87.57084042560614,85.95239022199267,84.9479399678049,77.94313372233393,75.3636227289443,71.9313119748325,68.48091966027089,65.97762868165421,64.19112905296252,61.0043882872705,60.291847038843514,59.6260942608539,58.235027450905925,56.389572479962375,54.56800184511123,53.16046218233077,52.18049807116361,51.56346599866202,51.13874245872426,50.287977176919426,48.33170453803103
665,0.2088743083717522,10.0,0.0,0.0,0.0,0.0,0.0,0.0,0.0,0.0,0.0,0.0,0.0,1.1025060235956257,6.852209077119027,11.686980530261797,18.572435375194093,30.810862152846536,44.24009728449284,56.640659935751216,75.09739085721921,79.94255365422954,79.14819123145735,77.04631728843715,76.38844925133277,75.19822581896167,69.19222186422986,66.69444255443298,62.57468015470287,59.380035440675435,57.66377971572443,57.17255077551897,54.7401597005005,54.048440863532264,53.057955413586235,51.33988721327946,49.40502183938231,47.734731786459506,46.64862224431774,46.02230852016115,45.6457991036333,45.29768319706282,44.66831551429041,43.44512537366637
666,0.24303207011382782,0.03,0.0,0.0,0.0,0.0,0.0,0.0,0.0,0.0,0.0,0.0,0.0,2.5652140739652194,8.474955701055784,13.454618040671608,22.710777838565082,35.845414361778225,51.49036554806382,66.58706130716895,88.59492459312854,94.7525711168164,94.50094022784279,91.03570474901112,90.61154300253781,88.93947644612649,81.93389944570814,81.40820110720128,78.03778465070835,73.4022458245064,67.13561655035898,68.15709895521664,65.81632365729502,64.44080113857424,62.75530247905978,61.127185938841144,60.521873184690996,59.95414225423165,58.375319435961416,56.215678702616415,54.20313513022226,52.915805779695795,52.66847952607386,53.76095406449703
667,0.1738422253801991,30.0,0.0,0.0,0.0,0.0,0.0,0.0,0.0,0.0,0.0,0.0,0.0,1.3533208011935707,7.322310770626486,12.036605012822085,19.98968428735364,32.33755799838294,46.248530950860506,60.12978057803562,77.99784429439292,85.10045904294273,83.24402076092107,81.71346443985315,80.49956480450628,78.75481025698976,73.11910384813626,70.9427310742172,67.75455615150679,64.78537689753577,60.61245481075696,59.83228387644,59.58374405225894,57.571714071801345,55.95925590481169,54.77586494600349,53.44209793314814,51.95528303670306,50.44624676799149,49.05135915473067,47.89656023249946,47.16126431817848,47.27834774596262,48.78574891231087
668,0.3854463288170738,3.0,0.0,0.0,0.0,0.0,0.0,0.0,0.0,0.0,0.0,0.0,0.0,1.221832609718897,7.362462172209989,12.455964545706346,19.955544199922027,32.68924160062046,46.504550854433425,61.04108492659187,78.62970996104063,85.59235793440833,85.36533447962746,82.54782782068837,82.59268398014648,80.8714829584071,73.80837684299019,74.11345764297617,69.66932456245837,65.12933124306865,61.72309820758958,59.01585555137313,59.57835685056622,58.841222068758135,57.151507942355316,55.40962465773756,53.95657478027341,52.50921305002956,50.829909845484686,49.32373674084321,48.501036004663355,48.604640895660836,48.90986191657531,48.443617570350575
669,0.10571568632609799,30.0,0.0,0.0,0.0,0.0,0.0,0.0,0.0,0.0,0.0,0.0,0.0,1.3308718382598708,7.367642260432053,12.183352719228283,20.003325209669196,32.09074680704321,46.40047562857372,60.70362958989772,78.52817315681472,84.52005036111895,83.53147551138576,81.70994938759641,81.27940428953202,79.67070820590479,73.1225905144124,70.82332095180831,68.17082753484212,65.82304904015987,59.705089308728006,59.86844641360953,57.82958650638243,56.601341760295654,56.083710332273114,55.35187217613701,53.987542661770654,52.30697836754878,50.70798493242709,49.31455472741813,48.181394734354534,47.32599409155786,46.63500943722766,45.97067278541715
670,0.3751568733474623,3.0,0.0,0.0,0.0,0.0,0.0,0.0,0.0,0.0,0.0,0.0,0.0,1.577522263704141,7.736344472107381,12.43849326166886,21.473070430841044,34.026399298182604,48.26015970310632,62.496301814017436,81.40527805632024,88.89017235508742,88.34540295172023,85.57699709749127,85.06547223132601,83.32077949398825,77.54206858041103,75.22160947424427,73.54158013426695,69.22609547180912,62.983211293534914,63.88769926681755,61.35681590554644,61.45649239961972,60.65497442894012,58.86772727058123,57.49798493303614,56.18601460385332,54.41240530068251,52.507647839121994,50.95366184014558,50.08814971393314,49.878971712224775,50.22799916960183
671,0.22314593253555232,100.0,0.0,0.0,0.0,0.0,0.0,0.0,0.0,0.0,0.0,0.0,0.0,1.2956452835340952,7.6768352801830355,12.988484189290835,20.985849031936556,33.40351673850055,48.519921604606,62.38110888049142,82.61394181720931,88.76983040306838,88.0910688936815,86.46164931753214,85.54922494571721,83.66591173473721,76.7588932350454,74.57242832552897,70.55770207441043,65.80181978456936,63.18360686636682,62.910762972986774,61.16870272118383,59.68843764667255,58.26454411944357,56.85315053938292,55.62158601642525,54.48359537521814,53.31096383492022,52.02545255333716,50.566269885225786,49.02618672748394,48.05375645267768,48.40043426245455
672,0.21812705601526125,30.0,0.0,0.0,0.0,0.0,0.0,0.0,0.0,0.0,0.0,0.0,0.0,1.2487556052601523,7.481321027540192,12.795437829364205,21.138314822969424,34.28539344854816,48.85728765870589,63.62645202235157,83.17937917236036,89.20279591514888,88.12483336716059,85.93732775496613,85.43413966831822,84.24069270796828,77.25156874174341,74.57960807656862,72.6795936146083,70.31360100643276,63.95117949608857,64.42951095201565,64.3510225912561,61.85988642761219,59.96973027731416,58.51008508468955,56.716881084938436,54.88977138136658,53.429441516315805,52.29932925743318,51.371889462570344,50.578741275619436,50.04779046662541,49.9517301196649
673,0.16458614743616698,0.3,0.0,0.0,0.0,0.0,0.0,0.0,0.0,0.0,0.0,0.0,0.0,1.36509790409927,7.525276517770297,12.323297414625866,20.041880613900645,32.84884280284846,46.99553970028285,60.91880211456197,80.06320061639381,86.06341457660542,84.11127803102012,83.25555369650421,82.51958127003158,81.03027765469282,74.62044948931378,72.82073274976517,70.07658498332502,66.49053597878758,60.12147851587936,61.420522670278274,59.16372046187407,56.94798253233738,57.54827321438616,58.385430786642495,56.764589040262926,53.826308712071445,51.22378491346566,49.336947671021434,48.257808014969804,47.97481252324908,48.01971078382581,47.81702582181081
674,0.1660085544893345,30.0,0.0,0.0,0.0,0.0,0.0,0.0,0.0,0.0,0.0,0.0,0.0,1.4801757796284478,8.056314091244367,13.192594752579076,21.554162962355054,34.61168436997771,48.875315565493665,64.02927326508951,83.95892956609114,90.69889521626045,89.47719393793848,87.10697607236284,86.7860364424193,85.24054077171223,78.23714685145401,76.38117604744598,73.8889613995037,68.49007068711774,64.40473377740167,65.96026728280795,62.068852728352724,59.99123669081189,58.97015348336149,57.99526530294831,56.92382303425165,55.69138783573014,54.276441536876405,52.739467389698625,51.15489750850241,49.747161182879324,49.34051181389201,50.93260213549535
675,0.22704823862872106,1.0,0.0,0.0,0.0,0.0,0.0,0.0,0.0,0.0,0.0,0.0,0.0,1.2214958623903316,7.838333528979698,13.386615406676619,20.731380060877353,34.726456885099275,49.603215126585226,64.09899156615857,83.40553620204737,89.44844229261345,87.88064372283839,86.76914922406925,85.72989666376996,84.5652981412823,77.92073045746803,75.8878516063917,72.32210873062994,70.18761165053947,61.3993313038289,64.27022208158984,60.63369116179254,59.49691385589847,59.15831275903559,58.018656807757566,56.13656230444596,54.354728805062685,53.35859089502767,52.80019851529051,52.11610164370853,50.93124064585595,49.51981959797431,48.28298891550316
676,0.1847891190683904,30.0,0.0,0.0,0.0,0.0,0.0,0.0,0.0,0.0,0.0,0.0,0.0,1.476628406949237,7.702584524127753,12.399434617752618,20.231449110347327,32.56666198638761,47.56227563231903,61.29060647043351,80.65233341465654,86.90901556684467,86.161936406071,84.38868269992832,83.65645072600226,81.44788042176557,75.15308245530849,73.84324047317718,70.96716382700778,67.23550066342663,63.45838971799803,62.8693094840628,59.973795053236756,59.0640136759873,58.33707889767151,57.078567270349005,55.51258310159163,53.942895076913,52.58542080254339,51.32548011255022,49.98357211014805,48.547733701218355,47.590282493160494,47.79338292225138
677,0.18702535203563905,100.0,0.0,0.0,0.0,0.0,0.0,0.0,0.0,0.0,0.0,0.0,0.0,1.292852106795556,7.407237123681008,12.335659953554387,19.862540057678746,31.733726680979427,46.12963799097935,59.70192762451758,78.10829033737147,83.95687699291734,83.18303390234078,81.42702498825945,80.36134100514649,79.08775227313248,73.25173689015854,71.04544608073998,68.88551983186747,65.51111434977162,60.98215117611527,59.27834553591487,58.195680408355344,57.25806744841254,55.39637600761918,53.0903182925134,51.10479061474735,49.617116805454614,48.6312711296639,48.001090143219564,47.55623581272736,47.1865741200277,46.98843254699442,47.10832291425088
678,0.2256890855589563,30.0,0.0,0.0,0.0,0.0,0.0,0.0,0.0,0.0,0.0,0.0,0.0,1.3956348935282563,7.756193075304004,12.778115930638057,20.786148206694513,33.69863218600723,47.89988455623871,61.88893166221888,82.39978737909253,88.71629320604733,86.99544447562154,84.89853990322989,84.4531621237864,82.75644552007228,76.3051919237127,74.18801638265866,69.0055012371021,66.18022422216372,61.7194267260178,62.34155771487735,59.25747646436444,56.267874007677094,55.76860394343029,55.924068568266314,54.87739822490467,53.330458433130474,52.25869888759431,51.467498400546056,50.510063691981195,49.22348217060395,48.44085301756413,49.20318470794691
679,0.2396601000686712,30.0,0.0,0.0,0.0,0.0,0.0,0.0,0.0,0.0,0.0,0.0,0.0,1.4836832600721828,7.597637740805721,12.192868350749599,20.262808806013293,33.145171607095776,46.954113614845824,61.09484122845558,79.61902737166876,86.10972985264675,84.80871401472173,82.21995221370072,82.40868869411545,80.55171092427375,74.37146136651947,71.95766678954867,70.6700000297896,67.95537447933584,63.26329650359825,61.23426543599592,61.124902940591106,59.25173890506333,57.222902142414426,55.772256782366874,54.87288710260728,53.95956236760628,52.53402911088859,50.77604915641502,49.00340593784335,47.68041068508224,47.97217465606226,51.38771419127661
680,0.14329971243029072,300.0,0.0,0.0,0.0,0.0,0.0,0.0,0.0,0.0,0.0,0.0,0.0,1.33994977352125,7.5298045903475455,12.430180184491002,20.027448003332566,32.31257095271387,47.089003875868286,60.7913734306026,80.73726140026946,85.74518421013664,85.25542849304294,83.00191411197972,82.39783046625473,80.67762324401652,74.77197686202454,72.4296671770458,69.98066359924312,66.28937341085962,62.6941970132502,60.77346552161295,59.55828676545722,59.173671277781175,58.17642542253543,56.58185379798556,54.85684663574041,53.21529970485681,51.76553890820551,50.48516264063137,49.32474950252587,48.19697998341038,46.85826681297961,45.05464909799248
681,0.24961587873296312,3.0,0.0,0.0,0.0,0.0,0.0,0.0,0.0,0.0,0.0,0.0,0.0,1.5508639031681786,7.251247137517341,11.51657119284458,20.016944770975982,30.517710476318484,44.67765667145651,58.45238604347793,76.11243032459052,81.77413010956059,81.04289682244303,79.22689621090257,78.42775470210891,76.62190207543077,70.38276191260042,69.40956646566903,64.55548763993298,61.24521438217505,56.362720521462464,59.85903040818964,55.060652790371314,56.19750994170167,55.82650704695095,53.34583656571735,51.473189072103914,50.204251795038275,49.04075094010742,47.833506617091594,46.52040965932758,45.29241105745765,45.295546588479326,48.00312106144883
682,0.27111711738299665,30.0,0.0,0.0,0.0,0.0,0.0,0.0,0.0,0.0,0.0,0.0,0.0,1.6262462777694309,8.330439793881746,13.337587875602186,21.970397835765233,35.51305878056586,50.2076716071439,65.47726823655012,86.70889841772636,92.99296694118281,91.63644613951585,90.26993725099733,88.58495181744992,87.01853563887082,80.09704558683393,79.75912742701814,75.99581886716767,69.07899843679964,64.678807825411,64.62462083289527,63.64512879570048,61.888696071153376,59.88149056262571,57.992260048270275,56.51344173550585,55.32761629172124,54.24321610041433,53.111832675105994,51.80365237794979,50.41545000731821,49.87108072685672,51.2973650361693
683,0.18378874724715363,300.0,0.0,0.0,0.0,0.0,0.0,0.0,0.0,0.0,0.0,0.0,0.0,1.341614532436418,7.769606802654896,13.016082828417755,21.056027733251156,33.7672935613138,48.920355986561816,62.68111705934589,83.10803722502388,89.08458665805149,87.8952198319887,85.94092874961608,85.4139703429711,82.9664597118077,77.29743282286171,74.45549651835908,72.70566746386943,69.18244627889811,65.54015377574596,62.597366678570744,59.780557917040085,58.59443328433844,57.81025298871277,56.90144514952019,55.789050095544994,54.53655393164645,53.2253320946396,51.88738988770862,50.54112999393895,49.304124972314284,48.681394240634155,49.26750364749706
684,0.2390066072158351,30.0,0.0,0.0,0.0,0.0,0.0,0.0,0.0,0.0,0.0,0.0,0.0,1.4952118237208072,7.924414744545943,12.833993676937828,21.109872231343502,34.88398941129168,49.618707097590544,63.195438902258445,84.34731843087114,89.85684198774219,88.55254448791517,86.7647221885874,86.46506579846948,83.69473039977123,77.99065386098367,74.85404906108326,73.9212509688153,69.35855138015333,64.11475241919835,63.711869535462476,62.00863394055308,60.67351314726005,59.41461758323388,57.936135508427896,56.31539473041985,54.79822236541581,53.58768079819988,52.63630247899801,51.84447293470248,51.06218355806189,49.92398777176063,48.04798286289281
685,0.26691738248886515,10.0,0.0,0.0,0.0,0.0,0.0,0.0,0.0,0.0,0.0,0.0,0.0,1.2810017742482045,6.859934173369126,11.160826641470095,18.292527041189434,29.802538798624585,42.74902731225877,55.26492198225135,72.11463238213192,77.849336555767,77.04640024004192,75.05113367287154,74.16316323103554,73.26261880402005,67.1792371949342,65.68963832263906,62.9455464683347,58.98521617291832,52.80199458740881,53.736621026529484,52.5735042120027,52.43848856408248,52.21992567715752,51.11080828006138,49.21857373658103,47.28249540161437,45.931327963066934,45.097912275154094,44.5779176789872,44.206875132218364,43.91658905283556,43.66298249331904
686,0.2603519088758858,30.0,0.0,0.0,0.0,0.0,0.0,0.0,0.0,0.0,0.0,0.0,0.0,1.317382659457289,7.707855496014416,12.882374151740065,20.464665941368033,32.60384405369585,47.54936891343586,61.79620491465047,80.92646996524692,87.95774391189167,86.33583906077163,83.56854763698658,83.35331689048716,81.84151905332473,75.17935582628928,74.34199107666527,69.7440415683227,67.11749134034747,62.88217887384148,61.094126735047745,60.179307201049134,58.64429154094844,56.84390452965262,55.12088711611761,53.67871358547096,52.608291466665214,51.90219850113646,51.274041948090115,50.38287173078237,49.07790810730865,47.8708400017838,47.38647856819606
687,0.21011042477795894,30.0,0.0,0.0,0.0,0.0,0.0,0.0,0.0,0.0,0.0,0.0,0.0,1.2978170819306085,7.397792357180521,12.359424856690737,20.316281010279297,33.1797740629645,47.279724180814455,61.02648682762965,80.5544736352105,85.99928401715046,85.57284763972378,82.38554200770146,83.17775344452771,80.72607780144799,74.34198562703484,72.7180218246524,70.34552277124216,64.71438345359653,59.95862170314248,60.5442736457525,59.00811179596448,57.879383615548775,56.86115039366911,55.607217770517885,54.20020269279326,52.754794749108676,51.38815265631742,50.223967439690874,49.37965642353175,48.811415858907345,47.86470324971474,45.795305703801844
688,0.0756219506806764,100.0,0.0,0.0,0.0,0.0,0.0,0.0,0.0,0.0,0.0,0.0,0.0,1.324966777522399,7.386329799784562,12.230090241127034,20.057479647105893,32.493805119128396,46.7008848752699,60.239634020936236,79.93361559367989,85.47949561282185,84.41257250483643,82.1088948053391,81.60670693896371,80.23171051708881,73.64542136378496,71.91109988315344,70.93380409943205,66.31489466860845,61.17301304868245,60.00178306769891,59.60677673751927,58.619626080541885,57.251842856280554,55.70319346058802,54.122026077463346,52.663429293594106,51.43196119451896,50.37007310984399,49.38780289837674,48.44235325594579,47.653093468700625,47.17147337251323
689,0.177002661054486,100.0,0.0,0.0,0.0,0.0,0.0,0.0,0.0,0.0,0.0,0.0,0.0,1.2651937044025205,7.3053163248940685,12.265027581710557,20.03595861080351,32.208453218715434,46.287703205243254,59.8678425666415,79.38009632574526,84.7355288175681,83.41736002337406,81.39529965874952,81.13136057711641,79.2341841807094,72.88370689111147,70.53478200245729,69.3943795192729,65.43930717699683,62.08510757443707,61.84305057165681,60.64236967933778,57.69048250765941,55.3783952653326,53.92489766488565,52.915836386242965,51.905422891008016,50.57943963442011,49.1046564931235,47.74138083850405,46.68427720557669,45.96420115954744,45.57820775027726
690,0.2821627458061717,30.0,0.0,0.0,0.0,0.0,0.0,0.0,0.0,0.0,0.0,0.0,0.0,1.5280961789632037,8.003178969022407,12.794094924700122,20.5893407601384,33.78573109807486,48.669414481799734,63.46581194867226,83.30414938523946,88.61638762066973,87.19438749465064,85.64994160392908,85.40197492758855,83.89957962917127,76.30275858808108,75.09250528755827,74.89085531866095,68.81648157392722,64.04035546872345,63.22248514317569,61.920646861830676,61.257691391359515,59.53082021735532,57.210117286427625,55.29371610229294,53.70249051761949,52.202456961484266,50.83907606400221,49.71472678668502,48.92302402428182,48.553142073504986,48.699364684343294
691,0.25314594759732273,10.0,0.0,0.0,0.0,0.0,0.0,0.0,0.0,0.0,0.0,0.0,0.0,1.2858524627096852,7.685318143102164,13.022443461607836,20.978657170399295,33.67201801779264,48.736244143638935,63.52396466194073,83.17097081441966,88.85041867300279,87.8737468132466,86.19350758994676,85.47546279485503,84.05363398298222,76.67483572426325,75.7223650183532,72.81606762530673,70.876139284976,65.45855230817006,67.35554911539234,64.00860267447715,64.676532228986,63.137957540185,59.755517926737944,57.31099152917237,55.6590590175937,54.210657799635186,52.950162232441144,51.98820306887471,51.39837729876492,51.13215721370742,51.1169055604353
692,0.17725921682641171,30.0,0.0,0.0,0.0,0.0,0.0,0.0,0.0,0.0,0.0,0.0,0.0,1.4463478113671586,7.818257777631823,12.776917941432183,20.933461815259204,33.90318378250851,48.82751911581796,62.962339219548554,82.81993005625519,89.12493146959028,87.21330022387419,85.11083171754865,85.31061730752096,83.69145741521695,76.5256992302401,74.30145590270634,70.71536415777179,66.69842351687275,63.237953943925945,63.51126794320945,59.99421433910821,57.670059539912515,56.909401543951056,56.33033122184355,55.02551393950123,53.39981763016655,51.99812158328134,50.81648319036829,49.731065065105106,48.71308378593452,48.069387667016954,48.179238527210444
693,0.17729544594041066,30.0,0.0,0.0,0.0,0.0,0.0,0.0,0.0,0.0,0.0,0.0,0.0,1.2949149621525604,7.463407849075638,12.452776101140344,20.053401589851596,32.191214658204295,46.593539748975886,59.642376704884875,79.51234542516515,84.4169471522118,83.91852028803805,81.99749677728717,81.20078372466259,79.69922213364897,73.29232919593176,71.53157732665863,70.2587656263464,66.80791110782553,61.38586085835798,58.29589263901844,58.2763177803941,57.716426758587104,56.187117196549245,54.645947115180924,53.768265855740836,53.09650935436275,52.061632430747956,50.63343646396905,48.91368901830284,47.159242218321886,46.21581893355829,47.04482874231412
694,0.3302629878043856,30.0,0.0,0.0,0.0,0.0,0.0,0.0,0.0,0.0,0.0,0.0,0.0,1.3829647105303302,8.1007471337423,13.597752875423437,21.952956411937855,35.54698145440143,50.287111416969665,65.09695805978447,86.26660812504288,92.57769990161076,90.95121674430324,90.36956342360266,88.98291510373024,87.42408966263137,80.66486846815299,77.6779269701487,75.53866158518676,72.59031594338039,67.5773504485272,65.490323414011,63.24408777911532,62.66275385648092,62.48133150860529,61.88483142710506,60.642141738851684,58.96748220204289,57.1390027784197,55.30070094435893,53.553575001092014,52.166400953840444,52.10148535569258,54.57361077246047
695,0.1902924906730453,100.0,0.0,0.0,0.0,0.0,0.0,0.0,0.0,0.0,0.0,0.0,0.0,1.3384097330560276,7.6507735081109844,12.72761917258982,20.480711757635408,32.784466778338476,48.16023522422172,62.34679920049851,81.78153414098482,86.61926388311387,86.31754692178359,84.57245561998967,83.8352964449405,82.58648211051688,75.77167341867128,73.82366667725586,72.5048720178672,66.73766940931198,62.20577039606897,61.86315444807742,61.035142905675166,59.67508419369523,57.784638281940744,55.72070504995599,53.89812164057629,52.3255349736629,50.92447196212486,49.62449866167419,48.36159213554652,47.217270272266774,46.817234946713285,47.93010374956216
696,0.23720309701201264,10.0,0.0,0.0,0.0,0.0,0.0,0.0,0.0,0.0,0.0,0.0,0.0,1.2818732918880136,7.287068955487898,12.160808740948383,19.967774890677134,32.431551139326665,45.93193604495579,59.358523230586734,78.69517464987518,83.69225314684643,82.41636106701982,81.11111511277481,80.31266926701768,78.71619854125352,72.28229064837747,70.04511571880596,66.5858797268545,66.58758949173419,61.7397977189359,60.60062574454706,59.27345019860094,58.56861108896008,56.08094272714926,53.12853253153937,51.514701716180745,50.734757300297524,49.98776319864414,49.09246325234464,48.01899138849737,46.819372382675915,45.84466610624375,45.49395723804742
697,0.19183126193243413,30.0,0.0,0.0,0.0,0.0,0.0,0.0,0.0,0.0,0.0,0.0,0.0,1.2600953993057078,7.540382936877087,12.805270717877507,20.766836673722317,33.52951687447022,48.25264769125669,62.74431192590189,82.60015861422072,87.59007820371987,87.66143331998677,85.45701291210788,84.58763105556484,82.91418847112584,76.59539143422946,75.48718329813892,73.60811653966661,67.59834003045677,63.81956577207207,64.65625265954023,60.365601229194766,58.204462696759265,58.01111464246818,57.88830015523526,56.66915086144442,54.67107749398026,52.506191163284534,50.57270355195177,49.17983255033325,48.45330365728899,47.90635319219794,46.930309029708944
698,0.2344239135915001,100.0,0.0,0.0,0.0,0.0,0.0,0.0,0.0,0.0,0.0,0.0,0.0,1.4467791767708615,7.896792864553337,13.03777963983063,21.673018137827043,34.787391510091304,48.93409933831507,63.65039268094747,84.37732724061291,90.87110998966524,90.25655495968523,86.82914107433852,87.40456271791557,85.33031952112616,78.57595817582926,75.78045738740352,73.5658121353698,69.12799081446354,64.53236998628157,64.03653660603649,63.30193390995978,61.44728023476166,59.66543131126696,57.925509999693425,56.01672781305445,54.29917743381113,53.10927799503492,52.30902726200757,51.66524367588338,51.03318485795994,50.57005894018371,50.50180082266001
699,0.15905295012048806,30.0,0.0,0.0,0.0,0.0,0.0,0.0,0.0,0.0,0.0,0.0,0.0,1.4325202093002898,7.7606143607484395,12.619196251607205,20.396443229047726,33.18642298553937,48.212020367219836,62.36629489641381,82.29981673868987,87.71116018135095,86.70742012511415,84.3057525690905,83.92142782128569,82.33615976112947,75.78467147657764,72.51355544887375,68.07860629503438,66.30717939756,62.39160963919983,63.351362325516064,60.87260976123546,58.106042471378125,56.628246125171245,55.5253523908383,54.01629581830963,52.53584121858913,51.591956994652016,51.018752231719866,50.50716150315453,49.806516075639856,48.85450405779052,47.639365483037786
700,0.18014886092908158,30.0,0.0,0.0,0.0,0.0,0.0,0.0,0.0,0.0,0.0,0.0,0.0,1.4100991058006305,7.717392437181235,12.634773577039468,20.534812322244886,33.27666469643015,48.078263577001415,62.445205307976565,82.13412589422138,87.08607142776114,87.18194067106178,85.00529508369517,83.70482545931623,82.60976437851296,75.29606309120435,73.99796426766329,71.57412075750464,67.05288369869731,61.05703551802102,60.99635232797144,59.466212091263785,58.32064396984466,57.2522882588733,56.03111882471385,54.79508725918369,53.531537034297294,52.201056146431725,50.793429616750046,49.30604431754809,47.929024758161596,47.58867024408002,49.425727077010464
701,0.10708277721271006,30.0,0.0,0.0,0.0,0.0,0.0,0.0,0.0,0.0,0.0,0.0,0.0,1.4316973374643032,7.718163542940989,12.561338358793417,20.46975618309973,33.29210457835154,47.54452417339974,62.05715602148021,81.60642114597775,87.42860013464556,86.4487679315098,85.18460832352561,83.69943475542048,82.21709657637778,75.86466557615225,73.22905284972626,69.94449588800772,66.32778725971497,62.38570950578038,63.77316494594179,61.801292560035336,59.02925365654327,58.00269989680061,57.46484992396091,56.03338921480347,54.2983089015296,53.02016216872125,52.002948025547475,50.85206542122996,49.40773177090745,48.307764582105364,48.33443061753197
702,0.1543447616461126,100.0,0.0,0.0,0.0,0.0,0.0,0.0,0.0,0.0,0.0,0.0,0.0,1.3629021501449075,7.7655215024842645,12.96755451628949,21.213504634612228,34.2485885552861,49.15849863289228,63.36484185444747,83.30839072503075,89.63686289811949,88.45073477586016,87.04151502182674,86.04470536571368,84.39450972524159,77.88782371681745,75.56347831642218,74.07700029481201,70.4496758434102,66.57221906976254,66.37017698721078,64.74549274791862,62.75026351544745,60.99122578066716,59.22960209880062,57.29768903811431,55.36386459055359,53.632861372450506,52.212749748199535,51.18408731421593,50.62301983038688,50.600472891760226,51.19940581204852
703,0.14644507627830256,100.0,0.0,0.0,0.0,0.0,0.0,0.0,0.0,0.0,0.0,0.0,0.0,1.2891815109036429,7.550590056195181,12.730497543732186,20.700225557585064,33.29959459041245,48.323707540070416,62.34939415011042,82.40628284209532,88.2167085313438,87.36061823888237,84.88358308792877,84.26655533245452,82.61220173409244,76.2860265047687,74.26895664685483,71.61803083847724,66.62561691301826,63.440904158614686,62.72962817789298,61.728325415765,60.91539412941458,59.90454498179873,58.360578167657636,56.23883310544979,53.9722384702057,51.98856718502776,50.433970342042194,49.38656297311103,48.987667656555296,49.63792208176268,51.87724391177186
704,0.32249106091828705,1.0,0.0,0.0,0.0,0.0,0.0,0.0,0.0,0.0,0.0,0.0,0.0,1.6351388936267501,8.576157554454483,13.922105837483135,22.90905187325628,36.368210055069994,54.04210485076482,69.08353043816844,89.89603891423126,96.63538871830455,96.21701678975839,93.78236367399363,92.92310114679672,90.80336656063344,83.44695376297642,81.1221484159306,75.61295503419778,74.38218033305496,68.47994804981772,68.3827734913805,68.86781055804735,64.73017537736091,64.03972116130814,64.60301779271862,62.35566977160631,58.89814192147452,56.450108060610766,55.170133336690434,54.82194328410389,55.083528534963776,55.082184036760076,53.81458600882593
705,0.27622975141492656,3.0,0.0,0.0,0.0,0.0,0.0,0.0,0.0,0.0,0.0,0.0,0.0,1.3116907588608837,7.529464266549759,12.567110071188566,20.39035837674609,33.084291298258606,47.7954475141047,62.06064171287319,82.76642116423761,88.02162605645584,86.81574378648087,84.81899954254962,84.78678132675569,83.0005787083981,76.28381911473318,73.01461836259872,72.55368903285736,68.64299508968271,63.35916914991517,61.62514039701524,61.06302366821563,58.78205491777059,56.810973196683,55.6926501603581,55.19457124393245,54.659841929102846,53.54505855745499,52.11299085597159,50.7940859902668,49.858152432657874,49.08493803570652,48.15422124953526
706,0.13398457717864842,30.0,0.0,0.0,0.0,0.0,0.0,0.0,0.0,0.0,0.0,0.0,0.0,1.334321732300189,7.563315400118941,12.538478143576098,20.3186553526832,32.94284823379111,46.438290695699294,60.6681325830268,80.05874936912564,86.2625937707548,84.87544340555647,83.5082614296509,82.36818665396248,81.2924228124393,74.69528768543317,73.52430444462551,71.79045205175993,65.3790532835353,60.46476427333578,60.6033696594258,59.134648926367774,58.276504751234896,57.15657264815898,55.72127317297756,54.38532210418136,53.00836801397608,51.43997786298609,49.942350158761926,48.84494452750121,48.26671481972748,47.59513637456513,46.07860522905153
707,0.3202377301461507,3.0,0.0,0.0,0.0,0.0,0.0,0.0,0.0,0.0,0.0,0.0,0.0,1.637228818979617,7.8629434496829145,12.379394159330296,20.834615911923184,33.55521642900117,48.36871383708111,63.20145548708863,82.06812551517115,88.15645970845685,86.40393902398868,85.8180080986528,83.89508335025857,82.83298108927669,75.89874419773302,74.94542204026173,70.39012127371602,72.20911892026594,65.66873872180886,63.476173891275366,62.58547094610174,59.50924631178378,57.72579391709626,57.00639317130596,56.1652899926435,54.98213324928105,53.52818581401562,52.082374913642454,50.9468572060185,50.294635105875024,49.88065937557628,49.3704774713892
708,0.3704913576897349,10.0,0.0,0.0,0.0,0.0,0.0,0.0,0.0,0.0,0.0,0.0,0.0,1.4762476895145034,8.527817635076463,14.180288480549184,22.76744563912079,37.413701085919584,53.29870626764099,69.26413600597022,90.01735315741226,97.9926692552515,95.52771225113837,94.80145199251515,93.55146250932002,91.34778414248007,84.50651875873768,81.9942587557248,80.5249763223701,76.0275954563171,70.12590257375369,70.7367202052594,67.00051614149383,67.34617921229818,68.38149090773739,67.1521711965605,63.07564585811956,58.75149728937837,56.334077441896596,55.352937795638404,54.90235675881383,54.29245647403605,53.43614469610349,52.39406409606125
709,0.260397062744897,30.0,0.0,0.0,0.0,0.0,0.0,0.0,0.0,0.0,0.0,0.0,0.0,1.3913398389664726,7.268080035925464,11.70128240354766,19.23167188590955,31.7362437255227,45.74354895093117,58.8508655117739,77.22885618804983,82.3812522997242,81.59356392012157,79.89104355828839,78.4717599919926,77.77891137086526,71.84895183339292,70.73809181689725,68.56298718244297,64.67085001385537,61.14958168980287,60.65971496328513,56.79095116868117,56.755858484725856,56.53980924296737,54.88012577053164,52.42034629702343,50.0658537644451,48.48375417324433,47.59963250585072,47.203067050714104,47.04949371296758,46.67049996392679,45.55868821272749
710,0.19003413317205511,10.0,0.0,0.0,0.0,0.0,0.0,0.0,0.0,0.0,0.0,0.0,0.0,1.298932783122634,7.9521396540330835,13.503210742344018,21.502532021286505,35.273632850623294,50.13230529561898,64.58169726583398,85.5612937465352,91.67666165318751,91.4227451670735,88.99430959994932,87.70349146231895,87.12916145886493,79.44340738230775,77.99596479775592,76.32667098372791,71.58838395179144,65.95346798855464,67.26075111572946,64.50990809301123,64.17597976766949,62.87794532504697,60.49774390168023,58.48047997029553,57.02748509919266,56.001994852485936,55.03915071532271,53.740554803979826,52.021092200179325,50.87338362332879,51.48675503164052
711,0.22688329266873764,100.0,0.0,0.0,0.0,0.0,0.0,0.0,0.0,0.0,0.0,0.0,0.0,1.424927406267624,8.007714754363422,13.310127712875438,21.834444413174637,35.18043396418304,50.08713390070294,64.37805498417262,85.37947194646604,91.55758317998554,90.44638322070502,88.36717995488151,87.65426414994259,85.51518692935439,79.47820360435198,77.10663407547652,72.12792983186756,67.79817241537609,65.47268458524958,64.75860702752954,63.12485020718431,61.49527358092722,59.88650982625863,58.244729388657,56.650880218922545,55.2745317109102,54.23958619545087,53.45313919955441,52.778370373979314,52.15888204638305,51.83023692403219,52.09770483911637
712,0.2131000429888094,10.0,0.0,0.0,0.0,0.0,0.0,0.0,0.0,0.0,0.0,0.0,0.0,1.518519938885618,8.11821717577245,13.14365839775282,21.285854392479408,34.65648404070158,50.15699534228125,64.11537300848242,85.43553420590297,91.56485065238088,90.58568195558826,87.96536877490075,87.75723674961112,85.79285323364711,79.68698982619102,77.69838125339372,77.17257988092976,70.26701749908426,64.20025026442133,65.89992502236329,62.12812336207614,61.98569543547519,61.20581851589712,59.23221548226746,57.55087825797101,56.45085535972313,55.82679828502521,55.10829173205227,53.64041355941836,51.31019756029088,49.802337365516074,51.09358327376664
713,0.247017867461578,0.03,0.0,0.0,0.0,0.0,0.0,0.0,0.0,0.0,0.0,0.0,0.0,1.0532450747131774,7.640028256824666,12.929742625443442,20.724558320170008,33.4231778633105,48.5025824172106,62.87513352318054,82.2462450315205,88.7563458925635,87.55472479951824,85.62644580163375,84.34710072142843,83.4036539451248,76.36380111388277,75.25178172826016,71.4478667741668,71.78916482574745,60.76250855730914,65.66633583909127,63.976767989644685,61.80817353998334,59.21163486014216,56.86188292687759,56.03503415506816,55.58322064862427,54.2788492723995,52.64878358049039,51.577240200833224,51.51001696340315,51.40429368702987,49.87736642095219
714,0.10778262332413119,100.0,0.0,0.0,0.0,0.0,0.0,0.0,0.0,0.0,0.0,0.0,0.0,1.332519532252623,7.399417198785669,12.195491444437092,19.807277465747585,31.874734886113238,46.20967922744805,60.13661412738288,78.64566536067262,84.29565049041786,83.37266339795295,81.54809001555937,81.2295708208128,79.1102592568462,72.7781872164886,70.7435285933502,67.41767428126718,65.16491813133675,61.88701939705174,60.15698110477208,58.04826382182793,57.28425384109812,56.636173565602974,55.628158556233,54.30429786116924,52.79488271934465,51.23375138501359,49.71505112401064,48.31549351815088,47.12230206357595,46.29144579282039,45.991613692502234
715,0.244541988707188,3.0,0.0,0.0,0.0,0.0,0.0,0.0,0.0,0.0,0.0,0.0,0.0,1.2654063091635457,7.397927052111164,12.35782248466451,19.64797107954208,31.61237730167863,46.40154938621093,59.64383443326907,77.73989484638102,84.42549152666892,82.95357640658361,81.52514607924839,80.46375821674415,79.52096162406279,72.84914876614484,69.80569642952032,66.47661133427938,63.06955946795173,57.840278089344665,59.612215098615536,59.116876206147396,55.44849773730935,53.97792179039608,53.736748866329464,52.7066469111313,51.024982705796994,49.26666757745169,47.722980697698084,46.597038099209776,46.06201903105173,46.23557870568515,47.24977756745631
716,0.08627039351058861,100.0,0.0,0.0,0.0,0.0,0.0,0.0,0.0,0.0,0.0,0.0,0.0,1.3145639539595184,7.4705099229562695,12.444971000903294,20.320474817554892,32.93702304249204,47.26885029736826,60.94515665952173,80.94801709151422,86.01965875606119,85.3559230103199,82.9597846541476,82.72904708095656,80.92891886247403,74.85384691849949,71.76606268525033,67.83395359040534,64.56505203695451,61.269659719696556,60.1757284297728,58.61950475239856,57.45760572242933,56.71441771159426,55.8249944162753,54.395186226277296,52.654826604591904,50.918908593436136,49.32281025361594,47.95032121851171,46.96790419729609,46.89855411180401,48.39431217346932
717,0.19620259307784152,30.0,0.0,0.0,0.0,0.0,0.0,0.0,0.0,0.0,0.0,0.0,0.0,1.2307779607564895,7.46974885768197,12.708222122603186,20.386938163264595,32.89138757853192,47.87817487520705,61.8701775913411,81.90867892631331,87.14377478153972,86.09830541766927,85.02183967375144,83.14341660951595,82.11859489814884,75.41636224061655,73.68430285409168,71.04092029875943,67.51169073338583,62.6659389445781,61.23976143484959,60.456350856967724,59.97206204438916,57.77502917860946,54.968859437933816,53.0463834382543,51.796114332523004,50.74664672476711,49.74097614167106,48.70035328995995,47.70825509826367,47.45942725976439,48.81610389311346
718,0.22962225495409277,0.1,0.0,0.0,0.0,0.0,0.0,0.0,0.0,0.0,0.0,0.0,0.0,2.403494424955893,7.655920936828936,11.216821744561328,21.504771663607755,31.272851602599655,46.778384824879474,60.48127311750739,79.52451626076058,85.19807136654597,83.94278905597213,81.99447374545073,81.20511019444076,80.5212720792019,73.64632135966836,72.2312441167754,73.40304578913785,64.68528548507848,61.26103565748094,61.45886331332673,58.77135936989402,55.64358076211739,55.6657982381127,56.43742067290311,55.10383075060088,53.01247831524826,51.8380050897689,51.00032178161628,49.45957582513873,46.97889252635733,45.947660748606594,49.33905490027633
719,0.16021291046728472,0.1,0.0,0.0,0.0,0.0,0.0,0.0,0.0,0.0,0.0,0.0,0.0,0.9177685470755372,7.395414444176429,13.325339888577128,18.987577139315913,33.98786733510255,46.97552312049117,61.01836103825594,80.04235998784742,85.74630605256631,85.4905668404632,83.12461657732123,82.33032866930085,81.10508891533448,74.6183727387154,72.12199302098568,71.23249165469983,66.25303128911932,62.113245299438454,63.19815050652825,58.4939985277355,58.35134789735721,58.28220543574758,56.7822035995701,54.633185575599356,52.65325895948097,51.37470692829919,50.48891748060783,49.523613866222775,48.35889929589179,48.12913333442725,50.310630396397535
720,0.12368651918459035,100.0,0.0,0.0,0.0,0.0,0.0,0.0,0.0,0.0,0.0,0.0,0.0,1.4428020775629105,7.81234322280175,12.774666786508133,20.970700458207293,34.16854303694911,48.863880498045276,63.2017151027087,83.09691956711131,88.95867239534687,88.47705591406721,86.28896195405932,85.94251927196612,83.67370911354256,77.22385121195623,74.64401269594454,72.3645268398805,68.28597064396095,65.16857802328029,64.02419863054325,62.81904609069521,61.75798026738412,59.93480701265289,57.749585280053466,55.86469188592335,54.36347262543085,53.19400512159857,52.28377945248457,51.560653047587174,50.994716628399054,50.705043140950345,50.84772382270587
721,0.22222425453452815,3.0,0.0,0.0,0.0,0.0,0.0,0.0,0.0,0.0,0.0,0.0,0.0,1.2602656666852252,8.135356504754615,13.964040522905023,21.667133048153776,35.84110172473213,50.923579331421564,65.83711766415627,88.04618531046383,93.61048901080966,93.04673852221983,90.4350133667577,89.97105066075437,88.56306208616827,81.76016149478616,78.22737141513058,75.02000927988658,70.4901123100061,64.0700751265177,68.85814791012726,64.37146491274386,63.93139364586122,61.60111903245474,58.245926865093715,57.06689772418408,56.956317871431864,56.28553224062193,54.94290016322735,53.194994582001925,51.43885260036302,50.59834558992792,51.713401840989654
722,0.22847253777111903,300.0,0.0,0.0,0.0,0.0,0.0,0.0,0.0,0.0,0.0,0.0,0.0,1.2041858821070976,7.548060069860696,13.092024893759017,21.2063414307557,33.61222726556846,48.78031057163343,62.60960767644576,82.83296415890811,88.83878433633257,87.97973377508254,85.50035693639097,84.44811391825885,83.25302602688612,77.09902669035893,73.68179575447887,71.63435600082958,69.17042667293322,65.6785606308778,63.37584057357349,61.944555351542405,61.00511427499303,59.658481792217145,57.95862057394309,56.2106891188226,54.58445047335098,53.17580726250186,51.957296573085834,50.87632194839279,49.92146824691027,49.227655375566464,48.96059293379496
723,0.30232019309777897,30.0,0.0,0.0,0.0,0.0,0.0,0.0,0.0,0.0,0.0,0.0,0.0,1.6080462529784656,8.465882392180843,13.684133345109158,22.416495008412372,36.3254660941552,52.44791096337646,67.45915022674369,88.63406993548763,96.06636740012755,94.5107804435087,92.45341001144389,90.89511418907152,90.47099850332174,82.79698250028741,79.80518603657914,75.80509014502466,76.03898810906715,70.6418865711273,66.80759463078063,65.67330035301453,64.79449379907176,63.742581434527594,62.26712938472022,60.20144030946084,58.01896912326534,56.20399057234001,54.87959406790449,54.0888644397401,53.847665234721376,54.04080338683632,54.526818237566054
724,0.17800726230114705,10.0,0.0,0.0,0.0,0.0,0.0,0.0,0.0,0.0,0.0,0.0,0.0,1.2804636366778173,7.3098265880517515,12.107545400801124,19.41384744678527,31.649029443199616,46.20526125505049,59.62323103002656,78.26024910510131,84.28428238059665,82.31173909623134,81.19694092294075,80.87146811397952,79.00858607696132,72.85567494944588,71.09866401391484,67.25684658892803,63.99962388929962,58.5174934170814,58.559152410890256,59.70232873496577,57.45548820547158,55.77405234262774,54.61339468819584,52.887108003128844,51.07321480058264,49.756745593407814,48.73371960718515,47.64257703468316,46.344465404457104,45.45912405347976,45.754045894428565
725,0.19940642903566172,30.0,0.0,0.0,0.0,0.0,0.0,0.0,0.0,0.0,0.0,0.0,0.0,1.3973036614891758,7.428711788355254,11.988124513234443,19.36527745145312,31.462936779489507,45.86691307415528,58.60870992264401,78.02440850265604,82.43163329226736,81.99249158681084,80.08773445203487,78.81116177518011,77.84778302498376,71.60786793954442,69.40271644497076,67.51464696963659,64.74049974597015,60.57496880768324,59.192191231506214,57.746558179494485,56.587536148455484,55.3155910175641,53.90519174021809,52.524696109639876,51.19043587030745,49.87672185207847,48.53418014722335,47.11206717010993,45.759349875699755,45.37056203434911,47.04729135235733
726,0.22560107538277965,1.0,0.0,0.0,0.0,0.0,0.0,0.0,0.0,0.0,0.0,0.0,0.0,1.011144465635058,7.327983947817722,12.927357717844941,19.25160628196479,33.11310648421761,46.25643811946096,60.543363857538964,79.46665619991192,85.38459170449647,84.34748029275235,81.82221229471337,82.09239621471382,80.25877566999179,73.63463776871492,73.38683724976435,70.42833190426616,63.895509183132546,59.99542447540783,61.952295403958345,59.78119743790793,55.83302112969298,55.839383268971396,57.03534139179519,55.67659354608266,52.7851808524927,50.16820029322554,48.36325945871202,47.609532733695886,47.827291648243865,47.57244082889743,45.12529386293898
727,0.13910404625724665,1.0,0.0,0.0,0.0,0.0,0.0,0.0,0.0,0.0,0.0,0.0,0.0,1.1644672215240166,7.415647229209309,12.724856456556338,20.02612275020308,33.16696136119697,47.70408281940597,60.77178268136126,80.64588977465905,85.96280127155971,85.2205271760107,83.30194836372368,82.55192971686076,80.68329133792987,74.83700254393312,72.41027604254894,68.45954500287166,66.12198339087122,60.23001633363775,62.81709080342645,58.9139712229978,59.29710711214477,57.97043550381428,55.509936713123146,54.718273527975754,54.2694617618571,52.519143216308365,50.13150311047976,48.20877027067724,47.49369424864588,47.890954324293254,49.16706998115214
728,0.18587210140788948,10.0,0.0,0.0,0.0,0.0,0.0,0.0,0.0,0.0,0.0,0.0,0.0,1.338196617734545,7.722980446332146,12.9903463979996,21.28505681695581,34.05509954651394,48.91026598409617,63.42232786873414,83.38839917318104,89.6548341018302,87.9953997066181,86.86480397643827,85.08381908737157,83.86154534313081,77.54616255440422,75.43551355866333,73.07954066608738,68.74369971940338,61.59322108199871,63.27703673574273,61.23691087781915,61.72735210664604,61.16510974890167,59.03603952409793,56.622177757387014,54.337549093476404,52.38404505092374,51.019461990886334,50.50522604092724,50.81709870756853,50.73614377746209,48.775899851107965
729,0.17125698548343565,30.0,0.0,0.0,0.0,0.0,0.0,0.0,0.0,0.0,0.0,0.0,0.0,1.3434323447460172,7.38783120025911,12.083935722772795,19.549153200486483,31.851740491462735,45.46624990713463,59.36891035830818,78.14693713901785,83.34763026443488,82.54217938937725,80.0968522481704,80.31618402725242,78.3651090412926,71.88717661382171,70.41819168617941,70.00029329842727,64.11628090086617,59.07879400526023,60.8727145282848,57.49349075268748,55.62701557608513,54.706963041717486,53.903146064438786,53.130869616175524,52.04326573240993,50.39984428078794,48.53993110059277,46.89508824930535,45.88406686105366,46.07315831034506,48.15345616250971
730,0.403906713375784,1.0,0.0,0.0,0.0,0.0,0.0,0.0,0.0,0.0,0.0,0.0,0.0,1.3912281607650263,7.690851402815843,12.827270252389175,21.459201131429637,34.17846243936378,49.726870034836715,63.575830108621965,83.55275100528057,88.97762986708187,88.89212639678831,87.11995510875443,84.74719560975258,84.94957600715166,77.39636286210734,74.7345226326675,68.07720127389285,69.72550704820111,63.08688164078045,64.00042937188623,61.54106408170871,59.678753222332396,59.772805274556355,59.50923879502527,57.06288809608348,53.84990269859273,51.49786968467275,50.253591603873005,50.105648202150405,50.77800868836273,50.68924693352904,47.98990972322323
731,0.15088432731354554,10.0,0.0,0.0,0.0,0.0,0.0,0.0,0.0,0.0,0.0,0.0,0.0,1.4036967339676232,7.633693798471116,12.506238068220771,20.523086863869608,33.401968739287256,47.68906988990738,62.1853438324899,81.68286245234691,88.16352792117425,87.26707006095721,85.16496296044029,83.79120154495354,82.94841234537851,75.9145230053829,75.57073615142002,73.50903195879474,68.1524918444184,61.9759139975017,63.89827200101118,62.82939903647992,61.61310584632138,59.51268992296708,57.10786026970882,55.44606069959721,54.155857722562445,52.732044551235035,51.26608652592266,49.97284561480683,49.038763682761434,48.611696067179444,48.83878682594545
732,0.30587262317344494,10.0,0.0,0.0,0.0,0.0,0.0,0.0,0.0,0.0,0.0,0.0,0.0,1.2345463031999553,7.542843799439213,12.799747073291647,20.21498057905656,32.46685304200772,47.92889883233984,62.410507378991085,80.9993430316769,87.81594821777315,85.35524928157538,84.01904673813942,82.9176009383505,81.69533902973359,75.42815861623495,72.66345764330958,69.7814951879596,65.5627257146573,61.93387628794286,63.454858027310166,60.22184385915544,57.139855129910984,55.81151102562145,55.41639925722136,55.14545602421006,54.32212793949763,52.58297636644986,50.5586031849965,49.03101707627054,48.550886761986284,49.09475054648301,50.55072092982803
733,0.1310039830859512,10.0,0.0,0.0,0.0,0.0,0.0,0.0,0.0,0.0,0.0,0.0,0.0,1.27974299393989,7.449449122213971,12.521260635847783,20.31189058360494,32.63416161184852,47.5516293262308,61.75027180242559,80.56891090574815,86.94410828621129,85.31248150522656,83.75702589841669,82.68015802236052,81.48300327963157,75.26499353185596,73.73175346391446,70.30484264079385,68.60041952376531,62.42077841909475,61.00979533184101,58.271362241615634,58.38840473406932,58.035654329611106,56.59851749289993,54.87631388303919,53.20848613719087,51.76572492400207,50.56262622428316,49.57946280431845,48.773820769499544,48.00700526983811,47.124406569880314
734,0.16665899081150756,100.0,0.0,0.0,0.0,0.0,0.0,0.0,0.0,0.0,0.0,0.0,0.0,1.4004048171773271,7.780079226046716,12.886408574699043,21.182927092766306,33.97732226065647,48.2714085729456,62.34159862159666,83.18458319442516,89.42572594172289,88.38266247851777,85.88237367709006,85.04456778752842,83.40157641922335,76.74454927421311,74.84227733363035,73.18120695957693,67.68473133292488,63.16314848813354,62.52116793098181,61.35988723711329,59.52866407749483,57.94388802935521,56.503518638910336,54.97707595794472,53.45398228730385,52.0686599161938,50.87432511882548,49.90293840344976,49.208325384778334,48.93667369433246,49.26223732979047
735,0.3205756924666889,10.0,0.0,0.0,0.0,0.0,0.0,0.0,0.0,0.0,0.0,0.0,0.0,1.2837566675040064,7.723009182973924,13.016387168201607,20.67746166337148,33.787509594568206,48.91373255672922,63.432632247775864,82.60237362493466,89.23585700754796,88.02592322943902,86.61546561124672,85.9141289354091,84.5983153977071,76.77338009816779,75.2769829690379,70.32730427892521,67.79414277632716,61.54391295543633,59.740964027501334,60.11641762104227,60.523541747737355,59.834174250492076,58.24043827896512,56.29194017473103,54.53909288291931,53.335087718095046,52.4351604705722,51.4763618103051,50.18126192057407,48.53105126345631,46.57375702379139
736,0.44828055770887415,0.03,0.0,0.0,0.0,0.0,0.0,0.0,0.0,0.0,0.0,0.0,0.0,2.9753947076042273,8.493127914179297,12.21943305436231,22.67480698485736,34.14934970688947,50.293070802441704,64.50236623820233,85.81476106297353,89.76628860751096,90.97034086611008,87.92682832039846,87.09349092358121,86.72518233244061,79.23997234220596,77.33940722673698,73.77812885250229,70.2618135733678,60.925298940146945,64.65272990695166,64.12530766574253,63.62844338018204,61.62619116994129,58.921782868984096,57.230085529068916,56.078295030848494,54.73706867740277,53.22265988958903,51.716238944785154,50.48792409437313,50.21358032108325,51.701152368540626
737,0.2465094485613586,100.0,0.0,0.0,0.0,0.0,0.0,0.0,0.0,0.0,0.0,0.0,0.0,1.449429755785864,7.740411896184322,12.549771429522478,20.42033285721396,33.04124821894664,47.202375378655745,60.44420108956889,80.40273107029651,86.45397162109013,84.70411282497147,83.41715466845292,82.08833737599701,80.4334384269805,74.93739709766339,72.03771142471184,70.38744726264711,66.6132384630809,63.0665927988275,61.63446243906644,59.75253726503516,58.699900888864725,57.420961367040356,55.83727003483835,54.29021762076639,52.87114052497864,51.607379166277866,50.51771308316819,49.61800352568563,48.86733213901332,48.00630709034667,46.74029237858926
738,0.44266969579816373,0.3,0.0,0.0,0.0,0.0,0.0,0.0,0.0,0.0,0.0,0.0,0.0,2.622376921610219,7.718905991865402,10.7630037981172,21.225105733284416,31.439456944394777,46.290557719168284,59.505609821202086,78.14474156976175,83.8798390175869,82.9469097778106,81.5601107618394,80.35547245365856,80.08342132432378,72.3716935023325,71.3310594865805,71.03155117747055,61.87254335580286,59.60671376432151,59.214657103371394,60.09743410291644,58.49157082815301,55.91839649110664,53.64206400932353,52.12320893804356,51.163532272307506,50.46306888269317,49.82304618213847,49.07447500129916,48.10503228178454,46.995206220924146,45.86490136182846
739,0.17920635061116263,30.0,0.0,0.0,0.0,0.0,0.0,0.0,0.0,0.0,0.0,0.0,0.0,1.2550321214878875,7.189342211983095,12.012504492285071,19.492215885276362,31.070304774689603,45.0040472966302,58.18281738871898,77.16939299097518,81.90818288081091,81.70466028561556,78.7720039381912,79.12727927942346,77.42874975591235,71.0899763487704,68.8240385920158,66.67343631611122,62.99594101444828,58.052975233648745,60.088465744374,58.46709140394851,56.23373515356023,54.865199328268346,53.79450880828693,52.57246150010538,51.338733986641344,50.25387579096355,49.06907669652444,47.46335689467967,45.476197632251925,44.352951671694754,45.559319386727594
740,0.36072063494251777,100.0,0.0,0.0,0.0,0.0,0.0,0.0,0.0,0.0,0.0,0.0,0.0,1.3713261744364582,7.717184950612278,12.730293962617761,20.44436711562137,32.97221124220084,47.92089486908637,61.15673277577972,81.64596411513538,88.2037247094086,86.13050602865512,84.35455767879269,83.61310907196548,82.38488848121874,75.56044193982719,73.62511831724234,71.85025585714216,67.82880626212446,64.21362615824277,63.031612447497935,60.920837145463295,60.67234881977118,60.35563669631548,59.200279553546395,57.33146159489237,55.25744156584641,53.4472915705291,52.037654646559695,51.08697510527826,50.66900366405026,50.91588945425946,51.99715234858196
741,0.2670035776885448,30.0,0.0,0.0,0.0,0.0,0.0,0.0,0.0,0.0,0.0,0.0,0.0,1.309799611099305,7.1955148104508195,11.821055296340859,19.21659645986087,30.742623430305798,44.80078819977775,58.47704615545913,76.38820539350795,82.86885706441802,81.62570248149339,79.26983112298201,79.11511221449874,77.48368686933892,71.47579725395178,68.84053271434618,65.99077970265769,63.34870493162682,61.60576728920447,59.36155236182836,57.97031462817323,57.246990909500234,56.36665511368866,54.921467161293094,52.83658249812262,50.76842741174155,49.26755225272711,48.09699989128704,46.87072859755052,45.42043017464376,44.29254005656018,44.15779135545581
742,0.24111298170928605,0.3,0.0,0.0,0.0,0.0,0.0,0.0,0.0,0.0,0.0,0.0,0.0,2.114886718033535,7.702667513178627,11.427876544640801,21.26260485877765,31.850229247463094,46.55129642688641,60.77784321335473,79.27304256647855,85.80259044138413,84.50869275849053,82.89369806236657,81.6369829802955,81.02578047454325,73.39994318430993,72.85202615240381,68.86208912771,66.92889711908661,59.981117825495524,63.21396775120137,60.40723010296154,59.55407885192198,56.82683732048748,53.51726757893583,52.30310646118262,52.28055433867504,52.05742885152513,51.17889496129008,49.45298658110356,47.15651714458089,46.11206329189304,48.46352151665832
743,0.24100592457971662,30.0,0.0,0.0,0.0,0.0,0.0,0.0,0.0,0.0,0.0,0.0,0.0,1.3469773587528027,7.280953970679732,11.78954378489069,18.998303287236627,31.474596728174298,45.81843751767252,59.41886803567402,77.24032282436005,82.07372169392399,81.5506545758437,79.89458006874592,79.49650594559328,77.56487334497943,71.67465776654831,70.61310715348874,69.53003563966021,63.63042132020068,58.756260169216105,58.203527157503075,56.59224093542522,55.95847616984836,54.89749873736029,53.33722495449871,51.81734612295597,50.4005450336647,49.068296783454095,47.91547767414452,47.05568138198026,46.49886889454096,45.87090232975829,44.72487198792516
744,0.14979196644502552,3.0,0.0,0.0,0.0,0.0,0.0,0.0,0.0,0.0,0.0,0.0,0.0,1.3373610002980718,7.406668228574286,12.27948512336654,20.184277519530507,32.032815731300744,46.76458074356236,60.39516886324251,78.95932961493519,85.0603221735196,84.15260215458103,81.82643662651019,81.13326804564076,80.47129112096165,73.72599056944081,71.87077840899764,68.70023723889831,66.21162655938686,59.73623359511817,60.78311951032351,57.52151197492218,55.64922188189196,55.450004296402454,55.15904833824909,53.69007158747259,51.61317830705567,49.704784418807776,48.18203146298637,47.12697250419995,46.576949546393834,46.39924779640778,46.42836786066719
745,0.2635334188802186,30.0,0.0,0.0,0.0,0.0,0.0,0.0,0.0,0.0,0.0,0.0,0.0,1.4700930100009635,8.144150736573515,13.445104822648938,22.092108304251095,36.149800822372875,51.93837158539086,66.69411517075577,86.79240407150034,93.06573119794061,92.14616647325286,90.02082140936791,90.40524808736097,87.4210800423572,80.91773578048885,78.78613563955759,75.85832030094416,72.55038192408406,67.36962805521152,66.62184896062031,64.85741838494776,64.17800457046025,63.04956748585804,61.1012682178872,58.736772716733086,56.38520608825964,54.38921917170109,52.8883131438013,51.97392541117921,51.62825012288803,51.38648979074216,50.684217016235046
746,0.07524402118974663,100.0,0.0,0.0,0.0,0.0,0.0,0.0,0.0,0.0,0.0,0.0,0.0,1.3245127035190791,7.3976256902736175,12.212807997549447,19.804809183802927,31.92809143868238,46.39841831012217,60.07188273518328,78.76703063276791,84.45931630868816,83.66586943328721,81.58394555979059,81.12523846943108,79.02820223277679,73.28271831987158,71.42277257773955,69.91033726111556,63.8995455943267,59.831364816428774,59.96891154913763,59.11698131443582,57.97549043239379,56.578324691369644,54.943891523240936,53.24517266264923,51.58912660845825,50.06088652211527,48.74674014873942,47.72697928466388,47.12745018942396,47.27536317741895,48.58063744060112
747,0.22546900917659216,30.0,0.0,0.0,0.0,0.0,0.0,0.0,0.0,0.0,0.0,0.0,0.0,1.427030871791462,7.978559604711535,13.196570928757273,21.43660818402306,34.2397110814218,49.35784181562187,64.92719149281972,85.07233762263311,92.25584996795291,90.41026052515451,87.7845035223271,87.34275757849424,85.8392559346104,79.16814218895186,76.5743136994374,73.63888325722618,71.62947081220416,66.83801830815844,66.72261346234593,64.62058762201724,61.22657189275478,59.191314958056466,58.153857357271946,57.29726723825055,56.35324688953177,55.215551041940316,53.88606816570608,52.392834153590535,50.95115824273141,50.49413740365591,52.149579785802615
748,0.1906563853470029,0.1,0.0,0.0,0.0,0.0,0.0,0.0,0.0,0.0,0.0,0.0,0.0,1.696261872328172,8.285504170892587,12.98037751717624,21.8244498771614,34.48183420986275,50.376018278277414,64.97061047544082,85.46744629748983,91.79585592984408,90.64744049829156,88.89338360100467,87.51604416748272,86.24703472348861,79.34126057500666,77.12596226674367,73.67461477250173,73.79625753421517,65.16049996973074,67.95061649832131,64.1685110073722,60.57700877904359,60.18763602784503,60.59411319179175,59.56051671440293,57.50808557684663,55.35880835816059,53.48943528719232,52.122744994764965,51.436035561048044,51.499344923640045,52.383309016229944
749,0.2718292761447815,3.0,0.0,0.0,0.0,0.0,0.0,0.0,0.0,0.0,0.0,0.0,0.0,1.4368324330301232,8.113506537194272,13.295013613869891,21.054080988072002,34.56715813973986,49.2877559141149,63.423050269447096,84.12117758382065,90.39774035093419,87.86278534714003,87.06359568225223,85.71120897308381,84.54843500210964,77.75598197099731,75.07932982894482,71.53016628755147,68.77667181613442,62.46864297701669,64.89914796357459,63.692406771446315,60.95360178747132,58.56981972376569,56.90601940641085,56.10527223273577,55.36830230672712,53.978847846078125,52.320226257763196,50.99118238694509,50.33847474959496,49.92494979315791,49.145824419635765
750,0.2122658029084728,100.0,0.0,0.0,0.0,0.0,0.0,0.0,0.0,0.0,0.0,0.0,0.0,1.352297234027559,7.457352299088648,12.230450840357658,19.746860912489403,31.659156993483784,45.67209003499007,58.796303430703,77.85898120786958,83.07872534078591,82.26435168171163,81.07666844742816,80.52624362374016,78.4859362510943,72.32594150099541,69.3749961755522,66.38910394755028,63.76054927738875,60.32060414346416,58.85262628305295,57.03501259105125,56.25659427496083,55.832808653117446,55.02246599884864,53.512137849272385,51.71956441360003,50.10140439813663,48.72482530002552,47.56825523503021,46.620855152670366,45.90486123685324,45.450823677575414
751,0.18382874064273363,30.0,0.0,0.0,0.0,0.0,0.0,0.0,0.0,0.0,0.0,0.0,0.0,1.4653888028767459,7.889567458441982,12.894672691534256,21.18214688749616,34.07717305984103,48.9540664696667,63.18897100105759,82.66392609426151,89.34490801664788,87.7955512544628,85.78839865773459,85.12064697639352,84.68493631567229,77.21717600178314,76.13198817598673,72.25155567811952,69.27903872339215,64.36802584937732,63.9651476508635,61.80109740860459,59.380338425836136,58.7899823290239,58.674329465093514,57.48693224465423,55.65553272618879,53.913923985977,52.43517658287177,51.25725482572824,50.413518963621755,49.926245082391176,49.819608338684105
752,0.2927869810636372,30.0,0.0,0.0,0.0,0.0,0.0,0.0,0.0,0.0,0.0,0.0,0.0,1.23177599037312,7.199328600035647,12.092503095241545,19.61621657474225,31.97030744265666,45.821057861299835,59.10223229412184,77.75032585164942,83.00420080297879,81.77525718633915,80.55990829000592,80.04452815129783,79.11241413238557,72.27532729101281,69.00364860563141,65.69824564767161,64.5979775943395,61.44858838920304,60.14781380393177,58.30072614663091,55.75274381150498,53.448365773898416,51.967321787647165,51.52119789756161,51.311207931851726,50.52090329413078,49.188921994990245,47.56220089958588,45.97735287956793,45.1575154499513,45.905654256162926
753,0.16897176540764963,0.3,0.0,0.0,0.0,0.0,0.0,0.0,0.0,0.0,0.0,0.0,0.0,0.7353028335547634,7.045529690211649,13.344434416966662,18.163319821490575,33.45875714985336,45.85926097329645,59.79480929989608,78.30850915322362,84.92112964418864,83.18023365682713,81.99443221663343,80.88349867837819,79.6903246885233,73.05202125693981,71.59220451637192,67.36021759392928,67.10064560584752,60.181775332516025,60.30333549372446,59.949093253054066,56.34578794599302,54.891282455197256,54.8611183302462,54.28463044975527,53.05885325337087,51.52997749629165,49.98108136650759,48.655350854644375,47.66603445373281,46.70738835789608,45.39886758782349
754,0.3253814567789999,30.0,0.0,0.0,0.0,0.0,0.0,0.0,0.0,0.0,0.0,0.0,0.0,1.2171769120396279,6.9986137781516815,11.732738652690003,19.225239272957264,31.257672145975338,45.28853583027718,58.08328425254791,77.41572842736493,81.89755730355202,80.78246620287362,79.49907458571047,79.0442772234294,77.85389266409565,71.65414033262397,70.27182528906242,65.71260139365276,60.82369051987769,56.94014869762001,57.08819935052251,56.48288649884655,55.85636030316201,54.80574350207456,53.37340820777259,51.87613101760712,50.415338935649864,49.03385035167889,47.76051535374928,46.6184490125012,45.671701357746755,45.151565187133876,45.32945721450084
755,0.24406184961163183,0.1,0.0,0.0,0.0,0.0,0.0,0.0,0.0,0.0,0.0,0.0,0.0,0.6036338601077392,7.104527821307082,14.390758589900537,17.757105553546644,34.87991538826507,46.94170270371348,60.646871492898846,80.02158072724748,86.28546513561524,85.32236907313644,83.18468993232216,82.97954704610206,81.07712505611883,74.7863910314126,72.24978900600625,71.05856198184635,63.731499972273404,61.09303356063506,60.34918091518039,62.73267136611709,59.39294228552829,57.880877503117205,57.470434941650026,55.280414910957916,52.72036627451237,51.41135384556284,50.65134303579703,49.28262242363945,46.891237889113796,45.49285547013353,47.534933349843314
756,0.30507349444843845,30.0,0.0,0.0,0.0,0.0,0.0,0.0,0.0,0.0,0.0,0.0,0.0,1.2809841433357811,7.374322468393976,12.403249130551972,20.376303202085374,32.58302940657373,47.072148939355074,60.749673565835735,79.68210718597139,86.69055025982578,83.89247968946587,82.74042339311687,82.33503465175168,80.49500161495924,74.88758497244727,71.41479128005396,68.73574838725979,67.03467537688945,61.099470224238544,59.2899804973331,58.37134865758337,58.270866932897675,56.83630224045295,54.771177466554015,53.338304443206724,52.3702264985336,51.471378511565455,50.5491467991461,49.584156185030736,48.70768421796412,48.63605202126988,50.26176750645326
757,0.23028839509187862,100.0,0.0,0.0,0.0,0.0,0.0,0.0,0.0,0.0,0.0,0.0,0.0,1.2402405965357626,7.129800352010262,11.876357404643603,19.053634422703013,30.461632705241428,44.748572565373394,57.26241405946071,75.50327226608478,80.73363862793761,80.46154130347058,78.50138077179108,78.15696985061797,76.55521818800409,70.13347674811456,69.12623473211808,66.08194315299107,61.44175636202317,57.63952904660772,56.94757927008329,56.7488627010309,55.46380286248417,53.37884541382919,51.39826325217134,50.149433135236094,49.25296749736172,48.26022148987063,47.25303125002554,46.427987174804784,45.92905015359529,45.74055943146291,45.8135136005556
758,0.21406024798661094,10.0,0.0,0.0,0.0,0.0,0.0,0.0,0.0,0.0,0.0,0.0,0.0,1.501968574571161,8.214916883965193,13.384834320815576,21.605522429262187,35.40557388625569,50.34717676176479,65.07426786518937,85.80763797035954,92.57916515460536,90.96098679853593,89.47479300145505,88.65867331111309,87.03134803195378,80.21563094973834,76.94919806231496,74.90891901305179,69.06822045777417,67.17632942971015,68.59760121776235,63.65448390800901,64.30101033087736,63.711611638396995,61.29468378021847,59.20298084897145,57.302703539597246,55.17203938834769,53.15491029929631,51.71939902403896,51.13746670318994,51.07936262943502,51.086158451853464
759,0.1212962218003928,30.0,0.0,0.0,0.0,0.0,0.0,0.0,0.0,0.0,0.0,0.0,0.0,1.1994410901341104,7.245908800922451,12.298139451204797,19.751914819246743,32.06773255669266,46.37049308127792,59.54725951390806,78.2831875828136,83.92667907343296,82.87866112290041,80.76421099443839,80.1066211619826,78.73924138718898,72.41692192635539,71.49509663930397,70.21567189134855,65.31864539607368,59.98752275482747,58.76637932365551,57.36529393546549,57.22705133669784,56.83137797745413,55.63360650462495,53.83138134602945,52.02429644043724,50.68999843045998,49.675038382422926,48.699505258671856,47.67685919473159,47.201248259366885,48.02699511930442
760,0.30443201476914816,10.0,0.0,0.0,0.0,0.0,0.0,0.0,0.0,0.0,0.0,0.0,0.0,1.3399700517621904,7.802452415566241,13.147108537563803,21.453105674067398,34.205916554273784,48.47122228371959,63.55661987715552,83.7617626079364,90.45005473604323,89.01022110158476,87.60107115371815,85.49982741679713,85.27207995977625,77.57528327119277,77.32710401435168,73.6523188964678,67.89465773682899,63.96224185252193,65.6894869296124,61.4346038153856,59.31908978077709,60.15350579204827,60.870239903342565,59.066927343010754,56.01676558087337,53.415021613315375,51.595103708646825,50.5940598263987,50.276875391804914,49.75134968726515,47.98289224974521
761,0.24997657674848853,100.0,0.0,0.0,0.0,0.0,0.0,0.0,0.0,0.0,0.0,0.0,0.0,1.1661674718105828,6.76509393406616,11.389835488906725,18.670393661170923,30.196426916548468,43.60974696375348,56.29123613230076,73.37730269539792,78.40476338207897,78.12183064956214,76.39021975495497,75.29144971400905,73.73275843674762,67.71741262194885,66.65822469769715,64.13783197457866,59.94437027760414,56.23978337280684,55.21315871245086,54.502446434793825,53.1983071624221,51.72804669840351,50.42259536381362,49.4192370451644,48.44142287875474,47.22444039398336,45.874201948986,44.570885212044374,43.57032066641645,43.487554452801845,45.07127963799428
762,0.3030947823517376,100.0,0.0,0.0,0.0,0.0,0.0,0.0,0.0,0.0,0.0,0.0,0.0,1.3060767899024361,7.551902760348212,12.66103140034461,20.604482548272664,33.314506065591324,48.180739016778055,61.883730657981005,82.22058593082852,87.67491630748518,87.27337052732148,85.05971381020257,83.74932230154234,82.05720860463036,75.25351781702743,75.09468306890435,75.32603081968013,70.50309973985063,65.10527797163493,63.22766550777463,61.45149105897513,59.28378060020947,57.429335443602724,55.904978311833425,54.55736739244397,53.217384952771724,51.79046123940287,50.45071523681332,49.41781836201333,48.87984570702616,48.96317333055849,49.79911849016432
763,0.16606426606900673,100.0,0.0,0.0,0.0,0.0,0.0,0.0,0.0,0.0,0.0,0.0,0.0,1.2945009003585743,7.378814026427169,12.303490507168046,20.01294757373886,32.133981874632084,46.38975575555259,60.226885974453154,79.88670893353041,84.11545806029224,83.88038737689345,81.35798865868108,81.46508174789767,79.69615395530812,73.7723503115749,70.89831572288664,68.41872012412031,63.705175726715865,59.70011626385382,59.196743057794336,58.958188560271026,58.06627850870657,56.859037461440515,55.43756123449923,53.86845644146347,52.39027594957106,51.192846245014174,50.189026008723154,49.23554181739995,48.247665020732114,47.33533720514695,46.646528188940295
764,0.10242315816443855,30.0,0.0,0.0,0.0,0.0,0.0,0.0,0.0,0.0,0.0,0.0,0.0,1.348284617516648,7.60480947335383,12.552785624965871,20.20719120219422,32.87127460210217,47.455264542770585,61.30517166114246,80.20084661139852,85.9191046325739,84.9470344763314,83.08028376224514,82.34645606930553,80.49535712395331,74.56847053402862,72.35371353587887,70.69268628780459,66.76433537703385,60.64300582231235,63.69883892472125,62.002721827182285,58.50446710049253,56.698318864787254,55.71407166943709,54.42665134597802,52.99029234352784,51.729237779324954,50.52924341484151,49.18670279915276,47.783283864676726,47.42910187847768,49.51845906613709
765,0.23009870853517347,30.0,0.0,0.0,0.0,0.0,0.0,0.0,0.0,0.0,0.0,0.0,0.0,1.350389559451677,7.676668441504588,12.845030392810306,21.1636756957298,34.07551768595949,48.67849181330912,62.58564616138683,82.70732887268971,89.60117204870555,87.70906778805538,85.7078810636039,85.50809163289051,83.45469757049878,77.03371292052756,74.34985679129802,69.65719513862105,67.12872049764381,64.87375751061143,64.6957781203931,62.78381441955245,60.44846411831132,58.229165276557794,56.29794806418826,54.830164053113776,53.7769063936094,53.02919789188841,52.41678471673727,51.760729134384455,50.86285633947885,49.43240414519987,47.19893299521279
766,0.3017752851909976,100.0,0.0,0.0,0.0,0.0,0.0,0.0,0.0,0.0,0.0,0.0,0.0,1.1286605395758378,6.970060146610777,11.969191465679158,19.226072485401524,30.583720166342786,44.352970260943685,56.63873626204646,76.0562478735695,80.94726285444,79.75759739596258,78.2956014632913,77.62265289480275,76.24503753936564,69.52809515870639,69.58498415151956,66.36806870010248,61.380616262342194,58.090883114948284,57.877197144873286,56.61095818552378,54.930182810586174,53.256053997792336,51.74094216932628,50.503475187705796,49.37126811814946,48.17051312294694,46.94520878305071,45.78405704791672,44.8913500316326,44.95467899004344,46.83746107784866
767,0.31226498384873974,3.0,0.0,0.0,0.0,0.0,0.0,0.0,0.0,0.0,0.0,0.0,0.0,1.4548964230692567,7.772311612424704,12.628620755638682,20.558343524820465,32.93610172448133,47.97061174811336,61.950914736632626,82.26013804249638,89.05490675626318,86.18577172607556,85.60892335592288,83.92936113610925,83.17060025744144,75.73844097205553,73.65497795649534,70.54221226640767,68.65166213226097,60.667345012460125,64.15505588284852,59.37651215949258,59.05964544969822,57.515600785734506,54.999434370657355,54.13260268094402,53.79235001983076,52.50538560670726,50.64275014760083,48.96679983799375,48.02668622462277,47.85639383385454,48.39937950496758
768,0.2261212137038788,3.0,0.0,0.0,0.0,0.0,0.0,0.0,0.0,0.0,0.0,0.0,0.0,1.1858520114465483,7.092411034103039,11.953073611044113,19.068554768093602,31.0444175347924,44.92972812534794,57.85923746695766,75.08360238991058,81.77680458463526,80.11606907621896,78.6996109692295,77.8958300544744,76.58767471308545,69.92822362397771,68.49466195473138,64.58453428402889,60.99253328099413,57.1925438094273,59.29428120261235,56.44918121758995,53.79609868117479,52.166980905222744,51.10223968765021,50.430080356411864,49.77622729827588,48.82919759271318,47.677633299614364,46.497275445285325,45.44869384526674,44.68160294107994,44.339064482587126
769,0.16656895900281285,100.0,0.0,0.0,0.0,0.0,0.0,0.0,0.0,0.0,0.0,0.0,0.0,1.4093249507471979,7.988951124099006,13.248331766752964,21.39492301967789,34.52401009430504,50.356446760716565,65.11476411491638,85.40889837077724,91.56645034637431,89.91863106215835,88.38809994740497,88.12566185076616,85.19570810058791,79.13807464259831,76.64090362550927,74.42359755367546,70.18198734390553,64.66622349655563,63.4243606091454,63.707790172912766,62.09557607157154,59.81295820448373,57.7836940314738,56.35123297409076,55.26073372508959,54.206170176513204,53.15132259061199,52.12252480870952,51.21685007752563,50.815001371177914,51.36852276473091
770,0.2075214879807608,100.0,0.0,0.0,0.0,0.0,0.0,0.0,0.0,0.0,0.0,0.0,0.0,1.321022356210234,7.2362098607565475,11.874721116510168,19.440001802759536,31.76098128151116,45.55864439838668,58.33118350670032,77.23668704445187,82.60037120140538,81.46417889218257,80.47215828405825,78.81591985847294,77.92479849421225,71.37254975298109,69.58444750056665,66.91118693691814,62.29047402403371,58.060879458689335,57.505014494295345,56.22893634160135,55.967533003073406,55.720646531097344,54.745322786209556,52.94706412906221,51.03755103036849,49.65748221071318,48.70587406852387,47.93144508001815,47.0936346852037,45.93668351124036,44.22692602274277
771,0.23894557152869955,30.0,0.0,0.0,0.0,0.0,0.0,0.0,0.0,0.0,0.0,0.0,0.0,1.422724288752881,8.11212059413425,13.54334338123408,22.12024729375481,35.74408298006091,51.80505036191951,66.24966747219011,86.7201621930608,92.97184590883447,92.38298905496919,90.41314323641917,89.12031213842286,88.1496171744039,80.44129380637139,79.62163015839599,77.41073105559161,69.84258615695283,64.02137946444616,67.35186574179248,65.58526247250671,62.64803587983794,61.27483432601077,60.26304758831326,58.439559113670924,56.31643535746998,54.570303279203934,53.19327166821208,52.03365653441,51.14278078124743,51.322234642906025,53.628450398275284
772,0.24972846478556282,100.0,0.0,0.0,0.0,0.0,0.0,0.0,0.0,0.0,0.0,0.0,0.0,1.429950737706088,7.8273042884106525,12.774767630937333,20.616273448759106,33.60167161270496,48.92254783966534,62.77256076233981,83.38048161733742,89.06058256118143,87.92527614973548,85.62102135304178,84.89339679782272,82.8029682574477,76.98336854904271,74.50491541163099,71.937548358208,67.61892095058273,62.904945607367885,60.93447712347187,59.268318639870394,57.32836996733569,55.96015716378834,55.05528332467353,54.270899667552925,53.37370471298116,52.2155712655776,50.853245814000154,49.38737281113097,48.028731056585634,47.4358595836293,48.377525038676595
773,0.29301810647658105,3.0,0.0,0.0,0.0,0.0,0.0,0.0,0.0,0.0,0.0,0.0,0.0,1.4397268734490385,7.501950353504056,12.265545595834979,20.773852455438437,33.17002171078986,47.37254743689975,60.916791526333455,80.29069388135481,86.04086565261515,85.23308709765904,83.49744526013308,82.40198811408227,81.46567797926215,74.40124046675375,73.18679872245714,73.36781913042071,64.30135801335922,60.765218765354064,60.4454776747744,57.7504938829732,55.99182700807411,57.33597670300383,58.613667656854936,56.56765445578592,53.32194188957784,51.339814679479,50.38662417816862,49.71661924883664,48.776923083675285,47.58003878771363,46.269387562255154
774,0.3405632496734251,0.1,0.0,0.0,0.0,0.0,0.0,0.0,0.0,0.0,0.0,0.0,0.0,1.026626989163858,6.960041896122339,12.334776679655885,18.27768040024446,31.386754942983487,44.25043317322036,58.07826020446787,75.90569428045676,82.55698100689887,80.83041027679774,78.5178646892763,78.51609937939176,77.10623945310935,71.20348813580631,70.3734941536329,74.05923653279395,60.94373297323706,57.75125595600067,58.63194002522011,57.42446516919077,56.07217207349127,54.32007868315632,52.346143836804245,50.63674248647755,49.58347253150312,49.32984146706852,49.16298252102431,48.176237350839074,46.072202296645585,44.6228811552044,45.93315167255477
775,0.2977840835822798,100.0,0.0,0.0,0.0,0.0,0.0,0.0,0.0,0.0,0.0,0.0,0.0,1.3666481846303244,7.758558271661838,12.982980525785438,21.47055767742258,34.81022162715231,49.455688784316116,63.609136969858596,84.8429325177492,89.98097691263732,88.93926519405267,86.93062244437901,86.11412367076484,85.0108829424303,78.27981601229605,75.42077250428056,74.36931952892908,70.99064075945644,66.92818161820162,66.2328669957989,64.36895441680969,63.01183441845578,61.47897860006107,59.57527870294809,57.55715524362328,55.74746052598682,54.384467421768825,53.41821525259408,52.74207354400401,52.32157049566596,52.37620650950389,53.19934052969525
776,0.17553506694902093,3.0,0.0,0.0,0.0,0.0,0.0,0.0,0.0,0.0,0.0,0.0,0.0,1.1552802427374704,7.557247492367996,12.985635836333568,20.02491674794864,33.58045279944549,47.628721017828376,61.559720543988846,80.82800376490246,87.06111831812017,86.57904601689634,84.66889387848899,83.4965378714361,82.23357054712683,75.6408205171314,72.79573449686592,71.25930842041876,69.48616755125505,59.54779237610973,64.36360229287752,59.21586924063062,59.01005646026669,57.76355377231819,55.29030678662178,54.170827276829115,53.37831040046571,51.61673550872886,49.52500426441122,48.09544760354888,47.8680702044808,47.99579799229464,47.305329443042496
777,0.18807362487469473,100.0,0.0,0.0,0.0,0.0,0.0,0.0,0.0,0.0,0.0,0.0,0.0,1.4302700035968563,7.572060870413132,12.297932225985436,20.35625236410729,33.45827586613499,47.92604677529659,61.246219220143324,80.9888571579344,86.98159536401678,86.5620284644545,83.87095790947502,83.60655104746976,82.30791145783193,75.52064066319886,73.6093923583043,72.10509023084948,67.74723287497075,64.04249389996238,62.885218662882,60.63343242143813,59.05040646450781,57.64595089743092,56.090815307156646,54.420185453690316,52.86461184547945,51.61302070447803,50.58641675171395,49.65186073260226,48.75579952850566,48.122392228958724,48.034851678162596
778,0.22700162222326542,100.0,0.0,0.0,0.0,0.0,0.0,0.0,0.0,0.0,0.0,0.0,0.0,1.254548603646765,7.564056738088167,12.782798421869211,20.223441587180233,32.265250482591256,47.65391816063192,61.50082866083464,80.81622604120592,86.61132378447454,85.75344226837996,83.79587349651551,83.17145087022585,81.53788561855329,75.18110070839548,73.33236954256883,70.83196859969378,65.5313784691224,62.87774582913738,63.9373558369476,62.53332717416483,60.74669399824866,58.91845489513682,57.048509423086934,55.26889903629195,53.46217523011449,51.53399224821747,49.65364694332409,48.02721696318002,46.929414277893954,46.99791275551283,49.03626165144143
779,0.19537423959044806,30.0,0.0,0.0,0.0,0.0,0.0,0.0,0.0,0.0,0.0,0.0,0.0,1.1778856823465178,6.95753174838165,11.703395199952674,18.76043061539243,30.14859787566444,43.81263589254495,57.360301460055574,75.78047566128306,80.5085839685561,79.97060895146105,77.83177823630373,77.31413127166842,76.15965785582421,69.63846950501868,69.25100700223815,67.18817681818618,62.8665154592916,58.224845095827966,58.88056412449952,57.76279781307671,55.020983352835735,54.33260681178557,54.21684598294533,52.6236070901937,50.37146721340803,48.59593636017646,47.33906619283668,46.41595408802969,45.718388272506836,45.368446125232445,45.54553255631554
780,0.35703200638487376,0.1,0.0,0.0,0.0,0.0,0.0,0.0,0.0,0.0,0.0,0.0,0.0,2.271250872747459,7.558492519747424,11.463962270889294,21.417553481270605,31.615412150744575,46.849646930630456,60.28076981811145,79.07404093593503,84.93993683625669,84.37821160471421,81.68576539038513,81.20385199705034,80.19930019049184,73.4470834412399,71.25177636568863,64.18749203820366,67.57066871637647,58.0955219486941,63.528669821056255,56.139300411593425,57.331579096471316,56.70213360196147,53.98149277799953,53.2877847664689,53.11405295675675,51.46573466065413,49.340140689859425,48.29785793381901,48.96845321985493,48.7050357866181,44.243930044571215
781,0.1169769789358569,30.0,0.0,0.0,0.0,0.0,0.0,0.0,0.0,0.0,0.0,0.0,0.0,1.4890101316350997,7.718602205723804,12.444088986110925,20.552326689062372,33.169588798136445,47.94500471650076,62.16465423897753,82.07503807334405,88.0849494278046,87.21773670504851,84.66736089754286,84.16789215474266,82.01857277740164,76.20297019789916,75.0713199338083,73.34203809254716,67.96618994861424,62.390413185801826,62.549245040787135,60.550502427998325,58.87817541858391,58.163187465544794,57.49310581808425,56.17197514196007,54.36898595471563,52.444869367064854,50.72971962752661,49.51495582748245,48.93134431545645,48.56412969448099,47.882820201908
782,0.19251554227458215,100.0,0.0,0.0,0.0,0.0,0.0,0.0,0.0,0.0,0.0,0.0,0.0,1.2716915717817274,7.167145799665039,11.937141012378481,19.633488416261468,31.817897258525182,45.946841166579034,58.854844614611295,77.73124099029243,83.48447918384207,82.397686355673,79.7153096196185,80.04787917139964,78.39616587495998,72.35307364086243,70.25780771029945,68.59664661744695,64.96679075890644,60.82105297648333,59.71355225217801,58.755750110263044,57.56610975595001,55.792121673181576,54.00112832561726,52.78478106237832,51.861299632245505,50.8412964232691,49.63441895972104,48.22572678871723,46.681019086433125,45.35439023515236,44.634311084431005
783,0.13417375001667853,30.0,0.0,0.0,0.0,0.0,0.0,0.0,0.0,0.0,0.0,0.0,0.0,1.2590420513111693,7.585522728258768,12.871976789369182,20.66695267748613,33.261501348266215,48.19556293942482,62.23506802749369,81.92760768188877,87.72203406858114,87.19830198502612,84.41741431283988,84.30253656771015,82.42649744213173,75.93194897040597,73.0335875693071,70.1315345820419,66.89096346665214,61.93219426658551,64.48784812596749,62.09686236813949,57.97723688818738,56.03042150026801,55.384660821857224,54.70761070080865,53.60473358441629,52.02621484615598,50.32995988672882,48.92965873260385,48.16863703876072,48.27498837472797,49.4897855407457
784,0.08984937197697893,100.0,0.0,0.0,0.0,0.0,0.0,0.0,0.0,0.0,0.0,0.0,0.0,1.4012938622036202,7.918156552594038,13.111212224004097,21.160097197480383,34.04397803258729,49.23755517363916,63.67205761672665,84.21828195471416,90.31719073231524,89.01027460814484,87.32361699074092,86.41476921010195,84.80566317006289,78.11020590580391,76.1694034680334,75.76819216561084,69.89904900560526,63.359031290278025,62.35607358383461,61.763923313913295,61.02794803231949,60.13309140221048,58.818531300099544,56.99322063121049,55.03528957282813,53.31621549774189,51.884713843926335,50.717409657182166,49.812780039641744,49.24337756746394,49.10096919357542
785,0.2073875601663932,30.0,0.0,0.0,0.0,0.0,0.0,0.0,0.0,0.0,0.0,0.0,0.0,1.4848493610398188,8.24346200236036,13.514231339509838,21.728494953537776,35.21329295401108,50.566723267546976,65.87195945233721,86.9750162986091,93.1772872803673,91.32622748698121,89.14954611597959,88.93143467531497,86.77386106620527,80.70829866743048,76.76721880238186,73.47752649620739,70.49947775096662,65.7815164176189,67.2888350395245,64.34313234027923,61.92389096592712,60.63201793976033,59.43512169494069,57.83386775425466,56.31091465908871,55.35372441605152,54.72179509477638,54.0200102801876,53.035704025861335,52.206413301284755,52.10292617148401
786,0.1675188376558987,10.0,0.0,0.0,0.0,0.0,0.0,0.0,0.0,0.0,0.0,0.0,0.0,1.4744201132653993,7.993365574987425,13.057720310854608,21.36590699965892,34.798208111238786,49.44238083209822,64.37649423893275,85.23660452803914,90.88971903569289,90.39047576771048,87.48424754310568,87.18911895247774,85.55279830982717,79.6220113358955,75.96529083010621,74.65651043564216,70.95563509542924,65.01203350759928,67.73603114713103,62.51400766480378,60.968265466417925,60.06719618294738,58.58697993904294,57.17352684427022,55.90496279796547,54.72647617101295,53.58564500836975,52.433220464454855,51.24300163045448,50.066857427215375,48.97030036304262
787,0.17138939728411912,30.0,0.0,0.0,0.0,0.0,0.0,0.0,0.0,0.0,0.0,0.0,0.0,1.3008869043103652,7.5524607462169655,12.62730111650896,20.386139418402365,33.264723698114494,48.03933794546494,61.51159464786462,81.83090875969445,87.56653442796252,86.59155940612757,84.8744310535859,83.19272968746137,82.52120640955442,75.47786065695122,74.52317238703536,72.80142115504715,69.34683949378012,64.77890581277497,63.17231524760305,59.67145038111244,59.89473769575579,58.801580284531,56.610804779383194,55.2194523080179,54.28188842787253,53.130057103345294,51.7204417597946,50.15578028713585,48.66794259216636,48.003820324120326,49.033706478497194
788,0.08706729837590628,100.0,0.0,0.0,0.0,0.0,0.0,0.0,0.0,0.0,0.0,0.0,0.0,1.363333814050382,7.416582540819199,12.151814022074504,19.918893026244398,32.360903097328666,46.77177156254078,60.64695484949024,79.74435096100868,85.27955908142339,84.41090025111657,82.08650764518961,81.67610142289608,79.74067432354505,74.14338888571349,71.22061864068525,69.39338903230693,65.75588125787658,63.047505229808785,61.4946569671602,59.508936526988094,58.503144972150395,57.177782895671356,55.56880952753199,54.127724256497245,52.740889429622605,51.2431439565778,49.73584533770033,48.369308953126115,47.32075700837954,46.92673242533895,47.57472061687775
789,0.20007285234378397,3.0,0.0,0.0,0.0,0.0,0.0,0.0,0.0,0.0,0.0,0.0,0.0,1.7792670486950986,7.344142294862205,11.237949871152003,20.10844713664894,30.46632206505684,45.24989973043588,58.610663718221026,76.69213694428066,81.84155700028855,81.89395405498585,79.02741767060738,78.3251807794077,76.96052108050601,71.14227341402184,68.73307234850755,66.30545994085915,66.25773754115002,58.57012579161306,61.29830358661972,57.30638119660383,57.21442861485485,57.00666756881993,55.52515356555051,53.844154042739234,52.13193950864029,50.384992854099146,48.764878706949666,47.4525227351649,46.584511556255414,46.18907957124766,46.279198250549335
790,0.22268642390096874,30.0,0.0,0.0,0.0,0.0,0.0,0.0,0.0,0.0,0.0,0.0,0.0,1.4853364819476083,7.875438820223205,12.763916568877734,20.864992861151734,33.64960688195085,48.788175657974676,63.51669488234284,84.23456918740594,89.57083983951776,88.1685103199057,85.72264647696008,85.87082645203174,83.90120491278913,77.13196665867159,75.09597061133229,72.95209164499948,67.02039539432833,63.64096446055146,65.52640316830744,62.402504599853735,62.60912429655254,61.785700632495434,59.49632282838265,57.28211266227947,55.439915488381615,53.960045097277835,52.7812554595887,51.836643760111116,51.02402819698259,50.083678800037106,48.73540823815693
791,0.2519028904862213,30.0,0.0,0.0,0.0,0.0,0.0,0.0,0.0,0.0,0.0,0.0,0.0,1.3824010090897045,7.980207876754451,13.273990828805218,21.32379662494712,35.037011640822676,50.748933435304934,64.89625153423869,86.46814272700632,92.6613919484176,91.96164207270732,89.71794644281316,88.57274012465594,86.96519588024049,80.74036750940536,78.2039944659545,75.42441901529848,69.36739263263051,66.3615206921648,66.3665991906759,63.20877449677849,62.56731745139126,62.12123797614918,61.012859502122325,59.51508915013153,57.76601752364539,55.87232517997091,53.96031679344933,52.147626028460216,50.6492569366542,50.10394026196153,51.27215111212981
792,0.2805979593272315,0.03,0.0,0.0,0.0,0.0,0.0,0.0,0.0,0.0,0.0,0.0,0.0,3.5276328772443577,8.482723693905855,11.89224283885364,22.892072356226237,33.22579988362936,49.88753702367487,64.43090047590007,84.3167419133825,90.19979322204644,89.24283669662806,87.63158158974957,87.14641428680656,84.91839254174123,78.47505413699247,76.79142895513871,75.54581439712902,68.56725434779078,61.634557536820516,64.68087000340142,63.44384262126573,60.89432113195271,57.70579685584279,55.32238623039997,55.0543749311171,55.475383998880865,54.95819166803255,53.67435951433192,52.23614420614604,51.029051871481904,49.7180628604139,47.838300329939756
793,0.19500981532504655,100.0,0.0,0.0,0.0,0.0,0.0,0.0,0.0,0.0,0.0,0.0,0.0,1.4089132642164266,7.741269286568972,12.750684464788078,20.942276677710364,33.88822378371427,48.728024520595774,63.03016651747551,83.24758517375751,89.90079330080582,88.58533845463435,85.65521541548672,86.33896005393792,83.70772911332206,77.89657067354379,74.27758688692585,71.72297042362682,69.05352543131318,65.4894506853624,64.22997381586028,62.43014202237167,61.04081944760031,59.44275170929845,57.78371945045608,56.4185599232615,55.059057121022754,53.40953493970549,51.64818730811597,50.03959655985282,48.906443570472376,48.907938955785966,50.85311293414031
794,0.14506926608077222,0.03,0.0,0.0,0.0,0.0,0.0,0.0,0.0,0.0,0.0,0.0,0.0,1.8561638225899943,7.169570671848898,11.869860001133633,18.81882690361862,30.95031385005072,44.560714182427944,57.98376984302972,76.31642696722697,81.80081395079124,80.6562932938031,78.95590204024282,78.4083967879786,76.85051977643958,70.75790247765504,68.08472458638228,64.94101313200424,61.895345567068404,58.491484261863896,57.507860877199036,55.93605329608275,56.525435407341014,56.00247675210903,54.46252617937724,53.0779681102917,51.56806917883982,49.570841453500066,47.58724015172838,46.24203908173941,45.9000730740514,46.144611270096085,46.381724044485786
795,0.31548841866087957,1.0,0.0,0.0,0.0,0.0,0.0,0.0,0.0,0.0,0.0,0.0,0.0,1.1039344617873639,8.036625222491844,14.294033240746238,21.555162322281607,36.36486365916486,51.94145680131636,67.86027384239297,87.88046692861923,94.72959242331335,94.00571415272388,91.4115115491438,90.9562991722568,89.3380217750889,81.74413873712352,79.4052408814575,77.75615444494794,70.61711313019224,64.39162440389097,67.55579939518078,66.22072899359793,64.11827201446052,62.86577941291321,61.29839056184066,58.70440973852683,56.310991020800074,55.16451181636789,54.46537353153365,53.048428371193985,50.56905508356021,49.41168799150492,52.5354626484631
796,0.2026561146513477,0.1,0.0,0.0,0.0,0.0,0.0,0.0,0.0,0.0,0.0,0.0,0.0,1.8201566379338123,7.552950352937601,11.572648542483027,20.137367567453403,31.877321865859564,46.100203069438706,59.66828493296536,78.64836096441941,84.17495959373662,82.81080102462933,80.99698545641851,80.42697441057014,79.54866746443558,72.74948425677137,71.51990293038132,67.1118014180954,65.09649015407422,58.246643011570306,64.08085788744084,58.301001980753476,58.73116961211359,57.823919554600494,54.788463621642364,52.514797255291626,51.15980078932616,50.32159523138251,49.64159099631205,48.783907627701396,47.568859160874126,46.35359107940128,45.58910565153869
797,0.14626275138746697,100.0,0.0,0.0,0.0,0.0,0.0,0.0,0.0,0.0,0.0,0.0,0.0,1.2747646356295572,7.203200342146633,11.964918668644184,19.495108811863503,31.55375773480886,45.50391589900742,58.52643090784112,77.0604027325654,82.97963910735233,81.75799481978785,79.53817511259835,79.61145950048743,78.02266967162178,71.72579707249382,71.05582832796225,68.47606303202667,63.71037822175541,59.3877454415058,57.45874049455457,56.83179926783624,56.677741094119305,55.60424233018161,53.785073932077864,51.79090171985487,49.94442945258656,48.44085393356769,47.29892940830849,46.50166452599361,46.05798015765832,46.06096482561685,46.634318700655776
798,0.2134542655853715,100.0,0.0,0.0,0.0,0.0,0.0,0.0,0.0,0.0,0.0,0.0,0.0,1.2910793324498,7.241488158184595,12.028328045327495,19.742338173342535,31.852097840878955,45.45061175771652,58.4009052119302,78.43480037960204,83.45212937444485,82.61491420386078,80.80016364977595,80.0006049457753,78.02988723133473,71.98989445279538,69.14525220953499,66.50421120958372,62.41836571440461,58.255768662135516,57.75787868926471,57.08719928186081,56.54227856261213,55.7137823774054,54.40324453395186,52.705849515555,50.96120555934139,49.468878568544,48.261536183156785,47.31326586177504,46.64251856524794,46.429455229189266,46.901100506680706
799,0.1666943600690102,30.0,0.0,0.0,0.0,0.0,0.0,0.0,0.0,0.0,0.0,0.0,0.0,1.3118538531868735,7.533107726273497,12.528057799886998,20.191321098203314,32.85782885454714,46.82665813877792,60.21277666923669,79.86220683586549,85.61393057578341,84.70269632161138,82.56814578045991,81.52461601509584,80.89273017097706,73.99106601152445,73.17557390259518,72.4582291962474,67.43768154757458,62.61131407891001,60.13005492086189,59.240686469018286,58.173939844377536,56.81358958695156,55.598886951395784,54.77452835359561,53.84454385174847,52.34862492943483,50.569292089188515,48.929019568226494,47.731878349286085,46.99275007128964,46.66994458323042
800,0.2818424306517846,3.0,0.0,0.0,0.0,0.0,0.0,0.0,0.0,0.0,0.0,0.0,0.0,0.9351429256570757,7.639653441694389,13.942018922690819,20.13132232883816,35.40800948556827,49.91278657693797,64.57887761009862,84.20336017983442,90.89791732549217,89.94957474190065,87.54799957066133,85.83480510081901,85.68939128919483,78.9364082314972,75.35953002635839,72.07759083165726,68.21511775920115,63.64201487176916,67.35974278867404,63.53693710953203,62.501107817381936,60.85381496007305,58.465744713111505,56.93371063792917,55.860435446624365,54.61850721891579,53.31403646752944,52.20999539026665,51.49382643730162,51.13065447375688,51.039207777899065
801,0.15041903485971728,100.0,0.0,0.0,0.0,0.0,0.0,0.0,0.0,0.0,0.0,0.0,0.0,1.365897064165435,7.571687219076832,12.465934756789913,20.232060915964855,32.55859876124398,47.13052895548931,61.3105237996392,80.5383124588161,86.38765714945616,84.79501886696922,83.46078069189068,83.21361314622621,81.00837495415,74.7397431420524,71.64229036153642,71.15807358516894,67.13284006906848,62.9387867950934,62.96616154879907,61.10595782104225,59.13132142333047,58.228586676338296,57.507380378194085,56.110720468213835,54.3861001238647,52.815394638879255,51.40165592221528,50.043470714562396,48.73249676908598,47.786385387258825,47.583487614888206
802,0.29587528059694446,0.1,0.0,0.0,0.0,0.0,0.0,0.0,0.0,0.0,0.0,0.0,0.0,1.2264478402315178,7.694691044650851,13.43598185678553,20.907078580478885,34.81609840765639,48.55743503183838,63.70361937974197,83.4701924186679,90.21359457523253,89.03057926985765,86.94213570590895,86.41047690770446,84.49555575915063,77.99082740507889,75.03270542948546,69.05435560853677,68.24647736459417,61.36805182119186,67.7650355352136,61.06977099345313,58.5835337839195,58.07546350173376,57.05359823419017,55.33281876717327,53.36458555690923,51.62741873264914,50.2741188342478,49.37921755146277,49.054669837293574,49.56526432416059,51.2581890458861
803,0.22608400360035072,3.0,0.0,0.0,0.0,0.0,0.0,0.0,0.0,0.0,0.0,0.0,0.0,1.465552066086054,7.523487667750422,12.161683167120604,20.347369468114827,32.5971532537283,47.13764193393643,61.002382138210045,80.41391581667321,86.75138215534042,85.81803156889251,83.6283186463909,82.18547553204948,80.90002386840797,74.57072174779927,72.12716061768202,69.80111927115406,67.77448289210068,59.467704017619646,64.87853929836004,59.815649318642805,58.16389702289309,55.828518395712024,53.197763102890114,52.60185516436459,52.65085188030253,51.64512284661987,49.95856909019741,48.42658511973432,47.64447492094989,47.58555904168897,48.10360029270601
804,0.2024696069491664,1.0,0.0,0.0,0.0,0.0,0.0,0.0,0.0,0.0,0.0,0.0,0.0,1.1547227435512792,7.190786284624734,12.253206774349268,19.383873144378835,32.20308942850486,45.471606329773046,59.021158726648096,77.8700714556466,83.69854651710942,82.57034469125279,81.099294614,79.62083267364551,78.75228500007704,71.65316452470292,71.08159586185718,69.54742203406889,65.31287325504064,59.5991889476968,57.45668702738049,59.05230630648178,55.24613541461992,54.07328868024757,54.40233546426986,52.82751186235489,50.520607641541716,49.117973905976115,48.311039409352915,47.399182367441206,46.01627456805993,44.919482121053,45.07356270069941
805,0.1880784370201907,10.0,0.0,0.0,0.0,0.0,0.0,0.0,0.0,0.0,0.0,0.0,0.0,1.1917525586230298,7.067565602760525,11.915850998078628,19.216424299286135,31.386437143738156,45.26833147751588,58.96214692229242,76.74903541124284,82.22253447524348,81.75021518955914,80.1563696980585,79.19490066433362,77.72552241089052,71.5801396255282,70.07559420205321,68.59412912430051,63.35050806058901,58.727482738961875,59.403464539131136,57.49865931043817,55.07511487212686,55.11738226373916,55.31512341917956,53.15645862497956,50.10975838557514,47.95226890027182,46.7751647945244,46.351976051308576,46.46715983821898,46.77852141921942,46.90499809215547
806,0.25242829319131627,30.0,0.0,0.0,0.0,0.0,0.0,0.0,0.0,0.0,0.0,0.0,0.0,1.4166513342142537,7.947944857973519,13.195343095456376,21.540080188498063,34.257573348644925,49.18763313556975,64.74234102708792,85.19632124838049,90.90983253583464,89.72199944425405,88.55307688494426,86.6427984588092,85.91611816009522,78.41428060299242,76.28494555532045,73.89640609567361,69.45376856526352,64.9147399056408,66.24206857086517,62.94839467903031,61.1371762351095,60.32015383014597,59.546285163295124,58.5567937099126,57.09440847170222,55.05108866983604,52.808386990912645,50.809553057677974,49.390623546968214,48.6865849011775,48.80458817067478
807,0.2658813768069178,10.0,0.0,0.0,0.0,0.0,0.0,0.0,0.0,0.0,0.0,0.0,0.0,1.1671293986933708,7.047999909532104,11.889533097840324,18.896383266042637,31.24495739440446,45.48704811639621,58.291871656604485,76.29363842119102,82.29572111102134,82.13603289004915,79.14992650008544,78.78154741138118,76.98558189211043,71.87144571267297,68.84144955936506,66.280909191401,62.850613874627136,57.04397112752878,59.78071692116984,57.36857097436568,56.131691251166,54.65533567389185,52.59395678090481,50.72475378129855,49.31336052559262,48.397617747790285,47.62010743602936,46.551769713799494,45.106488299274744,44.39287483246034,45.780445653258376
808,0.17346405050372474,100.0,0.0,0.0,0.0,0.0,0.0,0.0,0.0,0.0,0.0,0.0,0.0,1.382602959855775,7.669888384143794,12.656221208013736,20.659618972805237,33.36216863407516,48.17595506639356,62.25718473800329,81.36684507405063,87.27321415001455,87.25720704694729,84.83116826080165,84.29535772088443,82.6943955642357,76.07278124222024,74.88719539899074,71.20380803897218,67.25635626694356,65.69316236184166,64.12128860021635,61.34592249427399,60.38330558516052,59.668863610053556,58.54282211984685,57.015194049941016,55.2945516215114,53.597157670921625,52.0389876341027,50.70385516699664,49.619702701215125,48.6267268443808,47.53246832373819
809,0.21214678827628644,100.0,0.0,0.0,0.0,0.0,0.0,0.0,0.0,0.0,0.0,0.0,0.0,1.3979793953195725,7.694705234842472,12.627055872438724,20.527966761295882,33.37461128106313,48.39682232096517,62.2583045945681,82.46318574773994,88.31077074429321,86.91122144312048,85.05500961315023,84.0127864920145,82.85477556846429,76.56429890478437,73.17515942814163,71.15384820905567,69.10316210425907,65.61050311499845,61.93040177441697,59.6611279211806,59.60942256745571,59.28962216240608,58.22552355105433,56.72401831458762,55.13788482810431,53.725575788835854,52.42810946392182,51.12059230325401,49.7091890995877,48.18591845180404,46.56348250273311
810,0.2841070074620495,3.0,0.0,0.0,0.0,0.0,0.0,0.0,0.0,0.0,0.0,0.0,0.0,1.40879277143122,7.7763739046288975,12.728920062507248,20.607937463398503,33.93203560986421,48.498078325194044,62.812009698560644,82.85584423596393,89.31743350059912,87.27653292419824,84.68713084771119,84.53177386233304,82.64808352808186,76.65960266708584,73.03453757670988,68.75239725754993,68.47474455760758,65.56190500633525,61.01667108877458,59.24179060988247,59.19585693383051,59.01818695499914,57.98877686917703,55.95640453802304,53.77220730609927,52.21138203734165,51.1902255098944,50.45322129369676,49.74821551148221,48.76869157400928,47.218339326317206
811,0.21974017151050476,30.0,0.0,0.0,0.0,0.0,0.0,0.0,0.0,0.0,0.0,0.0,0.0,1.352176801046539,7.927033516333539,13.383125674056256,21.837030251010496,35.26214980432155,51.19183434351562,65.98804825499852,86.54052506653407,92.40138607799243,92.18672800865276,89.41949154055274,88.36315470309133,86.28836253151613,80.0553621328698,76.30799514190166,71.7063839887097,69.99431280012064,65.85062960977035,65.41956456162507,63.79888475526028,62.30081215948003,61.00898578577756,59.45884436174793,57.484809972489536,55.51845761445943,53.983408491597686,52.89536809688535,52.18577017761175,51.76010646137688,51.38661466366094,50.80543024236978
812,0.4166717883261947,30.0,0.0,0.0,0.0,0.0,0.0,0.0,0.0,0.0,0.0,0.0,0.0,1.3240022782609957,7.258142805159161,11.909606676820655,19.5801528414631,32.546191128965376,46.480737035855064,59.534038547450855,78.54981181593968,83.6228009536672,82.25848870366487,80.57187154345478,80.01205064943012,78.75564306601578,72.86276365703577,72.52755977920263,71.34217975622245,66.45722269412573,59.64386330743649,60.240923049782324,60.99616821319055,60.546260078057735,59.2339408309429,57.45728571861356,55.5997308365519,53.70770310363641,51.79062891931186,50.00949205308344,48.54028587008396,47.5525259273941,47.26051744076804,47.90948447120733
813,0.10217716959261615,100.0,0.0,0.0,0.0,0.0,0.0,0.0,0.0,0.0,0.0,0.0,0.0,1.3332052830082886,7.465037148214496,12.352770661469155,20.150597931613834,32.73628515997978,47.125917352061485,60.84308609025199,79.61404488187986,85.27742321900098,84.80301186507617,82.82872871777495,82.24847045542052,80.64131004950667,74.25503187068719,71.92102852226516,69.04469613616722,64.43595210113287,60.246932995030555,59.13036648341705,59.276276568676344,58.83133161930992,57.97412907202682,56.706158046196286,54.956292584096396,52.98964612893184,51.091379047763546,49.400715900174774,48.01222874364572,47.07384821337442,46.978398364447926,48.212821741123655
814,0.21332938333222878,30.0,0.0,0.0,0.0,0.0,0.0,0.0,0.0,0.0,0.0,0.0,0.0,1.445010484741223,7.972746738328524,13.106200659602626,21.302782396683174,34.446543814691715,50.09902977845347,64.71097515496481,84.40087517599152,89.7106799175721,89.84654831458766,87.68626158049564,87.1475056896905,84.77383883236597,78.37939124586195,74.47943321576072,71.75133237685793,69.30844408761983,63.15131630417891,63.35217322156307,62.963172276476456,61.54292264506854,60.19081903693118,58.967470672133786,57.75752952516353,56.3660304470618,54.66433956353516,52.808198464843734,51.00110065881088,49.54117766023619,49.17391746809806,50.79452420078816
815,0.10594378456120632,10.0,0.0,0.0,0.0,0.0,0.0,0.0,0.0,0.0,0.0,0.0,0.0,1.3679012911971573,7.678918637969517,12.758429350086693,20.980445392818616,34.18150804905853,48.97752800097537,63.538998270920096,83.56028269443276,89.34200180584045,88.17201426790203,86.38242424049615,85.66911415244347,84.07057720260326,77.10433882349668,75.21435612639469,71.37966114902936,66.78874580197946,63.820237469581414,64.38987972313853,61.18175549372078,61.354299928589676,60.11806233815284,57.46695693357137,55.30846771664247,54.01153259327907,53.46996588855024,53.041520280478466,51.97460523160304,50.025898885058695,48.696055695385596,49.78847601925525
816,0.2757392116837079,100.0,0.0,0.0,0.0,0.0,0.0,0.0,0.0,0.0,0.0,0.0,0.0,1.465008704350706,7.812642827540255,12.675809278494405,20.689221928296085,33.57579557289965,48.64413518153818,63.01263671927089,83.25152908235955,89.67151809266487,88.36526547000791,86.53987931948004,86.24119353067543,84.68053979855634,77.8086238999858,77.06866636203621,75.53362885185834,70.20947009456884,65.65376248826996,65.0980672089689,63.14107262749347,62.02613157938192,61.450831932543906,60.423702511095144,58.44380159929016,56.14265378769316,54.20183843202012,52.71108812583711,51.63177166822621,50.874879459031945,50.125404043586855,49.03010933101204
817,0.1332334104513482,100.0,0.0,0.0,0.0,0.0,0.0,0.0,0.0,0.0,0.0,0.0,0.0,1.32588536401348,7.510651101730674,12.52714416921624,20.530985446330934,32.968364193566195,47.33910715249705,61.74947303618018,80.93166710647455,86.24787645192434,85.67378829951724,84.08753089195416,83.06165937202788,81.188849781197,75.8283453735481,73.56141883320691,72.54072697861152,67.28961307190826,62.62916805244861,62.72416453569908,61.209079215078326,59.29583388392875,58.10580180344325,57.07872324031986,55.640798823829755,53.993269839099746,52.43852466753744,51.02954424741832,49.76046079760549,48.712175784496395,48.302310645174195,49.0378827761686
818,0.18863950125707582,30.0,0.0,0.0,0.0,0.0,0.0,0.0,0.0,0.0,0.0,0.0,0.0,1.468174988640071,7.998625021138395,13.057139912528847,21.26194960954753,35.04657482562934,50.73914268954718,65.39785380165718,86.07559892288764,91.34395689754022,90.25214977437386,88.84706231008325,87.67411347761032,85.8903855977947,79.42747305859389,77.5374329512769,73.90965304081136,70.92627426051355,68.14268499539659,66.14171413155746,63.41784894718116,62.76853687802956,62.077495967222255,60.85926214058547,59.416431784564466,57.79731698483113,56.02724440693382,54.27045263504802,52.70553389467012,51.51330926988923,50.951257032645955,51.30405736471401
819,0.22103299899026588,30.0,0.0,0.0,0.0,0.0,0.0,0.0,0.0,0.0,0.0,0.0,0.0,1.3843416254810188,6.997660352069096,11.17785817527386,18.596777041310084,30.400100056370004,43.45983769968686,56.48959388644501,74.70689394261673,79.63895751273805,78.42577707690914,76.91542496713573,75.69592558748074,75.1349167580685,68.94256918422839,68.66557135279179,66.13589535946599,61.30031048586353,58.26738360601783,58.42171591888615,56.197215478998366,54.68429723519396,53.68363739882627,52.60390332767112,51.245659212224744,49.713181194182106,48.16024418510581,46.683978718833266,45.35991000746367,44.35934355971146,44.257618635061384,45.77035362345699
820,0.11091955207302473,30.0,0.0,0.0,0.0,0.0,0.0,0.0,0.0,0.0,0.0,0.0,0.0,1.4633567996074262,7.765956209849737,12.615017337795368,20.752590415592188,33.546439681522635,47.99930223448506,62.57190585455714,81.64839581706359,88.56789494539453,86.79903542602382,85.23536573775209,84.40713779277812,82.75677053254911,76.52119156068706,73.73906153610578,72.18827331739668,66.89152725423901,61.969650758146315,64.0165925046579,60.96307711166443,58.49196438015079,57.04321877743399,55.74925022655618,54.304863052123,52.90192751128167,51.76836600139508,50.88228805958565,50.1681609399682,49.50575321806258,48.58449812567142,47.07180540796126
821,0.3656100906246148,3.0,0.0,0.0,0.0,0.0,0.0,0.0,0.0,0.0,0.0,0.0,0.0,1.5307669501913002,7.127481321870478,11.280417726169635,19.575987142130312,30.145961195209516,43.67074579871932,56.92339236482329,74.92343704709621,80.67650590418059,80.03711310272199,78.21696107279911,76.94043800016395,75.76951437145107,70.57712723798616,67.67637082108195,66.22255063457526,63.87655273667964,59.04732534974626,61.472165603788575,54.13001539980272,54.11426432158111,54.7825965691812,53.30668414128827,50.49351800836769,48.12597756588452,47.426573328332374,47.517426328793036,47.07388616003623,45.37563129646168,43.90022309008545,44.495095211548374
822,0.2239176612290922,10.0,0.0,0.0,0.0,0.0,0.0,0.0,0.0,0.0,0.0,0.0,0.0,1.2609736994616287,7.079436191533999,11.73841367290574,19.085545730629935,30.359836532392325,43.409883890163464,57.12190916220722,75.26042590837775,81.20314447877048,79.92316955829523,78.0912926849378,77.17597410171673,75.9858477773383,69.58162713559612,69.25109198702211,66.54110020437197,61.736391673664414,56.09416247317502,58.20193867335968,57.60615942088263,53.67496480242701,52.448639075589135,52.47797741707261,51.24140043334872,49.36185180638944,47.883287101619125,46.77212631532518,45.767630257760594,44.74302333153934,44.016078606470565,43.995824098687365
823,0.22565814471911716,30.0,0.0,0.0,0.0,0.0,0.0,0.0,0.0,0.0,0.0,0.0,0.0,1.4469253989288007,8.087505976459793,13.425313934784532,22.06766612144676,35.61929994848354,51.297866390088394,65.84757950225709,86.55020916973967,92.76373391101072,91.10806985276287,89.76933693287215,88.4944551213579,86.77561093766383,80.66765080290705,78.31454639959617,73.56778456072398,69.71766030108033,67.80412856376901,67.47899741970741,64.65582781952855,62.70519982635174,60.69156960975393,58.617425009066274,56.957302113263495,55.58618729860354,54.304142552993085,53.10468776300803,52.02418945000647,51.19855815144216,51.16682172792821,52.597603964180735
824,0.20212388787034927,30.0,0.0,0.0,0.0,0.0,0.0,0.0,0.0,0.0,0.0,0.0,0.0,1.3956247802200967,7.378378945706919,11.895041831166067,19.324240856773592,31.594991603154998,45.85618249789135,59.89754813095154,78.24994879163616,83.31990601597602,82.54768066873648,80.88631335263548,80.21093239998935,78.68362061470754,72.40688466511436,70.51544804281845,68.22665836464154,64.87436399419957,59.9049384745166,57.36061020517293,57.6457621108452,58.198746569173906,57.00434612568678,54.79251995002455,52.670471845929725,50.86190534504356,49.375143936776325,48.19101694171542,47.28770728249595,46.71643524095135,46.80486301495121,47.974065379865664
825,0.12824767378026194,30.0,0.0,0.0,0.0,0.0,0.0,0.0,0.0,0.0,0.0,0.0,0.0,1.3621162875869075,7.5475031109125394,12.412502365168503,20.14890724272115,32.657760866788955,46.82722047473847,60.85498079172556,80.7571623003584,85.92577907329483,85.54804429313369,83.35481558906426,83.15923762258633,81.28246132520775,74.63864208216783,71.97554530237007,68.96152830672904,65.75480938983875,60.61893187711158,62.118145504028476,60.49851598759795,57.68244863688863,56.63169839624944,56.24627124957777,55.0925730766131,53.29444694598428,51.309112479266545,49.44743730870114,47.95493844458848,47.10271620899879,47.369408613170435,49.36128892977701
826,0.16862934280166225,30.0,0.0,0.0,0.0,0.0,0.0,0.0,0.0,0.0,0.0,0.0,0.0,1.4269270976944266,7.940047878645067,13.122914238674825,21.417855968642783,34.36495767190268,48.957129654561065,63.88899161139593,83.58788068971609,89.47098369413727,89.0099496791156,86.65872468300779,86.16662270577382,84.32974223051205,77.59804306023965,77.10045372766336,73.57773532945193,68.95832896921182,65.83792121616587,65.27492124304939,63.05967219788111,61.36639563769457,59.21314218359225,57.00064420571058,55.504908231162574,54.565840288259544,53.84099386746785,53.0306752962246,51.858078573221015,50.29214216897432,49.15614935670467,49.4215790214602
827,0.20590543842103706,0.3,0.0,0.0,0.0,0.0,0.0,0.0,0.0,0.0,0.0,0.0,0.0,1.9046547633435917,8.137795118501005,12.555845662761765,22.035639447163952,34.05189330001544,50.03853086705775,64.85991683008825,84.14839690460553,90.23648385124139,89.14895653825508,87.23195893571344,86.76443260663437,84.62930016516417,78.05685984993676,75.8294083094495,71.71524575194884,69.0384786363242,64.10263699770564,66.17259501742258,65.0632185876836,62.799506848024485,60.54230117754357,58.43999031777229,56.63159454418047,54.76783093401415,52.64391092631878,50.907178909027856,50.329190505174694,51.1983844493742,51.88289681815088,50.21635646741077
828,0.2787199026629768,1.0,0.0,0.0,0.0,0.0,0.0,0.0,0.0,0.0,0.0,0.0,0.0,1.6410510958226772,7.806805662341979,12.316902577392675,20.917379537713348,33.222670992444044,47.97848104045345,62.46743945496925,83.14226410486516,88.88844035231281,87.60820206493746,86.35286276509143,84.76974043446901,83.55326894146316,76.46144019624921,74.32923139053554,72.33113364487126,68.52041372816836,61.40172406546663,65.6331915902115,60.141369036400434,58.724511374812145,58.464612285952136,57.77447538709636,57.01225302328591,55.54861133306394,52.98287211487023,50.46585928733483,49.31596244372057,50.04455180356001,50.288624221970586,47.012796443153604
829,0.1921990206588999,100.0,0.0,0.0,0.0,0.0,0.0,0.0,0.0,0.0,0.0,0.0,0.0,1.450791394195887,7.875056110128087,12.776534558180312,20.4885861168376,33.396471517236236,48.894555045133046,63.02232841346794,83.40677896331759,89.23397173769048,88.27684229889272,86.33982563122923,85.40724528660049,83.97112047917393,77.92800116475757,74.71443518634423,72.16764744480113,67.57314897200825,63.70730003066205,63.735821171835255,62.59235818911056,60.41304432525554,58.78241766937419,57.373480183612166,55.64169989606673,53.79450241842352,52.14107368205551,50.791377657626114,49.80566865009826,49.2226167577671,49.001889677882424,49.09048348858622
830,0.21545268731766815,10.0,0.0,0.0,0.0,0.0,0.0,0.0,0.0,0.0,0.0,0.0,0.0,1.392068332391133,7.851658958241995,12.923697467370676,20.580975537538098,33.056035105669594,48.00731466279453,62.20150665933168,81.58639216690474,88.10031641163508,87.11129939719339,84.81258308560439,83.67905918953676,82.49439836538767,76.08951574521167,74.8664604553659,72.7835370263442,67.2261983882548,63.65277982876444,64.56125790826941,59.43223872454998,60.71848937713176,58.73943190606764,54.96502434435492,53.8184283381824,54.02085624572827,53.57124766786295,52.297384540376,50.49644817237399,48.638838331993206,47.86176708163121,49.46234711733414
831,0.24312179553759636,10.0,0.0,0.0,0.0,0.0,0.0,0.0,0.0,0.0,0.0,0.0,0.0,1.4486154654036612,7.70862018685842,12.585940821738124,20.814449059036512,33.237407129038395,47.976459163081394,61.35871973647561,81.62934611177123,88.10500195940477,85.81746562333993,84.80614570900242,83.465443246337,82.81980350423161,75.31409753579676,73.91585449553973,67.49036908446155,64.52042854938617,61.615850353525985,62.84014036918247,60.90079780594419,58.16431803153491,57.267432414515206,56.8799008114552,55.47025423929154,53.592835739582846,52.04283215906693,50.80744653480424,49.70121005784414,48.644696223902926,47.91646681813759,47.869960385649534
832,0.20256917843946723,100.0,0.0,0.0,0.0,0.0,0.0,0.0,0.0,0.0,0.0,0.0,0.0,1.3877840113487094,7.597718602548112,12.400755017642243,19.947466748134236,32.16985366672054,47.05052903611934,60.801452520608386,79.97824298027423,85.6240186135604,84.8183126088132,83.58467039600666,81.99512893424141,80.67411794077489,74.19402371232067,70.68019878541612,67.16747533999971,63.93124957747471,61.33191251238748,61.03256264065359,59.5187520538629,58.17864137473009,56.82598493237873,55.364197382877215,53.91699732270984,52.535098065307196,51.23196567603365,49.95441715919425,48.63802640552236,47.31613337807112,46.37560300150018,46.26669737911997
833,0.15275913346131748,100.0,0.0,0.0,0.0,0.0,0.0,0.0,0.0,0.0,0.0,0.0,0.0,1.2857088597574293,7.713790197927147,13.121414043218486,21.206716185142053,33.75638363926304,49.21841307989756,63.56906351141537,83.47943243508459,89.78406810588278,88.5515291905118,86.32843183823388,85.7629068246125,84.2585219787564,76.98197118063375,75.18091847355636,71.91532980901283,67.40961455881225,64.39671867562937,63.03161840688233,61.20916558972347,59.29585936341819,57.80924360789215,56.72960087029317,55.913257301699375,55.082376605826376,54.00791787722182,52.74601066622777,51.41525817551502,50.15497741758527,49.213909300741065,48.85553707526782
834,0.32366123455576723,0.3,0.0,0.0,0.0,0.0,0.0,0.0,0.0,0.0,0.0,0.0,0.0,1.1722526821034693,7.5667341729501985,12.916032284052156,19.760028563831458,33.59652301652488,47.574354868520686,61.836820444136436,81.39145757280559,87.41620849692652,86.78082632672943,83.7576098711181,83.1106267197488,81.66225834366264,75.03669263606717,70.77106807246545,65.64116177409211,68.5557993659963,60.145438642431316,62.30267436761271,62.576666979766905,59.879226798936585,58.287991284096954,57.27621757731669,55.715304112810315,54.0017243049395,52.66745713426167,51.536208643886546,50.28792339802069,48.768350068021086,47.36734621444778,46.56160711945512
835,0.23587858324320948,10.0,0.0,0.0,0.0,0.0,0.0,0.0,0.0,0.0,0.0,0.0,0.0,1.3925025409027116,7.671029637955498,12.69685593140892,21.06717166337643,34.18364053398091,49.19822528646351,63.75921585674348,83.19156444978317,89.39422106687033,88.91382732709658,85.77856401020219,85.34344292317682,83.66939969465439,77.58022890104934,73.83825270890999,69.7094662435777,68.64986614649085,63.36002972299809,63.039855289546054,62.459326008370326,60.93986261605579,60.2350152025206,59.2613228881951,56.82862475769173,53.93115494307735,51.674475262777214,50.14314228642786,49.21972764507495,48.885017402318105,49.425259595272585,51.252095038712945
836,0.31864719127025615,0.3,0.0,0.0,0.0,0.0,0.0,0.0,0.0,0.0,0.0,0.0,0.0,1.0871510203458745,7.551666518759709,13.04978018190463,19.54164423176553,34.06679681636842,47.531645442006145,61.50271312346491,82.01619345279993,86.38781023410728,86.91315097796135,83.93051380771908,83.99726624074935,82.98223139134369,75.54322610139877,74.6409893292502,72.61440497042506,66.47522792036102,59.728165142247825,62.69071308427752,60.926270236427534,57.44079916181683,57.34926841294189,58.165972772277925,56.79987327694421,54.373015225498335,52.51807381484871,51.215465228849055,50.10374729753722,49.00422662316629,48.334342088691216,48.64194420640502
837,0.22628403349066356,100.0,0.0,0.0,0.0,0.0,0.0,0.0,0.0,0.0,0.0,0.0,0.0,1.384928522460834,7.69917776656092,12.69444471474636,20.599227457152885,32.98036858584558,47.270711743030645,61.19301655252471,81.24549897898143,87.01055323497845,86.293146999497,83.67890773573971,83.0415891331694,82.08038961060008,75.98200201319223,72.1946031845621,69.14633645444037,64.69401123205307,61.97088699975187,60.0047876819401,57.688466429609484,57.52025869364917,57.11400644587482,55.858193283852806,54.083562446807704,52.315589197619374,50.96066169524156,49.95670728718881,49.14577908927619,48.39443749368767,47.625340714988134,46.77745329413562
838,0.21032346481458636,10.0,0.0,0.0,0.0,0.0,0.0,0.0,0.0,0.0,0.0,0.0,0.0,1.4530183057211832,7.640783905711649,12.402651988413437,20.517574177347324,33.037685431081115,47.77115561624814,61.30904549657993,80.43529257253854,86.37163057174577,85.41530768167847,83.28722292063301,82.86137705602604,81.23199786411297,74.73038051295086,72.69418563906986,73.21309520336165,67.77482987306699,58.92813667701474,61.391356092093474,61.56074414818255,60.500389741675626,58.610558828059126,56.53793292222689,55.10876988149525,54.06609023166718,52.97026735816708,51.55781175622609,49.630983223318935,47.38871833384748,46.37150290277196,48.406096888874615
839,0.22053433036420442,10.0,0.0,0.0,0.0,0.0,0.0,0.0,0.0,0.0,0.0,0.0,0.0,1.2716177415828143,7.681119910634072,12.96347558457383,20.59062411614998,33.77519891524019,48.94522123962401,62.798010269888685,82.11737067591835,88.983114744585,88.23236190790314,86.0407256654626,85.1600536530613,83.75081953733867,76.90490106276276,73.50075860933526,70.6347939486516,67.99464620925475,62.00950165698298,63.140836361815815,60.172220157893,60.160965321632304,59.001492591933335,56.79330393206779,55.35591792831301,54.53263872216734,53.79252718380393,52.80787484418107,51.31784882216943,49.310174440978415,47.59038734706072,47.06065242484249
840,0.15649786596567575,30.0,0.0,0.0,0.0,0.0,0.0,0.0,0.0,0.0,0.0,0.0,0.0,1.3135354058088904,7.771175664561308,13.13273638184957,21.23075345340513,34.00334511746748,49.41485382451494,63.60826530153921,84.11466548436562,89.21430896769081,89.03982790359926,87.06087727378667,86.07961425506741,84.87533980122566,77.79402696329258,74.88616647919223,71.52109564893472,66.92518348728977,62.37928815661682,62.88604456140881,63.0342350323254,62.096352480459736,59.82537266768574,57.444838409649776,56.05984586622137,54.999707960651534,53.50105324868966,51.848062288998534,50.531669604394786,49.846247220849904,49.48443638257388,49.01030335549113
841,0.4091616419911404,30.0,0.0,0.0,0.0,0.0,0.0,0.0,0.0,0.0,0.0,0.0,0.0,1.2751664934194193,7.316316625477909,12.243436684726136,19.895898106876892,31.525014650057873,45.22031315134021,59.26071494137729,77.30059507270273,82.66900125966532,81.46345549969243,79.50582690185287,79.5465668877589,78.03388082340123,71.614268669785,69.93087589271128,67.588105274337,62.892917574800165,57.43085157614673,56.691425422229855,57.56096372904918,56.88444932232397,53.8128702106656,50.55765895998879,48.97550867671878,48.48620997986767,48.20857071038777,47.87566687724488,47.36996415631522,46.70604393994217,46.39913315020073,47.08374014248564
842,0.15546821644957026,30.0,0.0,0.0,0.0,0.0,0.0,0.0,0.0,0.0,0.0,0.0,0.0,1.4074354992575766,7.771871571363099,12.796036586970702,20.83909143853165,33.63500104815826,49.31632869442239,63.91853941454414,83.14857716541447,88.85892707293941,87.9520520369133,85.9787207926307,84.77795628682966,83.75446029732888,76.99539565057385,73.7409848514319,70.29656787108665,66.86968131010151,61.95760852135386,62.91528905784104,61.92946886334376,59.20447949125851,58.107190304890494,57.690135862911546,56.46757328452121,54.81331607352988,53.34390586727889,52.00405531341733,50.59535929569072,49.13371744141163,48.39079676266417,49.304591596787795
843,0.1760573804707632,100.0,0.0,0.0,0.0,0.0,0.0,0.0,0.0,0.0,0.0,0.0,0.0,1.3398318273950123,7.545900637934323,12.519665994411357,20.338316077327185,32.451297029599935,46.57218905285571,60.522039186885614,80.34369870377205,86.04192310760958,84.25749043845305,82.04212906729161,82.12978997478794,80.73343634833638,74.50244000974068,71.28775108089653,67.98291359356396,64.4625122264284,61.33804953892046,60.40788514946602,59.965686017835154,58.48524781897944,56.823318172997055,55.1931330427009,53.55148015501929,52.046732615459355,50.80696289442861,49.756711374150484,48.780359128633314,47.81805428056074,46.99886436605607,46.48901381923564
844,0.1957510326781889,10.0,0.0,0.0,0.0,0.0,0.0,0.0,0.0,0.0,0.0,0.0,0.0,1.2765958786301714,8.19262267662645,14.124168149708206,22.2813226168582,36.76671466807338,52.899265090163425,68.63893692499256,90.48328798865124,96.62003131620212,95.43124620395605,92.72535853103894,92.44914523294676,90.71078577269334,83.57938124346221,81.8858324976705,79.24512402186082,72.84918865635146,68.88257618576088,70.06226498762682,66.5146353797757,67.55630190911654,66.52964731134209,63.37312750000662,60.66377788105199,58.69030899658606,57.23961710360234,56.09766689655967,55.06384944412442,54.08187872912067,53.609501930803695,54.226710365483584
845,0.15233008941665221,30.0,0.0,0.0,0.0,0.0,0.0,0.0,0.0,0.0,0.0,0.0,0.0,1.315393972536649,7.369116691325155,12.092533848863292,19.357516410588122,31.787519105102483,46.43108106056753,59.831330901877116,79.00234927589234,83.88858043153404,82.70986301721938,81.35534024488463,81.05476659516239,79.18711997977886,72.72641629091277,71.14919286138715,69.48195061867382,65.39410036411954,59.54998477052868,59.90101744646634,59.163119656584634,57.35792894277463,55.405869131952294,53.75789422915772,52.68086668350601,51.742431419234165,50.517966507355055,49.167924209294235,47.97167817549793,47.14074814538795,46.71111955915849,46.68453275763277
846,0.2300633070560522,0.3,0.0,0.0,0.0,0.0,0.0,0.0,0.0,0.0,0.0,0.0,0.0,1.3521014909348137,7.161087485330462,11.695958036109404,19.546428043886028,31.355000236644667,45.43321029589758,58.17914492140648,76.1574875629712,81.2386133931164,80.60402320245844,78.30795158525771,77.9957978788332,76.45316850833467,70.65532526233454,68.93325367598909,68.13013655535944,63.71021129662361,59.195917627045375,59.407912795519685,55.8910312309768,55.4395703738407,53.60179153592026,51.117380711752666,50.120463376455184,49.64684969351407,48.469739738616006,46.913078039946846,45.62641608048994,45.104570552054945,45.4795408578975,46.84266767204639
847,0.2651495154097728,0.03,0.0,0.0,0.0,0.0,0.0,0.0,0.0,0.0,0.0,0.0,0.0,1.8365061264439562,7.485424030384385,12.147465051388068,19.989877369427678,32.73271578424899,46.24290594893521,60.09316517112099,80.32441198576379,86.10109187240032,84.52653265471818,82.6460618573821,81.27585686206666,80.72099717333293,73.5720550200276,71.63930255884335,64.8213829163035,65.0189345391609,61.566480428800105,62.050647603655804,57.92132676521541,58.62850196663921,58.16490704386597,56.04667475837794,54.20442197658211,52.472438904875396,50.454180466629175,48.57584550051352,47.39058091558361,47.220598137552955,47.65266927140627,48.09915937124992
848,0.2544204262026814,10.0,0.0,0.0,0.0,0.0,0.0,0.0,0.0,0.0,0.0,0.0,0.0,1.3354813604231779,7.675357167432386,12.826463348820935,20.847870850167872,33.70680222097859,48.38733873340434,62.47781365313994,83.4946050757361,89.12951612082112,88.32993735685862,86.04166714081887,86.13711548431702,83.20893506917812,77.15803631905722,74.65616518425038,72.21520728768978,68.95969800101992,64.18337624766184,62.15718868434317,61.16891056789766,60.80893183894002,60.99714450070548,60.56579839233279,58.55266379836404,55.738373084748744,53.096895487855505,51.02615283379206,49.76722093267838,49.33811151198821,48.906105428773884,47.466052338910146
849,0.2902160747998824,30.0,0.0,0.0,0.0,0.0,0.0,0.0,0.0,0.0,0.0,0.0,0.0,1.4563154569830166,7.953775319376023,12.987155612284313,20.964245706562867,33.72044785982754,48.81414682363309,63.06575987257591,85.11853837163133,89.79916349251658,89.38202174160584,86.71995151564465,86.25514261839652,84.70527634933298,78.20743718258812,75.12736622479515,73.0370476265298,67.42801200268062,62.730866334057765,64.03040783956769,62.02943817153463,60.95262367099141,59.94707425009951,58.2747879004159,56.05341865649038,53.93168871998613,52.469447816301056,51.66783332844515,51.42145145255163,51.52832937004295,51.326576900643055,50.05640939124197
850,0.2509968374842223,30.0,0.0,0.0,0.0,0.0,0.0,0.0,0.0,0.0,0.0,0.0,0.0,1.5184939988704764,8.099963694819571,13.128303417635948,21.363571968581436,34.62589325616499,50.17878791303334,65.04877044387749,85.59090434412481,91.7434507065683,90.55863141772704,89.1082635705643,87.08138262173091,86.62556749583528,79.50127979674599,77.45534464583747,72.093671051032,67.77414195199127,67.36961369049139,64.7183164115679,61.181569298963424,62.5459338896452,61.50432815139484,58.44234222585828,56.04810094970228,54.533268958683365,53.55962660032038,52.694245779734196,51.502103083722425,49.89506480520512,48.989754976171966,50.148962688033656
851,0.18635940168113274,10.0,0.0,0.0,0.0,0.0,0.0,0.0,0.0,0.0,0.0,0.0,0.0,1.3745892933790473,7.615173964015976,12.614815054129558,20.760932553184563,33.19335129859373,47.68599199013697,61.51923099940882,81.57231679084455,86.78536566753625,86.14029588818465,83.73756714884283,82.99169472739429,80.97204592933039,75.12863060842056,73.80107417585275,69.97101040798658,67.58145609373736,62.16222635124143,60.10258879977326,58.98825177564883,59.512571371770505,58.29778143574126,55.898651778451324,53.87332893675541,52.34513300139196,51.1281495403591,50.059019756887125,48.9888766715857,47.959149061065474,47.712600094151426,49.184041572390925
852,0.1855940992282431,100.0,0.0,0.0,0.0,0.0,0.0,0.0,0.0,0.0,0.0,0.0,0.0,1.3494076968252962,7.734800205155934,12.929802841876157,21.026359678529236,33.67877410873064,48.772678807384175,63.75006895311322,83.64677780359627,89.82984425354306,88.7375663585909,86.6914135446243,86.14884796696667,83.99090425174701,77.2128297727907,74.21004741284027,72.37970979117772,69.29559395158267,65.11423430023356,64.63827465877421,63.68846411054315,61.126216636492835,59.036442974948315,57.67888892222653,56.74403907393353,55.85094076340021,54.6947988337167,53.294000569043696,51.741350313300394,50.18699785209586,49.017138394472504,48.64914606493633
853,0.2257684609505423,1.0,0.0,0.0,0.0,0.0,0.0,0.0,0.0,0.0,0.0,0.0,0.0,2.0860983628511893,7.5024631179080705,11.08222367361199,20.93570127230434,31.097721573238996,45.380953956516315,58.95085640554901,77.07992033264044,82.85333070912291,81.59482059330945,80.21939402136093,79.1668742029822,77.7962874204241,71.67711776269545,69.32456991120745,64.57210536720379,66.11899565552861,56.475037264513425,59.177517916292395,55.91152296531991,56.5887441406496,55.65392510600011,53.45832267202996,52.66463637637213,52.208966393976986,50.680680387272886,48.54169701748473,46.62843439373765,45.474009834571525,44.84167013184609,44.34682099043142
854,0.4011328301881342,1.0,0.0,0.0,0.0,0.0,0.0,0.0,0.0,0.0,0.0,0.0,0.0,1.608339166715184,7.516290679846134,11.946185345443023,20.852011500191505,32.17180395966513,46.658842090697426,60.214872914786206,78.85235582152951,85.24158483340688,84.25679443038521,82.43140414239566,82.33761001831039,80.0100699705184,74.25967712909782,71.79647349193269,68.57585674721969,64.5279000687737,56.76070418839005,60.01971294876793,55.41020262074635,56.316367428402664,55.75111340031724,53.49905177865805,52.41692674923674,52.191067897573575,51.91712526393946,51.08746858477469,49.32643705527287,46.89269923378838,46.13287143858867,49.939345691971326
855,0.1893569052358695,30.0,0.0,0.0,0.0,0.0,0.0,0.0,0.0,0.0,0.0,0.0,0.0,1.3072763744511902,7.319396325221845,12.209276506092287,20.178388701594095,32.14793874760605,46.60882838132012,60.1503924703393,78.48702980239997,84.27220916406267,83.57210509082256,81.225528521474,81.4017046860564,79.48446619483808,72.89716769740924,71.14076246264528,68.36703265154205,64.94605698365993,61.71674898841714,60.753509269621425,58.40509359058415,57.52920459117517,57.34724302885864,56.753247181160006,55.24332520226906,53.41689372068724,51.89521283867422,50.5600385798997,49.14241839225657,47.534869260067666,46.15607300803257,45.50528276039732
856,0.24054832157705444,3.0,0.0,0.0,0.0,0.0,0.0,0.0,0.0,0.0,0.0,0.0,0.0,1.0800301098901472,7.409472220292904,12.979260286778107,19.903807807441357,33.31943417781744,48.23716870043375,61.898412983076135,81.76716491120001,87.20308749392274,86.02860478117728,83.74452113595389,83.23588585135612,82.02747188747132,75.48640459662084,72.4916929136336,66.64077794124601,70.39842945404934,60.365376867339464,65.64282042189622,60.5823138245082,59.662495957596484,59.53848575867786,58.15328081276007,56.07227085182566,53.985849524822264,52.35811850022416,50.91737781402434,49.257798078969344,47.42423144816064,47.012030133356774,50.06220625641707
857,0.1969184832226169,0.1,0.0,0.0,0.0,0.0,0.0,0.0,0.0,0.0,0.0,0.0,0.0,2.156696839956416,7.872787511336323,11.876414594760389,21.257397529726454,32.08034960872321,47.42772461593481,62.06055759128961,80.27267194824408,86.24317688147576,85.4334179471954,83.9979648961861,83.23420913334198,81.72539712573659,75.40468902763322,72.74502621731085,70.28229705145759,68.10424618668807,62.211132616390856,64.81048634727145,60.336096750931944,58.65836027804765,56.9242825888674,54.73952229142866,53.31541870350755,52.563368361411634,52.111729284129765,51.547363622062996,50.46053394911279,48.76322905665899,47.470726502434246,47.776714002345926
858,0.12783230583633082,30.0,0.0,0.0,0.0,0.0,0.0,0.0,0.0,0.0,0.0,0.0,0.0,1.3519108468164824,7.306037956545139,11.923127411202824,19.46926309068091,31.491504763689328,45.3779268713243,58.84858901310959,77.29722210442112,82.57034554758273,81.67998783528189,79.82854897318937,79.0577434744259,77.9936127416429,71.69958314583026,70.55169054161817,69.72132132347082,66.55033356872725,61.567154941544636,59.39551228167192,57.947922777883434,56.5922837944625,55.81740073073714,54.99573341133194,53.48650168526979,51.690489971330734,50.11647696999616,48.87246211142629,47.97414871872641,47.35956830132765,46.65410160961802,45.42885194437684
859,0.14154055932327103,30.0,0.0,0.0,0.0,0.0,0.0,0.0,0.0,0.0,0.0,0.0,0.0,1.3551542585995744,7.326629661351896,11.961896374231419,19.46167961414126,31.075591313788713,44.998206431610484,58.411373675544255,76.71579898220911,82.12637461825791,81.4594081726009,79.03796385245623,78.89655830938786,77.07950768031854,71.4545085770738,70.18834515047357,68.49264360192426,64.073186963364,58.50415739954046,58.7492240593066,57.89844162069145,55.81420970691991,54.155124253391456,52.92846755895931,51.8341047977476,50.65294016848524,49.25145406607631,47.71774015431857,46.18154366991314,44.92988427941507,44.90802707379425,47.309535181893395
860,0.14552781773058,100.0,0.0,0.0,0.0,0.0,0.0,0.0,0.0,0.0,0.0,0.0,0.0,1.4800143284826988,8.075830238710632,13.224212028301247,21.54703251041146,34.7488475958761,49.785908502790896,64.14568120043839,84.69989301483642,90.74831003036246,89.95174134926675,87.28311622526081,86.80372163479937,85.14790982908951,78.66261780306986,76.37049640035113,74.21171707935491,68.56264027316811,64.70296829330469,63.780410838641885,62.215699334815014,61.50127271070893,60.596466217358575,59.38775867173871,58.19024989688254,56.9792948945332,55.66907438915093,54.23869747615777,52.68411008282015,51.164148869700895,50.452128188836596,51.46334681196126
861,0.19105725116373895,30.0,0.0,0.0,0.0,0.0,0.0,0.0,0.0,0.0,0.0,0.0,0.0,1.3972313787437185,7.792954514970635,13.008979910650305,21.694073333455087,34.77106499095289,49.587753561977784,64.37360819745977,84.36641944870252,90.97063181953291,90.37353407630711,87.98598637551416,87.11766989677686,84.87368607755772,79.19572040763364,76.75432594577988,75.98460479698971,69.6646979766322,64.782484093462,65.47032873348974,62.90176818824754,60.194726962448186,59.840345878031606,60.03955443213732,58.83697252545437,56.80347506664347,54.886650101537576,53.24414453478115,51.85070480865755,50.72655941018701,50.05808652779453,50.071283518256415
862,0.2090791599914748,30.0,0.0,0.0,0.0,0.0,0.0,0.0,0.0,0.0,0.0,0.0,0.0,1.3084817392347226,7.435119100296029,12.244315234825219,19.436861620286834,31.595041315893006,46.084308680609766,59.65845286173169,78.52358804699608,84.30710106338485,83.4855084823186,81.42252192338611,80.77122634251891,78.98286965254952,72.75052700786584,69.00796420728267,65.09668551302191,63.983732207584865,60.4789507838319,60.77330264840255,59.8597986433476,58.18352175123074,56.198092091404284,54.45541801188193,53.372373702854674,52.30241375394079,50.62843655310822,48.677718858548864,46.94985235740935,45.869814474361235,45.8042160150427,47.16101710982336
863,0.3755459876588404,1.0,0.0,0.0,0.0,0.0,0.0,0.0,0.0,0.0,0.0,0.0,0.0,1.658352400888427,7.848667126835921,12.281684493473113,20.665152526884853,33.191299485304306,47.92566680321394,62.259343691459,81.83259979437388,88.4715293343297,87.56057581054164,84.78188914781428,84.94861206569357,82.17509523776133,76.56349209457261,71.62411015144356,68.34809703055592,69.40645399084262,61.56371570732701,62.978778474380306,61.49432960101793,58.32299298483886,57.61567778267184,57.815918829917315,56.73876889728849,54.39401540882415,51.49540157375996,49.20866123464536,48.64926657029014,50.19411524908859,51.1522254018432,47.960167580788706
864,0.1911930364229023,100.0,0.0,0.0,0.0,0.0,0.0,0.0,0.0,0.0,0.0,0.0,0.0,1.4598062053025576,7.886808502206242,12.87306135862492,21.113442664699985,34.65026005245942,49.92316318913536,64.00880636366482,84.60763759593614,90.16801577247384,89.8111721650843,87.80252886859137,86.99261298039907,84.98792380336121,78.50189488961458,76.15427355736303,73.6811802009619,70.13340776777387,66.51897538179487,65.96021632284895,62.94895823698479,60.217244891018474,58.579966242755475,57.36664005700353,56.02979241994628,54.62010712748664,53.29371443363561,52.09922640310423,51.057844518464115,50.30170774069932,50.40780713238158,52.10555638867421
865,0.19831889864854851,10.0,0.0,0.0,0.0,0.0,0.0,0.0,0.0,0.0,0.0,0.0,0.0,1.360421672345237,7.122158374379349,11.617859651014523,19.402941736532792,30.67663959020934,44.68925758358801,57.89872506134186,75.28409011127926,81.8806839175682,79.84966790143635,78.27843229261977,77.36215110509454,76.61968661375458,70.25528448319622,69.08020376141761,66.51128956316664,62.039808205429836,57.10814814616777,58.29818550418432,56.46585268104817,56.11336185171853,53.94062800786979,51.27611798730968,50.378097719595715,50.25663760913271,49.544666754967686,48.13870400066764,46.257010535818424,44.31048177226719,43.43412388839921,44.923249377582124
866,0.4038997976413873,10.0,0.0,0.0,0.0,0.0,0.0,0.0,0.0,0.0,0.0,0.0,0.0,1.4590835791030201,8.364256684152918,13.936707369602868,22.496728574869103,36.254422001819805,52.72949858136523,68.01064973523998,90.51685000168219,96.16624224638245,94.75835375901372,94.01797925934694,92.65712110365592,90.0327460449897,83.61923828524972,81.12303525222819,81.35141485839969,74.2709874890092,66.14220035408742,68.14079163622466,65.00731557509182,62.53626903620856,62.63058296938379,63.120394710824755,62.11008705753542,60.166758300212756,58.256484697211626,56.62587550457259,55.345039626526855,54.482866644048414,54.11982198898218,54.34772333270709
867,0.16291059011553927,30.0,0.0,0.0,0.0,0.0,0.0,0.0,0.0,0.0,0.0,0.0,0.0,1.3506107088113133,7.354998006006172,12.104340931012521,19.968185509115923,32.05976983494413,46.36708850658226,59.583444031305596,79.18605087736383,85.07847116095893,83.25389839961294,82.11588361500995,81.08272040410108,80.26189647803322,73.11369199754907,71.87978577095657,67.67483599248513,64.819831344089,60.515638955780204,61.1775751624439,61.34577603496403,57.36726426358072,55.89649977687071,55.685026301115954,54.01840855811105,51.71291638335329,50.01146609796044,48.92862268510214,48.22774630274824,47.71696283393282,47.29795493331027,46.8967377456414
868,0.17147855485810112,30.0,0.0,0.0,0.0,0.0,0.0,0.0,0.0,0.0,0.0,0.0,0.0,1.4279533250934215,7.719138601153323,12.57986365484563,20.513496162465145,33.67151056293324,49.07908388610249,62.60150528586025,81.57765914842378,87.48668277427554,86.50462517326362,84.73818050446307,84.02539483855952,81.94984086851807,75.54239733152757,74.487173859224,71.45359722389256,67.31096248921808,63.20268215963882,63.84573434659297,61.01032361203282,59.712511058666095,58.373913162290954,56.76713436815427,55.493401354044515,54.28281228096866,52.81321029993721,51.274629843566615,49.95372425825186,49.07107371352579,48.6882724923371,48.8400280599482
869,0.18360598685569368,30.0,0.0,0.0,0.0,0.0,0.0,0.0,0.0,0.0,0.0,0.0,0.0,1.3916547276701903,7.661415243580246,12.564482207342168,20.35292363731032,32.87046556313181,47.302552994066644,60.64614240053821,80.23986973619756,85.95202452599221,85.55474742635876,82.99000987497458,82.16733160253253,80.59060170944187,74.53629331279761,72.81644742130874,71.81432708441238,67.05703174353648,62.52158303723295,62.61648199841758,61.7175916529912,60.046956617561854,58.620647066441464,57.2200143684178,55.555350852441045,53.82640587885148,52.249622624264696,50.73747144634092,49.14403750872155,47.526180268033215,46.654780358288086,47.44914572376626
870,0.2827028692401171,30.0,0.0,0.0,0.0,0.0,0.0,0.0,0.0,0.0,0.0,0.0,0.0,1.2874636176353476,7.527089471772851,12.587859163097749,20.085052216100383,32.376109425866964,47.808516676003364,61.61067609545172,80.89474340427186,86.61264462846296,84.84118760078368,82.82584768825149,82.88294297910777,81.91944529658586,75.19830667857005,72.20772410854627,70.09781922866613,65.51358716963499,62.55112529271544,62.93230452788511,60.88009920746393,59.02911433556856,58.631323063413575,58.278229157353884,56.64426976247872,54.29140286968827,52.037653234453295,50.12586584103624,48.65418802223926,47.77318023455789,47.87411359855894,49.459920671959324
871,0.2178096505067849,100.0,0.0,0.0,0.0,0.0,0.0,0.0,0.0,0.0,0.0,0.0,0.0,1.199864369281571,7.439469298693611,12.83214985657663,20.753197118437456,33.03274223379155,48.17446664553093,62.29301296319332,82.18861516700196,87.69926287502346,86.01302048213046,84.36970869582515,84.20549237069773,82.25099169530749,75.98223112982491,73.59697660939621,71.2122514062969,67.30983054479782,63.72739890966596,62.42473180618421,61.6984156804576,60.508975747005344,58.961111587773026,57.05462742407239,54.82578743965176,52.70021835394075,51.05530354356533,49.91037674146217,49.21437377561106,48.976836281327515,49.410332676179365,50.80683994783567
872,0.24445465060993968,30.0,0.0,0.0,0.0,0.0,0.0,0.0,0.0,0.0,0.0,0.0,0.0,1.5169214739307104,7.759740157050584,12.461046434246624,20.804534750708566,34.22326900703343,48.60074754993261,63.23273633929129,82.33856758543124,88.53210736962335,87.95154368525047,85.67700114195317,85.06407397718964,83.5406796120875,76.92158233536745,74.62866494662626,73.43444372012343,70.09928729511309,61.73512896468219,60.177875693854574,59.570670341917406,58.753319687831656,58.65274964831939,58.427143064213105,57.143907113185236,55.211848872269805,53.262099571032,51.61750256218887,50.506384007254745,50.0177798421317,49.7425036600733,49.16251792766902
873,0.1825678940429905,30.0,0.0,0.0,0.0,0.0,0.0,0.0,0.0,0.0,0.0,0.0,0.0,1.419611399739856,7.439062347670591,12.001510736822677,19.70393158546258,32.18678335158989,46.387417990241424,59.61235943346981,78.73652187261767,84.5748383159552,83.67805932297568,82.32140116042602,81.64502726888678,79.64930295939175,73.23311529489293,71.0036333511415,70.4241579226391,66.23451929808807,61.106386317421325,60.71178334500958,59.09754135089353,57.72296193423693,56.75215096457796,55.57287768455696,53.86757394404488,52.07541359358946,50.65364452481854,49.601153896238706,48.820443724695615,48.21964696315102,47.696839416153445,47.15075119573962
874,0.13804267658524227,30.0,0.0,0.0,0.0,0.0,0.0,0.0,0.0,0.0,0.0,0.0,0.0,1.3259982478902426,7.257508282421941,11.894063649763904,19.38242602768866,31.32002312781536,44.734784064519644,58.04806534635419,76.91849479567702,82.62168542405298,81.37520303276133,79.86349236000027,79.31096639743642,77.67819280310518,71.64439407464786,68.74204383453866,66.32809239929664,65.31780059676284,60.48976206749131,59.11065795997619,56.35041032540241,56.051878533721315,55.82366285169262,54.71820948896697,52.929517538767314,50.9633586079699,49.26300108895451,47.91893532955694,46.941974516395156,46.35592746412937,46.22604854989791,46.637214013891
875,0.12579092583858334,3.0,0.0,0.0,0.0,0.0,0.0,0.0,0.0,0.0,0.0,0.0,0.0,1.3398514393449976,7.163395834333626,11.635631236577748,19.020879165268184,31.01198066890894,44.326529844656164,57.670684293407774,75.6057840980976,81.06336570062685,80.27344476501918,78.66847191562086,77.79094694333841,76.47347990350927,70.64383544099124,68.99369541216298,65.90044646123889,61.92358840880317,57.975281287960534,59.96985876059021,55.78890588036604,55.53985321276422,55.432334084150746,53.95481415884913,51.74274003078431,49.704747403909934,48.48097469966715,47.799703438705265,47.21177839148534,46.4077687308823,45.54265173417949,44.8703888030374
876,0.24681049144271364,0.03,0.0,0.0,0.0,0.0,0.0,0.0,0.0,0.0,0.0,0.0,0.0,3.1660248934274624,7.960226193635934,11.828049586113389,21.795887844321495,32.48085552479607,47.28751837687283,61.357281039054435,81.72637982606626,87.74237942794045,86.54335438060137,84.33462638515947,83.70042177541801,81.84518026422282,75.53125346769056,72.4911651730318,66.85706179316787,69.50537593215545,61.99670911970888,66.45732669485166,60.34626920111727,60.31640572235452,58.18218377341307,54.805328429000674,54.05397302289512,54.167359576051666,52.886186906636695,50.84335563304034,49.2836494465701,48.91074627362535,48.806525880177006,47.690438384180446
877,0.1372309219196324,100.0,0.0,0.0,0.0,0.0,0.0,0.0,0.0,0.0,0.0,0.0,0.0,1.250832607840988,7.657618086654253,13.125099131785886,21.153811728846424,33.551797236125125,48.83948070587296,63.18125367284624,83.20597655071244,89.23096621335577,88.42292859457062,85.64896059272498,85.2165190159471,83.4592368699034,77.46298931046617,74.22359791504282,71.87896985118425,68.14836769097855,64.84286533750821,64.68140190742612,63.25312459198764,61.35365784477905,59.77091038864649,58.274044411828406,56.62034396504194,54.96353117099948,53.49132128185759,52.22014789801421,51.12796642442056,50.1975036663193,49.42363061994923,48.804660815965384
878,0.09653923392904928,30.0,0.0,0.0,0.0,0.0,0.0,0.0,0.0,0.0,0.0,0.0,0.0,1.3005760364381895,7.377373910556275,12.320405417750127,20.27552107959073,32.76593734993957,46.618554982111995,60.70662798902873,79.9535851783161,85.90340375559464,85.10943126594948,82.5928803287002,81.99586865982495,80.31348429366935,74.26669399558929,72.27379065899599,71.91385631552465,65.54942249406253,61.60393429700839,63.065932221084616,60.573408873161085,58.56675171420373,57.592426489997315,56.49652605968463,54.599975578290035,52.456943034678055,50.69787006780099,49.362518566054575,48.366330910726454,47.678571042374585,47.442172355148365,47.84915722096018
879,0.21595779832637893,30.0,0.0,0.0,0.0,0.0,0.0,0.0,0.0,0.0,0.0,0.0,0.0,1.3504809972390202,7.37535977020349,12.046502336513278,19.594907356791,32.171038725991586,45.925749718557825,58.83930970213772,78.22552541621647,83.70709984786052,83.49621030445573,80.75545039191411,80.06977398996396,78.94225103982431,72.7320470200422,71.39471143290167,69.8042969259156,66.42262058866613,59.72395690326078,60.870148379558174,61.057497064999524,58.46506616088061,55.98659031371001,54.2109532266845,53.002297713437116,51.94657391126907,50.712430731435624,49.468472219727396,48.48262717939188,47.96546709218039,47.97676299546171,48.553839211524526
880,0.1421997497663925,30.0,0.0,0.0,0.0,0.0,0.0,0.0,0.0,0.0,0.0,0.0,0.0,1.5732531863394619,8.107911948271095,13.01273629350478,21.50728735322858,35.345038092976075,50.428429656324184,65.40928527042487,86.49174650472764,92.69407610412566,91.77367286458028,88.89701735447078,88.85997153602646,86.8024493867017,80.09805433370298,77.62165618948242,75.82207289689661,69.88930604108148,66.73604574241415,66.72217981064853,65.3493558128147,63.264253073351504,61.6242068331808,60.004501243110965,57.94412573589786,55.96088904348076,54.56811238276012,53.59311900100186,52.72650501699183,51.80066150009799,51.13175453945759,51.140127316180305
881,0.34234296259018054,30.0,0.0,0.0,0.0,0.0,0.0,0.0,0.0,0.0,0.0,0.0,0.0,1.3082360130838957,7.149662320699406,11.779843322305734,19.464264511793406,31.381498222417335,44.66157080944231,57.77832824289894,77.21483402419514,82.55171863740667,82.11852681412286,79.28679298821679,79.70155132799901,77.53207620387298,71.126432582291,69.78490649620464,66.5970532690162,60.96714891252506,56.34887817349238,56.09328799818753,55.791774658209974,54.87486678171259,53.28214907264479,51.659383072059995,50.60133233253334,49.751718243660996,48.67579546186652,47.42063886881913,46.139572668139095,45.12703526344933,45.27827890112874,47.72764365974617
882,0.24778385705156528,10.0,0.0,0.0,0.0,0.0,0.0,0.0,0.0,0.0,0.0,0.0,0.0,1.8297803662809675,8.31092306067632,12.961459720503012,22.41966278510228,35.41193683828763,51.63694565784771,67.35209225712386,87.15951085077538,94.26700699723598,93.05044923063114,90.30716242087938,90.41307702332674,88.2618486348172,81.93835747670619,78.01922069980509,77.24415046567023,73.46202275874627,65.74916470579501,68.8014165672555,64.7849966800088,63.62601277421243,63.734258943360565,62.76066171045821,60.17725053942289,57.54025231836279,56.218436687365006,55.727362832348454,55.21248287395526,54.119576557495826,52.953812431699696,52.434562577497054
883,0.19000624169431027,10.0,0.0,0.0,0.0,0.0,0.0,0.0,0.0,0.0,0.0,0.0,0.0,1.294709063788263,7.583934902938083,12.68845547276648,20.35382276564652,33.266200717592966,47.4314910806879,61.376530536415686,80.46581162488916,86.57132967789272,85.26407376283213,83.13105799850827,82.52573221879541,81.7041343747257,74.96164957519169,73.63374021390925,68.87086958752859,65.64347193984293,60.77088856888963,61.05564077112652,61.94541896138869,60.8273277248012,59.05922846415841,56.95036981038874,54.51128064075425,52.25831277925721,50.638354307639794,49.61670746871808,49.06968856300664,48.83970111332194,48.56895210511987,47.857302034997176
884,0.18891460854641087,3.0,0.0,0.0,0.0,0.0,0.0,0.0,0.0,0.0,0.0,0.0,0.0,1.4616143910075672,7.7244601911780775,12.602070262657287,20.992666344354546,33.90698192443046,48.898515284978906,62.7021236081814,82.90554009289521,88.80073427798136,87.53336747201486,85.4954134688713,84.44340672874404,83.72061234229938,76.86674602277708,74.33848746755416,70.13199004159401,68.70374817404098,62.01608454233333,65.63119831604558,62.531129109085064,59.66697156522623,58.50101294109759,57.421829733775276,55.556338980593196,53.91747861376461,53.45238852007867,53.48746036170886,52.97993531073426,51.34098757406971,49.63768586513833,49.20933740571999
885,0.1914905344945735,30.0,0.0,0.0,0.0,0.0,0.0,0.0,0.0,0.0,0.0,0.0,0.0,1.4415684858904552,7.664756060887408,12.4424160251594,20.45838885836264,33.324830361615696,47.261594157012695,62.28847420085549,80.97866073277389,87.08016522324898,85.4675849085521,83.7791151380232,83.63473773529904,81.03513257769303,75.33540020775834,72.95711922453732,71.80657383749971,68.36526656273243,62.04311331260448,61.95117113461731,60.76341687007879,58.940775252304704,57.91833098399347,56.970388296768945,55.32055282746291,53.38625479179333,51.701399516397125,50.316290693844095,49.17478359226053,48.34639498753134,48.37434911577075,49.95798473019418
886,0.2596307170132105,30.0,0.0,0.0,0.0,0.0,0.0,0.0,0.0,0.0,0.0,0.0,0.0,1.3897093228544277,7.945559047326826,13.234260880695558,21.431944340368815,34.47200843438459,49.236768618496356,63.38479700068972,85.57382075621629,91.18308473385395,90.24368734852868,87.07218977727831,87.3976341426416,84.88004533175989,78.26508909211135,76.5798174310641,73.14896300360795,70.09266894513559,64.3809182663533,65.10132228427149,63.943122395938694,62.209755183568895,60.53047892636836,58.832331612505946,57.17213518276149,55.57919313604439,54.0643841658359,52.60085225626515,51.155065846145085,49.84946661343936,49.39757874724933,50.67020681268552
887,0.21803340825464732,10.0,0.0,0.0,0.0,0.0,0.0,0.0,0.0,0.0,0.0,0.0,0.0,1.435302412842104,7.667916229147349,12.663545910448514,21.30476586777726,33.41700187632731,48.900307169436346,62.49899737176315,82.04058189489399,88.28638658947331,87.13993785454376,85.86078336275702,85.15468795749698,83.19484967708972,76.21620118765283,74.10946169415334,71.83585799234821,65.96388816952005,62.455195473058964,64.02577715166856,60.65919775964165,60.439203090164234,59.93284906542408,58.05608647194775,55.586938469297536,53.41174317212636,52.10769722158948,51.31190678503033,50.481029729508855,49.379780588241466,48.855388676611035,50.00640277956688
888,0.14942793198885074,100.0,0.0,0.0,0.0,0.0,0.0,0.0,0.0,0.0,0.0,0.0,0.0,1.2349424401658546,7.38388464993084,12.514646191387218,20.15544831060303,32.23337692666062,46.65684771498177,60.41437342959242,79.67053657666771,85.41267505020889,84.46115905008415,82.40530924757196,82.23963003258802,80.11132469363388,74.02636524238459,72.16778344900126,68.82359678876773,65.39863617667235,60.931248525782564,58.5246980243911,57.44322658103856,56.52479073445697,55.35595016308427,53.94873676244246,52.40063450387064,50.85601188769619,49.446438988962335,48.25038555957517,47.32969870179563,46.72255587134146,46.38555841486828,46.260024960305614
889,0.45928801707455125,3.0,0.0,0.0,0.0,0.0,0.0,0.0,0.0,0.0,0.0,0.0,0.0,1.3659810721249939,7.552476771508463,12.257754752718524,19.640783418133672,33.61383888488008,46.774546527569385,60.07541828870089,78.67278441937316,84.54519060986118,83.47711757512462,81.87496464292978,81.26596969288534,79.72664927073794,73.63292626834394,72.1242752209635,65.94868296434052,66.24226564531456,57.47929082736644,61.63214988185856,58.16277366966945,56.80263787699681,56.51279351622467,55.56457267368503,53.812352133575814,51.98094114440959,50.67270317473534,49.48468245980182,47.82514530601468,45.605114151734846,44.36960870348703,45.95978117935939
890,0.2345486991273132,30.0,0.0,0.0,0.0,0.0,0.0,0.0,0.0,0.0,0.0,0.0,0.0,1.4393980734711584,7.688283527651826,12.537171426559258,20.696952409845842,33.61776930231203,48.42361725235006,62.51003024951381,82.36926417665089,88.43019158585186,86.59385061289771,85.22278278177411,84.73517862098076,82.75129024252702,76.64330761515653,73.74239070385667,71.34929459267285,69.43419963197292,66.07967805721948,63.52681766680991,60.26389377276358,59.85843939160996,60.25581258584498,59.49979267052677,56.80899590422029,53.72651253981798,51.71801246014324,50.719157903083264,50.386736558660594,50.44618253075064,50.739513127685534,51.135990282569395
891,0.14814289400206063,30.0,0.0,0.0,0.0,0.0,0.0,0.0,0.0,0.0,0.0,0.0,0.0,1.3452690293936105,7.417113200649504,12.208620930168397,19.988539641669345,32.55269715184892,46.71787787399227,60.34872411915873,80.7789442623571,85.23147325199326,84.45727710429381,82.66004358530954,82.02857602088604,80.58409408399122,73.88850736144023,72.04661573591312,69.04448942646563,66.31158436283685,61.23226792755268,61.07052951859412,58.239991830889444,56.74367502636659,56.4971387709854,56.30537954544307,55.436796758723816,53.952146481834056,52.12284948982239,50.260781526771375,48.6532752856351,47.560413909249185,47.25966267289925,48.059379918366275
892,0.2633058534417397,30.0,0.0,0.0,0.0,0.0,0.0,0.0,0.0,0.0,0.0,0.0,0.0,1.281093261661292,7.467926416587255,12.556292070315052,20.42546815528903,33.041918573399585,47.48995749836377,61.863973283750035,81.94778802135868,86.60021892972057,87.16914279120766,84.13167556013799,83.86609538690003,82.3387061274839,75.50958281314924,73.62021276848263,68.80705242128303,67.55158147306626,64.08358608142798,65.31515532479288,63.81134956745357,61.336176924709726,59.30437742582159,57.38007170378183,55.266172047405036,53.303803157182074,51.82010622240098,50.668550373531765,49.61210816881117,48.56126906788072,47.934340057637726,48.26093987466958
893,0.1708352946399109,30.0,0.0,0.0,0.0,0.0,0.0,0.0,0.0,0.0,0.0,0.0,0.0,1.2723749046642874,7.2345788053748725,12.039845590218995,19.47875371215067,30.961909473634407,44.89001975764113,58.53137124771478,76.77184817965806,82.85940054585359,81.28701553087885,79.77153450738885,78.61545022121318,77.72369026429513,71.48792406821946,69.61894109124974,69.018950227842,63.51306828184298,58.048000760521894,58.059782017934076,55.61962992943285,54.94294641379869,53.999161908256426,52.53964969110128,51.248393994073425,50.00814446231919,48.60165145767693,47.101715699783654,45.63834658689497,44.45628074272296,44.294257884572986,46.06232572530258
894,0.1464809420772033,100.0,0.0,0.0,0.0,0.0,0.0,0.0,0.0,0.0,0.0,0.0,0.0,1.390271116664141,7.706309892390134,12.7281054329427,20.876730140654015,33.86220111962662,48.678809826637796,63.19721046674322,82.91273307361706,88.87608276038839,88.24235359258951,85.72772109127557,85.5340657218591,84.17329246255736,77.38353285479859,74.6873396512376,72.89236921151517,68.42027284080382,62.23440859471618,60.90613265606625,60.79130846333952,59.844908865934364,58.58476531144438,57.303991922498426,56.091482325767736,54.89475130349439,53.66244188670703,52.465287642213504,51.396173735553226,50.49293117890437,49.60521202080654,48.54753931011501
895,0.407882820460875,100.0,0.0,0.0,0.0,0.0,0.0,0.0,0.0,0.0,0.0,0.0,0.0,1.5431542764328974,8.411149378491347,13.69577564151744,21.986822468223753,35.181243466770965,50.38273889775693,65.10987433590229,85.64405653869618,92.39686686081573,92.17054243873011,89.23729318416176,88.73404154238922,87.08516877385419,80.33808939883565,75.88802944439689,73.08698233867416,71.10643952687029,67.52934567287441,65.56758334423824,64.27440519913358,62.56070114845055,61.06029257771908,59.77391657120339,58.46893377896875,56.967698716148,55.198516281891244,53.40516815968336,51.87619228710214,50.93939881897763,51.1952636052947,53.39333628353133
896,0.25895377536811076,10.0,0.0,0.0,0.0,0.0,0.0,0.0,0.0,0.0,0.0,0.0,0.0,1.3328369980850063,7.530812440674512,12.501241221311982,20.29026129177741,32.61653705992096,47.411649584576246,61.66905773758221,81.31469152528464,87.41185546454925,85.69330229312332,83.10771917270283,83.50623650622992,81.28256177355199,75.1363172488059,71.94055648455729,68.18322939727051,67.31885685843115,62.80780119994763,57.48038598584793,59.03896168389913,58.50318949877208,57.99558769417884,57.27066423851181,55.05138347840022,52.6590645175211,51.394688480658026,50.769665221581825,49.93845586471381,48.44507525957804,47.16762181283968,47.22271328287946
897,0.2962206781385131,3.0,0.0,0.0,0.0,0.0,0.0,0.0,0.0,0.0,0.0,0.0,0.0,1.318415519900802,7.578486500713964,12.418348652180471,19.488748154396998,32.89802919086234,46.066736378223084,59.62266626874871,78.87162338248908,85.54174088474964,83.50090374057541,82.71372474261312,80.99906594654998,80.12595609656162,72.99871682417013,73.5326749397747,69.68044452339112,65.2253666525331,60.57797802509418,62.00197699642623,57.82953617152853,59.35084225640773,57.74391292881645,54.22727029440344,52.883909529534066,52.58350747303792,51.608869990242724,50.146602133858025,48.812549084180155,48.026889218286975,47.64813433699592,47.41573946928681
898,0.14219483392914048,30.0,0.0,0.0,0.0,0.0,0.0,0.0,0.0,0.0,0.0,0.0,0.0,1.268914255609118,7.305168588296557,12.2169965299702,19.759888657215832,31.524001524659578,46.0499971340657,59.350459130596356,78.65832855533749,83.55375954946605,82.81066308048634,80.86157340587411,80.78487296963517,78.68842737372945,72.65809147833356,70.94038567647804,68.39144328106852,63.950888011710035,60.75726952494198,60.13246740294711,59.53406749814929,57.90102232174728,55.82469413757199,53.948383089369685,52.648885563658794,51.68851181071547,50.738789728969806,49.607877155588994,48.14914265548259,46.41301520349557,45.12307992706122,45.100811872480065
899,0.17442326479691525,0.1,0.0,0.0,0.0,0.0,0.0,0.0,0.0,0.0,0.0,0.0,0.0,1.813295047249176,7.915989687759248,12.34898545700335,21.329920484810927,33.371583135383155,47.53370531223147,62.19583418997694,81.97194761206279,88.11409159539984,86.44668637679202,85.21279185724316,84.07075876741155,82.94881490380143,75.82720805247732,74.64110597747026,70.85678228029538,70.52061324262544,62.138124801318114,63.928465572699615,59.96587465561926,59.89933482281702,59.46362245362109,57.82266015860476,56.25189230690232,54.5303210698817,52.352102294138525,50.29646341475485,49.06259021762543,49.04118803682299,49.62659835412167,49.96241450342586
900,0.25122801881203055,30.0,0.0,0.0,0.0,0.0,0.0,0.0,0.0,0.0,0.0,0.0,0.0,1.2011686995047082,7.442716035291216,12.793204498642286,20.65409114872295,33.63789700225415,49.11290396039115,62.44237006834048,81.82945306495448,88.43348355492775,87.1801353009285,85.75225809966543,84.68308737043519,82.97159871720612,76.78456210871481,74.35187528556249,72.51024609253156,68.72355643339924,64.92301761036957,62.90403056512278,60.25820716507228,59.189594057274846,58.709790845713826,57.84552928431023,56.20322003448583,54.32891984716966,52.789329530336744,51.554240596630954,50.46755295760799,49.5152668245213,49.19294053754354,50.12858878329952
901,0.27347825974515216,30.0,0.0,0.0,0.0,0.0,0.0,0.0,0.0,0.0,0.0,0.0,0.0,1.452206051055169,7.612325806468969,12.240303208446216,19.930687710537857,32.60445304499526,47.3109638593754,60.99679290877878,79.90101035329349,85.53693049708902,84.88323304449159,82.35435189325642,82.12737474759199,80.05618235757034,73.13839060722698,71.85300406770142,69.33428043681342,67.02029586915867,61.32468719770313,61.70336409376316,60.425231877498355,56.915825308507735,55.42150421262433,55.17604342405974,54.56773615345565,53.50673219388157,52.2462184499428,50.926482093068344,49.65172805601858,48.510534798073095,47.563392486899595,46.861895685135124
902,0.28465764189943893,10.0,0.0,0.0,0.0,0.0,0.0,0.0,0.0,0.0,0.0,0.0,0.0,1.2710728034854943,7.319236739575006,12.079302900532308,19.103755261204604,31.516230293329343,45.24898228084379,58.203016970763,77.20595329503807,81.8034915766952,81.69902858073868,79.23076407939018,79.16103190912625,76.89542675071897,71.37654379348541,68.79237055898074,65.77095698317264,64.2125343651359,58.313421067832955,55.29425893296465,55.331474773990095,56.360903274261666,54.92414294778042,52.554030993325576,51.36413733898868,50.86807633071961,50.22083346955976,49.33517199471752,48.30640628843597,47.25383355157484,46.40336975160834,45.994640881880414
903,0.1993022933989232,100.0,0.0,0.0,0.0,0.0,0.0,0.0,0.0,0.0,0.0,0.0,0.0,1.3448237211962177,7.5678876086468385,12.463562824577062,19.967973914460913,32.551811347201735,48.275002250433054,61.88871580525157,80.75935258947982,86.59767423713637,86.17886880700357,83.93693972346011,82.97399619309184,81.21467876037659,75.10564274863735,73.09861102933098,70.08563087500448,65.01169864818712,61.37540927544492,60.231097884522306,60.073148707290535,59.02564772800819,57.5654102670515,55.888523097314206,54.014449220928356,52.18007772287088,50.6125272044964,49.38823948422969,48.54855217585128,48.129806001326095,48.14407384423981,48.60631003633092
904,0.2254197073468314,30.0,0.0,0.0,0.0,0.0,0.0,0.0,0.0,0.0,0.0,0.0,0.0,1.45091926634843,8.037485950600923,13.164051745609692,21.172709807758824,34.49627888590987,50.13450618055975,64.19627093185586,84.20248575340672,90.27740596862806,89.01288626413634,87.63018540947013,85.79150389997983,84.81836736962448,78.13849744882238,76.1994743486322,73.16925015087114,68.32172650659982,65.09529251752284,64.78284507732008,65.3778194927476,63.54699506735458,60.520372975133554,57.85507300405788,56.37354946688486,55.604065008827874,54.898469236641915,53.917040951581264,52.4119482687792,50.442371001794044,49.10720560608918,49.67075752259047
905,0.18006119256401204,3.0,0.0,0.0,0.0,0.0,0.0,0.0,0.0,0.0,0.0,0.0,0.0,1.2969929887137364,7.148920845657005,11.820685459823578,19.423900030942267,31.022327249613824,45.321365930651076,58.586969282350864,76.40560927089894,82.2742828424076,81.35306594093603,79.05670224515524,78.53578244163083,77.40789685397728,71.0620084465726,68.43279256672854,63.80562014563999,60.64564161850399,56.70595058012168,59.25606264147164,58.80047852108892,55.423805421033784,53.90855937177665,53.00199591534467,50.85323865079966,48.66252049428768,47.71010601817987,47.47503453087404,47.065923311251424,45.97675804347241,45.103303559853714,45.6270839525922
906,0.20175011186612307,30.0,0.0,0.0,0.0,0.0,0.0,0.0,0.0,0.0,0.0,0.0,0.0,1.3097597108618604,7.251550181614028,11.933328485727252,19.450811704967087,31.641420387579156,45.168362461035144,58.94449336583242,77.34900640307926,83.1311473906709,81.90097219010984,80.49148589753712,78.72297302709805,78.81554536501125,71.7370685134716,71.04885157826166,69.63801143222864,64.03962453743628,59.674561851363116,60.17964155059905,58.20040229131928,56.975927315076525,55.32749078383908,53.51965665187722,52.37061603197679,51.59739031472153,50.768281065777714,49.791547445669416,48.65924390209011,47.38026346844227,46.02088262008766,44.65498447426392
907,0.23374811917115168,30.0,0.0,0.0,0.0,0.0,0.0,0.0,0.0,0.0,0.0,0.0,0.0,1.3745141963407828,7.7214670610893945,12.766858941504553,20.692070052562755,33.53132444337975,48.61562599036605,62.6998080872982,82.96160117459861,88.71965690829359,87.50862200586586,84.25473422925711,84.36753466711582,82.84617976869632,76.12205568698758,74.93023324565041,71.54026222156652,65.4702373132499,62.67663248122366,63.5068506820043,62.98590263944125,60.63478663627364,58.38546313388203,56.5060505648457,54.82505987680074,53.28672474638794,51.902990981384214,50.83737939185351,50.280261135945246,50.20335308744202,49.71260983018392,47.74956266910528
908,0.0746613693823577,100.0,0.0,0.0,0.0,0.0,0.0,0.0,0.0,0.0,0.0,0.0,0.0,1.4687635074325462,7.850054012141711,12.726742702963186,20.69861469793721,33.62712535331638,48.54928437644102,62.889316896774496,82.62308617299236,88.17130228362723,87.60669712141004,85.29789880908073,84.73156470718294,82.95873867687173,76.77487363672338,74.82944663982052,71.40504922831819,66.39956493974064,62.08089541048522,61.80577397480667,60.99986674425406,59.556306695021675,58.844031101938576,58.152592355878056,56.60136403750292,54.568600449173914,52.61738408893735,50.9836251208561,49.81330636373666,49.13927461795704,48.58275267431931,47.68322675830051
909,0.15894185190967589,10.0,0.0,0.0,0.0,0.0,0.0,0.0,0.0,0.0,0.0,0.0,0.0,1.3407946100598422,8.065758031841892,13.543995330378744,21.351775322874854,35.19037936687091,51.264909183355854,66.09752057312095,86.80417514901428,93.36808407060087,92.62986198742806,90.4348915043798,89.6490545628387,87.3900110257939,80.71247377944327,77.8006382777165,75.3686933659612,71.47028265066106,65.3623877309434,66.8300252882828,65.38376118641607,62.569444204454,61.264104216100684,60.47856313104807,58.96222230602114,57.0865884760319,55.441323092298305,54.10262347335766,53.03085222290404,52.16954228065374,51.3809074349391,50.51435653481382
910,0.13350855004191148,30.0,0.0,0.0,0.0,0.0,0.0,0.0,0.0,0.0,0.0,0.0,0.0,1.4332782246404294,7.758217000070036,12.68356399047732,20.79609341737506,33.770361274339194,48.52588392398236,62.89067091882811,82.55350440507442,88.88714158096795,87.02279998171842,86.01229454406479,84.38878280461977,83.14221505368857,76.59470500943516,74.50475226108905,71.79037885684818,68.16469817464609,63.51895448868671,63.251264987085264,62.95384727928205,61.641779444623474,59.215973211809654,56.51878655962781,54.38130917981994,52.85370217749622,51.80193766960098,51.008356399857924,50.247323531502346,49.35491209050084,48.36728750090847,47.36467534516915
911,0.2971054692063629,0.3,0.0,0.0,0.0,0.0,0.0,0.0,0.0,0.0,0.0,0.0,0.0,0.8387478897249884,7.146376252573453,13.275571001925035,19.228679495506704,32.77681429442446,46.4945673099596,60.479665162332644,79.6798207392088,85.48177285887226,84.5518663829675,82.78370058885993,81.01600963568707,80.33329520848656,73.66619641728721,70.89055967397015,64.85978887427618,65.65059681716662,59.56237494520933,63.56382218278538,58.82400057243894,59.504149835862776,57.37996264642942,53.67745829783017,52.429371837446375,51.89113778757204,49.95592201802846,47.673765078899294,46.6536592202241,47.61470604015013,48.159101389598206,45.09745211469853
912,0.17413023110937215,30.0,0.0,0.0,0.0,0.0,0.0,0.0,0.0,0.0,0.0,0.0,0.0,1.3397830237421295,7.3906890399337515,12.12653562367794,19.651237941766396,31.730020646972378,45.457011919695546,59.501080609119796,77.22129855445422,83.30006735265829,82.08563027630565,79.88334387835894,79.4697092458242,77.8309203889827,71.83968770471549,69.94825723030566,67.47134365129637,66.01674762730453,59.96697287276535,58.931707726724376,57.58119996531812,56.59290884954236,54.88074035512622,52.85341142357825,51.30871102975038,50.12040505102344,49.02611155674998,47.98835727094528,47.02157900657983,46.2150247515349,45.9557357544708,46.712019586537046
913,0.10381865775804965,100.0,0.0,0.0,0.0,0.0,0.0,0.0,0.0,0.0,0.0,0.0,0.0,1.3378522352689894,7.442536721235946,12.293712679206797,20.07976407493068,32.46725545372829,46.48240605653862,59.874037969150685,79.10535569747557,84.77966585965896,83.69718508106722,81.89126808333076,81.04745348733299,80.08048325973364,73.3620756563923,70.77908073394475,68.7379004382933,64.71951673463425,60.9173132756015,59.663325044342145,58.83109927572293,58.740669305901584,57.552192584869495,55.48209669911302,53.37263441507536,51.63678736524652,50.46167044209957,49.646165576496834,48.91647829065598,48.11140502479644,47.45433508076293,47.25047253760835
914,0.2395618470658986,30.0,0.0,0.0,0.0,0.0,0.0,0.0,0.0,0.0,0.0,0.0,0.0,1.3296644135837048,7.139713768549589,11.716928150796415,19.512126445361748,31.410080479694322,44.80896992771462,58.06122711398231,77.33210252482768,82.97427471418955,81.25026694095219,80.29948454850611,79.54999652564938,77.87265864532526,71.37372146806949,70.25666332980175,67.53176512727163,62.56364264816489,58.47326181460472,59.0510331051214,59.26948477376393,57.15571491453665,54.458261807023725,52.364586435188905,51.38376085683369,50.90007915432552,50.196785207309254,49.08096009146885,47.50113061287412,45.738960106870174,45.26564548910563,47.887816350002616
915,0.22888406298803038,100.0,0.0,0.0,0.0,0.0,0.0,0.0,0.0,0.0,0.0,0.0,0.0,1.2659061560212226,7.699700264552216,13.191241098385824,21.396451991645975,34.005979695097814,49.28043285286936,63.7305154783573,83.71918898389943,90.29794043242447,89.74232732325956,86.4930720284465,86.25187748065024,84.37577215934701,78.11484931506557,75.65253156286244,75.00677127456912,71.14324211163263,66.73980591737183,64.86633627944136,62.80392711621433,62.68292476068934,62.12013472925407,60.5367421291133,58.33114748741392,56.06344037010383,54.173199051201415,52.692422945168076,51.56752820128244,50.71974903955572,49.94428082518122,49.016437427405045
916,0.2433582729090091,30.0,0.0,0.0,0.0,0.0,0.0,0.0,0.0,0.0,0.0,0.0,0.0,1.3497661512520096,7.085591857211211,11.497550913463835,19.152072076717957,31.232456795895747,43.909756528829455,57.67160119632098,75.74041817793898,81.17262929437366,80.32880375912592,78.96871987494953,77.97297854750074,76.42049229643054,70.46030203906771,68.20151416220152,64.9489770377695,59.35072758602322,56.5384503664873,58.073068391769134,55.969892781264996,54.844177480642145,53.73915292301992,52.42709189019042,51.354297273726495,50.426973978031526,49.449096448221496,48.295718031625526,46.86840245331307,45.30100697563533,44.55710960017488,45.78285507203933
917,0.23777329658933324,100.0,0.0,0.0,0.0,0.0,0.0,0.0,0.0,0.0,0.0,0.0,0.0,1.2001423144857233,7.230269400550066,12.389502637286427,20.356047793019854,32.6409401995095,47.14938827546393,60.69086663132845,79.83650799405078,86.09116935470838,84.6717553572561,82.8552914010028,82.34374122816511,80.2860897167222,74.55747923162423,73.51444694854756,72.58202962697958,68.38406839429697,62.23944527827737,60.96421645124355,60.85711281103447,59.99749810441389,58.932927262738865,57.587555372678345,55.7796691170098,53.82647127393413,52.050508584563524,50.45613094566354,48.97933392556698,47.674988133339255,47.033510532421396,47.64790883233427
918,0.13366735604733063,30.0,0.0,0.0,0.0,0.0,0.0,0.0,0.0,0.0,0.0,0.0,0.0,1.355483951343004,7.646576804984813,12.598948307594597,20.232496364741863,33.284723912098706,48.53394655410949,62.18257144005977,82.32115942157101,87.9508325093266,86.51259601418788,85.0161724229686,83.83092814757181,82.82457568558125,75.96675253592618,75.38751487107679,73.28784039197522,67.99450137865918,62.94927434097712,64.69430407491915,62.73326554760508,60.246278044153605,58.590663830763525,57.28620022033554,55.94567058634345,54.488271559675084,52.931529496892956,51.38519759534346,49.969199507599406,48.82803029625343,48.24461824496174,48.538504257031214
919,0.2302258569076562,30.0,0.0,0.0,0.0,0.0,0.0,0.0,0.0,0.0,0.0,0.0,0.0,1.4916966522083648,8.140398392634607,13.423611991957307,22.20202008759174,35.56509020469816,51.10137273546637,66.59289128688222,86.62367865539095,94.2628546871124,92.56100035868515,90.68511543471881,89.57066365935552,88.05993600766959,80.66392713556077,78.62568121796666,77.19265127623797,74.85424923471452,68.81169215508638,66.6468361212654,63.74004962017592,63.229357568679085,62.09077780320835,60.39908528047607,59.26267737263539,58.43685628516358,57.441608567633885,56.05748540104765,54.14708136774267,51.899417951989825,50.617605623850416,51.80169795925268
920,0.16958658598270165,100.0,0.0,0.0,0.0,0.0,0.0,0.0,0.0,0.0,0.0,0.0,0.0,1.313093621198489,7.578041940990833,12.713751607365618,20.77254840782829,33.56857715766134,48.28109340968694,62.27745613934523,82.14538788733257,87.08896345688876,86.63504677815916,84.662667099324,83.69747489851157,82.8013324435474,75.8553443307289,72.27537400393851,69.99725114406921,66.50219851553048,62.99977029873495,62.35391954955299,61.97516836765884,60.49842840945469,58.56699075976646,56.75354109283671,55.34654895081423,54.096549527734,52.728301568606916,51.28693421716865,49.884724028530265,48.734491528433786,48.47791614031563,49.8911153575199
921,0.23075047504082188,1.0,0.0,0.0,0.0,0.0,0.0,0.0,0.0,0.0,0.0,0.0,0.0,1.2728778277498016,7.880788957932574,13.297446059381066,20.77995595103189,34.84528251590892,48.94923944694842,64.00315753575082,83.80636482094302,90.20106602495197,89.87074032519573,87.31350607475777,86.8283979663291,85.09840718851142,78.02132242735134,76.22044384328265,69.29681312543862,69.81449224454494,63.548730444369426,67.01331480734862,62.84692870958729,61.02594537655041,59.26595499978719,57.69237231228289,57.64804522551433,57.44949793541587,55.401780958302496,52.593938895576485,50.593068747165596,50.17585671850574,49.82111264758691,47.539108699616385
922,0.23109110038860461,10.0,0.0,0.0,0.0,0.0,0.0,0.0,0.0,0.0,0.0,0.0,0.0,1.4808516983514342,8.073936091426202,13.120349128352123,21.075948720855802,34.56545357258787,49.8324876942855,64.33810220259653,83.96411327418795,91.12068962491657,88.7560970200352,87.73526768125589,86.38546418329804,84.90004034215066,78.16500208787538,76.33317484900593,73.53604432810701,69.57020715760767,64.25138812457942,65.03724304232249,61.9715928706247,61.2980132979094,60.554709090691375,58.952140629960816,57.04696845147988,55.128423618511775,53.40276535767691,52.068930159298716,51.31379330696181,51.27914937452883,51.941344033691095,53.2554473583111
923,0.14823457430280237,30.0,0.0,0.0,0.0,0.0,0.0,0.0,0.0,0.0,0.0,0.0,0.0,1.4420595007592436,7.78488973982562,12.713160392058535,20.769358022316265,33.391915716835406,48.25101275746741,62.3276148763972,82.11877862185301,88.20486287624236,87.59246186175066,85.11709663113085,84.51677064350265,82.91020970462615,75.965486283288,74.30343576409076,71.01740366717476,65.9023968764853,61.36721931928712,61.53350226853809,61.32050368557577,60.19146879140769,58.439251485240305,56.481395038944065,54.69512678647521,53.02930428545449,51.38989082054322,49.86629591860541,48.579015039218724,47.766084218167066,48.17747071280693,50.79488598162284
924,0.11942911247112392,30.0,0.0,0.0,0.0,0.0,0.0,0.0,0.0,0.0,0.0,0.0,0.0,1.3461576392582453,7.406293626662677,12.275801769733672,20.385206939364313,32.53595494777565,46.416326561557156,60.70180607440585,79.12396995273099,84.77972249803997,84.43242636235519,82.17258018432123,81.57128583410152,80.26116667440476,73.68529630824167,72.18700356042167,68.94085093934353,64.51473156757726,61.351465744113995,61.68918851269122,60.84929229754993,58.401550335484906,56.751921137650584,55.67348768747494,54.435343024262785,53.04537820619209,51.64738528305765,50.25834676284253,48.865666337675094,47.61502334308123,47.2587519020276,48.71981985383095
925,0.2021575847439558,100.0,0.0,0.0,0.0,0.0,0.0,0.0,0.0,0.0,0.0,0.0,0.0,1.4159735673101213,7.755122153495836,12.698489049999557,20.61861917152304,33.34657229743326,48.115919809498656,62.41653251072997,82.72766633539537,87.81731134242398,87.77391056605292,85.05457685530315,84.76277812753588,83.04835153787822,77.24950103314659,73.47625964900688,70.93300357831818,67.12236180980852,62.8664503019057,60.48714468353515,59.25515931028052,57.78950508220079,56.71289077394141,55.93037010522446,55.096912281864114,54.088529971836245,52.85687162560263,51.42700580796365,49.840697923657785,48.28133990166791,47.47347923793896,48.257490705813765
926,0.2151840624720122,10.0,0.0,0.0,0.0,0.0,0.0,0.0,0.0,0.0,0.0,0.0,0.0,1.2268884552365331,7.66363383674952,13.047899423537237,20.647377930639575,34.6486706055404,48.70901693079804,62.68987423400913,83.61578944573164,89.6309616053543,88.93454048755054,86.51206868562895,85.95137769288652,84.11218505820374,77.43601806428993,74.26883130768229,69.76028626116253,67.76092562267142,62.653781290265755,61.8296788783352,60.02428139156075,59.19277190342452,57.64484472834171,55.76258354909154,54.50253913257919,53.49664615944052,52.23519296661478,50.754794291482135,49.2129154404087,47.868442928529674,47.41988819265216,48.691842275254075
927,0.32014343422559094,10.0,0.0,0.0,0.0,0.0,0.0,0.0,0.0,0.0,0.0,0.0,0.0,1.2268920021948382,7.457692115972766,12.654824854504652,20.26013515362772,33.417469376619366,48.33309378618627,62.00011916620411,81.49618973929913,88.21651005241482,86.13012183743426,84.00088302575372,84.19902410303771,81.64672526479329,75.70806019020368,74.49593433830879,67.15041402780255,65.81716982666298,62.7951078131958,60.51811922000405,60.418356714590026,59.54467150292882,58.5376534613823,57.36383402035064,55.65582162527228,53.561265847065776,51.39293413091091,49.65659584173365,48.85305150254193,49.14472069027883,49.38712972581283,48.105440442550304
928,0.19899476678611253,30.0,0.0,0.0,0.0,0.0,0.0,0.0,0.0,0.0,0.0,0.0,0.0,1.4155136401751245,7.495991941255669,12.169979861174419,20.10062372878248,32.83039287706418,46.86419544451912,60.81366567917192,80.0395944983215,85.7562803536851,85.13158671871525,82.60788968779052,82.4239566231935,80.94356289928419,74.11833489448165,75.01949067228176,73.75625539730655,65.86805019236053,61.58676127985008,61.56532714524498,61.35226900614835,59.86213109403102,57.948233165455,56.06912955195735,54.399180064523875,52.73974257156599,50.9394924211859,49.289882153545825,48.14921408265587,47.783759197805104,48.21008363955795,49.41512890320349
929,0.3049306918184375,0.1,0.0,0.0,0.0,0.0,0.0,0.0,0.0,0.0,0.0,0.0,0.0,1.8547865337504439,8.293322688173442,13.249246302294083,23.013345409736083,34.847733966605965,51.293201167142406,66.79680800160229,88.29111070394045,94.07249178252397,93.85478537244205,90.55850032094541,90.47765159876195,88.41867642939813,81.6489337717544,79.94517189838791,77.97926446600641,71.60509825944439,63.4578310559217,70.89150392939212,63.57884769907987,62.68295430975233,62.36430870644678,60.383817493200446,58.13072384025101,56.176944387243175,54.79126848164142,53.9538000677519,53.59177404950332,53.51227221488779,52.995755960902194,51.229698094804625
930,0.12013149070195683,100.0,0.0,0.0,0.0,0.0,0.0,0.0,0.0,0.0,0.0,0.0,0.0,1.277966813359282,7.3903075519842325,12.391280457848582,20.10676865798635,32.09429851430607,46.1513495322232,59.68801483159356,78.64039540253722,85.10006186229901,83.75403387969249,81.9922564290763,81.52300499456143,79.68695350575415,73.38568850986954,71.3348407388766,68.93501176722685,64.45217991720584,60.108366572231546,58.69618910568801,57.85277031570793,56.707163672103675,55.68894556245295,54.68170079083466,53.463459243670194,52.07049773954377,50.60508863731046,49.196614344871364,47.969135993760545,47.035226605268676,46.504219256232204,46.48852678411779
931,0.22678707096220296,0.1,0.0,0.0,0.0,0.0,0.0,0.0,0.0,0.0,0.0,0.0,0.0,1.0138847055605658,7.65974112841694,13.752325632837398,19.866377901347825,35.26538132903259,48.93648590740286,63.62597582659928,83.66817401194999,89.39182785973327,88.73619461513546,86.99423278576644,86.44942038235627,84.54551923378676,77.72409967821585,76.49925658948477,76.70182444165386,67.29427237820383,60.97723563022083,63.68913459436751,62.35764187595792,60.76120129396969,59.54107021072066,58.318848695585885,57.07026104095307,55.77551013153953,54.38881442430913,52.76058655816511,50.73602305172699,48.55340429376299,47.81817195413489,50.4926558307651
932,0.17885569612464428,100.0,0.0,0.0,0.0,0.0,0.0,0.0,0.0,0.0,0.0,0.0,0.0,1.4835641711576706,7.9916318915881375,13.04284120944219,21.420504584190613,34.89573397260035,49.93730215215601,64.42549643788185,84.70155290646409,90.70292782212071,89.74118306626464,87.25315570929396,87.5843900789452,85.4316162578724,77.93305761401409,75.72981003924585,74.1958382969781,69.75148707987076,65.61254500395846,64.82422478037795,62.922005535060016,61.16657873255259,60.205135142247975,59.258250740443415,57.65949967187391,55.81316861627032,54.219588732101364,52.9082035181323,51.80505488878094,50.88093208463886,50.25800666043728,50.09266441203656
933,0.36468831346201847,30.0,0.0,0.0,0.0,0.0,0.0,0.0,0.0,0.0,0.0,0.0,0.0,1.3467825923421124,7.801703541233735,13.045869372315208,21.1264915635256,34.542336418360485,49.83318945438862,63.5384611098274,84.63299199361998,90.6629527156684,89.40535646148928,86.54282593696617,86.70146526740876,84.12162726234733,78.87470555619822,75.7378852191106,74.34617877138476,70.346896193617,66.18315403806885,68.28893674913321,67.89145203501269,63.94744852154614,61.46951931368529,60.15705668928988,58.68148631259323,56.97271502088248,55.2187270018244,53.48960565066428,51.82309282610666,50.376500459753515,49.78164712098484,50.79335691527712
934,0.10199735249781879,30.0,0.0,0.0,0.0,0.0,0.0,0.0,0.0,0.0,0.0,0.0,0.0,1.2413546814931784,7.27296585733171,12.229856526829833,19.807600889136634,32.056212426735975,45.919888248380566,59.27502092533758,78.60647298038559,84.40471207950537,83.35155139043668,80.97570629372944,80.75069861073885,79.21130837658316,73.28598337812366,70.6630371719486,68.31789209365513,64.39116872548345,60.53423192175391,60.32493673203316,58.31544749988033,56.91491929643836,55.67259825114858,54.16451187016833,52.43488925145733,50.821933392647914,49.61534345571074,48.76236782158718,48.14082001308325,47.66882229452309,47.39165255815767,47.385766645090655
935,0.2879242672659014,30.0,0.0,0.0,0.0,0.0,0.0,0.0,0.0,0.0,0.0,0.0,0.0,1.4445382751782836,7.7973569230088176,12.71592247628062,20.85275881352101,34.16444616583715,48.28903750398842,62.94763261848759,82.19957671704223,88.33625876005328,88.17194953682859,86.12672803808704,84.94275565537089,82.99748658363542,76.30867650456932,74.00994590440173,71.05626541155007,66.53418419976259,61.05495674870505,61.289906874111836,58.93000468520894,58.02045091345088,58.041484768341704,57.801931612983424,56.743011525209326,55.107084889913416,53.27205014419474,51.415175315902715,49.65232930940151,48.165872869552146,47.44132926847427,48.03946123298929
936,0.13349646559170225,30.0,0.0,0.0,0.0,0.0,0.0,0.0,0.0,0.0,0.0,0.0,0.0,1.4488944052951194,7.7645938694217715,12.65149794204354,20.833157405172226,34.13937304951647,49.000295995652394,63.225244883465265,82.37018144203778,88.73414504755522,87.70860776079778,85.75159973068735,85.15972015043579,83.71057543882885,77.01108972030589,75.02772702755696,72.23086207575031,67.69375616843824,63.90673735651796,64.14902903635361,61.8079774775999,58.422818368848674,56.873706690027916,56.42197278283988,55.84328126963681,54.83113415772502,53.37516379123605,51.710034478933245,50.10534935177581,48.80930073023327,48.08663011239673,48.209256405408546
937,0.4764935125316611,10.0,0.0,0.0,0.0,0.0,0.0,0.0,0.0,0.0,0.0,0.0,0.0,1.5173940782792465,7.689227285566585,12.260709012135973,20.287463350186368,33.304769784770485,47.40482454480433,62.087503225087396,81.73721402320908,88.29522152822584,86.98915632368772,84.98135833519076,84.32701972284111,81.93739245545852,75.11384147997121,74.15339371846368,69.2213142856101,66.42631617079041,61.59054795796644,62.83873750904848,58.09486480157581,55.206346175989296,56.09862803437606,57.45702222761349,56.266160172712,53.801189632715655,51.86382932476805,50.509328459918564,49.427589360599114,48.397098937299724,47.43707409515451,46.61953832593782
938,0.24394792534014945,0.3,0.0,0.0,0.0,0.0,0.0,0.0,0.0,0.0,0.0,0.0,0.0,1.445444455722719,7.925627515344876,12.912182657791519,20.8161804733344,34.37585291270952,49.34669124883643,63.195152543641605,83.5743227772956,88.98484667462073,89.16463522178962,86.97658393823123,85.35017714998656,84.56496117307792,77.90861741101041,75.34109861210284,76.73062397654547,69.72063064424371,62.82435803099305,65.63142227298803,62.87276235318617,61.45720708465608,61.03136013015724,59.93093690323119,57.62162306414963,55.19020033196223,53.642495920914676,52.708067437294545,51.86723434014767,50.823300988910674,50.02939272765963,50.09560359264541
939,0.22185061264918282,0.03,0.0,0.0,0.0,0.0,0.0,0.0,0.0,0.0,0.0,0.0,0.0,1.198248968645032,7.901069018223202,13.12621824986365,21.517216141285566,35.191854190075155,50.35656508339428,64.31112953211412,85.24144243123347,90.6945525903688,89.69974300434694,87.85979305600085,87.28613592406735,85.63516084572885,78.23252495041059,76.39994891717024,71.88560396299086,70.33259696308961,61.70939993374113,67.86360610869019,63.306475900904374,61.32017306360571,60.31710487398885,59.041333872284795,58.01585713399524,56.9212810322485,55.398668321851645,53.643725678977894,51.95915944432878,50.59251781273323,49.6913092783163,49.38144895124655
940,0.25108321525107047,30.0,0.0,0.0,0.0,0.0,0.0,0.0,0.0,0.0,0.0,0.0,0.0,1.305561619134566,7.501087169036423,12.523357466170019,20.22154011229022,32.150320375581636,46.24773189593124,60.34834742319905,79.5661328765688,84.47714843082773,84.93440896961435,82.19619309414557,82.04657710984877,80.94501322926143,73.99795166365718,71.51724576721652,70.02665444285529,66.98384525153936,61.54723440789585,61.48548719252467,59.747879301210624,57.004695550556924,55.55416137748333,54.77301271550738,53.71387802165651,52.397876421574125,51.03567702059861,49.69951837081105,48.42494897095335,47.32434185628773,46.81996810361137,47.411327053186774
941,0.2690616629021837,0.3,0.0,0.0,0.0,0.0,0.0,0.0,0.0,0.0,0.0,0.0,0.0,1.5558945491037708,7.5774128418037,11.949992338620731,19.84856746801618,32.53293846820357,46.484721285605296,60.169202577349886,79.14784723541058,83.948392704081,83.19946443189518,81.6010881945194,80.79689506888535,79.64445645477447,73.04426329813775,71.2474359458888,68.06053536517167,67.50432034475853,56.60133266819256,61.051093961164405,58.646213493663204,58.48405124144868,56.83217432336677,54.47605022103092,53.852387633057425,53.30721903154526,51.049342328085096,48.239974307353705,46.5060286535157,46.68458382056125,47.305339508956315,46.30580770517377
942,0.21805782939635546,0.3,0.0,0.0,0.0,0.0,0.0,0.0,0.0,0.0,0.0,0.0,0.0,2.232680189959958,7.55943696784058,11.050459426502822,21.0094514694088,30.350178651887816,46.117854675734336,59.99338298380859,78.61170264416135,84.1188088120547,83.08890406381921,81.09183463112927,79.67059214052642,78.5852199085192,72.54283758360067,71.08855095967651,67.13067680887386,66.16967516986307,58.98323639614259,61.24191218627705,56.852955763760605,57.09282118581371,57.21371149807963,55.6686140091995,53.518910702818346,51.545580834848735,50.20009339172492,49.188511319013735,48.07569738959746,46.772448678395484,46.40299956329832,48.4090904462799
943,0.08117298653356314,100.0,0.0,0.0,0.0,0.0,0.0,0.0,0.0,0.0,0.0,0.0,0.0,1.289603461114648,7.413938017917137,12.402115945834298,20.193555469579152,32.66084356673565,47.23796747178778,61.1039348505613,80.34612940983011,85.57076240518519,85.11296106114771,82.59664526542582,82.2926134996466,80.75904840470069,74.58160217516286,72.28382904239344,71.03885930033002,66.44046997043196,61.86403059884957,60.10485404961002,58.66373171173811,57.712569390435014,56.77497783918071,55.65304283540055,54.34283120845136,52.862953782754715,51.26499458756184,49.704442347843276,48.34476103641242,47.42067375149971,47.51020099461816,49.334890432922016
944,0.206609298126406,10.0,0.0,0.0,0.0,0.0,0.0,0.0,0.0,0.0,0.0,0.0,0.0,1.3506705700876884,7.52419575413512,12.510498079237804,20.61583658583152,32.677651755073924,47.097277686599,61.987743971699985,80.93131462084489,87.10687352651829,85.78704125266016,84.02054630220695,82.96635968795549,81.49350930918253,75.7455907782253,72.6333733580963,69.37883053409311,66.71703665110722,61.114989616510975,63.234431274527985,61.49202441642277,61.01968285683778,59.67355736382204,57.07011716422406,54.195497198070065,51.883787240775845,50.63357249173767,50.11925512251873,49.86492946378844,49.45079544711379,48.608034868994416,47.12678132954137
945,0.2127277951931477,100.0,0.0,0.0,0.0,0.0,0.0,0.0,0.0,0.0,0.0,0.0,0.0,1.259651870297862,7.474241944071136,12.671618191222136,20.548217123925607,32.711728166069534,47.60583100208055,61.902143600298515,81.68175196229176,87.60341165302961,86.15599471144088,84.17681092779173,84.01808250750483,82.1217875585115,75.42990822175734,73.77925140996496,73.11897290241764,67.92212932935404,61.45095903075516,59.0907310088782,59.145438061105196,59.53752948423545,59.14358674692718,57.942901843089665,56.22561919590132,54.45055911207668,52.97803268687172,51.77159046533123,50.711706659237926,49.742266320302676,49.021035699024985,48.750622586632595
946,0.11480432309786129,10.0,0.0,0.0,0.0,0.0,0.0,0.0,0.0,0.0,0.0,0.0,0.0,1.277560069176301,7.650846473206574,12.905622281908045,20.72054190979483,34.25575602963621,49.09963832109528,63.08310089580312,83.19561483314713,88.36058822879494,87.41663712438812,85.85322384514924,85.20060491699464,83.59377848482345,76.95439287066202,75.19904190329949,73.3432843483069,70.49668695128146,63.95027584019425,65.35716621707263,61.741372851563895,60.868778348502154,60.379027116474624,59.069987819862305,57.273033179029035,55.461364397806214,53.986493208033274,52.74462523522676,51.540259227268535,50.359169098887776,49.83388921709163,50.751512420683845
947,0.26672349910732196,30.0,0.0,0.0,0.0,0.0,0.0,0.0,0.0,0.0,0.0,0.0,0.0,1.2943867451645905,7.71327580053387,13.039679608250244,20.96321529628324,33.65287146678385,48.793783223587724,63.51494030175136,82.90903224290679,89.8889000214127,88.74680014072939,86.53372987107859,85.43462615632895,84.60205098365446,78.27833432816848,76.5566306898896,74.70329806389819,69.74075096914355,62.47399074294795,62.534260773215955,63.354172278939856,61.87900630807526,60.0389464874325,58.235487790350874,56.33248557384384,54.387362469488075,52.5246222868538,50.9749084711152,49.973309403711845,49.57508496472137,49.168672366415905,48.002805162140746
948,0.35538494212011257,0.03,0.0,0.0,0.0,0.0,0.0,0.0,0.0,0.0,0.0,0.0,0.0,2.0976021523971378,7.9805502828077675,12.406420581774958,20.9022168812445,34.10781344718927,48.40480327436609,62.712033000095886,82.24027453999058,87.77571580837451,87.73995277035937,84.58664135877939,84.43933282700051,82.88977774199081,76.70764578882047,74.62878805549278,71.90658203060723,70.0814306598522,62.30471772431679,69.4546940151812,59.931323742661526,58.99842661239535,60.32098336113394,59.9457101053189,57.93788555098387,55.22795335710788,52.74323906577177,50.92973510954225,50.10084649991521,50.32253911824621,50.64368586419768,49.846979675317485
949,0.2937906939637848,100.0,0.0,0.0,0.0,0.0,0.0,0.0,0.0,0.0,0.0,0.0,0.0,1.2842977982913815,7.6986578513372175,13.083533162706317,21.086302223851494,33.483249893105416,49.23289007343483,63.284013088486866,83.42073433000702,88.80928381874931,87.50218817954591,85.84897979862684,85.27268838516558,82.3684321500358,77.05361722313313,73.26090905214063,71.59721113441468,69.42843257350731,65.7904397365789,64.03780662537103,62.3495681839346,60.61299134024811,59.33720187183221,58.107293906107664,56.49463737407668,54.7748547529448,53.278743412845536,52.00659353987764,50.88690969577096,49.953042923493655,49.62735308720033,50.43518226947283
950,0.2181064224298003,30.0,0.0,0.0,0.0,0.0,0.0,0.0,0.0,0.0,0.0,0.0,0.0,1.2692083455025915,7.352956599951071,12.263045531307444,19.67766631911346,31.887991147751322,46.21814252115359,59.460004338681074,77.67847940567034,83.30896978752885,82.23305809444996,80.63714334996897,79.99092383108875,78.92129392795027,72.52144741691195,71.64480768886321,72.2814690842113,66.71684602787568,62.34193360778028,63.20789551205749,59.56748775405181,58.36648347477171,57.10135642429768,55.229375394896735,53.47086959654509,51.83088354237695,50.23025759671487,48.87085039807667,48.000446931751746,47.70126997735497,47.445978463610494,46.57210841146692
951,0.25768189191834645,3.0,0.0,0.0,0.0,0.0,0.0,0.0,0.0,0.0,0.0,0.0,0.0,1.4174303493252884,7.895312136464435,12.943372403399692,20.71384387271439,33.72463598460511,48.26473914990792,62.618739956846696,83.82999869783396,88.87583671006844,88.96948730064301,86.00664993602648,85.88249316270596,84.28459352338851,77.02051480995019,75.53092959678015,70.10990671856553,68.5100033008435,63.24577985207162,64.20231518473312,61.13046975079095,62.37249572034701,61.68888537677345,59.2931156186014,57.73213113785493,56.347654730293186,54.22389880485839,52.03869130010592,50.731833512881124,50.75253069695376,50.92192032801821,49.66801432317699
952,0.14707537874565763,100.0,0.0,0.0,0.0,0.0,0.0,0.0,0.0,0.0,0.0,0.0,0.0,1.2680045122157328,7.5393289107306805,12.747426148058421,20.495907428215176,32.67212268310875,47.726898007797196,61.93525315213335,81.4037042130192,86.81742607490182,85.97361961432424,84.28935900247066,83.65334478342017,81.49616414415232,75.49021715198239,72.5219911645099,69.068695204542,65.96901579689862,64.31299031278508,63.7355991099647,60.783029349669846,58.09684692094684,56.78730737650702,56.05617771301583,55.06871155253398,53.727814423944075,52.14415661536656,50.5308990952696,49.103786115495595,48.1112049765892,48.012480405735026,49.35698470135345
953,0.26618621153991656,10.0,0.0,0.0,0.0,0.0,0.0,0.0,0.0,0.0,0.0,0.0,0.0,1.3407147526398215,7.362225713705545,12.008053386719366,19.291962043554225,31.473866674601073,45.72081042483301,59.49638525758729,78.24146644712657,83.035734781414,82.33392135388675,80.54594745431174,79.3608000977589,77.92406527208854,71.93572130805939,70.34924979017435,64.77836370988082,62.12930672595393,57.1465193603951,59.57889794290015,57.88915746797782,57.22410540391889,56.59288971124287,55.198175844251395,53.25292232858247,51.24710098412625,49.560283914030684,48.07638631571434,46.58486371187977,45.123417994305804,44.60050598477356,46.14705026420674
954,0.19167280687154215,300.0,0.0,0.0,0.0,0.0,0.0,0.0,0.0,0.0,0.0,0.0,0.0,1.2296002408650135,7.720166004748729,13.39939304778205,21.695926896750656,34.32927620172244,49.743768973048184,64.10793711163404,85.14994842799699,91.1257924061723,90.21075207177732,87.6855150076664,86.87650283311706,85.52208686755615,79.09424321995634,76.51742975243556,74.16852206397057,70.26964752010763,66.00521006426492,63.335705602998324,62.35506719466408,61.4868103294355,60.03461703607718,58.34332509162662,56.81431425665947,55.44292860304294,54.14793968789926,52.904824721828284,51.70269574678797,50.577095032975535,49.741273275589485,49.44182669894889
955,0.20049682732582133,30.0,0.0,0.0,0.0,0.0,0.0,0.0,0.0,0.0,0.0,0.0,0.0,1.2606504494978865,7.205595513748023,11.970666476564189,19.23885082382819,30.8986760466506,44.79698947198655,58.617833874487644,76.36997074902038,81.75441303652887,80.85990185496193,79.26451396048331,78.34545677722015,77.38322206524676,70.73211461948316,69.44337683587737,65.32411469524672,62.3097205909387,59.03336290460579,57.273990059756564,57.34601854297536,55.556202917967894,54.348747008935035,53.61684064335434,52.45860425574968,51.12757845636318,50.005564036494796,48.987531920323406,47.865934633526884,46.49943673136714,44.948886262305564,43.31601421085142
956,0.2804200591244429,1.0,0.0,0.0,0.0,0.0,0.0,0.0,0.0,0.0,0.0,0.0,0.0,1.7951476657293852,7.773497368357511,11.900900214400625,20.53959841974108,32.02493255654619,46.63907516331604,60.41877925585046,78.89493259451042,84.98759641534222,83.1073420756302,81.75295594738597,80.99347226789328,80.27775744496418,73.32973309981088,70.76649179821655,66.54389622799103,63.82073175419629,60.30134585810066,60.595307562268644,58.3779386793773,58.95627224543833,56.61672959282565,53.22552138993491,51.99337645510898,51.37981789264856,49.576032080831446,47.48646556795018,46.50591275640184,47.33144433313606,48.2548102195859,46.878089350351615
957,0.19708011951525045,30.0,0.0,0.0,0.0,0.0,0.0,0.0,0.0,0.0,0.0,0.0,0.0,1.2436754755200659,7.185539222678254,12.142553374114495,20.09055845132975,31.999142417301616,46.01662171291259,59.72845669843208,78.68963515935602,84.42617484962979,82.51831890435955,81.15674977500105,80.70268541878403,78.76179609162875,73.13883258355231,69.47820087128774,66.21246720853674,63.50224456745335,59.83015669336514,59.32954766338881,57.520073404979094,56.00949726649348,54.551110442671195,53.23794989213985,52.33753053499411,51.460829381699114,50.20828778302615,48.680522723334086,47.08457876895972,45.77490759529361,45.748483989316625,48.252770583530626
958,0.30340180398041083,3.0,0.0,0.0,0.0,0.0,0.0,0.0,0.0,0.0,0.0,0.0,0.0,1.3438025546340866,7.584310996581048,12.587771460067527,20.288716555414442,32.03623489999455,47.586191331758315,61.773749415074136,80.48593364579392,86.75970539054097,86.0765408728429,83.46075689946063,83.03150653942181,80.87510618998573,74.44331675100682,73.30821948482006,70.47615846099035,68.05600751378364,61.896990896590836,61.84254509647984,57.31699884455861,61.42712618226515,60.16334245766321,55.428909934967685,53.58985379103353,53.27003903843575,52.20527185339897,50.53886926841008,48.95861345316942,47.98033544900974,47.707288370547104,48.17006253672951
959,0.23923860798491675,10.0,0.0,0.0,0.0,0.0,0.0,0.0,0.0,0.0,0.0,0.0,0.0,1.2487559549888583,7.454210705538459,12.482382542636216,19.796027187018627,33.030194005059954,47.44467339278547,61.23331526245343,80.80632432560736,86.45669671237788,85.9727242576791,84.11230705062131,82.37407719235411,81.65208121929186,75.68243065755338,73.02665512760254,68.52325821808056,65.6783948435611,60.782343230268104,63.387549293033246,61.31816843866554,59.528495966438115,57.72593343043523,56.006154737569524,54.99151755998609,54.12699989890481,52.812993612642494,51.25146051807337,49.80878979706184,48.79041836301618,48.394758705158395,48.809477234200905
960,0.38514995245157274,3.0,0.0,0.0,0.0,0.0,0.0,0.0,0.0,0.0,0.0,0.0,0.0,0.8717644896595697,8.00074810402062,15.05515236941044,20.83515533167994,36.613981540653405,51.97004619872904,67.05372776392751,87.85175605211282,95.2995567733893,93.38533176069619,91.9152219201901,91.39171951550313,89.08033675508187,82.33313941268761,79.77755792403363,76.16526508447379,75.16096584965186,66.71896541697832,67.93797424693314,68.09726583545932,62.21225588732685,59.26768219545475,58.613558853454066,57.70176989180237,56.63891748173578,55.96382779364081,55.513340326548494,54.96497081949438,54.08510242845342,52.954819265933025,51.725808091546526
961,0.24434984238895233,10.0,0.0,0.0,0.0,0.0,0.0,0.0,0.0,0.0,0.0,0.0,0.0,1.1522137964180337,7.005029519096895,11.835235608607316,18.75516682881337,30.863085879600785,44.44301287541945,57.91418465830804,75.95728004408149,81.37302698247719,80.56756031892942,78.64522588212253,78.63073212733454,77.2574189421849,71.11708431667988,68.71005093573804,66.47626167252218,62.54732065210034,59.75334138897468,59.30428409922947,55.863951315889096,53.92235747840649,53.97933386904068,54.0702616899431,52.61241157715563,50.37121582954208,48.39629119142381,46.89729490092213,45.89398727945114,45.43214253556051,45.641226290466456,46.69686302885153
962,0.3286061540490924,3.0,0.0,0.0,0.0,0.0,0.0,0.0,0.0,0.0,0.0,0.0,0.0,1.402229067581705,7.736865669547222,12.74140634594299,20.811374654291445,33.56752031629183,47.84040051739712,62.19421458493135,81.27775327321086,87.62640368730601,86.55802603629277,85.29159826295026,84.56412840929796,83.36979252725733,76.45375556173741,73.39923748721466,69.72055107675513,64.3092791722828,59.96388504066211,60.8370219232039,59.01645950664192,60.20308399979622,59.4945586927151,56.948128020572334,54.55451963606411,52.51509102445703,50.71688021352193,49.36950728207918,48.74149826931304,48.87011796897036,48.86275274057368,47.60628077211529
963,0.1425852123895202,30.0,0.0,0.0,0.0,0.0,0.0,0.0,0.0,0.0,0.0,0.0,0.0,1.482874118882472,7.713873350140279,12.392817157079332,20.30436735493204,33.09373353746085,47.139928704385724,61.48775597944448,80.84922197694507,87.68197316290625,85.920071954001,83.9293217497169,83.27213091816311,81.71622421319431,75.22122222610665,73.42919326505155,71.6831107231375,67.60997815228994,62.00920545660479,60.860105412297315,58.99658443001182,58.05885300151856,56.79820264531953,55.1330033464017,53.552499743673465,52.215413787078504,51.16870251296068,50.3471411718237,49.66428477077313,49.04878395113649,48.471351461611256,47.91328865684623
964,0.2381788985778144,30.0,0.0,0.0,0.0,0.0,0.0,0.0,0.0,0.0,0.0,0.0,0.0,1.2663413226061297,6.8488904750066935,11.187102193361872,18.34652199396991,29.940044756388012,42.866974867886825,55.64345440026461,72.67134117690514,78.01127241663858,77.14976050792258,75.2487581444903,74.6361347172915,73.54774782461385,67.11291164566906,66.55722709559414,64.54971291221489,58.947069781317,54.283002846438805,54.110265580051085,53.92726168524344,52.51066177061826,52.08977623397844,51.99424926755278,51.04041599270511,49.49115998289372,47.85381317231442,46.26682126891693,44.7752759413631,43.5133579884114,42.976889778316384,43.75605762091958
965,0.26074571970711097,0.3,0.0,0.0,0.0,0.0,0.0,0.0,0.0,0.0,0.0,0.0,0.0,2.796508693745039,8.20592968723019,11.502135384687353,22.872501128590443,32.88257274602957,49.384587435433524,63.04501800909622,82.68860065753955,88.50844641616719,87.38965172490524,85.56282484943362,84.94325797121137,82.98505059862566,77.01764727212255,74.80159727173593,70.48264048717162,70.62025525082869,59.995660148055656,65.56776579688771,60.220810374565175,60.34285462589627,60.43392600836414,58.817795767164625,57.0330758361236,55.03081272803671,52.62378952424578,50.4098623762475,49.07586246849525,48.89961360608988,48.76712379584508,47.25393158351818
966,0.1902272993900954,3.0,0.0,0.0,0.0,0.0,0.0,0.0,0.0,0.0,0.0,0.0,0.0,1.2794697874004166,7.449586862966327,12.53175202109733,20.39037572268684,32.94614923223715,47.32772948172112,60.539175051989034,80.47655820624902,85.3835034629157,85.27597296744433,82.7545029598764,82.79435118685507,80.97858265154997,74.11821985854124,72.70057111407611,71.04278174735377,66.1309102810564,62.712657123865654,59.2561196652494,60.83870274436519,57.67269206521399,56.659189966773106,56.83215718807992,55.04454410604885,52.66143576915718,51.40406071723107,50.82176752254044,50.02129878748549,48.598403971439964,47.86203839494347,49.5003245531804
967,0.19301954212975914,1.0,0.0,0.0,0.0,0.0,0.0,0.0,0.0,0.0,0.0,0.0,0.0,1.4180773233624364,7.458382871519018,12.201801564310196,20.36768135007275,31.893790296078866,46.83711877601195,60.392253061197856,79.80734647426274,84.55457111605668,84.12236457414416,81.93508258570967,81.67750094874815,80.35028203607065,73.19539166097937,71.04017168597684,68.28920161188239,65.43891729473887,60.331759721086286,61.07233284965342,55.413521653263835,57.245085680784854,56.806615779984675,53.998785685969125,52.39723403487273,51.41174133160959,49.94518761925946,48.30841776354267,47.09329403590009,46.646733605065045,46.55676426594745,46.241110655584
968,0.19504988926421093,10.0,0.0,0.0,0.0,0.0,0.0,0.0,0.0,0.0,0.0,0.0,0.0,1.500676544171093,8.00119541808685,12.94184259359859,21.116308370910904,35.012437568171684,49.88784358564527,64.54545157126415,84.95746210044857,91.73251118548055,89.91238801228106,87.63079742500965,86.98222348252573,85.95615636051525,78.66841002339791,77.304971636673,74.24707362482253,71.49494297765948,65.01066112739646,65.92947921215193,63.0841386886128,60.52134014678671,58.73000957403625,57.18117290584703,55.79876705143284,54.81679524204871,54.365867505646044,53.920481363102326,52.814596859928805,50.87333890758181,49.60933514363135,50.83713631368886
969,0.21792728425070948,30.0,0.0,0.0,0.0,0.0,0.0,0.0,0.0,0.0,0.0,0.0,0.0,1.4849718979487467,7.676830360400742,12.32508523362318,20.312896332579506,33.21633565464515,47.22766575922702,61.91112337869329,80.83811922475722,86.92072144591279,86.23083310855633,83.79642121413309,83.68633031535585,81.9852933285573,75.141807032674,75.14816253242782,75.87427579487122,67.67175285857604,60.930409665128124,62.99687134321108,61.69099958035102,60.42774219905464,57.99096976105784,55.18783597344594,53.41235164161512,52.35366637776645,51.46894197219786,50.626765372024686,49.7944837982722,48.943382305826084,48.0557590637566,47.11730266997057
970,0.17908111408246616,10.0,0.0,0.0,0.0,0.0,0.0,0.0,0.0,0.0,0.0,0.0,0.0,1.2707389321416693,7.903102409106883,13.40275248100071,21.011152215891798,34.89239078914548,49.66830898972047,64.51152726236434,84.59874164513336,91.45463715845912,89.94793571219525,88.05306950428222,86.81666913962219,85.55166205882968,79.11440322690973,77.3584750404602,71.78996486085508,67.43522860066665,63.814913923310954,65.37696696849378,63.71213202436395,61.275064733287685,58.85826208061301,57.05840163519313,56.36136073033372,55.78597514435377,54.37003250688763,52.486902979048914,50.78081347584214,49.82205291410914,50.166124459858665,52.46588652030479
971,0.21022149920809982,30.0,0.0,0.0,0.0,0.0,0.0,0.0,0.0,0.0,0.0,0.0,0.0,1.3290186615506079,7.4253037582012915,12.232997306328887,19.81366978154986,32.31106912641873,46.293134725260146,59.723169437182236,78.66490508792566,83.48965399818559,82.74062167134286,80.94495366950524,80.34412404780743,79.22720854817251,72.48456631096893,70.78779489970852,70.89132261747447,65.56049818639818,58.793322672047715,60.017907020192155,58.280205624491096,55.73085759874921,54.679818759090566,53.960200462961105,52.35124755570288,50.37724012354352,48.739885134925736,47.44578608781146,46.355097829075824,45.44464802056587,45.0991524230248,45.808482451094
972,0.37428608275675673,0.3,0.0,0.0,0.0,0.0,0.0,0.0,0.0,0.0,0.0,0.0,0.0,1.7947152191248599,8.530710993407922,13.35159239619055,22.389082670608346,35.77901462437169,52.032032699235046,66.91748327772913,88.50432278916445,95.48649892152407,93.47795307771428,92.57362040456195,91.09121111844566,89.45547265461272,82.14645385554064,79.6654017304466,75.91809658573479,76.96287866329665,64.0995119439217,70.04375374499686,64.51081006803034,66.26843542402614,65.21343239364391,61.023475331534264,58.03744171677088,56.35913257801567,55.33491626857543,54.633329441410034,54.00790208847472,53.29214496808234,52.595159346758855,52.08638489784354
973,0.37458407091720414,10.0,0.0,0.0,0.0,0.0,0.0,0.0,0.0,0.0,0.0,0.0,0.0,1.3564702054108997,7.026803906278705,11.260788476538709,18.424023184558777,30.151310880450648,43.026979064593476,56.22714367907782,73.98641109843214,79.01220403801648,78.13277261302028,76.6211714826431,75.33100113167104,74.37209219687952,68.06342587255344,66.65166697769406,64.21761373569544,60.25995858707629,54.73982217064259,53.211339985314964,51.17974793264272,51.786150887484936,50.745185655963745,48.66652781213539,47.483505337118736,46.8972592190402,46.258615366070316,45.41328294198725,44.33101318623846,43.1898564216262,42.947544446636044,44.78550688060939
974,0.2015841301001668,30.0,0.0,0.0,0.0,0.0,0.0,0.0,0.0,0.0,0.0,0.0,0.0,1.4751300784288826,7.883738959408721,12.783663835746388,20.83975726669314,33.98472060230016,48.48552743016606,62.538860112547425,82.36731075210645,88.51241344708565,87.26388077814161,85.0293980674674,84.52383703173528,83.20342999523395,76.2568861226951,73.24143520451935,68.51402590695353,65.54569721256736,62.85845698458811,61.78377137161419,61.72915473014108,60.379089763352304,58.444679521284414,56.59162918798264,55.067940177499764,53.57728775671639,51.83726314347753,50.01879425791602,48.37285885508017,47.25966612249275,47.58180534408868,50.51152564662114
975,0.1685068323024482,100.0,0.0,0.0,0.0,0.0,0.0,0.0,0.0,0.0,0.0,0.0,0.0,1.4285213433505617,7.8868786475565456,12.951779958188677,20.94653179312987,33.56459720628019,48.57091499757197,62.70778084904241,82.50683070030546,88.40851649715013,87.20205265351915,85.03085584044811,85.17422222294684,83.57405635942975,77.0353730706034,73.7083104428475,70.29020706220541,67.18793457377801,64.2453479232959,62.06122792579618,60.852004213085124,60.38797102896954,59.68831667761825,58.49072783197927,56.845364286119604,55.046886130461154,53.38236848288794,51.96987027335672,50.88233511100515,50.11859185575789,49.40217051987511,48.40507436013439
976,0.25820957396068794,30.0,0.0,0.0,0.0,0.0,0.0,0.0,0.0,0.0,0.0,0.0,0.0,1.2519991870692149,7.056142680732796,11.629237918202932,18.67333924366142,30.39173414794237,43.8153139988882,57.068984857384756,74.64178572558956,79.86717918374953,78.76770672045633,76.67809034557209,75.91964913258316,74.95037673495806,68.90117078200423,68.82463279616204,67.31946479030846,61.449798195556305,56.69227915621226,55.62897773184795,56.789139174492725,55.57006398277632,53.9968397986936,52.55583224247845,50.94111965148914,49.25959861681636,47.67431314791415,46.24021689357037,44.98388820251527,43.95050705190197,43.26709963243974,43.07899809912287
977,0.17079457838569193,30.0,0.0,0.0,0.0,0.0,0.0,0.0,0.0,0.0,0.0,0.0,0.0,1.352411563036676,7.647160540132855,12.654335792076917,20.49266084505645,33.565827053407006,48.08683690727557,61.79655101289574,81.74805726244904,88.38332257799294,86.38675559076161,85.56981555740191,83.99713008569138,82.60913296395535,76.01010010396251,73.31842847083159,71.24622761483204,67.8782166534543,61.13224103127121,62.12455699447113,62.48409903912656,60.623580710386015,58.74122446026385,57.26598579389048,56.07599796095866,54.76445824752273,53.03035996053707,51.15451499434675,49.51582813711791,48.44138455737346,48.2179079418385,49.155551682691
978,0.1456269609873565,100.0,0.0,0.0,0.0,0.0,0.0,0.0,0.0,0.0,0.0,0.0,0.0,1.3236275146362235,7.502092996172919,12.413693067651964,19.955558395957166,32.3268125378166,47.39032173460387,61.02107768723931,79.72426907466777,85.19913663966182,84.25578269604206,82.14417102311774,81.57570390963711,80.48902403198639,73.95324864520639,71.69333217688974,70.39817365707555,65.94280758222612,62.11092926540441,61.467802698655596,60.555134136820016,60.080089361643836,58.90521283502661,57.01550110066283,54.88088409078801,52.82974478925942,51.071570709733784,49.5886851440842,48.317563833294855,47.29996491364859,46.964782913367685,47.8477267464556
979,0.2325648212102188,0.3,0.0,0.0,0.0,0.0,0.0,0.0,0.0,0.0,0.0,0.0,0.0,0.8243500212497707,7.366362204421573,13.68194589733624,18.813664560395885,34.05645850193342,47.04178843717081,62.03029623395995,81.04403690306668,86.8569218166503,86.06245924569112,83.66187125333856,83.48545986744577,81.78205611352615,75.72899153451071,73.15162213481919,73.93349837276982,69.58416434073594,62.08345499416795,65.95048896845496,60.22335427480075,58.61198132631163,57.966871695996325,56.79923561687421,55.643277976201034,54.14228781673346,52.01740813490139,49.96289560299194,48.799853620282356,48.9077346909331,49.15645160742973,48.04139816036009
980,0.35805066474978187,0.1,0.0,0.0,0.0,0.0,0.0,0.0,0.0,0.0,0.0,0.0,0.0,1.2260898201519503,7.227188127255754,12.135523854354954,19.186595913130912,31.81710715091632,44.781620984099355,58.217537349465786,76.92918211913648,82.5712553803495,82.54582595487732,79.25105352155113,79.56232042555818,77.10156504031067,70.99198303829986,68.65529560448002,67.43021682606353,66.27702130615305,60.77056724784077,57.98839270754231,57.312102886751354,56.3532178906103,55.91686739920462,55.443341370628005,54.1147181850618,52.254821070223215,50.38504507926925,48.809625933532296,47.75940802812154,47.28734280728328,46.79612855083134,45.55791192825665
981,0.13712398822535551,30.0,0.0,0.0,0.0,0.0,0.0,0.0,0.0,0.0,0.0,0.0,0.0,1.3109439077160052,7.462719707404056,12.441854870042063,20.33118127130614,32.94116573458146,46.9156738132314,61.100407299837514,80.86433754857791,86.95598878700469,85.05679642082548,83.02743217037617,82.59643081242899,81.65077201942098,75.07835786071925,73.60769501832131,69.94112029966627,65.92911357525479,61.97668089651721,60.62228085645652,60.43542586749284,59.485115504787096,57.887197471703836,56.09365827275098,54.413054926142784,52.87055910995222,51.447632561141006,50.206063666046234,49.22098639931759,48.52544512882537,48.00455825374805,47.513493487688336
982,0.15911740329429222,30.0,0.0,0.0,0.0,0.0,0.0,0.0,0.0,0.0,0.0,0.0,0.0,1.400075577630684,7.806072032662172,12.834670427223086,20.646254423034186,33.31529818118183,48.47548231259914,62.32285208724389,82.33755680551533,87.54531766572241,87.08877364521493,85.31314810980389,84.00106125351846,83.19794078747101,76.1798914452968,73.7983721087699,71.0997431155954,68.34377214278658,62.88909130033165,63.992629205328555,63.100332094069756,59.75203539594403,58.76451847563059,58.600136471364394,56.90854376197439,54.51157825527671,52.61269226783009,51.29561490408674,50.409323028514486,49.90151973305079,50.0438097041054,51.21084668698331
983,0.12787847993685914,30.0,0.0,0.0,0.0,0.0,0.0,0.0,0.0,0.0,0.0,0.0,0.0,1.3579353885651488,7.721638053002742,12.85928902603077,20.90129155916972,33.55710374283108,48.699890729868756,63.43575765271355,82.75430682644352,88.91854418841768,87.3695077569083,85.46392751061977,84.8262999727484,82.8937522538133,76.78435471524702,74.34135385919512,73.96772341817505,70.14075647560364,64.57926674340929,63.20881501571524,62.24540867878617,60.9591846994941,59.58658109064843,58.03671959750106,56.26453462495116,54.56004380140435,53.183940876353766,52.07605103211284,51.11059004128268,50.150026287547625,48.98254666181513,47.39734283451291
984,0.1257099931976642,10.0,0.0,0.0,0.0,0.0,0.0,0.0,0.0,0.0,0.0,0.0,0.0,1.1233051648985484,7.267416685287064,12.550000095896701,19.687255034945114,32.32277692480593,46.609461384601794,60.330057527814716,79.17312702261817,85.0785465696394,83.76500548356829,82.22855542899661,81.60992314736926,79.93726825457767,73.73846888480122,71.61680846052944,68.3503212613774,68.19161936565543,60.392167975537184,61.892523852812346,60.88222587259897,58.934464824353746,56.159506519376485,53.686237230696435,52.664522345802176,52.081018909747776,50.8457936513451,49.337808514917,48.23822991218131,47.963102021502785,48.093107163620104,48.01259296665018
985,0.17833044660257805,30.0,0.0,0.0,0.0,0.0,0.0,0.0,0.0,0.0,0.0,0.0,0.0,1.203077578414499,7.026745544061076,11.846554158123142,19.33790086420539,31.280253008512762,45.565444408224735,58.4605299746259,76.86003528601347,82.00845456926307,80.70595039855709,79.02658510544109,78.88488448061479,77.25028113787258,70.73943214103939,69.37973064078321,66.49032005393053,62.145112051287484,58.52631659222922,58.62963841402443,57.82521122188456,55.73949421990023,54.2513734576065,53.074657827863646,51.605804774144765,50.117940371298,48.9616956376078,48.0946322291302,47.391282648339654,46.788667645312415,46.440179159913754,46.55047501888161
986,0.37913635832021575,1.0,0.0,0.0,0.0,0.0,0.0,0.0,0.0,0.0,0.0,0.0,0.0,1.1282189047166225,7.055589655116158,11.975385715039199,18.523095263732245,30.297563838597945,44.05915422553476,56.70158661278843,73.88952331783977,80.11579218619102,78.96930729428449,77.6421707303956,76.66163478050031,75.4364343335969,69.51481315719131,69.18705065390793,67.53109841693878,63.52144463041403,57.48123529058228,57.42107454075816,55.20504842394365,55.60793691329993,52.54688152786202,49.03449187609785,49.02244402567391,49.90081648519148,48.55070780726311,46.07288335865522,44.43213651865735,44.70625148296007,45.41518702288224,44.41370474665157
987,0.3093512238288036,3.0,0.0,0.0,0.0,0.0,0.0,0.0,0.0,0.0,0.0,0.0,0.0,1.0703463485647242,7.425199791938229,12.986518147799046,19.798581268255006,33.736442674781536,47.790111291166056,61.72457366939804,81.06530958106443,88.52047683703645,87.05733437750145,85.07714954410639,83.7249522941683,82.55072021855322,75.8760341208325,75.24087118346459,71.31095609257402,68.1158407123481,63.33592705833126,66.42807074945505,63.74766522425967,58.34159113836382,57.23045721205041,57.8954845766994,56.865139775852526,54.959781382999715,53.57657362736167,52.48915865146228,51.13089381587357,49.36054448040747,48.4815701952362,50.10739416660443
988,0.22131988434607622,100.0,0.0,0.0,0.0,0.0,0.0,0.0,0.0,0.0,0.0,0.0,0.0,1.2946882126685295,7.571262841494362,12.698938357276585,20.373435759733905,32.59419752246575,47.69271974876401,61.37723520485065,81.38316194371882,86.50302722721767,85.88978851601182,83.72870211260492,82.72391711640331,81.20796343090878,74.94562373978468,74.18929648016291,71.04251940387164,65.90061366380402,61.18068422818051,59.236526416269285,58.317668548765766,57.93683499286604,56.5156347192648,54.57211692966372,53.00992977227406,51.881347680788686,51.05935951151475,50.449767772397436,49.9700409268228,49.50497129689534,48.79934898658569,47.579427265144076
989,0.18686569758059765,30.0,0.0,0.0,0.0,0.0,0.0,0.0,0.0,0.0,0.0,0.0,0.0,1.313554690145302,7.737382590111865,12.982169665364452,20.86559848643269,34.222853445934824,49.46124155965052,64.01678640987774,83.69294642765274,90.77730028151811,88.50468639582685,87.15615240563086,86.39733953108782,84.78422808653995,78.02186081039765,76.07349129502504,75.19313893157998,70.60527264047485,63.16333156075442,64.42047150164765,61.92664603723506,60.1762171095423,58.69435498201505,57.028321430518254,55.42631716136085,53.95002567880872,52.59258769469394,51.26030580663366,49.846957260282835,48.46734661309943,48.04883165421321,49.73774277606218
990,0.265842498376845,3.0,0.0,0.0,0.0,0.0,0.0,0.0,0.0,0.0,0.0,0.0,0.0,0.9811223092253634,6.992463336355912,12.284923984751648,18.36824703742854,31.159765293647112,44.71093006380666,57.392915720952125,75.8424212776845,81.33612419662383,79.44256675879421,77.54411920647095,77.3315335853721,76.0622100765784,69.82394363084724,68.89279679084808,66.55057348941503,61.81088149622991,58.43709292698468,61.078475663926376,55.37407915180516,54.25463789657336,53.9024508278742,53.027093032636216,52.304722893347666,51.27122040615451,49.47032374528613,47.421173142901615,45.79440085340625,44.9813585719095,44.5925815295006,44.080370774870474
991,0.12442038815487308,10.0,0.0,0.0,0.0,0.0,0.0,0.0,0.0,0.0,0.0,0.0,0.0,1.2428899198372891,7.434060747391118,12.596546277064371,20.366947810388876,33.13381535827901,47.862800354690584,61.784536008937984,81.10535978965535,86.57180107334567,86.37439231579152,83.85084118686959,83.33429848162635,81.91083336675955,75.29786084084921,72.17330019028363,70.31309226026674,65.92399549297036,61.187117646845145,61.13004166989775,60.526045115592524,59.097822315797636,57.49941323488619,55.8897513321261,54.38242837763423,53.139926346260935,52.21707528358496,51.23979189918749,49.75883312052365,47.81672100662408,47.139739957273285,49.8722362061213
992,0.2769988673198808,10.0,0.0,0.0,0.0,0.0,0.0,0.0,0.0,0.0,0.0,0.0,0.0,1.4672796053459118,8.007410374893691,13.157162648535445,21.54294316436428,34.45332093471631,49.89306534094203,64.89945105980759,85.18356489305464,91.63696680377177,89.4247082759598,88.1607670643541,86.72482216546594,85.61500130001654,78.19210022867888,76.98163435143225,73.8655129828681,71.94104876158623,66.97851276089449,63.43255894804201,60.56568937807698,61.45675904555605,59.909692347843055,56.89131806404084,55.095235160138614,54.36897237473719,54.04048893334541,53.66544730730884,52.86011099883957,51.44658466815553,49.96676776112902,49.07853639313139
993,0.2749980661474047,0.1,0.0,0.0,0.0,0.0,0.0,0.0,0.0,0.0,0.0,0.0,0.0,1.345248519541234,7.35448015111953,12.265502132097383,20.473700123036263,32.4009767929498,46.27367026480705,60.3780306510848,79.57333342604672,84.43498970412126,83.59771499295839,81.41634180867112,80.41967294258264,79.85528317774421,73.22164033027074,70.88101782743276,66.84902685206804,67.55415338708944,59.347789665670106,63.329912465746716,58.66233689956653,56.575586241744794,56.06821172228107,55.51927369155798,54.689282703658016,53.21952295882081,50.98940554043828,48.75218600384035,47.34866913280379,47.167383884243286,47.13451522411381,45.84272151731547
994,0.29656277848061535,0.03,0.0,0.0,0.0,0.0,0.0,0.0,0.0,0.0,0.0,0.0,0.0,1.1405630278111003,7.119171055191193,13.48235233723531,18.311265928760847,33.74190415311194,45.71634757333018,59.24436372975875,78.8417966071131,84.16126834536637,83.25067141427506,81.87788484407616,80.41956971756512,79.2307438955305,73.22620383165558,72.66367957805082,69.82132882301164,67.61158637059394,61.30636764676331,60.019187309131,58.232445562619155,57.58380700227346,56.91065814569,55.38942580525659,53.05240748023685,51.122604488650474,50.520832856322286,50.42865564468672,49.64767535691553,47.550016096876725,45.48475357554164,45.06397201317778
995,0.18840864578512864,0.1,0.0,0.0,0.0,0.0,0.0,0.0,0.0,0.0,0.0,0.0,0.0,2.3270321289635,8.10305171845761,11.731567576795726,22.324828193514286,32.49501516116271,48.24430572471064,63.4534326235552,82.48138791302918,88.65068848856829,87.31549034131314,85.55385290639005,84.43329161521704,83.19285333191158,76.6299322851207,75.30822715238756,68.77580108882312,68.74912719725643,61.937734539241035,64.96890782888649,59.973398556596464,61.09484601048048,60.34227337636284,57.60750202012056,56.05200363569042,54.83837842072725,52.78625725406162,50.594853266174034,49.28381437203008,49.314993146940616,49.29632022780105,47.41300240016907
996,0.2710640829887733,1.0,0.0,0.0,0.0,0.0,0.0,0.0,0.0,0.0,0.0,0.0,0.0,1.7955475965945864,8.274051256430358,13.005462075104267,22.324181162702462,34.33792984468985,49.943929560123664,65.58197453434838,85.35261205624876,91.68400946199607,90.35730725736595,88.39571702447199,87.45270168260063,85.93852671213367,78.65879995674061,77.90117610181923,74.80061697173379,70.43254107430207,65.44622255611692,65.5448701745777,62.99233141104029,63.678958302033365,61.92015295722144,59.1879359781049,58.53183488164934,58.5065511883661,57.210508588394156,54.949804608814105,52.531512374115806,50.73101838423419,50.55320272582641,53.18146910328876
997,0.166506030532431,100.0,0.0,0.0,0.0,0.0,0.0,0.0,0.0,0.0,0.0,0.0,0.0,1.4262863295724186,8.054804433627254,13.350006846246988,21.63771868445594,35.0705264477626,51.22396172422146,66.30105898008333,87.5198115235861,93.0496223167931,91.84515677445269,89.81119830281895,89.4983663372287,87.36846266865062,80.49158231408093,77.23806071075467,74.69241162474474,70.47705042076706,66.7014023096046,65.5900859180961,64.61503818013368,63.25802228635413,61.47784076194259,59.58710236218353,57.922118252568914,56.56786247676463,55.51538658922654,54.6227180907565,53.724397333994226,52.70952689935322,51.64872626480295,50.64973876970012
998,0.29962495303570186,30.0,0.0,0.0,0.0,0.0,0.0,0.0,0.0,0.0,0.0,0.0,0.0,1.2094957788919536,7.068341915134016,11.878830026227359,19.237466933312046,31.16498019234441,45.33965419447413,57.60337418570265,75.68678919307357,81.53292181832991,80.93397182031546,79.32209690089296,78.13155136487347,76.92498234943879,70.95804717093678,68.11429468792144,64.76922016436161,62.06091992053849,57.61938609508726,55.912321969185996,53.99666488346452,54.62958023606909,54.69714399435843,53.60384438430537,51.962742288111436,50.09391284075681,48.24062426348199,46.68701696469656,45.700491501909376,45.31705266083386,44.715925073190895,42.91963423014513
999,0.27217984155504155,100.0,0.0,0.0,0.0,0.0,0.0,0.0,0.0,0.0,0.0,0.0,0.0,1.394773989178485,8.04567133939707,13.465947250298996,21.8704958530494,35.311167119326655,51.03773633758502,65.89012028925117,87.62515771603711,93.49883439345687,92.49918831364515,90.24282287439303,89.49443709619506,88.36381361443212,81.44633319075704,78.00755235857928,76.35404065705754,73.63961416117722,70.37921722048992,67.22541787638893,64.73161701433564,64.00611225976834,63.00625352643921,61.613558000185364,60.27691382216164,58.868122831784966,57.20557518017197,55.38675933295373,53.56246486185863,51.89095196347237,50.61191317070402,49.97017511060992
