representative_rank,distance_quantile,replica_id,distance_D,energy_MeV,sigma_mb
0,0.05,985,0.07523907676805729,5.0,0.0
0,0.05,985,0.07523907676805729,5.242070116861436,0.0
0,0.05,985,0.07523907676805729,5.484140233722871,0.0
0,0.05,985,0.07523907676805729,5.726210350584307,0.0
0,0.05,985,0.07523907676805729,5.968280467445743,0.0
0,0.05,985,0.07523907676805729,6.210350584307179,0.0
0,0.05,985,0.07523907676805729,6.452420701168615,0.0
0,0.05,985,0.07523907676805729,6.69449081803005,0.0
0,0.05,985,0.07523907676805729,6.936560934891486,0.0
0,0.05,985,0.07523907676805729,7.178631051752921,0.0
0,0.05,985,0.07523907676805729,7.420701168614357,0.0
0,0.05,985,0.07523907676805729,7.6627712854757934,0.0
0,0.05,985,0.07523907676805729,7.904841402337229,0.0
0,0.05,985,0.07523907676805729,8.146911519198664,0.0
0,0.05,985,0.07523907676805729,8.3889816360601,0.0
0,0.05,985,0.07523907676805729,8.631051752921536,0.0
0,0.05,985,0.07523907676805729,8.873121869782972,0.0
0,0.05,985,0.07523907676805729,9.115191986644408,0.09150501176404635
0,0.05,985,0.07523907676805729,9.357262103505843,0.18947076334859497
0,0.05,985,0.07523907676805729,9.599332220367279,0.31115607279940605
0,0.05,985,0.07523907676805729,9.841402337228715,0.45671234334240723
0,0.05,985,0.07523907676805729,10.083472454090149,0.6288342389338037
0,0.05,985,0.07523907676805729,10.325542570951587,0.8328405338671918
0,0.05,985,0.07523907676805729,10.567612687813021,1.0708984393246563
0,0.05,985,0.07523907676805729,10.809682804674457,1.3445514257000797
0,0.05,985,0.07523907676805729,11.051752921535893,1.6554229103636322
0,0.05,985,0.07523907676805729,11.293823038397328,2.0054297195455484
0,0.05,985,0.07523907676805729,11.535893155258766,2.396812403462813
0,0.05,985,0.07523907676805729,11.7779632721202,2.8326819726262142
0,0.05,985,0.07523907676805729,12.020033388981636,3.317511483748772
0,0.05,985,0.07523907676805729,12.262103505843072,3.856603290576241
0,0.05,985,0.07523907676805729,12.504173622704506,4.453278489057485
0,0.05,985,0.07523907676805729,12.746243739565944,5.110141734854916
0,0.05,985,0.07523907676805729,12.988313856427379,5.829525044339685
0,0.05,985,0.07523907676805729,13.230383973288815,6.61346030517358
0,0.05,985,0.07523907676805729,13.47245409015025,7.463657398353076
0,0.05,985,0.07523907676805729,13.714524207011687,8.381488707327213
0,0.05,985,0.07523907676805729,13.956594323873121,9.367980596417487
0,0.05,985,0.07523907676805729,14.198664440734557,10.423601078321301
0,0.05,985,0.07523907676805729,14.440734557595993,11.546767664156155
0,0.05,985,0.07523907676805729,14.68280467445743,12.734043480865353
0,0.05,985,0.07523907676805729,14.924874791318866,13.980510397469267
0,0.05,985,0.07523907676805729,15.1669449081803,15.279672290475062
0,0.05,985,0.07523907676805729,15.409015025041736,16.62338530099959
0,0.05,985,0.07523907676805729,15.651085141903172,18.001823931071613
0,0.05,985,0.07523907676805729,15.893155258764608,19.403489521701584
0,0.05,985,0.07523907676805729,16.135225375626042,20.815388274328615
0,0.05,985,0.07523907676805729,16.377295492487477,22.225347562689183
0,0.05,985,0.07523907676805729,16.619365609348915,23.622553648811277
0,0.05,985,0.07523907676805729,16.861435726210352,24.99620313940585
0,0.05,985,0.07523907676805729,17.103505843071787,26.335622146405665
0,0.05,985,0.07523907676805729,17.34557595993322,27.630437081385608
0,0.05,985,0.07523907676805729,17.587646076794655,28.870737113086033
0,0.05,985,0.07523907676805729,17.829716193656093,30.047224478956974
0,0.05,985,0.07523907676805729,18.07178631051753,31.151364518767632
0,0.05,985,0.07523907676805729,18.313856427378965,32.176736785796884
0,0.05,985,0.07523907676805729,18.5559265442404,33.12022624456385
0,0.05,985,0.07523907676805729,18.797996661101834,33.980313636482066
0,0.05,985,0.07523907676805729,19.040066777963272,34.75683038885214
0,0.05,985,0.07523907676805729,19.28213689482471,35.45088440520225
0,0.05,985,0.07523907676805729,19.524207011686144,36.0647663293151
0,0.05,985,0.07523907676805729,19.76627712854758,36.60184143180658
0,0.05,985,0.07523907676805729,20.008347245409013,37.06643216273854
0,0.05,985,0.07523907676805729,20.25041736227045,37.46308972441686
0,0.05,985,0.07523907676805729,20.49248747913189,37.79484950881076
0,0.05,985,0.07523907676805729,20.734557595993323,38.06476423384158
0,0.05,985,0.07523907676805729,20.976627712854757,38.27632126432871
0,0.05,985,0.07523907676805729,21.218697829716195,38.43337823599896
0,0.05,985,0.07523907676805729,21.46076794657763,38.54010017428203
0,0.05,985,0.07523907676805729,21.702838063439064,38.60089927050112
0,0.05,985,0.07523907676805729,21.9449081803005,38.62037829722053
0,0.05,985,0.07523907676805729,22.186978297161936,38.60326750944282
0,0.05,985,0.07523907676805729,22.429048414023374,38.554300153114646
0,0.05,985,0.07523907676805729,22.671118530884808,38.47821740290151
0,0.05,985,0.07523907676805729,22.913188647746242,38.3797760947908
0,0.05,985,0.07523907676805729,23.15525876460768,38.26371984628796
0,0.05,985,0.07523907676805729,23.397328881469114,38.13475565308133
0,0.05,985,0.07523907676805729,23.639398998330552,37.9975362352988
0,0.05,985,0.07523907676805729,23.881469115191987,37.85664805911479
0,0.05,985,0.07523907676805729,24.12353923205342,37.71653643304516
0,0.05,985,0.07523907676805729,24.36560934891486,37.58007828450581
0,0.05,985,0.07523907676805729,24.607679465776293,37.44865145690581
0,0.05,985,0.07523907676805729,24.84974958263773,37.32354904600458
0,0.05,985,0.07523907676805729,25.091819699499165,37.20604263038244
0,0.05,985,0.07523907676805729,25.3338898163606,37.09738518072075
0,0.05,985,0.07523907676805729,25.575959933222038,36.99881434696291
0,0.05,985,0.07523907676805729,25.818030050083472,36.911556117434486
0,0.05,985,0.07523907676805729,26.06010016694491,36.83682377078034
0,0.05,985,0.07523907676805729,26.302170283806344,36.77520353476713
0,0.05,985,0.07523907676805729,26.54424040066778,36.72607063173036
0,0.05,985,0.07523907676805729,26.786310517529216,36.68867192476392
0,0.05,985,0.07523907676805729,27.02838063439065,36.6622649590507
0,0.05,985,0.07523907676805729,27.27045075125209,36.64611594396226
0,0.05,985,0.07523907676805729,27.512520868113523,36.639497867052185
0,0.05,985,0.07523907676805729,27.754590984974957,36.64168873771667
0,0.05,985,0.07523907676805729,27.996661101836395,36.65196995896802
0,0.05,985,0.07523907676805729,28.23873121869783,36.66972138351996
0,0.05,985,0.07523907676805729,28.480801335559267,36.694726460382235
0,0.05,985,0.07523907676805729,28.7228714524207,36.72687475933208
0,0.05,985,0.07523907676805729,28.964941569282136,36.76605705505991
0,0.05,985,0.07523907676805729,29.207011686143574,36.81216521057733
0,0.05,985,0.07523907676805729,29.449081803005008,36.86509205418849
0,0.05,985,0.07523907676805729,29.691151919866446,36.9247312505039
0,0.05,985,0.07523907676805729,29.93322203672788,36.99097716616179
0,0.05,985,0.07523907676805729,30.175292153589314,37.06368624478106
0,0.05,985,0.07523907676805729,30.417362270450752,37.14234872398798
0,0.05,985,0.07523907676805729,30.659432387312187,37.226248507031634
0,0.05,985,0.07523907676805729,30.901502504173624,37.314661209180294
0,0.05,985,0.07523907676805729,31.14357262103506,37.4068553688084
0,0.05,985,0.07523907676805729,31.385642737896493,37.50209167174731
0,0.05,985,0.07523907676805729,31.62771285475793,37.59962231555585
0,0.05,985,0.07523907676805729,31.869782971619365,37.69869051715874
0,0.05,985,0.07523907676805729,32.1118530884808,37.7985301675709
0,0.05,985,0.07523907676805729,32.35392320534224,37.89836563762014
0,0.05,985,0.07523907676805729,32.59599332220367,37.99741173869794
0,0.05,985,0.07523907676805729,32.83806343906511,38.094873842599824
0,0.05,985,0.07523907676805729,33.080133555926544,38.18994816446487
0,0.05,985,0.07523907676805729,33.32220367278798,38.28182221267759
0,0.05,985,0.07523907676805729,33.56427378964942,38.36967540935622
0,0.05,985,0.07523907676805729,33.80634390651085,38.45267988471421
0,0.05,985,0.07523907676805729,34.04841402337229,38.530001448141576
0,0.05,985,0.07523907676805729,34.29048414023372,38.600800738308656
0,0.05,985,0.07523907676805729,34.53255425709516,38.66423455394561
0,0.05,985,0.07523907676805729,34.7746243739566,38.719457366192145
0,0.05,985,0.07523907676805729,35.016694490818026,38.765623056267266
0,0.05,985,0.07523907676805729,35.25876460767947,38.80204953731256
0,0.05,985,0.07523907676805729,35.5008347245409,38.82858879406087
0,0.05,985,0.07523907676805729,35.742904841402336,38.845206941194455
0,0.05,985,0.07523907676805729,35.98497495826378,38.85187686793575
0,0.05,985,0.07523907676805729,36.227045075125204,38.84857831782768
0,0.05,985,0.07523907676805729,36.469115191986646,38.83529796060967
0,0.05,985,0.07523907676805729,36.71118530884808,38.8120294560045
0,0.05,985,0.07523907676805729,36.953255425709514,38.77877350924323
0,0.05,985,0.07523907676805729,37.19532554257095,38.73553791816713
0,0.05,985,0.07523907676805729,37.43739565943239,38.682337611758264
0,0.05,985,0.07523907676805729,37.679465776293824,38.619194679962575
0,0.05,985,0.07523907676805729,37.92153589315526,38.54613839468381
0,0.05,985,0.07523907676805729,38.16360601001669,38.46320522183969
0,0.05,985,0.07523907676805729,38.40567612687813,38.37043882438674
0,0.05,985,0.07523907676805729,38.64774624373957,38.26789005623417
0,0.05,985,0.07523907676805729,38.889816360601,38.155616946983216
0,0.05,985,0.07523907676805729,39.13188647746244,38.033684677443375
0,0.05,985,0.07523907676805729,39.37395659432387,37.90216554589252
0,0.05,985,0.07523907676805729,39.616026711185306,37.7611389250649
0,0.05,985,0.07523907676805729,39.85809682804675,37.61069120986599
0,0.05,985,0.07523907676805729,40.10016694490818,37.450921759797
0,0.05,985,0.07523907676805729,40.342237061769616,37.28215119567431
0,0.05,985,0.07523907676805729,40.58430717863105,37.104970154665395
0,0.05,985,0.07523907676805729,40.826377295492485,36.919982751612736
0,0.05,985,0.07523907676805729,41.068447412353926,36.727788265616056
0,0.05,985,0.07523907676805729,41.31051752921536,36.528980058587905
0,0.05,985,0.07523907676805729,41.552587646076795,36.324144582533386
0,0.05,985,0.07523907676805729,41.79465776293823,36.113860475021056
0,0.05,985,0.07523907676805729,42.03672787979966,35.898697741938335
0,0.05,985,0.07523907676805729,42.278797996661105,35.679217026286786
0,0.05,985,0.07523907676805729,42.52086811352254,35.45596896146883
0,0.05,985,0.07523907676805729,42.76293823038397,35.229493607248415
0,0.05,985,0.07523907676805729,43.00500834724541,35.00031996633319
0,0.05,985,0.07523907676805729,43.24707846410684,34.76896557932306
0,0.05,985,0.07523907676805729,43.48914858096828,34.53593619560057
0,0.05,985,0.07523907676805729,43.73121869782972,34.301725517597994
0,0.05,985,0.07523907676805729,43.97328881469115,34.06681501576772
0,0.05,985,0.07523907676805729,44.215358931552586,33.831673811500856
0,0.05,985,0.07523907676805729,44.45742904841402,33.596758625183774
0,0.05,985,0.07523907676805729,44.69949916527546,33.36251378655539
0,0.05,985,0.07523907676805729,44.941569282136896,33.12937130452141
0,0.05,985,0.07523907676805729,45.18363939899833,32.89773523070522
0,0.05,985,0.07523907676805729,45.425709515859765,32.667865654297444
0,0.05,985,0.07523907676805729,45.6677796327212,32.439948897435265
0,0.05,985,0.07523907676805729,45.90984974958264,32.21416512711181
0,0.05,985,0.07523907676805729,46.151919866444075,31.99068900112812
0,0.05,985,0.07523907676805729,46.39398998330551,31.76968981175871
0,0.05,985,0.07523907676805729,46.636060100166944,31.551331637921667
0,0.05,985,0.07523907676805729,46.87813021702838,31.335773505330277
0,0.05,985,0.07523907676805729,47.12020033388982,31.123169554129113
0,0.05,985,0.07523907676805729,47.362270450751254,30.913669213545624
0,0.05,985,0.07523907676805729,47.60434056761269,30.70741738311523
0,0.05,985,0.07523907676805729,47.84641068447412,30.50455462006832
0,0.05,985,0.07523907676805729,48.08848080133556,30.30521733249502
0,0.05,985,0.07523907676805729,48.330550918197,30.109537977935577
0,0.05,985,0.07523907676805729,48.57262103505843,29.917645267073446
0,0.05,985,0.07523907676805729,48.81469115191987,29.7296643722394
0,0.05,985,0.07523907676805729,49.0567612687813,29.545717140467055
0,0.05,985,0.07523907676805729,49.298831385642735,29.365922310870683
0,0.05,985,0.07523907676805729,49.54090150250418,29.190395736149444
0,0.05,985,0.07523907676805729,49.78297161936561,29.019250608053806
0,0.05,985,0.07523907676805729,50.025041736227045,28.85259764909706
0,0.05,985,0.07523907676805729,50.26711185308848,28.69050017480606
0,0.05,985,0.07523907676805729,50.509181969949914,28.532888276975946
0,0.05,985,0.07523907676805729,50.751252086811355,28.37967001481063
0,0.05,985,0.07523907676805729,50.99332220367279,28.230755941505016
0,0.05,985,0.07523907676805729,51.235392320534224,28.086059025294404
0,0.05,985,0.07523907676805729,51.47746243739566,27.945494573012187
0,0.05,985,0.07523907676805729,51.71953255425709,27.80898015606606
0,0.05,985,0.07523907676805729,51.961602671118534,27.67643553874631
0,0.05,985,0.07523907676805729,52.20367278797997,27.54778260878246
0,0.05,985,0.07523907676805729,52.4457429048414,27.422945310068005
0,0.05,985,0.07523907676805729,52.68781302170284,27.301849577476005
0,0.05,985,0.07523907676805729,52.92988313856427,27.184423273690474
0,0.05,985,0.07523907676805729,53.17195325542571,27.07059612798174
0,0.05,985,0.07523907676805729,53.41402337228715,26.960299676856494
0,0.05,985,0.07523907676805729,53.65609348914858,26.853467206515575
0,0.05,985,0.07523907676805729,53.898163606010016,26.750033697055127
0,0.05,985,0.07523907676805729,54.14023372287145,26.649935768348968
0,0.05,985,0.07523907676805729,54.38230383973289,26.553111627552482
0,0.05,985,0.07523907676805729,54.624373956594326,26.45950101817023
0,0.05,985,0.07523907676805729,54.86644407345576,26.369045170631797
0,0.05,985,0.07523907676805729,55.108514190317194,26.281685764219155
0,0.05,985,0.07523907676805729,55.35058430717863,26.197336549546797
0,0.05,985,0.07523907676805729,55.59265442404007,26.115879530066405
0,0.05,985,0.07523907676805729,55.834724540901504,26.03719692952698
0,0.05,985,0.07523907676805729,56.07679465776294,25.96117293280669
0,0.05,985,0.07523907676805729,56.31886477462437,25.887693580023086
0,0.05,985,0.07523907676805729,56.56093489148581,25.816646665797336
0,0.05,985,0.07523907676805729,56.80300500834725,25.747921643513482
0,0.05,985,0.07523907676805729,57.04507512520868,25.681409534425125
0,0.05,985,0.07523907676805729,57.28714524207012,25.61700284147101
0,0.05,985,0.07523907676805729,57.52921535893155,25.554595467670826
0,0.05,985,0.07523907676805729,57.771285475792986,25.494082638981354
0,0.05,985,0.07523907676805729,58.01335559265443,25.43536083150093
0,0.05,985,0.07523907676805729,58.25542570951586,25.378327702918487
0,0.05,985,0.07523907676805729,58.497495826377296,25.32288202811042
0,0.05,985,0.07523907676805729,58.73956594323873,25.268923638795425
0,0.05,985,0.07523907676805729,58.981636060100165,25.216353367163673
0,0.05,985,0.07523907676805729,59.223706176961606,25.165072993402948
0,0.05,985,0.07523907676805729,59.46577629382304,25.114985197049464
0,0.05,985,0.07523907676805729,59.707846410684475,25.065993512096387
0,0.05,985,0.07523907676805729,59.94991652754591,25.018002285797696
0,0.05,985,0.07523907676805729,60.19198664440734,24.970914363873554
0,0.05,985,0.07523907676805729,60.434056761268785,24.924616174605948
0,0.05,985,0.07523907676805729,60.67612687813022,24.878987165431514
0,0.05,985,0.07523907676805729,60.91819699499165,24.833907622032314
0,0.05,985,0.07523907676805729,61.16026711185309,24.789258680953477
0,0.05,985,0.07523907676805729,61.40233722871452,24.74492230740281
0,0.05,985,0.07523907676805729,61.644407345575964,24.700781278669186
0,0.05,985,0.07523907676805729,61.8864774624374,24.656719173094544
0,0.05,985,0.07523907676805729,62.12854757929883,24.612620364536127
0,0.05,985,0.07523907676805729,62.37061769616027,24.568370022256797
0,0.05,985,0.07523907676805729,62.6126878130217,24.523854116181003
0,0.05,985,0.07523907676805729,62.85475792988314,24.47895942745408
0,0.05,985,0.07523907676805729,63.09682804674458,24.433573564240973
0,0.05,985,0.07523907676805729,63.33889816360601,24.387584982698755
0,0.05,985,0.07523907676805729,63.580968280467445,24.34088301305505
0,0.05,985,0.07523907676805729,63.82303839732888,24.29335789072076
0,0.05,985,0.07523907676805729,64.06510851419031,24.244900792362444
0,0.05,985,0.07523907676805729,64.30717863105176,24.19540387685449
0,0.05,985,0.07523907676805729,64.5492487479132,24.14476033102679
0,0.05,985,0.07523907676805729,64.79131886477462,24.092864420117582
0,0.05,985,0.07523907676805729,65.03338898163605,24.03961160526292
0,0.05,985,0.07523907676805729,65.27545909849749,23.984933265335435
0,0.05,985,0.07523907676805729,65.51752921535893,23.928853914142834
0,0.05,985,0.07523907676805729,65.75959933222038,23.87141328796138
0,0.05,985,0.07523907676805729,66.0016694490818,23.812651051200035
0,0.05,985,0.07523907676805729,66.24373956594323,23.75260677753139
0,0.05,985,0.07523907676805729,66.48580968280467,23.691319931581326
0,0.05,985,0.07523907676805729,66.72787979966611,23.628829851179997
0,0.05,985,0.07523907676805729,66.96994991652755,23.565175730176
0,0.05,985,0.07523907676805729,67.21202003338898,23.500396601815385
0,0.05,985,0.07523907676805729,67.45409015025041,23.43453132268582
0,0.05,985,0.07523907676805729,67.69616026711185,23.367618557226447
0,0.05,985,0.07523907676805729,67.93823038397329,23.299696762802586
0,0.05,985,0.07523907676805729,68.18030050083473,23.23080417534436
0,0.05,985,0.07523907676805729,68.42237061769616,23.16097879554752
0,0.05,985,0.07523907676805729,68.66444073455759,23.090258375634452
0,0.05,985,0.07523907676805729,68.90651085141903,23.018680406672452
0,0.05,985,0.07523907676805729,69.14858096828047,22.946282106446333
0,0.05,985,0.07523907676805729,69.3906510851419,22.873100407881577
0,0.05,985,0.07523907676805729,69.63272120200334,22.79917194801392
0,0.05,985,0.07523907676805729,69.87479131886478,22.724533057500967
0,0.05,985,0.07523907676805729,70.11686143572621,22.64921977428711
0,0.05,985,0.07523907676805729,70.35893155258765,22.573268398087336
0,0.05,985,0.07523907676805729,70.60100166944908,22.496715498473183
0,0.05,985,0.07523907676805729,70.84307178631052,22.41959731389909
0,0.05,985,0.07523907676805729,71.08514190317196,22.341949714412777
0,0.05,985,0.07523907676805729,71.32721202003339,22.26380819405501
0,0.05,985,0.07523907676805729,71.56928213689483,22.185207863797448
0,0.05,985,0.07523907676805729,71.81135225375625,22.106183445010608
0,0.05,985,0.07523907676805729,72.0534223706177,22.026769263453733
0,0.05,985,0.07523907676805729,72.29549248747914,21.946999243778187
0,0.05,985,0.07523907676805729,72.53756260434056,21.866906904535675
0,0.05,985,0.07523907676805729,72.779632721202,21.78652535368248
0,0.05,985,0.07523907676805729,73.02170283806343,21.705887284570604
0,0.05,985,0.07523907676805729,73.26377295492487,21.625024972416675
0,0.05,985,0.07523907676805729,73.50584307178632,21.54397027123938
0,0.05,985,0.07523907676805729,73.74791318864774,21.462754611255797
0,0.05,985,0.07523907676805729,73.98998330550918,21.381408996727217
0,0.05,985,0.07523907676805729,74.23205342237061,21.29996400424476
0,0.05,985,0.07523907676805729,74.47412353923205,21.218449781445088
0,0.05,985,0.07523907676805729,74.7161936560935,21.13689604614657
0,0.05,985,0.07523907676805729,74.95826377295492,21.05533208589594
0,0.05,985,0.07523907676805729,75.20033388981636,20.97378581597976
0,0.05,985,0.07523907676805729,75.44240400667779,20.892278384721607
0,0.05,985,0.07523907676805729,75.68447412353923,20.810828001347545
0,0.05,985,0.07523907676805729,75.92654424040067,20.729452592834768
0,0.05,985,0.07523907676805729,76.1686143572621,20.648169813298075
0,0.05,985,0.07523907676805729,76.41068447412354,20.566997044970353
0,0.05,985,0.07523907676805729,76.65275459098497,20.48595139932364
0,0.05,985,0.07523907676805729,76.89482470784641,20.405049718327138
0,0.05,985,0.07523907676805729,77.13689482470785,20.32430857583803
0,0.05,985,0.07523907676805729,77.37896494156928,20.243744279121593
0,0.05,985,0.07523907676805729,77.62103505843072,20.163372870496847
0,0.05,985,0.07523907676805729,77.86310517529215,20.08321012910405
0,0.05,985,0.07523907676805729,78.10517529215359,20.00327157279032
0,0.05,985,0.07523907676805729,78.34724540901503,19.92357246010996
0,0.05,985,0.07523907676805729,78.58931552587646,19.84412779243575
0,0.05,985,0.07523907676805729,78.8313856427379,19.764952316177826
0,0.05,985,0.07523907676805729,79.07345575959933,19.68606052510674
0,0.05,985,0.07523907676805729,79.31552587646077,19.607466662777046
0,0.05,985,0.07523907676805729,79.55759599332221,19.529184725048495
0,0.05,985,0.07523907676805729,79.79966611018364,19.45122846270107
0,0.05,985,0.07523907676805729,80.04173622704508,19.373611409581255
0,0.05,985,0.07523907676805729,80.2838063439065,19.296354725507474
0,0.05,985,0.07523907676805729,80.52587646076795,19.219498102066755
0,0.05,985,0.07523907676805729,80.76794657762939,19.143083352325245
0,0.05,985,0.07523907676805729,81.01001669449082,19.067151595899762
0,0.05,985,0.07523907676805729,81.25208681135226,18.991743269668536
0,0.05,985,0.07523907676805729,81.49415692821368,18.91689813934034
0,0.05,985,0.07523907676805729,81.73622704507513,18.84265531185534
0,0.05,985,0.07523907676805729,81.97829716193657,18.769053248592634
0,0.05,985,0.07523907676805729,82.220367278798,18.696129779359502
0,0.05,985,0.07523907676805729,82.46243739565944,18.623922117138783
0,0.05,985,0.07523907676805729,82.70450751252086,18.55246687357137
0,0.05,985,0.07523907676805729,82.9465776293823,18.481800075151888
0,0.05,985,0.07523907676805729,83.18864774624375,18.411957180116627
0,0.05,985,0.07523907676805729,83.43071786310517,18.342973096003664
0,0.05,985,0.07523907676805729,83.67278797996661,18.27488219786638
0,0.05,985,0.07523907676805729,83.91485809682804,18.20771834712229
0,0.05,985,0.07523907676805729,84.15692821368948,18.14151491102087
0,0.05,985,0.07523907676805729,84.39899833055092,18.076304782714274
0,0.05,985,0.07523907676805729,84.64106844741235,18.01212040191709
0,0.05,985,0.07523907676805729,84.88313856427379,17.948993776141382
0,0.05,985,0.07523907676805729,85.12520868113522,17.88695638277501
0,0.05,985,0.07523907676805729,85.36727879799666,17.82603677861541
0,0.05,985,0.07523907676805729,85.6093489148581,17.76626077626425
0,0.05,985,0.07523907676805729,85.85141903171953,17.707653815880125
0,0.05,985,0.07523907676805729,86.09348914858097,17.650241083279226
0,0.05,985,0.07523907676805729,86.3355592654424,17.594047530725888
0,0.05,985,0.07523907676805729,86.57762938230384,17.53909789808599
0,0.05,985,0.07523907676805729,86.81969949916528,17.4854167343428
0,0.05,985,0.07523907676805729,87.06176961602671,17.43302841947561
0,0.05,985,0.07523907676805729,87.30383973288815,17.381957186702646
0,0.05,985,0.07523907676805729,87.54590984974958,17.33222714509099
0,0.05,985,0.07523907676805729,87.78797996661102,17.283862302537027
0,0.05,985,0.07523907676805729,88.03005008347246,17.23688658912251
0,0.05,985,0.07523907676805729,88.27212020033389,17.19132388085187
0,0.05,985,0.07523907676805729,88.51419031719533,17.14719802377818
0,0.05,985,0.07523907676805729,88.75626043405676,17.104532858526063
0,0.05,985,0.07523907676805729,88.9983305509182,17.063352245220912
0,0.05,985,0.07523907676805729,89.24040066777964,17.023680088835302
0,0.05,985,0.07523907676805729,89.48247078464107,16.985540364964695
0,0.05,985,0.07523907676805729,89.72454090150251,16.948957146045547
0,0.05,985,0.07523907676805729,89.96661101836393,16.913954628030663
0,0.05,985,0.07523907676805729,90.20868113522538,16.880546587837387
0,0.05,985,0.07523907676805729,90.45075125208682,16.848682942023565
0,0.05,985,0.07523907676805729,90.69282136894824,16.81829029596777
0,0.05,985,0.07523907676805729,90.93489148580969,16.789296073716685
0,0.05,985,0.07523907676805729,91.17696160267111,16.761628502893963
0,0.05,985,0.07523907676805729,91.41903171953255,16.735216559435226
0,0.05,985,0.07523907676805729,91.661101836394,16.70998991545242
0,0.05,985,0.07523907676805729,91.90317195325542,16.685878890157785
0,0.05,985,0.07523907676805729,92.14524207011686,16.66281440378326
0,0.05,985,0.07523907676805729,92.38731218697829,16.64072793443673
0,0.05,985,0.07523907676805729,92.62938230383973,16.619551477841288
0,0.05,985,0.07523907676805729,92.87145242070117,16.599217509908765
0,0.05,985,0.07523907676805729,93.1135225375626,16.579658952102527
0,0.05,985,0.07523907676805729,93.35559265442404,16.560809139549093
0,0.05,985,0.07523907676805729,93.59766277128547,16.54260179186163
0,0.05,985,0.07523907676805729,93.83973288814691,16.52497098664146
0,0.05,985,0.07523907676805729,94.08180300500835,16.507851135627245
0,0.05,985,0.07523907676805729,94.32387312186978,16.491176963464028
0,0.05,985,0.07523907676805729,94.56594323873122,16.47488348906669
0,0.05,985,0.07523907676805729,94.80801335559265,16.458906009554838
0,0.05,985,0.07523907676805729,95.05008347245409,16.443180123199117
0,0.05,985,0.07523907676805729,95.29215358931553,16.427648766709112
0,0.05,985,0.07523907676805729,95.53422370617696,16.41227058586002
0,0.05,985,0.07523907676805729,95.7762938230384,16.397006429609128
0,0.05,985,0.07523907676805729,96.01836393989983,16.381817291185985
0,0.05,985,0.07523907676805729,96.26043405676127,16.366664305899125
0,0.05,985,0.07523907676805729,96.50250417362271,16.35150874986643
0,0.05,985,0.07523907676805729,96.74457429048414,16.336312039663554
0,0.05,985,0.07523907676805729,96.98664440734558,16.321035732884503
0,0.05,985,0.07523907676805729,97.228714524207,16.305641529608952
0,0.05,985,0.07523907676805729,97.47078464106845,16.2900912747702
0,0.05,985,0.07523907676805729,97.71285475792989,16.27434696141812
0,0.05,985,0.07523907676805729,97.95492487479132,16.258370734870883
0,0.05,985,0.07523907676805729,98.19699499165276,16.242124897749207
0,0.05,985,0.07523907676805729,98.43906510851419,16.225571915886317
0,0.05,985,0.07523907676805729,98.68113522537563,16.208674425106825
0,0.05,985,0.07523907676805729,98.92320534223707,16.19139523886699
0,0.05,985,0.07523907676805729,99.1652754590985,16.173697356748463
0,0.05,985,0.07523907676805729,99.40734557595994,16.15554397379713
0,0.05,985,0.07523907676805729,99.64941569282136,16.136898490698037
0,0.05,985,0.07523907676805729,99.8914858096828,16.11772452477672
0,0.05,985,0.07523907676805729,100.13355592654425,16.097987501653428
0,0.05,985,0.07523907676805729,100.37562604340567,16.077681871437544
0,0.05,985,0.07523907676805729,100.61769616026712,16.05682730220445
0,0.05,985,0.07523907676805729,100.85976627712854,16.035444270443907
0,0.05,985,0.07523907676805729,101.10183639398998,16.01355320615902
0,0.05,985,0.07523907676805729,101.34390651085143,15.991174486641968
0,0.05,985,0.07523907676805729,101.58597662771285,15.96832843049946
0,0.05,985,0.07523907676805729,101.8280467445743,15.945035291927788
0,0.05,985,0.07523907676805729,102.07011686143572,15.921315255237005
0,0.05,985,0.07523907676805729,102.31218697829716,15.897188429623863
0,0.05,985,0.07523907676805729,102.5542570951586,15.872674844192614
0,0.05,985,0.07523907676805729,102.79632721202003,15.847794443222812
0,0.05,985,0.07523907676805729,103.03839732888147,15.822567081683074
0,0.05,985,0.07523907676805729,103.2804674457429,15.797012520989595
0,0.05,985,0.07523907676805729,103.52253756260434,15.771150425008061
0,0.05,985,0.07523907676805729,103.76460767946578,15.745000356297396
0,0.05,985,0.07523907676805729,104.00667779632721,15.71858177259373
0,0.05,985,0.07523907676805729,104.24874791318865,15.691914023532991
0,0.05,985,0.07523907676805729,104.49081803005008,15.665016347610027
0,0.05,985,0.07523907676805729,104.73288814691152,15.637907869372473
0,0.05,985,0.07523907676805729,104.97495826377296,15.610607596847252
0,0.05,985,0.07523907676805729,105.21702838063439,15.583134419197554
0,0.05,985,0.07523907676805729,105.45909849749583,15.555507104608052
0,0.05,985,0.07523907676805729,105.70116861435726,15.527744298396128
0,0.05,985,0.07523907676805729,105.9432387312187,15.499864521346671
0,0.05,985,0.07523907676805729,106.18530884808014,15.471886168268052
0,0.05,985,0.07523907676805729,106.42737896494157,15.443827506766818
0,0.05,985,0.07523907676805729,106.66944908180301,15.415706676238607
0,0.05,985,0.07523907676805729,106.91151919866444,15.387541687072678
0,0.05,985,0.07523907676805729,107.15358931552588,15.359350420067551
0,0.05,985,0.07523907676805729,107.39565943238732,15.331150626055088
0,0.05,985,0.07523907676805729,107.63772954924875,15.302959925730462
0,0.05,985,0.07523907676805729,107.87979966611019,15.274795809685376
0,0.05,985,0.07523907676805729,108.12186978297161,15.246675638641904
0,0.05,985,0.07523907676805729,108.36393989983306,15.21861664388431
0,0.05,985,0.07523907676805729,108.6060100166945,15.190635927886307
0,0.05,985,0.07523907676805729,108.84808013355592,15.162750465131106
0,0.05,985,0.07523907676805729,109.09015025041737,15.13497710312174
0,0.05,985,0.07523907676805729,109.3322203672788,15.107332563579059
0,0.05,985,0.07523907676805729,109.57429048414023,15.079833443825013
0,0.05,985,0.07523907676805729,109.81636060100168,15.052496218348635
0,0.05,985,0.07523907676805729,110.0584307178631,15.025337204829132
0,0.05,985,0.07523907676805729,110.30050083472455,14.998367894195965
0,0.05,985,0.07523907676805729,110.54257095158597,14.971590348111734
0,0.05,985,0.07523907676805729,110.78464106844741,14.945005509897044
0,0.05,985,0.07523907676805729,111.02671118530886,14.918614315731878
0,0.05,985,0.07523907676805729,111.26878130217028,14.892417694867898
0,0.05,985,0.07523907676805729,111.51085141903172,14.866416569840613
0,0.05,985,0.07523907676805729,111.75292153589315,14.840611856681527
0,0.05,985,0.07523907676805729,111.99499165275459,14.815004465130194
0,0.05,985,0.07523907676805729,112.23706176961603,14.78959529884633
0,0.05,985,0.07523907676805729,112.47913188647746,14.764385255621738
0,0.05,985,0.07523907676805729,112.7212020033389,14.739375227592312
0,0.05,985,0.07523907676805729,112.96327212020033,14.714566101449991
0,0.05,985,0.07523907676805729,113.20534223706177,14.689958758654697
0,0.05,985,0.07523907676805729,113.44741235392321,14.665554075646206
0,0.05,985,0.07523907676805729,113.68948247078464,14.641352924056152
0,0.05,985,0.07523907676805729,113.93155258764608,14.617356170919884
0,0.05,985,0.07523907676805729,114.17362270450751,14.5935646788885
0,0.05,985,0.07523907676805729,114.41569282136895,14.569979306440791
0,0.05,985,0.07523907676805729,114.65776293823039,14.546600908095254
0,0.05,985,0.07523907676805729,114.89983305509182,14.523430334622219
0,0.05,985,0.07523907676805729,115.14190317195326,14.500468433255993
0,0.05,985,0.07523907676805729,115.38397328881469,14.477716047907048
0,0.05,985,0.07523907676805729,115.62604340567613,14.455174019374379
0,0.05,985,0.07523907676805729,115.86811352253757,14.432843185557877
0,0.05,985,0.07523907676805729,116.110183639399,14.410724381670926
0,0.05,985,0.07523907676805729,116.35225375626044,14.388818440452996
0,0.05,985,0.07523907676805729,116.59432387312187,14.367126192382514
0,0.05,985,0.07523907676805729,116.8363939899833,14.345648465889777
0,0.05,985,0.07523907676805729,117.07846410684475,14.324386087570149
0,0.05,985,0.07523907676805729,117.32053422370618,14.303339882397369
0,0.05,985,0.07523907676805729,117.56260434056762,14.282510673937075
0,0.05,985,0.07523907676805729,117.80467445742904,14.26189928456062
0,0.05,985,0.07523907676805729,118.04674457429049,14.241506535659024
0,0.05,985,0.07523907676805729,118.28881469115193,14.221333247857284
0,0.05,985,0.07523907676805729,118.53088480801335,14.201380241228911
0,0.05,985,0.07523907676805729,118.7729549248748,14.181648335510742
0,0.05,985,0.07523907676805729,119.01502504173622,14.162138350318143
0,0.05,985,0.07523907676805729,119.25709515859766,14.142851105360469
0,0.05,985,0.07523907676805729,119.4991652754591,14.123787420656896
0,0.05,985,0.07523907676805729,119.74123539232053,14.104948116752718
0,0.05,985,0.07523907676805729,119.98330550918197,14.086334014935879
0,0.05,985,0.07523907676805729,120.2253756260434,14.067945485706087
0,0.05,985,0.07523907676805729,120.46744574290484,14.049780682342448
0,0.05,985,0.07523907676805729,120.70951585976628,14.03183709187046
0,0.05,985,0.07523907676805729,120.95158597662771,14.014112219364112
0,0.05,985,0.07523907676805729,121.19365609348915,13.996603587818669
0,0.05,985,0.07523907676805729,121.43572621035058,13.979308737843933
0,0.05,985,0.07523907676805729,121.67779632721202,13.962225227361898
0,0.05,985,0.07523907676805729,121.91986644407346,13.945350631308665
0,0.05,985,0.07523907676805729,122.16193656093489,13.928682541340564
0,0.05,985,0.07523907676805729,122.40400667779633,13.912218565544483
0,0.05,985,0.07523907676805729,122.64607679465776,13.895956328152275
0,0.05,985,0.07523907676805729,122.8881469115192,13.879893469259274
0,0.05,985,0.07523907676805729,123.13021702838064,13.864027644546802
0,0.05,985,0.07523907676805729,123.37228714524207,13.848356525008649
0,0.05,985,0.07523907676805729,123.61435726210351,13.832877796681457
0,0.05,985,0.07523907676805729,123.85642737896494,13.817589160379043
0,0.05,985,0.07523907676805729,124.09849749582638,13.802488331430467
0,0.05,985,0.07523907676805729,124.34056761268782,13.787573039421908
0,0.05,985,0.07523907676805729,124.58263772954925,13.77284102794232
0,0.05,985,0.07523907676805729,124.82470784641069,13.7582900543327
0,0.05,985,0.07523907676805729,125.06677796327212,13.74391788943912
0,0.05,985,0.07523907676805729,125.30884808013356,13.729722317369204
0,0.05,985,0.07523907676805729,125.550918196995,13.715701135252385
0,0.05,985,0.07523907676805729,125.79298831385643,13.701852153003498
0,0.05,985,0.07523907676805729,126.03505843071787,13.688173193089957
0,0.05,985,0.07523907676805729,126.2771285475793,13.674662090302395
0,0.05,985,0.07523907676805729,126.51919866444074,13.661316691528665
0,0.05,985,0.07523907676805729,126.76126878130218,13.648134855531252
0,0.05,985,0.07523907676805729,127.0033388981636,13.635114452728041
0,0.05,985,0.07523907676805729,127.24540901502505,13.622253364976343
0,0.05,985,0.07523907676805729,127.48747913188647,13.60954948536022
0,0.05,985,0.07523907676805729,127.72954924874792,13.597000717981084
0,0.05,985,0.07523907676805729,127.97161936560936,13.584604977751413
0,0.05,985,0.07523907676805729,128.21368948247078,13.57236019019177
0,0.05,985,0.07523907676805729,128.45575959933223,13.560264291230819
0,0.05,985,0.07523907676805729,128.69782971619367,13.548315227008557
0,0.05,985,0.07523907676805729,128.9398998330551,13.53651095368261
0,0.05,985,0.07523907676805729,129.18196994991655,13.524849437237545
0,0.05,985,0.07523907676805729,129.42404006677796,13.513328653297227
0,0.05,985,0.07523907676805729,129.6661101836394,13.501946586940198
0,0.05,985,0.07523907676805729,129.90818030050082,13.490701232517987
0,0.05,985,0.07523907676805729,130.15025041736226,13.47959059347637
0,0.05,985,0.07523907676805729,130.3923205342237,13.468612682179558
0,0.05,985,0.07523907676805729,130.63439065108514,13.457765519737295
0,0.05,985,0.07523907676805729,130.87646076794658,13.447047135834763
0,0.05,985,0.07523907676805729,131.11853088480802,13.436455568565382
0,0.05,985,0.07523907676805729,131.36060100166947,13.425988864266404
0,0.05,985,0.07523907676805729,131.6026711185309,13.41564507735732
0,0.05,985,0.07523907676805729,131.84474123539232,13.40542227018102
0,0.05,985,0.07523907676805729,132.08681135225376,13.3953185128477
0,0.05,985,0.07523907676805729,132.32888146911517,13.385331883081532
0,0.05,985,0.07523907676805729,132.57095158597662,13.37546046606999
0,0.05,985,0.07523907676805729,132.81302170283806,13.365702354315928
0,0.05,985,0.07523907676805729,133.0550918196995,13.356055647492273
0,0.05,985,0.07523907676805729,133.29716193656094,13.346518452299367
0,0.05,985,0.07523907676805729,133.53923205342238,13.337088882324974
0,0.05,985,0.07523907676805729,133.7813021702838,13.327765057906877
0,0.05,985,0.07523907676805729,134.02337228714524,13.318545105998075
0,0.05,985,0.07523907676805729,134.26544240400668,13.309427160034529
0,0.05,985,0.07523907676805729,134.50751252086812,13.300409359805503
0,0.05,985,0.07523907676805729,134.74958263772956,13.291489851326428
0,0.05,985,0.07523907676805729,134.99165275459097,13.282666786714298
0,0.05,985,0.07523907676805729,135.23372287145241,13.273938565185821
0,0.05,985,0.07523907676805729,135.47579298831386,13.265304660169056
0,0.05,985,0.07523907676805729,135.7178631051753,13.256764843610437
0,0.05,985,0.07523907676805729,135.95993322203674,13.248318889066327
0,0.05,985,0.07523907676805729,136.20200333889815,13.239966571688218
0,0.05,985,0.07523907676805729,136.4440734557596,13.23170766821879
0,0.05,985,0.07523907676805729,136.68614357262103,13.223541956988033
0,0.05,985,0.07523907676805729,136.92821368948248,13.215469217909307
0,0.05,985,0.07523907676805729,137.17028380634392,13.207489232475377
0,0.05,985,0.07523907676805729,137.41235392320533,13.199601783754431
0,0.05,985,0.07523907676805729,137.65442404006677,13.19180665638612
0,0.05,985,0.07523907676805729,137.8964941569282,13.184103636577518
0,0.05,985,0.07523907676805729,138.13856427378965,13.17649251209906
0,0.05,985,0.07523907676805729,138.3806343906511,13.168973072280565
0,0.05,985,0.07523907676805729,138.6227045075125,13.161545108007124
0,0.05,985,0.07523907676805729,138.86477462437395,13.154208411714993
0,0.05,985,0.07523907676805729,139.1068447412354,13.146962777387573
0,0.05,985,0.07523907676805729,139.34891485809683,13.13980800055124
0,0.05,985,0.07523907676805729,139.59098497495827,13.132743878271235
0,0.05,985,0.07523907676805729,139.8330550918197,13.125770209147547
0,0.05,985,0.07523907676805729,140.07512520868113,13.118886793310736
0,0.05,985,0.07523907676805729,140.31719532554257,13.112093432417812
0,0.05,985,0.07523907676805729,140.559265442404,13.105389929648037
0,0.05,985,0.07523907676805729,140.80133555926545,13.098776089698738
0,0.05,985,0.07523907676805729,141.04340567612687,13.09225171878117
0,0.05,985,0.07523907676805729,141.2854757929883,13.085816624616267
0,0.05,985,0.07523907676805729,141.52754590984975,13.079470616430463
0,0.05,985,0.07523907676805729,141.7696160267112,13.073213504951477
0,0.05,985,0.07523907676805729,142.01168614357263,13.06704510240409
0,0.05,985,0.07523907676805729,142.25375626043405,13.060965222505944
0,0.05,985,0.07523907676805729,142.4958263772955,13.054973680463283
0,0.05,985,0.07523907676805729,142.73789649415693,13.049070292966716
0,0.05,985,0.07523907676805729,142.97996661101837,13.043254878187028
0,0.05,985,0.07523907676805729,143.2220367278798,13.037527255770886
0,0.05,985,0.07523907676805729,143.46410684474122,13.031887246836618
0,0.05,985,0.07523907676805729,143.70617696160267,13.026334673969949
0,0.05,985,0.07523907676805729,143.9482470784641,13.020869361219773
0,0.05,985,0.07523907676805729,144.19031719532555,13.015491134093887
0,0.05,985,0.07523907676805729,144.432387312187,13.010199819554733
0,0.05,985,0.07523907676805729,144.6744574290484,13.004995246015152
0,0.05,985,0.07523907676805729,144.91652754590984,12.999877243334137
0,0.05,985,0.07523907676805729,145.15859766277129,12.994845642812564
0,0.05,985,0.07523907676805729,145.40066777963273,12.989900277188932
0,0.05,985,0.07523907676805729,145.64273789649417,12.985040980635135
0,0.05,985,0.07523907676805729,145.88480801335558,12.980267588752199
0,0.05,985,0.07523907676805729,146.12687813021702,12.975579938566009
0,0.05,985,0.07523907676805729,146.36894824707846,12.970977868523109
0,0.05,985,0.07523907676805729,146.6110183639399,12.966461218486403
0,0.05,985,0.07523907676805729,146.85308848080135,12.962029829730957
0,0.05,985,0.07523907676805729,147.09515859766276,12.95768354493975
0,0.05,985,0.07523907676805729,147.3372287145242,12.953422208199397
0,0.05,985,0.07523907676805729,147.57929883138564,12.949245664995987
0,0.05,985,0.07523907676805729,147.82136894824708,12.945153762210797
0,0.05,985,0.07523907676805729,148.06343906510853,12.941146348116112
0,0.05,985,0.07523907676805729,148.30550918196994,12.937223272370977
0,0.05,985,0.07523907676805729,148.54757929883138,12.933384386017003
0,0.05,985,0.07523907676805729,148.78964941569282,12.929629541474144
0,0.05,985,0.07523907676805729,149.03171953255426,12.925958592536526
0,0.05,985,0.07523907676805729,149.2737896494157,12.922371394368223
0,0.05,985,0.07523907676805729,149.51585976627712,12.918867803499086
0,0.05,985,0.07523907676805729,149.75792988313856,12.915447677820547
0,0.05,985,0.07523907676805729,150.0,12.912110876581478
1,0.16,277,0.1014413698248925,5.0,0.0
1,0.16,277,0.1014413698248925,5.242070116861436,0.0
1,0.16,277,0.1014413698248925,5.484140233722871,0.0
1,0.16,277,0.1014413698248925,5.726210350584307,0.0
1,0.16,277,0.1014413698248925,5.968280467445743,0.0
1,0.16,277,0.1014413698248925,6.210350584307179,0.0
1,0.16,277,0.1014413698248925,6.452420701168615,0.0
1,0.16,277,0.1014413698248925,6.69449081803005,0.0
1,0.16,277,0.1014413698248925,6.936560934891486,0.0
1,0.16,277,0.1014413698248925,7.178631051752921,0.0
1,0.16,277,0.1014413698248925,7.420701168614357,0.0
1,0.16,277,0.1014413698248925,7.6627712854757934,0.0
1,0.16,277,0.1014413698248925,7.904841402337229,0.0
1,0.16,277,0.1014413698248925,8.146911519198664,0.0
1,0.16,277,0.1014413698248925,8.3889816360601,0.0
1,0.16,277,0.1014413698248925,8.631051752921536,0.0
1,0.16,277,0.1014413698248925,8.873121869782972,0.0
1,0.16,277,0.1014413698248925,9.115191986644408,0.11810642055921798
1,0.16,277,0.1014413698248925,9.357262103505843,0.2317911831413116
1,0.16,277,0.1014413698248925,9.599332220367279,0.3645233306127958
1,0.16,277,0.1014413698248925,9.841402337228715,0.5161756266536229
1,0.16,277,0.1014413698248925,10.083472454090149,0.6887646664664079
1,0.16,277,0.1014413698248925,10.325542570951587,0.8864135747660454
1,0.16,277,0.1014413698248925,10.567612687813021,1.110089282875543
1,0.16,277,0.1014413698248925,10.809682804674457,1.3602102309403128
1,0.16,277,0.1014413698248925,11.051752921535893,1.6373039682214146
1,0.16,277,0.1014413698248925,11.293823038397328,1.9422400171122403
1,0.16,277,0.1014413698248925,11.535893155258766,2.2763833055747504
1,0.16,277,0.1014413698248925,11.7779632721202,2.6419789653613943
1,0.16,277,0.1014413698248925,12.020033388981636,3.042509526345332
1,0.16,277,0.1014413698248925,12.262103505843072,3.4821774212764436
1,0.16,277,0.1014413698248925,12.504173622704506,3.963543881618262
1,0.16,277,0.1014413698248925,12.746243739565944,4.488730314445556
1,0.16,277,0.1014413698248925,12.988313856427379,5.059839566945884
1,0.16,277,0.1014413698248925,13.230383973288815,5.678962210167261
1,0.16,277,0.1014413698248925,13.47245409015025,6.348185581805451
1,0.16,277,0.1014413698248925,13.714524207011687,7.069605870957541
1,0.16,277,0.1014413698248925,13.956594323873121,7.845343463698577
1,0.16,277,0.1014413698248925,14.198664440734557,8.677328752004
1,0.16,277,0.1014413698248925,14.440734557595993,9.56568481056072
1,0.16,277,0.1014413698248925,14.68280467445743,10.508985057332328
1,0.16,277,0.1014413698248925,14.924874791318866,11.504666759911709
1,0.16,277,0.1014413698248925,15.1669449081803,12.548901737371777
1,0.16,277,0.1014413698248925,15.409015025041736,13.636478457451783
1,0.16,277,0.1014413698248925,15.651085141903172,14.76070484342515
1,0.16,277,0.1014413698248925,15.893155258764608,15.91333945922612
1,0.16,277,0.1014413698248925,16.135225375626042,17.084649917213824
1,0.16,277,0.1014413698248925,16.377295492487477,18.265080866185194
1,0.16,277,0.1014413698248925,16.619365609348915,19.44561149133293
1,0.16,277,0.1014413698248925,16.861435726210352,20.616718225650263
1,0.16,277,0.1014413698248925,17.103505843071787,21.768452815486675
1,0.16,277,0.1014413698248925,17.34557595993322,22.89057707336693
1,0.16,277,0.1014413698248925,17.587646076794655,23.972710169363182
1,0.16,277,0.1014413698248925,17.829716193656093,25.004485619316092
1,0.16,277,0.1014413698248925,18.07178631051753,25.975738187313457
1,0.16,277,0.1014413698248925,18.313856427378965,26.878581138357365
1,0.16,277,0.1014413698248925,18.5559265442404,27.709282798005997
1,0.16,277,0.1014413698248925,18.797996661101834,28.465671581136707
1,0.16,277,0.1014413698248925,19.040066777963272,29.14680608238719
1,0.16,277,0.1014413698248925,19.28213689482471,29.75292128115458
1,0.16,277,0.1014413698248925,19.524207011686144,30.285353851758053
1,0.16,277,0.1014413698248925,19.76627712854758,30.746451182385705
1,0.16,277,0.1014413698248925,20.008347245409013,31.139468756859866
1,0.16,277,0.1014413698248925,20.25041736227045,31.468300924495843
1,0.16,277,0.1014413698248925,20.49248747913189,31.736942012903516
1,0.16,277,0.1014413698248925,20.734557595993323,31.949810499559703
1,0.16,277,0.1014413698248925,20.976627712854757,32.111782047524954
1,0.16,277,0.1014413698248925,21.218697829716195,32.22809985320462
1,0.16,277,0.1014413698248925,21.46076794657763,32.30429108921295
1,0.16,277,0.1014413698248925,21.702838063439064,32.34609109313774
1,0.16,277,0.1014413698248925,21.9449081803005,32.359376574965175
1,0.16,277,0.1014413698248925,22.186978297161936,32.34984305513376
1,0.16,277,0.1014413698248925,22.429048414023374,32.32107946033412
1,0.16,277,0.1014413698248925,22.671118530884808,32.27565318740272
1,0.16,277,0.1014413698248925,22.913188647746242,32.21612935181656
1,0.16,277,0.1014413698248925,23.15525876460768,32.14506627120957
1,0.16,277,0.1014413698248925,23.397328881469114,32.065006137409874
1,0.16,277,0.1014413698248925,23.639398998330552,31.978467670153695
1,0.16,277,0.1014413698248925,23.881469115191987,31.887940729916078
1,0.16,277,0.1014413698248925,24.12353923205342,31.795850826699642
1,0.16,277,0.1014413698248925,24.36560934891486,31.703889900928775
1,0.16,277,0.1014413698248925,24.607679465776293,31.613045001590088
1,0.16,277,0.1014413698248925,24.84974958263773,31.524258183172233
1,0.16,277,0.1014413698248925,25.091819699499165,31.438455773453363
1,0.16,277,0.1014413698248925,25.3338898163606,31.356549510934794
1,0.16,277,0.1014413698248925,25.575959933222038,31.27943791518317
1,0.16,277,0.1014413698248925,25.818030050083472,31.208007884114217
1,0.16,277,0.1014413698248925,26.06010016694491,31.143135795818356
1,0.16,277,0.1014413698248925,26.302170283806344,31.085602096827728
1,0.16,277,0.1014413698248925,26.54424040066778,31.036010503657728
1,0.16,277,0.1014413698248925,26.786310517529216,30.994943078682592
1,0.16,277,0.1014413698248925,27.02838063439065,30.962982000591744
1,0.16,277,0.1014413698248925,27.27045075125209,30.940711465106535
1,0.16,277,0.1014413698248925,27.512520868113523,30.928719680561287
1,0.16,277,0.1014413698248925,27.754590984974957,30.927600963321854
1,0.16,277,0.1014413698248925,27.996661101836395,30.937957939014833
1,0.16,277,0.1014413698248925,28.23873121869783,30.96005110091105
1,0.16,277,0.1014413698248925,28.480801335559267,30.992680204387387
1,0.16,277,0.1014413698248925,28.7228714524207,31.034265086410027
1,0.16,277,0.1014413698248925,28.964941569282136,31.08322353209709
1,0.16,277,0.1014413698248925,29.207011686143574,31.137967157915885
1,0.16,277,0.1014413698248925,29.449081803005008,31.196898097307887
1,0.16,277,0.1014413698248925,29.691151919866446,31.25840649554157
1,0.16,277,0.1014413698248925,29.93322203672788,31.320868823661698
1,0.16,277,0.1014413698248925,30.175292153589314,31.38273181845131
1,0.16,277,0.1014413698248925,30.417362270450752,31.44323519690423
1,0.16,277,0.1014413698248925,30.659432387312187,31.50205811910795
1,0.16,277,0.1014413698248925,30.901502504173624,31.55888084659691
1,0.16,277,0.1014413698248925,31.14357262103506,31.613380300131976
1,0.16,277,0.1014413698248925,31.385642737896493,31.66523032726778
1,0.16,277,0.1014413698248925,31.62771285475793,31.714102001880455
1,0.16,277,0.1014413698248925,31.869782971619365,31.75966395638815
1,0.16,277,0.1014413698248925,32.1118530884808,31.801582747289128
1,0.16,277,0.1014413698248925,32.35392320534224,31.839523254522227
1,0.16,277,0.1014413698248925,32.59599332220367,31.87314911502981
1,0.16,277,0.1014413698248925,32.83806343906511,31.90212319076597
1,0.16,277,0.1014413698248925,33.080133555926544,31.9261080712488
1,0.16,277,0.1014413698248925,33.32220367278798,31.944766610600468
1,0.16,277,0.1014413698248925,33.56427378964942,31.957762498854848
1,0.16,277,0.1014413698248925,33.80634390651085,31.964760867139862
1,0.16,277,0.1014413698248925,34.04841402337229,31.965428926159746
1,0.16,277,0.1014413698248925,34.29048414023372,31.959436637210334
1,0.16,277,0.1014413698248925,34.53255425709516,31.946457414763664
1,0.16,277,0.1014413698248925,34.7746243739566,31.926168859449582
1,0.16,277,0.1014413698248925,35.016694490818026,31.898253554752394
1,0.16,277,0.1014413698248925,35.25876460767947,31.862528768153688
1,0.16,277,0.1014413698248925,35.5008347245409,31.819236837553138
1,0.16,277,0.1014413698248925,35.742904841402336,31.768708778398896
1,0.16,277,0.1014413698248925,35.98497495826378,31.711278120852562
1,0.16,277,0.1014413698248925,36.227045075125204,31.64728023405023
1,0.16,277,0.1014413698248925,36.469115191986646,31.577051681078316
1,0.16,277,0.1014413698248925,36.71118530884808,31.500929605519243
1,0.16,277,0.1014413698248925,36.953255425709514,31.419251150258
1,0.16,277,0.1014413698248925,37.19532554257095,31.332352909083646
1,0.16,277,0.1014413698248925,37.43739565943239,31.24057041147056
1,0.16,277,0.1014413698248925,37.679465776293824,31.14423764078426
1,0.16,277,0.1014413698248925,37.92153589315526,31.04368658602469
1,0.16,277,0.1014413698248925,38.16360601001669,30.939246827097154
1,0.16,277,0.1014413698248925,38.40567612687813,30.831245153487075
1,0.16,277,0.1014413698248925,38.64774624373957,30.72000521611053
1,0.16,277,0.1014413698248925,38.889816360601,30.605847212016197
1,0.16,277,0.1014413698248925,39.13188647746244,30.489087601528894
1,0.16,277,0.1014413698248925,39.37395659432387,30.370038857346053
1,0.16,277,0.1014413698248925,39.616026711185306,30.249009245031388
1,0.16,277,0.1014413698248925,39.85809682804675,30.126302634288564
1,0.16,277,0.1014413698248925,40.10016694490818,30.002216530079146
1,0.16,277,0.1014413698248925,40.342237061769616,29.8769790937973
1,0.16,277,0.1014413698248925,40.58430717863105,29.750734124729327
1,0.16,277,0.1014413698248925,40.826377295492485,29.62361799706653
1,0.16,277,0.1014413698248925,41.068447412353926,29.495764802794692
1,0.16,277,0.1014413698248925,41.31051752921536,29.367306331998634
1,0.16,277,0.1014413698248925,41.552587646076795,29.238372058609624
1,0.16,277,0.1014413698248925,41.79465776293823,29.109089131432672
1,0.16,277,0.1014413698248925,42.03672787979966,28.979582370289478
1,0.16,277,0.1014413698248925,42.278797996661105,28.84997426711272
1,0.16,277,0.1014413698248925,42.52086811352254,28.7203849918279
1,0.16,277,0.1014413698248925,42.76293823038397,28.590932402860158
1,0.16,277,0.1014413698248925,43.00500834724541,28.46173206210435
1,0.16,277,0.1014413698248925,43.24707846410684,28.332897254199278
1,0.16,277,0.1014413698248925,43.48914858096828,28.20453900994877
1,0.16,277,0.1014413698248925,43.73121869782972,28.07676613373576
1,0.16,277,0.1014413698248925,43.97328881469115,27.949685234777686
1,0.16,277,0.1014413698248925,44.215358931552586,27.823400762076595
1,0.16,277,0.1014413698248925,44.45742904841402,27.69801504291974
1,0.16,277,0.1014413698248925,44.69949916527546,27.57362832479164
1,0.16,277,0.1014413698248925,44.941569282136896,27.450338820563257
1,0.16,277,0.1014413698248925,45.18363939899833,27.328228626691185
1,0.16,277,0.1014413698248925,45.425709515859765,27.20725917307174
1,0.16,277,0.1014413698248925,45.6677796327212,27.087332782263463
1,0.16,277,0.1014413698248925,45.90984974958264,26.9683528241848
1,0.16,277,0.1014413698248925,46.151919866444075,26.850224147568188
1,0.16,277,0.1014413698248925,46.39398998330551,26.732853057273907
1,0.16,277,0.1014413698248925,46.636060100166944,26.616147294601078
1,0.16,277,0.1014413698248925,46.87813021702838,26.500016020530342
1,0.16,277,0.1014413698248925,47.12020033388982,26.384369801833852
1,0.16,277,0.1014413698248925,47.362270450751254,26.269120599988824
1,0.16,277,0.1014413698248925,47.60434056761269,26.154181762830223
1,0.16,277,0.1014413698248925,47.84641068447412,26.039468018879184
1,0.16,277,0.1014413698248925,48.08848080133556,25.924895474282565
1,0.16,277,0.1014413698248925,48.330550918197,25.810381612299132
1,0.16,277,0.1014413698248925,48.57262103505843,25.69584529526707
1,0.16,277,0.1014413698248925,48.81469115191987,25.58120676898685
1,0.16,277,0.1014413698248925,49.0567612687813,25.466387669452192
1,0.16,277,0.1014413698248925,49.298831385642735,25.35131103186125
1,0.16,277,0.1014413698248925,49.54090150250418,25.23590130183813
1,0.16,277,0.1014413698248925,49.78297161936561,25.12008434879412
1,0.16,277,0.1014413698248925,50.025041736227045,25.00378751797099
1,0.16,277,0.1014413698248925,50.26711185308848,24.886983694527608
1,0.16,277,0.1014413698248925,50.509181969949914,24.769775471262143
1,0.16,277,0.1014413698248925,50.751252086811355,24.652287141379237
1,0.16,277,0.1014413698248925,50.99332220367279,24.53464073934686
1,0.16,277,0.1014413698248925,51.235392320534224,24.416956033781798
1,0.16,277,0.1014413698248925,51.47746243739566,24.299350526145666
1,0.16,277,0.1014413698248925,51.71953255425709,24.181939455063706
1,0.16,277,0.1014413698248925,51.961602671118534,24.06483580607921
1,0.16,277,0.1014413698248925,52.20367278797997,23.948150326657153
1,0.16,277,0.1014413698248925,52.4457429048414,23.831991546252993
1,0.16,277,0.1014413698248925,52.68781302170284,23.716465801265315
1,0.16,277,0.1014413698248925,52.92988313856427,23.601677264693286
1,0.16,277,0.1014413698248925,53.17195325542571,23.48772798032479
1,0.16,277,0.1014413698248925,53.41402337228715,23.374717901284715
1,0.16,277,0.1014413698248925,53.65609348914858,23.262744932777807
1,0.16,277,0.1014413698248925,53.898163606010016,23.151904978866057
1,0.16,277,0.1014413698248925,54.14023372287145,23.042291993126195
1,0.16,277,0.1014413698248925,54.38230383973289,22.933998033039064
1,0.16,277,0.1014413698248925,54.624373956594326,22.827113317969605
1,0.16,277,0.1014413698248925,54.86644407345576,22.721726290602543
1,0.16,277,0.1014413698248925,55.108514190317194,22.617922988174524
1,0.16,277,0.1014413698248925,55.35058430717863,22.515767296179263
1,0.16,277,0.1014413698248925,55.59265442404007,22.41529852296093
1,0.16,277,0.1014413698248925,55.834724540901504,22.316553975203565
1,0.16,277,0.1014413698248925,56.07679465776294,22.21957029574901
1,0.16,277,0.1014413698248925,56.31886477462437,22.12438350296048
1,0.16,277,0.1014413698248925,56.56093489148581,22.03102903054967
1,0.16,277,0.1014413698248925,56.80300500834725,21.93954176785828
1,0.16,277,0.1014413698248925,57.04507512520868,21.849956100587246
1,0.16,277,0.1014413698248925,57.28714524207012,21.762305951969505
1,0.16,277,0.1014413698248925,57.52921535893155,21.67662482438421
1,0.16,277,0.1014413698248925,57.771285475792986,21.592945841412714
1,0.16,277,0.1014413698248925,58.01335559265443,21.511301790339317
1,0.16,277,0.1014413698248925,58.25542570951586,21.431725165101902
1,0.16,277,0.1014413698248925,58.497495826377296,21.354248209700003
1,0.16,277,0.1014413698248925,58.73956594323873,21.27890296207062
1,0.16,277,0.1014413698248925,58.981636060100165,21.205721298444203
1,0.16,277,0.1014413698248925,59.223706176961606,21.134734978195947
1,0.16,277,0.1014413698248925,59.46577629382304,21.065975689210177
1,0.16,277,0.1014413698248925,59.707846410684475,20.99947509377781
1,0.16,277,0.1014413698248925,59.94991652754591,20.93526487504993
1,0.16,277,0.1014413698248925,60.19198664440734,20.873362473260432
1,0.16,277,0.1014413698248925,60.434056761268785,20.813677776747625
1,0.16,277,0.1014413698248925,60.67612687813022,20.75607303849645
1,0.16,277,0.1014413698248925,60.91819699499165,20.70041220454873
1,0.16,277,0.1014413698248925,61.16026711185309,20.646561046157952
1,0.16,277,0.1014413698248925,61.40233722871452,20.59438704601092
1,0.16,277,0.1014413698248925,61.644407345575964,20.543759293100315
1,0.16,277,0.1014413698248925,61.8864774624374,20.494548386037255
1,0.16,277,0.1014413698248925,62.12854757929883,20.44662634461074
1,0.16,277,0.1014413698248925,62.37061769616027,20.399866529415657
1,0.16,277,0.1014413698248925,62.6126878130217,20.354143569385844
1,0.16,277,0.1014413698248925,62.85475792988314,20.309333297080443
1,0.16,277,0.1014413698248925,63.09682804674458,20.265312691583876
1,0.16,277,0.1014413698248925,63.33889816360601,20.221959828889233
1,0.16,277,0.1014413698248925,63.580968280467445,20.17915383964383
1,0.16,277,0.1014413698248925,63.82303839732888,20.13677487414288
1,0.16,277,0.1014413698248925,64.06510851419031,20.094704074463902
1,0.16,277,0.1014413698248925,64.30717863105176,20.052823553638945
1,0.16,277,0.1014413698248925,64.5492487479132,20.011016381766
1,0.16,277,0.1014413698248925,64.79131886477462,19.96916657896361
1,0.16,277,0.1014413698248925,65.03338898163605,19.92715913113239
1,0.16,277,0.1014413698248925,65.27545909849749,19.88488891394492
1,0.16,277,0.1014413698248925,65.51752921535893,19.842275421456467
1,0.16,277,0.1014413698248925,65.75959933222038,19.799242746472867
1,0.16,277,0.1014413698248925,66.0016694490818,19.755715667127905
1,0.16,277,0.1014413698248925,66.24373956594323,19.711619665102237
1,0.16,277,0.1014413698248925,66.48580968280467,19.666880946658207
1,0.16,277,0.1014413698248925,66.72787979966611,19.62142646643948
1,0.16,277,0.1014413698248925,66.96994991652755,19.575183953981995
1,0.16,277,0.1014413698248925,67.21202003338898,19.528081942879705
1,0.16,277,0.1014413698248925,67.45409015025041,19.48004980254605
1,0.16,277,0.1014413698248925,67.69616026711185,19.431017772508383
1,0.16,277,0.1014413698248925,67.93823038397329,19.380916999169177
1,0.16,277,0.1014413698248925,68.18030050083473,19.32967957496403
1,0.16,277,0.1014413698248925,68.42237061769616,19.277238579842614
1,0.16,277,0.1014413698248925,68.66444073455759,19.223528124994257
1,0.16,277,0.1014413698248925,68.90651085141903,19.168483398735468
1,0.16,277,0.1014413698248925,69.14858096828047,19.11204071447235
1,0.16,277,0.1014413698248925,69.3906510851419,19.054137560645547
1,0.16,277,0.1014413698248925,69.63272120200334,18.994712652561034
1,0.16,277,0.1014413698248925,69.87479131886478,18.93370598600434
1,0.16,277,0.1014413698248925,70.11686143572621,18.87106185549731
1,0.16,277,0.1014413698248925,70.35893155258765,18.806799655294338
1,0.16,277,0.1014413698248925,70.60100166944908,18.741016023335288
1,0.16,277,0.1014413698248925,70.84307178631052,18.673810462751778
1,0.16,277,0.1014413698248925,71.08514190317196,18.605281613896206
1,0.16,277,0.1014413698248925,71.32721202003339,18.535527187764483
1,0.16,277,0.1014413698248925,71.56928213689483,18.464643904352144
1,0.16,277,0.1014413698248925,71.81135225375625,18.392727435891686
1,0.16,277,0.1014413698248925,72.0534223706177,18.31987235491089
1,0.16,277,0.1014413698248925,72.29549248747914,18.24617208704476
1,0.16,277,0.1014413698248925,72.53756260434056,18.17171886852697
1,0.16,277,0.1014413698248925,72.779632721202,18.096603708280952
1,0.16,277,0.1014413698248925,73.02170283806343,18.02091635452518
1,0.16,277,0.1014413698248925,73.26377295492487,17.94474526580287
1,0.16,277,0.1014413698248925,73.50584307178632,17.868177586341794
1,0.16,277,0.1014413698248925,73.74791318864774,17.79129912564684
1,0.16,277,0.1014413698248925,73.98998330550918,17.714194342224662
1,0.16,277,0.1014413698248925,74.23205342237061,17.636946331337576
1,0.16,277,0.1014413698248925,74.47412353923205,17.55963681668213
1,0.16,277,0.1014413698248925,74.7161936560935,17.48234614588617
1,0.16,277,0.1014413698248925,74.95826377295492,17.4051532897177
1,0.16,277,0.1014413698248925,75.20033388981636,17.3281332111013
1,0.16,277,0.1014413698248925,75.44240400667779,17.25134180152497
1,0.16,277,0.1014413698248925,75.68447412353923,17.174826627736095
1,0.16,277,0.1014413698248925,75.92654424040067,17.0986343744568
1,0.16,277,0.1014413698248925,76.1686143572621,17.022810876925053
1,0.16,277,0.1014413698248925,76.41068447412354,16.947401130751306
1,0.16,277,0.1014413698248925,76.65275459098497,16.87244930297129
1,0.16,277,0.1014413698248925,76.89482470784641,16.797998744254986
1,0.16,277,0.1014413698248925,77.13689482470785,16.724092002232673
1,0.16,277,0.1014413698248925,77.37896494156928,16.650770835900122
1,0.16,277,0.1014413698248925,77.62103505843072,16.578076231065896
1,0.16,277,0.1014413698248925,77.86310517529215,16.50604841680503
1,0.16,277,0.1014413698248925,78.10517529215359,16.43472688288427
1,0.16,277,0.1014413698248925,78.34724540901503,16.36415039812581
1,0.16,277,0.1014413698248925,78.58931552587646,16.294357029677304
1,0.16,277,0.1014413698248925,78.8313856427379,16.22538416315759
1,0.16,277,0.1014413698248925,79.07345575959933,16.15726852364912
1,0.16,277,0.1014413698248925,79.31552587646077,16.090046197509153
1,0.16,277,0.1014413698248925,79.55759599332221,16.02375265497396
1,0.16,277,0.1014413698248925,79.79966611018364,15.958422773531266
1,0.16,277,0.1014413698248925,80.04173622704508,15.894090824849238
1,0.16,277,0.1014413698248925,80.2838063439065,15.830779038739616
1,0.16,277,0.1014413698248925,80.52587646076795,15.768481686772528
1,0.16,277,0.1014413698248925,80.76794657762939,15.707189086777241
1,0.16,277,0.1014413698248925,81.01001669449082,15.646891730036188
1,0.16,277,0.1014413698248925,81.25208681135226,15.587580279072004
1,0.16,277,0.1014413698248925,81.49415692821368,15.529245565476094
1,0.16,277,0.1014413698248925,81.73622704507513,15.471878587777551
1,0.16,277,0.1014413698248925,81.97829716193657,15.415470509352607
1,0.16,277,0.1014413698248925,82.220367278798,15.360012656373465
1,0.16,277,0.1014413698248925,82.46243739565944,15.305496515796458
1,0.16,277,0.1014413698248925,82.70450751252086,15.251913733388852
1,0.16,277,0.1014413698248925,82.9465776293823,15.199256111793751
1,0.16,277,0.1014413698248925,83.18864774624375,15.147515608632727
1,0.16,277,0.1014413698248925,83.43071786310517,15.096684334645714
1,0.16,277,0.1014413698248925,83.67278797996661,15.04675455186756
1,0.16,277,0.1014413698248925,83.91485809682804,14.99771867184088
1,0.16,277,0.1014413698248925,84.15692821368948,14.949569253864839
1,0.16,277,0.1014413698248925,84.39899833055092,14.902299003279154
1,0.16,277,0.1014413698248925,84.64106844741235,14.855900769783243
1,0.16,277,0.1014413698248925,84.88313856427379,14.810367545789727
1,0.16,277,0.1014413698248925,85.12520868113522,14.765692597371764
1,0.16,277,0.1014413698248925,85.36727879799666,14.721872135722364
1,0.16,277,0.1014413698248925,85.6093489148581,14.678905151602617
1,0.16,277,0.1014413698248925,85.85141903171953,14.636790815768848
1,0.16,277,0.1014413698248925,86.09348914858097,14.595528372660958
1,0.16,277,0.1014413698248925,86.3355592654424,14.555117142198506
1,0.16,277,0.1014413698248925,86.57762938230384,14.51555652158349
1,0.16,277,0.1014413698248925,86.81969949916528,14.476845987111037
1,0.16,277,0.1014413698248925,87.06176961602671,14.43898509598897
1,0.16,277,0.1014413698248925,87.30383973288815,14.401973488167364
1,0.16,277,0.1014413698248925,87.54590984974958,14.365810888179231
1,0.16,277,0.1014413698248925,87.78797996661102,14.330497106993434
1,0.16,277,0.1014413698248925,88.03005008347246,14.296032043880972
1,0.16,277,0.1014413698248925,88.27212020033389,14.262415688295677
1,0.16,277,0.1014413698248925,88.51419031719533,14.229648121770722
1,0.16,277,0.1014413698248925,88.75626043405676,14.197729519831888
1,0.16,277,0.1014413698248925,88.9983305509182,14.16666015392888
1,0.16,277,0.1014413698248925,89.24040066777964,14.13644039338594
1,0.16,277,0.1014413698248925,89.48247078464107,14.107070707372978
1,0.16,277,0.1014413698248925,89.72454090150251,14.078551666898354
1,0.16,277,0.1014413698248925,89.96661101836393,14.05088394682483
1,0.16,277,0.1014413698248925,90.20868113522538,14.02406473102283
1,0.16,277,0.1014413698248925,90.45075125208682,13.998069517686679
1,0.16,277,0.1014413698248925,90.69282136894824,13.972865912615893
1,0.16,277,0.1014413698248925,90.93489148580969,13.948421842955044
1,0.16,277,0.1014413698248925,91.17696160267111,13.924705555396104
1,0.16,277,0.1014413698248925,91.41903171953255,13.901685600367797
1,0.16,277,0.1014413698248925,91.661101836394,13.879330816957635
1,0.16,277,0.1014413698248925,91.90317195325542,13.85761031855235
1,0.16,277,0.1014413698248925,92.14524207011686,13.836493479183197
1,0.16,277,0.1014413698248925,92.38731218697829,13.815949920563625
1,0.16,277,0.1014413698248925,92.62938230383973,13.795949499807366
1,0.16,277,0.1014413698248925,92.87145242070117,13.77646229781593
1,0.16,277,0.1014413698248925,93.1135225375626,13.757458608325026
1,0.16,277,0.1014413698248925,93.35559265442404,13.73890892760022
1,0.16,277,0.1014413698248925,93.59766277128547,13.720783944772721
1,0.16,277,0.1014413698248925,93.83973288814691,13.703054532806734
1,0.16,277,0.1014413698248925,94.08180300500835,13.685691740090213
1,0.16,277,0.1014413698248925,94.32387312186978,13.668666782641866
1,0.16,277,0.1014413698248925,94.56594323873122,13.651951036926967
1,0.16,277,0.1014413698248925,94.80801335559265,13.635516033275621
1,0.16,277,0.1014413698248925,95.05008347245409,13.619333461688237
1,0.16,277,0.1014413698248925,95.29215358931553,13.603377445216688
1,0.16,277,0.1014413698248925,95.53422370617696,13.587627241083299
1,0.16,277,0.1014413698248925,95.7762938230384,13.572062868491603
1,0.16,277,0.1014413698248925,96.01836393989983,13.556664440874288
1,0.16,277,0.1014413698248925,96.26043405676127,13.541412163397938
1,0.16,277,0.1014413698248925,96.50250417362271,13.526286330757095
1,0.16,277,0.1014413698248925,96.74457429048414,13.511267325255067
1,0.16,277,0.1014413698248925,96.98664440734558,13.496335615169437
1,0.16,277,0.1014413698248925,97.228714524207,13.481471753400072
1,0.16,277,0.1014413698248925,97.47078464106845,13.466656376397479
1,0.16,277,0.1014413698248925,97.71285475792989,13.451870203369516
1,0.16,277,0.1014413698248925,97.95492487479132,13.437094035764362
1,0.16,277,0.1014413698248925,98.19699499165276,13.42230875702786
1,0.16,277,0.1014413698248925,98.43906510851419,13.407495332633069
1,0.16,277,0.1014413698248925,98.68113522537563,13.39263481038025
1,0.16,277,0.1014413698248925,98.92320534223707,13.377708320965152
1,0.16,277,0.1014413698248925,99.1652754590985,13.362697078813644
1,0.16,277,0.1014413698248925,99.40734557595994,13.347582383180654
1,0.16,277,0.1014413698248925,99.64941569282136,13.332345619511313
1,0.16,277,0.1014413698248925,99.8914858096828,13.316968261062206
1,0.16,277,0.1014413698248925,100.13355592654425,13.30143256758321
1,0.16,277,0.1014413698248925,100.37562604340567,13.285733587122694
1,0.16,277,0.1014413698248925,100.61769616026712,13.269877480143617
1,0.16,277,0.1014413698248925,100.85976627712854,13.253870756752097
1,0.16,277,0.1014413698248925,101.10183639398998,13.237719901821423
1,0.16,277,0.1014413698248925,101.34390651085143,13.221431374332644
1,0.16,277,0.1014413698248925,101.58597662771285,13.205011606746245
1,0.16,277,0.1014413698248925,101.8280467445743,13.188467004404593
1,0.16,277,0.1014413698248925,102.07011686143572,13.171803944965022
1,0.16,277,0.1014413698248925,102.31218697829716,13.155028777863397
1,0.16,277,0.1014413698248925,102.5542570951586,13.138147823807873
1,0.16,277,0.1014413698248925,102.79632721202003,13.121167374302715
1,0.16,277,0.1014413698248925,103.03839732888147,13.104093691201887
1,0.16,277,0.1014413698248925,103.2804674457429,13.086933006292249
1,0.16,277,0.1014413698248925,103.52253756260434,13.069691520906133
1,0.16,277,0.1014413698248925,103.76460767946578,13.052375405563001
1,0.16,277,0.1014413698248925,104.00667779632721,13.03499079964003
1,0.16,277,0.1014413698248925,104.24874791318865,13.017543811071311
1,0.16,277,0.1014413698248925,104.49081803005008,13.000040516075478
1,0.16,277,0.1014413698248925,104.73288814691152,12.98248695891147
1,0.16,277,0.1014413698248925,104.97495826377296,12.964889151662232
1,0.16,277,0.1014413698248925,105.21702838063439,12.947253074046012
1,0.16,277,0.1014413698248925,105.45909849749583,12.929584673255066
1,0.16,277,0.1014413698248925,105.70116861435726,12.911889863821571
1,0.16,277,0.1014413698248925,105.9432387312187,12.894174527510279
1,0.16,277,0.1014413698248925,106.18530884808014,12.87644451323788
1,0.16,277,0.1014413698248925,106.42737896494157,12.858705637018712
1,0.16,277,0.1014413698248925,106.66944908180301,12.840963681936511
1,0.16,277,0.1014413698248925,106.91151919866444,12.823224398142024
1,0.16,277,0.1014413698248925,107.15358931552588,12.80549350287617
1,0.16,277,0.1014413698248925,107.39565943238732,12.787776680518498
1,0.16,277,0.1014413698248925,107.63772954924875,12.770079582660713
1,0.16,277,0.1014413698248925,107.87979966611019,12.752407828204937
1,0.16,277,0.1014413698248925,108.12186978297161,12.734767003486475
1,0.16,277,0.1014413698248925,108.36393989983306,12.717162662420963
1,0.16,277,0.1014413698248925,108.6060100166945,12.699600326675304
1,0.16,277,0.1014413698248925,108.84808013355592,12.68208548586258
1,0.16,277,0.1014413698248925,109.09015025041737,12.664623597760286
1,0.16,277,0.1014413698248925,109.3322203672788,12.647220088551943
1,0.16,277,0.1014413698248925,109.57429048414023,12.629880353091584
1,0.16,277,0.1014413698248925,109.81636060100168,12.612609755191151
1,0.16,277,0.1014413698248925,110.0584307178631,12.59541361840531
1,0.16,277,0.1014413698248925,110.30050083472455,12.578295980132012
1,0.16,277,0.1014413698248925,110.54257095158597,12.561258360458421
1,0.16,277,0.1014413698248925,110.78464106844741,12.544301975539751
1,0.16,277,0.1014413698248925,111.02671118530886,12.527428033801367
1,0.16,277,0.1014413698248925,111.26878130217028,12.510637736047748
1,0.16,277,0.1014413698248925,111.51085141903172,12.493932275572075
1,0.16,277,0.1014413698248925,111.75292153589315,12.477312838266766
1,0.16,277,0.1014413698248925,111.99499165275459,12.460780602734626
1,0.16,277,0.1014413698248925,112.23706176961603,12.444336740400963
1,0.16,277,0.1014413698248925,112.47913188647746,12.427982415626266
1,0.16,277,0.1014413698248925,112.7212020033389,12.411718785819792
1,0.16,277,0.1014413698248925,112.96327212020033,12.395547001553819
1,0.16,277,0.1014413698248925,113.20534223706177,12.379468206678661
1,0.16,277,0.1014413698248925,113.44741235392321,12.3634835384384
1,0.16,277,0.1014413698248925,113.68948247078464,12.347594127587401
1,0.16,277,0.1014413698248925,113.93155258764608,12.331801098507437
1,0.16,277,0.1014413698248925,114.17362270450751,12.316105569325629
1,0.16,277,0.1014413698248925,114.41569282136895,12.30050865203306
1,0.16,277,0.1014413698248925,114.65776293823039,12.285011452604039
1,0.16,277,0.1014413698248925,114.89983305509182,12.269615071116135
1,0.16,277,0.1014413698248925,115.14190317195326,12.254320601870873
1,0.16,277,0.1014413698248925,115.38397328881469,12.239129133515076
1,0.16,277,0.1014413698248925,115.62604340567613,12.22404174916296
1,0.16,277,0.1014413698248925,115.86811352253757,12.209059526518834
1,0.16,277,0.1014413698248925,116.110183639399,12.194183538000537
1,0.16,277,0.1014413698248925,116.35225375626044,12.179414850863475
1,0.16,277,0.1014413698248925,116.59432387312187,12.164754527325425
1,0.16,277,0.1014413698248925,116.8363939899833,12.15020362469186
1,0.16,277,0.1014413698248925,117.07846410684475,12.13576319548211
1,0.16,277,0.1014413698248925,117.32053422370618,12.121434287555996
1,0.16,277,0.1014413698248925,117.56260434056762,12.107217944241286
1,0.16,277,0.1014413698248925,117.80467445742904,12.09311520446171
1,0.16,277,0.1014413698248925,118.04674457429049,12.079127102865641
1,0.16,277,0.1014413698248925,118.28881469115193,12.065254669955467
1,0.16,277,0.1014413698248925,118.53088480801335,12.051498932217598
1,0.16,277,0.1014413698248925,118.7729549248748,12.037860912253105
1,0.16,277,0.1014413698248925,119.01502504173622,12.024341628909054
1,0.16,277,0.1014413698248925,119.25709515859766,12.010942097410465
1,0.16,277,0.1014413698248925,119.4991652754591,11.997663329492921
1,0.16,277,0.1014413698248925,119.74123539232053,11.984506333535883
1,0.16,277,0.1014413698248925,119.98330550918197,11.971472114696596
1,0.16,277,0.1014413698248925,120.2253756260434,11.958561309941492
1,0.16,277,0.1014413698248925,120.46744574290484,11.945772759650502
1,0.16,277,0.1014413698248925,120.70951585976628,11.933104759693851
1,0.16,277,0.1014413698248925,120.95158597662771,11.92055561434413
1,0.16,277,0.1014413698248925,121.19365609348915,11.908123636284936
1,0.16,277,0.1014413698248925,121.43572621035058,11.895807146473082
1,0.16,277,0.1014413698248925,121.67779632721202,11.883604474003153
1,0.16,277,0.1014413698248925,121.91986644407346,11.871513955974152
1,0.16,277,0.1014413698248925,122.16193656093489,11.859533937358345
1,0.16,277,0.1014413698248925,122.40400667779633,11.847662770872326
1,0.16,277,0.1014413698248925,122.64607679465776,11.83589881685016
1,0.16,277,0.1014413698248925,122.8881469115192,11.824240443118676
1,0.16,277,0.1014413698248925,123.13021702838064,11.812686024874857
1,0.16,277,0.1014413698248925,123.37228714524207,11.801233944565357
1,0.16,277,0.1014413698248925,123.61435726210351,11.78988259176802
1,0.16,277,0.1014413698248925,123.85642737896494,11.77863036307557
1,0.16,277,0.1014413698248925,124.09849749582638,11.76747566198124
1,0.16,277,0.1014413698248925,124.34056761268782,11.756416898766494
1,0.16,277,0.1014413698248925,124.58263772954925,11.745452490390734
1,0.16,277,0.1014413698248925,124.82470784641069,11.734580860383021
1,0.16,277,0.1014413698248925,125.06677796327212,11.723800438735795
1,0.16,277,0.1014413698248925,125.30884808013356,11.713109661800516
1,0.16,277,0.1014413698248925,125.550918196995,11.70250697218534
1,0.16,277,0.1014413698248925,125.79298831385643,11.691990818654675
1,0.16,277,0.1014413698248925,126.03505843071787,11.681559656030709
1,0.16,277,0.1014413698248925,126.2771285475793,11.671211945096818
1,0.16,277,0.1014413698248925,126.51919866444074,11.660946152502945
1,0.16,277,0.1014413698248925,126.76126878130218,11.650760750672802
1,0.16,277,0.1014413698248925,127.0033388981636,11.64065421771302
1,0.16,277,0.1014413698248925,127.24540901502505,11.630625037324108
1,0.16,277,0.1014413698248925,127.48747913188647,11.620671698713315
1,0.16,277,0.1014413698248925,127.72954924874792,11.61079269650936
1,0.16,277,0.1014413698248925,127.97161936560936,11.600986530678906
1,0.16,277,0.1014413698248925,128.21368948247078,11.591251706445002
1,0.16,277,0.1014413698248925,128.45575959933223,11.581586734207194
1,0.16,277,0.1014413698248925,128.69782971619367,11.571990129463556
1,0.16,277,0.1014413698248925,128.9398998330551,11.562460412734469
1,0.16,277,0.1014413698248925,129.18196994991655,11.552996109488182
1,0.16,277,0.1014413698248925,129.42404006677796,11.543595750068159
1,0.16,277,0.1014413698248925,129.6661101836394,11.534257869622211
1,0.16,277,0.1014413698248925,129.90818030050082,11.524981008033365
1,0.16,277,0.1014413698248925,130.15025041736226,11.515763709852466
1,0.16,277,0.1014413698248925,130.3923205342237,11.506604524232571
1,0.16,277,0.1014413698248925,130.63439065108514,11.497502004865048
1,0.16,277,0.1014413698248925,130.87646076794658,11.48845470991735
1,0.16,277,0.1014413698248925,131.11853088480802,11.479461201972608
1,0.16,277,0.1014413698248925,131.36060100166947,11.470520047970831
1,0.16,277,0.1014413698248925,131.6026711185309,11.461629819151865
1,0.16,277,0.1014413698248925,131.84474123539232,11.452789091000021
1,0.16,277,0.1014413698248925,132.08681135225376,11.443996443190388
1,0.16,277,0.1014413698248925,132.32888146911517,11.435250459536826
1,0.16,277,0.1014413698248925,132.57095158597662,11.426549727941614
1,0.16,277,0.1014413698248925,132.81302170283806,11.417892840346799
1,0.16,277,0.1014413698248925,133.0550918196995,11.409278392687135
1,0.16,277,0.1014413698248925,133.29716193656094,11.400704984844719
1,0.16,277,0.1014413698248925,133.53923205342238,11.39217122060525
1,0.16,277,0.1014413698248925,133.7813021702838,11.383675707615934
1,0.16,277,0.1014413698248925,134.02337228714524,11.375217057344999
1,0.16,277,0.1014413698248925,134.26544240400668,11.366793885042815
1,0.16,277,0.1014413698248925,134.50751252086812,11.358404809704677
1,0.16,277,0.1014413698248925,134.74958263772956,11.350048454035155
1,0.16,277,0.1014413698248925,134.99165275459097,11.341723444414054
1,0.16,277,0.1014413698248925,135.23372287145241,11.33342771051389
1,0.16,277,0.1014413698248925,135.47579298831386,11.325156082987846
1,0.16,277,0.1014413698248925,135.7178631051753,11.316902547127036
1,0.16,277,0.1014413698248925,135.95993322203674,11.308661105257652
1,0.16,277,0.1014413698248925,136.20200333889815,11.300425776698228
1,0.16,277,0.1014413698248925,136.4440734557596,11.29219059771664
1,0.16,277,0.1014413698248925,136.68614357262103,11.283949621518568
1,0.16,277,0.1014413698248925,136.92821368948248,11.275696918267311
1,0.16,277,0.1014413698248925,137.17028380634392,11.267426575134767
1,0.16,277,0.1014413698248925,137.41235392320533,11.259132696383475
1,0.16,277,0.1014413698248925,137.65442404006677,11.250809403479522
1,0.16,277,0.1014413698248925,137.8964941569282,11.242450835236163
1,0.16,277,0.1014413698248925,138.13856427378965,11.23405114798801
1,0.16,277,0.1014413698248925,138.3806343906511,11.225604515795661
1,0.16,277,0.1014413698248925,138.6227045075125,11.217105130680531
1,0.16,277,0.1014413698248925,138.86477462437395,11.208547202889763
1,0.16,277,0.1014413698248925,139.1068447412354,11.199924961191089
1,0.16,277,0.1014413698248925,139.34891485809683,11.191232653197408
1,0.16,277,0.1014413698248925,139.59098497495827,11.182464545720887
1,0.16,277,0.1014413698248925,139.8330550918197,11.173614925156485
1,0.16,277,0.1014413698248925,140.07512520868113,11.164678097894646
1,0.16,277,0.1014413698248925,140.31719532554257,11.155648390762986
1,0.16,277,0.1014413698248925,140.559265442404,11.146520151496748
1,0.16,277,0.1014413698248925,140.80133555926545,11.13728774923788
1,0.16,277,0.1014413698248925,141.04340567612687,11.12794557506247
1,0.16,277,0.1014413698248925,141.2854757929883,11.118488042536285
1,0.16,277,0.1014413698248925,141.52754590984975,11.10890958829832
1,0.16,277,0.1014413698248925,141.7696160267112,11.099204672671924
1,0.16,277,0.1014413698248925,142.01168614357263,11.08936778030342
1,0.16,277,0.1014413698248925,142.25375626043405,11.07939342082791
1,0.16,277,0.1014413698248925,142.4958263772955,11.069276129561938
1,0.16,277,0.1014413698248925,142.73789649415693,11.059010468222848
1,0.16,277,0.1014413698248925,142.97996661101837,11.048591025674456
1,0.16,277,0.1014413698248925,143.2220367278798,11.038012418698807
1,0.16,277,0.1014413698248925,143.46410684474122,11.027269292793646
1,0.16,277,0.1014413698248925,143.70617696160267,11.01635632299534
1,0.16,277,0.1014413698248925,143.9482470784641,11.005268214726968
1,0.16,277,0.1014413698248925,144.19031719532555,10.993999704671033
1,0.16,277,0.1014413698248925,144.432387312187,10.982545561666708
1,0.16,277,0.1014413698248925,144.6744574290484,10.970900587631087
1,0.16,277,0.1014413698248925,144.91652754590984,10.95905961850409
1,0.16,277,0.1014413698248925,145.15859766277129,10.94701752521666
1,0.16,277,0.1014413698248925,145.40066777963273,10.934769214681818
1,0.16,277,0.1014413698248925,145.64273789649417,10.922309630808208
1,0.16,277,0.1014413698248925,145.88480801335558,10.909633755535598
1,0.16,277,0.1014413698248925,146.12687813021702,10.89673660989202
1,0.16,277,0.1014413698248925,146.36894824707846,10.88361325507202
1,0.16,277,0.1014413698248925,146.6110183639399,10.870258793535482
1,0.16,277,0.1014413698248925,146.85308848080135,10.856668370126721
1,0.16,277,0.1014413698248925,147.09515859766276,10.842837173213116
1,0.16,277,0.1014413698248925,147.3372287145242,10.828760435842899
1,0.16,277,0.1014413698248925,147.57929883138564,10.814433436921624
1,0.16,277,0.1014413698248925,147.82136894824708,10.799851502406536
1,0.16,277,0.1014413698248925,148.06343906510853,10.785010006518547
1,0.16,277,0.1014413698248925,148.30550918196994,10.76990437297102
1,0.16,277,0.1014413698248925,148.54757929883138,10.75453007621492
1,0.16,277,0.1014413698248925,148.78964941569282,10.738882642699577
1,0.16,277,0.1014413698248925,149.03171953255426,10.722957652148613
1,0.16,277,0.1014413698248925,149.2737896494157,10.706750738850165
1,0.16,277,0.1014413698248925,149.51585976627712,10.690257592960922
1,0.16,277,0.1014413698248925,149.75792988313856,10.673473961823253
1,0.16,277,0.1014413698248925,150.0,10.656395651294654
2,0.3,197,0.12100715742893814,5.0,0.0
2,0.3,197,0.12100715742893814,5.242070116861436,0.0
2,0.3,197,0.12100715742893814,5.484140233722871,0.0
2,0.3,197,0.12100715742893814,5.726210350584307,0.0
2,0.3,197,0.12100715742893814,5.968280467445743,0.0
2,0.3,197,0.12100715742893814,6.210350584307179,0.0
2,0.3,197,0.12100715742893814,6.452420701168615,0.0
2,0.3,197,0.12100715742893814,6.69449081803005,0.0
2,0.3,197,0.12100715742893814,6.936560934891486,0.0
2,0.3,197,0.12100715742893814,7.178631051752921,0.0
2,0.3,197,0.12100715742893814,7.420701168614357,0.0
2,0.3,197,0.12100715742893814,7.6627712854757934,0.0
2,0.3,197,0.12100715742893814,7.904841402337229,0.0
2,0.3,197,0.12100715742893814,8.146911519198664,0.0
2,0.3,197,0.12100715742893814,8.3889816360601,0.0
2,0.3,197,0.12100715742893814,8.631051752921536,0.0
2,0.3,197,0.12100715742893814,8.873121869782972,0.0
2,0.3,197,0.12100715742893814,9.115191986644408,0.09902135431164548
2,0.3,197,0.12100715742893814,9.357262103505843,0.19840058197127158
2,0.3,197,0.12100715742893814,9.599332220367279,0.31727563782907175
2,0.3,197,0.12100715742893814,9.841402337228715,0.4555459292904235
2,0.3,197,0.12100715742893814,10.083472454090149,0.6152717392984175
2,0.3,197,0.12100715742893814,10.325542570951587,0.8006582800538947
2,0.3,197,0.12100715742893814,10.567612687813021,1.012986267775686
2,0.3,197,0.12100715742893814,10.809682804674457,1.25300586686724
2,0.3,197,0.12100715742893814,11.051752921535893,1.5215658985374299
2,0.3,197,0.12100715742893814,11.293823038397328,1.8198419270945456
2,0.3,197,0.12100715742893814,11.535893155258766,2.149477353797629
2,0.3,197,0.12100715742893814,11.7779632721202,2.5129982278494514
2,0.3,197,0.12100715742893814,12.020033388981636,2.914204201821252
2,0.3,197,0.12100715742893814,12.262103505843072,3.3576498537521284
2,0.3,197,0.12100715742893814,12.504173622704506,3.8461536621611163
2,0.3,197,0.12100715742893814,12.746243739565944,4.381992435777798
2,0.3,197,0.12100715742893814,12.988313856427379,4.967311874628512
2,0.3,197,0.12100715742893814,13.230383973288815,5.604106457290303
2,0.3,197,0.12100715742893814,13.47245409015025,6.294200852437364
2,0.3,197,0.12100715742893814,13.714524207011687,7.039233359437072
2,0.3,197,0.12100715742893814,13.956594323873121,7.840641810569905
2,0.3,197,0.12100715742893814,14.198664440734557,8.699475530830151
2,0.3,197,0.12100715742893814,14.440734557595993,9.615137584634589
2,0.3,197,0.12100715742893814,14.68280467445743,10.585543204965468
2,0.3,197,0.12100715742893814,14.924874791318866,11.607411429289177
2,0.3,197,0.12100715742893814,15.1669449081803,12.67615487055797
2,0.3,197,0.12100715742893814,15.409015025041736,13.785786712611637
2,0.3,197,0.12100715742893814,15.651085141903172,14.928853311721037
2,0.3,197,0.12100715742893814,15.893155258764608,16.096399293421637
2,0.3,197,0.12100715742893814,16.135225375626042,17.278068169423374
2,0.3,197,0.12100715742893814,16.377295492487477,18.46390536119126
2,0.3,197,0.12100715742893814,16.619365609348915,19.644764079264288
2,0.3,197,0.12100715742893814,16.861435726210352,20.811224345656765
2,0.3,197,0.12100715742893814,17.103505843071787,21.95368522284058
2,0.3,197,0.12100715742893814,17.34557595993322,23.062507980570516
2,0.3,197,0.12100715742893814,17.587646076794655,24.128162732707448
2,0.3,197,0.12100715742893814,17.829716193656093,25.141375203032606
2,0.3,197,0.12100715742893814,18.07178631051753,26.093286358063633
2,0.3,197,0.12100715742893814,18.313856427378965,26.97689935173176
2,0.3,197,0.12100715742893814,18.5559265442404,27.78837417294687
2,0.3,197,0.12100715742893814,18.797996661101834,28.525249955013955
2,0.3,197,0.12100715742893814,19.040066777963272,29.18621898425561
2,0.3,197,0.12100715742893814,19.28213689482471,29.77108401287262
2,0.3,197,0.12100715742893814,19.524207011686144,30.280695485534874
2,0.3,197,0.12100715742893814,19.76627712854758,30.716872543559543
2,0.3,197,0.12100715742893814,20.008347245409013,31.08231179625251
2,0.3,197,0.12100715742893814,20.25041736227045,31.3805742413767
2,0.3,197,0.12100715742893814,20.49248747913189,31.616211544995483
2,0.3,197,0.12100715742893814,20.734557595993323,31.79442341527171
2,0.3,197,0.12100715742893814,20.976627712854757,31.920877908090723
2,0.3,197,0.12100715742893814,21.218697829716195,32.001606976834054
2,0.3,197,0.12100715742893814,21.46076794657763,32.04291081885786
2,0.3,197,0.12100715742893814,21.702838063439064,32.05127285875234
2,0.3,197,0.12100715742893814,21.9449081803005,32.03328672014526
2,0.3,197,0.12100715742893814,22.186978297161936,31.995320764521356
2,0.3,197,0.12100715742893814,22.429048414023374,31.941526866567266
2,0.3,197,0.12100715742893814,22.671118530884808,31.87497387096841
2,0.3,197,0.12100715742893814,22.913188647746242,31.79870684591894
2,0.3,197,0.12100715742893814,23.15525876460768,31.715744299796803
2,0.3,197,0.12100715742893814,23.397328881469114,31.62907119088674
2,0.3,197,0.12100715742893814,23.639398998330552,31.541634731975222
2,0.3,197,0.12100715742893814,23.881469115191987,31.456342927155923
2,0.3,197,0.12100715742893814,24.12353923205342,31.37598902562091
2,0.3,197,0.12100715742893814,24.36560934891486,31.30165442495767
2,0.3,197,0.12100715742893814,24.607679465776293,31.232776911406503
2,0.3,197,0.12100715742893814,24.84974958263773,31.16872895103487
2,0.3,197,0.12100715742893814,25.091819699499165,31.108885044862483
2,0.3,197,0.12100715742893814,25.3338898163606,31.05262121020072
2,0.3,197,0.12100715742893814,25.575959933222038,30.999314551572482
2,0.3,197,0.12100715742893814,25.818030050083472,30.948342925053716
2,0.3,197,0.12100715742893814,26.06010016694491,30.899089648135533
2,0.3,197,0.12100715742893814,26.302170283806344,30.851546575529206
2,0.3,197,0.12100715742893814,26.54424040066778,30.806887266344724
2,0.3,197,0.12100715742893814,26.786310517529216,30.766412369322193
2,0.3,197,0.12100715742893814,27.02838063439065,30.731413758009882
2,0.3,197,0.12100715742893814,27.27045075125209,30.703176766439825
2,0.3,197,0.12100715742893814,27.512520868113523,30.68298294636278
2,0.3,197,0.12100715742893814,27.754590984974957,30.672113344426492
2,0.3,197,0.12100715742893814,27.996661101836395,30.671852301276026
2,0.3,197,0.12100715742893814,28.23873121869783,30.683113524335205
2,0.3,197,0.12100715742893814,28.480801335559267,30.70524389729426
2,0.3,197,0.12100715742893814,28.7228714524207,30.73718654419657
2,0.3,197,0.12100715742893814,28.964941569282136,30.777888073036866
2,0.3,197,0.12100715742893814,29.207011686143574,30.82629544171682
2,0.3,197,0.12100715742893814,29.449081803005008,30.881353180209036
2,0.3,197,0.12100715742893814,29.691151919866446,30.94200096865714
2,0.3,197,0.12100715742893814,29.93322203672788,31.00717157248414
2,0.3,197,0.12100715742893814,30.175292153589314,31.075828271643367
2,0.3,197,0.12100715742893814,30.417362270450752,31.14729727124202
2,0.3,197,0.12100715742893814,30.659432387312187,31.2211040661099
2,0.3,197,0.12100715742893814,30.901502504173624,31.296770767511934
2,0.3,197,0.12100715742893814,31.14357262103506,31.37381366623155
2,0.3,197,0.12100715742893814,31.385642737896493,31.45174302459483
2,0.3,197,0.12100715742893814,31.62771285475793,31.530062940846562
2,0.3,197,0.12100715742893814,31.869782971619365,31.608271288099107
2,0.3,197,0.12100715742893814,32.1118530884808,31.685859730088726
2,0.3,197,0.12100715742893814,32.35392320534224,31.76231381595607
2,0.3,197,0.12100715742893814,32.59599332220367,31.837113156219154
2,0.3,197,0.12100715742893814,32.83806343906511,31.909731682022677
2,0.3,197,0.12100715742893814,33.080133555926544,31.979637989629417
2,0.3,197,0.12100715742893814,33.32220367278798,32.046295771962676
2,0.3,197,0.12100715742893814,33.56427378964942,32.10916433881248
2,0.3,197,0.12100715742893814,33.80634390651085,32.167699227084235
2,0.3,197,0.12100715742893814,34.04841402337229,32.2213529021908
2,0.3,197,0.12100715742893814,34.29048414023372,32.26957555137008
2,0.3,197,0.12100715742893814,34.53255425709516,32.31181596934948
2,0.3,197,0.12100715742893814,34.7746243739566,32.34752253637386
2,0.3,197,0.12100715742893814,35.016694490818026,32.376144321335666
2,0.3,197,0.12100715742893814,35.25876460767947,32.39725567547547
2,0.3,197,0.12100715742893814,35.5008347245409,32.41083633964158
2,0.3,197,0.12100715742893814,35.742904841402336,32.41695231358486
2,0.3,197,0.12100715742893814,35.98497495826378,32.41567417912566
2,0.3,197,0.12100715742893814,36.227045075125204,32.40707695667697
2,0.3,197,0.12100715742893814,36.469115191986646,32.39123995879699
2,0.3,197,0.12100715742893814,36.71118530884808,32.3682466410679
2,0.3,197,0.12100715742893814,36.953255425709514,32.33818445059748
2,0.3,197,0.12100715742893814,37.19532554257095,32.301144672434376
2,0.3,197,0.12100715742893814,37.43739565943239,32.25722227418657
2,0.3,197,0.12100715742893814,37.679465776293824,32.20651574912662
2,0.3,197,0.12100715742893814,37.92153589315526,32.14912695806374
2,0.3,197,0.12100715742893814,38.16360601001669,32.085160970256894
2,0.3,197,0.12100715742893814,38.40567612687813,32.014725903637895
2,0.3,197,0.12100715742893814,38.64774624373957,31.93793276460752
2,0.3,197,0.12100715742893814,38.889816360601,31.854895287661055
2,0.3,197,0.12100715742893814,39.13188647746244,31.76572977509323
2,0.3,197,0.12100715742893814,39.37395659432387,31.67055493702556
2,0.3,197,0.12100715742893814,39.616026711185306,31.569491731991207
2,0.3,197,0.12100715742893814,39.85809682804675,31.462663208305717
2,0.3,197,0.12100715742893814,40.10016694490818,31.350196553606274
2,0.3,197,0.12100715742893814,40.342237061769616,31.23229960377603
2,0.3,197,0.12100715742893814,40.58430717863105,31.109278995634075
2,0.3,197,0.12100715742893814,40.826377295492485,30.981445998974273
2,0.3,197,0.12100715742893814,41.068447412353926,30.84910978558395
2,0.3,197,0.12100715742893814,41.31051752921536,30.71257702424331
2,0.3,197,0.12100715742893814,41.552587646076795,30.57215150380981
2,0.3,197,0.12100715742893814,41.79465776293823,30.42813378425255
2,0.3,197,0.12100715742893814,42.03672787979966,30.280820875414324
2,0.3,197,0.12100715742893814,42.278797996661105,30.13050594320011
2,0.3,197,0.12100715742893814,42.52086811352254,29.97747804281776
2,0.3,197,0.12100715742893814,42.76293823038397,29.822021878630242
2,0.3,197,0.12100715742893814,43.00500834724541,29.664417590119715
2,0.3,197,0.12100715742893814,43.24707846410684,29.504940563410475
2,0.3,197,0.12100715742893814,43.48914858096828,29.343861267751407
2,0.3,197,0.12100715742893814,43.73121869782972,29.181445116317946
2,0.3,197,0.12100715742893814,43.97328881469115,29.01795235065932
2,0.3,197,0.12100715742893814,44.215358931552586,28.853637948088664
2,0.3,197,0.12100715742893814,44.45742904841402,28.688751551290093
2,0.3,197,0.12100715742893814,44.69949916527546,28.523537419399705
2,0.3,197,0.12100715742893814,44.941569282136896,28.35823439980538
2,0.3,197,0.12100715742893814,45.18363939899833,28.193063436653624
2,0.3,197,0.12100715742893814,45.425709515859765,28.028135393178527
2,0.3,197,0.12100715742893814,45.6677796327212,27.863506036809405
2,0.3,197,0.12100715742893814,45.90984974958264,27.699229369059843
2,0.3,197,0.12100715742893814,46.151919866444075,27.535358044357483
2,0.3,197,0.12100715742893814,46.39398998330551,27.37194338510547
2,0.3,197,0.12100715742893814,46.636060100166944,27.209035397413395
2,0.3,197,0.12100715742893814,46.87813021702838,27.046682787462856
2,0.3,197,0.12100715742893814,47.12020033388982,26.884932978473476
2,0.3,197,0.12100715742893814,47.362270450751254,26.7238321282358
2,0.3,197,0.12100715742893814,47.60434056761269,26.56342514717813
2,0.3,197,0.12100715742893814,47.84641068447412,26.403755716935862
2,0.3,197,0.12100715742893814,48.08848080133556,26.244866309391494
2,0.3,197,0.12100715742893814,48.330550918197,26.086798206155763
2,0.3,197,0.12100715742893814,48.57262103505843,25.92959151845978
2,0.3,197,0.12100715742893814,48.81469115191987,25.7732852074299
2,0.3,197,0.12100715742893814,49.0567612687813,25.617917104717648
2,0.3,197,0.12100715742893814,49.298831385642735,25.463523933457385
2,0.3,197,0.12100715742893814,49.54090150250418,25.31014132952626
2,0.3,197,0.12100715742893814,49.78297161936561,25.15780386308093
2,0.3,197,0.12100715742893814,50.025041736227045,25.006545071709578
2,0.3,197,0.12100715742893814,50.26711185308848,24.85641113297949
2,0.3,197,0.12100715742893814,50.509181969949914,24.707486844077184
2,0.3,197,0.12100715742893814,50.751252086811355,24.559862013089596
2,0.3,197,0.12100715742893814,50.99332220367279,24.413624072160847
2,0.3,197,0.12100715742893814,51.235392320534224,24.268858135041818
2,0.3,197,0.12100715742893814,51.47746243739566,24.1256470574242
2,0.3,197,0.12100715742893814,51.71953255425709,23.984071499910385
2,0.3,197,0.12100715742893814,51.961602671118534,23.844209993477566
2,0.3,197,0.12100715742893814,52.20367278797997,23.706139007300898
2,0.3,197,0.12100715742893814,52.4457429048414,23.56993301880874
2,0.3,197,0.12100715742893814,52.68781302170284,23.43566458584943
2,0.3,197,0.12100715742893814,52.92988313856427,23.303404420857646
2,0.3,197,0.12100715742893814,53.17195325542571,23.173221466915052
2,0.3,197,0.12100715742893814,53.41402337228715,23.045182975608743
2,0.3,197,0.12100715742893814,53.65609348914858,22.919354586598114
2,0.3,197,0.12100715742893814,53.898163606010016,22.79580040880946
2,0.3,197,0.12100715742893814,54.14023372287145,22.674583103185206
2,0.3,197,0.12100715742893814,54.38230383973289,22.555763966923195
2,0.3,197,0.12100715742893814,54.624373956594326,22.439403019149637
2,0.3,197,0.12100715742893814,54.86644407345576,22.325559087977567
2,0.3,197,0.12100715742893814,55.108514190317194,22.214288511320152
2,0.3,197,0.12100715742893814,55.35058430717863,22.105605600613828
2,0.3,197,0.12100715742893814,55.59265442404007,21.999477809380185
2,0.3,197,0.12100715742893814,55.834724540901504,21.895870853074307
2,0.3,197,0.12100715742893814,56.07679465776294,21.794751292465925
2,0.3,197,0.12100715742893814,56.31886477462437,21.69608651749415
2,0.3,197,0.12100715742893814,56.56093489148581,21.599844731516445
2,0.3,197,0.12100715742893814,56.80300500834725,21.50599493594442
2,0.3,197,0.12100715742893814,57.04507512520868,21.414506915258944
2,0.3,197,0.12100715742893814,57.28714524207012,21.3253512223973
2,0.3,197,0.12100715742893814,57.52921535893155,21.238499164505047
2,0.3,197,0.12100715742893814,57.771285475792986,21.153922789045602
2,0.3,197,0.12100715742893814,58.01335559265443,21.07159487026051
2,0.3,197,0.12100715742893814,58.25542570951586,20.99148889597347
2,0.3,197,0.12100715742893814,58.497495826377296,20.913579054731503
2,0.3,197,0.12100715742893814,58.73956594323873,20.837840223276547
2,0.3,197,0.12100715742893814,58.981636060100165,20.764247954340913
2,0.3,197,0.12100715742893814,59.223706176961606,20.69277846476042
2,0.3,197,0.12100715742893814,59.46577629382304,20.623408623898758
2,0.3,197,0.12100715742893814,59.707846410684475,20.55611594237705
2,0.3,197,0.12100715742893814,59.94991652754591,20.490878561102587
2,0.3,197,0.12100715742893814,60.19198664440734,20.427664303589193
2,0.3,197,0.12100715742893814,60.434056761268785,20.366359336018277
2,0.3,197,0.12100715742893814,60.67612687813022,20.30681396460512
2,0.3,197,0.12100715742893814,60.91819699499165,20.248880318381826
2,0.3,197,0.12100715742893814,61.16026711185309,20.192412428467602
2,0.3,197,0.12100715742893814,61.40233722871452,20.137266123214296
2,0.3,197,0.12100715742893814,61.644407345575964,20.083298933741357
2,0.3,197,0.12100715742893814,61.8864774624374,20.030370009628676
2,0.3,197,0.12100715742893814,62.12854757929883,19.978340044552517
2,0.3,197,0.12100715742893814,62.37061769616027,19.927071211664536
2,0.3,197,0.12100715742893814,62.6126878130217,19.876427108527352
2,0.3,197,0.12100715742893814,62.85475792988314,19.826272711430498
2,0.3,197,0.12100715742893814,63.09682804674458,19.776474338920526
2,0.3,197,0.12100715742893814,63.33889816360601,19.72689962438631
2,0.3,197,0.12100715742893814,63.580968280467445,19.677417497546276
2,0.3,197,0.12100715742893814,63.82303839732888,19.62789817468856
2,0.3,197,0.12100715742893814,64.06510851419031,19.578213157517713
2,0.3,197,0.12100715742893814,64.30717863105176,19.52823524046198
2,0.3,197,0.12100715742893814,64.5492487479132,19.477838526295066
2,0.3,197,0.12100715742893814,64.79131886477462,19.426898449923527
2,0.3,197,0.12100715742893814,65.03338898163605,19.375291867564904
2,0.3,197,0.12100715742893814,65.27545909849749,19.322928940615974
2,0.3,197,0.12100715742893814,65.51752921535893,19.269805602371207
2,0.3,197,0.12100715742893814,65.75959933222038,19.215931866880517
2,0.3,197,0.12100715742893814,66.0016694490818,19.161317781422873
2,0.3,197,0.12100715742893814,66.24373956594323,19.10597342440123
2,0.3,197,0.12100715742893814,66.48580968280467,19.049908903247434
2,0.3,197,0.12100715742893814,66.72787979966611,18.993134352337556
2,0.3,197,0.12100715742893814,66.96994991652755,18.935659930918202
2,0.3,197,0.12100715742893814,67.21202003338898,18.877495821044267
2,0.3,197,0.12100715742893814,67.45409015025041,18.818652225528627
2,0.3,197,0.12100715742893814,67.69616026711185,18.7591393659044
2,0.3,197,0.12100715742893814,67.93823038397329,18.69896748040007
2,0.3,197,0.12100715742893814,68.18030050083473,18.638146821928053
2,0.3,197,0.12100715742893814,68.42237061769616,18.576687656087145
2,0.3,197,0.12100715742893814,68.66444073455759,18.514600259179325
2,0.3,197,0.12100715742893814,68.90651085141903,18.451894916241226
2,0.3,197,0.12100715742893814,69.14858096828047,18.388581919091003
2,0.3,197,0.12100715742893814,69.3906510851419,18.324671564390552
2,0.3,197,0.12100715742893814,69.63272120200334,18.260174151724062
2,0.3,197,0.12100715742893814,69.87479131886478,18.195099981692756
2,0.3,197,0.12100715742893814,70.11686143572621,18.129460333150668
2,0.3,197,0.12100715742893814,70.35893155258765,18.0632908321251
2,0.3,197,0.12100715742893814,70.60100166944908,17.996652116737557
2,0.3,197,0.12100715742893814,70.84307178631052,17.92960524964759
2,0.3,197,0.12100715742893814,71.08514190317196,17.862210495510872
2,0.3,197,0.12100715742893814,71.32721202003339,17.794527309095276
2,0.3,197,0.12100715742893814,71.56928213689483,17.72661432537293
2,0.3,197,0.12100715742893814,71.81135225375625,17.65852935154524
2,0.3,197,0.12100715742893814,72.0534223706177,17.590329360957025
2,0.3,197,0.12100715742893814,72.29549248747914,17.522070488855537
2,0.3,197,0.12100715742893814,72.53756260434056,17.453808029949474
2,0.3,197,0.12100715742893814,72.779632721202,17.38559643772291
2,0.3,197,0.12100715742893814,73.02170283806343,17.317489325458975
2,0.3,197,0.12100715742893814,73.26377295492487,17.249539468928162
2,0.3,197,0.12100715742893814,73.50584307178632,17.181798810696222
2,0.3,197,0.12100715742893814,73.74791318864774,17.114318466006974
2,0.3,197,0.12100715742893814,73.98998330550918,17.047148730195968
2,0.3,197,0.12100715742893814,74.23205342237061,16.98033908759126
2,0.3,197,0.12100715742893814,74.47412353923205,16.913938221858366
2,0.3,197,0.12100715742893814,74.7161936560935,16.84799402774757
2,0.3,197,0.12100715742893814,74.95826377295492,16.782553624202052
2,0.3,197,0.12100715742893814,75.20033388981636,16.717661868473378
2,0.3,197,0.12100715742893814,75.44240400667779,16.653352777981397
2,0.3,197,0.12100715742893814,75.68447412353923,16.58965563954705
2,0.3,197,0.12100715742893814,75.92654424040067,16.526599252130715
2,0.3,197,0.12100715742893814,76.1686143572621,16.464211952868393
2,0.3,197,0.12100715742893814,76.41068447412354,16.40252162996381
2,0.3,197,0.12100715742893814,76.65275459098497,16.34155573604136
2,0.3,197,0.12100715742893814,76.89482470784641,16.281341301946604
2,0.3,197,0.12100715742893814,77.13689482470785,16.221904950981767
2,0.3,197,0.12100715742893814,77.37896494156928,16.163272913564512
2,0.3,197,0.12100715742893814,77.62103505843072,16.105471042298817
2,0.3,197,0.12100715742893814,77.86310517529215,16.048524827448002
2,0.3,197,0.12100715742893814,78.10517529215359,15.992459412800152
2,0.3,197,0.12100715742893814,78.34724540901503,15.937299611917616
2,0.3,197,0.12100715742893814,78.58931552587646,15.883069924762609
2,0.3,197,0.12100715742893814,78.8313856427379,15.829794554692134
2,0.3,197,0.12100715742893814,79.07345575959933,15.77749742581612
2,0.3,197,0.12100715742893814,79.31552587646077,15.72620220071352
2,0.3,197,0.12100715742893814,79.55759599332221,15.67593229850237
2,0.3,197,0.12100715742893814,79.79966611018364,15.626710913260045
2,0.3,197,0.12100715742893814,80.04173622704508,15.578560983787636
2,0.3,197,0.12100715742893814,80.2838063439065,15.531490095851566
2,0.3,197,0.12100715742893814,80.52587646076795,15.485469380000374
2,0.3,197,0.12100715742893814,80.76794657762939,15.440465039986275
2,0.3,197,0.12100715742893814,81.01001669449082,15.396443769670684
2,0.3,197,0.12100715742893814,81.25208681135226,15.35337273446055
2,0.3,197,0.12100715742893814,81.49415692821368,15.311219553463634
2,0.3,197,0.12100715742893814,81.73622704507513,15.2699522823435
2,0.3,197,0.12100715742893814,81.97829716193657,15.229539396856604
2,0.3,197,0.12100715742893814,82.220367278798,15.189949777054109
2,0.3,197,0.12100715742893814,82.46243739565944,15.15115269213229
2,0.3,197,0.12100715742893814,82.70450751252086,15.113117785916044
2,0.3,197,0.12100715742893814,82.9465776293823,15.075815062960626
2,0.3,197,0.12100715742893814,83.18864774624375,15.039214875257727
2,0.3,197,0.12100715742893814,83.43071786310517,15.003287909532473
2,0.3,197,0.12100715742893814,83.67278797996661,14.96800517511856
2,0.3,197,0.12100715742893814,83.91485809682804,14.933337992399577
2,0.3,197,0.12100715742893814,84.15692821368948,14.899257981804855
2,0.3,197,0.12100715742893814,84.39899833055092,14.86573705334892
2,0.3,197,0.12100715742893814,84.64106844741235,14.832747396704189
2,0.3,197,0.12100715742893814,84.88313856427379,14.800261471796773
2,0.3,197,0.12100715742893814,85.12520868113522,14.768252251805144
2,0.3,197,0.12100715742893814,85.36727879799666,14.73669829934984
2,0.3,197,0.12100715742893814,85.6093489148581,14.705583467975844
2,0.3,197,0.12100715742893814,85.85141903171953,14.674891964228813
2,0.3,197,0.12100715742893814,86.09348914858097,14.644608138288524
2,0.3,197,0.12100715742893814,86.3355592654424,14.614716480007173
2,0.3,197,0.12100715742893814,86.57762938230384,14.585201615110696
2,0.3,197,0.12100715742893814,86.81969949916528,14.556048301560567
2,0.3,197,0.12100715742893814,87.06176961602671,14.527241426073608
2,0.3,197,0.12100715742893814,87.30383973288815,14.4987660007973
2,0.3,197,0.12100715742893814,87.54590984974958,14.47060716013837
2,0.3,197,0.12100715742893814,87.78797996661102,14.442750157742465
2,0.3,197,0.12100715742893814,88.03005008347246,14.415180363622591
2,0.3,197,0.12100715742893814,88.27212020033389,14.387883261434409
2,0.3,197,0.12100715742893814,88.51419031719533,14.360844445896266
2,0.3,197,0.12100715742893814,88.75626043405676,14.334049620352143
2,0.3,197,0.12100715742893814,88.9983305509182,14.307484594475493
2,0.3,197,0.12100715742893814,89.24040066777964,14.28113528211226
2,0.3,197,0.12100715742893814,89.48247078464107,14.254987699261346
2,0.3,197,0.12100715742893814,89.72454090150251,14.229027962190647
2,0.3,197,0.12100715742893814,89.96661101836393,14.203242285687244
2,0.3,197,0.12100715742893814,90.20868113522538,14.177616779245419
2,0.3,197,0.12100715742893814,90.45075125208682,14.152136422560062
2,0.3,197,0.12100715742893814,90.69282136894824,14.126785839534175
2,0.3,197,0.12100715742893814,90.93489148580969,14.101549759468897
2,0.3,197,0.12100715742893814,91.17696160267111,14.076413016668894
2,0.3,197,0.12100715742893814,91.41903171953255,14.051360549380556
2,0.3,197,0.12100715742893814,91.661101836394,14.026377398890851
2,0.3,197,0.12100715742893814,91.90317195325542,14.00144870878495
2,0.3,197,0.12100715742893814,92.14524207011686,13.976559724360857
2,0.3,197,0.12100715742893814,92.38731218697829,13.951695792199194
2,0.3,197,0.12100715742893814,92.62938230383973,13.926842359886425
2,0.3,197,0.12100715742893814,92.87145242070117,13.90198497588962
2,0.3,197,0.12100715742893814,93.1135225375626,13.877109289581142
2,0.3,197,0.12100715742893814,93.35559265442404,13.85220105141131
2,0.3,197,0.12100715742893814,93.59766277128547,13.827246113227433
2,0.3,197,0.12100715742893814,93.83973288814691,13.802230428737264
2,0.3,197,0.12100715742893814,94.08180300500835,13.777140054115167
2,0.3,197,0.12100715742893814,94.32387312186978,13.751961148749157
2,0.3,197,0.12100715742893814,94.56594323873122,13.726679976126972
2,0.3,197,0.12100715742893814,94.80801335559265,13.701282904859307
2,0.3,197,0.12100715742893814,95.05008347245409,13.675756454322364
2,0.3,197,0.12100715742893814,95.29215358931553,13.650095886845875
2,0.3,197,0.12100715742893814,95.53422370617696,13.62431537143524
2,0.3,197,0.12100715742893814,95.7762938230384,13.598431469035148
2,0.3,197,0.12100715742893814,96.01836393989983,13.572460620840591
2,0.3,197,0.12100715742893814,96.26043405676127,13.546419147215223
2,0.3,197,0.12100715742893814,96.50250417362271,13.520323246806242
2,0.3,197,0.12100715742893814,96.74457429048414,13.494188995853317
2,0.3,197,0.12100715742893814,96.98664440734558,13.468032347689018
2,0.3,197,0.12100715742893814,97.228714524207,13.441869132428312
2,0.3,197,0.12100715742893814,97.47078464106845,13.41571505684452
2,0.3,197,0.12100715742893814,97.71285475792989,13.389585704429276
2,0.3,197,0.12100715742893814,97.95492487479132,13.363496535633892
2,0.3,197,0.12100715742893814,98.19699499165276,13.337462888289625
2,0.3,197,0.12100715742893814,98.43906510851419,13.311499978204377
2,0.3,197,0.12100715742893814,98.68113522537563,13.285622899933207
2,0.3,197,0.12100715742893814,98.92320534223707,13.259846627720364
2,0.3,197,0.12100715742893814,99.1652754590985,13.23418601661022
2,0.3,197,0.12100715742893814,99.40734557595994,13.208655803724822
2,0.3,197,0.12100715742893814,99.64941569282136,13.18327060970556
2,0.3,197,0.12100715742893814,99.8914858096828,13.158044940316836
2,0.3,197,0.12100715742893814,100.13355592654425,13.132992845962121
2,0.3,197,0.12100715742893814,100.37562604340567,13.10812203517973
2,0.3,197,0.12100715742893814,100.61769616026712,13.083434721214717
2,0.3,197,0.12100715742893814,100.85976627712854,13.058932917020098
2,0.3,197,0.12100715742893814,101.10183639398998,13.034618619573896
2,0.3,197,0.12100715742893814,101.34390651085143,13.010493810274832
2,0.3,197,0.12100715742893814,101.58597662771285,12.986560455340063
2,0.3,197,0.12100715742893814,101.8280467445743,12.962820506204888
2,0.3,197,0.12100715742893814,102.07011686143572,12.939275899924576
2,0.3,197,0.12100715742893814,102.31218697829716,12.915928559578122
2,0.3,197,0.12100715742893814,102.5542570951586,12.892780394674064
2,0.3,197,0.12100715742893814,102.79632721202003,12.869833301558199
2,0.3,197,0.12100715742893814,103.03839732888147,12.847089163823323
2,0.3,197,0.12100715742893814,103.2804674457429,12.824549852720882
2,0.3,197,0.12100715742893814,103.52253756260434,12.802217227574596
2,0.3,197,0.12100715742893814,103.76460767946578,12.780093136196
2,0.3,197,0.12100715742893814,104.00667779632721,12.75817941530191
2,0.3,197,0.12100715742893814,104.24874791318865,12.736477890933848
2,0.3,197,0.12100715742893814,104.49081803005008,12.714990378879355
2,0.3,197,0.12100715742893814,104.73288814691152,12.693718685095266
2,0.3,197,0.12100715742893814,104.97495826377296,12.672664606132912
2,0.3,197,0.12100715742893814,105.21702838063439,12.651829929565263
2,0.3,197,0.12100715742893814,105.45909849749583,12.631216434415999
2,0.3,197,0.12100715742893814,105.70116861435726,12.610825891590562
2,0.3,197,0.12100715742893814,105.9432387312187,12.590660064309183
2,0.3,197,0.12100715742893814,106.18530884808014,12.570720708541856
2,0.3,197,0.12100715742893814,106.42737896494157,12.551009573445368
2,0.3,197,0.12100715742893814,106.66944908180301,12.531528401802275
2,0.3,197,0.12100715742893814,106.91151919866444,12.51227893046202
2,0.3,197,0.12100715742893814,107.15358931552588,12.493262890783987
2,0.3,197,0.12100715742893814,107.39565943238732,12.47448200908276
2,0.3,197,0.12100715742893814,107.63772954924875,12.455938007075424
2,0.3,197,0.12100715742893814,107.87979966611019,12.43763260233102
2,0.3,197,0.12100715742893814,108.12186978297161,12.419567508722213
2,0.3,197,0.12100715742893814,108.36393989983306,12.401744436879135
2,0.3,197,0.12100715742893814,108.6060100166945,12.384165094645443
2,0.3,197,0.12100715742893814,108.84808013355592,12.366831187536746
2,0.3,197,0.12100715742893814,109.09015025041737,12.349744419201283
2,0.3,197,0.12100715742893814,109.3322203672788,12.332906491882984
2,0.3,197,0.12100715742893814,109.57429048414023,12.316319106886937
2,0.3,197,0.12100715742893814,109.81636060100168,12.299983965047362
2,0.3,197,0.12100715742893814,110.0584307178631,12.283902749273832
2,0.3,197,0.12100715742893814,110.30050083472455,12.268074779680024
2,0.3,197,0.12100715742893814,110.54257095158597,12.252494695227238
2,0.3,197,0.12100715742893814,110.78464106844741,12.237156617072975
2,0.3,197,0.12100715742893814,111.02671118530886,12.222054704670132
2,0.3,197,0.12100715742893814,111.26878130217028,12.20718315473272
2,0.3,197,0.12100715742893814,111.51085141903172,12.192536200229275
2,0.3,197,0.12100715742893814,111.75292153589315,12.178108109403992
2,0.3,197,0.12100715742893814,111.99499165275459,12.16389318482487
2,0.3,197,0.12100715742893814,112.23706176961603,12.1498857624589
2,0.3,197,0.12100715742893814,112.47913188647746,12.136080210773677
2,0.3,197,0.12100715742893814,112.7212020033389,12.122470929865333
2,0.3,197,0.12100715742893814,112.96327212020033,12.109052350612426
2,0.3,197,0.12100715742893814,113.20534223706177,12.095818933855503
2,0.3,197,0.12100715742893814,113.44741235392321,12.08276516960205
2,0.3,197,0.12100715742893814,113.68948247078464,12.069885576256654
2,0.3,197,0.12100715742893814,113.93155258764608,12.057174699875969
2,0.3,197,0.12100715742893814,114.17362270450751,12.044627113448394
2,0.3,197,0.12100715742893814,114.41569282136895,12.032237416198159
2,0.3,197,0.12100715742893814,114.65776293823039,12.020000232913523
2,0.3,197,0.12100715742893814,114.89983305509182,12.00791021329905
2,0.3,197,0.12100715742893814,115.14190317195326,11.99596203135156
2,0.3,197,0.12100715742893814,115.38397328881469,11.984150384759586
2,0.3,197,0.12100715742893814,115.62604340567613,11.972469994326318
2,0.3,197,0.12100715742893814,115.86811352253757,11.960915603415547
2,0.3,197,0.12100715742893814,116.110183639399,11.949481977420698
2,0.3,197,0.12100715742893814,116.35225375626044,11.938163903256566
2,0.3,197,0.12100715742893814,116.59432387312187,11.926956188873739
2,0.3,197,0.12100715742893814,116.8363939899833,11.915853662795447
2,0.3,197,0.12100715742893814,117.07846410684475,11.904851173676693
2,0.3,197,0.12100715742893814,117.32053422370618,11.89394358988552
2,0.3,197,0.12100715742893814,117.56260434056762,11.883125799106287
2,0.3,197,0.12100715742893814,117.80467445742904,11.872392707964744
2,0.3,197,0.12100715742893814,118.04674457429049,11.861739241674812
2,0.3,197,0.12100715742893814,118.28881469115193,11.85116034370693
2,0.3,197,0.12100715742893814,118.53088480801335,11.840650975477809
2,0.3,197,0.12100715742893814,118.7729549248748,11.830206116061452
2,0.3,197,0.12100715742893814,119.01502504173622,11.819820761921392
2,0.3,197,0.12100715742893814,119.25709515859766,11.809489926663886
2,0.3,197,0.12100715742893814,119.4991652754591,11.799208640812077
2,0.3,197,0.12100715742893814,119.74123539232053,11.788971951600951
2,0.3,197,0.12100715742893814,119.98330550918197,11.778774922792907
2,0.3,197,0.12100715742893814,120.2253756260434,11.768613384260224
2,0.3,197,0.12100715742893814,120.46744574290484,11.758486866751632
2,0.3,197,0.12100715742893814,120.70951585976628,11.748396033486749
2,0.3,197,0.12100715742893814,120.95158597662771,11.738341544978868
2,0.3,197,0.12100715742893814,121.19365609348915,11.728324058761652
2,0.3,197,0.12100715742893814,121.43572621035058,11.718344229421058
2,0.3,197,0.12100715742893814,121.67779632721202,11.708402708627538
2,0.3,197,0.12100715742893814,121.91986644407346,11.698500145168408
2,0.3,197,0.12100715742893814,122.16193656093489,11.688637184980442
2,0.3,197,0.12100715742893814,122.40400667779633,11.678814471182712
2,0.3,197,0.12100715742893814,122.64607679465776,11.66903264410963
2,0.3,197,0.12100715742893814,122.8881469115192,11.659292341344218
2,0.3,197,0.12100715742893814,123.13021702838064,11.649594197751561
2,0.3,197,0.12100715742893814,123.37228714524207,11.639938845512509
2,0.3,197,0.12100715742893814,123.61435726210351,11.630326914157552
2,0.3,197,0.12100715742893814,123.85642737896494,11.620759030600988
2,0.3,197,0.12100715742893814,124.09849749582638,11.611235819175171
2,0.3,197,0.12100715742893814,124.34056761268782,11.601757901665092
2,0.3,197,0.12100715742893814,124.58263772954925,11.592325897343073
2,0.3,197,0.12100715742893814,124.82470784641069,11.582940423003732
2,0.3,197,0.12100715742893814,125.06677796327212,11.57360209299912
2,0.3,197,0.12100715742893814,125.30884808013356,11.564311519274051
2,0.3,197,0.12100715742893814,125.550918196995,11.55506931140167
2,0.3,197,0.12100715742893814,125.79298831385643,11.545876076619182
2,0.3,197,0.12100715742893814,126.03505843071787,11.536732419863824
2,0.3,197,0.12100715742893814,126.2771285475793,11.527638943808991
2,0.3,197,0.12100715742893814,126.51919866444074,11.518596248900598
2,0.3,197,0.12100715742893814,126.76126878130218,11.509604933393609
2,0.3,197,0.12100715742893814,127.0033388981636,11.500665593388787
2,0.3,197,0.12100715742893814,127.24540901502505,11.491778822869637
2,0.3,197,0.12100715742893814,127.48747913188647,11.482945213739507
2,0.3,197,0.12100715742893814,127.72954924874792,11.474165355858963
2,0.3,197,0.12100715742893814,127.97161936560936,11.465439837083261
2,0.3,197,0.12100715742893814,128.21368948247078,11.456769243300098
2,0.3,197,0.12100715742893814,128.45575959933223,11.448154158467487
2,0.3,197,0.12100715742893814,128.69782971619367,11.439595164651898
2,0.3,197,0.12100715742893814,128.9398998330551,11.431092842066498
2,0.3,197,0.12100715742893814,129.18196994991655,11.422647769109687
2,0.3,197,0.12100715742893814,129.42404006677796,11.41426052240373
2,0.3,197,0.12100715742893814,129.6661101836394,11.405931676833662
2,0.3,197,0.12100715742893814,129.90818030050082,11.397661805586331
2,0.3,197,0.12100715742893814,130.15025041736226,11.389451480189633
2,0.3,197,0.12100715742893814,130.3923205342237,11.381301270551976
2,0.3,197,0.12100715742893814,130.63439065108514,11.373211745001921
2,0.3,197,0.12100715742893814,130.87646076794658,11.365183470327963
2,0.3,197,0.12100715742893814,131.11853088480802,11.35721701181859
2,0.3,197,0.12100715742893814,131.36060100166947,11.349312933302468
2,0.3,197,0.12100715742893814,131.6026711185309,11.34147179718886
2,0.3,197,0.12100715742893814,131.84474123539232,11.333694164508184
2,0.3,197,0.12100715742893814,132.08681135225376,11.325980594952819
2,0.3,197,0.12100715742893814,132.32888146911517,11.318331646918079
2,0.3,197,0.12100715742893814,132.57095158597662,11.31074787754337
2,0.3,197,0.12100715742893814,132.81302170283806,11.303229842753574
2,0.3,197,0.12100715742893814,133.0550918196995,11.295778097300584
2,0.3,197,0.12100715742893814,133.29716193656094,11.28839319480505
2,0.3,197,0.12100715742893814,133.53923205342238,11.28107568779834
2,0.3,197,0.12100715742893814,133.7813021702838,11.273826127764695
2,0.3,197,0.12100715742893814,134.02337228714524,11.266645065183525
2,0.3,197,0.12100715742893814,134.26544240400668,11.25953304957199
2,0.3,197,0.12100715742893814,134.50751252086812,11.252490629527692
2,0.3,197,0.12100715742893814,134.74958263772956,11.245518352771658
2,0.3,197,0.12100715742893814,134.99165275459097,11.238616766191415
2,0.3,197,0.12100715742893814,135.23372287145241,11.23178731596405
2,0.3,197,0.12100715742893814,135.47579298831386,11.225035435949662
2,0.3,197,0.12100715742893814,135.7178631051753,11.218367653278758
2,0.3,197,0.12100715742893814,135.95993322203674,11.211790480625266
2,0.3,197,0.12100715742893814,136.20200333889815,11.205310416683316
2,0.3,197,0.12100715742893814,136.4440734557596,11.198933946722716
2,0.3,197,0.12100715742893814,136.68614357262103,11.192667543181953
2,0.3,197,0.12100715742893814,136.92821368948248,11.186517666298743
2,0.3,197,0.12100715742893814,137.17028380634392,11.180490764777867
2,0.3,197,0.12100715742893814,137.41235392320533,11.17459327649631
2,0.3,197,0.12100715742893814,137.65442404006677,11.168831629245608
2,0.3,197,0.12100715742893814,137.8964941569282,11.163212241511271
2,0.3,197,0.12100715742893814,138.13856427378965,11.15774152328929
2,0.3,197,0.12100715742893814,138.3806343906511,11.1524258769397
2,0.3,197,0.12100715742893814,138.6227045075125,11.14727169807709
2,0.3,197,0.12100715742893814,138.86477462437395,11.1422853764981
2,0.3,197,0.12100715742893814,139.1068447412354,11.137473297145934
2,0.3,197,0.12100715742893814,139.34891485809683,11.132841841111855
2,0.3,197,0.12100715742893814,139.59098497495827,11.128397386673674
2,0.3,197,0.12100715742893814,139.8330550918197,11.12414631037136
2,0.3,197,0.12100715742893814,140.07512520868113,11.120094988119797
2,0.3,197,0.12100715742893814,140.31719532554257,11.116249796358725
2,0.3,197,0.12100715742893814,140.559265442404,11.112617113240058
2,0.3,197,0.12100715742893814,140.80133555926545,11.10920331985264
2,0.3,197,0.12100715742893814,141.04340567612687,11.106014801484593
2,0.3,197,0.12100715742893814,141.2854757929883,11.103057948923432
2,0.3,197,0.12100715742893814,141.52754590984975,11.100339159794117
2,0.3,197,0.12100715742893814,141.7696160267112,11.097864839935248
2,0.3,197,0.12100715742893814,142.01168614357263,11.095641404813641
2,0.3,197,0.12100715742893814,142.25375626043405,11.093675280977557
2,0.3,197,0.12100715742893814,142.4958263772955,11.091972907548758
2,0.3,197,0.12100715742893814,142.73789649415693,11.090540737753832
2,0.3,197,0.12100715742893814,142.97996661101837,11.089385240495046
2,0.3,197,0.12100715742893814,143.2220367278798,11.088512901961014
2,0.3,197,0.12100715742893814,143.46410684474122,11.087930227277655
2,0.3,197,0.12100715742893814,143.70617696160267,11.087643742199786
2,0.3,197,0.12100715742893814,143.9482470784641,11.087659994843861
2,0.3,197,0.12100715742893814,144.19031719532555,11.087985557462174
2,0.3,197,0.12100715742893814,144.432387312187,11.088627028259134
2,0.3,197,0.12100715742893814,144.6744574290484,11.089591033250114
2,0.3,197,0.12100715742893814,144.91652754590984,11.090884228163416
2,0.3,197,0.12100715742893814,145.15859766277129,11.092513300385878
2,0.3,197,0.12100715742893814,145.40066777963273,11.094484970952845
2,0.3,197,0.12100715742893814,145.64273789649417,11.096805996583093
2,0.3,197,0.12100715742893814,145.88480801335558,11.099483171759369
2,0.3,197,0.12100715742893814,146.12687813021702,11.102523330855336
2,0.3,197,0.12100715742893814,146.36894824707846,11.105933350309638
2,0.3,197,0.12100715742893814,146.6110183639399,11.10972015084784
2,0.3,197,0.12100715742893814,146.85308848080135,11.11389069975319
2,0.3,197,0.12100715742893814,147.09515859766276,11.118452013186994
2,0.3,197,0.12100715742893814,147.3372287145242,11.123411158559431
2,0.3,197,0.12100715742893814,147.57929883138564,11.128775256952043
2,0.3,197,0.12100715742893814,147.82136894824708,11.134551485592542
2,0.3,197,0.12100715742893814,148.06343906510853,11.140747080383276
2,0.3,197,0.12100715742893814,148.30550918196994,11.147369338484246
2,0.3,197,0.12100715742893814,148.54757929883138,11.154425620951917
2,0.3,197,0.12100715742893814,148.78964941569282,11.161923355434922
2,0.3,197,0.12100715742893814,149.03171953255426,11.169870038927998
2,0.3,197,0.12100715742893814,149.2737896494157,11.178273240585305
2,0.3,197,0.12100715742893814,149.51585976627712,11.187140604594568
2,0.3,197,0.12100715742893814,149.75792988313856,11.196479853113344
2,0.3,197,0.12100715742893814,150.0,11.206298789268933
3,0.4,899,0.14041258723155606,5.0,0.0
3,0.4,899,0.14041258723155606,5.242070116861436,0.0
3,0.4,899,0.14041258723155606,5.484140233722871,0.0
3,0.4,899,0.14041258723155606,5.726210350584307,0.0
3,0.4,899,0.14041258723155606,5.968280467445743,0.0
3,0.4,899,0.14041258723155606,6.210350584307179,0.0
3,0.4,899,0.14041258723155606,6.452420701168615,0.0
3,0.4,899,0.14041258723155606,6.69449081803005,0.0
3,0.4,899,0.14041258723155606,6.936560934891486,0.0
3,0.4,899,0.14041258723155606,7.178631051752921,0.0
3,0.4,899,0.14041258723155606,7.420701168614357,0.0
3,0.4,899,0.14041258723155606,7.6627712854757934,0.0
3,0.4,899,0.14041258723155606,7.904841402337229,0.0
3,0.4,899,0.14041258723155606,8.146911519198664,0.0
3,0.4,899,0.14041258723155606,8.3889816360601,0.0
3,0.4,899,0.14041258723155606,8.631051752921536,0.0
3,0.4,899,0.14041258723155606,8.873121869782972,0.0
3,0.4,899,0.14041258723155606,9.115191986644408,0.09916793886737954
3,0.4,899,0.14041258723155606,9.357262103505843,0.1987207205248181
3,0.4,899,0.14041258723155606,9.599332220367279,0.3178217645536359
3,0.4,899,0.14041258723155606,9.841402337228715,0.4563707407450238
3,0.4,899,0.14041258723155606,10.083472454090149,0.616433748054515
3,0.4,899,0.14041258723155606,10.325542570951587,0.8022275562965692
3,0.4,899,0.14041258723155606,10.567612687813021,1.0150382302431664
3,0.4,899,0.14041258723155606,10.809682804674457,1.2556199737509683
3,0.4,899,0.14041258723155606,11.051752921535893,1.5248257511144152
3,0.4,899,0.14041258723155606,11.293823038397328,1.8238291452996485
3,0.4,899,0.14041258723155606,11.535893155258766,2.1542503845983205
3,0.4,899,0.14041258723155606,11.7779632721202,2.5185740856590315
3,0.4,899,0.14041258723155606,12.020033388981636,2.920537795003885
3,0.4,899,0.14041258723155606,12.262103505843072,3.3646207235022185
3,0.4,899,0.14041258723155606,12.504173622704506,3.8535861527171753
3,0.4,899,0.14041258723155606,12.746243739565944,4.389662311332306
3,0.4,899,0.14041258723155606,12.988313856427379,4.974950068704047
3,0.4,899,0.14041258723155606,13.230383973288815,5.611406010260294
3,0.4,899,0.14041258723155606,13.47245409015025,6.3008274525235075
3,0.4,899,0.14041258723155606,13.714524207011687,7.044839866498965
3,0.4,899,0.14041258723155606,13.956594323873121,7.844887096784269
3,0.4,899,0.14041258723155606,14.198664440734557,8.702047875992813
3,0.4,899,0.14041258723155606,14.440734557595993,9.615783072490705
3,0.4,899,0.14041258723155606,14.68280467445743,10.584100476003634
3,0.4,899,0.14041258723155606,14.924874791318866,11.603851938215424
3,0.4,899,0.14041258723155606,15.1669449081803,12.670627621987922
3,0.4,899,0.14041258723155606,15.409015025041736,13.778666331656144
3,0.4,899,0.14041258723155606,15.651085141903172,14.920789842870205
3,0.4,899,0.14041258723155606,15.893155258764608,16.08836764354025
3,0.4,899,0.14041258723155606,16.135225375626042,17.27140267601364
3,0.4,899,0.14041258723155606,16.377295492487477,18.46011084185887
3,0.4,899,0.14041258723155606,16.619365609348915,19.64528205216537
3,0.4,899,0.14041258723155606,16.861435726210352,20.81734376279293
3,0.4,899,0.14041258723155606,17.103505843071787,21.966455680914706
3,0.4,899,0.14041258723155606,17.34557595993322,23.082653019210404
3,0.4,899,0.14041258723155606,17.587646076794655,24.155996514649345
3,0.4,899,0.14041258723155606,17.829716193656093,25.17672591648651
3,0.4,899,0.14041258723155606,18.07178631051753,26.135434344025892
3,0.4,899,0.14041258723155606,18.313856427378965,27.024915632805595
3,0.4,899,0.14041258723155606,18.5559265442404,27.841820893701474
3,0.4,899,0.14041258723155606,18.797996661101834,28.584338707508504
3,0.4,899,0.14041258723155606,19.040066777963272,29.251890232092528
3,0.4,899,0.14041258723155606,19.28213689482471,29.845067918377822
3,0.4,899,0.14041258723155606,19.524207011686144,30.36555435056128
3,0.4,899,0.14041258723155606,19.76627712854758,30.816025988014008
3,0.4,899,0.14041258723155606,20.008347245409013,31.200046571755728
3,0.4,899,0.14041258723155606,20.25041736227045,31.52177452115278
3,0.4,899,0.14041258723155606,20.49248747913189,31.78536755262162
3,0.4,899,0.14041258723155606,20.734557595993323,31.995363613660235
3,0.4,899,0.14041258723155606,20.976627712854757,32.15673272059395
3,0.4,899,0.14041258723155606,21.218697829716195,32.274790182542
3,0.4,899,0.14041258723155606,21.46076794657763,32.35511643698049
3,0.4,899,0.14041258723155606,21.702838063439064,32.403485030001384
3,0.4,899,0.14041258723155606,21.9449081803005,32.42579990903305
3,0.4,899,0.14041258723155606,22.186978297161936,32.42776024848867
3,0.4,899,0.14041258723155606,22.429048414023374,32.41281846224565
3,0.4,899,0.14041258723155606,22.671118530884808,32.383336200609484
3,0.4,899,0.14041258723155606,22.913188647746242,32.341671272246415
3,0.4,899,0.14041258723155606,23.15525876460768,32.29017594779028
3,0.4,899,0.14041258723155606,23.397328881469114,32.23118971095194
3,0.4,899,0.14041258723155606,23.639398998330552,32.16703367897742
3,0.4,899,0.14041258723155606,23.881469115191987,32.100006673788
3,0.4,899,0.14041258723155606,24.12353923205342,32.03234681130807
3,0.4,899,0.14041258723155606,24.36560934891486,31.965477401618266
3,0.4,899,0.14041258723155606,24.607679465776293,31.900036624943414
3,0.4,899,0.14041258723155606,24.84974958263773,31.836620102434402
3,0.4,899,0.14041258723155606,25.091819699499165,31.77581358139059
3,0.4,899,0.14041258723155606,25.3338898163606,31.718193738115904
3,0.4,899,0.14041258723155606,25.575959933222038,31.664329053893717
3,0.4,899,0.14041258723155606,25.818030050083472,31.61478076288641
3,0.4,899,0.14041258723155606,26.06010016694491,31.570102605111185
3,0.4,899,0.14041258723155606,26.302170283806344,31.530687542608515
3,0.4,899,0.14041258723155606,26.54424040066778,31.496621830015403
3,0.4,899,0.14041258723155606,26.786310517529216,31.467955387193506
3,0.4,899,0.14041258723155606,27.02838063439065,31.444737298876856
3,0.4,899,0.14041258723155606,27.27045075125209,31.427016104575195
3,0.4,899,0.14041258723155606,27.512520868113523,31.414840070914583
3,0.4,899,0.14041258723155606,27.754590984974957,31.408257447987737
3,0.4,899,0.14041258723155606,27.996661101836395,31.407316711162295
3,0.4,899,0.14041258723155606,28.23873121869783,31.412004856717733
3,0.4,899,0.14041258723155606,28.480801335559267,31.42205118699315
3,0.4,899,0.14041258723155606,28.7228714524207,31.437117845970864
3,0.4,899,0.14041258723155606,28.964941569282136,31.45686663404806
3,0.4,899,0.14041258723155606,29.207011686143574,31.480958581489567
3,0.4,899,0.14041258723155606,29.449081803005008,31.509053549102276
3,0.4,899,0.14041258723155606,29.691151919866446,31.540809857209936
3,0.4,899,0.14041258723155606,29.93322203672788,31.575883943869904
3,0.4,899,0.14041258723155606,30.175292153589314,31.613921315369826
3,0.4,899,0.14041258723155606,30.417362270450752,31.654481864065158
3,0.4,899,0.14041258723155606,30.659432387312187,31.6970762793936
3,0.4,899,0.14041258723155606,30.901502504173624,31.741211021643785
3,0.4,899,0.14041258723155606,31.14357262103506,31.786388580801287
3,0.4,899,0.14041258723155606,31.385642737896493,31.83210732626368
3,0.4,899,0.14041258723155606,31.62771285475793,31.87786143164036
3,0.4,899,0.14041258723155606,31.869782971619365,31.923140876363245
3,0.4,899,0.14041258723155606,32.1118530884808,31.96743152581703
3,0.4,899,0.14041258723155606,32.35392320534224,32.01021529164626
3,0.4,899,0.14041258723155606,32.59599332220367,32.050970373815915
3,0.4,899,0.14041258723155606,32.83806343906511,32.089171585884074
3,0.4,899,0.14041258723155606,33.080133555926544,32.124290764793926
3,0.4,899,0.14041258723155606,33.32220367278798,32.15579726630291
3,0.4,899,0.14041258723155606,33.56427378964942,32.183158546939346
3,0.4,899,0.14041258723155606,33.80634390651085,32.20584083311249
3,0.4,899,0.14041258723155606,34.04841402337229,32.22330987769588
3,0.4,899,0.14041258723155606,34.29048414023372,32.23503180406029
3,0.4,899,0.14041258723155606,34.53255425709516,32.240474037148125
3,0.4,899,0.14041258723155606,34.7746243739566,32.23910632075878
3,0.4,899,0.14041258723155606,35.016694490818026,32.230401857089
3,0.4,899,0.14041258723155606,35.25876460767947,32.213977272022994
3,0.4,899,0.14041258723155606,35.5008347245409,32.18990623425751
3,0.4,899,0.14041258723155606,35.742904841402336,32.15835867232983
3,0.4,899,0.14041258723155606,35.98497495826378,32.11950853536818
3,0.4,899,0.14041258723155606,36.227045075125204,32.073533445296114
3,0.4,899,0.14041258723155606,36.469115191986646,32.02061435380084
3,0.4,899,0.14041258723155606,36.71118530884808,31.960935204687576
3,0.4,899,0.14041258723155606,36.953255425709514,31.894682602203705
3,0.4,899,0.14041258723155606,37.19532554257095,31.82204548587531
3,0.4,899,0.14041258723155606,37.43739565943239,31.743214812359327
3,0.4,899,0.14041258723155606,37.679465776293824,31.658383244774463
3,0.4,899,0.14041258723155606,37.92153589315526,31.56774484993521
3,0.4,899,0.14041258723155606,38.16360601001669,31.471494803873338
3,0.4,899,0.14041258723155606,38.40567612687813,31.369829105994498
3,0.4,899,0.14041258723155606,38.64774624373957,31.262944302178383
3,0.4,899,0.14041258723155606,38.889816360601,31.151037217095325
3,0.4,899,0.14041258723155606,39.13188647746244,31.03430469597578
3,0.4,899,0.14041258723155606,39.37395659432387,30.91294335603448
3,0.4,899,0.14041258723155606,39.616026711185306,30.787149347717047
3,0.4,899,0.14041258723155606,39.85809682804675,30.657118125904677
3,0.4,899,0.14041258723155606,40.10016694490818,30.5230459236914
3,0.4,899,0.14041258723155606,40.342237061769616,30.385188281800854
3,0.4,899,0.14041258723155606,40.58430717863105,30.243873653484783
3,0.4,899,0.14041258723155606,40.826377295492485,30.099431058733106
3,0.4,899,0.14041258723155606,41.068447412353926,29.952184935208376
3,0.4,899,0.14041258723155606,41.31051752921536,29.802454856260006
3,0.4,899,0.14041258723155606,41.552587646076795,29.650555282128554
3,0.4,899,0.14041258723155606,41.79465776293823,29.496795343616636
3,0.4,899,0.14041258723155606,42.03672787979966,29.34147865744186
3,0.4,899,0.14041258723155606,42.278797996661105,29.184903172434954
3,0.4,899,0.14041258723155606,42.52086811352254,29.027361045703454
3,0.4,899,0.14041258723155606,42.76293823038397,28.869138547845616
3,0.4,899,0.14041258723155606,43.00500834724541,28.71051599627333
3,0.4,899,0.14041258723155606,43.24707846410684,28.55176771568246
3,0.4,899,0.14041258723155606,43.48914858096828,28.393162024698352
3,0.4,899,0.14041258723155606,43.73121869782972,28.234961247719006
3,0.4,899,0.14041258723155606,43.97328881469115,28.077421750979823
3,0.4,899,0.14041258723155606,44.215358931552586,27.92079400187325
3,0.4,899,0.14041258723155606,44.45742904841402,27.76532265056948
3,0.4,899,0.14041258723155606,44.69949916527546,27.611246633005056
3,0.4,899,0.14041258723155606,44.941569282136896,27.4587992943307
3,0.4,899,0.14041258723155606,45.18363939899833,27.308189625781818
3,0.4,899,0.14041258723155606,45.425709515859765,27.159462709308176
3,0.4,899,0.14041258723155606,45.6677796327212,27.01258281489711
3,0.4,899,0.14041258723155606,45.90984974958264,26.867514092028156
3,0.4,899,0.14041258723155606,46.151919866444075,26.724221175409152
3,0.4,899,0.14041258723155606,46.39398998330551,26.582669178316646
3,0.4,899,0.14041258723155606,46.636060100166944,26.44282368592781
3,0.4,899,0.14041258723155606,46.87813021702838,26.304650748654854
3,0.4,899,0.14041258723155606,47.12020033388982,26.168116875491915
3,0.4,899,0.14041258723155606,47.362270450751254,26.033189027383997
3,0.4,899,0.14041258723155606,47.60434056761269,25.89983461062624
3,0.4,899,0.14041258723155606,47.84641068447412,25.768021470302063
3,0.4,899,0.14041258723155606,48.08848080133556,25.63771788376702
3,0.4,899,0.14041258723155606,48.330550918197,25.50889255418571
3,0.4,899,0.14041258723155606,48.57262103505843,25.38151460412775
3,0.4,899,0.14041258723155606,48.81469115191987,25.255553569228574
3,0.4,899,0.14041258723155606,49.0567612687813,25.13097939192069
3,0.4,899,0.14041258723155606,49.298831385642735,25.007762415239977
3,0.4,899,0.14041258723155606,49.54090150250418,24.88587337671175
3,0.4,899,0.14041258723155606,49.78297161936561,24.765283402320453
3,0.4,899,0.14041258723155606,50.025041736227045,24.645964008145715
3,0.4,899,0.14041258723155606,50.26711185308848,24.527896210354953
3,0.4,899,0.14041258723155606,50.509181969949914,24.411087931635414
3,0.4,899,0.14041258723155606,50.751252086811355,24.295551647882572
3,0.4,899,0.14041258723155606,50.99332220367279,24.181299445621264
3,0.4,899,0.14041258723155606,51.235392320534224,24.068343036652667
3,0.4,899,0.14041258723155606,51.47746243739566,23.956693772555134
3,0.4,899,0.14041258723155606,51.71953255425709,23.846362659040796
3,0.4,899,0.14041258723155606,51.961602671118534,23.73736037016998
3,0.4,899,0.14041258723155606,52.20367278797997,23.629697262425132
3,0.4,899,0.14041258723155606,52.4457429048414,23.52338338864699
3,0.4,899,0.14041258723155606,52.68781302170284,23.41842851183511
3,0.4,899,0.14041258723155606,52.92988313856427,23.314842118815257
3,0.4,899,0.14041258723155606,53.17195325542571,23.21263343377655
3,0.4,899,0.14041258723155606,53.41402337228715,23.111811431680835
3,0.4,899,0.14041258723155606,53.65609348914858,23.012384851547637
3,0.4,899,0.14041258723155606,53.898163606010016,22.914362209617476
3,0.4,899,0.14041258723155606,54.14023372287145,22.817751812396956
3,0.4,899,0.14041258723155606,54.38230383973289,22.72256176958886
3,0.4,899,0.14041258723155606,54.624373956594326,22.628800006910975
3,0.4,899,0.14041258723155606,54.86644407345576,22.536474278806942
3,0.4,899,0.14041258723155606,55.108514190317194,22.44559171499145
3,0.4,899,0.14041258723155606,55.35058430717863,22.356145509189552
3,0.4,899,0.14041258723155606,55.59265442404007,22.26811321586646
3,0.4,899,0.14041258723155606,55.834724540901504,22.181471869254963
3,0.4,899,0.14041258723155606,56.07679465776294,22.096198848415046
3,0.4,899,0.14041258723155606,56.31886477462437,22.012271869994994
3,0.4,899,0.14041258723155606,56.56093489148581,21.929668981118787
3,0.4,899,0.14041258723155606,56.80300500834725,21.848368552397876
3,0.4,899,0.14041258723155606,57.04507512520868,21.768349271066246
3,0.4,899,0.14041258723155606,57.28714524207012,21.689590134237303
3,0.4,899,0.14041258723155606,57.52921535893155,21.612070442281006
3,0.4,899,0.14041258723155606,57.771285475792986,21.5357697923199
3,0.4,899,0.14041258723155606,58.01335559265443,21.460668071842438
3,0.4,899,0.14041258723155606,58.25542570951586,21.38674545243227
3,0.4,899,0.14041258723155606,58.497495826377296,21.313982383611794
3,0.4,899,0.14041258723155606,58.73956594323873,21.24235958679864
3,0.4,899,0.14041258723155606,58.981636060100165,21.1718580493735
3,0.4,899,0.14041258723155606,59.223706176961606,21.102459018857818
3,0.4,899,0.14041258723155606,59.46577629382304,21.03414399719979
3,0.4,899,0.14041258723155606,59.707846410684475,20.966894735167333
3,0.4,899,0.14041258723155606,59.94991652754591,20.90069322684637
3,0.4,899,0.14041258723155606,60.19198664440734,20.835516684861478
3,0.4,899,0.14041258723155606,60.434056761268785,20.771304804172832
3,0.4,899,0.14041258723155606,60.67612687813022,20.707980802024828
3,0.4,899,0.14041258723155606,60.91819699499165,20.64546873891404
3,0.4,899,0.14041258723155606,61.16026711185309,20.583693579435206
3,0.4,899,0.14041258723155606,61.40233722871452,20.5225811664492
3,0.4,899,0.14041258723155606,61.644407345575964,20.462058197906263
3,0.4,899,0.14041258723155606,61.8864774624374,20.40205220627243
3,0.4,899,0.14041258723155606,62.12854757929883,20.34249154050943
3,0.4,899,0.14041258723155606,62.37061769616027,20.283305350559367
3,0.4,899,0.14041258723155606,62.6126878130217,20.22442357428791
3,0.4,899,0.14041258723155606,62.85475792988314,20.165776926839996
3,0.4,899,0.14041258723155606,63.09682804674458,20.107296892363948
3,0.4,899,0.14041258723155606,63.33889816360601,20.048915718059995
3,0.4,899,0.14041258723155606,63.580968280467445,19.99056641051032
3,0.4,899,0.14041258723155606,63.82303839732888,19.9321827342476
3,0.4,899,0.14041258723155606,64.06510851419031,19.873699212519703
3,0.4,899,0.14041258723155606,64.30717863105176,19.815051130207664
3,0.4,899,0.14041258723155606,64.5492487479132,19.75617453885416
3,0.4,899,0.14041258723155606,64.79131886477462,19.697006263758997
3,0.4,899,0.14041258723155606,65.03338898163605,19.637483939192894
3,0.4,899,0.14041258723155606,65.27545909849749,19.577560497101512
3,0.4,899,0.14041258723155606,65.51752921535893,19.51722798020841
3,0.4,899,0.14041258723155606,65.75959933222038,19.456484902606118
3,0.4,899,0.14041258723155606,66.0016694490818,19.395329860895348
3,0.4,899,0.14041258723155606,66.24373956594323,19.33376153548502
3,0.4,899,0.14041258723155606,66.48580968280467,19.271778691871802
3,0.4,899,0.14041258723155606,66.72787979966611,19.209380181898652
3,0.4,899,0.14041258723155606,66.96994991652755,19.146564944992242
3,0.4,899,0.14041258723155606,67.21202003338898,19.083332009378516
3,0.4,899,0.14041258723155606,67.45409015025041,19.01968049327636
3,0.4,899,0.14041258723155606,67.69616026711185,18.955609606068656
3,0.4,899,0.14041258723155606,67.93823038397329,18.891118649450465
3,0.4,899,0.14041258723155606,68.18030050083473,18.826207018553923
3,0.4,899,0.14041258723155606,68.42237061769616,18.760874203049283
3,0.4,899,0.14041258723155606,68.66444073455759,18.695119788221813
3,0.4,899,0.14041258723155606,68.90651085141903,18.62894345602383
3,0.4,899,0.14041258723155606,69.14858096828047,18.56234498610183
3,0.4,899,0.14041258723155606,69.3906510851419,18.495324256797762
3,0.4,899,0.14041258723155606,69.63272120200334,18.427881246124326
3,0.4,899,0.14041258723155606,69.87479131886478,18.360016032713624
3,0.4,899,0.14041258723155606,70.11686143572621,18.291730228616068
3,0.4,899,0.14041258723155606,70.35893155258765,18.223061153446203
3,0.4,899,0.14041258723155606,70.60100166944908,18.154082792857796
3,0.4,899,0.14041258723155606,70.84307178631052,18.084869841864954
3,0.4,899,0.14041258723155606,71.08514190317196,18.015495926544702
3,0.4,899,0.14041258723155606,71.32721202003339,17.946033596473548
3,0.4,899,0.14041258723155606,71.56928213689483,17.876554320104525
3,0.4,899,0.14041258723155606,71.81135225375625,17.807128483011343
3,0.4,899,0.14041258723155606,72.0534223706177,17.737825388926
3,0.4,899,0.14041258723155606,72.29549248747914,17.66871326349644
3,0.4,899,0.14041258723155606,72.53756260434056,17.59985926069064
3,0.4,899,0.14041258723155606,72.779632721202,17.531329471774644
3,0.4,899,0.14041258723155606,73.02170283806343,17.463188936792513
3,0.4,899,0.14041258723155606,73.26377295492487,17.39550165847744
3,0.4,899,0.14041258723155606,73.50584307178632,17.32833061852483
3,0.4,899,0.14041258723155606,73.74791318864774,17.261737796159334
3,0.4,899,0.14041258723155606,73.98998330550918,17.19578418893021
3,0.4,899,0.14041258723155606,74.23205342237061,17.130529835671123
3,0.4,899,0.14041258723155606,74.47412353923205,17.066033841562895
3,0.4,899,0.14041258723155606,74.7161936560935,17.00235440524041
3,0.4,899,0.14041258723155606,74.95826377295492,16.93954884788717
3,0.4,899,0.14041258723155606,75.20033388981636,16.877667552495762
3,0.4,899,0.14041258723155606,75.44240400667779,16.816719087369076
3,0.4,899,0.14041258723155606,75.68447412353923,16.756694935071476
3,0.4,899,0.14041258723155606,75.92654424040067,16.697586662185614
3,0.4,899,0.14041258723155606,76.1686143572621,16.63938597290504
3,0.4,899,0.14041258723155606,76.41068447412354,16.582084707367596
3,0.4,899,0.14041258723155606,76.65275459098497,16.525674840014855
3,0.4,899,0.14041258723155606,76.89482470784641,16.470148477977126
3,0.4,899,0.14041258723155606,77.13689482470785,16.4154978594839
3,0.4,899,0.14041258723155606,77.37896494156928,16.361715352299445
3,0.4,899,0.14041258723155606,77.62103505843072,16.308793452183295
3,0.4,899,0.14041258723155606,77.86310517529215,16.256724781375546
3,0.4,899,0.14041258723155606,78.10517529215359,16.205502087106375
3,0.4,899,0.14041258723155606,78.34724540901503,16.155118240129966
3,0.4,899,0.14041258723155606,78.58931552587646,16.105566233282246
3,0.4,899,0.14041258723155606,78.8313856427379,16.056839180062397
3,0.4,899,0.14041258723155606,79.07345575959933,16.008930313237826
3,0.4,899,0.14041258723155606,79.31552587646077,15.961832983472323
3,0.4,899,0.14041258723155606,79.55759599332221,15.915540657977322
3,0.4,899,0.14041258723155606,79.79966611018364,15.870046919185777
3,0.4,899,0.14041258723155606,80.04173622704508,15.825345398683396
3,0.4,899,0.14041258723155606,80.2838063439065,15.781409792015367
3,0.4,899,0.14041258723155606,80.52587646076795,15.738165906816967
3,0.4,899,0.14041258723155606,80.76794657762939,15.695533289167411
3,0.4,899,0.14041258723155606,81.01001669449082,15.653432374337525
3,0.4,899,0.14041258723155606,81.25208681135226,15.611784458849382
3,0.4,899,0.14041258723155606,81.49415692821368,15.570511676520075
3,0.4,899,0.14041258723155606,81.73622704507513,15.52953697841459
3,0.4,899,0.14041258723155606,81.97829716193657,15.488784116636506
3,0.4,899,0.14041258723155606,82.220367278798,15.44817763188682
3,0.4,899,0.14041258723155606,82.46243739565944,15.40764284472397
3,0.4,899,0.14041258723155606,82.70450751252086,15.367105850458856
3,0.4,899,0.14041258723155606,82.9465776293823,15.326493517619959
3,0.4,899,0.14041258723155606,83.18864774624375,15.285733489923995
3,0.4,899,0.14041258723155606,83.43071786310517,15.24475419168745
3,0.4,899,0.14041258723155606,83.67278797996661,15.203484836613898
3,0.4,899,0.14041258723155606,83.91485809682804,15.161855439890894
3,0.4,899,0.14041258723155606,84.15692821368948,15.119796833529183
3,0.4,899,0.14041258723155606,84.39899833055092,15.077240684874686
3,0.4,899,0.14041258723155606,84.64106844741235,15.034119518221933
3,0.4,899,0.14041258723155606,84.88313856427379,14.990366739454569
3,0.4,899,0.14041258723155606,85.12520868113522,14.945919950796188
3,0.4,899,0.14041258723155606,85.36727879799666,14.900787261658682
3,0.4,899,0.14041258723155606,85.6093489148581,14.855043196204784
3,0.4,899,0.14041258723155606,85.85141903171953,14.808764169271399
3,0.4,899,0.14041258723155606,86.09348914858097,14.76202577751285
3,0.4,899,0.14041258723155606,86.3355592654424,14.714902774932243
3,0.4,899,0.14041258723155606,86.57762938230384,14.667469052205215
3,0.4,899,0.14041258723155606,86.81969949916528,14.619797619728418
3,0.4,899,0.14041258723155606,87.06176961602671,14.571960594322096
3,0.4,899,0.14041258723155606,87.30383973288815,14.524029189514248
3,0.4,899,0.14041258723155606,87.54590984974958,14.476073709332434
3,0.4,899,0.14041258723155606,87.78797996661102,14.428163545528017
3,0.4,899,0.14041258723155606,88.03005008347246,14.38036717815705
3,0.4,899,0.14041258723155606,88.27212020033389,14.332752179441963
3,0.4,899,0.14041258723155606,88.51419031719533,14.28538522083857
3,0.4,899,0.14041258723155606,88.75626043405676,14.238332083233434
3,0.4,899,0.14041258723155606,88.9983305509182,14.191657670197932
3,0.4,899,0.14041258723155606,89.24040066777964,14.145426024226964
3,0.4,899,0.14041258723155606,89.48247078464107,14.099700345892062
3,0.4,899,0.14041258723155606,89.72454090150251,14.054543015840922
3,0.4,899,0.14041258723155606,89.96661101836393,14.010015619578372
3,0.4,899,0.14041258723155606,90.20868113522538,13.966173275762719
3,0.4,899,0.14041258723155606,90.45075125208682,13.923035904835443
3,0.4,899,0.14041258723155606,90.69282136894824,13.88061027495665
3,0.4,899,0.14041258723155606,90.93489148580969,13.838903081009935
3,0.4,899,0.14041258723155606,91.17696160267111,13.797920973212284
3,0.4,899,0.14041258723155606,91.41903171953255,13.757670562338442
3,0.4,899,0.14041258723155606,91.661101836394,13.718158424977704
3,0.4,899,0.14041258723155606,91.90317195325542,13.679391108823898
3,0.4,899,0.14041258723155606,92.14524207011686,13.641375137999512
3,0.4,899,0.14041258723155606,92.38731218697829,13.604117018414952
3,0.4,899,0.14041258723155606,92.62938230383973,13.56762324316409
3,0.4,899,0.14041258723155606,92.87145242070117,13.531900297957382
3,0.4,899,0.14041258723155606,93.1135225375626,13.496954666593819
3,0.4,899,0.14041258723155606,93.35559265442404,13.462792836473232
3,0.4,899,0.14041258723155606,93.59766277128547,13.429421304150633
3,0.4,899,0.14041258723155606,93.83973288814691,13.396846580934024
3,0.4,899,0.14041258723155606,94.08180300500835,13.36507519852775
3,0.4,899,0.14041258723155606,94.32387312186978,13.334113714723198
3,0.4,899,0.14041258723155606,94.56594323873122,13.303968719138867
3,0.4,899,0.14041258723155606,94.80801335559265,13.274646839012034
3,0.4,899,0.14041258723155606,95.05008347245409,13.246154668222047
3,0.4,899,0.14041258723155606,95.29215358931553,13.21848394029188
3,0.4,899,0.14041258723155606,95.53422370617696,13.191594001150568
3,0.4,899,0.14041258723155606,95.7762938230384,13.165440327159672
3,0.4,899,0.14041258723155606,96.01836393989983,13.139978837520959
3,0.4,899,0.14041258723155606,96.26043405676127,13.115165871584601
3,0.4,899,0.14041258723155606,96.50250417362271,13.090958167633888
3,0.4,899,0.14041258723155606,96.74457429048414,13.067312843119053
3,0.4,899,0.14041258723155606,96.98664440734558,13.04418737631469
3,0.4,899,0.14041258723155606,97.228714524207,13.021539589377003
3,0.4,899,0.14041258723155606,97.47078464106845,12.999327632778526
3,0.4,899,0.14041258723155606,97.71285475792989,12.977509971099456
3,0.4,899,0.14041258723155606,97.95492487479132,12.956045370156113
3,0.4,899,0.14041258723155606,98.19699499165276,12.934892885448038
3,0.4,899,0.14041258723155606,98.43906510851419,12.914011851906452
3,0.4,899,0.14041258723155606,98.68113522537563,12.8933618749277
3,0.4,899,0.14041258723155606,98.92320534223707,12.872902822676108
3,0.4,899,0.14041258723155606,99.1652754590985,12.852594819641407
3,0.4,899,0.14041258723155606,99.40734557595994,12.832398241436513
3,0.4,899,0.14041258723155606,99.64941569282136,12.812273710821854
3,0.4,899,0.14041258723155606,99.8914858096828,12.792182094943005
3,0.4,899,0.14041258723155606,100.13355592654425,12.772085689544985
3,0.4,899,0.14041258723155606,100.37562604340567,12.751968628481139
3,0.4,899,0.14041258723155606,100.61769616026712,12.731833989023503
3,0.4,899,0.14041258723155606,100.85976627712854,12.711685461293792
3,0.4,899,0.14041258723155606,101.10183639398998,12.691526711227977
3,0.4,899,0.14041258723155606,101.34390651085143,12.671361380575053
3,0.4,899,0.14041258723155606,101.58597662771285,12.651193086905918
3,0.4,899,0.14041258723155606,101.8280467445743,12.631025423632135
3,0.4,899,0.14041258723155606,102.07011686143572,12.610861960034589
3,0.4,899,0.14041258723155606,102.31218697829716,12.590706241301818
3,0.4,899,0.14041258723155606,102.5542570951586,12.57056178857801
3,0.4,899,0.14041258723155606,102.79632721202003,12.55043209902036
3,0.4,899,0.14041258723155606,103.03839732888147,12.530320645865894
3,0.4,899,0.14041258723155606,103.2804674457429,12.510230878507478
3,0.4,899,0.14041258723155606,103.52253756260434,12.490166222578967
3,0.4,899,0.14041258723155606,103.76460767946578,12.47013008004937
3,0.4,899,0.14041258723155606,104.00667779632721,12.450125829325872
3,0.4,899,0.14041258723155606,104.24874791318865,12.430156825365689
3,0.4,899,0.14041258723155606,104.49081803005008,12.410226399796528
3,0.4,899,0.14041258723155606,104.73288814691152,12.390337861045657
3,0.4,899,0.14041258723155606,104.97495826377296,12.370494494477354
3,0.4,899,0.14041258723155606,105.21702838063439,12.35069956253874
3,0.4,899,0.14041258723155606,105.45909849749583,12.330956304913808
3,0.4,899,0.14041258723155606,105.70116861435726,12.311267938685564
3,0.4,899,0.14041258723155606,105.9432387312187,12.291637658506172
3,0.4,899,0.14041258723155606,106.18530884808014,12.272068636775
3,0.4,899,0.14041258723155606,106.42737896494157,12.252564023824489
3,0.4,899,0.14041258723155606,106.66944908180301,12.233126948113663
3,0.4,899,0.14041258723155606,106.91151919866444,12.213760516429291
3,0.4,899,0.14041258723155606,107.15358931552588,12.194467814094496
3,0.4,899,0.14041258723155606,107.39565943238732,12.17525190518478
3,0.4,899,0.14041258723155606,107.63772954924875,12.156115832751365
3,0.4,899,0.14041258723155606,107.87979966611019,12.137062619051695
3,0.4,899,0.14041258723155606,108.12186978297161,12.118095265787096
3,0.4,899,0.14041258723155606,108.36393989983306,12.099216754347433
3,0.4,899,0.14041258723155606,108.6060100166945,12.080430046062705
3,0.4,899,0.14041258723155606,108.84808013355592,12.061738082461478
3,0.4,899,0.14041258723155606,109.09015025041737,12.043143785536099
3,0.4,899,0.14041258723155606,109.3322203672788,12.024650058014572
3,0.4,899,0.14041258723155606,109.57429048414023,12.006259783638999
3,0.4,899,0.14041258723155606,109.81636060100168,11.98797582745062
3,0.4,899,0.14041258723155606,110.0584307178631,11.969801031144323
3,0.4,899,0.14041258723155606,110.30050083472455,11.95173756753242
3,0.4,899,0.14041258723155606,110.54257095158597,11.933786303216193
3,0.4,899,0.14041258723155606,110.78464106844741,11.91594794633071
3,0.4,899,0.14041258723155606,111.02671118530886,11.898223200146756
3,0.4,899,0.14041258723155606,111.26878130217028,11.88061276318076
3,0.4,899,0.14041258723155606,111.51085141903172,11.863117329304602
3,0.4,899,0.14041258723155606,111.75292153589315,11.84573758785555
3,0.4,899,0.14041258723155606,111.99499165275459,11.828474223746102
3,0.4,899,0.14041258723155606,112.23706176961603,11.811327917573953
3,0.4,899,0.14041258723155606,112.47913188647746,11.79429934573186
3,0.4,899,0.14041258723155606,112.7212020033389,11.777389180517606
3,0.4,899,0.14041258723155606,112.96327212020033,11.760598090243983
3,0.4,899,0.14041258723155606,113.20534223706177,11.743926739348735
3,0.4,899,0.14041258723155606,113.44741235392321,11.727375788504586
3,0.4,899,0.14041258723155606,113.68948247078464,11.710945894729285
3,0.4,899,0.14041258723155606,113.93155258764608,11.694637711495647
3,0.4,899,0.14041258723155606,114.17362270450751,11.678451888841664
3,0.4,899,0.14041258723155606,114.41569282136895,11.66238907348066
3,0.4,899,0.14041258723155606,114.65776293823039,11.646449908911427
3,0.4,899,0.14041258723155606,114.89983305509182,11.630635035528472
3,0.4,899,0.14041258723155606,115.14190317195326,11.614945090732299
3,0.4,899,0.14041258723155606,115.38397328881469,11.599380709039693
3,0.4,899,0.14041258723155606,115.62604340567613,11.583942522194128
3,0.4,899,0.14041258723155606,115.86811352253757,11.568631159276181
3,0.4,899,0.14041258723155606,116.110183639399,11.553447246814068
3,0.4,899,0.14041258723155606,116.35225375626044,11.538391408894162
3,0.4,899,0.14041258723155606,116.59432387312187,11.523464267271704
3,0.4,899,0.14041258723155606,116.8363939899833,11.508666441481477
3,0.4,899,0.14041258723155606,117.07846410684475,11.49399854894866
3,0.4,899,0.14041258723155606,117.32053422370618,11.479461205099694
3,0.4,899,0.14041258723155606,117.56260434056762,11.465055023473315
3,0.4,899,0.14041258723155606,117.80467445742904,11.450780615831638
3,0.4,899,0.14041258723155606,118.04674457429049,11.436638592271372
3,0.4,899,0.14041258723155606,118.28881469115193,11.422629561335128
3,0.4,899,0.14041258723155606,118.53088480801335,11.408754130122905
3,0.4,899,0.14041258723155606,118.7729549248748,11.395012904403627
3,0.4,899,0.14041258723155606,119.01502504173622,11.381406488726881
3,0.4,899,0.14041258723155606,119.25709515859766,11.36793548653473
3,0.4,899,0.14041258723155606,119.4991652754591,11.35460050027374
3,0.4,899,0.14041258723155606,119.74123539232053,11.341402131507138
3,0.4,899,0.14041258723155606,119.98330550918197,11.328340981027106
3,0.4,899,0.14041258723155606,120.2253756260434,11.315417376529817
3,0.4,899,0.14041258723155606,120.46744574290484,11.302630306915823
3,0.4,899,0.14041258723155606,120.70951585976628,11.289978356871073
3,0.4,899,0.14041258723155606,120.95158597662771,11.277460119472781
3,0.4,899,0.14041258723155606,121.19365609348915,11.265074196170312
3,0.4,899,0.14041258723155606,121.43572621035058,11.252819196656803
3,0.4,899,0.14041258723155606,121.67779632721202,11.240693738742412
3,0.4,899,0.14041258723155606,121.91986644407346,11.228696448229128
3,0.4,899,0.14041258723155606,122.16193656093489,11.216825958787158
3,0.4,899,0.14041258723155606,122.40400667779633,11.205080911832892
3,0.4,899,0.14041258723155606,122.64607679465776,11.193459956408368
3,0.4,899,0.14041258723155606,122.8881469115192,11.181961749062316
3,0.4,899,0.14041258723155606,123.13021702838064,11.170584953732668
3,0.4,899,0.14041258723155606,123.37228714524207,11.159328241630568
3,0.4,899,0.14041258723155606,123.61435726210351,11.14819029112589
3,0.4,899,0.14041258723155606,123.85642737896494,11.1371697876342
3,0.4,899,0.14041258723155606,124.09849749582638,11.126265423505199
3,0.4,899,0.14041258723155606,124.34056761268782,11.115475897912557
3,0.4,899,0.14041258723155606,124.58263772954925,11.104799916745218
3,0.4,899,0.14041258723155606,124.82470784641069,11.094236192500121
3,0.4,899,0.14041258723155606,125.06677796327212,11.083783444176284
3,0.4,899,0.14041258723155606,125.30884808013356,11.073440397170302
3,0.4,899,0.14041258723155606,125.550918196995,11.063205783173242
3,0.4,899,0.14041258723155606,125.79298831385643,11.053078340068847
3,0.4,899,0.14041258723155606,126.03505843071787,11.04305681183315
3,0.4,899,0.14041258723155606,126.2771285475793,11.033139948435382
3,0.4,899,0.14041258723155606,126.51919866444074,11.023326505740256
3,0.4,899,0.14041258723155606,126.76126878130218,11.013615245411506
3,0.4,899,0.14041258723155606,127.0033388981636,11.004004934816818
3,0.4,899,0.14041258723155606,127.24540901502505,10.994494346933969
3,0.4,899,0.14041258723155606,127.48747913188647,10.985082260258318
3,0.4,899,0.14041258723155606,127.72954924874792,10.975767458711532
3,0.4,899,0.14041258723155606,127.97161936560936,10.966548731551603
3,0.4,899,0.14041258723155606,128.21368948247078,10.95742487328411
3,0.4,899,0.14041258723155606,128.45575959933223,10.94839468357471
3,0.4,899,0.14041258723155606,128.69782971619367,10.93945696716292
3,0.4,899,0.14041258723155606,128.9398998330551,10.930610533777031
3,0.4,899,0.14041258723155606,129.18196994991655,10.921854198050353
3,0.4,899,0.14041258723155606,129.42404006677796,10.913186779438574
3,0.4,899,0.14041258723155606,129.6661101836394,10.904607102138367
3,0.4,899,0.14041258723155606,129.90818030050082,10.896113995007196
3,0.4,899,0.14041258723155606,130.15025041736226,10.88770629148425
3,0.4,899,0.14041258723155606,130.3923205342237,10.879382829512611
3,0.4,899,0.14041258723155606,130.63439065108514,10.871142451462577
3,0.4,899,0.14041258723155606,130.87646076794658,10.862984004056102
3,0.4,899,0.14041258723155606,131.11853088480802,10.854906338292432
3,0.4,899,0.14041258723155606,131.36060100166947,10.846908309374873
3,0.4,899,0.14041258723155606,131.6026711185309,10.838988776638683
3,0.4,899,0.14041258723155606,131.84474123539232,10.831146603480102
3,0.4,899,0.14041258723155606,132.08681135225376,10.823380657286497
3,0.4,899,0.14041258723155606,132.32888146911517,10.815689809367631
3,0.4,899,0.14041258723155606,132.57095158597662,10.808072934888033
3,0.4,899,0.14041258723155606,132.81302170283806,10.800528912800463
3,0.4,899,0.14041258723155606,133.0550918196995,10.79305662578051
3,0.4,899,0.14041258723155606,133.29716193656094,10.785654960162182
3,0.4,899,0.14041258723155606,133.53923205342238,10.77832280587471
3,0.4,899,0.14041258723155606,133.7813021702838,10.77105905638032
3,0.4,899,0.14041258723155606,134.02337228714524,10.76386260861314
3,0.4,899,0.14041258723155606,134.26544240400668,10.756732362919125
3,0.4,899,0.14041258723155606,134.50751252086812,10.749667222997063
3,0.4,899,0.14041258723155606,134.74958263772956,10.742666095840661
3,0.4,899,0.14041258723155606,134.99165275459097,10.735727891681622
3,0.4,899,0.14041258723155606,135.23372287145241,10.728851948602163
3,0.4,899,0.14041258723155606,135.47579298831386,10.722039489480068
3,0.4,899,0.14041258723155606,135.7178631051753,10.71529225605615
3,0.4,899,0.14041258723155606,135.95993322203674,10.708611986147837
3,0.4,899,0.14041258723155606,136.20200333889815,10.702000413745452
3,0.4,899,0.14041258723155606,136.4440734557596,10.695459269130595
3,0.4,899,0.14041258723155606,136.68614357262103,10.688990278997244
3,0.4,899,0.14041258723155606,136.92821368948248,10.68259516657565
3,0.4,899,0.14041258723155606,137.17028380634392,10.6762756517589
3,0.4,899,0.14041258723155606,137.41235392320533,10.67003345123227
3,0.4,899,0.14041258723155606,137.65442404006677,10.663870278605245
3,0.4,899,0.14041258723155606,137.8964941569282,10.657787844546283
3,0.4,899,0.14041258723155606,138.13856427378965,10.651787856920288
3,0.4,899,0.14041258723155606,138.3806343906511,10.645872020928788
3,0.4,899,0.14041258723155606,138.6227045075125,10.640042039252823
3,0.4,899,0.14041258723155606,138.86477462437395,10.634299612198502
3,0.4,899,0.14041258723155606,139.1068447412354,10.62864643784532
3,0.4,899,0.14041258723155606,139.34891485809683,10.62308421219715
3,0.4,899,0.14041258723155606,139.59098497495827,10.617614629335879
3,0.4,899,0.14041258723155606,139.8330550918197,10.612239381577844
3,0.4,899,0.14041258723155606,140.07512520868113,10.606960159632907
3,0.4,899,0.14041258723155606,140.31719532554257,10.601778652766225
3,0.4,899,0.14041258723155606,140.559265442404,10.596696548962761
3,0.4,899,0.14041258723155606,140.80133555926545,10.591715535094488
3,0.4,899,0.14041258723155606,141.04340567612687,10.586837297090312
3,0.4,899,0.14041258723155606,141.2854757929883,10.582063520108708
3,0.4,899,0.14041258723155606,141.52754590984975,10.577395888713065
3,0.4,899,0.14041258723155606,141.7696160267112,10.572836087049808
3,0.4,899,0.14041258723155606,142.01168614357263,10.568385799029198
3,0.4,899,0.14041258723155606,142.25375626043405,10.564046708508942
3,0.4,899,0.14041258723155606,142.4958263772955,10.559820499480503
3,0.4,899,0.14041258723155606,142.73789649415693,10.55570885625821
3,0.4,899,0.14041258723155606,142.97996661101837,10.551713463671128
3,0.4,899,0.14041258723155606,143.2220367278798,10.547836007257745
3,0.4,899,0.14041258723155606,143.46410684474122,10.54407817346341
3,0.4,899,0.14041258723155606,143.70617696160267,10.54044164984062
3,0.4,899,0.14041258723155606,143.9482470784641,10.536928125252157
3,0.4,899,0.14041258723155606,144.19031719532555,10.533539290077018
3,0.4,899,0.14041258723155606,144.432387312187,10.530276836419246
3,0.4,899,0.14041258723155606,144.6744574290484,10.527142458319608
3,0.4,899,0.14041258723155606,144.91652754590984,10.524137851970222
3,0.4,899,0.14041258723155606,145.15859766277129,10.521264715932041
3,0.4,899,0.14041258723155606,145.40066777963273,10.518524751355306
3,0.4,899,0.14041258723155606,145.64273789649417,10.515919662202966
3,0.4,899,0.14041258723155606,145.88480801335558,10.513451155477048
3,0.4,899,0.14041258723155606,146.12687813021702,10.511120941448057
3,0.4,899,0.14041258723155606,146.36894824707846,10.508930733887421
3,0.4,899,0.14041258723155606,146.6110183639399,10.50688225030293
3,0.4,899,0.14041258723155606,146.85308848080135,10.504977212177312
3,0.4,899,0.14041258723155606,147.09515859766276,10.503217345209936
3,0.4,899,0.14041258723155606,147.3372287145242,10.501604379561577
3,0.4,899,0.14041258723155606,147.57929883138564,10.500140050102418
3,0.4,899,0.14041258723155606,147.82136894824708,10.49882609666324
3,0.4,899,0.14041258723155606,148.06343906510853,10.497664264289826
3,0.4,899,0.14041258723155606,148.30550918196994,10.496656303500654
3,0.4,899,0.14041258723155606,148.54757929883138,10.4958039705479
3,0.4,899,0.14041258723155606,148.78964941569282,10.495109027681726
3,0.4,899,0.14041258723155606,149.03171953255426,10.494573243418044
3,0.4,899,0.14041258723155606,149.2737896494157,10.494198392809606
3,0.4,899,0.14041258723155606,149.51585976627712,10.493986257720596
3,0.4,899,0.14041258723155606,149.75792988313856,10.493938627104711
3,0.4,899,0.14041258723155606,150.0,10.494057297286803
4,0.5,717,0.1551923037990366,5.0,0.0
4,0.5,717,0.1551923037990366,5.242070116861436,0.0
4,0.5,717,0.1551923037990366,5.484140233722871,0.0
4,0.5,717,0.1551923037990366,5.726210350584307,0.0
4,0.5,717,0.1551923037990366,5.968280467445743,0.0
4,0.5,717,0.1551923037990366,6.210350584307179,0.0
4,0.5,717,0.1551923037990366,6.452420701168615,0.0
4,0.5,717,0.1551923037990366,6.69449081803005,0.0
4,0.5,717,0.1551923037990366,6.936560934891486,0.0
4,0.5,717,0.1551923037990366,7.178631051752921,0.0
4,0.5,717,0.1551923037990366,7.420701168614357,0.0
4,0.5,717,0.1551923037990366,7.6627712854757934,0.0
4,0.5,717,0.1551923037990366,7.904841402337229,0.0
4,0.5,717,0.1551923037990366,8.146911519198664,0.0
4,0.5,717,0.1551923037990366,8.3889816360601,0.0
4,0.5,717,0.1551923037990366,8.631051752921536,0.0
4,0.5,717,0.1551923037990366,8.873121869782972,0.0
4,0.5,717,0.1551923037990366,9.115191986644408,0.1165112612021776
4,0.5,717,0.1551923037990366,9.357262103505843,0.23232158365902006
4,0.5,717,0.1551923037990366,9.599332220367279,0.3700773072505531
4,0.5,717,0.1551923037990366,9.841402337228715,0.5296464743050046
4,0.5,717,0.1551923037990366,10.083472454090149,0.7133396336015663
4,0.5,717,0.1551923037990366,10.325542570951587,0.925880174011299
4,0.5,717,0.1551923037990366,10.567612687813021,1.1686204318015647
4,0.5,717,0.1551923037990366,10.809682804674457,1.4422996865322077
4,0.5,717,0.1551923037990366,11.051752921535893,1.7477600192891614
4,0.5,717,0.1551923037990366,11.293823038397328,2.0861665043531317
4,0.5,717,0.1551923037990366,11.535893155258766,2.4590855817791426
4,0.5,717,0.1551923037990366,11.7779632721202,2.868952645664777
4,0.5,717,0.1551923037990366,12.020033388981636,3.3194820940495093
4,0.5,717,0.1551923037990366,12.262103505843072,3.8151231268108785
4,0.5,717,0.1551923037990366,12.504173622704506,4.358490015345219
4,0.5,717,0.1551923037990366,12.746243739565944,4.951621011078594
4,0.5,717,0.1551923037990366,12.988313856427379,5.596419272161126
4,0.5,717,0.1551923037990366,13.230383973288815,6.294649303081327
4,0.5,717,0.1551923037990366,13.47245409015025,7.047937193878946
4,0.5,717,0.1551923037990366,13.714524207011687,7.857774974212378
4,0.5,717,0.1551923037990366,13.956594323873121,8.725529281041318
4,0.5,717,0.1551923037990366,14.198664440734557,9.652244854275814
4,0.5,717,0.1551923037990366,14.440734557595993,10.637187788089022
4,0.5,717,0.1551923037990366,14.68280467445743,11.678082897188164
4,0.5,717,0.1551923037990366,14.924874791318866,12.771500449291345
4,0.5,717,0.1551923037990366,15.1669449081803,13.912760854931626
4,0.5,717,0.1551923037990366,15.409015025041736,15.095855073688139
4,0.5,717,0.1551923037990366,15.651085141903172,16.313388298455845
4,0.5,717,0.1551923037990366,15.893155258764608,17.55655257521697
4,0.5,717,0.1551923037990366,16.135225375626042,18.815221148611315
4,0.5,717,0.1551923037990366,16.377295492487477,20.079582068275883
4,0.5,717,0.1551923037990366,16.619365609348915,21.340495960928873
4,0.5,717,0.1551923037990366,16.861435726210352,22.588513056591033
4,0.5,717,0.1551923037990366,17.103505843071787,23.813959409061592
4,0.5,717,0.1551923037990366,17.34557595993322,25.007070766684652
4,0.5,717,0.1551923037990366,17.587646076794655,26.15813113656099
4,0.5,717,0.1551923037990366,17.829716193656093,27.25761311667761
4,0.5,717,0.1551923037990366,18.07178631051753,28.296334104829782
4,0.5,717,0.1551923037990366,18.313856427378965,29.266984060051517
4,0.5,717,0.1551923037990366,18.5559265442404,30.165499420542456
4,0.5,717,0.1551923037990366,18.797996661101834,30.989178388694754
4,0.5,717,0.1551923037990366,19.040066777963272,31.73644830893146
4,0.5,717,0.1551923037990366,19.28213689482471,32.40683059503708
4,0.5,717,0.1551923037990366,19.524207011686144,33.000886434603125
4,0.5,717,0.1551923037990366,19.76627712854758,33.52014670531416
4,0.5,717,0.1551923037990366,20.008347245409013,33.96702967805257
4,0.5,717,0.1551923037990366,20.25041736227045,34.34467964091534
4,0.5,717,0.1551923037990366,20.49248747913189,34.656682222528026
4,0.5,717,0.1551923037990366,20.734557595993323,34.90715834650105
4,0.5,717,0.1551923037990366,20.976627712854757,35.10072923771798
4,0.5,717,0.1551923037990366,21.218697829716195,35.242427855791625
4,0.5,717,0.1551923037990366,21.46076794657763,35.337614712707705
4,0.5,717,0.1551923037990366,21.702838063439064,35.39189977798123
4,0.5,717,0.1551923037990366,21.9449081803005,35.411071834236076
4,0.5,717,0.1551923037990366,22.186978297161936,35.400861412537665
4,0.5,717,0.1551923037990366,22.429048414023374,35.36565117190632
4,0.5,717,0.1551923037990366,22.671118530884808,35.309171926070945
4,0.5,717,0.1551923037990366,22.913188647746242,35.2351589620932
4,0.5,717,0.1551923037990366,23.15525876460768,35.147337087511424
4,0.5,717,0.1551923037990366,23.397328881469114,35.049405076850135
4,0.5,717,0.1551923037990366,23.639398998330552,34.94502398167248
4,0.5,717,0.1551923037990366,23.881469115191987,34.83780925526542
4,0.5,717,0.1551923037990366,24.12353923205342,34.73125598501077
4,0.5,717,0.1551923037990366,24.36560934891486,34.62726622164217
4,0.5,717,0.1551923037990366,24.607679465776293,34.52621471449978
4,0.5,717,0.1551923037990366,24.84974958263773,34.42840421304904
4,0.5,717,0.1551923037990366,25.091819699499165,34.33412878902336
4,0.5,717,0.1551923037990366,25.3338898163606,34.24367456631864
4,0.5,717,0.1551923037990366,25.575959933222038,34.15732043634693
4,0.5,717,0.1551923037990366,25.818030050083472,34.075338760479745
4,0.5,717,0.1551923037990366,26.06010016694491,33.99799632398419
4,0.5,717,0.1551923037990366,26.302170283806344,33.92558703675542
4,0.5,717,0.1551923037990366,26.54424040066778,33.85846294059373
4,0.5,717,0.1551923037990366,26.786310517529216,33.796978848159206
4,0.5,717,0.1551923037990366,27.02838063439065,33.74148587040333
4,0.5,717,0.1551923037990366,27.27045075125209,33.69233227009144
4,0.5,717,0.1551923037990366,27.512520868113523,33.64986433061947
4,0.5,717,0.1551923037990366,27.754590984974957,33.61442724151967
4,0.5,717,0.1551923037990366,27.996661101836395,33.5863660022032
4,0.5,717,0.1551923037990366,28.23873121869783,33.56595084350265
4,0.5,717,0.1551923037990366,28.480801335559267,33.55313913668946
4,0.5,717,0.1551923037990366,28.7228714524207,33.547809033566985
4,0.5,717,0.1551923037990366,28.964941569282136,33.54984146138693
4,0.5,717,0.1551923037990366,29.207011686143574,33.5591199783051
4,0.5,717,0.1551923037990366,29.449081803005008,33.57553062398268
4,0.5,717,0.1551923037990366,29.691151919866446,33.59896176617728
4,0.5,717,0.1551923037990366,29.93322203672788,33.62930394388184
4,0.5,717,0.1551923037990366,30.175292153589314,33.66641233895331
4,0.5,717,0.1551923037990366,30.417362270450752,33.70978842256877
4,0.5,717,0.1551923037990366,30.659432387312187,33.758736327012244
4,0.5,717,0.1551923037990366,30.901502504173624,33.81255532329948
4,0.5,717,0.1551923037990366,31.14357262103506,33.870540842380635
4,0.5,717,0.1551923037990366,31.385642737896493,33.931983573763624
4,0.5,717,0.1551923037990366,31.62771285475793,33.99616870709219
4,0.5,717,0.1551923037990366,31.869782971619365,34.06237531898069
4,0.5,717,0.1551923037990366,32.1118530884808,34.12987590776487
4,0.5,717,0.1551923037990366,32.35392320534224,34.197936079101865
4,0.5,717,0.1551923037990366,32.59599332220367,34.26581438554768
4,0.5,717,0.1551923037990366,32.83806343906511,34.332762323346195
4,0.5,717,0.1551923037990366,33.080133555926544,34.39802448968011
4,0.5,717,0.1551923037990366,33.32220367278798,34.46083890355867
4,0.5,717,0.1551923037990366,33.56427378964942,34.520437493342556
4,0.5,717,0.1551923037990366,33.80634390651085,34.57604675363329
4,0.5,717,0.1551923037990366,34.04841402337229,34.626888573878574
4,0.5,717,0.1551923037990366,34.29048414023372,34.67218124056211
4,0.5,717,0.1551923037990366,34.53255425709516,34.71114061425855
4,0.5,717,0.1551923037990366,34.7746243739566,34.742981482135534
4,0.5,717,0.1551923037990366,35.016694490818026,34.76691913603512
4,0.5,717,0.1551923037990366,35.25876460767947,34.782358425500284
4,0.5,717,0.1551923037990366,35.5008347245409,34.78931858710469
4,0.5,717,0.1551923037990366,35.742904841402336,34.78794832464814
4,0.5,717,0.1551923037990366,35.98497495826378,34.778401660081926
4,0.5,717,0.1551923037990366,36.227045075125204,34.76083759488571
4,0.5,717,0.1551923037990366,36.469115191986646,34.73541977299239
4,0.5,717,0.1551923037990366,36.71118530884808,34.702316145961014
4,0.5,717,0.1551923037990366,36.953255425709514,34.661698641065776
4,0.5,717,0.1551923037990366,37.19532554257095,34.61374283293489
4,0.5,717,0.1551923037990366,37.43739565943239,34.55862761934059
4,0.5,717,0.1551923037990366,37.679465776293824,34.49653490170618
4,0.5,717,0.1551923037990366,37.92153589315526,34.427649270862666
4,0.5,717,0.1551923037990366,38.16360601001669,34.352157698551956
4,0.5,717,0.1551923037990366,38.40567612687813,34.27024923513982
4,0.5,717,0.1551923037990366,38.64774624373957,34.182114713967366
4,0.5,717,0.1551923037990366,38.889816360601,34.08794646273461
4,0.5,717,0.1551923037990366,39.13188647746244,33.98793802227748
4,0.5,717,0.1551923037990366,39.37395659432387,33.882283873064864
4,0.5,717,0.1551923037990366,39.616026711185306,33.771179169710045
4,0.5,717,0.1551923037990366,39.85809682804675,33.654819483758665
4,0.5,717,0.1551923037990366,40.10016694490818,33.53340215774273
4,0.5,717,0.1551923037990366,40.342237061769616,33.40718173648742
4,0.5,717,0.1551923037990366,40.58430717863105,33.27648303934112
4,0.5,717,0.1551923037990366,40.826377295492485,33.14163270303227
4,0.5,717,0.1551923037990366,41.068447412353926,33.00295423553705
4,0.5,717,0.1551923037990366,41.31051752921536,32.86076767329697
4,0.5,717,0.1551923037990366,41.552587646076795,32.71538926807029
4,0.5,717,0.1551923037990366,41.79465776293823,32.567131203040404
4,0.5,717,0.1551923037990366,42.03672787979966,32.416301337734204
4,0.5,717,0.1551923037990366,42.278797996661105,32.26320298123876
4,0.5,717,0.1551923037990366,42.52086811352254,32.108134693149985
4,0.5,717,0.1551923037990366,42.76293823038397,31.951390111635504
4,0.5,717,0.1551923037990366,43.00500834724541,31.79325780795334
4,0.5,717,0.1551923037990366,43.24707846410684,31.634021166730175
4,0.5,717,0.1551923037990366,43.48914858096828,31.47395829127512
4,0.5,717,0.1551923037990366,43.73121869782972,31.31334193317969
4,0.5,717,0.1551923037990366,43.97328881469115,31.15243944543867
4,0.5,717,0.1551923037990366,44.215358931552586,30.99151275831353
4,0.5,717,0.1551923037990366,44.45742904841402,30.830818377154706
4,0.5,717,0.1551923037990366,44.69949916527546,30.670607401396634
4,0.5,717,0.1551923037990366,44.941569282136896,30.511125563944198
4,0.5,717,0.1551923037990366,45.18363939899833,30.35259777792054
4,0.5,717,0.1551923037990366,45.425709515859765,30.195113528828973
4,0.5,717,0.1551923037990366,45.6677796327212,30.03869489431338
4,0.5,717,0.1551923037990366,45.90984974958264,29.883362733437135
4,0.5,717,0.1551923037990366,46.151919866444075,29.729137207761568
4,0.5,717,0.1551923037990366,46.39398998330551,29.57603779986959
4,0.5,717,0.1551923037990366,46.636060100166944,29.424083331637693
4,0.5,717,0.1551923037990366,46.87813021702838,29.27329198225861
4,0.5,717,0.1551923037990366,47.12020033388982,29.12368130601769
4,0.5,717,0.1551923037990366,47.362270450751254,28.975268249825604
4,0.5,717,0.1551923037990366,47.60434056761269,28.828069170510222
4,0.5,717,0.1551923037990366,47.84641068447412,28.682099851870575
4,0.5,717,0.1551923037990366,48.08848080133556,28.537375521495335
4,0.5,717,0.1551923037990366,48.330550918197,28.393910867349387
4,0.5,717,0.1551923037990366,48.57262103505843,28.251720054130562
4,0.5,717,0.1551923037990366,48.81469115191987,28.110816739400217
4,0.5,717,0.1551923037990366,49.0567612687813,27.97121408949003
4,0.5,717,0.1551923037990366,49.298831385642735,27.83292479518853
4,0.5,717,0.1551923037990366,49.54090150250418,27.695961087209977
4,0.5,717,0.1551923037990366,49.78297161936561,27.560334751449027
4,0.5,717,0.1551923037990366,50.025041736227045,27.426057145887988
4,0.5,717,0.1551923037990366,50.26711185308848,27.2931414572031
4,0.5,717,0.1551923037990366,50.509181969949914,27.161606996531187
4,0.5,717,0.1551923037990366,50.751252086811355,27.031473716949787
4,0.5,717,0.1551923037990366,50.99332220367279,26.90276101363646
4,0.5,717,0.1551923037990366,51.235392320534224,26.775487743190265
4,0.5,717,0.1551923037990366,51.47746243739566,26.649672242860476
4,0.5,717,0.1551923037990366,51.71953255425709,26.525332349680294
4,0.5,717,0.1551923037990366,51.961602671118534,26.402485419504522
4,0.5,717,0.1551923037990366,52.20367278797997,26.281148345949926
4,0.5,717,0.1551923037990366,52.4457429048414,26.16133757923778
4,0.5,717,0.1551923037990366,52.68781302170284,26.043069144938528
4,0.5,717,0.1551923037990366,52.92988313856427,25.9263586626183
4,0.5,717,0.1551923037990366,53.17195325542571,25.811221364388075
4,0.5,717,0.1551923037990366,53.41402337228715,25.697672113356216
4,0.5,717,0.1551923037990366,53.65609348914858,25.585725421985426
4,0.5,717,0.1551923037990366,53.898163606010016,25.475395470355924
4,0.5,717,0.1551923037990366,54.14023372287145,25.366696124336517
4,0.5,717,0.1551923037990366,54.38230383973289,25.259640953665855
4,0.5,717,0.1551923037990366,54.624373956594326,25.154243249946443
4,0.5,717,0.1551923037990366,54.86644407345576,25.05051604455428
4,0.5,717,0.1551923037990366,55.108514190317194,24.94847163261161
4,0.5,717,0.1551923037990366,55.35058430717863,24.848107473029323
4,0.5,717,0.1551923037990366,55.59265442404007,24.749404390841246
4,0.5,717,0.1551923037990366,55.834724540901504,24.652342602786877
4,0.5,717,0.1551923037990366,56.07679465776294,24.556902637255956
4,0.5,717,0.1551923037990366,56.31886477462437,24.463065329777415
4,0.5,717,0.1551923037990366,56.56093489148581,24.370811818545924
4,0.5,717,0.1551923037990366,56.80300500834725,24.280123539986583
4,0.5,717,0.1551923037990366,57.04507512520868,24.19098222435957
4,0.5,717,0.1551923037990366,57.28714524207012,24.103369891405283
4,0.5,717,0.1551923037990366,57.52921535893155,24.017268846030888
4,0.5,717,0.1551923037990366,57.771285475792986,23.932661674039306
4,0.5,717,0.1551923037990366,58.01335559265443,23.849531237901193
4,0.5,717,0.1551923037990366,58.25542570951586,23.7678606725704
4,0.5,717,0.1551923037990366,58.497495826377296,23.687633381343712
4,0.5,717,0.1551923037990366,58.73956594323873,23.6088330317651
4,0.5,717,0.1551923037990366,58.981636060100165,23.531443551574984
4,0.5,717,0.1551923037990366,59.223706176961606,23.455449124704774
4,0.5,717,0.1551923037990366,59.46577629382304,23.380834187316943
4,0.5,717,0.1551923037990366,59.707846410684475,23.30758342389082
4,0.5,717,0.1551923037990366,59.94991652754591,23.23568176335423
4,0.5,717,0.1551923037990366,60.19198664440734,23.165105560013853
4,0.5,717,0.1551923037990366,60.434056761268785,23.095765097298347
4,0.5,717,0.1551923037990366,60.67612687813022,23.027541518382247
4,0.5,717,0.1551923037990366,60.91819699499165,22.960317239503393
4,0.5,717,0.1551923037990366,61.16026711185309,22.893976056219966
4,0.5,717,0.1551923037990366,61.40233722871452,22.82840309858223
4,0.5,717,0.1551923037990366,61.644407345575964,22.763484792074575
4,0.5,717,0.1551923037990366,61.8864774624374,22.699108824215163
4,0.5,717,0.1551923037990366,62.12854757929883,22.63516411670535
4,0.5,717,0.1551923037990366,62.37061769616027,22.57154080302493
4,0.5,717,0.1551923037990366,62.6126878130217,22.508130211372748
4,0.5,717,0.1551923037990366,62.85475792988314,22.444824852854307
4,0.5,717,0.1551923037990366,63.09682804674458,22.381518414820192
4,0.5,717,0.1551923037990366,63.33889816360601,22.318105759259836
4,0.5,717,0.1551923037990366,63.580968280467445,22.254482926155955
4,0.5,717,0.1551923037990366,63.82303839732888,22.190547141704446
4,0.5,717,0.1551923037990366,64.06510851419031,22.126196831303695
4,0.5,717,0.1551923037990366,64.30717863105176,22.061331637215975
4,0.5,717,0.1551923037990366,64.5492487479132,21.995852440801272
4,0.5,717,0.1551923037990366,64.79131886477462,21.929661389221007
4,0.5,717,0.1551923037990366,65.03338898163605,21.862662006918164
4,0.5,717,0.1551923037990366,65.27545909849749,21.794803841048328
4,0.5,717,0.1551923037990366,65.51752921535893,21.7261558151994
4,0.5,717,0.1551923037990366,65.75959933222038,21.656805610118617
4,0.5,717,0.1551923037990366,66.0016694490818,21.586839943654116
4,0.5,717,0.1551923037990366,66.24373956594323,21.516344546039793
4,0.5,717,0.1551923037990366,66.48580968280467,21.445404138576976
4,0.5,717,0.1551923037990366,66.72787979966611,21.374102415650924
4,0.5,717,0.1551923037990366,66.96994991652755,21.302522030017805
4,0.5,717,0.1551923037990366,67.21202003338898,21.23074458129661
4,0.5,717,0.1551923037990366,67.45409015025041,21.158850607598545
4,0.5,717,0.1551923037990366,67.69616026711185,21.086919580226024
4,0.5,717,0.1551923037990366,67.93823038397329,21.01502990137217
4,0.5,717,0.1551923037990366,68.18030050083473,20.943258904751904
4,0.5,717,0.1551923037990366,68.42237061769616,20.871682859095305
4,0.5,717,0.1551923037990366,68.66444073455759,20.800376974434144
4,0.5,717,0.1551923037990366,68.90651085141903,20.72941541111352
4,0.5,717,0.1551923037990366,69.14858096828047,20.658871291460795
4,0.5,717,0.1551923037990366,69.3906510851419,20.588816714045375
4,0.5,717,0.1551923037990366,69.63272120200334,20.51932277046428
4,0.5,717,0.1551923037990366,69.87479131886478,20.45045956458999
4,0.5,717,0.1551923037990366,70.11686143572621,20.382294810521866
4,0.5,717,0.1551923037990366,70.35893155258765,20.314859860087864
4,0.5,717,0.1551923037990366,70.60100166944908,20.24814868465347
4,0.5,717,0.1551923037990366,70.84307178631052,20.182153583400357
4,0.5,717,0.1551923037990366,71.08514190317196,20.116866939215623
4,0.5,717,0.1551923037990366,71.32721202003339,20.05228121764792
4,0.5,717,0.1551923037990366,71.56928213689483,19.988388965872048
4,0.5,717,0.1551923037990366,71.81135225375625,19.92518281166186
4,0.5,717,0.1551923037990366,72.0534223706177,19.862655462371883
4,0.5,717,0.1551923037990366,72.29549248747914,19.80079970392739
4,0.5,717,0.1551923037990366,72.53756260434056,19.739608399823275
4,0.5,717,0.1551923037990366,72.779632721202,19.67907449013164
4,0.5,717,0.1551923037990366,73.02170283806343,19.61919099051816
4,0.5,717,0.1551923037990366,73.26377295492487,19.559950991267346
4,0.5,717,0.1551923037990366,73.50584307178632,19.501347656316675
4,0.5,717,0.1551923037990366,73.74791318864774,19.443374222299614
4,0.5,717,0.1551923037990366,73.98998330550918,19.386023997597682
4,0.5,717,0.1551923037990366,74.23205342237061,19.329290361401377
4,0.5,717,0.1551923037990366,74.47412353923205,19.27316676278015
4,0.5,717,0.1551923037990366,74.7161936560935,19.217646719761397
4,0.5,717,0.1551923037990366,74.95826377295492,19.162723818418378
4,0.5,717,0.1551923037990366,75.20033388981636,19.108388172190555
4,0.5,717,0.1551923037990366,75.44240400667779,19.054606105655143
4,0.5,717,0.1551923037990366,75.68447412353923,19.001334434012794
4,0.5,717,0.1551923037990366,75.92654424040067,18.948530413179093
4,0.5,717,0.1551923037990366,76.1686143572621,18.896151761687513
4,0.5,717,0.1551923037990366,76.41068447412354,18.844156651435064
4,0.5,717,0.1551923037990366,76.65275459098497,18.792503699351816
4,0.5,717,0.1551923037990366,76.89482470784641,18.741151959977753
4,0.5,717,0.1551923037990366,77.13689482470785,18.69006091893078
4,0.5,717,0.1551923037990366,77.37896494156928,18.639190487249966
4,0.5,717,0.1551923037990366,77.62103505843072,18.588500996598636
4,0.5,717,0.1551923037990366,77.86310517529215,18.537953195312188
4,0.5,717,0.1551923037990366,78.10517529215359,18.48750824527551
4,0.5,717,0.1551923037990366,78.34724540901503,18.437127719615543
4,0.5,717,0.1551923037990366,78.58931552587646,18.38677360119399
4,0.5,717,0.1551923037990366,78.8313856427379,18.336408281886055
4,0.5,717,0.1551923037990366,79.07345575959933,18.285994562630595
4,0.5,717,0.1551923037990366,79.31552587646077,18.23549565423697
4,0.5,717,0.1551923037990366,79.55759599332221,18.184875178934686
4,0.5,717,0.1551923037990366,79.79966611018364,18.134097172650588
4,0.5,717,0.1551923037990366,80.04173622704508,18.08312614102105
4,0.5,717,0.1551923037990366,80.2838063439065,18.031943422475745
4,0.5,717,0.1551923037990366,80.52587646076795,17.980570061682627
4,0.5,717,0.1551923037990366,80.76794657762939,17.92903270343147
4,0.5,717,0.1551923037990366,81.01001669449082,17.877357709965228
4,0.5,717,0.1551923037990366,81.25208681135226,17.825571158992815
4,0.5,717,0.1551923037990366,81.49415692821368,17.773698842081252
4,0.5,717,0.1551923037990366,81.73622704507513,17.721766263419788
4,0.5,717,0.1551923037990366,81.97829716193657,17.669798638949455
4,0.5,717,0.1551923037990366,82.220367278798,17.61782089585088
4,0.5,717,0.1551923037990366,82.46243739565944,17.565857672383515
4,0.5,717,0.1551923037990366,82.70450751252086,17.513933318069295
4,0.5,717,0.1551923037990366,82.9465776293823,17.46207189421365
4,0.5,717,0.1551923037990366,83.18864774624375,17.4102971747571
4,0.5,717,0.1551923037990366,83.43071786310517,17.35863264745035
4,0.5,717,0.1551923037990366,83.67278797996661,17.307101515346115
4,0.5,717,0.1551923037990366,83.91485809682804,17.255726698600707
4,0.5,717,0.1551923037990366,84.15692821368948,17.20453083657885
4,0.5,717,0.1551923037990366,84.39899833055092,17.15353629025491
4,0.5,717,0.1551923037990366,84.64106844741235,17.102765144903884
4,0.5,717,0.1551923037990366,84.88313856427379,17.052239213075786
4,0.5,717,0.1551923037990366,85.12520868113522,17.001979811961014
4,0.5,717,0.1551923037990366,85.36727879799666,16.95200321180251
4,0.5,717,0.1551923037990366,85.6093489148581,16.902320919517937
4,0.5,717,0.1551923037990366,85.85141903171953,16.85294411286243
4,0.5,717,0.1551923037990366,86.09348914858097,16.803883826955698
4,0.5,717,0.1551923037990366,86.3355592654424,16.755150956680964
4,0.5,717,0.1551923037990366,86.57762938230384,16.706756259150666
4,0.5,717,0.1551923037990366,86.81969949916528,16.658710356237446
4,0.5,717,0.1551923037990366,87.06176961602671,16.611023737168594
4,0.5,717,0.1551923037990366,87.30383973288815,16.563706761182605
4,0.5,717,0.1551923037990366,87.54590984974958,16.516769660246283
4,0.5,717,0.1551923037990366,87.78797996661102,16.47022254183097
4,0.5,717,0.1551923037990366,88.03005008347246,16.42407539174658
4,0.5,717,0.1551923037990366,88.27212020033389,16.37833807703197
4,0.5,717,0.1551923037990366,88.51419031719533,16.333020348900593
4,0.5,717,0.1551923037990366,88.75626043405676,16.28813184574008
4,0.5,717,0.1551923037990366,88.9983305509182,16.243682096164658
4,0.5,717,0.1551923037990366,89.24040066777964,16.199680522119312
4,0.5,717,0.1551923037990366,89.48247078464107,16.156136442034686
4,0.5,717,0.1551923037990366,89.72454090150251,16.113059074031693
4,0.5,717,0.1551923037990366,89.96661101836393,16.070457539175063
4,0.5,717,0.1551923037990366,90.20868113522538,16.02833803408445
4,0.5,717,0.1551923037990366,90.45075125208682,15.986689535000389
4,0.5,717,0.1551923037990366,90.69282136894824,15.945494705697653
4,0.5,717,0.1551923037990366,90.93489148580969,15.904736379863214
4,0.5,717,0.1551923037990366,91.17696160267111,15.864397568496289
4,0.5,717,0.1551923037990366,91.41903171953255,15.824461455862851
4,0.5,717,0.1551923037990366,91.661101836394,15.784911395626587
4,0.5,717,0.1551923037990366,91.90317195325542,15.745730907152945
4,0.5,717,0.1551923037990366,92.14524207011686,15.70690367198353
4,0.5,717,0.1551923037990366,92.38731218697829,15.668413530477828
4,0.5,717,0.1551923037990366,92.62938230383973,15.630244478619444
4,0.5,717,0.1551923037990366,92.87145242070117,15.592380664984274
4,0.5,717,0.1551923037990366,93.1135225375626,15.5548063878678
4,0.5,717,0.1551923037990366,93.35559265442404,15.517506092569066
4,0.5,717,0.1551923037990366,93.59766277128547,15.480464368828805
4,0.5,717,0.1551923037990366,93.83973288814691,15.443665948419275
4,0.5,717,0.1551923037990366,94.08180300500835,15.40709570288346
4,0.5,717,0.1551923037990366,94.32387312186978,15.370738641421342
4,0.5,717,0.1551923037990366,94.56594323873122,15.334579908920976
4,0.5,717,0.1551923037990366,94.80801335559265,15.298604784132154
4,0.5,717,0.1551923037990366,95.05008347245409,15.262798694478262
4,0.5,717,0.1551923037990366,95.29215358931553,15.2271503990938
4,0.5,717,0.1551923037990366,95.53422370617696,15.191655745812957
4,0.5,717,0.1551923037990366,95.7762938230384,15.156311538420612
4,0.5,717,0.1551923037990366,96.01836393989983,15.121114604967856
4,0.5,717,0.1551923037990366,96.26043405676127,15.086061797568599
4,0.5,717,0.1551923037990366,96.50250417362271,15.051149992201244
4,0.5,717,0.1551923037990366,96.74457429048414,15.016376088515583
4,0.5,717,0.1551923037990366,96.98664440734558,14.981737009644668
4,0.5,717,0.1551923037990366,97.228714524207,14.947229702021817
4,0.5,717,0.1551923037990366,97.47078464106845,14.912851135202544
4,0.5,717,0.1551923037990366,97.71285475792989,14.878598301691456
4,0.5,717,0.1551923037990366,97.95492487479132,14.844468216774056
4,0.5,717,0.1551923037990366,98.19699499165276,14.810457918353361
4,0.5,717,0.1551923037990366,98.43906510851419,14.776564466791323
4,0.5,717,0.1551923037990366,98.68113522537563,14.742784944755034
4,0.5,717,0.1551923037990366,98.92320534223707,14.709116457067624
4,0.5,717,0.1551923037990366,99.1652754590985,14.675556130563805
4,0.5,717,0.1551923037990366,99.40734557595994,14.64210111395006
4,0.5,717,0.1551923037990366,99.64941569282136,14.608748577669363
4,0.5,717,0.1551923037990366,99.8914858096828,14.57549571377048
4,0.5,717,0.1551923037990366,100.13355592654425,14.542340013972654
4,0.5,717,0.1551923037990366,100.37562604340567,14.509284053521784
4,0.5,717,0.1551923037990366,100.61769616026712,14.476334795265783
4,0.5,717,0.1551923037990366,100.85976627712854,14.443499283138019
4,0.5,717,0.1551923037990366,101.10183639398998,14.410784493207329
4,0.5,717,0.1551923037990366,101.34390651085143,14.37819733431655
4,0.5,717,0.1551923037990366,101.58597662771285,14.345744648753499
4,0.5,717,0.1551923037990366,101.8280467445743,14.313433212953727
4,0.5,717,0.1551923037990366,102.07011686143572,14.28126973823456
4,0.5,717,0.1551923037990366,102.31218697829716,14.249260871559857
4,0.5,717,0.1551923037990366,102.5542570951586,14.217413196334933
4,0.5,717,0.1551923037990366,102.79632721202003,14.18573323323105
4,0.5,717,0.1551923037990366,103.03839732888147,14.154227441039023
4,0.5,717,0.1551923037990366,103.2804674457429,14.122902217551356
4,0.5,717,0.1551923037990366,103.52253756260434,14.091763900472504
4,0.5,717,0.1551923037990366,103.76460767946578,14.060818768356638
4,0.5,717,0.1551923037990366,104.00667779632721,14.030073041572507
4,0.5,717,0.1551923037990366,104.24874791318865,13.999532883294945
4,0.5,717,0.1551923037990366,104.49081803005008,13.969204400522516
4,0.5,717,0.1551923037990366,104.73288814691152,13.939093645120941
4,0.5,717,0.1551923037990366,104.97495826377296,13.90920661489174
4,0.5,717,0.1551923037990366,105.21702838063439,13.87954925466589
4,0.5,717,0.1551923037990366,105.45909849749583,13.850127457421838
4,0.5,717,0.1551923037990366,105.70116861435726,13.820947065427783
4,0.5,717,0.1551923037990366,105.9432387312187,13.792013871407578
4,0.5,717,0.1551923037990366,106.18530884808014,13.76333361973012
4,0.5,717,0.1551923037990366,106.42737896494157,13.734912007621793
4,0.5,717,0.1551923037990366,106.66944908180301,13.706754686401599
4,0.5,717,0.1551923037990366,106.91151919866444,13.678867262738866
4,0.5,717,0.1551923037990366,107.15358931552588,13.651255299932988
4,0.5,717,0.1551923037990366,107.39565943238732,13.623924319215128
4,0.5,717,0.1551923037990366,107.63772954924875,13.596879801071578
4,0.5,717,0.1551923037990366,107.87979966611019,13.570127186588469
4,0.5,717,0.1551923037990366,108.12186978297161,13.543671878817724
4,0.5,717,0.1551923037990366,108.36393989983306,13.517519244164019
4,0.5,717,0.1551923037990366,108.6060100166945,13.491674613792478
4,0.5,717,0.1551923037990366,108.84808013355592,13.466143285057107
4,0.5,717,0.1551923037990366,109.09015025041737,13.44093052294966
4,0.5,717,0.1551923037990366,109.3322203672788,13.41604156156895
4,0.5,717,0.1551923037990366,109.57429048414023,13.391481605610354
4,0.5,717,0.1551923037990366,109.81636060100168,13.367255831875601
4,0.5,717,0.1551923037990366,110.0584307178631,13.34336936784737
4,0.5,717,0.1551923037990366,110.30050083472455,13.31982429108184
4,0.5,717,0.1551923037990366,110.54257095158597,13.2966166710595
4,0.5,717,0.1551923037990366,110.78464106844741,13.273741908452065
4,0.5,717,0.1551923037990366,111.02671118530886,13.25119544809797
4,0.5,717,0.1551923037990366,111.26878130217028,13.228972778103335
4,0.5,717,0.1551923037990366,111.51085141903172,13.207069428958649
4,0.5,717,0.1551923037990366,111.75292153589315,13.185480972671144
4,0.5,717,0.1551923037990366,111.99499165275459,13.164203021912451
4,0.5,717,0.1551923037990366,112.23706176961603,13.14323122918139
4,0.5,717,0.1551923037990366,112.47913188647746,13.122561285981513
4,0.5,717,0.1551923037990366,112.7212020033389,13.102188922013278
4,0.5,717,0.1551923037990366,112.96327212020033,13.082109904380529
4,0.5,717,0.1551923037990366,113.20534223706177,13.062320036811148
4,0.5,717,0.1551923037990366,113.44741235392321,13.042815158891493
4,0.5,717,0.1551923037990366,113.68948247078464,13.023591145314615
4,0.5,717,0.1551923037990366,113.93155258764608,13.004643905141807
4,0.5,717,0.1551923037990366,114.17362270450751,12.985969381077469
4,0.5,717,0.1551923037990366,114.41569282136895,12.967563548756985
4,0.5,717,0.1551923037990366,114.65776293823039,12.949422416047398
4,0.5,717,0.1551923037990366,114.89983305509182,12.93154202236076
4,0.5,717,0.1551923037990366,115.14190317195326,12.913918437979953
4,0.5,717,0.1551923037990366,115.38397328881469,12.896547763396647
4,0.5,717,0.1551923037990366,115.62604340567613,12.87942612866152
4,0.5,717,0.1551923037990366,115.86811352253757,12.862549692746226
4,0.5,717,0.1551923037990366,116.110183639399,12.845914642917203
4,0.5,717,0.1551923037990366,116.35225375626044,12.829517194120966
4,0.5,717,0.1551923037990366,116.59432387312187,12.813353588380867
4,0.5,717,0.1551923037990366,116.8363939899833,12.797420094205073
4,0.5,717,0.1551923037990366,117.07846410684475,12.781713006005651
4,0.5,717,0.1551923037990366,117.32053422370618,12.766228643528546
4,0.5,717,0.1551923037990366,117.56260434056762,12.750963351294443
4,0.5,717,0.1551923037990366,117.80467445742904,12.735913498050191
4,0.5,717,0.1551923037990366,118.04674457429049,12.721075476230798
4,0.5,717,0.1551923037990366,118.28881469115193,12.706445701431772
4,0.5,717,0.1551923037990366,118.53088480801335,12.692020611891758
4,0.5,717,0.1551923037990366,118.7729549248748,12.677796667985225
4,0.5,717,0.1551923037990366,119.01502504173622,12.663770351725216
4,0.5,717,0.1551923037990366,119.25709515859766,12.649938166275927
4,0.5,717,0.1551923037990366,119.4991652754591,12.636296635475054
4,0.5,717,0.1551923037990366,119.74123539232053,12.62284230336583
4,0.5,717,0.1551923037990366,119.98330550918197,12.6095717337385
4,0.5,717,0.1551923037990366,120.2253756260434,12.59648153660943
4,0.5,717,0.1551923037990366,120.46744574290484,12.583568473153033
4,0.5,717,0.1551923037990366,120.70951585976628,12.570829362958671
4,0.5,717,0.1551923037990366,120.95158597662771,12.558261042849068
4,0.5,717,0.1551923037990366,121.19365609348915,12.545860366483089
4,0.5,717,0.1551923037990366,121.43572621035058,12.533624203977373
4,0.5,717,0.1551923037990366,121.67779632721202,12.521549441535779
4,0.5,717,0.1551923037990366,121.91986644407346,12.509632981086579
4,0.5,717,0.1551923037990366,122.16193656093489,12.49787173992731
4,0.5,717,0.1551923037990366,122.40400667779633,12.486262650377245
4,0.5,717,0.1551923037990366,122.64607679465776,12.474802659437325
4,0.5,717,0.1551923037990366,122.8881469115192,12.46348872845761
4,0.5,717,0.1551923037990366,123.13021702838064,12.452317832812001
4,0.5,717,0.1551923037990366,123.37228714524207,12.441286961580401
4,0.5,717,0.1551923037990366,123.61435726210351,12.430393117237982
4,0.5,717,0.1551923037990366,123.85642737896494,12.419633315351787
4,0.5,717,0.1551923037990366,124.09849749582638,12.409004584284267
4,0.5,717,0.1551923037990366,124.34056761268782,12.398503964904048
4,0.5,717,0.1551923037990366,124.58263772954925,12.388128510303593
4,0.5,717,0.1551923037990366,124.82470784641069,12.377875285523835
4,0.5,717,0.1551923037990366,125.06677796327212,12.367741367285742
4,0.5,717,0.1551923037990366,125.30884808013356,12.357723843728618
4,0.5,717,0.1551923037990366,125.550918196995,12.347819814155303
4,0.5,717,0.1551923037990366,125.79298831385643,12.338026388784055
4,0.5,717,0.1551923037990366,126.03505843071787,12.328340688507089
4,0.5,717,0.1551923037990366,126.2771285475793,12.318759844655824
4,0.5,717,0.1551923037990366,126.51919866444074,12.309280998772659
4,0.5,717,0.1551923037990366,126.76126878130218,12.299901302389335
4,0.5,717,0.1551923037990366,127.0033388981636,12.290617916811831
4,0.5,717,0.1551923037990366,127.24540901502505,12.28142801291164
4,0.5,717,0.1551923037990366,127.48747913188647,12.272328770923535
4,0.5,717,0.1551923037990366,127.72954924874792,12.263317380249735
4,0.5,717,0.1551923037990366,127.97161936560936,12.25439103927035
4,0.5,717,0.1551923037990366,128.21368948247078,12.245546955160215
4,0.5,717,0.1551923037990366,128.45575959933223,12.236782343711901
4,0.5,717,0.1551923037990366,128.69782971619367,12.22809442916511
4,0.5,717,0.1551923037990366,128.9398998330551,12.219480444042086
4,0.5,717,0.1551923037990366,129.18196994991655,12.210937628989404
4,0.5,717,0.1551923037990366,129.42404006677796,12.202463232625709
4,0.5,717,0.1551923037990366,129.6661101836394,12.19405451139571
4,0.5,717,0.1551923037990366,129.90818030050082,12.185708729430177
4,0.5,717,0.1551923037990366,130.15025041736226,12.177423158412015
4,0.5,717,0.1551923037990366,130.3923205342237,12.16919507744833
4,0.5,717,0.1551923037990366,130.63439065108514,12.161021772948542
4,0.5,717,0.1551923037990366,130.87646076794658,12.152900538508412
4,0.5,717,0.1551923037990366,131.11853088480802,12.144828674800026
4,0.5,717,0.1551923037990366,131.36060100166947,12.136803489467699
4,0.5,717,0.1551923037990366,131.6026711185309,12.128822297029773
4,0.5,717,0.1551923037990366,131.84474123539232,12.120882418786264
4,0.5,717,0.1551923037990366,132.08681135225376,12.112981182732337
4,0.5,717,0.1551923037990366,132.32888146911517,12.105115923477632
4,0.5,717,0.1551923037990366,132.57095158597662,12.097283982171353
4,0.5,717,0.1551923037990366,132.81302170283806,12.089482706433149
4,0.5,717,0.1551923037990366,133.0550918196995,12.081709450289711
4,0.5,717,0.1551923037990366,133.29716193656094,12.073961574117112
4,0.5,717,0.1551923037990366,133.53923205342238,12.066236444588862
4,0.5,717,0.1551923037990366,133.7813021702838,12.058531434629627
4,0.5,717,0.1551923037990366,134.02337228714524,12.050843923374613
4,0.5,717,0.1551923037990366,134.26544240400668,12.043171296134586
4,0.5,717,0.1551923037990366,134.50751252086812,12.035510944366496
4,0.5,717,0.1551923037990366,134.74958263772956,12.027860265649764
4,0.5,717,0.1551923037990366,134.99165275459097,12.020216663668045
4,0.5,717,0.1551923037990366,135.23372287145241,12.012577881951506
4,0.5,717,0.1551923037990366,135.47579298831386,12.004943148951876
4,0.5,717,0.1551923037990366,135.7178631051753,11.997312104513007
4,0.5,717,0.1551923037990366,135.95993322203674,11.989684388924825
4,0.5,717,0.1551923037990366,136.20200333889815,11.982059642912306
4,0.5,717,0.1551923037990366,136.4440734557596,11.974437507639651
4,0.5,717,0.1551923037990366,136.68614357262103,11.96681762471455
4,0.5,717,0.1551923037990366,136.92821368948248,11.959199636192508
4,0.5,717,0.1551923037990366,137.17028380634392,11.951583184581196
4,0.5,717,0.1551923037990366,137.41235392320533,11.943967912844888
4,0.5,717,0.1551923037990366,137.65442404006677,11.936353464408999
4,0.5,717,0.1551923037990366,137.8964941569282,11.92873948316457
4,0.5,717,0.1551923037990366,138.13856427378965,11.921125613472926
4,0.5,717,0.1551923037990366,138.3806343906511,11.91351150017034
4,0.5,717,0.1551923037990366,138.6227045075125,11.905896788572798
4,0.5,717,0.1551923037990366,138.86477462437395,11.898281124480734
4,0.5,717,0.1551923037990366,139.1068447412354,11.890664154183947
4,0.5,717,0.1551923037990366,139.34891485809683,11.883045524466535
4,0.5,717,0.1551923037990366,139.59098497495827,11.875424882611824
4,0.5,717,0.1551923037990366,139.8330550918197,11.867801876407489
4,0.5,717,0.1551923037990366,140.07512520868113,11.860176154150626
4,0.5,717,0.1551923037990366,140.31719532554257,11.852547364652947
4,0.5,717,0.1551923037990366,140.559265442404,11.84491515724605
4,0.5,717,0.1551923037990366,140.80133555926545,11.837279181786679
4,0.5,717,0.1551923037990366,141.04340567612687,11.829639088662173
4,0.5,717,0.1551923037990366,141.2854757929883,11.821994528795852
4,0.5,717,0.1551923037990366,141.52754590984975,11.814345153652557
4,0.5,717,0.1551923037990366,141.7696160267112,11.806690615244214
4,0.5,717,0.1551923037990366,142.01168614357263,11.799030566135503
4,0.5,717,0.1551923037990366,142.25375626043405,11.791364659449547
4,0.5,717,0.1551923037990366,142.4958263772955,11.783692548873693
4,0.5,717,0.1551923037990366,142.73789649415693,11.776013888665368
4,0.5,717,0.1551923037990366,142.97996661101837,11.768328333658014
4,0.5,717,0.1551923037990366,143.2220367278798,11.76063553926703
4,0.5,717,0.1551923037990366,143.46410684474122,11.752935161495857
4,0.5,717,0.1551923037990366,143.70617696160267,11.745226856942086
4,0.5,717,0.1551923037990366,143.9482470784641,11.73751028280367
4,0.5,717,0.1551923037990366,144.19031719532555,11.72978509688515
4,0.5,717,0.1551923037990366,144.432387312187,11.722050957604004
4,0.5,717,0.1551923037990366,144.6744574290484,11.714307523997052
4,0.5,717,0.1551923037990366,144.91652754590984,11.70655445572692
4,0.5,717,0.1551923037990366,145.15859766277129,11.698791413088554
4,0.5,717,0.1551923037990366,145.40066777963273,11.691018057015857
4,0.5,717,0.1551923037990366,145.64273789649417,11.683234049088371
4,0.5,717,0.1551923037990366,145.88480801335558,11.675439051538001
4,0.5,717,0.1551923037990366,146.12687813021702,11.667632727255834
4,0.5,717,0.1551923037990366,146.36894824707846,11.659814739799057
4,0.5,717,0.1551923037990366,146.6110183639399,11.651984753397882
4,0.5,717,0.1551923037990366,146.85308848080135,11.644142432962584
4,0.5,717,0.1551923037990366,147.09515859766276,11.63628744409063
4,0.5,717,0.1551923037990366,147.3372287145242,11.62841945307379
4,0.5,717,0.1551923037990366,147.57929883138564,11.620538126905437
4,0.5,717,0.1551923037990366,147.82136894824708,11.612643133287804
4,0.5,717,0.1551923037990366,148.06343906510853,11.604734140639422
4,0.5,717,0.1551923037990366,148.30550918196994,11.596810818102513
4,0.5,717,0.1551923037990366,148.54757929883138,11.588872835550564
4,0.5,717,0.1551923037990366,148.78964941569282,11.580919863595865
4,0.5,717,0.1551923037990366,149.03171953255426,11.572951573597221
4,0.5,717,0.1551923037990366,149.2737896494157,11.564967637667658
4,0.5,717,0.1551923037990366,149.51585976627712,11.55696772868222
4,0.5,717,0.1551923037990366,149.75792988313856,11.548951520285868
4,0.5,717,0.1551923037990366,150.0,11.540918686901392
5,0.6,352,0.1715698250436909,5.0,0.0
5,0.6,352,0.1715698250436909,5.242070116861436,0.0
5,0.6,352,0.1715698250436909,5.484140233722871,0.0
5,0.6,352,0.1715698250436909,5.726210350584307,0.0
5,0.6,352,0.1715698250436909,5.968280467445743,0.0
5,0.6,352,0.1715698250436909,6.210350584307179,0.0
5,0.6,352,0.1715698250436909,6.452420701168615,0.0
5,0.6,352,0.1715698250436909,6.69449081803005,0.0
5,0.6,352,0.1715698250436909,6.936560934891486,0.0
5,0.6,352,0.1715698250436909,7.178631051752921,0.0
5,0.6,352,0.1715698250436909,7.420701168614357,0.0
5,0.6,352,0.1715698250436909,7.6627712854757934,0.0
5,0.6,352,0.1715698250436909,7.904841402337229,0.0
5,0.6,352,0.1715698250436909,8.146911519198664,0.0
5,0.6,352,0.1715698250436909,8.3889816360601,0.0
5,0.6,352,0.1715698250436909,8.631051752921536,0.0
5,0.6,352,0.1715698250436909,8.873121869782972,0.0
5,0.6,352,0.1715698250436909,9.115191986644408,0.10845775734175002
5,0.6,352,0.1715698250436909,9.357262103505843,0.21749284515921258
5,0.6,352,0.1715698250436909,9.599332220367279,0.3480470665911987
5,0.6,352,0.1715698250436909,9.841402337228715,0.5000132197890099
5,0.6,352,0.1715698250436909,10.083472454090149,0.6756673829847999
5,0.6,352,0.1715698250436909,10.325542570951587,0.8796510429396944
5,0.6,352,0.1715698250436909,10.567612687813021,1.1133835897915723
5,0.6,352,0.1715698250436909,10.809682804674457,1.3776930387790305
5,0.6,352,0.1715698250436909,11.051752921535893,1.6735069957487987
5,0.6,352,0.1715698250436909,11.293823038397328,2.0020793126264915
5,0.6,352,0.1715698250436909,11.535893155258766,2.365091507896921
5,0.6,352,0.1715698250436909,11.7779632721202,2.7651143615530844
5,0.6,352,0.1715698250436909,12.020033388981636,3.206024794939264
5,0.6,352,0.1715698250436909,12.262103505843072,3.6924663523588492
5,0.6,352,0.1715698250436909,12.504173622704506,4.227253441652712
5,0.6,352,0.1715698250436909,12.746243739565944,4.812624058459765
5,0.6,352,0.1715698250436909,12.988313856427379,5.450676725659921
5,0.6,352,0.1715698250436909,13.230383973288815,6.143359890652601
5,0.6,352,0.1715698250436909,13.47245409015025,6.892464567899433
5,0.6,352,0.1715698250436909,13.714524207011687,7.699620642954652
5,0.6,352,0.1715698250436909,13.956594323873121,8.566297143906567
5,0.6,352,0.1715698250436909,14.198664440734557,9.493595510094943
5,0.6,352,0.1715698250436909,14.440734557595993,10.48076839380068
5,0.6,352,0.1715698250436909,14.68280467445743,11.525436625875093
5,0.6,352,0.1715698250436909,14.924874791318866,12.623962256010556
5,0.6,352,0.1715698250436909,15.1669449081803,13.77133918947439
5,0.6,352,0.1715698250436909,15.409015025041736,14.961102102406436
5,0.6,352,0.1715698250436909,15.651085141903172,16.185262375738453
5,0.6,352,0.1715698250436909,15.893155258764608,17.434277914592432
5,0.6,352,0.1715698250436909,16.135225375626042,18.697164624678898
5,0.6,352,0.1715698250436909,16.377295492487477,19.963392532960835
5,0.6,352,0.1715698250436909,16.619365609348915,21.223307077024465
5,0.6,352,0.1715698250436909,16.861435726210352,22.466991413633835
5,0.6,352,0.1715698250436909,17.103505843071787,23.684362474996224
5,0.6,352,0.1715698250436909,17.34557595993322,24.865319764505248
5,0.6,352,0.1715698250436909,17.587646076794655,25.999897065394382
5,0.6,352,0.1715698250436909,17.829716193656093,27.078413644950235
5,0.6,352,0.1715698250436909,18.07178631051753,28.091638452398968
5,0.6,352,0.1715698250436909,18.313856427378965,29.032305739243345
5,0.6,352,0.1715698250436909,18.5559265442404,29.89646806680265
5,0.6,352,0.1715698250436909,18.797996661101834,30.68162411278539
5,0.6,352,0.1715698250436909,19.040066777963272,31.386479344654315
5,0.6,352,0.1715698250436909,19.28213689482471,32.01089995725861
5,0.6,352,0.1715698250436909,19.524207011686144,32.55584628263555
5,0.6,352,0.1715698250436909,19.76627712854758,33.02328967411969
5,0.6,352,0.1715698250436909,20.008347245409013,33.416116979804485
5,0.6,352,0.1715698250436909,20.25041736227045,33.73803670485258
5,0.6,352,0.1715698250436909,20.49248747913189,33.99349740617715
5,0.6,352,0.1715698250436909,20.734557595993323,34.18755083662928
5,0.6,352,0.1715698250436909,20.976627712854757,34.325736019187666
5,0.6,352,0.1715698250436909,21.218697829716195,34.41397648999638
5,0.6,352,0.1715698250436909,21.46076794657763,34.45848501077382
5,0.6,352,0.1715698250436909,21.702838063439064,34.465677573150536
5,0.6,352,0.1715698250436909,21.9449081803005,34.4420980699994
5,0.6,352,0.1715698250436909,22.186978297161936,34.394160720700484
5,0.6,352,0.1715698250436909,22.429048414023374,34.32673004993707
5,0.6,352,0.1715698250436909,22.671118530884808,34.24390592541509
5,0.6,352,0.1715698250436909,22.913188647746242,34.14975899983405
5,0.6,352,0.1715698250436909,23.15525876460768,34.04832084125763
5,0.6,352,0.1715698250436909,23.397328881469114,33.943573843938154
5,0.6,352,0.1715698250436909,23.639398998330552,33.83944579715267
5,0.6,352,0.1715698250436909,23.881469115191987,33.739809000109126
5,0.6,352,0.1715698250436909,24.12353923205342,33.64838423192405
5,0.6,352,0.1715698250436909,24.36560934891486,33.566671746952025
5,0.6,352,0.1715698250436909,24.607679465776293,33.49404289108076
5,0.6,352,0.1715698250436909,24.84974958263773,33.42978814903739
5,0.6,352,0.1715698250436909,25.091819699499165,33.37320398306734
5,0.6,352,0.1715698250436909,25.3338898163606,33.3235915912819
5,0.6,352,0.1715698250436909,25.575959933222038,33.28025577217415
5,0.6,352,0.1715698250436909,25.818030050083472,33.24250389795904
5,0.6,352,0.1715698250436909,26.06010016694491,33.20964296654887
5,0.6,352,0.1715698250436909,26.302170283806344,33.1807308207026
5,0.6,352,0.1715698250436909,26.54424040066778,33.15433875634657
5,0.6,352,0.1715698250436909,26.786310517529216,33.12898342386923
5,0.6,352,0.1715698250436909,27.02838063439065,33.103182731648964
5,0.6,352,0.1715698250436909,27.27045075125209,33.07545591445041
5,0.6,352,0.1715698250436909,27.512520868113523,33.04432425178268
5,0.6,352,0.1715698250436909,27.754590984974957,33.008312438131014
5,0.6,352,0.1715698250436909,27.996661101836395,32.96595060537221
5,0.6,352,0.1715698250436909,28.23873121869783,32.91625540746286
5,0.6,352,0.1715698250436909,28.480801335559267,32.860242576385836
5,0.6,352,0.1715698250436909,28.7228714524207,32.79944061707106
5,0.6,352,0.1715698250436909,28.964941569282136,32.73536724842893
5,0.6,352,0.1715698250436909,29.207011686143574,32.669527682588985
5,0.6,352,0.1715698250436909,29.449081803005008,32.60341359679567
5,0.6,352,0.1715698250436909,29.691151919866446,32.538502785491396
5,0.6,352,0.1715698250436909,29.93322203672788,32.4762594806704
5,0.6,352,0.1715698250436909,30.175292153589314,32.41802104906668
5,0.6,352,0.1715698250436909,30.417362270450752,32.36403106275944
5,0.6,352,0.1715698250436909,30.659432387312187,32.313933445681755
5,0.6,352,0.1715698250436909,30.901502504173624,32.267367849102975
5,0.6,352,0.1715698250436909,31.14357262103506,32.22397565711946
5,0.6,352,0.1715698250436909,31.385642737896493,32.18339969662625
5,0.6,352,0.1715698250436909,31.62771285475793,32.14528398133579
5,0.6,352,0.1715698250436909,31.869782971619365,32.10927349008314
5,0.6,352,0.1715698250436909,32.1118530884808,32.07501397968391
5,0.6,352,0.1715698250436909,32.35392320534224,32.042151832628456
5,0.6,352,0.1715698250436909,32.59599332220367,32.01033393991221
5,0.6,352,0.1715698250436909,32.83806343906511,31.979207619305843
5,0.6,352,0.1715698250436909,33.080133555926544,31.948420569370608
5,0.6,352,0.1715698250436909,33.32220367278798,31.917620859513548
5,0.6,352,0.1715698250436909,33.56427378964942,31.886456956360846
5,0.6,352,0.1715698250436909,33.80634390651085,31.854577786702066
5,0.6,352,0.1715698250436909,34.04841402337229,31.82163283722216
5,0.6,352,0.1715698250436909,34.29048414023372,31.7872722911937
5,0.6,352,0.1715698250436909,34.53255425709516,31.751147202247438
5,0.6,352,0.1715698250436909,34.7746243739566,31.71290970527451
5,0.6,352,0.1715698250436909,35.016694490818026,31.67221328264144
5,0.6,352,0.1715698250436909,35.25876460767947,31.628780650579507
5,0.6,352,0.1715698250436909,35.5008347245409,31.582555884977868
5,0.6,352,0.1715698250436909,35.742904841402336,31.533528100044265
5,0.6,352,0.1715698250436909,35.98497495826378,31.481686648901977
5,0.6,352,0.1715698250436909,36.227045075125204,31.42702116695006
5,0.6,352,0.1715698250436909,36.469115191986646,31.36952161446576
5,0.6,352,0.1715698250436909,36.71118530884808,31.309178318460543
5,0.6,352,0.1715698250436909,36.953255425709514,31.245982013798976
5,0.6,352,0.1715698250436909,37.19532554257095,31.179923883586625
5,0.6,352,0.1715698250436909,37.43739565943239,31.11099559883104
5,0.6,352,0.1715698250436909,37.679465776293824,31.039189357377566
5,0.6,352,0.1715698250436909,37.92153589315526,30.964497922119023
5,0.6,352,0.1715698250436909,38.16360601001669,30.886914658477078
5,0.6,352,0.1715698250436909,38.40567612687813,30.806433571150443
5,0.6,352,0.1715698250436909,38.64774624373957,30.723049340123286
5,0.6,352,0.1715698250436909,38.889816360601,30.636757355926157
5,0.6,352,0.1715698250436909,39.13188647746244,30.54755375413907
5,0.6,352,0.1715698250436909,39.37395659432387,30.455435449125435
5,0.6,352,0.1715698250436909,39.616026711185306,30.360400166984384
5,0.6,352,0.1715698250436909,39.85809682804675,30.262446477706867
5,0.6,352,0.1715698250436909,40.10016694490818,30.161575860487382
5,0.6,352,0.1715698250436909,40.342237061769616,30.057863409797335
5,0.6,352,0.1715698250436909,40.58430717863105,29.95147489581323
5,0.6,352,0.1715698250436909,40.826377295492485,29.84258032105988
5,0.6,352,0.1715698250436909,41.068447412353926,29.731347998207376
5,0.6,352,0.1715698250436909,41.31051752921536,29.61794443895631
5,0.6,352,0.1715698250436909,41.552587646076795,29.50253425164302
5,0.6,352,0.1715698250436909,41.79465776293823,29.385280047438343
5,0.6,352,0.1715698250436909,42.03672787979966,29.26634235500154
5,0.6,352,0.1715698250436909,42.278797996661105,29.14587954343914
5,0.6,352,0.1715698250436909,42.52086811352254,29.02404775340847
5,0.6,352,0.1715698250436909,42.76293823038397,28.90100083619609
5,0.6,352,0.1715698250436909,43.00500834724541,28.776890300594168
5,0.6,352,0.1715698250436909,43.24707846410684,28.651865267389727
5,0.6,352,0.1715698250436909,43.48914858096828,28.526072431277132
5,0.6,352,0.1715698250436909,43.73121869782972,28.399656029998237
5,0.6,352,0.1715698250436909,43.97328881469115,28.27275782051145
5,0.6,352,0.1715698250436909,44.215358931552586,28.145517061987853
5,0.6,352,0.1715698250436909,44.45742904841402,28.0180705054305
5,0.6,352,0.1715698250436909,44.69949916527546,27.89055238971193
5,0.6,352,0.1715698250436909,44.941569282136896,27.763094443824784
5,0.6,352,0.1715698250436909,45.18363939899833,27.6358200312326
5,0.6,352,0.1715698250436909,45.425709515859765,27.508800767561144
5,0.6,352,0.1715698250436909,45.6677796327212,27.38208210716222
5,0.6,352,0.1715698250436909,45.90984974958264,27.255708337280915
5,0.6,352,0.1715698250436909,46.151919866444075,27.129722780702238
5,0.6,352,0.1715698250436909,46.39398998330551,27.004167809061272
5,0.6,352,0.1715698250436909,46.636060100166944,26.879084856558258
5,0.6,352,0.1715698250436909,46.87813021702838,26.75451443405884
5,0.6,352,0.1715698250436909,47.12020033388982,26.630496143559757
5,0.6,352,0.1715698250436909,47.362270450751254,26.507068693001326
5,0.6,352,0.1715698250436909,47.60434056761269,26.384269911408186
5,0.6,352,0.1715698250436909,47.84641068447412,26.262136764340653
5,0.6,352,0.1715698250436909,48.08848080133556,26.14070536963901
5,0.6,352,0.1715698250436909,48.330550918197,26.02001101344448
5,0.6,352,0.1715698250436909,48.57262103505843,25.900088166480213
5,0.6,352,0.1715698250436909,48.81469115191987,25.78097050057692
5,0.6,352,0.1715698250436909,49.0567612687813,25.6626909054281
5,0.6,352,0.1715698250436909,49.298831385642735,25.545281505560162
5,0.6,352,0.1715698250436909,49.54090150250418,25.42877367750382
5,0.6,352,0.1715698250436909,49.78297161936561,25.31319806715308
5,0.6,352,0.1715698250436909,50.025041736227045,25.198584604833613
5,0.6,352,0.1715698250436909,50.26711185308848,25.08495955620584
5,0.6,352,0.1715698250436909,50.509181969949914,24.972339867591018
5,0.6,352,0.1715698250436909,50.751252086811355,24.86074044962722
5,0.6,352,0.1715698250436909,50.99332220367279,24.750175802253523
5,0.6,352,0.1715698250436909,51.235392320534224,24.6406600271266
5,0.6,352,0.1715698250436909,51.47746243739566,24.532206839941793
5,0.6,352,0.1715698250436909,51.71953255425709,24.42482958265846
5,0.6,352,0.1715698250436909,51.961602671118534,24.318541235630324
5,0.6,352,0.1715698250436909,52.20367278797997,24.213354429640457
5,0.6,352,0.1715698250436909,52.4457429048414,24.10928145784195
5,0.6,352,0.1715698250436909,52.68781302170284,24.00633428760465
5,0.6,352,0.1715698250436909,52.92988313856427,23.90452457226856
5,0.6,352,0.1715698250436909,53.17195325542571,23.80386366280499
5,0.6,352,0.1715698250436909,53.41402337228715,23.704362619386337
5,0.6,352,0.1715698250436909,53.65609348914858,23.6060322228654
5,0.6,352,0.1715698250436909,53.898163606010016,23.508882986165776
5,0.6,352,0.1715698250436909,54.14023372287145,23.412925165584536
5,0.6,352,0.1715698250436909,54.38230383973289,23.318168772008494
5,0.6,352,0.1715698250436909,54.624373956594326,23.224623582045915
5,0.6,352,0.1715698250436909,54.86644407345576,23.132299149075106
5,0.6,352,0.1715698250436909,55.108514190317194,23.041204569494614
5,0.6,352,0.1715698250436909,55.35058430717863,22.951341496935235
5,0.6,352,0.1715698250436909,55.59265442404007,22.862703249360806
5,0.6,352,0.1715698250436909,55.834724540901504,22.775282751779383
5,0.6,352,0.1715698250436909,56.07679465776294,22.6890729961906
5,0.6,352,0.1715698250436909,56.31886477462437,22.604067043406914
5,0.6,352,0.1715698250436909,56.56093489148581,22.52025802479775
5,0.6,352,0.1715698250436909,56.80300500834725,22.43763914395944
5,0.6,352,0.1715698250436909,57.04507512520868,22.356203678314625
5,0.6,352,0.1715698250436909,57.28714524207012,22.275944980643917
5,0.6,352,0.1715698250436909,57.52921535893155,22.1968564805529
5,0.6,352,0.1715698250436909,57.771285475792986,22.118931685877282
5,0.6,352,0.1715698250436909,58.01335559265443,22.042164184029197
5,0.6,352,0.1715698250436909,58.25542570951586,21.96654764328702
5,0.6,352,0.1715698250436909,58.497495826377296,21.89207581403153
5,0.6,352,0.1715698250436909,58.73956594323873,21.81874252993088
5,0.6,352,0.1715698250436909,58.981636060100165,21.746541709076773
5,0.6,352,0.1715698250436909,59.223706176961606,21.67546735507404
5,0.6,352,0.1715698250436909,59.46577629382304,21.60551355808625
5,0.6,352,0.1715698250436909,59.707846410684475,21.53667449583911
5,0.6,352,0.1715698250436909,59.94991652754591,21.468944434584085
5,0.6,352,0.1715698250436909,60.19198664440734,21.40230664101947
5,0.6,352,0.1715698250436909,60.434056761268785,21.336661070777957
5,0.6,352,0.1715698250436909,60.67612687813022,21.271870857568423
5,0.6,352,0.1715698250436909,60.91819699499165,21.207800591040876
5,0.6,352,0.1715698250436909,61.16026711185309,21.144316466525378
5,0.6,352,0.1715698250436909,61.40233722871452,21.081286245772233
5,0.6,352,0.1715698250436909,61.644407345575964,21.018579225998156
5,0.6,352,0.1715698250436909,61.8864774624374,20.956066217073797
5,0.6,352,0.1715698250436909,62.12854757929883,20.893619526692497
5,0.6,352,0.1715698250436909,62.37061769616027,20.83111295336281
5,0.6,352,0.1715698250436909,62.6126878130217,20.768421787069578
5,0.6,352,0.1715698250436909,62.85475792988314,20.705422817448284
5,0.6,352,0.1715698250436909,63.09682804674458,20.641994349316548
5,0.6,352,0.1715698250436909,63.33889816360601,20.578016225404777
5,0.6,352,0.1715698250436909,63.580968280467445,20.5133698561243
5,0.6,352,0.1715698250436909,63.82303839732888,20.44793825620704
5,0.6,352,0.1715698250436909,64.06510851419031,20.381606088045096
5,0.6,352,0.1715698250436909,64.30717863105176,20.314259711551827
5,0.6,352,0.1715698250436909,64.5492487479132,20.24578724035842
5,0.6,352,0.1715698250436909,64.79131886477462,20.176078604151066
5,0.6,352,0.1715698250436909,65.03338898163605,20.10502570276541
5,0.6,352,0.1715698250436909,65.27545909849749,20.032570067212625
5,0.6,352,0.1715698250436909,65.51752921535893,19.958780976370267
5,0.6,352,0.1715698250436909,65.75959933222038,19.883747903735955
5,0.6,352,0.1715698250436909,66.0016694490818,19.8075594385491
5,0.6,352,0.1715698250436909,66.24373956594323,19.73030323713801
5,0.6,352,0.1715698250436909,66.48580968280467,19.65206597800544
5,0.6,352,0.1715698250436909,66.72787979966611,19.572933320603507
5,0.6,352,0.1715698250436909,66.96994991652755,19.492989867743713
5,0.6,352,0.1715698250436909,67.21202003338898,19.412319131583935
5,0.6,352,0.1715698250436909,67.45409015025041,19.33100350312969
5,0.6,352,0.1715698250436909,67.69616026711185,19.249124225183962
5,0.6,352,0.1715698250436909,67.93823038397329,19.16676136867638
5,0.6,352,0.1715698250436909,68.18030050083473,19.083993812299717
5,0.6,352,0.1715698250436909,68.42237061769616,19.000899225379655
5,0.6,352,0.1715698250436909,68.66444073455759,18.917554053901362
5,0.6,352,0.1715698250436909,68.90651085141903,18.83403350961473
5,0.6,352,0.1715698250436909,69.14858096828047,18.750411562139387
5,0.6,352,0.1715698250436909,69.3906510851419,18.666760933988645
5,0.6,352,0.1715698250436909,69.63272120200334,18.58315309843183
5,0.6,352,0.1715698250436909,69.87479131886478,18.49965828011351
5,0.6,352,0.1715698250436909,70.11686143572621,18.41634502924839
5,0.6,352,0.1715698250436909,70.35893155258765,18.33326999598527
5,0.6,352,0.1715698250436909,70.60100166944908,18.25047769094536
5,0.6,352,0.1715698250436909,70.84307178631052,18.168011282728273
5,0.6,352,0.1715698250436909,71.08514190317196,18.085913135890276
5,0.6,352,0.1715698250436909,71.32721202003339,18.00422481974948
5,0.6,352,0.1715698250436909,71.56928213689483,17.92298711814608
5,0.6,352,0.1715698250436909,71.81135225375625,17.84224004012454
5,0.6,352,0.1715698250436909,72.0534223706177,17.762022831505643
5,0.6,352,0.1715698250436909,72.29549248747914,17.682373987316822
5,0.6,352,0.1715698250436909,72.53756260434056,17.603331265050105
5,0.6,352,0.1715698250436909,72.779632721202,17.52493169871786
5,0.6,352,0.1715698250436909,73.02170283806343,17.447211613677545
5,0.6,352,0.1715698250436909,73.26377295492487,17.37020664219726
5,0.6,352,0.1715698250436909,73.50584307178632,17.293951739735455
5,0.6,352,0.1715698250436909,73.74791318864774,17.218481201908585
5,0.6,352,0.1715698250436909,73.98998330550918,17.14382868212201
5,0.6,352,0.1715698250436909,74.23205342237061,17.07002720984039
5,0.6,352,0.1715698250436909,74.47412353923205,16.997109209474836
5,0.6,352,0.1715698250436909,74.7161936560935,16.925106519865572
5,0.6,352,0.1715698250436909,74.95826377295492,16.854050414339607
5,0.6,352,0.1715698250436909,75.20033388981636,16.783967903389367
5,0.6,352,0.1715698250436909,75.44240400667779,16.714860470171143
5,0.6,352,0.1715698250436909,75.68447412353923,16.64671921221422
5,0.6,352,0.1715698250436909,75.92654424040067,16.579535330740914
5,0.6,352,0.1715698250436909,76.1686143572621,16.513300162940418
5,0.6,352,0.1715698250436909,76.41068447412354,16.44800518050424
5,0.6,352,0.1715698250436909,76.65275459098497,16.383641988181964
5,0.6,352,0.1715698250436909,76.89482470784641,16.32020232235725
5,0.6,352,0.1715698250436909,77.13689482470785,16.257678049644067
5,0.6,352,0.1715698250436909,77.37896494156928,16.19606116550301
5,0.6,352,0.1715698250436909,77.62103505843072,16.135343792877656
5,0.6,352,0.1715698250436909,77.86310517529215,16.075518180850967
5,0.6,352,0.1715698250436909,78.10517529215359,16.01657670332142
5,0.6,352,0.1715698250436909,78.34724540901503,15.958511857699117
5,0.6,352,0.1715698250436909,78.58931552587646,15.901316263621412
5,0.6,352,0.1715698250436909,78.8313856427379,15.844982661688274
5,0.6,352,0.1715698250436909,79.07345575959933,15.789503912217155
5,0.6,352,0.1715698250436909,79.31552587646077,15.734872994017175
5,0.6,352,0.1715698250436909,79.55759599332221,15.68108300318277
5,0.6,352,0.1715698250436909,79.79966611018364,15.628127151906439
5,0.6,352,0.1715698250436909,80.04173622704508,15.575998768592187
5,0.6,352,0.1715698250436909,80.2838063439065,15.524691691933437
5,0.6,352,0.1715698250436909,80.52587646076795,15.474200821262919
5,0.6,352,0.1715698250436909,80.76794657762939,15.424521290595727
5,0.6,352,0.1715698250436909,81.01001669449082,15.375648326106226
5,0.6,352,0.1715698250436909,81.25208681135226,15.327577245817302
5,0.6,352,0.1715698250436909,81.49415692821368,15.280303459298102
5,0.6,352,0.1715698250436909,81.73622704507513,15.233822467370308
5,0.6,352,0.1715698250436909,81.97829716193657,15.188129861823455
5,0.6,352,0.1715698250436909,82.220367278798,15.143221325139207
5,0.6,352,0.1715698250436909,82.46243739565944,15.099092630225057
5,0.6,352,0.1715698250436909,82.70450751252086,15.055739640157508
5,0.6,352,0.1715698250436909,82.9465776293823,15.013158307934987
5,0.6,352,0.1715698250436909,83.18864774624375,14.971344676240697
5,0.6,352,0.1715698250436909,83.43071786310517,14.930294877215667
5,0.6,352,0.1715698250436909,83.67278797996661,14.890005132242111
5,0.6,352,0.1715698250436909,83.91485809682804,14.850471751737308
5,0.6,352,0.1715698250436909,84.15692821368948,14.811691134958302
5,0.6,352,0.1715698250436909,84.39899833055092,14.773659769817506
5,0.6,352,0.1715698250436909,84.64106844741235,14.736374232709448
5,0.6,352,0.1715698250436909,84.88313856427379,14.699831188348861
5,0.6,352,0.1715698250436909,85.12520868113522,14.664027106679907
5,0.6,352,0.1715698250436909,85.36727879799666,14.628952553186648
5,0.6,352,0.1715698250436909,85.6093489148581,14.59459252208536
5,0.6,352,0.1715698250436909,85.85141903171953,14.560931975471892
5,0.6,352,0.1715698250436909,86.09348914858097,14.52795606795504
5,0.6,352,0.1715698250436909,86.3355592654424,14.495650140844976
5,0.6,352,0.1715698250436909,86.57762938230384,14.463999716495639
5,0.6,352,0.1715698250436909,86.81969949916528,14.432990492797641
5,0.6,352,0.1715698250436909,87.06176961602671,14.402608337818197
5,0.6,352,0.1715698250436909,87.30383973288815,14.372839284584686
5,0.6,352,0.1715698250436909,87.54590984974958,14.343669526008807
5,0.6,352,0.1715698250436909,87.78797996661102,14.315085409948091
5,0.6,352,0.1715698250436909,88.03005008347246,14.287073434401966
5,0.6,352,0.1715698250436909,88.27212020033389,14.259620242839324
5,0.6,352,0.1715698250436909,88.51419031719533,14.232712619655038
5,0.6,352,0.1715698250436909,88.75626043405676,14.206337485752671
5,0.6,352,0.1715698250436909,88.9983305509182,14.18048189425088
5,0.6,352,0.1715698250436909,89.24040066777964,14.155133026311017
5,0.6,352,0.1715698250436909,89.48247078464107,14.130278187083656
5,0.6,352,0.1715698250436909,89.72454090150251,14.105904801771691
5,0.6,352,0.1715698250436909,89.96661101836393,14.082000411807941
5,0.6,352,0.1715698250436909,90.20868113522538,14.058551658849805
5,0.6,352,0.1715698250436909,90.45075125208682,14.035539157747916
5,0.6,352,0.1715698250436909,90.69282136894824,14.012941370473492
5,0.6,352,0.1715698250436909,90.93489148580969,13.990736915297118
5,0.6,352,0.1715698250436909,91.17696160267111,13.968904565127021
5,0.6,352,0.1715698250436909,91.41903171953255,13.947423242017823
5,0.6,352,0.1715698250436909,91.661101836394,13.926272011999057
5,0.6,352,0.1715698250436909,91.90317195325542,13.905430080218975
5,0.6,352,0.1715698250436909,92.14524207011686,13.884876786399868
5,0.6,352,0.1715698250436909,92.38731218697829,13.86459160060108
5,0.6,352,0.1715698250436909,92.62938230383973,13.844554119285993
5,0.6,352,0.1715698250436909,92.87145242070117,13.824744061689763
5,0.6,352,0.1715698250436909,93.1135225375626,13.805141266484288
5,0.6,352,0.1715698250436909,93.35559265442404,13.785725688737378
5,0.6,352,0.1715698250436909,93.59766277128547,13.766477397163102
5,0.6,352,0.1715698250436909,93.83973288814691,13.747376571660288
5,0.6,352,0.1715698250436909,94.08180300500835,13.728403501136444
5,0.6,352,0.1715698250436909,94.32387312186978,13.709538581614355
5,0.6,352,0.1715698250436909,94.56594323873122,13.6907623146187
5,0.6,352,0.1715698250436909,94.80801335559265,13.672055305840036
5,0.6,352,0.1715698250436909,95.05008347245409,13.65339828249726
5,0.6,352,0.1715698250436909,95.29215358931553,13.634775652424244
5,0.6,352,0.1715698250436909,95.53422370617696,13.616179726169932
5,0.6,352,0.1715698250436909,95.7762938230384,13.597603887013843
5,0.6,352,0.1715698250436909,96.01836393989983,13.579041551707537
5,0.6,352,0.1715698250436909,96.26043405676127,13.560486170437896
5,0.6,352,0.1715698250436909,96.50250417362271,13.541931226821427
5,0.6,352,0.1715698250436909,96.74457429048414,13.523370237929464
5,0.6,352,0.1715698250436909,96.98664440734558,13.504796754343825
5,0.6,352,0.1715698250436909,97.228714524207,13.48620436024287
5,0.6,352,0.1715698250436909,97.47078464106845,13.46758667351757
5,0.6,352,0.1715698250436909,97.71285475792989,13.448937345917363
5,0.6,352,0.1715698250436909,97.95492487479132,13.430250063225577
5,0.6,352,0.1715698250436909,98.19699499165276,13.411518545464126
5,0.6,352,0.1715698250436909,98.43906510851419,13.392736547127164
5,0.6,352,0.1715698250436909,98.68113522537563,13.37389785744354
5,0.6,352,0.1715698250436909,98.92320534223707,13.35499630066767
5,0.6,352,0.1715698250436909,99.1652754590985,13.336025736398637
5,0.6,352,0.1715698250436909,99.40734557595994,13.31698005992715
5,0.6,352,0.1715698250436909,99.64941569282136,13.297853202610137
5,0.6,352,0.1715698250436909,99.8914858096828,13.278639132272703
5,0.6,352,0.1715698250436909,100.13355592654425,13.25933223764714
5,0.6,352,0.1715698250436909,100.37562604340567,13.239933939470964
5,0.6,352,0.1715698250436909,100.61769616026712,13.220451756903632
5,0.6,352,0.1715698250436909,100.85976627712854,13.200893372321966
5,0.6,352,0.1715698250436909,101.10183639398998,13.181266424626
5,0.6,352,0.1715698250436909,101.34390651085143,13.161578508863021
5,0.6,352,0.1715698250436909,101.58597662771285,13.141837175895102
5,0.6,352,0.1715698250436909,101.8280467445743,13.122049932109649
5,0.6,352,0.1715698250436909,102.07011686143572,13.102224239172733
5,0.6,352,0.1715698250436909,102.31218697829716,13.082367513824565
5,0.6,352,0.1715698250436909,102.5542570951586,13.062487127716805
5,0.6,352,0.1715698250436909,102.79632721202003,13.042590407291174
5,0.6,352,0.1715698250436909,103.03839732888147,13.022684633699011
5,0.6,352,0.1715698250436909,103.2804674457429,13.002777042761231
5,0.6,352,0.1715698250436909,103.52253756260434,12.982874824968388
5,0.6,352,0.1715698250436909,103.76460767946578,12.962985125520188
5,0.6,352,0.1715698250436909,104.00667779632721,12.943115044404191
5,0.6,352,0.1715698250436909,104.24874791318865,12.923271636513197
5,0.6,352,0.1715698250436909,104.49081803005008,12.903461911800807
5,0.6,352,0.1715698250436909,104.73288814691152,12.883692835474845
5,0.6,352,0.1715698250436909,104.97495826377296,12.863971328228093
5,0.6,352,0.1715698250436909,105.21702838063439,12.844304266505965
5,0.6,352,0.1715698250436909,105.45909849749583,12.824698482810703
5,0.6,352,0.1715698250436909,105.70116861435726,12.805160766041606
5,0.6,352,0.1715698250436909,105.9432387312187,12.785697861870922
5,0.6,352,0.1715698250436909,106.18530884808014,12.766316473155
5,0.6,352,0.1715698250436909,106.42737896494157,12.747023260380262
5,0.6,352,0.1715698250436909,106.66944908180301,12.727824842143615
5,0.6,352,0.1715698250436909,106.91151919866444,12.708727795666897
5,0.6,352,0.1715698250436909,107.15358931552588,12.689738657344966
5,0.6,352,0.1715698250436909,107.39565943238732,12.6708639233271
5,0.6,352,0.1715698250436909,107.63772954924875,12.652110050131299
5,0.6,352,0.1715698250436909,107.87979966611019,12.633483455291074
5,0.6,352,0.1715698250436909,108.12186978297161,12.614990518034539
5,0.6,352,0.1715698250436909,108.36393989983306,12.596637579995315
5,0.6,352,0.1715698250436909,108.6060100166945,12.57843094595491
5,0.6,352,0.1715698250436909,108.84808013355592,12.560376884616433
5,0.6,352,0.1715698250436909,109.09015025041737,12.542481629409094
5,0.6,352,0.1715698250436909,109.3322203672788,12.524751379323398
5,0.6,352,0.1715698250436909,109.57429048414023,12.507192299776609
5,0.6,352,0.1715698250436909,109.81636060100168,12.489810523508343
5,0.6,352,0.1715698250436909,110.0584307178631,12.472612132141714
5,0.6,352,0.1715698250436909,110.30050083472455,12.455600623573764
5,0.6,352,0.1715698250436909,110.54257095158597,12.438774409265697
5,0.6,352,0.1715698250436909,110.78464106844741,12.42213131378259
5,0.6,352,0.1715698250436909,111.02671118530886,12.405669176510754
5,0.6,352,0.1715698250436909,111.26878130217028,12.38938585141395
5,0.6,352,0.1715698250436909,111.51085141903172,12.373279206792947
5,0.6,352,0.1715698250436909,111.75292153589315,12.357347125048602
5,0.6,352,0.1715698250436909,111.99499165275459,12.341587502448197
5,0.6,352,0.1715698250436909,112.23706176961603,12.32599824889525
5,0.6,352,0.1715698250436909,112.47913188647746,12.310577287702502
5,0.6,352,0.1715698250436909,112.7212020033389,12.295322555368235
5,0.6,352,0.1715698250436909,112.96327212020033,12.280232001355813
5,0.6,352,0.1715698250436909,113.20534223706177,12.265303587876401
5,0.6,352,0.1715698250436909,113.44741235392321,12.250535289674831
5,0.6,352,0.1715698250436909,113.68948247078464,12.235925093818624
5,0.6,352,0.1715698250436909,113.93155258764608,12.221470999490084
5,0.6,352,0.1715698250436909,114.17362270450751,12.207171017781459
5,0.6,352,0.1715698250436909,114.41569282136895,12.193023171493119
5,0.6,352,0.1715698250436909,114.65776293823039,12.179025494934717
5,0.6,352,0.1715698250436909,114.89983305509182,12.165176033729372
5,0.6,352,0.1715698250436909,115.14190317195326,12.151472844620747
5,0.6,352,0.1715698250436909,115.38397328881469,12.137913995282982
5,0.6,352,0.1715698250436909,115.62604340567613,12.124497564133632
5,0.6,352,0.1715698250436909,115.86811352253757,12.111221640149335
5,0.6,352,0.1715698250436909,116.110183639399,12.098084322684372
5,0.6,352,0.1715698250436909,116.35225375626044,12.085083721291983
5,0.6,352,0.1715698250436909,116.59432387312187,12.072217955548487
5,0.6,352,0.1715698250436909,116.8363939899833,12.059485154880095
5,0.6,352,0.1715698250436909,117.07846410684475,12.046883458392529
5,0.6,352,0.1715698250436909,117.32053422370618,12.034411014703212
5,0.6,352,0.1715698250436909,117.56260434056762,12.022065981776235
5,0.6,352,0.1715698250436909,117.80467445742904,12.009846526759905
5,0.6,352,0.1715698250436909,118.04674457429049,11.997750825826953
5,0.6,352,0.1715698250436909,118.28881469115193,11.985777064017299
5,0.6,352,0.1715698250436909,118.53088480801335,11.973923435083439
5,0.6,352,0.1715698250436909,118.7729549248748,11.962188141338364
5,0.6,352,0.1715698250436909,119.01502504173622,11.950569393506004
5,0.6,352,0.1715698250436909,119.25709515859766,11.939065410574218
5,0.6,352,0.1715698250436909,119.4991652754591,11.927674419650199
5,0.6,352,0.1715698250436909,119.74123539232053,11.916394655818502
5,0.6,352,0.1715698250436909,119.98330550918197,11.905224362001327
5,0.6,352,0.1715698250436909,120.2253756260434,11.894161738813148
5,0.6,352,0.1715698250436909,120.46744574290484,11.8832047486936
5,0.6,352,0.1715698250436909,120.70951585976628,11.87235128712446
5,0.6,352,0.1715698250436909,120.95158597662771,11.861599258197005
5,0.6,352,0.1715698250436909,121.19365609348915,11.850946574473975
5,0.6,352,0.1715698250436909,121.43572621035058,11.840391156834782
5,0.6,352,0.1715698250436909,121.67779632721202,11.829930934324166
5,0.6,352,0.1715698250436909,121.91986644407346,11.819563844004367
5,0.6,352,0.1715698250436909,122.16193656093489,11.809287830810723
5,0.6,352,0.1715698250436909,122.40400667779633,11.799100847410706
5,0.6,352,0.1715698250436909,122.64607679465776,11.789000854066403
5,0.6,352,0.1715698250436909,122.8881469115192,11.778985818500317
5,0.6,352,0.1715698250436909,123.13021702838064,11.769053715764604
5,0.6,352,0.1715698250436909,123.37228714524207,11.759202528113594
5,0.6,352,0.1715698250436909,123.61435726210351,11.749430244879672
5,0.6,352,0.1715698250436909,123.85642737896494,11.73973486235249
5,0.6,352,0.1715698250436909,124.09849749582638,11.730114383661364
5,0.6,352,0.1715698250436909,124.34056761268782,11.720566818661082
5,0.6,352,0.1715698250436909,124.58263772954925,11.711090183820827
5,0.6,352,0.1715698250436909,124.82470784641069,11.70168250211641
5,0.6,352,0.1715698250436909,125.06677796327212,11.692341802925691
5,0.6,352,0.1715698250436909,125.30884808013356,11.683066121927189
5,0.6,352,0.1715698250436909,125.550918196995,11.67385350100189
5,0.6,352,0.1715698250436909,125.79298831385643,11.66470198813821
5,0.6,352,0.1715698250436909,126.03505843071787,11.655609637340081
5,0.6,352,0.1715698250436909,126.2771285475793,11.646574508538212
5,0.6,352,0.1715698250436909,126.51919866444074,11.637594667504416
5,0.6,352,0.1715698250436909,126.76126878130218,11.628668185769085
5,0.6,352,0.1715698250436909,127.0033388981636,11.619793140541738
5,0.6,352,0.1715698250436909,127.24540901502505,11.610967614634596
5,0.6,352,0.1715698250436909,127.48747913188647,11.602189696389281
5,0.6,352,0.1715698250436909,127.72954924874792,11.593457479606519
5,0.6,352,0.1715698250436909,127.97161936560936,11.584769063478891
5,0.6,352,0.1715698250436909,128.21368948247078,11.576122552526588
5,0.6,352,0.1715698250436909,128.45575959933223,11.567516056536162
5,0.6,352,0.1715698250436909,128.69782971619367,11.558947690502318
5,0.6,352,0.1715698250436909,128.9398998330551,11.550415574572611
5,0.6,352,0.1715698250436909,129.18196994991655,11.541917833995184
5,0.6,352,0.1715698250436909,129.42404006677796,11.53345259906938
5,0.6,352,0.1715698250436909,129.6661101836394,11.525018005099398
5,0.6,352,0.1715698250436909,129.90818030050082,11.516612192350774
5,0.6,352,0.1715698250436909,130.15025041736226,11.508233306009855
5,0.6,352,0.1715698250436909,130.3923205342237,11.499879496146143
5,0.6,352,0.1715698250436909,130.63439065108514,11.491548917677571
5,0.6,352,0.1715698250436909,130.87646076794658,11.483239730338617
5,0.6,352,0.1715698250436909,131.11853088480802,11.474950098651307
5,0.6,352,0.1715698250436909,131.36060100166947,11.466678191899128
5,0.6,352,0.1715698250436909,131.6026711185309,11.458422184103721
5,0.6,352,0.1715698250436909,131.84474123539232,11.450180254004474
5,0.6,352,0.1715698250436909,132.08681135225376,11.441950585040871
5,0.6,352,0.1715698250436909,132.32888146911517,11.43373136533778
5,0.6,352,0.1715698250436909,132.57095158597662,11.425520787693419
5,0.6,352,0.1715698250436909,132.81302170283806,11.417317049570196
5,0.6,352,0.1715698250436909,133.0550918196995,11.409118353088349
5,0.6,352,0.1715698250436909,133.29716193656094,11.400922905022272
5,0.6,352,0.1715698250436909,133.53923205342238,11.392728916799724
5,0.6,352,0.1715698250436909,133.7813021702838,11.384534604503703
5,0.6,352,0.1715698250436909,134.02337228714524,11.376338188877112
5,0.6,352,0.1715698250436909,134.26544240400668,11.36813789533013
5,0.6,352,0.1715698250436909,134.50751252086812,11.35993195395033
5,0.6,352,0.1715698250436909,134.74958263772956,11.351718599515486
5,0.6,352,0.1715698250436909,134.99165275459097,11.343496071509108
5,0.6,352,0.1715698250436909,135.23372287145241,11.335262330835727
5,0.6,352,0.1715698250436909,135.47579298831386,11.327014088075456
5,0.6,352,0.1715698250436909,135.7178631051753,11.318747715179152
5,0.6,352,0.1715698250436909,135.95993322203674,11.31045959441747
5,0.6,352,0.1715698250436909,136.20200333889815,11.302146118463027
5,0.6,352,0.1715698250436909,136.4440734557596,11.293803690471023
5,0.6,352,0.1715698250436909,136.68614357262103,11.285428724171377
5,0.6,352,0.1715698250436909,136.92821368948248,11.277017643972224
5,0.6,352,0.1715698250436909,137.17028380634392,11.26856688507468
5,0.6,352,0.1715698250436909,137.41235392320533,11.260072893598918
5,0.6,352,0.1715698250436909,137.65442404006677,11.25153212672145
5,0.6,352,0.1715698250436909,137.8964941569282,11.242941052823458
5,0.6,352,0.1715698250436909,138.13856427378965,11.234296151650303
5,0.6,352,0.1715698250436909,138.3806343906511,11.225593914481955
5,0.6,352,0.1715698250436909,138.6227045075125,11.216830844314423
5,0.6,352,0.1715698250436909,138.86477462437395,11.208003456051992
5,0.6,352,0.1715698250436909,139.1068447412354,11.199108276710318
5,0.6,352,0.1715698250436909,139.34891485809683,11.190141845630233
5,0.6,352,0.1715698250436909,139.59098497495827,11.181100714702161
5,0.6,352,0.1715698250436909,139.8330550918197,11.171981448601205
5,0.6,352,0.1715698250436909,140.07512520868113,11.162780625032644
5,0.6,352,0.1715698250436909,140.31719532554257,11.153494834987901
5,0.6,352,0.1715698250436909,140.559265442404,11.144120683010858
5,0.6,352,0.1715698250436909,140.80133555926545,11.134654787474366
5,0.6,352,0.1715698250436909,141.04340567612687,11.12509378086702
5,0.6,352,0.1715698250436909,141.2854757929883,11.115434310089917
5,0.6,352,0.1715698250436909,141.52754590984975,11.105673036763465
5,0.6,352,0.1715698250436909,141.7696160267112,11.09580663754407
5,0.6,352,0.1715698250436909,142.01168614357263,11.085831804450583
5,0.6,352,0.1715698250436909,142.25375626043405,11.075745245200519
5,0.6,352,0.1715698250436909,142.4958263772955,11.065543683555763
5,0.6,352,0.1715698250436909,142.73789649415693,11.055223859677865
5,0.6,352,0.1715698250436909,142.97996661101837,11.044782530492665
5,0.6,352,0.1715698250436909,143.2220367278798,11.034216470064148
5,0.6,352,0.1715698250436909,143.46410684474122,11.02352246997754
5,0.6,352,0.1715698250436909,143.70617696160267,11.012697339731307
5,0.6,352,0.1715698250436909,143.9482470784641,11.001737907138224
5,0.6,352,0.1715698250436909,144.19031719532555,10.990641018735058
5,0.6,352,0.1715698250436909,144.432387312187,10.979403540201028
5,0.6,352,0.1715698250436909,144.6744574290484,10.968022356784726
5,0.6,352,0.1715698250436909,144.91652754590984,10.956494373739455
5,0.6,352,0.1715698250436909,145.15859766277129,10.944816516766773
5,0.6,352,0.1715698250436909,145.40066777963273,10.932985732468172
5,0.6,352,0.1715698250436909,145.64273789649417,10.92099898880472
5,0.6,352,0.1715698250436909,145.88480801335558,10.908853275564454
5,0.6,352,0.1715698250436909,146.12687813021702,10.896545604837474
5,0.6,352,0.1715698250436909,146.36894824707846,10.884073011498515
5,0.6,352,0.1715698250436909,146.6110183639399,10.871432553696811
5,0.6,352,0.1715698250436909,146.85308848080135,10.858621313353169
5,0.6,352,0.1715698250436909,147.09515859766276,10.84563639666401
5,0.6,352,0.1715698250436909,147.3372287145242,10.832474934612177
5,0.6,352,0.1715698250436909,147.57929883138564,10.819134083484482
5,0.6,352,0.1715698250436909,147.82136894824708,10.805611025395592
5,0.6,352,0.1715698250436909,148.06343906510853,10.79190296881826
5,0.6,352,0.1715698250436909,148.30550918196994,10.77800714911959
5,0.6,352,0.1715698250436909,148.54757929883138,10.763920829103174
5,0.6,352,0.1715698250436909,148.78964941569282,10.749641299556922
5,0.6,352,0.1715698250436909,149.03171953255426,10.735165879806356
5,0.6,352,0.1715698250436909,149.2737896494157,10.72049191827318
5,0.6,352,0.1715698250436909,149.51585976627712,10.705616793038859
5,0.6,352,0.1715698250436909,149.75792988313856,10.690537912413085
5,0.6,352,0.1715698250436909,150.0,10.675252715506812
6,0.7,98,0.19618120948510662,5.0,0.0
6,0.7,98,0.19618120948510662,5.242070116861436,0.0
6,0.7,98,0.19618120948510662,5.484140233722871,0.0
6,0.7,98,0.19618120948510662,5.726210350584307,0.0
6,0.7,98,0.19618120948510662,5.968280467445743,0.0
6,0.7,98,0.19618120948510662,6.210350584307179,0.0
6,0.7,98,0.19618120948510662,6.452420701168615,0.0
6,0.7,98,0.19618120948510662,6.69449081803005,0.0
6,0.7,98,0.19618120948510662,6.936560934891486,0.0
6,0.7,98,0.19618120948510662,7.178631051752921,0.0
6,0.7,98,0.19618120948510662,7.420701168614357,0.0
6,0.7,98,0.19618120948510662,7.6627712854757934,0.0
6,0.7,98,0.19618120948510662,7.904841402337229,0.0
6,0.7,98,0.19618120948510662,8.146911519198664,0.0
6,0.7,98,0.19618120948510662,8.3889816360601,0.0
6,0.7,98,0.19618120948510662,8.631051752921536,0.0
6,0.7,98,0.19618120948510662,8.873121869782972,0.0
6,0.7,98,0.19618120948510662,9.115191986644408,0.10917694645350283
6,0.7,98,0.19618120948510662,9.357262103505843,0.2179733712316068
6,0.7,98,0.19618120948510662,9.599332220367279,0.34757735370100956
6,0.7,98,0.19618120948510662,9.841402337228715,0.4978679131912004
6,0.7,98,0.19618120948510662,10.083472454090149,0.6710374352902553
6,0.7,98,0.19618120948510662,10.325542570951587,0.8715639817073018
6,0.7,98,0.19618120948510662,10.567612687813021,1.100742607551372
6,0.7,98,0.19618120948510662,10.809682804674457,1.3592831942827461
6,0.7,98,0.19618120948510662,11.051752921535893,1.6479851398991914
6,0.7,98,0.19618120948510662,11.293823038397328,1.9679351377716174
6,0.7,98,0.19618120948510662,11.535893155258766,2.3205588532338552
6,0.7,98,0.19618120948510662,11.7779632721202,2.708065628762826
6,0.7,98,0.19618120948510662,12.020033388981636,3.1338315391939084
6,0.7,98,0.19618120948510662,12.262103505843072,3.6019103569616795
6,0.7,98,0.19618120948510662,12.504173622704506,4.114699453158298
6,0.7,98,0.19618120948510662,12.746243739565944,4.67409424518362
6,0.7,98,0.19618120948510662,12.988313856427379,5.281900103031854
6,0.7,98,0.19618120948510662,13.230383973288815,5.939840767825412
6,0.7,98,0.19618120948510662,13.47245409015025,6.649571352337805
6,0.7,98,0.19618120948510662,13.714524207011687,7.412696117782206
6,0.7,98,0.19618120948510662,13.956594323873121,8.23079112235379
6,0.7,98,0.19618120948510662,14.198664440734557,9.10522846712337
6,0.7,98,0.19618120948510662,14.440734557595993,10.035778325383832
6,0.7,98,0.19618120948510662,14.68280467445743,11.020852679570774
6,0.7,98,0.19618120948510662,14.924874791318866,12.057891182931535
6,0.7,98,0.19618120948510662,15.1669449081803,13.143275963253712
6,0.7,98,0.19618120948510662,15.409015025041736,14.272257080636757
6,0.7,98,0.19618120948510662,15.651085141903172,15.438894822031612
6,0.7,98,0.19618120948510662,15.893155258764608,16.636023208727615
6,0.7,98,0.19618120948510662,16.135225375626042,17.855282894135872
6,0.7,98,0.19618120948510662,16.377295492487477,19.08793880643481
6,0.7,98,0.19618120948510662,16.619365609348915,20.325075398291283
6,0.7,98,0.19618120948510662,16.861435726210352,21.557131512870566
6,0.7,98,0.19618120948510662,17.103505843071787,22.77398495969668
6,0.7,98,0.19618120948510662,17.34557595993322,23.96507547159434
6,0.7,98,0.19618120948510662,17.587646076794655,25.119544268937762
6,0.7,98,0.19618120948510662,17.829716193656093,26.226388043152344
6,0.7,98,0.19618120948510662,18.07178631051753,27.274646143264683
6,0.7,98,0.19618120948510662,18.313856427378965,28.255329584621638
6,0.7,98,0.19618120948510662,18.5559265442404,29.163183907375508
6,0.7,98,0.19618120948510662,18.797996661101834,29.994353050695228
6,0.7,98,0.19618120948510662,19.040066777963272,30.74611492479234
6,0.7,98,0.19618120948510662,19.28213689482471,31.416868350924975
6,0.7,98,0.19618120948510662,19.524207011686144,32.00609774982427
6,0.7,98,0.19618120948510662,19.76627712854758,32.51431852915021
6,0.7,98,0.19618120948510662,20.008347245409013,32.943006448329065
6,0.7,98,0.19618120948510662,20.25041736227045,33.29482256322182
6,0.7,98,0.19618120948510662,20.49248747913189,33.57434404650867
6,0.7,98,0.19618120948510662,20.734557595993323,33.78712087080104
6,0.7,98,0.19618120948510662,20.976627712854757,33.93929859853243
6,0.7,98,0.19618120948510662,21.218697829716195,34.03749190619986
6,0.7,98,0.19618120948510662,21.46076794657763,34.088667266655214
6,0.7,98,0.19618120948510662,21.702838063439064,34.10003730543804
6,0.7,98,0.19618120948510662,21.9449081803005,34.078968721923964
6,0.7,98,0.19618120948510662,22.186978297161936,34.032612982864784
6,0.7,98,0.19618120948510662,22.429048414023374,33.96578280812091
6,0.7,98,0.19618120948510662,22.671118530884808,33.882148256982234
6,0.7,98,0.19618120948510662,22.913188647746242,33.78535537931716
6,0.7,98,0.19618120948510662,23.15525876460768,33.679018672170336
6,0.7,98,0.19618120948510662,23.397328881469114,33.56670989415368
6,0.7,98,0.19618120948510662,23.639398998330552,33.45195065910225
6,0.7,98,0.19618120948510662,23.881469115191987,33.33820872278013
6,0.7,98,0.19618120948510662,24.12353923205342,33.22881515967395
6,0.7,98,0.19618120948510662,24.36560934891486,33.125244205941755
6,0.7,98,0.19618120948510662,24.607679465776293,33.02719349324669
6,0.7,98,0.19618120948510662,24.84974958263773,32.934288130215656
6,0.7,98,0.19618120948510662,25.091819699499165,32.84615386788922
6,0.7,98,0.19618120948510662,25.3338898163606,32.76241697679289
6,0.7,98,0.19618120948510662,25.575959933222038,32.68270412662507
6,0.7,98,0.19618120948510662,25.818030050083472,32.60664227264668
6,0.7,98,0.19618120948510662,26.06010016694491,32.53386191762239
6,0.7,98,0.19618120948510662,26.302170283806344,32.464406976578154
6,0.7,98,0.19618120948510662,26.54424040066778,32.39912292970119
6,0.7,98,0.19618120948510662,26.786310517529216,32.33893889399047
6,0.7,98,0.19618120948510662,27.02838063439065,32.28477558656076
6,0.7,98,0.19618120948510662,27.27045075125209,32.237547146146746
6,0.7,98,0.19618120948510662,27.512520868113523,32.198163194918166
6,0.7,98,0.19618120948510662,27.754590984974957,32.16753113999402
6,0.7,98,0.19618120948510662,27.996661101836395,32.146558715775406
6,0.7,98,0.19618120948510662,28.23873121869783,32.135855467813556
6,0.7,98,0.19618120948510662,28.480801335559267,32.134780957938744
6,0.7,98,0.19618120948510662,28.7228714524207,32.14237414636659
6,0.7,98,0.19618120948510662,28.964941569282136,32.15767839143167
6,0.7,98,0.19618120948510662,29.207011686143574,32.17973911098509
6,0.7,98,0.19618120948510662,29.449081803005008,32.2076017199155
6,0.7,98,0.19618120948510662,29.691151919866446,32.240309843498274
6,0.7,98,0.19618120948510662,29.93322203672788,32.27690380690717
6,0.7,98,0.19618120948510662,30.175292153589314,32.316451041294776
6,0.7,98,0.19618120948510662,30.417362270450752,32.35831453172254
6,0.7,98,0.19618120948510662,30.659432387312187,32.402019375587294
6,0.7,98,0.19618120948510662,30.901502504173624,32.447088632692925
6,0.7,98,0.19618120948510662,31.14357262103506,32.49304139855563
6,0.7,98,0.19618120948510662,31.385642737896493,32.53939269146956
6,0.7,98,0.19618120948510662,31.62771285475793,32.58565340794541
6,0.7,98,0.19618120948510662,31.869782971619365,32.63133034816216
6,0.7,98,0.19618120948510662,32.1118530884808,32.67592631304244
6,0.7,98,0.19618120948510662,32.35392320534224,32.718940274504575
6,0.7,98,0.19618120948510662,32.59599332220367,32.75986762036101
6,0.7,98,0.19618120948510662,32.83806343906511,32.79820047521756
6,0.7,98,0.19618120948510662,33.080133555926544,32.8334280985848
6,0.7,98,0.19618120948510662,33.32220367278798,32.86503736123547
6,0.7,98,0.19618120948510662,33.56427378964942,32.892513300633944
6,0.7,98,0.19618120948510662,33.80634390651085,32.915339756021126
6,0.7,98,0.19618120948510662,34.04841402337229,32.933000083463035
6,0.7,98,0.19618120948510662,34.29048414023372,32.944977950860356
6,0.7,98,0.19618120948510662,34.53255425709516,32.95075821257339
6,0.7,98,0.19618120948510662,34.7746243739566,32.9498278629378
6,0.7,98,0.19618120948510662,35.016694490818026,32.941677105354614
6,0.7,98,0.19618120948510662,35.25876460767947,32.92594103270127
6,0.7,98,0.19618120948510662,35.5008347245409,32.902717240270974
6,0.7,98,0.19618120948510662,35.742904841402336,32.872200374746875
6,0.7,98,0.19618120948510662,35.98497495826378,32.8345886729522
6,0.7,98,0.19618120948510662,36.227045075125204,32.79008357729615
6,0.7,98,0.19618120948510662,36.469115191986646,32.738889359164425
6,0.7,98,0.19618120948510662,36.71118530884808,32.68121275088387
6,0.7,98,0.19618120948510662,36.953255425709514,32.61726258683931
6,0.7,98,0.19618120948510662,37.19532554257095,32.547249454268616
6,0.7,98,0.19618120948510662,37.43739565943239,32.47138535421153
6,0.7,98,0.19618120948510662,37.679465776293824,32.38988337303821
6,0.7,98,0.19618120948510662,37.92153589315526,32.30295736493456
6,0.7,98,0.19618120948510662,38.16360601001669,32.21082164567383
6,0.7,98,0.19618120948510662,38.40567612687813,32.11369069795818
6,0.7,98,0.19618120948510662,38.64774624373957,32.01177888856835
6,0.7,98,0.19618120948510662,38.889816360601,31.90530019751765
6,0.7,98,0.19618120948510662,39.13188647746244,31.794467959363523
6,0.7,98,0.19618120948510662,39.37395659432387,31.67949461679099
6,0.7,98,0.19618120948510662,39.616026711185306,31.56059148654387
6,0.7,98,0.19618120948510662,39.85809682804675,31.437968537743277
6,0.7,98,0.19618120948510662,40.10016694490818,31.311835274676
6,0.7,98,0.19618120948510662,40.342237061769616,31.182438456781266
6,0.7,98,0.19618120948510662,40.58430717863105,31.050070907680666
6,0.7,98,0.19618120948510662,40.826377295492485,30.91502483952978
6,0.7,98,0.19618120948510662,41.068447412353926,30.777588503111392
6,0.7,98,0.19618120948510662,41.31051752921536,30.63804598154248
6,0.7,98,0.19618120948510662,41.552587646076795,30.496677009601292
6,0.7,98,0.19618120948510662,41.79465776293823,30.353756818107804
6,0.7,98,0.19618120948510662,42.03672787979966,30.20955600275229
6,0.7,98,0.19618120948510662,42.278797996661105,30.064340416735394
6,0.7,98,0.19618120948510662,42.52086811352254,29.918371086557293
6,0.7,98,0.19618120948510662,42.76293823038397,29.771904150272274
6,0.7,98,0.19618120948510662,43.00500834724541,29.625190817511392
6,0.7,98,0.19618120948510662,43.24707846410684,29.478477350564436
6,0.7,98,0.19618120948510662,43.48914858096828,29.332005065809394
6,0.7,98,0.19618120948510662,43.73121869782972,29.186010354775995
6,0.7,98,0.19618120948510662,43.97328881469115,29.040724724134773
6,0.7,98,0.19618120948510662,44.215358931552586,28.896374853912235
6,0.7,98,0.19618120948510662,44.45742904841402,28.753182673244492
6,0.7,98,0.19618120948510662,44.69949916527546,28.611365452998424
6,0.7,98,0.19618120948510662,44.941569282136896,28.471135914610272
6,0.7,98,0.19618120948510662,45.18363939899833,28.332690921258106
6,0.7,98,0.19618120948510662,45.425709515859765,28.196127036179586
6,0.7,98,0.19618120948510662,45.6677796327212,28.0614905796091
6,0.7,98,0.19618120948510662,45.90984974958264,27.928826416035022
6,0.7,98,0.19618120948510662,46.151919866444075,27.798178372762557
6,0.7,98,0.19618120948510662,46.39398998330551,27.66958928860645
6,0.7,98,0.19618120948510662,46.636060100166944,27.543101062794403
6,0.7,98,0.19618120948510662,46.87813021702838,27.41875470406922
6,0.7,98,0.19618120948510662,47.12020033388982,27.29659037998026
6,0.7,98,0.19618120948510662,47.362270450751254,27.176647466357426
6,0.7,98,0.19618120948510662,47.60434056761269,27.0589645969624
6,0.7,98,0.19618120948510662,47.84641068447412,26.943579713315465
6,0.7,98,0.19618120948510662,48.08848080133556,26.830530114697055
6,0.7,98,0.19618120948510662,48.330550918197,26.71985250832703
6,0.7,98,0.19618120948510662,48.57262103505843,26.611583059725763
6,0.7,98,0.19618120948510662,48.81469115191987,26.505757443264088
6,0.7,98,0.19618120948510662,49.0567612687813,26.402410892911593
6,0.7,98,0.19618120948510662,49.298831385642735,26.30157825319448
6,0.7,98,0.19618120948510662,49.54090150250418,26.20329403037716
6,0.7,98,0.19618120948510662,49.78297161936561,26.107592443883885
6,0.7,98,0.19618120948510662,50.025041736227045,26.014507444161236
6,0.7,98,0.19618120948510662,50.26711185308848,25.924032034344105
6,0.7,98,0.19618120948510662,50.509181969949914,25.836040135181662
6,0.7,98,0.19618120948510662,50.751252086811355,25.750385890540837
6,0.7,98,0.19618120948510662,50.99332220367279,25.66692563935612
6,0.7,98,0.19618120948510662,51.235392320534224,25.58551780275591
6,0.7,98,0.19618120948510662,51.47746243739566,25.50602277896064
6,0.7,98,0.19618120948510662,51.71953255425709,25.428302845751865
6,0.7,98,0.19618120948510662,51.961602671118534,25.352222070325077
6,0.7,98,0.19618120948510662,52.20367278797997,25.27764622635184
6,0.7,98,0.19618120948510662,52.4457429048414,25.204442718087925
6,0.7,98,0.19618120948510662,52.68781302170284,25.132480511375288
6,0.7,98,0.19618120948510662,52.92988313856427,25.061630071394504
6,0.7,98,0.19618120948510662,53.17195325542571,24.991763307033242
6,0.7,98,0.19618120948510662,53.41402337228715,24.92275352174427
6,0.7,98,0.19618120948510662,53.65609348914858,24.854475370772334
6,0.7,98,0.19618120948510662,53.898163606010016,24.786804824636054
6,0.7,98,0.19618120948510662,54.14023372287145,24.719619138755505
6,0.7,98,0.19618120948510662,54.38230383973289,24.65279682912
6,0.7,98,0.19618120948510662,54.624373956594326,24.586217653894714
6,0.7,98,0.19618120948510662,54.86644407345576,24.519762600866386
6,0.7,98,0.19618120948510662,55.108514190317194,24.45331448062371
6,0.7,98,0.19618120948510662,55.35058430717863,24.386775103527487
6,0.7,98,0.19618120948510662,55.59265442404007,24.320067604911323
6,0.7,98,0.19618120948510662,55.834724540901504,24.253117038071036
6,0.7,98,0.19618120948510662,56.07679465776294,24.185849260834132
6,0.7,98,0.19618120948510662,56.31886477462437,24.118190946014387
6,0.7,98,0.19618120948510662,56.56093489148581,24.050069594067658
6,0.7,98,0.19618120948510662,56.80300500834725,23.981413547905543
6,0.7,98,0.19618120948510662,57.04507512520868,23.91215200982295
6,0.7,98,0.19618120948510662,57.28714524207012,23.84221506049349
6,0.7,98,0.19618120948510662,57.52921535893155,23.771533679985154
6,0.7,98,0.19618120948510662,57.771285475792986,23.700039770746855
6,0.7,98,0.19618120948510662,58.01335559265443,23.627666182514368
6,0.7,98,0.19618120948510662,58.25542570951586,23.554346739082053
6,0.7,98,0.19618120948510662,58.497495826377296,23.480016266884437
6,0.7,98,0.19618120948510662,58.73956594323873,23.404610625329244
6,0.7,98,0.19618120948510662,58.981636060100165,23.328066738821096
6,0.7,98,0.19618120948510662,59.223706176961606,23.250322630411976
6,0.7,98,0.19618120948510662,59.46577629382304,23.171317457012385
6,0.7,98,0.19618120948510662,59.707846410684475,23.090991546093576
6,0.7,98,0.19618120948510662,59.94991652754591,23.00928643380885
6,0.7,98,0.19618120948510662,60.19198664440734,22.926155060542584
6,0.7,98,0.19618120948510662,60.434056761268785,22.8416279670569
6,0.7,98,0.19618120948510662,60.67612687813022,22.755770523506424
6,0.7,98,0.19618120948510662,60.91819699499165,22.66864775474374
6,0.7,98,0.19618120948510662,61.16026711185309,22.580324127656713
6,0.7,98,0.19618120948510662,61.40233722871452,22.490863521125462
6,0.7,98,0.19618120948510662,61.644407345575964,22.4003291976313
6,0.7,98,0.19618120948510662,61.8864774624374,22.308783776502153
6,0.7,98,0.19618120948510662,62.12854757929883,22.216289208777077
6,0.7,98,0.19618120948510662,62.37061769616027,22.12290675367091
6,0.7,98,0.19618120948510662,62.6126878130217,22.028696956618276
6,0.7,98,0.19618120948510662,62.85475792988314,21.933719628874858
6,0.7,98,0.19618120948510662,63.09682804674458,21.838033828652332
6,0.7,98,0.19618120948510662,63.33889816360601,21.741697843762303
6,0.7,98,0.19618120948510662,63.580968280467445,21.644769175742965
6,0.7,98,0.19618120948510662,63.82303839732888,21.54730452544164
6,0.7,98,0.19618120948510662,64.06510851419031,21.449359780024917
6,0.7,98,0.19618120948510662,64.30717863105176,21.350990001387657
6,0.7,98,0.19618120948510662,64.5492487479132,21.252249415930986
6,0.7,98,0.19618120948510662,64.79131886477462,21.15319140567881
6,0.7,98,0.19618120948510662,65.03338898163605,21.053868508166936
6,0.7,98,0.19618120948510662,65.27545909849749,20.954336544677215
6,0.7,98,0.19618120948510662,65.51752921535893,20.85466136596499
6,0.7,98,0.19618120948510662,65.75959933222038,20.754909463109755
6,0.7,98,0.19618120948510662,66.0016694490818,20.655146133520077
6,0.7,98,0.19618120948510662,66.24373956594323,20.55543548008405
6,0.7,98,0.19618120948510662,66.48580968280467,20.45584041231269
6,0.7,98,0.19618120948510662,66.72787979966611,20.356422649414174
6,0.7,98,0.19618120948510662,66.96994991652755,20.257242725236924
6,0.7,98,0.19618120948510662,67.21202003338898,20.158359995020028
6,0.7,98,0.19618120948510662,67.45409015025041,20.05983264388991
6,0.7,98,0.19618120948510662,67.69616026711185,19.96171769704302
6,0.7,98,0.19618120948510662,67.93823038397329,19.864071031554854
6,0.7,98,0.19618120948510662,68.18030050083473,19.76694738975663
6,0.7,98,0.19618120948510662,68.42237061769616,19.670400394122353
6,0.7,98,0.19618120948510662,68.66444073455759,19.5744825636095
6,0.7,98,0.19618120948510662,68.90651085141903,19.479245331398424
6,0.7,98,0.19618120948510662,69.14858096828047,19.384739063976873
6,0.7,98,0.19618120948510662,69.3906510851419,19.29101308151716
6,0.7,98,0.19618120948510662,69.63272120200334,19.19811567949549
6,0.7,98,0.19618120948510662,69.87479131886478,19.106094151504546
6,0.7,98,0.19618120948510662,70.11686143572621,19.01499408883786
6,0.7,98,0.19618120948510662,70.35893155258765,18.924842138284017
6,0.7,98,0.19618120948510662,70.60100166944908,18.835645627504512
6,0.7,98,0.19618120948510662,70.84307178631052,18.7474107997036
6,0.7,98,0.19618120948510662,71.08514190317196,18.660143715729223
6,0.7,98,0.19618120948510662,71.32721202003339,18.573850260933845
6,0.7,98,0.19618120948510662,71.56928213689483,18.488536152011815
6,0.7,98,0.19618120948510662,71.81135225375625,18.404206943812525
6,0.7,98,0.19618120948510662,72.0534223706177,18.32086803612893
6,0.7,98,0.19618120948510662,72.29549248747914,18.23852468046126
6,0.7,98,0.19618120948510662,72.53756260434056,18.157181986755635
6,0.7,98,0.19618120948510662,72.779632721202,18.076844930117403
6,0.7,98,0.19618120948510662,73.02170283806343,17.99751835749943
6,0.7,98,0.19618120948510662,73.26377295492487,17.91920699436531
6,0.7,98,0.19618120948510662,73.50584307178632,17.841915451327775
6,0.7,98,0.19618120948510662,73.74791318864774,17.76564823076262
6,0.7,98,0.19618120948510662,73.98998330550918,17.690409733398617
6,0.7,98,0.19618120948510662,74.23205342237061,17.616204264883997
6,0.7,98,0.19618120948510662,74.47412353923205,17.543036042329977
6,0.7,98,0.19618120948510662,74.7161936560935,17.470909200832356
6,0.7,98,0.19618120948510662,74.95826377295492,17.399827799971714
6,0.7,98,0.19618120948510662,75.20033388981636,17.329795094068103
6,0.7,98,0.19618120948510662,75.44240400667779,17.260809322580634
6,0.7,98,0.19618120948510662,75.68447412353923,17.192866707999368
6,0.7,98,0.19618120948510662,75.92654424040067,17.125963534387587
6,0.7,98,0.19618120948510662,76.1686143572621,17.060096155752536
6,0.7,98,0.19618120948510662,76.41068447412354,16.995260997717107
6,0.7,98,0.19618120948510662,76.65275459098497,16.931454559177908
6,0.7,98,0.19618120948510662,76.89482470784641,16.86867341395054
6,0.7,98,0.19618120948510662,77.13689482470785,16.806914212403637
6,0.7,98,0.19618120948510662,77.37896494156928,16.74617368308246
6,0.7,98,0.19618120948510662,77.62103505843072,16.68644863432343
6,0.7,98,0.19618120948510662,77.86310517529215,16.62773595586073
6,0.7,98,0.19618120948510662,78.10517529215359,16.570032620425984
6,0.7,98,0.19618120948510662,78.34724540901503,16.513335685342344
6,0.7,98,0.19618120948510662,78.58931552587646,16.45764229411408
6,0.7,98,0.19618120948510662,78.8313856427379,16.402949678012714
6,0.7,98,0.19618120948510662,79.07345575959933,16.34925515766109
6,0.7,98,0.19618120948510662,79.31552587646077,16.296556144616222
6,0.7,98,0.19618120948510662,79.55759599332221,16.244850142952448
6,0.7,98,0.19618120948510662,79.79966611018364,16.194134750845677
6,0.7,98,0.19618120948510662,80.04173622704508,16.144407639255384
6,0.7,98,0.19618120948510662,80.2838063439065,16.09565948777892
6,0.7,98,0.19618120948510662,80.52587646076795,16.047864114196592
6,0.7,98,0.19618120948510662,80.76794657762939,16.00099320531482
6,0.7,98,0.19618120948510662,81.01001669449082,15.955018843923863
6,0.7,98,0.19618120948510662,81.25208681135226,15.909913495358879
6,0.7,98,0.19618120948510662,81.49415692821368,15.865649994543173
6,0.7,98,0.19618120948510662,81.73622704507513,15.822201533501387
6,0.7,98,0.19618120948510662,81.97829716193657,15.77954164933141
6,0.7,98,0.19618120948510662,82.220367278798,15.737644212623778
6,0.7,98,0.19618120948510662,82.46243739565944,15.696483416318292
6,0.7,98,0.19618120948510662,82.70450751252086,15.656033764987695
6,0.7,98,0.19618120948510662,82.9465776293823,15.616270064538782
6,0.7,98,0.19618120948510662,83.18864774624375,15.577167412321813
6,0.7,98,0.19618120948510662,83.43071786310517,15.538701187639443
6,0.7,98,0.19618120948510662,83.67278797996661,15.500847042646694
6,0.7,98,0.19618120948510662,83.91485809682804,15.46358089363393
6,0.7,98,0.19618120948510662,84.15692821368948,15.426878912685254
6,0.7,98,0.19618120948510662,84.39899833055092,15.390717519704765
6,0.7,98,0.19618120948510662,84.64106844741235,15.355073374803803
6,0.7,98,0.19618120948510662,84.88313856427379,15.319923371042197
6,0.7,98,0.19618120948510662,85.12520868113522,15.285244468447143
6,0.7,98,0.19618120948510662,85.36727879799666,15.251010476900197
6,0.7,98,0.19618120948510662,85.6093489148581,15.217192235172519
6,0.7,98,0.19618120948510662,85.85141903171953,15.183760719501468
6,0.7,98,0.19618120948510662,86.09348914858097,15.150687166024266
6,0.7,98,0.19618120948510662,86.3355592654424,15.117943064133737
6,0.7,98,0.19618120948510662,86.57762938230384,15.085500150370963
6,0.7,98,0.19618120948510662,86.81969949916528,15.053330402846802
6,0.7,98,0.19618120948510662,87.06176961602671,15.021406036184262
6,0.7,98,0.19618120948510662,87.30383973288815,14.989699496974117
6,0.7,98,0.19618120948510662,87.54590984974958,14.958183459736388
6,0.7,98,0.19618120948510662,87.78797996661102,14.92683082338057
6,0.7,98,0.19618120948510662,88.03005008347246,14.895614708157394
6,0.7,98,0.19618120948510662,88.27212020033389,14.864508453095521
6,0.7,98,0.19618120948510662,88.51419031719533,14.833485613916217
6,0.7,98,0.19618120948510662,88.75626043405676,14.802519961419625
6,0.7,98,0.19618120948510662,88.9983305509182,14.771585480335938
6,0.7,98,0.19618120948510662,89.24040066777964,14.740656368635126
6,0.7,98,0.19618120948510662,89.48247078464107,14.709707037288739
6,0.7,98,0.19618120948510662,89.72454090150251,14.678712110477381
6,0.7,98,0.19618120948510662,89.96661101836393,14.64764642623759
6,0.7,98,0.19618120948510662,90.20868113522538,14.616492037742843
6,0.7,98,0.19618120948510662,90.45075125208682,14.585273608876923
6,0.7,98,0.19618120948510662,90.69282136894824,14.554031513894794
6,0.7,98,0.19618120948510662,90.93489148580969,14.522805811184233
6,0.7,98,0.19618120948510662,91.17696160267111,14.491636214502618
6,0.7,98,0.19618120948510662,91.41903171953255,14.460562094039577
6,0.7,98,0.19618120948510662,91.661101836394,14.429622478555078
6,0.7,98,0.19618120948510662,91.90317195325542,14.398856058576335
6,0.7,98,0.19618120948510662,92.14524207011686,14.3683011906375
6,0.7,98,0.19618120948510662,92.38731218697829,14.337995902546034
6,0.7,98,0.19618120948510662,92.62938230383973,14.307977899660212
6,0.7,98,0.19618120948510662,92.87145242070117,14.278284572162727
6,0.7,98,0.19618120948510662,93.1135225375626,14.24895300331551
6,0.7,98,0.19618120948510662,93.35559265442404,14.22001997868202
6,0.7,98,0.19618120948510662,93.59766277128547,14.19152199630345
6,0.7,98,0.19618120948510662,93.83973288814691,14.163495277816176
6,0.7,98,0.19618120948510662,94.08180300500835,14.135975780498619
6,0.7,98,0.19618120948510662,94.32387312186978,14.108999210236654
6,0.7,98,0.19618120948510662,94.56594323873122,14.082601035397222
6,0.7,98,0.19618120948510662,94.80801335559265,14.056816501601311
6,0.7,98,0.19618120948510662,95.05008347245409,14.031680564212564
6,0.7,98,0.19618120948510662,95.29215358931553,14.007211839569345
6,0.7,98,0.19618120948510662,95.53422370617696,13.9833935992492
6,0.7,98,0.19618120948510662,95.7762938230384,13.960204633829747
6,0.7,98,0.19618120948510662,96.01836393989983,13.937623937555921
6,0.7,98,0.19618120948510662,96.26043405676127,13.915630699767261
6,0.7,98,0.19618120948510662,96.50250417362271,13.894204296647471
6,0.7,98,0.19618120948510662,96.74457429048414,13.873324283289907
6,0.7,98,0.19618120948510662,96.98664440734558,13.852970386073343
6,0.7,98,0.19618120948510662,97.228714524207,13.8331224953425
6,0.7,98,0.19618120948510662,97.47078464106845,13.813760658388093
6,0.7,98,0.19618120948510662,97.71285475792989,13.794865072721443
6,0.7,98,0.19618120948510662,97.95492487479132,13.776416079639123
6,0.7,98,0.19618120948510662,98.19699499165276,13.75839415807304
6,0.7,98,0.19618120948510662,98.43906510851419,13.740779918721797
6,0.7,98,0.19618120948510662,98.68113522537563,13.723554098459568
6,0.7,98,0.19618120948510662,98.92320534223707,13.706697555018447
6,0.7,98,0.19618120948510662,99.1652754590985,13.690191261941001
6,0.7,98,0.19618120948510662,99.40734557595994,13.674016303799508
6,0.7,98,0.19618120948510662,99.64941569282136,13.658153871678774
6,0.7,98,0.19618120948510662,99.8914858096828,13.642585258919578
6,0.7,98,0.19618120948510662,100.13355592654425,13.627292174589103
6,0.7,98,0.19618120948510662,100.37562604340567,13.612262207437423
6,0.7,98,0.19618120948510662,100.61769616026712,13.597488060891976
6,0.7,98,0.19618120948510662,100.85976627712854,13.582962648833558
6,0.7,98,0.19618120948510662,101.10183639398998,13.568678923915922
6,0.7,98,0.19618120948510662,101.34390651085143,13.554629876396273
6,0.7,98,0.19618120948510662,101.58597662771285,13.540808533002
6,0.7,98,0.19618120948510662,101.8280467445743,13.527207955833104
6,0.7,98,0.19618120948510662,102.07011686143572,13.513821241300185
6,0.7,98,0.19618120948510662,102.31218697829716,13.500641519097465
6,0.7,98,0.19618120948510662,102.5542570951586,13.487661951210582
6,0.7,98,0.19618120948510662,102.79632721202003,13.474875730958889
6,0.7,98,0.19618120948510662,103.03839732888147,13.462276082071812
6,0.7,98,0.19618120948510662,103.2804674457429,13.449856257799086
6,0.7,98,0.19618120948510662,103.52253756260434,13.437609540054595
6,0.7,98,0.19618120948510662,103.76460767946578,13.425529238593436
6,0.7,98,0.19618120948510662,104.00667779632721,13.413608690222027
6,0.7,98,0.19618120948510662,104.24874791318865,13.401841258041005
6,0.7,98,0.19618120948510662,104.49081803005008,13.39022033072063
6,0.7,98,0.19618120948510662,104.73288814691152,13.378739321808503
6,0.7,98,0.19618120948510662,104.97495826377296,13.367391669069354
6,0.7,98,0.19618120948510662,105.21702838063439,13.356170833856707
6,0.7,98,0.19618120948510662,105.45909849749583,13.34507030051617
6,0.7,98,0.19618120948510662,105.70116861435726,13.334083575820195
6,0.7,98,0.19618120948510662,105.9432387312187,13.323204188434083
6,0.7,98,0.19618120948510662,106.18530884808014,13.312425688413105
6,0.7,98,0.19618120948510662,106.42737896494157,13.301741646730484
6,0.7,98,0.19618120948510662,106.66944908180301,13.291145654836091
6,0.7,98,0.19618120948510662,106.91151919866444,13.280631324245764
6,0.7,98,0.19618120948510662,107.15358931552588,13.270192286160965
6,0.7,98,0.19618120948510662,107.39565943238732,13.259822191118685
6,0.7,98,0.19618120948510662,107.63772954924875,13.24951470867147
6,0.7,98,0.19618120948510662,107.87979966611019,13.239263527097336
6,0.7,98,0.19618120948510662,108.12186978297161,13.229062353139543
6,0.7,98,0.19618120948510662,108.36393989983306,13.218904911775967
6,0.7,98,0.19618120948510662,108.6060100166945,13.208784946018021
6,0.7,98,0.19618120948510662,108.84808013355592,13.198696216738922
6,0.7,98,0.19618120948510662,109.09015025041737,13.188632502531243
6,0.7,98,0.19618120948510662,109.3322203672788,13.178587599593573
6,0.7,98,0.19618120948510662,109.57429048414023,13.168555321646119
6,0.7,98,0.19618120948510662,109.81636060100168,13.15852949987521
6,0.7,98,0.19618120948510662,110.0584307178631,13.148503996604214
6,0.7,98,0.19618120948510662,110.30050083472455,13.138474498592895
6,0.7,98,0.19618120948510662,110.54257095158597,13.128440295524587
6,0.7,98,0.19618120948510662,110.78464106844741,13.118401102289567
6,0.7,98,0.19618120948510662,111.02671118530886,13.108356633450986
6,0.7,98,0.19618120948510662,111.26878130217028,13.098306603262847
6,0.7,98,0.19618120948510662,111.51085141903172,13.088250725687766
6,0.7,98,0.19618120948510662,111.75292153589315,13.078188714414697
6,0.7,98,0.19618120948510662,111.99499165275459,13.06812028287646
6,0.7,98,0.19618120948510662,112.23706176961603,13.058045144267226
6,0.7,98,0.19618120948510662,112.47913188647746,13.047963011559801
6,0.7,98,0.19618120948510662,112.7212020033389,13.037873597522905
6,0.7,98,0.19618120948510662,112.96327212020033,13.027776614738226
6,0.7,98,0.19618120948510662,113.20534223706177,13.017671775617469
6,0.7,98,0.19618120948510662,113.44741235392321,13.007558792419228
6,0.7,98,0.19618120948510662,113.68948247078464,12.997437377265824
6,0.7,98,0.19618120948510662,113.93155258764608,12.987307242159973
6,0.7,98,0.19618120948510662,114.17362270450751,12.977168099001416
6,0.7,98,0.19618120948510662,114.41569282136895,12.967019659603462
6,0.7,98,0.19618120948510662,114.65776293823039,12.956861635709348
6,0.7,98,0.19618120948510662,114.89983305509182,12.946693739008662
6,0.7,98,0.19618120948510662,115.14190317195326,12.936515681153557
6,0.7,98,0.19618120948510662,115.38397328881469,12.926327173774903
6,0.7,98,0.19618120948510662,115.62604340567613,12.916127928498453
6,0.7,98,0.19618120948510662,115.86811352253757,12.905917656960783
6,0.7,98,0.19618120948510662,116.110183639399,12.895696070825291
6,0.7,98,0.19618120948510662,116.35225375626044,12.885462881798022
6,0.7,98,0.19618120948510662,116.59432387312187,12.875217801643512
6,0.7,98,0.19618120948510662,116.8363939899833,12.864960542200464
6,0.7,98,0.19618120948510662,117.07846410684475,12.854690815397463
6,0.7,98,0.19618120948510662,117.32053422370618,12.84440833326852
6,0.7,98,0.19618120948510662,117.56260434056762,12.834112807968648
6,0.7,98,0.19618120948510662,117.80467445742904,12.823803951789321
6,0.7,98,0.19618120948510662,118.04674457429049,12.81348147717388
6,0.7,98,0.19618120948510662,118.28881469115193,12.803145096732884
6,0.7,98,0.19618120948510662,118.53088480801335,12.792794523259444
6,0.7,98,0.19618120948510662,118.7729549248748,12.782429469744436
6,0.7,98,0.19618120948510662,119.01502504173622,12.772049649391713
6,0.7,98,0.19618120948510662,119.25709515859766,12.761654775633252
6,0.7,98,0.19618120948510662,119.4991652754591,12.75124456214423
6,0.7,98,0.19618120948510662,119.74123539232053,12.740818722858124
6,0.7,98,0.19618120948510662,119.98330550918197,12.730376971981649
6,0.7,98,0.19618120948510662,120.2253756260434,12.719918993810136
6,0.7,98,0.19618120948510662,120.46744574290484,12.709444324514797
6,0.7,98,0.19618120948510662,120.70951585976628,12.698952455591172
6,0.7,98,0.19618120948510662,120.95158597662771,12.68844287959911
6,0.7,98,0.19618120948510662,121.19365609348915,12.677915090193016
6,0.7,98,0.19618120948510662,121.43572621035058,12.667368582139943
6,0.7,98,0.19618120948510662,121.67779632721202,12.656802851337849
6,0.7,98,0.19618120948510662,121.91986644407346,12.646217394833874
6,0.7,98,0.19618120948510662,122.16193656093489,12.635611710842777
6,0.7,98,0.19618120948510662,122.40400667779633,12.624985298765434
6,0.7,98,0.19618120948510662,122.64607679465776,12.614337659207509
6,0.7,98,0.19618120948510662,122.8881469115192,12.603668293998155
6,0.7,98,0.19618120948510662,123.13021702838064,12.592976706208882
6,0.7,98,0.19618120948510662,123.37228714524207,12.582262400172487
6,0.7,98,0.19618120948510662,123.61435726210351,12.57152488150213
6,0.7,98,0.19618120948510662,123.85642737896494,12.560763657110513
6,0.7,98,0.19618120948510662,124.09849749582638,12.549978235229144
6,0.7,98,0.19618120948510662,124.34056761268782,12.539168125427727
6,0.7,98,0.19618120948510662,124.58263772954925,12.528332838633665
6,0.7,98,0.19618120948510662,124.82470784641069,12.517471887151668
6,0.7,98,0.19618120948510662,125.06677796327212,12.506584784683476
6,0.7,98,0.19618120948510662,125.30884808013356,12.495671046347674
6,0.7,98,0.19618120948510662,125.550918196995,12.484730188699654
6,0.7,98,0.19618120948510662,125.79298831385643,12.473761729751653
6,0.7,98,0.19618120948510662,126.03505843071787,12.462765188992902
6,0.7,98,0.19618120948510662,126.2771285475793,12.451740087409934
6,0.7,98,0.19618120948510662,126.51919866444074,12.440685947506916
6,0.7,98,0.19618120948510662,126.76126878130218,12.429602293326182
6,0.7,98,0.19618120948510662,127.0033388981636,12.418488650468829
6,0.7,98,0.19618120948510662,127.24540901502505,12.407344546115413
6,0.7,98,0.19618120948510662,127.48747913188647,12.39616950904676
6,0.7,98,0.19618120948510662,127.72954924874792,12.384963069664963
6,0.7,98,0.19618120948510662,127.97161936560936,12.373724760014323
6,0.7,98,0.19618120948510662,128.21368948247078,12.362454113802595
6,0.7,98,0.19618120948510662,128.45575959933223,12.351150666422168
6,0.7,98,0.19618120948510662,128.69782971619367,12.339813954971483
6,0.7,98,0.19618120948510662,128.9398998330551,12.328443518276458
6,0.7,98,0.19618120948510662,129.18196994991655,12.317038896912127
6,0.7,98,0.19618120948510662,129.42404006677796,12.305599633224245
6,0.7,98,0.19618120948510662,129.6661101836394,12.294125271351154
6,0.7,98,0.19618120948510662,129.90818030050082,12.282615357245634
6,0.7,98,0.19618120948510662,130.15025041736226,12.271069438696886
6,0.7,98,0.19618120948510662,130.3923205342237,12.259487065352682
6,0.7,98,0.19618120948510662,130.63439065108514,12.247867788741532
6,0.7,98,0.19618120948510662,130.87646076794658,12.236211162295001
6,0.7,98,0.19618120948510662,131.11853088480802,12.2245167413701
6,0.7,98,0.19618120948510662,131.36060100166947,12.212784083271803
6,0.7,98,0.19618120948510662,131.6026711185309,12.201012747275643
6,0.7,98,0.19618120948510662,131.84474123539232,12.189202294650435
6,0.7,98,0.19618120948510662,132.08681135225376,12.177352288681016
6,0.7,98,0.19618120948510662,132.32888146911517,12.165462294691208
6,0.7,98,0.19618120948510662,132.57095158597662,12.15353188006673
6,0.7,98,0.19618120948510662,132.81302170283806,12.141560614278358
6,0.7,98,0.19618120948510662,133.0550918196995,12.129548068905027
6,0.7,98,0.19618120948510662,133.29716193656094,12.117493817657122
6,0.7,98,0.19618120948510662,133.53923205342238,12.105397436399816
6,0.7,98,0.19618120948510662,133.7813021702838,12.093258503176529
6,0.7,98,0.19618120948510662,134.02337228714524,12.081076598232423
6,0.7,98,0.19618120948510662,134.26544240400668,12.068851304038047
6,0.7,98,0.19618120948510662,134.50751252086812,12.056582205312974
6,0.7,98,0.19618120948510662,134.74958263772956,12.044268889049649
6,0.7,98,0.19618120948510662,134.99165275459097,12.031910944537188
6,0.7,98,0.19618120948510662,135.23372287145241,12.019507673940378
6,0.7,98,0.19618120948510662,135.47579298831386,12.007057100241987
6,0.7,98,0.19618120948510662,135.7178631051753,11.994556900131457
6,0.7,98,0.19618120948510662,135.95993322203674,11.982004760779839
6,0.7,98,0.19618120948510662,136.20200333889815,11.969398379960303
6,0.7,98,0.19618120948510662,136.4440734557596,11.956735466159792
6,0.7,98,0.19618120948510662,136.68614357262103,11.944013738695023
6,0.7,98,0.19618120948510662,136.92821368948248,11.931230927832797
6,0.7,98,0.19618120948510662,137.17028380634392,11.918384774914532
6,0.7,98,0.19618120948510662,137.41235392320533,11.905473032485007
6,0.7,98,0.19618120948510662,137.65442404006677,11.892493464425293
6,0.7,98,0.19618120948510662,137.8964941569282,11.879443846089774
6,0.7,98,0.19618120948510662,138.13856427378965,11.866321964447295
6,0.7,98,0.19618120948510662,138.3806343906511,11.853125618226281
6,0.7,98,0.19618120948510662,138.6227045075125,11.839852618063935
6,0.7,98,0.19618120948510662,138.86477462437395,11.826500786659262
6,0.7,98,0.19618120948510662,139.1068447412354,11.813067958930098
6,0.7,98,0.19618120948510662,139.34891485809683,11.799551982173941
6,0.7,98,0.19618120948510662,139.59098497495827,11.785950716232572
6,0.7,98,0.19618120948510662,139.8330550918197,11.772262033660427
6,0.7,98,0.19618120948510662,140.07512520868113,11.758483819896735
6,0.7,98,0.19618120948510662,140.31719532554257,11.744613973441174
6,0.7,98,0.19618120948510662,140.559265442404,11.730650406033263
6,0.7,98,0.19618120948510662,140.80133555926545,11.716591042835187
6,0.7,98,0.19618120948510662,141.04340567612687,11.70243382261819
6,0.7,98,0.19618120948510662,141.2854757929883,11.688176697952342
6,0.7,98,0.19618120948510662,141.52754590984975,11.673817635399693
6,0.7,98,0.19618120948510662,141.7696160267112,11.65935461571079
6,0.7,98,0.19618120948510662,142.01168614357263,11.644785634024384
6,0.7,98,0.19618120948510662,142.25375626043405,11.630108700070393
6,0.7,98,0.19618120948510662,142.4958263772955,11.615321838375971
6,0.7,98,0.19618120948510662,142.73789649415693,11.600423088474658
6,0.7,98,0.19618120948510662,142.97996661101837,11.585410505118569
6,0.7,98,0.19618120948510662,143.2220367278798,11.570282158493498
6,0.7,98,0.19618120948510662,143.46410684474122,11.555036134436927
6,0.7,98,0.19618120948510662,143.70617696160267,11.53967053465884
6,0.7,98,0.19618120948510662,143.9482470784641,11.52418347696533
6,0.7,98,0.19618120948510662,144.19031719532555,11.5085730954848
6,0.7,98,0.19618120948510662,144.432387312187,11.492837540896877
6,0.7,98,0.19618120948510662,144.6744574290484,11.47697498066379
6,0.7,98,0.19618120948510662,144.91652754590984,11.460983599264273
6,0.7,98,0.19618120948510662,145.15859766277129,11.444861598429817
6,0.7,98,0.19618120948510662,145.40066777963273,11.428607197383283
6,0.7,98,0.19618120948510662,145.64273789649417,11.412218633079727
6,0.7,98,0.19618120948510662,145.88480801335558,11.395694160449423
6,0.7,98,0.19618120948510662,146.12687813021702,11.37903205264295
6,0.7,98,0.19618120948510662,146.36894824707846,11.36223060127832
6,0.7,98,0.19618120948510662,146.6110183639399,11.345288116690002
6,0.7,98,0.19618120948510662,146.85308848080135,11.328202928179838
6,0.7,98,0.19618120948510662,147.09515859766276,11.310973384269689
6,0.7,98,0.19618120948510662,147.3372287145242,11.293597852955756
6,0.7,98,0.19618120948510662,147.57929883138564,11.276074721964573
6,0.7,98,0.19618120948510662,147.82136894824708,11.258402399010393
6,0.7,98,0.19618120948510662,148.06343906510853,11.240579312054109
6,0.7,98,0.19618120948510662,148.30550918196994,11.222603909563452
6,0.7,98,0.19618120948510662,148.54757929883138,11.204474660774412
6,0.7,98,0.19618120948510662,148.78964941569282,11.186190055953888
6,0.7,98,0.19618120948510662,149.03171953255426,11.167748606663332
6,0.7,98,0.19618120948510662,149.2737896494157,11.149148846023385
6,0.7,98,0.19618120948510662,149.51585976627712,11.130389328979376
6,0.7,98,0.19618120948510662,149.75792988313856,11.111468632567624
6,0.7,98,0.19618120948510662,150.0,11.092385356182398
7,0.84,165,0.2574981572107105,5.0,0.0
7,0.84,165,0.2574981572107105,5.242070116861436,0.0
7,0.84,165,0.2574981572107105,5.484140233722871,0.0
7,0.84,165,0.2574981572107105,5.726210350584307,0.0
7,0.84,165,0.2574981572107105,5.968280467445743,0.0
7,0.84,165,0.2574981572107105,6.210350584307179,0.0
7,0.84,165,0.2574981572107105,6.452420701168615,0.0
7,0.84,165,0.2574981572107105,6.69449081803005,0.0
7,0.84,165,0.2574981572107105,6.936560934891486,0.0
7,0.84,165,0.2574981572107105,7.178631051752921,0.0
7,0.84,165,0.2574981572107105,7.420701168614357,0.0
7,0.84,165,0.2574981572107105,7.6627712854757934,0.0
7,0.84,165,0.2574981572107105,7.904841402337229,0.0
7,0.84,165,0.2574981572107105,8.146911519198664,0.0
7,0.84,165,0.2574981572107105,8.3889816360601,0.0
7,0.84,165,0.2574981572107105,8.631051752921536,0.0
7,0.84,165,0.2574981572107105,8.873121869782972,0.0
7,0.84,165,0.2574981572107105,9.115191986644408,0.154231559534021
7,0.84,165,0.2574981572107105,9.357262103505843,0.2848399188715368
7,0.84,165,0.2574981572107105,9.599332220367279,0.42648014559769476
7,0.84,165,0.2574981572107105,9.841402337228715,0.5798119749869435
7,0.84,165,0.2574981572107105,10.083472454090149,0.7466437169687915
7,0.84,165,0.2574981572107105,10.325542570951587,0.9301233009736862
7,0.84,165,0.2574981572107105,10.567612687813021,1.130391580864145
7,0.84,165,0.2574981572107105,10.809682804674457,1.3471178713247904
7,0.84,165,0.2574981572107105,11.051752921535893,1.5800686605565868
7,0.84,165,0.2574981572107105,11.293823038397328,1.8296076840923774
7,0.84,165,0.2574981572107105,11.535893155258766,2.0974790308250193
7,0.84,165,0.2574981572107105,11.7779632721202,2.386814878674966
7,0.84,165,0.2574981572107105,12.020033388981636,2.702400448981234
7,0.84,165,0.2574981572107105,12.262103505843072,3.050014169615307
7,0.84,165,0.2574981572107105,12.504173622704506,3.4337492744691764
7,0.84,165,0.2574981572107105,12.746243739565944,3.857590318223775
7,0.84,165,0.2574981572107105,12.988313856427379,4.325972307539016
7,0.84,165,0.2574981572107105,13.230383973288815,4.8438431550642465
7,0.84,165,0.2574981572107105,13.47245409015025,5.416733973079606
7,0.84,165,0.2574981572107105,13.714524207011687,6.050838703671704
7,0.84,165,0.2574981572107105,13.956594323873121,6.75310472903843
7,0.84,165,0.2574981572107105,14.198664440734557,7.530788467994237
7,0.84,165,0.2574981572107105,14.440734557595993,8.387648219776061
7,0.84,165,0.2574981572107105,14.68280467445743,9.32434560115939
7,0.84,165,0.2574981572107105,14.924874791318866,10.339163555203298
7,0.84,165,0.2574981572107105,15.1669449081803,11.427409958590768
7,0.84,165,0.2574981572107105,15.409015025041736,12.580810640780049
7,0.84,165,0.2574981572107105,15.651085141903172,13.7869436260375
7,0.84,165,0.2574981572107105,15.893155258764608,15.028774490920004
7,0.84,165,0.2574981572107105,16.135225375626042,16.284852643982113
7,0.84,165,0.2574981572107105,16.377295492487477,17.53825169541643
7,0.84,165,0.2574981572107105,16.619365609348915,18.778674572718295
7,0.84,165,0.2574981572107105,16.861435726210352,19.99671735030496
7,0.84,165,0.2574981572107105,17.103505843071787,21.18387052610829
7,0.84,165,0.2574981572107105,17.34557595993322,22.332705229414312
7,0.84,165,0.2574981572107105,17.587646076794655,23.437018333253235
7,0.84,165,0.2574981572107105,17.829716193656093,24.49193514374008
7,0.84,165,0.2574981572107105,18.07178631051753,25.49394139416541
7,0.84,165,0.2574981572107105,18.313856427378965,26.43853074076106
7,0.84,165,0.2574981572107105,18.5559265442404,27.318028087040783
7,0.84,165,0.2574981572107105,18.797996661101834,28.12490987244495
7,0.84,165,0.2574981572107105,19.040066777963272,28.852286888350385
7,0.84,165,0.2574981572107105,19.28213689482471,29.494004102345095
7,0.84,165,0.2574981572107105,19.524207011686144,30.044728263378932
7,0.84,165,0.2574981572107105,19.76627712854758,30.500021548485076
7,0.84,165,0.2574981572107105,20.008347245409013,30.856399926077103
7,0.84,165,0.2574981572107105,20.25041736227045,31.113248283907957
7,0.84,165,0.2574981572107105,20.49248747913189,31.277802221633635
7,0.84,165,0.2574981572107105,20.734557595993323,31.359898943422024
7,0.84,165,0.2574981572107105,20.976627712854757,31.370190713837296
7,0.84,165,0.2574981572107105,21.218697829716195,31.31987661083681
7,0.84,165,0.2574981572107105,21.46076794657763,31.220466933497566
7,0.84,165,0.2574981572107105,21.702838063439064,31.08358547797223
7,0.84,165,0.2574981572107105,21.9449081803005,30.920812768531967
7,0.84,165,0.2574981572107105,22.186978297161936,30.743062322248274
7,0.84,165,0.2574981572107105,22.429048414023374,30.556938554906147
7,0.84,165,0.2574981572107105,22.671118530884808,30.366925298032704
7,0.84,165,0.2574981572107105,22.913188647746242,30.177379345210856
7,0.84,165,0.2574981572107105,23.15525876460768,29.992542008056095
7,0.84,165,0.2574981572107105,23.397328881469114,29.816543579531068
7,0.84,165,0.2574981572107105,23.639398998330552,29.653413517801418
7,0.84,165,0.2574981572107105,23.881469115191987,29.507096093440026
7,0.84,165,0.2574981572107105,24.12353923205342,29.38134814738499
7,0.84,165,0.2574981572107105,24.36560934891486,29.27720001561155
7,0.84,165,0.2574981572107105,24.607679465776293,29.193093077639073
7,0.84,165,0.2574981572107105,24.84974958263773,29.127414056843925
7,0.84,165,0.2574981572107105,25.091819699499165,29.07859457499463
7,0.84,165,0.2574981572107105,25.3338898163606,29.04510236845181
7,0.84,165,0.2574981572107105,25.575959933222038,29.025433346493944
7,0.84,165,0.2574981572107105,25.818030050083472,29.018104449055418
7,0.84,165,0.2574981572107105,26.06010016694491,29.021646397321533
7,0.84,165,0.2574981572107105,26.302170283806344,29.034491336173925
7,0.84,165,0.2574981572107105,26.54424040066778,29.054865105507673
7,0.84,165,0.2574981572107105,26.786310517529216,29.080967856231542
7,0.84,165,0.2574981572107105,27.02838063439065,29.110994340505226
7,0.84,165,0.2574981572107105,27.27045075125209,29.14313105546553
7,0.84,165,0.2574981572107105,27.512520868113523,29.175554498224326
7,0.84,165,0.2574981572107105,27.754590984974957,29.206430545105057
7,0.84,165,0.2574981572107105,27.996661101836395,29.23391496983729
7,0.84,165,0.2574981572107105,28.23873121869783,29.25695612624117
7,0.84,165,0.2574981572107105,28.480801335559267,29.27784022471663
7,0.84,165,0.2574981572107105,28.7228714524207,29.299730253662926
7,0.84,165,0.2574981572107105,28.964941569282136,29.32579684325559
7,0.84,165,0.2574981572107105,29.207011686143574,29.359221157633613
7,0.84,165,0.2574981572107105,29.449081803005008,29.403201224472074
7,0.84,165,0.2574981572107105,29.691151919866446,29.460961730345186
7,0.84,165,0.2574981572107105,29.93322203672788,29.53576733712706
7,0.84,165,0.2574981572107105,30.175292153589314,29.630602147253555
7,0.84,165,0.2574981572107105,30.417362270450752,29.7453048453739
7,0.84,165,0.2574981572107105,30.659432387312187,29.87796165285411
7,0.84,165,0.2574981572107105,30.901502504173624,30.02663559749931
7,0.84,165,0.2574981572107105,31.14357262103506,30.189373461748204
7,0.84,165,0.2574981572107105,31.385642737896493,30.364195441706705
7,0.84,165,0.2574981572107105,31.62771285475793,30.54908611613629
7,0.84,165,0.2574981572107105,31.869782971619365,30.741986746204574
7,0.84,165,0.2574981572107105,32.1118530884808,30.940788943026437
7,0.84,165,0.2574981572107105,32.35392320534224,31.143329753707174
7,0.84,165,0.2574981572107105,32.59599332220367,31.347388227649446
7,0.84,165,0.2574981572107105,32.83806343906511,31.550683533154643
7,0.84,165,0.2574981572107105,33.080133555926544,31.75087469965376
7,0.84,165,0.2574981572107105,33.32220367278798,31.945562063033492
7,0.84,165,0.2574981572107105,33.56427378964942,32.132290490253695
7,0.84,165,0.2574981572107105,33.80634390651085,32.30855445455987
7,0.84,165,0.2574981572107105,34.04841402337229,32.471805023861556
7,0.84,165,0.2574981572107105,34.29048414023372,32.619458812092184
7,0.84,165,0.2574981572107105,34.53255425709516,32.74890892644698
7,0.84,165,0.2574981572107105,34.7746243739566,32.857537922231785
7,0.84,165,0.2574981572107105,35.016694490818026,32.94273293883397
7,0.84,165,0.2574981572107105,35.25876460767947,33.00259997252767
7,0.84,165,0.2574981572107105,35.5008347245409,33.03756110344535
7,0.84,165,0.2574981572107105,35.742904841402336,33.048559323043186
7,0.84,165,0.2574981572107105,35.98497495826378,33.036591944745766
7,0.84,165,0.2574981572107105,36.227045075125204,33.00270346428201
7,0.84,165,0.2574981572107105,36.469115191986646,32.947978574480395
7,0.84,165,0.2574981572107105,36.71118530884808,32.87353538258885
7,0.84,165,0.2574981572107105,36.953255425709514,32.78051887276685
7,0.84,165,0.2574981572107105,37.19532554257095,32.67009465096325
7,0.84,165,0.2574981572107105,37.43739565943239,32.54344300401541
7,0.84,165,0.2574981572107105,37.679465776293824,32.4017532995532
7,0.84,165,0.2574981572107105,37.92153589315526,32.24621874821934
7,0.84,165,0.2574981572107105,38.16360601001669,32.0780315448794
7,0.84,165,0.2574981572107105,38.40567612687813,31.898378400929044
7,0.84,165,0.2574981572107105,38.64774624373957,31.708436475549025
7,0.84,165,0.2574981572107105,38.889816360601,31.50936970983418
7,0.84,165,0.2574981572107105,39.13188647746244,31.30232556415162
7,0.84,165,0.2574981572107105,39.37395659432387,31.088432155877687
7,0.84,165,0.2574981572107105,39.616026711185306,30.86879579182773
7,0.84,165,0.2574981572107105,39.85809682804675,30.644498887231286
7,0.84,165,0.2574981572107105,40.10016694490818,30.416597152628096
7,0.84,165,0.2574981572107105,40.342237061769616,30.186079922730872
7,0.84,165,0.2574981572107105,40.58430717863105,29.953860783919293
7,0.84,165,0.2574981572107105,40.826377295492485,29.720824447632594
7,0.84,165,0.2574981572107105,41.068447412353926,29.487829576387917
7,0.84,165,0.2574981572107105,41.31051752921536,29.25570868730092
7,0.84,165,0.2574981572107105,41.552587646076795,29.02526829527205
7,0.84,165,0.2574981572107105,41.79465776293823,28.797289283095747
7,0.84,165,0.2574981572107105,42.03672787979966,28.572527485960023
7,0.84,165,0.2574981572107105,42.278797996661105,28.35171447818144
7,0.84,165,0.2574981572107105,42.52086811352254,28.13555855055507
7,0.84,165,0.2574981572107105,42.76293823038397,27.9247458673729
7,0.84,165,0.2574981572107105,43.00500834724541,27.719941792970378
7,0.84,165,0.2574981572107105,43.24707846410684,27.521792378585047
7,0.84,165,0.2574981572107105,43.48914858096828,27.33092600134498
7,0.84,165,0.2574981572107105,43.73121869782972,27.14795514834081
7,0.84,165,0.2574981572107105,43.97328881469115,26.97347833996441
7,0.84,165,0.2574981572107105,44.215358931552586,26.808082188018712
7,0.84,165,0.2574981572107105,44.45742904841402,26.65234358550843
7,0.84,165,0.2574981572107105,44.69949916527546,26.506832026514527
7,0.84,165,0.2574981572107105,44.941569282136896,26.372112056133503
7,0.84,165,0.2574981572107105,45.18363939899833,26.24862837617356
7,0.84,165,0.2574981572107105,45.425709515859765,26.13583869717565
7,0.84,165,0.2574981572107105,45.6677796327212,26.032725199807537
7,0.84,165,0.2574981572107105,45.90984974958264,25.938291621007316
7,0.84,165,0.2574981572107105,46.151919866444075,25.85156374744897
7,0.84,165,0.2574981572107105,46.39398998330551,25.7715864900177
7,0.84,165,0.2574981572107105,46.636060100166944,25.697421324175796
7,0.84,165,0.2574981572107105,46.87813021702838,25.62814408184285
7,0.84,165,0.2574981572107105,47.12020033388982,25.562843082776162
7,0.84,165,0.2574981572107105,47.362270450751254,25.500617595441962
7,0.84,165,0.2574981572107105,47.60434056761269,25.44057661903061
7,0.84,165,0.2574981572107105,47.84641068447412,25.381837979607077
7,0.84,165,0.2574981572107105,48.08848080133556,25.32352773441045
7,0.84,165,0.2574981572107105,48.330550918197,25.264779879036734
7,0.84,165,0.2574981572107105,48.57262103505843,25.20473635266121
7,0.84,165,0.2574981572107105,48.81469115191987,25.142547336591957
7,0.84,165,0.2574981572107105,49.0567612687813,25.077371841296827
7,0.84,165,0.2574981572107105,49.298831385642735,25.008378576622448
7,0.84,165,0.2574981572107105,49.54090150250418,24.934747099230194
7,0.84,165,0.2574981572107105,49.78297161936561,24.85566923031969
7,0.84,165,0.2574981572107105,50.025041736227045,24.77035099239873
7,0.84,165,0.2574981572107105,50.26711185308848,24.67832387048969
7,0.84,165,0.2574981572107105,50.509181969949914,24.580039429786442
7,0.84,165,0.2574981572107105,50.751252086811355,24.476113347228644
7,0.84,165,0.2574981572107105,50.99332220367279,24.367156210162594
7,0.84,165,0.2574981572107105,51.235392320534224,24.253772265037735
7,0.84,165,0.2574981572107105,51.47746243739566,24.1365583118305
7,0.84,165,0.2574981572107105,51.71953255425709,24.01610274266217
7,0.84,165,0.2574981572107105,51.961602671118534,23.892984722407103
7,0.84,165,0.2574981572107105,52.20367278797997,23.76777350851112
7,0.84,165,0.2574981572107105,52.4457429048414,23.641027906757504
7,0.84,165,0.2574981572107105,52.68781302170284,23.513295859324582
7,0.84,165,0.2574981572107105,52.92988313856427,23.38511416117435
7,0.84,165,0.2574981572107105,53.17195325542571,23.257008300591707
7,0.84,165,0.2574981572107105,53.41402337228715,23.129492419554545
7,0.84,165,0.2574981572107105,53.65609348914858,23.00306938955396
7,0.84,165,0.2574981572107105,53.898163606010016,22.878230998496193
7,0.84,165,0.2574981572107105,54.14023372287145,22.755458244399478
7,0.84,165,0.2574981572107105,54.38230383973289,22.635221731747933
7,0.84,165,0.2574981572107105,54.624373956594326,22.517982166574477
7,0.84,165,0.2574981572107105,54.86644407345576,22.4041909466143
7,0.84,165,0.2574981572107105,55.108514190317194,22.294283827318495
7,0.84,165,0.2574981572107105,55.35058430717863,22.18848130163993
7,0.84,165,0.2574981572107105,55.59265442404007,22.08676431017861
7,0.84,165,0.2574981572107105,55.834724540901504,21.989102433971198
7,0.84,165,0.2574981572107105,56.07679465776294,21.895467036601598
7,0.84,165,0.2574981572107105,56.31886477462437,21.8058312627453
7,0.84,165,0.2574981572107105,56.56093489148581,21.720170037781546
7,0.84,165,0.2574981572107105,56.80300500834725,21.6384600684991
7,0.84,165,0.2574981572107105,57.04507512520868,21.560679844922404
7,0.84,165,0.2574981572107105,57.28714524207012,21.486809643285603
7,0.84,165,0.2574981572107105,57.52921535893155,21.416831530183067
7,0.84,165,0.2574981572107105,57.771285475792986,21.35072936792613
7,0.84,165,0.2574981572107105,58.01335559265443,21.288488821136813
7,0.84,165,0.2574981572107105,58.25542570951586,21.230097364610536
7,0.84,165,0.2574981572107105,58.497495826377296,21.175544292481277
7,0.84,165,0.2574981572107105,58.73956594323873,21.124820728724004
7,0.84,165,0.2574981572107105,58.981636060100165,21.077919639030316
7,0.84,165,0.2574981572107105,59.223706176961606,21.034835844095564
7,0.84,165,0.2574981572107105,59.46577629382304,20.995566034356642
7,0.84,165,0.2574981572107105,59.707846410684475,20.96010878622171
7,0.84,165,0.2574981572107105,59.94991652754591,20.928464579835243
7,0.84,165,0.2574981572107105,60.19198664440734,20.90058797594021
7,0.84,165,0.2574981572107105,60.434056761268785,20.876074599147692
7,0.84,165,0.2574981572107105,60.67612687813022,20.85435880029441
7,0.84,165,0.2574981572107105,60.91819699499165,20.8348776487036
7,0.84,165,0.2574981572107105,61.16026711185309,20.817071109155666
7,0.84,165,0.2574981572107105,61.40233722871452,20.800381519887395
7,0.84,165,0.2574981572107105,61.644407345575964,20.78425322061463
7,0.84,165,0.2574981572107105,61.8864774624374,20.768132329431843
7,0.84,165,0.2574981572107105,62.12854757929883,20.75146666766289
7,0.84,165,0.2574981572107105,62.37061769616027,20.73370583184877
7,0.84,165,0.2574981572107105,62.6126878130217,20.714301412058486
7,0.84,165,0.2574981572107105,62.85475792988314,20.692707355601094
7,0.84,165,0.2574981572107105,63.09682804674458,20.668380475000344
7,0.84,165,0.2574981572107105,63.33889816360601,20.64078109876939
7,0.84,165,0.2574981572107105,63.580968280467445,20.609373863094625
7,0.84,165,0.2574981572107105,63.82303839732888,20.57362864200454
7,0.84,165,0.2574981572107105,64.06510851419031,20.533021612967353
7,0.84,165,0.2574981572107105,64.30717863105176,20.487036454130926
7,0.84,165,0.2574981572107105,64.5492487479132,20.435165668596852
7,0.84,165,0.2574981572107105,64.79131886477462,20.376912030212274
7,0.84,165,0.2574981572107105,65.03338898163605,20.311790583582734
7,0.84,165,0.2574981572107105,65.27545909849749,20.239573859837602
7,0.84,165,0.2574981572107105,65.51752921535893,20.1606926397417
7,0.84,165,0.2574981572107105,65.75959933222038,20.075684949575074
7,0.84,165,0.2574981572107105,66.0016694490818,19.985086905043513
7,0.84,165,0.2574981572107105,66.24373956594323,19.88943125876729
7,0.84,165,0.2574981572107105,66.48580968280467,19.789246080681792
7,0.84,165,0.2574981572107105,66.72787979966611,19.68505357163773
7,0.84,165,0.2574981572107105,66.96994991652755,19.5773690096328
7,0.84,165,0.2574981572107105,67.21202003338898,19.466699827342094
7,0.84,165,0.2574981572107105,67.45409015025041,19.353544818939678
7,0.84,165,0.2574981572107105,67.69616026711185,19.2383934736187
7,0.84,165,0.2574981572107105,67.93823038397329,19.121725432721473
7,0.84,165,0.2574981572107105,68.18030050083473,19.004010066981543
7,0.84,165,0.2574981572107105,68.42237061769616,18.88570617005407
7,0.84,165,0.2574981572107105,68.66444073455759,18.76726176426697
7,0.84,165,0.2574981572107105,68.90651085141903,18.649114014357636
7,0.84,165,0.2574981572107105,69.14858096828047,18.531689244868126
7,0.84,165,0.2574981572107105,69.3906510851419,18.415403056847172
7,0.84,165,0.2574981572107105,69.63272120200334,18.300660539551583
7,0.84,165,0.2574981572107105,69.87479131886478,18.187856572943367
7,0.84,165,0.2574981572107105,70.11686143572621,18.077370011204604
7,0.84,165,0.2574981572107105,70.35893155258765,17.96941644618938
7,0.84,165,0.2574981572107105,70.60100166944908,17.86404620549483
7,0.84,165,0.2574981572107105,70.84307178631052,17.76130107823524
7,0.84,165,0.2574981572107105,71.08514190317196,17.661222088429756
7,0.84,165,0.2574981572107105,71.32721202003339,17.56384958980281
7,0.84,165,0.2574981572107105,71.56928213689483,17.469223361446673
7,0.84,165,0.2574981572107105,71.81135225375625,17.37738270436795
7,0.84,165,0.2574981572107105,72.0534223706177,17.28836653894989
7,0.84,165,0.2574981572107105,72.29549248747914,17.202213503371937
7,0.84,165,0.2574981572107105,72.53756260434056,17.118962053037645
7,0.84,165,0.2574981572107105,72.779632721202,17.038650561072533
7,0.84,165,0.2574981572107105,73.02170283806343,16.961317419963073
7,0.84,165,0.2574981572107105,73.26377295492487,16.887001144418715
7,0.84,165,0.2574981572107105,73.50584307178632,16.815740475549045
7,0.84,165,0.2574981572107105,73.74791318864774,16.747574486459065
7,0.84,165,0.2574981572107105,73.98998330550918,16.68254268937647
7,0.84,165,0.2574981572107105,74.23205342237061,16.62068514443601
7,0.84,165,0.2574981572107105,74.47412353923205,16.562042570257606
7,0.84,165,0.2574981572107105,74.7161936560935,16.506656456466825
7,0.84,165,0.2574981572107105,74.95826377295492,16.45456917831844
7,0.84,165,0.2574981572107105,75.20033388981636,16.405787704614788
7,0.84,165,0.2574981572107105,75.44240400667779,16.36007474526346
7,0.84,165,0.2574981572107105,75.68447412353923,16.31709548903187
7,0.84,165,0.2574981572107105,75.92654424040067,16.27651953428124
7,0.84,165,0.2574981572107105,76.1686143572621,16.23802071577728
7,0.84,165,0.2574981572107105,76.41068447412354,16.20127666792764
7,0.84,165,0.2574981572107105,76.65275459098497,16.165968452988608
7,0.84,165,0.2574981572107105,76.89482470784641,16.131780252806877
7,0.84,165,0.2574981572107105,77.13689482470785,16.098399122846217
7,0.84,165,0.2574981572107105,77.37896494156928,16.065514807399214
7,0.84,165,0.2574981572107105,77.62103505843072,16.03281961499967
7,0.84,165,0.2574981572107105,77.86310517529215,16.000008353134614
7,0.84,165,0.2574981572107105,78.10517529215359,15.966778321405224
7,0.84,165,0.2574981572107105,78.34724540901503,15.932829362305487
7,0.84,165,0.2574981572107105,78.58931552587646,15.897863968775443
7,0.84,165,0.2574981572107105,78.8313856427379,15.861587447644148
7,0.84,165,0.2574981572107105,79.07345575959933,15.823708138005708
7,0.84,165,0.2574981572107105,79.31552587646077,15.783937683471294
7,0.84,165,0.2574981572107105,79.55759599332221,15.74199135711215
7,0.84,165,0.2574981572107105,79.79966611018364,15.697588437751863
7,0.84,165,0.2574981572107105,80.04173622704508,15.650453052467306
7,0.84,165,0.2574981572107105,80.2838063439065,15.6004430736373
7,0.84,165,0.2574981572107105,80.52587646076795,15.547729709847072
7,0.84,165,0.2574981572107105,80.76794657762939,15.49252926483604
7,0.84,165,0.2574981572107105,81.01001669449082,15.435056612062
7,0.84,165,0.2574981572107105,81.25208681135226,15.375524884817157
7,0.84,165,0.2574981572107105,81.49415692821368,15.314145194742496
7,0.84,165,0.2574981572107105,81.73622704507513,15.251126378552115
7,0.84,165,0.2574981572107105,81.97829716193657,15.186674772684038
7,0.84,165,0.2574981572107105,82.220367278798,15.120994015506763
7,0.84,165,0.2574981572107105,82.46243739565944,15.05428487663596
7,0.84,165,0.2574981572107105,82.70450751252086,14.986745112848917
7,0.84,165,0.2574981572107105,82.9465776293823,14.918569350028536
7,0.84,165,0.2574981572107105,83.18864774624375,14.849948990522087
7,0.84,165,0.2574981572107105,83.43071786310517,14.781072145262488
7,0.84,165,0.2574981572107105,83.67278797996661,14.712123589971652
7,0.84,165,0.2574981572107105,83.91485809682804,14.643284744745914
7,0.84,165,0.2574981572107105,84.15692821368948,14.57473367631231
7,0.84,165,0.2574981572107105,84.39899833055092,14.50664512224126
7,0.84,165,0.2574981572107105,84.64106844741235,14.439190536405741
7,0.84,165,0.2574981572107105,84.88313856427379,14.372538154988884
7,0.84,165,0.2574981572107105,85.12520868113522,14.306850820265169
7,0.84,165,0.2574981572107105,85.36727879799666,14.242240559278724
7,0.84,165,0.2574981572107105,85.6093489148581,14.178771864040295
7,0.84,165,0.2574981572107105,85.85141903171953,14.116506290678148
7,0.84,165,0.2574981572107105,86.09348914858097,14.05550436430087
7,0.84,165,0.2574981572107105,86.3355592654424,13.995825638858056
7,0.84,165,0.2574981572107105,86.57762938230384,13.937528759544191
7,0.84,165,0.2574981572107105,86.81969949916528,13.880671527688166
7,0.84,165,0.2574981572107105,87.06176961602671,13.825310968078925
7,0.84,165,0.2574981572107105,87.30383973288815,13.771503398687004
7,0.84,165,0.2574981572107105,87.54590984974958,13.719304502750676
7,0.84,165,0.2574981572107105,87.78797996661102,13.668769403205058
7,0.84,165,0.2574981572107105,88.03005008347246,13.619952739441977
7,0.84,165,0.2574981572107105,88.27212020033389,13.572908746398893
7,0.84,165,0.2574981572107105,88.51419031719533,13.527691335985049
7,0.84,165,0.2574981572107105,88.75626043405676,13.484354180864088
7,0.84,165,0.2574981572107105,88.9983305509182,13.44295080062301
7,0.84,165,0.2574981572107105,89.24040066777964,13.403534650368988
7,0.84,165,0.2574981572107105,89.48247078464107,13.366159211806938
7,0.84,165,0.2574981572107105,89.72454090150251,13.33087808686296
7,0.84,165,0.2574981572107105,89.96661101836393,13.297745093931344
7,0.84,165,0.2574981572107105,90.20868113522538,13.266795772104826
7,0.84,165,0.2574981572107105,90.45075125208682,13.23795347076918
7,0.84,165,0.2574981572107105,90.69282136894824,13.211100813510134
7,0.84,165,0.2574981572107105,90.93489148580969,13.186122119143686
7,0.84,165,0.2574981572107105,91.17696160267111,13.162903317711658
7,0.84,165,0.2574981572107105,91.41903171953255,13.141331800595278
7,0.84,165,0.2574981572107105,91.661101836394,13.121296280767494
7,0.84,165,0.2574981572107105,91.90317195325542,13.102686662896318
7,0.84,165,0.2574981572107105,92.14524207011686,13.085393923042986
7,0.84,165,0.2574981572107105,92.38731218697829,13.069309997727276
7,0.84,165,0.2574981572107105,92.62938230383973,13.054327682158904
7,0.84,165,0.2574981572107105,92.87145242070117,13.040340537457945
7,0.84,165,0.2574981572107105,93.1135225375626,13.027242806709266
7,0.84,165,0.2574981572107105,93.35559265442404,13.014929339715907
7,0.84,165,0.2574981572107105,93.59766277128547,13.003295526334192
7,0.84,165,0.2574981572107105,93.83973288814691,12.99223723828908
7,0.84,165,0.2574981572107105,94.08180300500835,12.981650779382488
7,0.84,165,0.2574981572107105,94.32387312186978,12.971432844019027
7,0.84,165,0.2574981572107105,94.56594323873122,12.961480483983905
7,0.84,165,0.2574981572107105,94.80801335559265,12.951691083415984
7,0.84,165,0.2574981572107105,95.05008347245409,12.941962500291893
7,0.84,165,0.2574981572107105,95.29215358931553,12.932223677132873
7,0.84,165,0.2574981572107105,95.53422370617696,12.922471074708755
7,0.84,165,0.2574981572107105,95.7762938230384,12.912710062631113
7,0.84,165,0.2574981572107105,96.01836393989983,12.902945992060797
7,0.84,165,0.2574981572107105,96.26043405676127,12.89318419571932
7,0.84,165,0.2574981572107105,96.50250417362271,12.88342998792178
7,0.84,165,0.2574981572107105,96.74457429048414,12.87368866463134
7,0.84,165,0.2574981572107105,96.98664440734558,12.863965503534997
7,0.84,165,0.2574981572107105,97.228714524207,12.854265764140585
7,0.84,165,0.2574981572107105,97.47078464106845,12.844594687894839
7,0.84,165,0.2574981572107105,97.71285475792989,12.834957498322368
7,0.84,165,0.2574981572107105,97.95492487479132,12.825359401185445
7,0.84,165,0.2574981572107105,98.19699499165276,12.815805584664457
7,0.84,165,0.2574981572107105,98.43906510851419,12.806301219558847
7,0.84,165,0.2574981572107105,98.68113522537563,12.796851459508485
7,0.84,165,0.2574981572107105,98.92320534223707,12.78746144123529
7,0.84,165,0.2574981572107105,99.1652754590985,12.778136284805035
7,0.84,165,0.2574981572107105,99.40734557595994,12.768881093909139
7,0.84,165,0.2574981572107105,99.64941569282136,12.759700956166366
7,0.84,165,0.2574981572107105,99.8914858096828,12.750600943444361
7,0.84,165,0.2574981572107105,100.13355592654425,12.741585614150429
7,0.84,165,0.2574981572107105,100.37562604340567,12.732650431326102
7,0.84,165,0.2574981572107105,100.61769616026712,12.723782940922094
7,0.84,165,0.2574981572107105,100.85976627712854,12.71497045592308
7,0.84,165,0.2574981572107105,101.10183639398998,12.706200323097153
7,0.84,165,0.2574981572107105,101.34390651085143,12.697459922539275
7,0.84,165,0.2574981572107105,101.58597662771285,12.688736667339825
7,0.84,165,0.2574981572107105,101.8280467445743,12.680018003377858
7,0.84,165,0.2574981572107105,102.07011686143572,12.671291409238357
7,0.84,165,0.2574981572107105,102.31218697829716,12.6625443962531
7,0.84,165,0.2574981572107105,102.5542570951586,12.653764508664581
7,0.84,165,0.2574981572107105,102.79632721202003,12.644939323912332
7,0.84,165,0.2574981572107105,103.03839732888147,12.636056453041295
7,0.84,165,0.2574981572107105,103.2804674457429,12.627103541231504
7,0.84,165,0.2574981572107105,103.52253756260434,12.618068268448706
7,0.84,165,0.2574981572107105,103.76460767946578,12.608938350215134
7,0.84,165,0.2574981572107105,104.00667779632721,12.599701538499975
7,0.84,165,0.2574981572107105,104.24874791318865,12.590345622728877
7,0.84,165,0.2574981572107105,104.49081803005008,12.580858430911789
7,0.84,165,0.2574981572107105,104.73288814691152,12.57122783088852
7,0.84,165,0.2574981572107105,104.97495826377296,12.56144173169123
7,0.84,165,0.2574981572107105,105.21702838063439,12.551488085023232
7,0.84,165,0.2574981572107105,105.45909849749583,12.541354886853094
7,0.84,165,0.2574981572107105,105.70116861435726,12.531030179123462
7,0.84,165,0.2574981572107105,105.9432387312187,12.52050205157348
7,0.84,165,0.2574981572107105,106.18530884808014,12.509758643674122
7,0.84,165,0.2574981572107105,106.42737896494157,12.498788146675219
7,0.84,165,0.2574981572107105,106.66944908180301,12.487578805763329
7,0.84,165,0.2574981572107105,106.91151919866444,12.47611892232929
7,0.84,165,0.2574981572107105,107.15358931552588,12.46439685634423
7,0.84,165,0.2574981572107105,107.39565943238732,12.452401028843015
7,0.84,165,0.2574981572107105,107.63772954924875,12.44011992451361
7,0.84,165,0.2574981572107105,107.87979966611019,12.427542094391189
7,0.84,165,0.2574981572107105,108.12186978297161,12.414656158655536
7,0.84,165,0.2574981572107105,108.36393989983306,12.401450809530154
7,0.84,165,0.2574981572107105,108.6060100166945,12.387914814281606
7,0.84,165,0.2574981572107105,108.84808013355592,12.374037018317429
7,0.84,165,0.2574981572107105,109.09015025041737,12.359806348380848
7,0.84,165,0.2574981572107105,109.3322203672788,12.345211815840516
7,0.84,165,0.2574981572107105,109.57429048414023,12.33024252007334
7,0.84,165,0.2574981572107105,109.81636060100168,12.3148876519385
7,0.84,165,0.2574981572107105,110.0584307178631,12.299136567657607
7,0.84,165,0.2574981572107105,110.30050083472455,12.282987993087858
7,0.84,165,0.2574981572107105,110.54257095158597,12.26645911971054
7,0.84,165,0.2574981572107105,110.78464106844741,12.249569264224748
7,0.84,165,0.2574981572107105,111.02671118530886,12.232337677257727
7,0.84,165,0.2574981572107105,111.26878130217028,12.214783538074009
7,0.84,165,0.2574981572107105,111.51085141903172,12.19692594958027
7,0.84,165,0.2574981572107105,111.75292153589315,12.178783933625043
7,0.84,165,0.2574981572107105,111.99499165275459,12.160376426591625
7,0.84,165,0.2574981572107105,112.23706176961603,12.141722275282868
7,0.84,165,0.2574981572107105,112.47913188647746,12.122840233095816
7,0.84,165,0.2574981572107105,112.7212020033389,12.10374895648452
7,0.84,165,0.2574981572107105,112.96327212020033,12.084467001708793
7,0.84,165,0.2574981572107105,113.20534223706177,12.06501282186679
7,0.84,165,0.2574981572107105,113.44741235392321,12.04540476420896
7,0.84,165,0.2574981572107105,113.68948247078464,12.025661067731079
7,0.84,165,0.2574981572107105,113.93155258764608,12.005799861043563
7,0.84,165,0.2574981572107105,114.17362270450751,11.985839160514654
7,0.84,165,0.2574981572107105,114.41569282136895,11.965796868684555
7,0.84,165,0.2574981572107105,114.65776293823039,11.945690772947724
7,0.84,165,0.2574981572107105,114.89983305509182,11.925538544500602
7,0.84,165,0.2574981572107105,115.14190317195326,11.90535773755163
7,0.84,165,0.2574981572107105,115.38397328881469,11.885165788790772
7,0.84,165,0.2574981572107105,115.62604340567613,11.864980017115512
7,0.84,165,0.2574981572107105,115.86811352253757,11.844817623610247
7,0.84,165,0.2574981572107105,116.110183639399,11.824695691776236
7,0.84,165,0.2574981572107105,116.35225375626044,11.804631188008916
7,0.84,165,0.2574981572107105,116.59432387312187,11.784640962319749
7,0.84,165,0.2574981572107105,116.8363939899833,11.764741749299528
7,0.84,165,0.2574981572107105,117.07846410684475,11.74495016932036
7,0.84,165,0.2574981572107105,117.32053422370618,11.725282729973237
7,0.84,165,0.2574981572107105,117.56260434056762,11.70575582773856
7,0.84,165,0.2574981572107105,117.80467445742904,11.68638574988679
7,0.84,165,0.2574981572107105,118.04674457429049,11.66718867660641
7,0.84,165,0.2574981572107105,118.28881469115193,11.648180683356815
7,0.84,165,0.2574981572107105,118.53088480801335,11.629377743443435
7,0.84,165,0.2574981572107105,118.7729549248748,11.610795730812654
7,0.84,165,0.2574981572107105,119.01502504173622,11.59245042306439
7,0.84,165,0.2574981572107105,119.25709515859766,11.574357504679874
7,0.84,165,0.2574981572107105,119.4991652754591,11.55653257046279
7,0.84,165,0.2574981572107105,119.74123539232053,11.53899112919167
7,0.84,165,0.2574981572107105,119.98330550918197,11.52174860748178
7,0.84,165,0.2574981572107105,120.2253756260434,11.504817635171209
7,0.84,165,0.2574981572107105,120.46744574290484,11.48819742134856
7,0.84,165,0.2574981572107105,120.70951585976628,11.471883097798097
7,0.84,165,0.2574981572107105,120.95158597662771,11.455869839410019
7,0.84,165,0.2574981572107105,121.19365609348915,11.440152864194136
7,0.84,165,0.2574981572107105,121.43572621035058,11.424727432208407
7,0.84,165,0.2574981572107105,121.67779632721202,11.40958884450861
7,0.84,165,0.2574981572107105,121.91986644407346,11.394732442118752
7,0.84,165,0.2574981572107105,122.16193656093489,11.380153605021878
7,0.84,165,0.2574981572107105,122.40400667779633,11.365847751170984
7,0.84,165,0.2574981572107105,122.64607679465776,11.351810335519572
7,0.84,165,0.2574981572107105,122.8881469115192,11.338036849071713
7,0.84,165,0.2574981572107105,123.13021702838064,11.324522817951092
7,0.84,165,0.2574981572107105,123.37228714524207,11.311263802488913
7,0.84,165,0.2574981572107105,123.61435726210351,11.298255396330257
7,0.84,165,0.2574981572107105,123.85642737896494,11.285493225558675
7,0.84,165,0.2574981572107105,124.09849749582638,11.272972947838655
7,0.84,165,0.2574981572107105,124.34056761268782,11.260690251575802
7,0.84,165,0.2574981572107105,124.58263772954925,11.248640855094372
7,0.84,165,0.2574981572107105,124.82470784641069,11.236820505831954
7,0.84,165,0.2574981572107105,125.06677796327212,11.225224979551086
7,0.84,165,0.2574981572107105,125.30884808013356,11.21385007956746
7,0.84,165,0.2574981572107105,125.550918196995,11.202691635994633
7,0.84,165,0.2574981572107105,125.79298831385643,11.191745505004896
7,0.84,165,0.2574981572107105,126.03505843071787,11.181007568106143
7,0.84,165,0.2574981572107105,126.2771285475793,11.170473731434532
7,0.84,165,0.2574981572107105,126.51919866444074,11.160139925062717
7,0.84,165,0.2574981572107105,126.76126878130218,11.150002102323471
7,0.84,165,0.2574981572107105,127.0033388981636,11.14005623914851
7,0.84,165,0.2574981572107105,127.24540901502505,11.130298333422312
7,0.84,165,0.2574981572107105,127.48747913188647,11.120724404350788
7,0.84,165,0.2574981572107105,127.72954924874792,11.111330491844647
7,0.84,165,0.2574981572107105,127.97161936560936,11.102112655917173
7,0.84,165,0.2574981572107105,128.21368948247078,11.093066976096473
7,0.84,165,0.2574981572107105,128.45575959933223,11.084189550851784
7,0.84,165,0.2574981572107105,128.69782971619367,11.075476497033941
7,0.84,165,0.2574981572107105,128.9398998330551,11.066923949329638
7,0.84,165,0.2574981572107105,129.18196994991655,11.058528059729541
7,0.84,165,0.2574981572107105,129.42404006677796,11.050284997009923
7,0.84,165,0.2574981572107105,129.6661101836394,11.04219094622793
7,0.84,165,0.2574981572107105,129.90818030050082,11.034242108230092
7,0.84,165,0.2574981572107105,130.15025041736226,11.02643469917419
7,0.84,165,0.2574981572107105,130.3923205342237,11.018764950064185
7,0.84,165,0.2574981572107105,130.63439065108514,11.011229106298245
7,0.84,165,0.2574981572107105,130.87646076794658,11.003823427229666
7,0.84,165,0.2574981572107105,131.11853088480802,10.996544185740586
7,0.84,165,0.2574981572107105,131.36060100166947,10.989387667828497
7,0.84,165,0.2574981572107105,131.6026711185309,10.982350172205312
7,0.84,165,0.2574981572107105,131.84474123539232,10.975428009909018
7,0.84,165,0.2574981572107105,132.08681135225376,10.968617503927755
7,0.84,165,0.2574981572107105,132.32888146911517,10.961914988836284
7,0.84,165,0.2574981572107105,132.57095158597662,10.955316810444717
7,0.84,165,0.2574981572107105,132.81302170283806,10.948819325459477
7,0.84,165,0.2574981572107105,133.0550918196995,10.942418901156373
7,0.84,165,0.2574981572107105,133.29716193656094,10.936111915065766
7,0.84,165,0.2574981572107105,133.53923205342238,10.929894754669695
7,0.84,165,0.2574981572107105,133.7813021702838,10.923763817110965
7,0.84,165,0.2574981572107105,134.02337228714524,10.917715508914064
7,0.84,165,0.2574981572107105,134.26544240400668,10.911746245717943
7,0.84,165,0.2574981572107105,134.50751252086812,10.905852452020442
7,0.84,165,0.2574981572107105,134.74958263772956,10.900030560934544
7,0.84,165,0.2574981572107105,134.99165275459097,10.894277013956131
7,0.84,165,0.2574981572107105,135.23372287145241,10.888586643140954
7,0.84,165,0.2574981572107105,135.47579298831386,10.882947119437228
7,0.84,165,0.2574981572107105,135.7178631051753,10.877344152317544
7,0.84,165,0.2574981572107105,135.95993322203674,10.871763480513694
7,0.84,165,0.2574981572107105,136.20200333889815,10.8661908717097
7,0.84,165,0.2574981572107105,136.4440734557596,10.860612122347618
7,0.84,165,0.2574981572107105,136.68614357262103,10.85501305761932
7,0.84,165,0.2574981572107105,136.92821368948248,10.849379531643445
7,0.84,165,0.2574981572107105,137.17028380634392,10.84369742782699
7,0.84,165,0.2574981572107105,137.41235392320533,10.837952659410808
7,0.84,165,0.2574981572107105,137.65442404006677,10.832131170198386
7,0.84,165,0.2574981572107105,137.8964941569282,10.826218935467157
7,0.84,165,0.2574981572107105,138.13856427378965,10.820201963061646
7,0.84,165,0.2574981572107105,138.3806343906511,10.814066294667654
7,0.84,165,0.2574981572107105,138.6227045075125,10.80779800726673
7,0.84,165,0.2574981572107105,138.86477462437395,10.80138321476995
7,0.84,165,0.2574981572107105,139.1068447412354,10.794808069830225
7,0.84,165,0.2574981572107105,139.34891485809683,10.788058765832087
7,0.84,165,0.2574981572107105,139.59098497495827,10.78112153905785
7,0.84,165,0.2574981572107105,139.8330550918197,10.773982671029158
7,0.84,165,0.2574981572107105,140.07512520868113,10.766628491022614
7,0.84,165,0.2574981572107105,140.31719532554257,10.75904537875817
7,0.84,165,0.2574981572107105,140.559265442404,10.751219767259027
7,0.84,165,0.2574981572107105,140.80133555926545,10.74313814588139
7,0.84,165,0.2574981572107105,141.04340567612687,10.734787063512625
7,0.84,165,0.2574981572107105,141.2854757929883,10.726153131936005
7,0.84,165,0.2574981572107105,141.52754590984975,10.717223029360317
7,0.84,165,0.2574981572107105,141.7696160267112,10.707983504112303
7,0.84,165,0.2574981572107105,142.01168614357263,10.698421378489908
7,0.84,165,0.2574981572107105,142.25375626043405,10.688523552774118
7,0.84,165,0.2574981572107105,142.4958263772955,10.678277009397029
7,0.84,165,0.2574981572107105,142.73789649415693,10.66766881726368
7,0.84,165,0.2574981572107105,142.97996661101837,10.656686136225
7,0.84,165,0.2574981572107105,143.2220367278798,10.645316221699026
7,0.84,165,0.2574981572107105,143.46410684474122,10.633546429437555
7,0.84,165,0.2574981572107105,143.70617696160267,10.621364220434948
7,0.84,165,0.2574981572107105,143.9482470784641,10.608757165976028
7,0.84,165,0.2574981572107105,144.19031719532555,10.595712952819365
7,0.84,165,0.2574981572107105,144.432387312187,10.582219388512515
7,0.84,165,0.2574981572107105,144.6744574290484,10.568264406835322
7,0.84,165,0.2574981572107105,144.91652754590984,10.55383607336732
7,0.84,165,0.2574981572107105,145.15859766277129,10.538922591175025
7,0.84,165,0.2574981572107105,145.40066777963273,10.523512306614812
7,0.84,165,0.2574981572107105,145.64273789649417,10.50759371524682
7,0.84,165,0.2574981572107105,145.88480801335558,10.491155467855076
7,0.84,165,0.2574981572107105,146.12687813021702,10.474186376568975
7,0.84,165,0.2574981572107105,146.36894824707846,10.45667542108102
7,0.84,165,0.2574981572107105,146.6110183639399,10.438611754955346
7,0.84,165,0.2574981572107105,146.85308848080135,10.419984712021657
7,0.84,165,0.2574981572107105,147.09515859766276,10.400783812848816
7,0.84,165,0.2574981572107105,147.3372287145242,10.380998771292065
7,0.84,165,0.2574981572107105,147.57929883138564,10.36061950110794
7,0.84,165,0.2574981572107105,147.82136894824708,10.339636122630392
7,0.84,165,0.2574981572107105,148.06343906510853,10.318038969501705
7,0.84,165,0.2574981572107105,148.30550918196994,10.295818595451495
7,0.84,165,0.2574981572107105,148.54757929883138,10.2729657811168
7,0.84,165,0.2574981572107105,148.78964941569282,10.249471540896335
7,0.84,165,0.2574981572107105,149.03171953255426,10.22532712983148
7,0.84,165,0.2574981572107105,149.2737896494157,10.20052405050659
7,0.84,165,0.2574981572107105,149.51585976627712,10.175054059961022
7,0.84,165,0.2574981572107105,149.75792988313856,10.148909176604983
7,0.84,165,0.2574981572107105,150.0,10.12208168713127
8,0.95,588,0.5565300134954553,5.0,0.0
8,0.95,588,0.5565300134954553,5.242070116861436,0.0
8,0.95,588,0.5565300134954553,5.484140233722871,0.0
8,0.95,588,0.5565300134954553,5.726210350584307,0.0
8,0.95,588,0.5565300134954553,5.968280467445743,0.0
8,0.95,588,0.5565300134954553,6.210350584307179,0.0
8,0.95,588,0.5565300134954553,6.452420701168615,0.0
8,0.95,588,0.5565300134954553,6.69449081803005,0.0
8,0.95,588,0.5565300134954553,6.936560934891486,0.0
8,0.95,588,0.5565300134954553,7.178631051752921,0.0
8,0.95,588,0.5565300134954553,7.420701168614357,0.0
8,0.95,588,0.5565300134954553,7.6627712854757934,0.0
8,0.95,588,0.5565300134954553,7.904841402337229,0.0
8,0.95,588,0.5565300134954553,8.146911519198664,0.0
8,0.95,588,0.5565300134954553,8.3889816360601,0.0
8,0.95,588,0.5565300134954553,8.631051752921536,0.0
8,0.95,588,0.5565300134954553,8.873121869782972,0.0
8,0.95,588,0.5565300134954553,9.115191986644408,0.26969946804854167
8,0.95,588,0.5565300134954553,9.357262103505843,0.4611393916386279
8,0.95,588,0.5565300134954553,9.599332220367279,0.6487519122452522
8,0.95,588,0.5565300134954553,9.841402337228715,0.8376068220442903
8,0.95,588,0.5565300134954553,10.083472454090149,1.0310411959165335
8,0.95,588,0.5565300134954553,10.325542570951587,1.2324288218497406
8,0.95,588,0.5565300134954553,10.567612687813021,1.441698421375316
8,0.95,588,0.5565300134954553,10.809682804674457,1.6581797916607761
8,0.95,588,0.5565300134954553,11.051752921535893,1.8811789885533392
8,0.95,588,0.5565300134954553,11.293823038397328,2.1108578687171984
8,0.95,588,0.5565300134954553,11.535893155258766,2.349668447039683
8,0.95,588,0.5565300134954553,11.7779632721202,2.6017241878828017
8,0.95,588,0.5565300134954553,12.020033388981636,2.8728697460585475
8,0.95,588,0.5565300134954553,12.262103505843072,3.1698645757720714
8,0.95,588,0.5565300134954553,12.504173622704506,3.497596075427383
8,0.95,588,0.5565300134954553,12.746243739565944,3.861056632059995
8,0.95,588,0.5565300134954553,12.988313856427379,4.266057949136221
8,0.95,588,0.5565300134954553,13.230383973288815,4.719404039584079
8,0.95,588,0.5565300134954553,13.47245409015025,5.229100243644794
8,0.95,588,0.5565300134954553,13.714524207011687,5.8046078465296205
8,0.95,588,0.5565300134954553,13.956594323873121,6.457156189160205
8,0.95,588,0.5565300134954553,14.198664440734557,7.199012734523171
8,0.95,588,0.5565300134954553,14.440734557595993,8.035937534163084
8,0.95,588,0.5565300134954553,14.68280467445743,8.96805875384115
8,0.95,588,0.5565300134954553,14.924874791318866,9.991241664758117
8,0.95,588,0.5565300134954553,15.1669449081803,11.09574400667526
8,0.95,588,0.5565300134954553,15.409015025041736,12.26486423966958
8,0.95,588,0.5565300134954553,15.651085141903172,13.473763054979623
8,0.95,588,0.5565300134954553,15.893155258764608,14.688684309989634
8,0.95,588,0.5565300134954553,16.135225375626042,15.867962113859315
8,0.95,588,0.5565300134954553,16.377295492487477,16.983245221724697
8,0.95,588,0.5565300134954553,16.619365609348915,18.024461074102994
8,0.95,588,0.5565300134954553,16.861435726210352,18.986305140869916
8,0.95,588,0.5565300134954553,17.103505843071787,19.867736827602748
8,0.95,588,0.5565300134954553,17.34557595993322,20.671796059920954
8,0.95,588,0.5565300134954553,17.587646076794655,21.40528438143009
8,0.95,588,0.5565300134954553,17.829716193656093,22.078369328137892
8,0.95,588,0.5565300134954553,18.07178631051753,22.70409639074363
8,0.95,588,0.5565300134954553,18.313856427378965,23.292087008016626
8,0.95,588,0.5565300134954553,18.5559265442404,23.84315189257696
8,0.95,588,0.5565300134954553,18.797996661101834,24.3576194422623
8,0.95,588,0.5565300134954553,19.040066777963272,24.83626288711905
8,0.95,588,0.5565300134954553,19.28213689482471,25.280271762789226
8,0.95,588,0.5565300134954553,19.524207011686144,25.69122061583784
8,0.95,588,0.5565300134954553,19.76627712854758,26.07103605096782
8,0.95,588,0.5565300134954553,20.008347245409013,26.42196313535843
8,0.95,588,0.5565300134954553,20.25041736227045,26.74557634802515
8,0.95,588,0.5565300134954553,20.49248747913189,27.04017429673823
8,0.95,588,0.5565300134954553,20.734557595993323,27.303311752929243
8,0.95,588,0.5565300134954553,20.976627712854757,27.53257973710052
8,0.95,588,0.5565300134954553,21.218697829716195,27.72562929258131
8,0.95,588,0.5565300134954553,21.46076794657763,27.880196431268356
8,0.95,588,0.5565300134954553,21.702838063439064,27.99412801163046
8,0.95,588,0.5565300134954553,21.9449081803005,28.065408267528955
8,0.95,588,0.5565300134954553,22.186978297161936,28.092711841960742
8,0.95,588,0.5565300134954553,22.429048414023374,28.0791533588403
8,0.95,588,0.5565300134954553,22.671118530884808,28.030073657275256
8,0.95,588,0.5565300134954553,22.913188647746242,27.950930545881725
8,0.95,588,0.5565300134954553,23.15525876460768,27.847223248247733
8,0.95,588,0.5565300134954553,23.397328881469114,27.72444052031523
8,0.95,588,0.5565300134954553,23.639398998330552,27.588019288503663
8,0.95,588,0.5565300134954553,23.881469115191987,27.44331385746532
8,0.95,588,0.5565300134954553,24.12353923205342,27.29559371486518
8,0.95,588,0.5565300134954553,24.36560934891486,27.150410906063012
8,0.95,588,0.5565300134954553,24.607679465776293,27.013579134790408
8,0.95,588,0.5565300134954553,24.84974958263773,26.890809885018072
8,0.95,588,0.5565300134954553,25.091819699499165,26.787720646986074
8,0.95,588,0.5565300134954553,25.3338898163606,26.70987114624679
8,0.95,588,0.5565300134954553,25.575959933222038,26.662811268736768
8,0.95,588,0.5565300134954553,25.818030050083472,26.652140761125153
8,0.95,588,0.5565300134954553,26.06010016694491,26.68353160027476
8,0.95,588,0.5565300134954553,26.302170283806344,26.75675019805775
8,0.95,588,0.5565300134954553,26.54424040066778,26.85978043203835
8,0.95,588,0.5565300134954553,26.786310517529216,26.979156612456613
8,0.95,588,0.5565300134954553,27.02838063439065,27.101219233741062
8,0.95,588,0.5565300134954553,27.27045075125209,27.212066734662802
8,0.95,588,0.5565300134954553,27.512520868113523,27.297577650340465
8,0.95,588,0.5565300134954553,27.754590984974957,27.343505118541433
8,0.95,588,0.5565300134954553,27.996661101836395,27.335644858333755
8,0.95,588,0.5565300134954553,28.23873121869783,27.264861048724438
8,0.95,588,0.5565300134954553,28.480801335559267,27.142360234807388
8,0.95,588,0.5565300134954553,28.7228714524207,26.984637651086043
8,0.95,588,0.5565300134954553,28.964941569282136,26.80800544358171
8,0.95,588,0.5565300134954553,29.207011686143574,26.628431789794682
8,0.95,588,0.5565300134954553,29.449081803005008,26.461476262615246
8,0.95,588,0.5565300134954553,29.691151919866446,26.322317861569754
8,0.95,588,0.5565300134954553,29.93322203672788,26.225871840469082
8,0.95,588,0.5565300134954553,30.175292153589314,26.185708393707202
8,0.95,588,0.5565300134954553,30.417362270450752,26.20341174954501
8,0.95,588,0.5565300134954553,30.659432387312187,26.274182064218454
8,0.95,588,0.5565300134954553,30.901502504173624,26.393437000993455
8,0.95,588,0.5565300134954553,31.14357262103506,26.556790151893523
8,0.95,588,0.5565300134954553,31.385642737896493,26.75996838194007
8,0.95,588,0.5565300134954553,31.62771285475793,26.99873794038746
8,0.95,588,0.5565300134954553,31.869782971619365,27.268838484715033
8,0.95,588,0.5565300134954553,32.1118530884808,27.565924518771673
8,0.95,588,0.5565300134954553,32.35392320534224,27.885514058150147
8,0.95,588,0.5565300134954553,32.59599332220367,28.222944609181646
8,0.95,588,0.5565300134954553,32.83806343906511,28.573336785533495
8,0.95,588,0.5565300134954553,33.080133555926544,28.9315660883984
8,0.95,588,0.5565300134954553,33.32220367278798,29.29224354064412
8,0.95,588,0.5565300134954553,33.56427378964942,29.649705988180617
8,0.95,588,0.5565300134954553,33.80634390651085,29.998016957897793
8,0.95,588,0.5565300134954553,34.04841402337229,30.330978984502217
8,0.95,588,0.5565300134954553,34.29048414023372,30.642158281608648
8,0.95,588,0.5565300134954553,34.53255425709516,30.924922528776708
8,0.95,588,0.5565300134954553,34.7746243739566,31.17249236985025
8,0.95,588,0.5565300134954553,35.016694490818026,31.37800742832405
8,0.95,588,0.5565300134954553,35.25876460767947,31.536339382960637
8,0.95,588,0.5565300134954553,35.5008347245409,31.64813871954039
8,0.95,588,0.5565300134954553,35.742904841402336,31.715437967775344
8,0.95,588,0.5565300134954553,35.98497495826378,31.74048536369766
8,0.95,588,0.5565300134954553,36.227045075125204,31.725712218111145
8,0.95,588,0.5565300134954553,36.469115191986646,31.673700883474474
8,0.95,588,0.5565300134954553,36.71118530884808,31.587153767003116
8,0.95,588,0.5565300134954553,36.953255425709514,31.468863776096118
8,0.95,588,0.5565300134954553,37.19532554257095,31.321686519558153
8,0.95,588,0.5565300134954553,37.43739565943239,31.14851452617426
8,0.95,588,0.5565300134954553,37.679465776293824,30.952253682442397
8,0.95,588,0.5565300134954553,37.92153589315526,30.735802034875462
8,0.95,588,0.5565300134954553,38.16360601001669,30.502031050203684
8,0.95,588,0.5565300134954553,38.40567612687813,30.25376937975722
8,0.95,588,0.5565300134954553,38.64774624373957,29.993789132782354
8,0.95,588,0.5565300134954553,38.889816360601,29.72479462774124
8,0.95,588,0.5565300134954553,39.13188647746244,29.449413560877456
8,0.95,588,0.5565300134954553,39.37395659432387,29.170190507468558
8,0.95,588,0.5565300134954553,39.616026711185306,28.889582653070978
8,0.95,588,0.5565300134954553,39.85809682804675,28.609957639437557
8,0.95,588,0.5565300134954553,40.10016694490818,28.333572108564052
8,0.95,588,0.5565300134954553,40.342237061769616,28.061838710320757
8,0.95,588,0.5565300134954553,40.58430717863105,27.795175733848467
8,0.95,588,0.5565300134954553,40.826377295492485,27.53392521044485
8,0.95,588,0.5565300134954553,41.068447412353926,27.278414837879975
8,0.95,588,0.5565300134954553,41.31051752921536,27.028958808996613
8,0.95,588,0.5565300134954553,41.552587646076795,26.7858586739344
8,0.95,588,0.5565300134954553,41.79465776293823,26.549404233228024
8,0.95,588,0.5565300134954553,42.03672787979966,26.319874459378994
8,0.95,588,0.5565300134954553,42.278797996661105,26.09753844485753
8,0.95,588,0.5565300134954553,42.52086811352254,25.882656374852644
8,0.95,588,0.5565300134954553,42.76293823038397,25.675480523455487
8,0.95,588,0.5565300134954553,43.00500834724541,25.476256272333597
8,0.95,588,0.5565300134954553,43.24707846410684,25.285223151329376
8,0.95,588,0.5565300134954553,43.48914858096828,25.102615900799556
8,0.95,588,0.5565300134954553,43.73121869782972,24.928665555898704
8,0.95,588,0.5565300134954553,43.97328881469115,24.763600553404846
8,0.95,588,0.5565300134954553,44.215358931552586,24.607647862086996
8,0.95,588,0.5565300134954553,44.45742904841402,24.4610341380254
8,0.95,588,0.5565300134954553,44.69949916527546,24.323986906716772
8,0.95,588,0.5565300134954553,44.941569282136896,24.196735774232234
8,0.95,588,0.5565300134954553,45.18363939899833,24.07942615267289
8,0.95,588,0.5565300134954553,45.425709515859765,23.971472712771163
8,0.95,588,0.5565300134954553,45.6677796327212,23.871940289836687
8,0.95,588,0.5565300134954553,45.90984974958264,23.77991384504484
8,0.95,588,0.5565300134954553,46.151919866444075,23.694498422738363
8,0.95,588,0.5565300134954553,46.39398998330551,23.61481662514413
8,0.95,588,0.5565300134954553,46.636060100166944,23.540006422226917
8,0.95,588,0.5565300134954553,46.87813021702838,23.46921928386647
8,0.95,588,0.5565300134954553,47.12020033388982,23.4016186235577
8,0.95,588,0.5565300134954553,47.362270450751254,23.33637854451876
8,0.95,588,0.5565300134954553,47.60434056761269,23.272682880465005
8,0.95,588,0.5565300134954553,47.84641068447412,23.20972452438184
8,0.95,588,0.5565300134954553,48.08848080133556,23.146705039416034
8,0.95,588,0.5565300134954553,48.330550918197,23.082834546513762
8,0.95,588,0.5565300134954553,48.57262103505843,23.01733188367107
8,0.95,588,0.5565300134954553,48.81469115191987,22.94942503163712
8,0.95,588,0.5565300134954553,49.0567612687813,22.878351800627627
8,0.95,588,0.5565300134954553,49.298831385642735,22.80336077207544
8,0.95,588,0.5565300134954553,49.54090150250418,22.723712488671772
8,0.95,588,0.5565300134954553,49.78297161936561,22.638680884948098
8,0.95,588,0.5565300134954553,50.025041736227045,22.54755519607593
8,0.95,588,0.5565300134954553,50.26711185308848,22.449938654794632
8,0.95,588,0.5565300134954553,50.509181969949914,22.34631774996232
8,0.95,588,0.5565300134954553,50.751252086811355,22.237334869021645
8,0.95,588,0.5565300134954553,50.99332220367279,22.1236255612174
8,0.95,588,0.5565300134954553,51.235392320534224,22.005817186129356
8,0.95,588,0.5565300134954553,51.47746243739566,21.884527735846262
8,0.95,588,0.5565300134954553,51.71953255425709,21.76036482817459
8,0.95,588,0.5565300134954553,51.961602671118534,21.633924867467094
8,0.95,588,0.5565300134954553,52.20367278797997,21.505792368974717
8,0.95,588,0.5565300134954553,52.4457429048414,21.376539442069696
8,0.95,588,0.5565300134954553,52.68781302170284,21.246725427251956
8,0.95,588,0.5565300134954553,52.92988313856427,21.11689668153172
8,0.95,588,0.5565300134954553,53.17195325542571,20.987586506574164
8,0.95,588,0.5565300134954553,53.41402337228715,20.859315213889683
8,0.95,588,0.5565300134954553,53.65609348914858,20.73259032135179
8,0.95,588,0.5565300134954553,53.898163606010016,20.607906875417804
8,0.95,588,0.5565300134954553,54.14023372287145,20.485747893608988
8,0.95,588,0.5565300134954553,54.38230383973289,20.36658492207168
8,0.95,588,0.5565300134954553,54.624373956594326,20.25087870338466
8,0.95,588,0.5565300134954553,54.86644407345576,20.139079950193654
8,0.95,588,0.5565300134954553,55.108514190317194,20.031625114628234
8,0.95,588,0.5565300134954553,55.35058430717863,19.928791586038727
8,0.95,588,0.5565300134954553,55.59265442404007,19.830680729914217
8,0.95,588,0.5565300134954553,55.834724540901504,19.737384440880113
8,0.95,588,0.5565300134954553,56.07679465776294,19.64899502013983
8,0.95,588,0.5565300134954553,56.31886477462437,19.565605488329993
8,0.95,588,0.5565300134954553,56.56093489148581,19.487309904947317
8,0.95,588,0.5565300134954553,56.80300500834725,19.414203694865453
8,0.95,588,0.5565300134954553,57.04507512520868,19.346383982523143
8,0.95,588,0.5565300134954553,57.28714524207012,19.283949934430325
8,0.95,588,0.5565300134954553,57.52921535893155,19.22700311070691
8,0.95,588,0.5565300134954553,57.771285475792986,19.175647826440574
8,0.95,588,0.5565300134954553,58.01335559265443,19.12999152372435
8,0.95,588,0.5565300134954553,58.25542570951586,19.090145155313504
8,0.95,588,0.5565300134954553,58.497495826377296,19.056223580924218
8,0.95,588,0.5565300134954553,58.73956594323873,19.02834597728401
8,0.95,588,0.5565300134954553,58.981636060100165,19.006636263137327
8,0.95,588,0.5565300134954553,59.223706176961606,18.991223540507807
8,0.95,588,0.5565300134954553,59.46577629382304,18.982242553625092
8,0.95,588,0.5565300134954553,59.707846410684475,18.979834167035552
8,0.95,588,0.5565300134954553,59.94991652754591,18.984145864537478
8,0.95,588,0.5565300134954553,60.19198664440734,18.99525415307041
8,0.95,588,0.5565300134954553,60.434056761268785,19.01265208356079
8,0.95,588,0.5565300134954553,60.67612687813022,19.035567081147313
8,0.95,588,0.5565300134954553,60.91819699499165,19.06322664052533
8,0.95,588,0.5565300134954553,61.16026711185309,19.0948576038106
8,0.95,588,0.5565300134954553,61.40233722871452,19.12968437045359
8,0.95,588,0.5565300134954553,61.644407345575964,19.16692742417339
8,0.95,588,0.5565300134954553,61.8864774624374,19.20580217775772
8,0.95,588,0.5565300134954553,62.12854757929883,19.24551813809021
8,0.95,588,0.5565300134954553,62.37061769616027,19.28527839491487
8,0.95,588,0.5565300134954553,62.6126878130217,19.324279437626178
8,0.95,588,0.5565300134954553,62.85475792988314,19.361711304774836
8,0.95,588,0.5565300134954553,63.09682804674458,19.396758070998207
8,0.95,588,0.5565300134954553,63.33889816360601,19.428598675711676
8,0.95,588,0.5565300134954553,63.580968280467445,19.456408097126086
8,0.95,588,0.5565300134954553,63.82303839732888,19.479358873980296
8,0.95,588,0.5565300134954553,64.06510851419031,19.49662297579431
8,0.95,588,0.5565300134954553,64.30717863105176,19.507374020454847
8,0.95,588,0.5565300134954553,64.5492487479132,19.510789835546916
8,0.95,588,0.5565300134954553,64.79131886477462,19.50605535704953
8,0.95,588,0.5565300134954553,65.03338898163605,19.492366286107025
8,0.95,588,0.5565300134954553,65.27545909849749,19.46917179379646
8,0.95,588,0.5565300134954553,65.51752921535893,19.436573711886318
8,0.95,588,0.5565300134954553,65.75959933222038,19.3947916071468
8,0.95,588,0.5565300134954553,66.0016694490818,19.344056724529977
8,0.95,588,0.5565300134954553,66.24373956594323,19.284611044544864
8,0.95,588,0.5565300134954553,66.48580968280467,19.216706338862263
8,0.95,588,0.5565300134954553,66.72787979966611,19.140603228130256
8,0.95,588,0.5565300134954553,66.96994991652755,19.056570245786794
8,0.95,588,0.5565300134954553,67.21202003338898,18.96488291145031
8,0.95,588,0.5565300134954553,67.45409015025041,18.86582281725311
8,0.95,588,0.5565300134954553,67.69616026711185,18.75967673025836
8,0.95,588,0.5565300134954553,67.93823038397329,18.6467357138714
8,0.95,588,0.5565300134954553,68.18030050083473,18.527294270921704
8,0.95,588,0.5565300134954553,68.42237061769616,18.401649510855187
8,0.95,588,0.5565300134954553,68.66444073455759,18.27010034323877
8,0.95,588,0.5565300134954553,68.90651085141903,18.132946699542643
8,0.95,588,0.5565300134954553,69.14858096828047,17.990488784931056
8,0.95,588,0.5565300134954553,69.3906510851419,17.843026361561563
8,0.95,588,0.5565300134954553,69.63272120200334,17.690858064667143
8,0.95,588,0.5565300134954553,69.87479131886478,17.534280752475308
8,0.95,588,0.5565300134954553,70.11686143572621,17.37360195257221
8,0.95,588,0.5565300134954553,70.35893155258765,17.209448855939073
8,0.95,588,0.5565300134954553,70.60100166944908,17.042766759169492
8,0.95,588,0.5565300134954553,70.84307178631052,16.874485640078873
8,0.95,588,0.5565300134954553,71.08514190317196,16.705502848677476
8,0.95,588,0.5565300134954553,71.32721202003339,16.536682498629126
8,0.95,588,0.5565300134954553,71.56928213689483,16.36885531702952
8,0.95,588,0.5565300134954553,71.81135225375625,16.20281892375358
8,0.95,588,0.5565300134954553,72.0534223706177,16.039338511694638
8,0.95,588,0.5565300134954553,72.29549248747914,15.879147899872665
8,0.95,588,0.5565300134954553,72.53756260434056,15.722950932568342
8,0.95,588,0.5565300134954553,72.779632721202,15.57142319929204
8,0.95,588,0.5565300134954553,73.02170283806343,15.425214052471125
8,0.95,588,0.5565300134954553,73.26377295492487,15.284948902192019
8,0.95,588,0.5565300134954553,73.50584307178632,15.151231770125946
8,0.95,588,0.5565300134954553,73.74791318864774,15.024648087867039
8,0.95,588,0.5565300134954553,73.98998330550918,14.905767728294794
8,0.95,588,0.5565300134954553,74.23205342237061,14.795148262222279
8,0.95,588,0.5565300134954553,74.47412353923205,14.693338436500422
8,0.95,588,0.5565300134954553,74.7161936560935,14.60088187391802
8,0.95,588,0.5565300134954553,74.95826377295492,14.518320999678354
8,0.95,588,0.5565300134954553,75.20033388981636,14.446089957733943
8,0.95,588,0.5565300134954553,75.44240400667779,14.383882307657064
8,0.95,588,0.5565300134954553,75.68447412353923,14.331105603625357
8,0.95,588,0.5565300134954553,75.92654424040067,14.28719244188335
8,0.95,588,0.5565300134954553,76.1686143572621,14.251598176877428
8,0.95,588,0.5565300134954553,76.41068447412354,14.223797887666244
8,0.95,588,0.5565300134954553,76.65275459098497,14.203283583612235
8,0.95,588,0.5565300134954553,76.89482470784641,14.189561630435142
8,0.95,588,0.5565300134954553,77.13689482470785,14.182150380423861
8,0.95,588,0.5565300134954553,77.37896494156928,14.180577993050468
8,0.95,588,0.5565300134954553,77.62103505843072,14.184380434439875
8,0.95,588,0.5565300134954553,77.86310517529215,14.193099646144862
8,0.95,588,0.5565300134954553,78.10517529215359,14.206281875479064
8,0.95,588,0.5565300134954553,78.34724540901503,14.22347616128805
8,0.95,588,0.5565300134954553,78.58931552587646,14.244232970503475
8,0.95,588,0.5565300134954553,78.8313856427379,14.268102982138636
8,0.95,588,0.5565300134954553,79.07345575959933,14.29463601655445
8,0.95,588,0.5565300134954553,79.31552587646077,14.323380108857968
8,0.95,588,0.5565300134954553,79.55759599332221,14.353880726196458
8,0.95,588,0.5565300134954553,79.79966611018364,14.385680129479445
8,0.95,588,0.5565300134954553,80.04173622704508,14.418316809099085
8,0.95,588,0.5565300134954553,80.2838063439065,14.45130293179269
8,0.95,588,0.5565300134954553,80.52587646076795,14.48409237056664
8,0.95,588,0.5565300134954553,80.76794657762939,14.516126069552229
8,0.95,588,0.5565300134954553,81.01001669449082,14.546840128586242
8,0.95,588,0.5565300134954553,81.25208681135226,14.575666204598242
8,0.95,588,0.5565300134954553,81.49415692821368,14.6020321335342
8,0.95,588,0.5565300134954553,81.73622704507513,14.625362775208622
8,0.95,588,0.5565300134954553,81.97829716193657,14.64508108268108
8,0.95,588,0.5565300134954553,82.220367278798,14.660609396711909
8,0.95,588,0.5565300134954553,82.46243739565944,14.67137096456749
8,0.95,588,0.5565300134954553,82.70450751252086,14.676791680917784
8,0.95,588,0.5565300134954553,82.9465776293823,14.67630204680538
8,0.95,588,0.5565300134954553,83.18864774624375,14.669339340672813
8,0.95,588,0.5565300134954553,83.43071786310517,14.655349993227032
8,0.95,588,0.5565300134954553,83.67278797996661,14.63379215551392
8,0.95,588,0.5565300134954553,83.91485809682804,14.604138446991978
8,0.95,588,0.5565300134954553,84.15692821368948,14.56587886766174
8,0.95,588,0.5565300134954553,84.39899833055092,14.51852385545566
8,0.95,588,0.5565300134954553,84.64106844741235,14.461607467162002
8,0.95,588,0.5565300134954553,84.88313856427379,14.39469065818638
8,0.95,588,0.5565300134954553,85.12520868113522,14.317399928070815
8,0.95,588,0.5565300134954553,85.36727879799666,14.23013960804767
8,0.95,588,0.5565300134954553,85.6093489148581,14.134036898675875
8,0.95,588,0.5565300134954553,85.85141903171953,14.03023925524752
8,0.95,588,0.5565300134954553,86.09348914858097,13.919879334982394
8,0.95,588,0.5565300134954553,86.3355592654424,13.804069658993333
8,0.95,588,0.5565300134954553,86.57762938230384,13.683898132175585
8,0.95,588,0.5565300134954553,86.81969949916528,13.560424404759155
8,0.95,588,0.5565300134954553,87.06176961602671,13.434677050894768
8,0.95,588,0.5565300134954553,87.30383973288815,13.30765153300878
8,0.95,588,0.5565300134954553,87.54590984974958,13.180308915699229
8,0.95,588,0.5565300134954553,87.78797996661102,13.053575289572326
8,0.95,588,0.5565300134954553,88.03005008347246,12.928341863537202
8,0.95,588,0.5565300134954553,88.27212020033389,12.805465683576095
8,0.95,588,0.5565300134954553,88.51419031719533,12.685770936774576
8,0.95,588,0.5565300134954553,88.75626043405676,12.57005080131626
8,0.95,588,0.5565300134954553,88.9983305509182,12.459069806111
8,0.95,588,0.5565300134954553,89.24040066777964,12.353566667635047
8,0.95,588,0.5565300134954553,89.48247078464107,12.254257576327646
8,0.95,588,0.5565300134954553,89.72454090150251,12.161839910440898
8,0.95,588,0.5565300134954553,89.96661101836393,12.076996361524971
8,0.95,588,0.5565300134954553,90.20868113522538,12.000279798460669
8,0.95,588,0.5565300134954553,90.45075125208682,11.93151743452825
8,0.95,588,0.5565300134954553,90.69282136894824,11.870282575239036
8,0.95,588,0.5565300134954553,90.93489148580969,11.816168749825547
8,0.95,588,0.5565300134954553,91.17696160267111,11.768788049823666
8,0.95,588,0.5565300134954553,91.41903171953255,11.727769137079084
8,0.95,588,0.5565300134954553,91.661101836394,11.692755400419633
8,0.95,588,0.5565300134954553,91.90317195325542,11.663403248595088
8,0.95,588,0.5565300134954553,92.14524207011686,11.63938052856339
8,0.95,588,0.5565300134954553,92.38731218697829,11.620365059537182
8,0.95,588,0.5565300134954553,92.62938230383973,11.606043274414855
8,0.95,588,0.5565300134954553,92.87145242070117,11.596108961317633
8,0.95,588,0.5565300134954553,93.1135225375626,11.59026209895197
8,0.95,588,0.5565300134954553,93.35559265442404,11.588207780423485
8,0.95,588,0.5565300134954553,93.59766277128547,11.589655220954645
8,0.95,588,0.5565300134954553,93.83973288814691,11.594316845709546
8,0.95,588,0.5565300134954553,94.08180300500835,11.60190745461282
8,0.95,588,0.5565300134954553,94.32387312186978,11.612143461670286
8,0.95,588,0.5565300134954553,94.56594323873122,11.624742206860695
8,0.95,588,0.5565300134954553,94.80801335559265,11.63942133917479
8,0.95,588,0.5565300134954553,95.05008347245409,11.655898454602736
8,0.95,588,0.5565300134954553,95.29215358931553,11.673926427943313
8,0.95,588,0.5565300134954553,95.53422370617696,11.69333615007874
8,0.95,588,0.5565300134954553,95.7762938230384,11.713968334000292
8,0.95,588,0.5565300134954553,96.01836393989983,11.735662940505362
8,0.95,588,0.5565300134954553,96.26043405676127,11.758259019051952
8,0.95,588,0.5565300134954553,96.50250417362271,11.781594570707941
8,0.95,588,0.5565300134954553,96.74457429048414,11.805506433377928
8,0.95,588,0.5565300134954553,96.98664440734558,11.829830189539784
8,0.95,588,0.5565300134954553,97.228714524207,11.854400096763618
8,0.95,588,0.5565300134954553,97.47078464106845,11.879049041317694
8,0.95,588,0.5565300134954553,97.71285475792989,11.90360851518861
8,0.95,588,0.5565300134954553,97.95492487479132,11.927908616856861
8,0.95,588,0.5565300134954553,98.19699499165276,11.951778076173191
8,0.95,588,0.5565300134954553,98.43906510851419,11.975044303676018
8,0.95,588,0.5565300134954553,98.68113522537563,11.997533464675504
8,0.95,588,0.5565300134954553,98.92320534223707,12.01907057840495
8,0.95,588,0.5565300134954553,99.1652754590985,12.039479642505505
8,0.95,588,0.5565300134954553,99.40734557595994,12.058583783065176
8,0.95,588,0.5565300134954553,99.64941569282136,12.076205430377662
8,0.95,588,0.5565300134954553,99.8914858096828,12.092166520521086
8,0.95,588,0.5565300134954553,100.13355592654425,12.106294857897417
8,0.95,588,0.5565300134954553,100.37562604340567,12.118530319942186
8,0.95,588,0.5565300134954553,100.61769616026712,12.128911427677394
8,0.95,588,0.5565300134954553,100.85976627712854,12.137481016041027
8,0.95,588,0.5565300134954553,101.10183639398998,12.144282878689241
8,0.95,588,0.5565300134954553,101.34390651085143,12.149361700623176
8,0.95,588,0.5565300134954553,101.58597662771285,12.152762991859706
8,0.95,588,0.5565300134954553,101.8280467445743,12.15453302225429
8,0.95,588,0.5565300134954553,102.07011686143572,12.154718757577799
8,0.95,588,0.5565300134954553,102.31218697829716,12.153367796942677
8,0.95,588,0.5565300134954553,102.5542570951586,12.15052831166706
8,0.95,588,0.5565300134954553,102.79632721202003,12.146248985659515
8,0.95,588,0.5565300134954553,103.03839732888147,12.140578957400384
8,0.95,588,0.5565300134954553,103.2804674457429,12.13356776358963
8,0.95,588,0.5565300134954553,103.52253756260434,12.125265284525032
8,0.95,588,0.5565300134954553,103.76460767946578,12.115721691268503
8,0.95,588,0.5565300134954553,104.00667779632721,12.104987394652404
8,0.95,588,0.5565300134954553,104.24874791318865,12.093112996172307
8,0.95,588,0.5565300134954553,104.49081803005008,12.080149240806834
8,0.95,588,0.5565300134954553,104.73288814691152,12.06614697180009
8,0.95,588,0.5565300134954553,104.97495826377296,12.051157087437016
8,0.95,588,0.5565300134954553,105.21702838063439,12.035230499836922
8,0.95,588,0.5565300134954553,105.45909849749583,12.018418095786018
8,0.95,588,0.5565300134954553,105.70116861435726,12.00077069962489
8,0.95,588,0.5565300134954553,105.9432387312187,11.982339038202838
8,0.95,588,0.5565300134954553,106.18530884808014,11.963173707906817
8,0.95,588,0.5565300134954553,106.42737896494157,11.943325143768906
8,0.95,588,0.5565300134954553,106.66944908180301,11.922843590652532
8,0.95,588,0.5565300134954553,106.91151919866444,11.901779076514478
8,0.95,588,0.5565300134954553,107.15358931552588,11.880181387736299
8,0.95,588,0.5565300134954553,107.39565943238732,11.858100046516215
8,0.95,588,0.5565300134954553,107.63772954924875,11.835584290309402
8,0.95,588,0.5565300134954553,107.87979966611019,11.812683053302722
8,0.95,588,0.5565300134954553,108.12186978297161,11.789444949907189
8,0.95,588,0.5565300134954553,108.36393989983306,11.765918260249931
8,0.95,588,0.5565300134954553,108.6060100166945,11.74215091764532
8,0.95,588,0.5565300134954553,108.84808013355592,11.718190498023716
8,0.95,588,0.5565300134954553,109.09015025041737,11.694084211294745
8,0.95,588,0.5565300134954553,109.3322203672788,11.66987889462112
8,0.95,588,0.5565300134954553,109.57429048414023,11.645621007578033
8,0.95,588,0.5565300134954553,109.81636060100168,11.621356629172668
8,0.95,588,0.5565300134954553,110.0584307178631,11.597131373443528
8,0.95,588,0.5565300134954553,110.30050083472455,11.572979505462701
8,0.95,588,0.5565300134954553,110.54257095158597,11.548913234897514
8,0.95,588,0.5565300134954553,110.78464106844741,11.52494209930922
8,0.95,588,0.5565300134954553,111.02671118530886,11.501075554859202
8,0.95,588,0.5565300134954553,111.26878130217028,11.477322977173769
8,0.95,588,0.5565300134954553,111.51085141903172,11.45369366228526
8,0.95,588,0.5565300134954553,111.75292153589315,11.43019682764853
8,0.95,588,0.5565300134954553,111.99499165275459,11.406841613231462
8,0.95,588,0.5565300134954553,112.23706176961603,11.3836370826786
8,0.95,588,0.5565300134954553,112.47913188647746,11.36059222454659
8,0.95,588,0.5565300134954553,112.7212020033389,11.337715953610504
8,0.95,588,0.5565300134954553,112.96327212020033,11.315017112240016
8,0.95,588,0.5565300134954553,113.20534223706177,11.292504471844346
8,0.95,588,0.5565300134954553,113.44741235392321,11.270186734385016
8,0.95,588,0.5565300134954553,113.68948247078464,11.24807253395561
8,0.95,588,0.5565300134954553,113.93155258764608,11.226170438427424
8,0.95,588,0.5565300134954553,114.17362270450751,11.204488951160323
8,0.95,588,0.5565300134954553,114.41569282136895,11.183036512777903
8,0.95,588,0.5565300134954553,114.65776293823039,11.16182150300615
8,0.95,588,0.5565300134954553,114.89983305509182,11.14085224257494
8,0.95,588,0.5565300134954553,115.14190317195326,11.120136995181594
8,0.95,588,0.5565300134954553,115.38397328881469,11.099683969515839
8,0.95,588,0.5565300134954553,115.62604340567613,11.07950132134566
8,0.95,588,0.5565300134954553,115.86811352253757,11.059597155663306
8,0.95,588,0.5565300134954553,116.110183639399,11.039979528891157
8,0.95,588,0.5565300134954553,116.35225375626044,11.020656451146705
8,0.95,588,0.5565300134954553,116.59432387312187,11.001635888566534
8,0.95,588,0.5565300134954553,116.8363939899833,10.982925765688691
8,0.95,588,0.5565300134954553,117.07846410684475,10.964533967893255
8,0.95,588,0.5565300134954553,117.32053422370618,10.946468343900797
8,0.95,588,0.5565300134954553,117.56260434056762,10.92873670832857
8,0.95,588,0.5565300134954553,117.80467445742904,10.911346844304258
8,0.95,588,0.5565300134954553,118.04674457429049,10.89430650613713
8,0.95,588,0.5565300134954553,118.28881469115193,10.877623422046705
8,0.95,588,0.5565300134954553,118.53088480801335,10.861305296948819
8,0.95,588,0.5565300134954553,118.7729549248748,10.845359815299275
8,0.95,588,0.5565300134954553,119.01502504173622,10.829794643995161
8,0.95,588,0.5565300134954553,119.25709515859766,10.814617435334126
8,0.95,588,0.5565300134954553,119.4991652754591,10.799835830031794
8,0.95,588,0.5565300134954553,119.74123539232053,10.785457460297806
8,0.95,588,0.5565300134954553,119.98330550918197,10.771489952970738
8,0.95,588,0.5565300134954553,120.2253756260434,10.75793794766229
8,0.95,588,0.5565300134954553,120.46744574290484,10.744791424513886
8,0.95,588,0.5565300134954553,120.70951585976628,10.732035948706335
8,0.95,588,0.5565300134954553,120.95158597662771,10.719657188868569
8,0.95,588,0.5565300134954553,121.19365609348915,10.707640913423738
8,0.95,588,0.5565300134954553,121.43572621035058,10.695972985915475
8,0.95,588,0.5565300134954553,121.67779632721202,10.68463936052625
8,0.95,588,0.5565300134954553,121.91986644407346,10.673626077785059
8,0.95,588,0.5565300134954553,122.16193656093489,10.662919260461859
8,0.95,588,0.5565300134954553,122.40400667779633,10.652505109646299
8,0.95,588,0.5565300134954553,122.64607679465776,10.642369901008541
8,0.95,588,0.5565300134954553,122.8881469115192,10.632499981239887
8,0.95,588,0.5565300134954553,123.13021702838064,10.62288176467128
8,0.95,588,0.5565300134954553,123.37228714524207,10.613501730067735
8,0.95,588,0.5565300134954553,123.61435726210351,10.604346417596881
8,0.95,588,0.5565300134954553,123.85642737896494,10.595402425970002
8,0.95,588,0.5565300134954553,124.09849749582638,10.58665640975391
8,0.95,588,0.5565300134954553,124.34056761268782,10.578095076852208
8,0.95,588,0.5565300134954553,124.58263772954925,10.569705186154533
8,0.95,588,0.5565300134954553,124.82470784641069,10.561473545352493
8,0.95,588,0.5565300134954553,125.06677796327212,10.553387008921003
8,0.95,588,0.5565300134954553,125.30884808013356,10.545432476263903
8,0.95,588,0.5565300134954553,125.550918196995,10.537596890022765
8,0.95,588,0.5565300134954553,125.79298831385643,10.529867234547803
8,0.95,588,0.5565300134954553,126.03505843071787,10.522230534529964
8,0.95,588,0.5565300134954553,126.2771285475793,10.514673853793234
8,0.95,588,0.5565300134954553,126.51919866444074,10.507184294246247
8,0.95,588,0.5565300134954553,126.76126878130218,10.499748994992428
8,0.95,588,0.5565300134954553,127.0033388981636,10.492355131597757
8,0.95,588,0.5565300134954553,127.24540901502505,10.484989915515396
8,0.95,588,0.5565300134954553,127.48747913188647,10.477640593666473
8,0.95,588,0.5565300134954553,127.72954924874792,10.470294448176187
8,0.95,588,0.5565300134954553,127.97161936560936,10.462938796264485
8,0.95,588,0.5565300134954553,128.21368948247078,10.455560990290735
8,0.95,588,0.5565300134954553,128.45575959933223,10.448148417951387
8,0.95,588,0.5565300134954553,128.69782971619367,10.440688502630183
8,0.95,588,0.5565300134954553,128.9398998330551,10.433168703899929
8,0.95,588,0.5565300134954553,129.18196994991655,10.425576518175252
8,0.95,588,0.5565300134954553,129.42404006677796,10.417899479515363
8,0.95,588,0.5565300134954553,129.6661101836394,10.410125160576257
8,0.95,588,0.5565300134954553,129.90818030050082,10.402241173711309
8,0.95,588,0.5565300134954553,130.15025041736226,10.394235172219464
8,0.95,588,0.5565300134954553,130.3923205342237,10.386094851740195
8,0.95,588,0.5565300134954553,130.63439065108514,10.37780795179414
8,0.95,588,0.5565300134954553,130.87646076794658,10.369362257468477
8,0.95,588,0.5565300134954553,131.11853088480802,10.360745601246013
8,0.95,588,0.5565300134954553,131.36060100166947,10.351945864976782
8,0.95,588,0.5565300134954553,131.6026711185309,10.34295098199108
8,0.95,588,0.5565300134954553,131.84474123539232,10.33374893935256
8,0.95,588,0.5565300134954553,132.08681135225376,10.32432778025019
8,0.95,588,0.5565300134954553,132.32888146911517,10.314675606527599
8,0.95,588,0.5565300134954553,132.57095158597662,10.304780581348313
8,0.95,588,0.5565300134954553,132.81302170283806,10.294630931995425
8,0.95,588,0.5565300134954553,133.0550918196995,10.284214952803904
8,0.95,588,0.5565300134954553,133.29716193656094,10.273521008223856
8,0.95,588,0.5565300134954553,133.53923205342238,10.262537536012921
8,0.95,588,0.5565300134954553,133.7813021702838,10.251253050555793
8,0.95,588,0.5565300134954553,134.02337228714524,10.239656146308839
8,0.95,588,0.5565300134954553,134.26544240400668,10.227735501367626
8,0.95,588,0.5565300134954553,134.50751252086812,10.215479881155082
8,0.95,588,0.5565300134954553,134.74958263772956,10.20287814222796
8,0.95,588,0.5565300134954553,134.99165275459097,10.189919236198914
8,0.95,588,0.5565300134954553,135.23372287145241,10.176599794082495
8,0.95,588,0.5565300134954553,135.47579298831386,10.162950092484097
8,0.95,588,0.5565300134954553,135.7178631051753,10.149009583620371
8,0.95,588,0.5565300134954553,135.95993322203674,10.134817537671466
8,0.95,588,0.5565300134954553,136.20200333889815,10.120413032103459
8,0.95,588,0.5565300134954553,136.4440734557596,10.105834942845064
8,0.95,588,0.5565300134954553,136.68614357262103,10.091121936961127
8,0.95,588,0.5565300134954553,136.92821368948248,10.07631246681001
8,0.95,588,0.5565300134954553,137.17028380634392,10.061444765671547
8,0.95,588,0.5565300134954553,137.41235392320533,10.04655684483147
8,0.95,588,0.5565300134954553,137.65442404006677,10.031686492108019
8,0.95,588,0.5565300134954553,137.8964941569282,10.016871271806046
8,0.95,588,0.5565300134954553,138.13856427378965,10.002148526084007
8,0.95,588,0.5565300134954553,138.3806343906511,9.987555377719179
8,0.95,588,0.5565300134954553,138.6227045075125,9.973128734256706
8,0.95,588,0.5565300134954553,138.86477462437395,9.9589052935284
8,0.95,588,0.5565300134954553,139.1068447412354,9.944921550527893
8,0.95,588,0.5565300134954553,139.34891485809683,9.931213805629104
8,0.95,588,0.5565300134954553,139.59098497495827,9.917818174135972
8,0.95,588,0.5565300134954553,139.8330550918197,9.904770597152323
8,0.95,588,0.5565300134954553,140.07512520868113,9.892106853761696
8,0.95,588,0.5565300134954553,140.31719532554257,9.879862574508207
8,0.95,588,0.5565300134954553,140.559265442404,9.868073256170854
8,0.95,588,0.5565300134954553,140.80133555926545,9.856774277825119
8,0.95,588,0.5565300134954553,141.04340567612687,9.846000918187345
8,0.95,588,0.5565300134954553,141.2854757929883,9.835788374238946
8,0.95,588,0.5565300134954553,141.52754590984975,9.826171781129613
8,0.95,588,0.5565300134954553,141.7696160267112,9.817186233360392
8,0.95,588,0.5565300134954553,142.01168614357263,9.808866807249832
8,0.95,588,0.5565300134954553,142.25375626043405,9.801248584688524
8,0.95,588,0.5565300134954553,142.4958263772955,9.794366678189824
8,0.95,588,0.5565300134954553,142.73789649415693,9.78825625724697
8,0.95,588,0.5565300134954553,142.97996661101837,9.782952576009665
8,0.95,588,0.5565300134954553,143.2220367278798,9.778491002295695
8,0.95,588,0.5565300134954553,143.46410684474122,9.774907047956445
8,0.95,588,0.5565300134954553,143.70617696160267,9.772236400617992
8,0.95,588,0.5565300134954553,143.9482470784641,9.770514956823007
8,0.95,588,0.5565300134954553,144.19031719532555,9.769778856601715
8,0.95,588,0.5565300134954553,144.432387312187,9.77006451950425
8,0.95,588,0.5565300134954553,144.6744574290484,9.771408682130089
8,0.95,588,0.5565300134954553,144.91652754590984,9.773848437194433
8,0.95,588,0.5565300134954553,145.15859766277129,9.77742127417544
8,0.95,588,0.5565300134954553,145.40066777963273,9.78216512159065
8,0.95,588,0.5565300134954553,145.64273789649417,9.788118390955374
8,0.95,588,0.5565300134954553,145.88480801335558,9.795320022480716
8,0.95,588,0.5565300134954553,146.12687813021702,9.80380953257383
8,0.95,588,0.5565300134954553,146.36894824707846,9.813627063208353
8,0.95,588,0.5565300134954553,146.6110183639399,9.824813433238322
8,0.95,588,0.5565300134954553,146.85308848080135,9.83741019173497
8,0.95,588,0.5565300134954553,147.09515859766276,9.851459673431616
8,0.95,588,0.5565300134954553,147.3372287145242,9.86700505636842
8,0.95,588,0.5565300134954553,147.57929883138564,9.884090421835566
8,0.95,588,0.5565300134954553,147.82136894824708,9.902760816720464
8,0.95,588,0.5565300134954553,148.06343906510853,9.923062318372137
8,0.95,588,0.5565300134954553,148.30550918196994,9.945042102103773
8,0.95,588,0.5565300134954553,148.54757929883138,9.968748511462943
8,0.95,588,0.5565300134954553,148.78964941569282,9.994231131407464
8,0.95,588,0.5565300134954553,149.03171953255426,10.0215408645347
8,0.95,588,0.5565300134954553,149.2737896494157,10.050730010521313
8,0.95,588,0.5565300134954553,149.51585976627712,10.08185234894141
8,0.95,588,0.5565300134954553,149.75792988313856,10.114963225641787
8,0.95,588,0.5565300134954553,150.0,10.15011964286454
