replica_id,distance_D,smoothing_lambda,sigma_5_MeV_mb,sigma_5.5_MeV_mb,sigma_6_MeV_mb,sigma_7_MeV_mb,sigma_8_MeV_mb,sigma_9_MeV_mb,sigma_10_MeV_mb,sigma_11_MeV_mb,sigma_12_MeV_mb,sigma_14_MeV_mb,sigma_16_MeV_mb,sigma_18_MeV_mb,sigma_20_MeV_mb,sigma_22_MeV_mb,sigma_24_MeV_mb,sigma_26_MeV_mb,sigma_28_MeV_mb,sigma_30_MeV_mb,sigma_35_MeV_mb,sigma_40_MeV_mb,sigma_45_MeV_mb,sigma_50_MeV_mb,sigma_55_MeV_mb,sigma_60_MeV_mb,sigma_65_MeV_mb,sigma_70_MeV_mb,sigma_75_MeV_mb,sigma_80_MeV_mb,sigma_85_MeV_mb,sigma_90_MeV_mb,sigma_95_MeV_mb,sigma_100_MeV_mb,sigma_105_MeV_mb,sigma_110_MeV_mb,sigma_115_MeV_mb,sigma_120_MeV_mb,sigma_125_MeV_mb,sigma_130_MeV_mb,sigma_135_MeV_mb,sigma_140_MeV_mb,sigma_145_MeV_mb,sigma_150_MeV_mb
0,0.11387112402827597,300.0,0.0,0.0,0.0,0.0,0.0,0.05377625819521541,0.5180066407290094,1.3393816001978425,2.609028003256834,7.0977204423649525,14.767718821692348,23.481131117392913,28.641627080499724,29.191722756364467,28.107204764444948,27.535599845509793,27.402833843034955,27.64762247149481,28.102493682389156,26.50316682168592,23.778453975568272,21.322944381694995,19.574353732164678,18.304827906974655,17.226513697260064,16.084230574553388,14.840938715815566,13.882713071814951,13.121422142651591,12.327578401385583,11.653643978084231,11.23199008104192,10.864010605689847,10.52544884694746,10.246304939305476,10.027702473598287,9.863955038681752,9.747010417102848,9.668883942904959,9.630693232910264,9.667854923672156,9.82625531594855
1,0.06033697789420453,300.0,0.0,0.0,0.0,0.0,0.0,0.040149315988527896,0.4277203974451612,1.1733760018896375,2.3902350703196524,6.960082979474641,14.82364329710121,22.901605977611904,27.410887495801727,28.620589240014493,28.474198788397125,27.98087180933368,27.49774062058658,27.62070130230514,28.2582434323759,27.163666763055904,24.754076840228844,22.308692463811415,20.213956780480032,18.647407853394043,17.528673962075583,16.439001092712505,15.24059953849916,14.049117322356386,13.09531656635102,12.340731066019675,11.729175940027693,11.283187696644355,10.984122222471182,10.77954775034409,10.618475632819319,10.460318474304428,10.277222132639222,10.077526184631674,9.877422512098295,9.688700638342812,9.50995757157478,9.336826279245336
2,0.16176343905774515,100.0,0.0,0.0,0.0,0.0,0.0,0.10235540138289169,0.7768125348758096,1.7459768085830174,3.071255317474522,7.530830191629963,15.64606120315296,24.682880021282774,29.56402531886006,30.378841944576926,30.030970838057307,29.81496897517697,29.36554905946282,29.000176434991523,30.362823135157843,28.404381005665062,24.858324796715507,22.13891890072638,20.33763318086326,19.28015355698572,18.261314355276095,16.774475994489524,15.325233591954389,14.365707745182455,13.59917866946797,12.734737528421405,12.312620509251254,12.14280420479268,11.868755761154901,11.47411813507629,11.033669299941158,10.645410789640753,10.379525599921086,10.212075128428364,10.101178586288016,9.985793033082684,9.72101357722217,9.16129455878451
3,0.20594202465797484,300.0,0.0,0.0,0.0,0.0,0.0,0.05411452726112779,0.5292815933431121,1.3808241866522606,2.7076428569804882,7.438218559130079,15.483969396276294,24.219916042224163,28.91050137372518,29.51657225118599,28.972994215928516,28.477582742611123,28.05031069765747,28.2357204034464,29.408710386138157,28.38052172738686,26.160406731826725,24.088031369179152,21.8313566712142,20.009818210380576,18.726018134613863,17.281389918161477,15.901654623993572,15.014360552824016,14.390518127756705,13.755913110856373,13.130994432605798,12.487735666276956,11.87705367305799,11.363951353023074,10.985081146067404,10.707862742618696,10.493626896766456,10.326866554407669,10.198236626945553,10.106119293083976,10.076993577171766,10.144858852274066
4,0.2211538275558157,300.0,0.0,0.0,0.0,0.0,0.0,0.04680861727097019,0.4716606687716107,1.25235891723589,2.4902240197347862,7.005746184187505,14.735841911398413,22.91802198196091,27.43674077707496,28.493244048805938,28.323204955633454,27.95823635305611,27.329768687039167,27.057532439734015,27.93935844242228,27.22532314252169,24.342522398346702,21.64888881419061,19.875814262216313,18.59663749953758,17.437546935879787,16.211964625602974,15.111611172774081,14.205889652892294,13.398536841313193,12.587395065267918,11.89451470921913,11.431135678593577,11.083515467747066,10.818574271838543,10.629897224193456,10.479798983259242,10.32707648973379,10.140611858423673,9.893577819820775,9.54740179297576,9.01388384412252,8.222181237947485
5,0.13020589771014565,300.0,0.0,0.0,0.0,0.0,0.0,0.045826147962415915,0.46737285127884715,1.2497239792385437,2.496296658118646,7.023931959346696,14.674785790321003,22.849102754051575,27.600601199517456,28.718500688506467,28.41969019481274,27.994568335973444,27.523035729903484,27.635161671069078,28.022888889306834,26.164194841350337,23.266500312128947,21.097285776005425,19.729300282397094,18.59262072214074,17.356202150398822,16.02395976896792,14.874585358144445,14.009950550657926,13.347314949004868,12.597339749382899,11.823675241776936,11.2911587369404,10.906169726307828,10.605305088478834,10.361420299219686,10.153282496654565,9.963867682870207,9.783887198824614,9.606221039226119,9.423041831192494,9.22263925327977,8.993281266457677
6,0.2045565331818176,300.0,0.0,0.0,0.0,0.0,0.0,0.04556383422645379,0.4749737196900367,1.2864868616901204,2.5956351666870394,7.4595194190497,15.922527569957813,25.00715490242325,29.986044979277256,30.716640646933683,29.71516701437459,28.8295635678983,28.92216496132383,29.774998286320482,30.934632973991114,29.019008782560643,25.975861137555803,23.76133038375027,22.111226112419498,20.540895668405174,19.25284186080243,18.308519833222636,17.2710982540451,15.946573665840667,14.46785844340964,13.262120791876578,12.612900835707446,12.269467041939649,11.919877930254838,11.58553511348393,11.342856514161264,11.18519570214864,11.085202408494027,11.00412999756459,10.901270036195395,10.717547591391444,10.322189690381665,9.595307929673728
7,0.19881870944601807,100.0,0.0,0.0,0.0,0.0,0.0,0.030824474023566223,0.3613080481252463,1.048225668621894,2.2237683714449417,6.849076510174745,15.145371752043818,23.76523291161219,28.512602973856982,29.71735757857762,29.504127084144013,28.83374297577629,28.498505233372946,28.867623676497477,30.716424687083947,28.533414923602912,24.545748639197864,22.096291715621014,20.64435113203799,19.375376320307275,18.18986039012997,16.826356435355468,15.50768493297942,14.254564303140986,13.541567298758098,13.09496665696776,12.651102554382604,11.963675010468748,11.359720240684894,10.955527676052863,10.75193913897195,10.653247872964494,10.56087416871832,10.43789572758887,10.26334008565257,10.01177279441642,9.636983629028364,9.098251261151791
8,0.10539842597030273,300.0,0.0,0.0,0.0,0.0,0.0,0.05135663139546482,0.5158361672749193,1.3668710849447918,2.7097511358442525,7.492550412594811,15.377383032666085,23.56680630335143,28.104156869436448,29.15735183850091,28.945289156136432,28.61739221376057,28.167091010161222,28.477408666854153,29.80843415191429,28.264381810096193,25.371724620347344,23.069862882237885,21.017075258742,19.5368937883724,18.53846879107809,17.244112414362966,15.683420065907418,14.362944974895711,13.49588135005357,12.927307372043696,12.621882393114573,12.318221712612306,11.903223752658963,11.45883218548523,11.073398158962059,10.757693001307729,10.503398528703938,10.295343664842218,10.117893288354676,9.95820163364053,9.810479194050501,9.670776685290214
9,0.05126403275531557,300.0,0.0,0.0,0.0,0.0,0.0,0.04500675460377354,0.47111295251967333,1.2791085456496145,2.584481516160235,7.4108768581431095,15.692291381402605,24.498266061895375,29.526447821275614,30.666228847557544,30.0653172255918,29.34920421198079,29.21047629898518,29.35628945971559,30.20904183086442,29.21984329119657,26.24934051265881,23.149640438658405,20.854403861509326,19.45556974608626,18.519278658060266,17.318172893933927,15.96273542266162,14.696911454516933,13.637878692123055,13.028726882251505,12.783338279296421,12.428399832017492,11.984448944568086,11.563141540190095,11.233080838696527,10.989035410134688,10.809718746908796,10.671044069602129,10.549315946787827,10.41440997323339,10.20802984681411,9.870336860084256
10,0.14690542556753464,300.0,0.0,0.0,0.0,0.0,0.0,0.032094145308869476,0.36341151686211143,1.0332965303254515,2.1597660721190826,6.455061396193503,13.872033955253944,21.80170273666866,26.300007633921144,27.11482646045394,26.623611162730345,26.267706904774617,25.911213513611717,25.95302778914792,26.479210040266533,25.354589084035215,23.1485405184383,21.14830442201193,19.447178655616298,18.065080553812187,16.865401915906507,15.542251260207767,14.347135640117433,13.370602242843391,12.600684779471306,12.118801458126663,11.875680838443083,11.59290964919489,11.162250246886064,10.694289451942584,10.303382856436185,10.008807859129032,9.804120964473722,9.664285380948316,9.561782782361727,9.464568833431445,9.317480830949176,9.063320480483451
11,0.2394760057214694,300.0,0.0,0.0,0.0,0.0,0.0,0.046314722667606265,0.476144983229209,1.2791946095057098,2.5651483008971296,7.290185049194396,15.368236501013198,23.972106524753393,29.04203504380608,30.065967761298356,29.199046829725926,28.392758221073986,28.2515466384463,28.962657899632163,30.73270937017982,29.248981965426857,25.380189947722194,22.173588160145318,20.41160067743696,19.299012484084386,18.37344655284606,17.330227335391903,16.11400279785255,14.96007517031974,14.108623945123963,13.547455735786784,13.162631484251177,12.692788939769745,12.142165464217992,11.601379896414409,11.136510654714568,10.748774431348433,10.425324305317224,10.151635143081437,9.914051724748978,9.699325064468233,9.491595024516315,9.275363147538199
12,0.12227910355150433,300.0,0.0,0.0,0.0,0.0,0.0,0.04236742025005453,0.44154647517803464,1.1957126213900606,2.409539811699424,6.817617820505548,14.152963572017509,21.895671792683924,26.369705791448034,27.314800637290798,26.78906093187368,26.318733837202817,26.0274653366688,26.13218908059623,26.724286112000343,25.830763668036546,23.830780200803527,21.93903720765243,20.03344970139479,18.298906144480455,17.056090234194038,15.955036090222855,14.91262285711841,13.811963005269677,12.713392955734482,11.961055827845932,11.610078233678932,11.304527631965883,10.933713518027588,10.565888513744088,10.270389053502004,10.054924689991331,9.909417517125803,9.806543773158738,9.716034773653886,9.60288420408406,9.410452820374635,9.082404387111495
13,0.14661973207130913,100.0,0.0,0.0,0.0,0.0,0.0,0.05356173513816248,0.49550029524896505,1.251145523136776,2.4013738220265735,6.660700495662367,14.50700618774328,22.887037839064362,27.510503001325507,28.02802749891547,27.019734572070888,26.431190381900684,26.178197227195632,26.637077814377953,28.394690231137314,26.678360304279106,23.61717611445796,21.634446193086827,19.961204584341726,18.590075742760284,17.46776961112816,15.874076243026517,14.282266408829098,13.24527159028614,12.727640382762074,12.346500024579433,12.16652666363214,11.83278728609123,11.301593956298657,10.738187904453017,10.279939882624975,9.9477255047598,9.731333588228203,9.595337507255143,9.501208731454986,9.40757465501086,9.254451254832711,8.98154370670899
14,0.12241305299529136,300.0,0.0,0.0,0.0,0.0,0.0,0.0476413542990629,0.4804305010880514,1.2760484169271835,2.53376990517921,7.0091957715087645,14.419061283261405,22.39032644831815,27.281997164734182,28.491023204234367,28.00608606432116,27.385335439700196,26.99872138106597,27.268746688711687,28.033343020186322,26.79248543937359,24.12604188878749,21.26047627643988,19.04974937730434,17.872418048001446,17.279985900792656,16.41678899067569,15.184807511881946,13.910398261640994,12.775629814392712,11.965413637679257,11.558786423292549,11.226133418559836,10.887890245395921,10.58932200689809,10.36589819644117,10.194249687774418,10.043840212145744,9.904078096131975,9.769338017487916,9.63763902353762,9.520557214892367,9.432430111731925
15,0.12288035794470793,100.0,0.0,0.0,0.0,0.0,0.0,0.062311159224586916,0.5642003482164887,1.4067181620474176,2.673293063493919,7.293810531165752,15.89484913601198,25.286768790321833,29.978965259111575,30.456448885385516,30.011602960922065,29.49395889024638,29.05255173387094,29.29689593562647,31.46619300990166,29.93641664674881,26.39557205402613,24.109071702086762,21.96175138745534,20.282795778918846,19.079049825217737,17.61813102190531,16.29117042828074,15.11389702884365,14.006415137991862,13.456265240456334,13.45749263045305,13.156731355860293,12.551261355861989,11.914093745971252,11.435333574281742,11.11174886850287,10.901449593261512,10.759734223303196,10.643501226812676,10.492972902748376,10.178451643125753,9.573886732613918
16,0.13021784116758386,300.0,0.0,0.0,0.0,0.0,0.0,0.047865917822041505,0.4699251107718808,1.2289187618122903,2.4188540767683175,6.780234204136965,14.409585182720269,22.899177451815092,27.830255247878625,28.618931916975274,27.965838861344533,27.61360890397077,27.461739658207634,27.76384676691735,28.893193547085296,27.809590102302685,24.82787233999099,21.893477721982205,19.82420170770674,18.503392921536733,17.393500241328905,16.064275254821542,14.89262739325261,14.125748505946344,13.615657648956173,12.999879336154349,12.377941293110682,11.889216909689068,11.46550148540965,11.10578236173436,10.824739737814834,10.592751633956688,10.377965543476826,10.172499111470295,9.974233427243226,9.78363453354751,9.610942796312315,9.468083852962021
17,0.20333871585805588,300.0,0.0,0.0,0.0,0.0,0.0,0.048099041158003675,0.494318664884194,1.327730429655976,2.6616929357603576,7.552700541116231,15.895394087100307,24.751170714027044,29.48770621985294,30.011449118869447,29.119143718856122,28.50762592504703,28.438626446092645,28.538670077189476,29.740424237395686,28.57201337853671,25.247566877850243,22.297911306654665,20.682097828617593,19.796391532339612,18.827282537571744,17.537057679119446,16.16333563949396,14.731760912931257,13.379182008222466,12.314592795087629,11.746340701365467,11.499745382021333,11.293547188458824,11.076131201943774,10.860154709856996,10.67083306796294,10.527930183051206,10.42260195181074,10.339756219096568,10.26333705996285,10.171588082537905,10.04200045548854
18,0.13373673883871967,300.0,0.0,0.0,0.0,0.0,0.0,0.041646725280524544,0.42946719524091387,1.1558227784424162,2.31978972661669,6.588137599538625,13.976906076132234,22.092888582664386,26.59016037572161,27.06197985366591,26.081344426032288,25.55915773979668,25.630028569842054,25.781891132168106,27.080270994308762,26.442818843281398,23.92582233572136,21.431351588782945,19.645807752560415,18.434812828925466,17.449631002708397,16.25062350708547,14.937594573076824,13.799288458909224,12.96814154091902,12.269552531317402,11.673197713528149,11.210981807417003,10.783538818728285,10.400975543151382,10.095767541961342,9.86029312104422,9.680775524468451,9.550583143098898,9.465350324243738,9.423999581896384,9.436490191526039,9.516240137770978
19,0.10389031429298949,300.0,0.0,0.0,0.0,0.0,0.0,0.06724350353833956,0.6112102961182134,1.5274840617178895,2.9037120437967334,7.69249639118623,15.780536777565954,24.706329849907434,29.77009009385537,30.313121857850042,29.41230022573913,28.81107815132936,28.573794467849897,29.210998485346384,31.113160754377773,29.666013566594355,26.174294642074265,23.329499398131908,21.267149682362746,19.802490855791685,18.648096830964743,17.321413893823337,16.01445736104248,14.897476805048825,13.991083166821753,13.376050647978301,13.025394621856524,12.650386340188085,12.206537128806902,11.774317572268583,11.421493770465405,11.151211508630931,10.948661858077248,10.783026860362924,10.621280266412477,10.417716331409006,10.073741879369981,9.494738113159896
20,0.20938808446671814,300.0,0.0,0.0,0.0,0.0,0.0,0.06254309994594356,0.5886637175516874,1.5016374884137387,2.899402338790524,7.877755990294577,16.442024438468007,25.867825494141222,31.41831306437925,32.397264736927944,31.272840162103286,30.265217105119653,30.480978622525416,31.253296144880224,32.732021399159656,31.065458709540046,27.839615640340668,24.719336595245974,22.37340682276479,20.667330507310613,19.281015481068,18.06801614893635,17.25580666568833,16.19566088558081,14.740965496230892,13.601568036064677,12.96974441909227,12.59761374208527,12.27778585852856,11.982493932526774,11.72152645242868,11.499570289200717,11.318545842242699,11.174813697629403,11.063714554398796,10.980574567960755,10.919560902892739,10.874691425649011
21,0.10991710908660375,300.0,0.0,0.0,0.0,0.0,0.0,0.05655796355991089,0.5450498966516009,1.4096917923652674,2.7477673552998656,7.517114461832564,15.632210694390299,24.318858911518983,29.09317505075817,29.867966303427778,29.19760891942125,28.66538381216526,28.426572836197863,28.60384199356281,29.78359787298047,28.738749470093264,25.803692902537783,22.907454608075202,20.831760243355827,19.525231267438112,18.508739010966934,17.398176317168275,16.22333658853099,14.860324999591713,13.458196569267592,12.601904961084458,12.402223024318655,12.312957152987865,12.05630739223323,11.709189284227481,11.387533717378808,11.128299850902346,10.940077973441607,10.796870697034171,10.66598210211865,10.506244088786913,10.239589884745547,9.788823717367432
22,0.1661761127677486,300.0,0.0,0.0,0.0,0.0,0.0,0.046831058452597156,0.4801660752806155,1.2878285255991426,2.5755026455319876,7.188312575970853,14.77516149048891,22.636645713202252,27.27331905691501,28.750877084489158,28.63223223502385,27.89439061942854,27.467113661196315,27.6390702789584,28.52467822433446,27.643907761418223,25.07747177316467,22.045327458425625,19.413571503985736,17.86529567863407,16.83553243469925,15.656756068835769,14.62603602721318,13.85100693817778,13.141371358973176,12.460441002412907,11.827183830308224,11.300735557657907,10.854839753089198,10.494405574352404,10.229262021820553,10.03893905782309,9.898968125373369,9.789942819977593,9.694309195282951,9.592806156261823,9.45743017087106,9.259641197611922
23,0.16669824617940865,300.0,0.0,0.0,0.0,0.0,0.0,0.034108696062266804,0.4008740957034653,1.164947716316382,2.473130079654603,7.513828400259992,16.20095339949865,25.342399791562357,30.21426856480382,30.949149994856228,30.221093889965413,29.603917741879066,29.583776141340493,29.603378426484568,29.719966893028424,28.1520324226021,25.635558066060312,23.162824550064634,20.90839618158344,19.303009639891986,18.35897661295259,17.412812499350366,16.346680478080557,15.409869513018434,14.611244315559222,13.803985713376695,13.101438652595569,12.573547734264759,12.102893598024414,11.674928563356593,11.306780081171151,11.003589450775545,10.765196173979009,10.581624351541418,10.441560041262585,10.33357586083313,10.242556738288476,10.152889880796065
24,0.23881147645091416,3.0,0.0,0.0,0.0,0.0,0.0,0.13195401056682537,0.9251281614506833,1.9723838090459171,3.2451957780248697,7.422901319781386,17.28771589696477,23.61944410766887,30.580776688870923,31.437411181352115,30.470239076322798,29.365093459742425,29.9483623425297,29.585919340650676,30.832274674934666,27.739505141771627,25.92610963893442,23.13501576017215,20.929531198639502,19.690764114594785,19.05977329757467,17.807106826547564,15.917017802903661,14.786530399739288,14.504459593022306,12.995366037013905,13.04840649181182,12.13370575650803,11.956670781625201,12.196763582149798,11.936328632900738,11.373635437867263,10.882324166728587,10.500966650619839,10.19613196819337,9.962925937166045,9.891819667441288,10.100208871322907
25,0.1262748869953072,300.0,0.0,0.0,0.0,0.0,0.0,0.051594622733074205,0.5063766944108379,1.3237791059056345,2.600159754924553,7.1568196186720066,14.803639811681318,22.8292974359254,27.393883058143476,28.36703502322769,27.602187907149712,26.78344250214562,26.849554111545928,27.505365900883007,28.6815433782036,27.316428814211765,24.45535219169211,21.91831500594033,19.876824527094794,18.356666314543883,17.240707152161697,16.16407296251184,15.029667696783196,13.981531473108614,13.0177450033429,12.378542167912242,12.1427365120677,11.804525138858756,11.341455802687658,10.89488084776,10.565424804124298,10.348865466486027,10.219039199457924,10.146767744873188,10.103246749201526,10.05713207802475,9.964146803414968,9.778715671229739
26,0.21062397429496774,300.0,0.0,0.0,0.0,0.0,0.0,0.04063339107452232,0.4417238414533698,1.2263775497681577,2.521997327042507,7.493444976393985,16.55427879659688,27.04838963489031,32.515035328063426,31.932284966942728,30.24368784358802,29.831819027696607,29.975771127764833,30.459530960870264,31.039973883028022,28.979958900348525,25.573282584456308,22.824809746755303,21.022448577204184,19.91265027989389,18.80239064513784,17.24632682520282,15.849998691432488,14.708997009710885,13.697662614076192,12.888550291579095,12.396653016920425,11.97581198608921,11.509277608097923,11.075141315637614,10.755595961715246,10.551257943255692,10.441661033223177,10.387747727331249,10.347068090670566,10.27427869099061,10.110553353837206,9.798889889982599
27,0.10442714364781272,300.0,0.0,0.0,0.0,0.0,0.0,0.05191493961979759,0.5013660380318689,1.2984253064416649,2.536451328585828,7.056975481786557,15.065053091912784,23.787610481533303,28.473181914650347,29.14905835034276,28.551918517342802,28.011053112299674,27.775937497843604,28.23868273184133,29.404784177931624,28.308699028502126,25.67449156366229,22.884256973129855,20.570279476748098,18.98405222457328,17.734946692390707,16.375381912445892,15.134491672264385,14.255478088662624,13.554599169636969,12.995641610655714,12.654951948816313,12.35371235278374,11.948665979846696,11.500881269438585,11.096406568686847,10.76993872427199,10.535272171889924,10.376527821064087,10.27279416960753,10.203249276212231,10.14153317833462,10.060359102119088
28,0.13508304680657643,300.0,0.0,0.0,0.0,0.0,0.0,0.048700726497106994,0.4984702615993034,1.3355848600198328,2.670198959143307,7.502271536739335,15.717693752122324,24.586190167304824,29.657728387435462,30.462481599881233,29.455807337363183,28.68995976276267,28.622882188755984,29.119964739504972,30.68666425152889,29.522046925815605,26.786454970504334,24.02281246161461,21.711369902167185,20.329694244999267,19.41652200823832,18.087969266106366,16.413685679524576,14.997059584631844,14.103438727074254,13.491055779472624,12.956389676956602,12.583189534108113,12.26070253411075,11.966451702196096,11.714486081575341,11.508472580985837,11.345479719489228,11.206256145995557,11.068435852688673,10.902301014186117,10.647241809358974,10.242067202772898
29,0.0951635983278449,300.0,0.0,0.0,0.0,0.0,0.0,0.054317519024113026,0.53993990811334,1.4221869543916579,2.810408103782592,7.835356078132392,16.42652906247155,25.6999639738906,31.046103767473276,32.02630872747844,31.142313419015867,30.52129234317299,30.657417492050346,31.0474678615974,31.562824412309272,29.65380206045993,26.663340740747024,24.23818552633648,22.204075358526275,20.549112377404196,19.246371135215757,17.903379099539972,16.57293552640929,15.340731273303437,14.242285934418172,13.335789345709166,12.772863708780363,12.480545690534864,12.180278862514989,11.860622354483782,11.57579440877559,11.33951749157016,11.150978296587795,10.990544951781597,10.835106380870045,10.65472732651928,10.390032710225194,9.981500331349018
30,0.320006621178739,100.0,0.0,0.0,0.0,0.0,0.0,0.03632264182907688,0.41816318302755096,1.2000950722596146,2.5161512040879095,7.382726324293454,15.769214471897248,25.266735802197413,31.16585149523785,31.188320075108436,28.942719051015782,28.641284050558067,29.495197724114924,29.348318809710328,31.54248072597659,30.59859301736361,27.148319525385382,24.196205801968436,22.57781977994821,21.96929212590321,20.989810040245786,18.83140328898318,16.79083621774789,15.664625754101621,14.865857756683061,13.82135734622245,12.919832674148134,12.461147989610511,12.137143052725124,11.862607495938091,11.64079008038657,11.462885538406704,11.315275446840145,11.174841434234157,11.01700698172868,10.800336598021394,10.416876782542477,9.763487483589387
31,0.22645104198192928,300.0,0.0,0.0,0.0,0.0,0.0,0.04492878465144868,0.44308253778472934,1.161604129262559,2.286503298971277,6.320868203042185,13.256715879174848,21.123258149184686,25.79471459869468,26.531649223852416,25.715480657942155,25.14742131474363,25.12628494800695,25.535394617981954,26.670171585002105,25.665425982651616,22.882088225322143,20.16614093245754,17.974989610960808,16.667244050805415,16.104435206034605,15.483290016891484,14.550080827865777,13.56647803970459,12.698218507788885,12.049764792628787,11.536892698567144,10.957413582334642,10.460898914002046,10.092906657868923,9.844080470029672,9.682374195590354,9.574493554566166,9.493609131101246,9.41506629199501,9.312038867211717,9.147284875712579,8.884261027337638
32,0.27349640181992135,300.0,0.0,0.0,0.0,0.0,0.0,0.031309160411613565,0.3734655284033876,1.0949520400880879,2.3445969839998995,7.365071074513531,16.607005210198327,26.77631308529957,32.22490138195272,32.58127883188041,31.270484453331537,30.59090498585316,30.65183951156988,31.184663673845975,32.847155685497306,31.77853230519463,28.16847724408332,24.50184780416034,22.232159429074578,20.68555404234818,19.460844005362016,18.341335510725436,17.10365800309651,15.916940381310804,14.837060390846547,13.996835203802036,13.503041545527756,13.128646546806223,12.754691176805972,12.40803897023178,12.125364365840896,11.897034885355447,11.704192876529573,11.530662137276577,11.361517165993348,11.184197785369228,10.993103843281391,10.784555650585553
33,0.20268874363684708,300.0,0.0,0.0,0.0,0.0,0.0,0.0618519583719896,0.5791108497995934,1.4725551395892467,2.8320803946966304,7.523610449062945,15.156146470948093,23.192482488132065,28.174061498729255,29.80611318231939,29.446260696395726,28.714883037951882,28.490982826908798,28.828030760887305,29.36199498086641,27.623276101694287,24.935471077779667,22.56143350419677,20.278547148033987,18.258347363847516,16.843542553763807,15.937408052126264,15.310131377186073,14.575423523739122,13.705472888524538,13.072115729699865,12.674901698095981,12.217870341122351,11.734938829851902,11.298330745996179,10.948167917315981,10.6812002225979,10.482690141134984,10.327194133552547,10.188107645209476,10.036729863078376,9.83198881211883,9.5333630234071
34,0.6462505448664265,1.0,0.0,0.0,0.0,0.0,0.0,0.25884606767593027,1.3209996884120154,2.307229212973913,3.132206698614749,6.2542001109142795,16.535320872688818,20.6425952484279,34.61412573880429,29.606516792751417,28.96595773587649,27.986332685255967,27.724616565597948,27.398689523716257,32.347063432368934,26.448204882911952,24.461296507445386,21.70651391762756,19.901041674571932,19.25843251233962,17.772007516977748,16.24377575896117,17.18769053488332,13.861308557851597,13.45199870185396,12.793697300122988,11.832815534596785,12.562936684482162,12.166179806929014,11.199854147079666,10.931603011852776,11.004218297132361,10.874460750242575,10.557338510857603,10.203756769071644,9.933371202944455,9.792488278535807,9.812743934178776
35,0.17680690066321195,300.0,0.0,0.0,0.0,0.0,0.0,0.051304708669776634,0.4970354806272764,1.2895159166227885,2.5191460220146684,6.895743454836328,14.332808658402879,22.620540672130904,27.60072395429791,28.73571819717951,28.465061092960465,28.07411807409137,27.752521726532255,27.887757972766963,28.25651224121061,26.82732435959242,24.114282338873675,21.356680074040653,19.245275684159914,18.22192314774056,17.603368508334924,16.249692630900878,14.571648316696146,13.40026117606189,12.829966645091321,12.447403739395074,11.966030099985675,11.466334128959778,11.024404709225715,10.648192817756021,10.333442863023903,10.073229613943187,9.859812722999864,9.682627068141212,9.531126228090232,9.396885820815886,9.277438383517522,9.17178145451479
36,0.07333857972851686,300.0,0.0,0.0,0.0,0.0,0.0,0.040995850485184615,0.4407200403920601,1.2154963543039976,2.4847936621475757,7.241778892633247,15.517801066188307,24.465138990714873,29.303572809246518,29.88321826681568,29.243185116255102,28.931478874908425,28.612980966696085,28.336611008877533,28.649643188529517,27.67015608106243,25.059717395752156,22.406933472752737,20.440892903637227,18.988878841097584,17.875919022321987,16.756918864807265,15.565162895551312,14.356232461517337,13.30840098346344,12.509722610100972,12.014306774781653,11.677001444023109,11.337315133610929,11.001483904058048,10.706239471391077,10.45957105514485,10.258802305255923,10.086037676259023,9.920828044666269,9.742750898884974,9.527943508279526,9.253795561840775
37,0.09709214052881338,100.0,0.0,0.0,0.0,0.0,0.0,0.05278643317668501,0.5161547134247705,1.3461426922845303,2.6374409984086085,7.294084874519294,15.63224166419414,24.67429065028906,29.515770080975127,29.93238940760164,28.895077991129106,28.383971169669987,28.309136684077902,28.566075161303907,29.641537454040144,27.607809423368966,24.476132681634414,22.514083864566455,21.006504434915204,19.874244165145758,18.84679402574223,17.230877469818946,15.729202338898878,14.524196606931936,13.471387263568364,12.617599282472833,12.347468107300639,12.124568335197859,11.78698366158533,11.371970921728176,10.929235845178985,10.527007500150178,10.218614815706903,10.007880436135638,9.889243257388758,9.848232958960402,9.82710166451887,9.757950822123515
38,0.21886869454898553,300.0,0.0,0.0,0.0,0.0,0.0,0.06951061067294637,0.5988204124661974,1.4500966712842613,2.6941504764966986,6.977773923539458,14.380620597711996,22.733736028703927,27.80466489310408,28.60534934712006,27.499107656072987,26.79203545657507,26.87174745225588,27.49000573462846,28.53352715219773,26.935645656587624,24.042613378697872,22.103431372693663,20.9255578317299,19.770433749982725,18.368038406859203,16.74312281141762,15.350476779396962,14.278658610658933,13.291212937437757,12.31455082428046,11.670315130189218,11.460903505898193,11.339413707382082,11.20611225852882,11.056507807554178,10.904217345613395,10.760740320532133,10.614347596363688,10.448305491893485,10.233474126645962,9.891491490098211,9.345985628977765
39,0.19743735255919023,300.0,0.0,0.0,0.0,0.0,0.0,0.03989427584587679,0.4508256428240367,1.2803737277603213,2.675252055429622,8.037397864874531,17.418180401761596,27.195481957264438,32.19158001356695,32.73481832777331,32.01196523749381,31.568273854188778,31.228168100173416,31.629474650574487,32.64544726086847,30.68780808736315,27.217567972596296,24.32485463759573,22.215495420897664,20.575060341404615,19.207971022045047,17.975196814557933,16.896200160714724,15.77596621140303,14.568124891554227,13.4593390967452,12.688016009184398,12.349577868899818,12.16905634855908,12.028931806386586,11.883694882539068,11.71670858442377,11.521747460111749,11.304684364968011,11.073922585932515,10.842929185719223,10.646312646731399,10.521780071062812
40,0.15750455517298032,300.0,0.0,0.0,0.0,0.0,0.0,0.035411796012871005,0.39203431958370005,1.1000423945602562,2.277751946494663,6.744104215521128,14.476874217451142,22.841729078035765,27.64059852731647,28.41765450245262,27.6703083926621,27.287390451072874,27.138157653368612,26.815636300093956,27.084401682538985,26.345674468660402,23.992228425632003,21.24943467678377,18.92206646715799,17.509417447088698,16.729490519656164,15.72967579833521,14.420742653568473,13.298865765069415,12.668979535546852,12.263824035151334,11.811344880876476,11.356013580244644,10.957390217560508,10.639248242383683,10.409906214619046,10.242423264504879,10.106672878619195,9.98604186204144,9.867571958347888,9.732540120293184,9.538519964174009,9.241251513157316
41,0.16821767082943095,300.0,0.0,0.0,0.0,0.0,0.0,0.03631698742825949,0.4030115376132922,1.1322964213202882,2.3456335726859194,6.968430042998054,15.183824632314355,24.24262477928543,29.471948627442785,30.252825412326867,29.110889543713164,28.360998313128576,28.646611043992547,28.984643968902525,29.743070434565105,28.008261981270486,24.479485727456723,21.74830721572345,20.18262711333453,19.081460786500678,18.085026842159383,16.96484681125243,15.796656433127621,14.733635458799153,13.593786265291172,12.610521875767644,12.16532291859646,11.94613904219591,11.67768780890861,11.366623774250696,11.064945670737659,10.780179749548761,10.508901256408965,10.245977404290706,9.986191553821524,9.723133696524508,9.444721671988829,9.138820198101952
42,0.08208201936277085,300.0,0.0,0.0,0.0,0.0,0.0,0.054389497037159305,0.5319719842783085,1.3879058441289969,2.7223946611934444,7.483711118699643,15.533506245824384,24.332087097752463,29.29714244155409,30.004824622327806,29.29524229995151,28.852615665858988,28.65293828872794,28.906477485774225,30.35567393566328,29.175055352977008,25.733627360072308,22.688641900366893,20.806303849956343,19.70613940393708,18.696528650853928,17.194988808748537,15.671269884685753,14.576862082740343,13.769357247423128,13.111517360712838,12.685572564994498,12.302079389229583,11.87089602963852,11.453453567383901,11.113480207507976,10.84729640029713,10.638142015433576,10.473642457081494,10.343178189609537,10.250163332917916,10.251199274657626,10.418205167068434
43,0.03937624105401027,100.0,0.0,0.0,0.0,0.0,0.0,0.06351146652084214,0.5700643018091799,1.414287411963375,2.679388978200605,7.225952278935139,15.209770027878928,23.7318703589696,28.55183483846432,29.309777311972592,28.572819185675808,28.08709695948439,27.869445788324306,28.12673194534229,29.208413286724635,27.38875511529534,24.420115348557147,21.950745306716545,20.25422967095981,19.09223381151336,17.786530118677838,16.077516740961094,14.670497957564118,13.97930734561901,13.384802626023259,12.576459812314873,11.966865404609113,11.57491399076938,11.18010605478028,10.806143676419424,10.51905954870059,10.305879853282754,10.140524993151427,10.00975236795738,9.903864614478527,9.796422244101091,9.594334059005138,9.19777721668191
44,0.06434070565496179,300.0,0.0,0.0,0.0,0.0,0.0,0.04962898271628307,0.5096746475817541,1.3683688108611631,2.7415625950130185,7.752417946604193,16.192770442071737,24.94972321121425,30.000129934533344,31.286714084434433,30.67442909847826,29.91032252558081,29.73692410589207,30.1934231756652,31.244793968833044,29.548841159223887,26.466175082014086,23.71450865661521,21.583873049282694,20.180069275038328,19.103786002060104,17.70965171335295,16.24531146810086,15.122755754395376,14.31929132930341,13.665082361265927,13.173939712654281,12.682634586237617,12.157612765635324,11.681031461840758,11.320694718360599,11.059865040592538,10.865346715595956,10.704426039530372,10.545915604551132,10.354317815394742,10.073087454612434,9.64798011823717
45,0.16366853136599005,300.0,0.0,0.0,0.0,0.0,0.0,0.04956080177629526,0.4863530781169472,1.271343439062159,2.4977006480037915,6.904477927202767,14.436687466656059,22.62576741680045,27.241988396157392,28.030106473590397,27.45918524600123,27.04310767535256,26.84454155089786,27.141277753028778,28.28562853399158,27.23088728304656,24.553527347679903,21.929193583664038,19.976759997763903,18.649499600715988,17.481602675929953,16.117075087008942,14.862760871060166,13.9335767826825,13.315117893278615,12.72304101991613,12.070851757743776,11.421942017414223,10.80441421453146,10.291379258624296,9.936774254923199,9.704355340020593,9.547682101950171,9.44046468137406,9.362188036391334,9.293020044236115,9.2125761618016,9.100867289441409
46,0.12685622337882962,300.0,0.0,0.0,0.0,0.0,0.0,0.05002918440711637,0.4888517278231174,1.2747541567385157,2.5017913411883144,6.955359784964584,14.679202746146967,22.972171246417748,27.435317902007423,28.014277870189265,27.170945326700014,26.461464785623253,26.4725816298062,27.065336395795622,28.348081658468725,26.953813091944433,24.17199289773216,21.94551881826795,20.32115164629241,19.000997508608716,17.716661443903178,16.423318673038942,15.312794145431944,14.412067378106334,13.514284574729556,12.529594709690715,11.807623611312264,11.413497961848098,11.089003478505441,10.79131877453625,10.541107650295801,10.337447998110555,10.174051270515193,10.042101451407936,9.93261137650079,9.842603916390063,9.791335057541138,9.803458548121375
47,0.4456001704791673,100.0,0.0,0.0,0.0,0.0,0.0,0.03102031068415673,0.3672044687018558,1.0716662117327256,2.288513918388254,7.2809978938902065,16.783339711646178,26.812861462005372,31.714487896811416,32.12466021672847,31.530587797645047,30.869935933646385,30.33917274076733,30.55338181587174,33.31978236019402,31.28441503226825,27.121149569131266,24.04627335268725,22.097810786549008,21.104631621468783,20.050733989686687,18.595740629510164,17.16385477496012,15.780518582178281,14.650430964793514,13.824388357473907,13.288806184200418,12.876708224900254,12.590915728924495,12.396604387028198,12.246701813881547,12.126493167520804,12.02626131820316,11.924790479501999,11.79856643219337,11.614388691288221,11.300061392322135,10.784721521929436
48,0.3535200913715886,10.0,0.0,0.0,0.0,0.0,0.0,0.3493918948175868,1.5237891224569777,2.4693826342542753,3.4101494906455545,6.894481553234227,16.065210456812835,23.995644570217667,28.862395376948147,30.101477889033696,30.0509866422447,29.521388155287465,29.318130859810307,28.980491577356418,32.72184780746726,28.345765620224174,25.806579827538894,23.848955089316828,21.392825822307927,19.908875083614113,19.846616711340005,17.326110087418897,15.519622463866945,14.862066139190123,14.051685046524154,13.006200043661423,12.386225091101716,12.213582650260948,12.079492753224205,11.828837199339771,11.432153868513952,10.998266639095966,10.635557124970465,10.366071381684437,10.192909969205852,10.128298230832858,10.21677858523076,10.517894294161437
49,0.37446356251551416,30.0,0.0,0.0,0.0,0.0,0.0,0.14694014967070765,0.8291834334289729,1.565732879239108,2.438744424237275,5.708934563040956,13.253154665032724,21.415442487661668,25.230525804635317,25.729005553393723,25.591558160389205,25.056334609202104,24.367092051137963,24.423478800675962,27.57440687596694,26.314848047847015,23.027996802959454,20.45680603799871,19.110609167564096,18.206920894223465,16.997290187677283,15.119638441196011,13.8922573085996,13.3527867389531,12.689770206705042,12.073454228497223,11.43000017402031,11.274332823533516,10.929507824633648,10.442097044618551,10.059394600953286,9.797369859937278,9.62273761405809,9.501202428449837,9.39984659187003,9.29661278196624,9.206915151880457,9.154648476162967
50,0.15479413693023208,300.0,0.0,0.0,0.0,0.0,0.0,0.045652967441383634,0.4700113595136958,1.2638507432773596,2.5379031634335396,7.288958596185219,15.745131999124245,25.32098806640835,30.662635533725304,31.0350275656666,29.955785810955568,29.49091415732096,29.49623537472904,29.648936811391533,30.435926597802553,28.921458075312565,25.634894475463767,22.716447298676997,20.525012692130623,19.016200925075573,17.743521011368433,16.405150691578346,15.24161072898815,14.454741827138568,13.82820110840633,13.159843994851958,12.533532926507995,11.958091056173492,11.408379086343905,10.935965739401585,10.587516274333508,10.344680857548953,10.17841793587303,10.064403128827356,9.980541796680276,9.91194076582944,9.868685269584674,9.866902623235537
51,0.1825327996147515,300.0,0.0,0.0,0.0,0.0,0.0,0.045300756660674214,0.4506390478739976,1.187403663175077,2.34579486492013,6.508723984152139,13.545193607943489,21.157980636030743,25.676260985207964,26.756041174630756,26.332607955657206,25.73239711921965,25.576381270293837,25.91573644707462,26.429136817059415,25.00536995846341,22.534482271089452,20.341249457534886,18.68392819643125,17.511198496150215,16.563262418810112,15.397766808617686,14.095633692790136,13.04707875151343,12.47727247623089,12.19747834607684,11.857622379605003,11.42117263703325,10.91368155915031,10.408669787581877,9.972086644176086,9.621833122156731,9.360126509208387,9.17189630730074,9.04005072416262,8.951307384055712,8.901077001978711,8.887212050989854
52,0.15231765153636453,300.0,0.0,0.0,0.0,0.0,0.0,0.050480469799707134,0.5025768380624437,1.324955776420369,2.6187766109427786,7.256558864179594,15.027236811845292,23.328065574808058,28.099271637562293,28.986336642353802,28.14400668653122,27.536202830872163,27.64303008591061,27.67435850968853,28.408549420517016,27.445179785142233,25.12370231504548,23.113723104066132,21.30092978694348,19.501213935723406,17.74950908417849,16.096946613718874,14.768577586228842,13.946765886488517,13.294041780385811,12.562342843256037,11.970784094623165,11.565280990987992,11.188282282824986,10.836267102855716,10.542236341411527,10.305377358858383,10.116039507393245,9.95847987579373,9.816339174421298,9.67383099869503,9.514631000092637,9.323166499284925
53,0.3215181962675148,100.0,0.0,0.0,0.0,0.0,0.0,0.046336642306103196,0.4568669727406142,1.1978987500658342,2.368521829557519,6.8840834222302965,15.154537198060504,23.459009214991102,27.62689454512315,28.35631091450924,27.727876629498244,27.036121168233123,26.96864535572323,27.3625595873001,29.08123499647493,26.80258712424435,23.44639644188354,21.81222020128287,20.620562555427806,19.71484757025331,18.699042965485557,17.1832726683044,16.06931192201472,14.810242175556745,13.436110020155,12.478900643457024,12.096598900798503,11.746070940093361,11.268832163120274,10.796641441667898,10.450945702316364,10.22755179722815,10.097263683570484,10.03162761275821,10.003562268171297,9.994676437090313,10.01802478410679,10.09484505803891
54,0.19476065245158172,100.0,0.0,0.0,0.0,0.0,0.0,0.0523288808949999,0.49459382621643966,1.2647060338974208,2.4486583778665745,6.82722185479489,15.001300245953844,24.306557881627146,29.45961757172962,29.61796868227194,28.27009750070379,27.813933252953603,28.163344351200468,28.2337014367238,29.367488826686138,27.608282111248254,24.131483910712003,21.794564080130982,20.537745109840476,19.730576095269154,18.59787656712181,16.799126576083776,15.145428254160116,14.262488697089104,13.56404365172741,12.644007672535272,12.224219029183834,12.005865354591311,11.676998692428672,11.251234049597668,10.799646334524448,10.37586378134867,10.018128151639777,9.738792255395749,9.544470694063653,9.46226794420168,9.600663325678747,10.107255118742067
55,0.2529167290813171,300.0,0.0,0.0,0.0,0.0,0.0,0.040553145341831215,0.4421324474508989,1.229489387310708,2.5285549647711183,7.420550263734337,15.875752911032587,24.824074942637306,29.969098248356122,30.963997672992452,30.071037227296063,29.26576369085445,29.16992471679756,29.912987714419433,31.828011410733616,31.04891708708035,28.022194719474918,24.931979602056686,22.70344699982739,21.120478888805597,19.589985943499403,17.83160341115343,16.335291255812795,15.440156957735162,15.051769491714468,14.639200829057593,13.989029229909834,13.274312351605625,12.665480230220597,12.194278810090138,11.854331911785389,11.606945093394868,11.413754705329312,11.255523130613252,11.118206384493583,10.989752426892498,10.863680270115514,10.734989142402549
56,0.0294011573288322,300.0,0.0,0.0,0.0,0.0,0.0,0.04942202268611449,0.4975026767853107,1.320096753510252,2.621438816566169,7.303371611216015,15.122543718906343,23.354330774265186,28.094553934354085,29.15902506805631,28.53298373055141,27.794088300729424,27.68094773122072,28.081361855271183,28.768187779660426,27.243017785545828,24.3714875210148,21.871650970397745,20.21399070322038,18.909254055961373,17.64918707956324,16.29348892755313,15.038056591792932,13.95650434333601,13.031784808543929,12.401797334361643,12.11845018928149,11.757964704561742,11.316631624376932,10.889125643555358,10.536746822723872,10.263861138457342,10.060248225017093,9.90626821667307,9.781336398480114,9.662563979740408,9.5141128126785,9.299052635541903
57,0.2927007052615299,100.0,0.0,0.0,0.0,0.0,0.0,0.054307648079892155,0.4863014917849459,1.204763625960852,2.281479803973101,6.242672058603782,13.722800351957238,22.558104442225723,27.319301653864926,27.063198043652896,26.118595579258525,26.025189644581292,25.323768834921623,25.533628654838097,27.424067997695136,25.54251634168591,23.117564464075443,21.51533548711054,19.536823805778408,17.944339623041344,16.965766041389838,16.05586972695168,15.13166757876359,14.131558008927838,13.215465744273494,12.542076311511458,12.225507183547501,12.00235561387982,11.540108160641013,10.961152356403591,10.451678901504403,10.06992735250181,9.828557328434586,9.682747147272352,9.57853769632485,9.456210997180047,9.223723267739594,8.792259903512909
58,0.09160227581775512,300.0,0.0,0.0,0.0,0.0,0.0,0.046421477109284584,0.4705573995673763,1.2538303215439026,2.5013978112035957,7.14002593967669,15.363056348696128,24.399014078262404,29.355769960109036,29.950439039998045,29.048480878988762,28.437329846615857,28.296848025857216,28.42461522834718,28.463104363043225,26.941770515863176,24.473138253379123,22.00726552901198,20.092239052821355,18.64817758154604,17.389644350868416,16.208723587573513,15.240510891055226,14.433058715104652,13.651049454455782,12.830230381657014,12.184402306216073,11.775082176689446,11.431813347399208,11.136926352963725,10.909862540641429,10.72327189505668,10.544476134529951,10.357510487268602,10.151031570841582,9.904587375608024,9.561234898787527,9.065238730177448
59,0.2300974423408929,100.0,0.0,0.0,0.0,0.0,0.0,0.02675800962843635,0.33533869828425816,1.0119119608081675,2.211171196023734,7.085319809640707,15.680933229530634,24.135098628782877,29.24732741155716,30.2449550635609,28.764746097664702,28.040330289722103,28.82979602794345,29.163501058361987,30.71431716305178,28.50472222086459,24.895242614532172,22.74537176992644,20.953528808182796,19.84093065555905,19.087913766414438,17.65096218687119,16.121409628585475,14.817706593605655,13.856651827446948,12.709846485212863,11.815207072069118,11.592352838050493,11.55970776945285,11.474021505837962,11.252274972790111,10.975184076723487,10.737330546164108,10.552257709215326,10.41486612419851,10.308601743607763,10.169732382217175,9.92644622691675
60,0.06824457119154115,300.0,0.0,0.0,0.0,0.0,0.0,0.046833596140858844,0.47786756895468974,1.278030989010535,2.5510324348707942,7.119306283936601,14.72201019915937,22.800370652681153,27.416488408836514,28.50933629675274,28.190059716057178,27.65237124396825,27.24298770477769,27.384701447273276,27.78865993289217,26.230099496277585,23.637302747384886,21.441423581808586,19.578272722535704,18.25472385108614,17.17552049491575,15.618579974805032,14.300427615776997,13.496554286206369,12.824107279305109,12.029399954924433,11.432093540891858,11.143903630727852,10.89985457266821,10.643672523264684,10.391600304775968,10.156750328764833,9.947073825622148,9.756119094510586,9.574505956837921,9.387900538636478,9.161287800246107,8.858162101158925
61,0.19647653951451963,300.0,0.0,0.0,0.0,0.0,0.0,0.04844340405678875,0.4787009470199485,1.2565072046804833,2.476418554857625,6.869443293732772,14.353989334820497,22.44624133026158,26.911923739420626,27.551603098668362,26.957082750732507,26.605598713858498,26.609756419053642,27.078099306402684,28.442473345066485,27.402319175139496,24.298590386169284,21.499766406597367,19.738785200253606,18.452982872817238,17.259312471032224,15.984716055779996,14.797402006364043,13.652300663636648,12.53952785993049,11.740134443066196,11.320868525628567,11.056419209428661,10.819399261593366,10.611554093562782,10.447084376888059,10.302324029005572,10.14989828082979,9.980070086963353,9.78770656815648,9.567689396364369,9.313662260497976,9.019948127645796
62,0.08228175424062517,300.0,0.0,0.0,0.0,0.0,0.0,0.03453237389582348,0.39443199779002563,1.1271867219675644,2.3637752840677018,7.066873473475661,15.091423933728244,23.470843512480226,28.257019323900398,29.388385794169018,28.83156332432921,28.068556491662818,27.944134186476347,28.39834223838793,29.839164907650094,28.970845911712907,25.947753193239556,22.82077585160228,20.59803512292626,19.501353257319607,18.707407739565753,17.214376954081093,15.51444128863142,14.20760001834586,13.397380579418282,12.809215084803991,12.32287010643096,11.884727024189443,11.458067066767859,11.081322467846588,10.792426701114987,10.574214639428423,10.400347090023253,10.251678990138503,10.11148866343486,9.96117468158424,9.772451951243998,9.516871710809545
63,0.0801722749361226,300.0,0.0,0.0,0.0,0.0,0.0,0.04189574440989979,0.4489822815596681,1.2359383378671107,2.520668016154571,7.235078748234077,15.107452445167839,23.475904072170355,28.40741851901097,29.550850540328042,29.057249444665498,28.494528296534487,28.382186112478458,28.83214745753558,29.49964700416985,27.71700586643516,25.072443478083,22.668332870427943,20.50376361439732,18.916195643366226,17.832604084278014,16.781648567855285,15.62225261073013,14.43419941847668,13.342184542760368,12.565066427133676,12.24070338510745,11.979648353050148,11.664582627858715,11.34403756971342,11.064557112183682,10.818761404137508,10.588190199224126,10.357277739948634,10.112043360238404,9.841104786390808,9.539478929756484,9.204476396356965
64,0.11392252665078917,300.0,0.0,0.0,0.0,0.0,0.0,0.053869764431870706,0.5160925435564264,1.3302116329035307,2.586286670179549,7.0370198448803585,14.515918419399421,22.471905329042368,26.87807309594181,27.74452662727013,27.393240898076886,26.923333487712927,26.638109203641136,26.664847828482095,27.32559303239684,26.54092083198139,24.294749733165013,22.026084026109586,20.180733784232572,18.65017763125734,17.42288597419749,16.203184652867552,14.899839842424699,13.692874073929472,12.80810841962298,12.377274529543286,12.163948204913446,11.686720492688492,11.10358312106249,10.58915007707815,10.228377521781635,9.98404519266531,9.804045637773951,9.665581566144931,9.55358257086941,9.45933621508051,9.396343831859935,9.383363063154912
65,0.27427343943757987,100.0,0.0,0.0,0.0,0.0,0.0,0.039515982994954874,0.40610748190977813,1.090632907291958,2.1864606401660454,6.309380614534682,13.886820928209008,22.232418581654596,26.960628623942874,27.4632023744704,26.36939103355652,25.74205415000598,25.968644824661485,26.301826803731384,27.87834410549011,27.132691722983033,24.196345576876933,21.438506176997603,19.929779312951386,19.114683351562093,17.83432671191449,15.887893557833031,14.51518392188957,13.517628217137295,12.548492217062424,11.906647329114493,11.565819408653502,11.219532987101125,10.695547759603215,10.152172552491797,9.752308267045477,9.494371040290982,9.343294631726055,9.258072076456353,9.198095244669087,9.12499881487042,9.004515260206555,8.805360055240287
66,0.12100334520070177,300.0,0.0,0.0,0.0,0.0,0.0,0.05025304307830676,0.5056363413114388,1.341347326323511,2.6651296073782524,7.504188998473747,15.828506941115736,24.802503533930214,29.85778012475008,30.407208285096004,29.309021217254934,28.631403340745507,28.50898967300674,28.726020485868148,29.527903808814028,27.813547604213067,24.39289952073491,21.552232702425034,19.678025578486878,18.585781202739486,17.624435585012687,16.162007396603123,14.854561601632094,14.04908716199653,13.462316099076963,12.775079767599358,12.192557593305859,11.769893784554787,11.400876523406374,11.068022605515052,10.77993784662289,10.537704989184125,10.338292609026107,10.169208173009535,10.016445327695763,9.865352986057944,9.696328988536226,9.489726736851093
67,0.14952519602382758,300.0,0.0,0.0,0.0,0.0,0.0,0.0710425988276913,0.6363431294070405,1.5767037110771778,2.978934874531506,7.830032411832902,15.952491452438142,24.839633750476615,30.099974798938533,31.305727216506728,31.004168272403202,30.45582796605734,29.75278992931578,29.85163925329563,30.975119501146402,29.45065905128974,25.920679715212035,23.197099932092634,21.623767590518437,20.52256373745949,19.35669470535208,17.798132948263785,16.277023628805374,15.080109478074064,14.135862009906077,13.457523680387535,13.134706312572561,12.884147107252298,12.519329766122125,12.107672903142682,11.740518678500369,11.42655054819737,11.154887639274794,10.911295667425629,10.681659097754896,10.443357631481739,10.138431210836217,9.70776569521816
68,0.24015450198536215,300.0,0.0,0.0,0.0,0.0,0.0,0.04814350023639393,0.4845117822484838,1.2854575702313857,2.551810005199504,7.066039981246533,14.442891918288337,22.216325642656138,26.876089901313108,27.964684429773214,27.329742665805256,26.57471870548372,26.31879419454965,26.972360914071782,28.94092035761887,27.804575950778986,24.565953458279413,21.787878242895964,19.960085214372892,18.909103919206355,18.26825167506134,17.380322648341,16.09908166772328,14.67429771448323,13.346879141699956,12.399581257085067,11.837169388050864,11.388307930296513,10.971211831296792,10.613728119773242,10.344394064814377,10.15939951644649,10.047051841976565,9.98925866839033,9.967213870010788,9.958433416466002,9.923470147968189,9.819286928926898
69,0.12430590649778539,300.0,0.0,0.0,0.0,0.0,0.0,0.03970020910498232,0.43847997816194867,1.2287103857642216,2.542442492315113,7.54224428873442,16.24355635335535,25.565932617995422,30.6951352401867,31.654540412042465,31.213435411351814,30.65994140702423,30.145128604541366,30.054105594259873,31.035801409804012,29.954954577008518,26.735713768174275,23.497019256093157,21.21456792968819,19.900806025495015,19.04686205426282,17.942475509056482,16.642037322043997,15.350227048913418,14.069212028693398,13.102194117649166,12.701585687560032,12.464799557189584,12.121839222429342,11.724552383948044,11.365397335961749,11.070757537298675,10.84632166919419,10.679483624058495,10.55451403910268,10.455002039184919,10.358048905324347,10.239787561157597
70,0.22081328022478003,300.0,0.0,0.0,0.0,0.0,0.0,0.040036532318295855,0.4202282379141424,1.1427877776716284,2.311965708654867,6.649948768710955,14.21199144222182,22.65473019158946,27.57123440000848,28.288359014797496,27.48630999029476,26.968483684960383,26.66004891413139,26.884256725497163,28.065994964485345,27.296340884639267,24.891374649168768,22.407882549467644,20.407407837898567,19.163717981286812,18.164107018740694,16.69376450818112,15.10293752466425,13.803979937127265,12.94771776713035,12.315540320997588,11.701204890021305,11.183272284045554,10.787807724961676,10.514009410975916,10.354368194555144,10.266427616377442,10.20764142839698,10.161330163577189,10.11719662856594,10.063817004117775,9.985065206589413,9.864192598846198
71,0.13129526353718865,300.0,0.0,0.0,0.0,0.0,0.0,0.045361058064023824,0.46872827934692446,1.2630013586684419,2.537577127911378,7.222567308540637,15.252972108915447,23.858117841218647,28.51995350187119,29.14076255530827,28.681399868108596,28.382894504117473,27.809134563982866,27.97848769750377,28.75847627842334,27.581534790890593,25.29294379574848,22.971784328838893,21.07740194293679,19.486336900959948,18.022608058461287,16.670165528956932,15.665387221463412,14.897673480352536,14.041553100084506,13.181655240322462,12.579686646227763,12.13731613638795,11.735427017244762,11.36667141260566,11.040886599906214,10.746850483831906,10.471374580600372,10.209472939644874,9.95823000473055,9.71858161290957,9.505670361493452,9.336855626871628
72,0.1701782551142844,300.0,0.0,0.0,0.0,0.0,0.0,0.042289594010902355,0.43625710294613484,1.1744124120488881,2.3583333535036455,6.702037079475774,14.09129831503651,21.775688253357515,25.9873969975931,27.170390733908423,27.32140025832801,27.039340827825633,26.413815865665775,26.486680000984457,27.780002886065194,26.93683183066701,24.12159043902533,21.067360643833876,18.8270327283632,17.603356572330835,16.905356091713834,15.964665481614867,14.648986513080335,13.323517970437328,12.328557621772012,11.772952206515445,11.610443673368149,11.422046604717845,11.115343029717327,10.776089860626929,10.480674643775979,10.226757653004958,9.996286627954646,9.777685495575644,9.561473628435442,9.33683813406843,9.085902624742866,8.790987920944131
73,0.2767228877970956,300.0,0.0,0.0,0.0,0.0,0.0,0.0504732917054265,0.486173285477321,1.2571211926100176,2.4507189938358382,6.706919365238955,13.905453318996166,21.700670921081752,26.45510144143685,27.644941870075403,27.15615089205362,26.521465776938754,26.154219524694987,26.457834517026367,27.782047661994877,26.688506751800666,24.237881704312635,22.244064939942824,20.300690567568783,18.39269263225384,16.70598390635811,15.192944157723701,14.009994081042112,13.131934965170265,12.413110706081175,11.831454735027824,11.440291488295927,11.054741977319019,10.68288387285166,10.36472178036796,10.119279389779427,9.928161252150657,9.76961907948085,9.637648689529257,9.53014086438483,9.450874082729268,9.426465791045725,9.489656502299985
74,0.056459841993650825,300.0,0.0,0.0,0.0,0.0,0.0,0.044291423637143966,0.4620874917235917,1.252121825327784,2.525478390007624,7.21949338790758,15.398804122764979,24.457320721787596,29.463239889030415,30.099111340397492,29.24497345299201,28.59663407895023,28.412353079730213,28.75593884027687,29.819515528831392,27.972958577009233,24.6886185248398,22.229488849391206,20.63026430715078,19.41783264978886,18.078304561318294,16.528111301518695,15.289994346084699,14.214296585273164,13.362525730858081,12.726428915752548,12.145368167918813,11.741978324744046,11.388119550003408,11.063107747288562,10.786180370121965,10.546892175872433,10.329351830332135,10.120451404754206,9.908400722979572,9.683670481235104,9.442918090896725,9.184543150574894
75,0.7004651775192796,3.0,0.0,0.0,0.0,0.0,0.0,0.29536095362356546,1.5394626549428636,2.7550574254829243,3.940641109307275,7.1408226433853805,16.853735644820105,25.19952921487634,30.802424455482555,30.712664542174625,31.277355060557177,29.269742486243235,29.967297156627197,29.32017390728291,34.625898497042584,30.38330833776269,26.616060833898644,25.875082196573654,23.30596332199101,20.36151655358785,18.81081756556693,17.553248650946994,17.50120775588378,15.50168402606344,14.856054457513203,14.934131239837566,14.592316016703158,13.45475034360945,12.997963156430451,12.796054698346428,12.175397463614742,11.470189708528563,11.071933131653482,10.92732700320136,10.903299232448846,10.908389237353958,10.982381123169286,11.200320056854617
76,0.11643670506615902,300.0,0.0,0.0,0.0,0.0,0.0,0.0402526340160288,0.42404778005991756,1.1557153267756326,2.3437452480870378,6.823154675180778,14.793620697847755,23.540716768580502,28.54165369143588,29.354422105658237,28.35908373890318,27.70671349249513,27.73403133699325,27.818780025935208,28.193395408924022,26.72427450336435,23.926544224183292,21.38488455065687,19.789015146653124,18.930467381417177,18.022698538064784,16.652421340552923,15.262755731161695,14.084526414082177,12.97293443702761,12.081270005399247,11.642806956737438,11.406011707901163,11.132626844061024,10.846322518393855,10.60909215196763,10.417672657710645,10.253723322579994,10.096987684818433,9.927594033101492,9.721749943688366,9.43770114915321,9.035395176412292
77,0.11952500696431949,300.0,0.0,0.0,0.0,0.0,0.0,0.04697038068561558,0.47735097228787804,1.2736940973468698,2.539043712863186,7.096383658863084,14.66027910820674,22.436222838717853,26.83081749605536,27.871606111604635,27.28983195503301,26.51866462782397,26.402820143050842,26.93382948311812,27.698119551111024,26.04597963573352,23.23512175355984,20.675911657830635,18.711392728879,17.592809759621808,16.91292544888351,15.954842483604265,14.712026987976317,13.55233607823603,12.637605772315549,11.980282455395784,11.565718876901586,11.235984918964416,10.88329843011504,10.529166595816628,10.211787333768319,9.940319662277322,9.716368045117306,9.539021809486925,9.407134824321087,9.326644433082036,9.330285895256738,9.459266783900814
78,0.0664758012435607,300.0,0.0,0.0,0.0,0.0,0.0,0.04421851320266387,0.4652993191940503,1.2671502747982966,2.563142937312604,7.272804979852731,15.166925837833043,23.556586403845284,28.42156924811441,29.661589148328297,29.152436555879312,28.433176469635885,28.240652772969995,28.69824818999048,29.901549406697946,28.34336581434176,25.149809294496634,22.489327809220317,20.935242026114498,19.732885666413658,18.23788241726894,16.527043943041924,15.207690763354853,14.342092022983568,13.619614818321201,13.051430433461533,12.679582899887384,12.223011533871265,11.66764380121451,11.13436179515955,10.716659498140334,10.414370873095173,10.206881145994045,10.066616892110291,9.966201563629632,9.881473522509163,9.7954038420465,9.69304831177878
79,0.06573661737916447,300.0,0.0,0.0,0.0,0.0,0.0,0.05675214757277462,0.5475611729641298,1.4172077200992501,2.7631168364789986,7.504874163430591,15.408877885639267,24.213115650490415,29.465955718078018,30.15111175434415,29.305308150707056,28.828075950135222,28.5664724642561,28.616369772853037,29.240783764787082,27.811099867047634,25.244732073890262,23.157158073192562,21.21324536047715,19.551277399346205,18.370657412987377,17.189937040817863,15.910593245483248,14.75222919689149,13.818369225511026,12.96632670683898,12.326889690698119,12.00583263984198,11.76351022587439,11.529565400489115,11.300485221970478,11.077642406763145,10.861842908622227,10.647913240228926,10.429555156946607,10.19950578490045,9.945655813799139,9.655947338182427
80,0.08266605845644694,300.0,0.0,0.0,0.0,0.0,0.0,0.05958740390216311,0.5755077392709848,1.490342753004631,2.9044915144036363,7.814246732879518,15.731788967177046,24.194232646329656,29.259516019224698,30.281183244422085,29.520710830519054,28.858996327344578,28.897361679509878,28.99695506382946,29.357813438166776,28.46126030799558,25.906591436654196,22.956312884733183,20.879374141906418,19.648059877075163,18.552373456164386,17.128551169812116,15.69529890365523,14.58007701335941,13.759959872771411,13.066122807343556,12.488865038246711,12.023405764850473,11.610452980823684,11.253858376319958,10.968460013392454,10.744241375184762,10.565751679326358,10.415185697309768,10.274946586812835,10.119877796341232,9.893187998404363,9.536279937701767
81,0.14983422331371776,300.0,0.0,0.0,0.0,0.0,0.0,0.04700751151428635,0.47598098599373134,1.2673793114410763,2.5242437123311436,7.107397793191247,15.08439501720321,24.21477999066934,29.62899871683385,30.12959343128632,28.875649292086162,28.200554360734778,28.12025871799797,28.61905092982128,29.8882526725427,28.44303880229019,25.38529929560023,22.702587033626838,20.928668594528485,20.050864895232127,19.399915339071466,18.062443022790234,16.37974701295089,14.976627026201454,14.100040950655146,13.49143190355866,12.891843333197242,12.352864739227282,11.862362582499676,11.454847664514936,11.161920936991411,10.941282002327513,10.744153256378679,10.551520332864822,10.352017669154836,10.135398287418058,9.893617472238446,9.619932677325997
82,0.09193940043680764,300.0,0.0,0.0,0.0,0.0,0.0,0.05043301083494683,0.4868242486691381,1.2603953245428179,2.4605996787060134,6.795963436929864,14.314418276779978,22.619340082059747,27.5721278738786,28.62448487909169,27.997057151783963,27.440970514330317,27.41072622511535,27.522308950033196,27.842475016977286,26.426506468291265,23.865726431508712,21.448398684706962,19.440417743186682,18.153520541796077,17.163682474054742,15.885824874246483,14.599893470634628,13.623927900978126,12.82777063176336,12.092033822349153,11.587838069580965,11.268641645103912,10.976866527943555,10.70375148298095,10.47360253520772,10.285766492580223,10.13091611343562,9.987600365974819,9.83239182117765,9.642555342090882,9.394594151975117,9.067759578274512
83,0.14371394906508053,300.0,0.0,0.0,0.0,0.0,0.0,0.06043516190183276,0.5602188677698835,1.4162225396181898,2.712935330504835,7.2010890683408295,14.666340137000583,22.789746101364102,27.550426598704796,28.622643739932926,28.162565723296684,27.547213315879993,27.24340395142712,27.69597306214733,29.216551353529947,27.773338968146923,24.60820388458702,22.020413541624954,20.053684274725764,18.502084321499122,17.13707388525874,15.732933663865024,14.583995128836076,13.592399684853389,12.835147402308786,12.50459202606621,12.403879245264473,12.122011653547434,11.668502221465218,11.19459093070912,10.813452015349988,10.526045984381069,10.31012739961045,10.144724440864321,10.010412753021464,9.887198596711261,9.74886454893398,9.568884343468008
84,0.21845388208612682,300.0,0.0,0.0,0.0,0.0,0.0,0.04163231836072009,0.4330007101780437,1.1712928512201983,2.3624991222791536,6.838264232813488,14.868587191297332,23.82602499185332,28.496793953391638,28.56384635386262,27.44109743202948,27.015617770185422,27.098921520016066,27.65897551755846,29.230953820889567,28.359065136649665,25.711405814956663,23.090122345740657,21.076684810585263,19.660113607797786,18.341690148258646,16.913993426207412,15.92756364139854,15.1304699631841,14.086636980292852,12.961479917813515,12.337309161475078,12.104527525307624,11.905525345144882,11.667390240821495,11.400328482015688,11.127907103807233,10.868751878897113,10.615499716073728,10.355448227277583,10.072475071290132,9.734590159546025,9.310815653219013
85,0.16855018408552783,300.0,0.0,0.0,0.0,0.0,0.0,0.056754555590342974,0.5476893842967907,1.417752167189929,2.7673346623542545,7.6167723979042306,15.827791794573248,24.557427672206558,29.667994120373912,30.752028812015592,30.20549264722544,29.672202667359144,29.07390930765205,29.21448383915356,29.91937806330877,28.050008470947372,24.744495908557656,21.998089934099024,20.286098968301093,19.351569217641266,18.63345864231637,17.492062245014992,16.06902180387792,14.700153611283913,13.561529074340774,12.720383651378144,12.065957094169136,11.617556189225867,11.245524879663364,10.907237848746018,10.6001250272783,10.339345877083591,10.138393144379968,9.992171064999495,9.892041205852866,9.827174111357804,9.7751673370735,9.711145043420238
86,0.15199459727915923,300.0,0.0,0.0,0.0,0.0,0.0,0.04620944704162097,0.4704116973813657,1.2564670343444095,2.5067103072557932,6.993662323606634,14.34995858406733,22.03204509542254,26.600553747138026,27.888656042272846,27.542824046835648,26.872396795077613,26.462563557921218,26.942273025173975,28.27765580094767,26.76255505482302,24.08555625260375,21.99046029617262,20.14970140532967,18.593460462568256,17.31186236618904,16.14574868879134,15.02839702464732,13.971131354981509,12.985191779899958,12.106708122544333,11.475159079655675,11.018917344576826,10.60442246978406,10.248842732694573,9.988250344879082,9.799048558556334,9.64978617531785,9.524053701181376,9.409513694423236,9.289862676799261,9.131764829976907,8.900118058957647
87,0.06830884193039746,300.0,0.0,0.0,0.0,0.0,0.0,0.04929028747618948,0.4913604753340803,1.2964201231942523,2.565203944038278,7.148772094382231,14.891776636994097,23.286813931284524,28.29642567078039,29.359876445152715,28.68230046232216,28.000382753111186,27.945189825538737,28.491596322307846,29.764553994570537,28.658813429743933,25.713728303549487,22.800483508064207,20.717621775206034,19.26488380069702,17.99011448639848,16.579341141600526,15.378214236856055,14.424507693618414,13.594192686437845,12.898149042109258,12.446596082047632,12.117288066541526,11.762057192620334,11.413104646264383,11.127069048192116,10.903230361350124,10.725669134248745,10.568102934047806,10.402946861013085,10.192403084779478,9.856151099302917,9.31730418837815
88,0.21384215817187,300.0,0.0,0.0,0.0,0.0,0.0,0.06145712051385499,0.5914030352903402,1.5282442948986439,2.975429169975423,8.06266690308537,16.414462459625934,25.02261317578375,30.018592063001723,31.51526083489133,31.218253036747384,30.414461968594527,29.992857514830856,30.375644339099665,31.76682726351517,30.63531456627382,27.75137605172774,24.879377592480626,22.422681185235067,20.523467151298366,19.008998413241972,17.61516964314674,16.442023852767417,15.504439496253829,14.597746662405614,13.637791750989722,12.848056985996411,12.31508023370618,11.908645189034678,11.58696177028745,11.340526808956273,11.151932373340582,11.004107830010884,10.884868209774904,10.78358340058118,10.696441913668576,10.645244311952371,10.657946546979238
89,0.05913354787597061,300.0,0.0,0.0,0.0,0.0,0.0,0.048377509409213024,0.48466317682930127,1.2824347184542453,2.542129105872095,7.098956756390771,14.8784287726516,23.352298310992005,28.352659070274544,29.41669730437629,28.662139126125876,27.948023444154764,27.834490688199516,28.134628550131406,28.565946984625086,27.19648634104677,24.492099343264872,21.89829525270995,20.15440914139015,19.136061608127026,18.139377274099708,16.635581244844968,15.032060616475071,13.822537061392545,13.06206807254609,12.557302485729496,12.184671970548596,11.86448431693099,11.517430319015128,11.172006412724125,10.869295441545765,10.604661660998076,10.365017465491421,10.143073918093524,9.933214818631637,9.733048982625325,9.551513764950375,9.399612120771332
90,0.14058616733780044,300.0,0.0,0.0,0.0,0.0,0.0,0.05914086964984363,0.5465299992017897,1.3790420068806584,2.636762763662211,6.964310045002109,14.231944696030975,22.52126508427345,27.709067911083952,28.539310093988774,27.53584847337391,27.074453809425428,27.012807386008703,27.226898714585307,27.970308865476582,26.409983651991876,23.26943724400268,20.521488797703068,18.689396397696544,17.7211499327686,17.13145325960427,16.17019663974938,14.831674581769741,13.526807533383613,12.491922373782785,11.805599946407478,11.51980377812476,11.302622027829978,10.959825802969615,10.571947654435508,10.243372256099375,9.992333077879508,9.813363353779899,9.684482981135996,9.581143641391948,9.479666021598968,9.35574870585924,9.186025175448007
91,0.14908482124678182,300.0,0.0,0.0,0.0,0.0,0.0,0.041880021291976835,0.44486329253226875,1.2183564893062755,2.47855131666977,7.189058104083231,15.347601345918495,24.17587382280714,29.221223073279894,30.169125121712728,29.401696458566704,28.77617603615941,28.587874652536016,28.545767456436277,28.59850161136227,26.861638414910185,24.035477061328322,21.47861451977976,19.671115496325765,18.53309674515105,17.671647449523206,16.665118140839443,15.486079564681914,14.419718647722002,13.580288359630813,12.75355557069588,12.061540725144905,11.65620828755883,11.319224621174229,10.99415161401192,10.692745021366358,10.440989390306296,10.257995631606569,10.128985556440034,10.032419202494793,9.946757057638527,9.846682310322999,9.706766074687147
92,0.11559733353753605,300.0,0.0,0.0,0.0,0.0,0.0,0.05169487905945927,0.5147640521353691,1.3572954692641201,2.685262293078446,7.5304811468490325,15.940319180163131,25.075538254670533,29.90521153564959,30.36579629327095,29.565942310988586,28.934368603885844,28.497476638922468,28.74559816794719,29.484371183026532,27.493388855798447,24.41554447985048,21.927411589713,19.907269008208036,18.648543011025335,17.886185839214637,16.936066441316186,15.635205907935047,14.442389932697083,13.46583476490343,12.721594902372319,12.29716062345516,11.915857011796481,11.505895797798805,11.132648296269547,10.850028500625493,10.633786579368051,10.448487993524495,10.277292433785973,10.108315023783652,9.934336972016924,9.764215014183486,9.610005990647325
93,0.15223796621011093,300.0,0.0,0.0,0.0,0.0,0.0,0.046324568923313894,0.4880550182930904,1.3301447643185658,2.6939993986905377,7.700567505661728,16.166618045840313,25.225738058501687,30.2134797143627,31.090497593120272,30.524795945820355,30.053139784003875,29.929109927589824,30.317248266843507,31.28626307690555,29.995148044672142,26.98044292690165,23.76866316154637,21.508303547648005,20.66496525407221,20.24319756296022,18.9458022999848,17.05278763211846,15.347166099209408,14.184459829121517,13.483656184976981,13.026131767169966,12.567308800289826,12.108116335935962,11.724227329122824,11.464661664604913,11.28912202575508,11.145862102363335,11.008571938290906,10.857687915625856,10.671421593669606,10.417040325889594,10.0629996833145
94,0.17411012845446142,300.0,0.0,0.0,0.0,0.0,0.0,0.04499535606457823,0.4683151763448325,1.267351792477003,2.5572052046710256,7.39659973001965,15.890294453685103,24.982609436270433,30.074868697288636,30.959985573673535,30.222187909924788,29.53958227303139,29.224440618264552,29.323089922099005,30.24609237654844,28.7501286278697,25.74844804542728,23.25881943366687,21.380693417502396,19.988625553738405,19.11835849601909,18.19290761389947,16.988711025183775,15.723989605661126,14.535183300361611,13.68260842241673,13.354123167535837,13.05081644446623,12.543307440492061,11.981954907803608,11.527603297907357,11.194217769147793,10.961438887066608,10.79612312334088,10.664282638444254,10.530858743154415,10.35026900759264,10.077464534639592
95,0.13663918763306612,300.0,0.0,0.0,0.0,0.0,0.0,0.038861223974443276,0.4299614091886729,1.2060019272602793,2.496267170702867,7.3946094594502645,15.888221866043175,24.920710858606775,29.942848773031866,30.835610846716104,30.36346012783561,29.932135143073367,29.209502584578097,29.13691064711111,29.470882281820355,27.566403462927557,24.826219193368697,22.71834989371284,21.026424768959576,19.61393409585862,18.278120166032018,16.829818891239455,15.530310412328651,14.46376719228767,13.635331938889982,12.933037035876362,12.397494941093196,12.058597086333272,11.711131163527938,11.3596006849803,11.061076751857916,10.826177783355577,10.651323731046926,10.51897054644042,10.409199071953937,10.301369646599532,10.169069687111191,9.985690163481188
96,0.16239150497094554,300.0,0.0,0.0,0.0,0.0,0.0,0.04632350348214982,0.4667464846711208,1.2391470903285196,2.461848726911687,6.883155782720701,14.383762286124329,22.4023235166727,26.782648809546604,27.43531513954885,26.947535261944136,26.548264700674338,26.29032124169117,26.439339886488533,27.58720461345141,26.846375855334436,24.56371684154047,22.181303164922987,20.24157989122908,18.862445064675104,17.791573132647546,16.694609733015152,15.579184568505728,14.426730650407553,13.403487924220228,12.712314955093301,12.255255793888027,11.774100320031627,11.267626604807253,10.805968323730802,10.437161740183807,10.152887430376811,9.934754524169062,9.768184423762298,9.640497609058976,9.549687815107635,9.532617538913186,9.636827872439364
97,0.5406388296346959,30.0,0.0,0.0,0.0,0.0,0.0,0.06480074174916249,0.5312931156581273,1.2499309204120406,2.287376086529529,6.327783370077839,14.926047959104842,24.24523002732172,28.60521448832572,28.87550896724408,27.980981927699283,27.38659375100427,27.773868911665392,27.001909518629894,28.245765499928922,26.79311818159305,23.898911385102096,21.26926166167249,19.11002262087411,18.33144622228464,18.222547351249073,16.754676571221175,15.249100672320067,14.399716870080319,13.609604004155253,12.971009635485474,12.61155144413927,12.12985761909514,11.47760244803041,10.89832400993094,10.566644231654394,10.366930288659736,10.155203711734472,9.890874077727858,9.560166480975687,9.179186737554655,8.864827679096768,8.744403464341861
98,0.06543494670003619,300.0,0.0,0.0,0.0,0.0,0.0,0.04624570793721238,0.4632988576605165,1.225937299797002,2.431609732480965,6.833392048875286,14.382355682414259,22.379052607930944,26.940294975526253,28.01837354536369,27.500333970332882,26.891051654674683,26.829517142372925,27.14677839646966,27.870912130659892,26.311036585942237,23.565237958385843,21.399207099357856,19.7945781060622,18.508375321416743,17.28372292820351,15.894427466165281,14.589321835895394,13.471774127197639,12.597536642464442,12.050225558633773,11.649587245532965,11.20474486158468,10.750934259992658,10.35414746413483,10.054136699317,9.835143975130437,9.671758083760363,9.54267907673708,9.428458612352365,9.307062575399305,9.14360103691501,8.902614248383397
99,0.1656598201865949,300.0,0.0,0.0,0.0,0.0,0.0,0.053981027120433386,0.509167734386732,1.3004417616394541,2.5117893571757564,6.781732476671101,14.007360895984453,22.10483653661063,27.139806665275888,28.183995521441435,27.276390193736443,26.5454754879073,26.54954903827533,26.761641568702107,27.21035191242364,25.98459466325258,23.457240226563954,21.12510133231119,19.544837274262168,18.462290069793777,17.279084624866197,15.740835237005733,14.33383359337937,13.214604834119234,12.430420298073663,11.95946930444405,11.570989313764139,11.050461139370599,10.534581894479187,10.120459572623389,9.846877511123019,9.676795617237556,9.565030240385594,9.48818483287023,9.428602935826401,9.37010151235198,9.300598912473564,9.20926737373056
100,0.13842215265546837,100.0,0.0,0.0,0.0,0.0,0.0,0.040605114985612624,0.4305365858918987,1.1777059034392798,2.394914212628043,7.078525938783422,15.720663493460005,24.76018810329962,29.32652812534585,29.773654103522677,28.71968163028381,28.04305022914345,28.16438403784814,28.59288082823031,29.91408485124069,28.08219106493122,25.10422776918227,22.64536353625861,20.84300976864352,19.65221864062373,18.472219639639917,16.888912650023745,15.35774872528606,14.213113640802042,13.386026023652068,12.557402934281546,12.060852697685952,11.794412932763775,11.520064010783717,11.231289268081108,10.969250623666396,10.739419017970699,10.537860986068114,10.356635071417575,10.18724517702294,10.039280451338957,9.99167052332676,10.141561268958801
101,0.2172230748863924,100.0,0.0,0.0,0.0,0.0,0.0,0.05671303645804396,0.5274389533150523,1.3360716309040568,2.5732634024473517,7.229400384840191,15.874469025062758,25.05291179991013,30.562066400897976,31.76445838716451,30.407761965922443,29.771154450028572,30.29453528412932,30.239664212035862,31.376878835574747,30.230403900388893,27.151067401368007,24.185821918870896,21.68653873748626,20.171377077718024,19.056975474810283,17.437460829125484,16.41162484017581,15.905559051074254,15.049417720030299,13.896658949217882,13.081385658070788,12.452404122210906,11.952064467884146,11.57646984410509,11.313885781283128,11.138601551172503,11.02193314717246,10.929130593096632,10.824813618468669,10.66712503559861,10.386744544048833,9.917668024131796
102,0.3045411866239849,100.0,0.0,0.0,0.0,0.0,0.0,0.039275124271429464,0.4177374867039361,1.1448589711804744,2.3328156599824643,6.9391484185582,15.451587934142353,24.486748706777394,29.30526036098985,29.70810315537538,28.19531337617004,27.441249197383463,27.880954557737788,28.0519741681973,29.36178828755946,27.41108978427156,23.76248450832464,20.86115746688361,19.072439224458336,18.518997466779904,18.43838440079319,17.392580859866158,15.6894863319157,14.26338646570226,13.031767367950506,12.130162633720854,11.78889780275746,11.677919516059193,11.51932847258825,11.281032480402947,10.987804686733877,10.680166903283183,10.39318858290365,10.136459181591174,9.91325832392504,9.722623023021262,9.548087955252498,9.370518771151104
103,0.20886505968718005,300.0,0.0,0.0,0.0,0.0,0.0,0.04939945240966908,0.5067378278921973,1.359570799445052,2.7227626559521285,7.723720342370163,16.439400930998772,26.05363278431556,31.250903971567503,31.77144701579481,30.749664858682767,30.123529046339865,30.09166060620239,30.38331002829914,30.961461696236785,29.16276087907113,26.221060908906978,23.898538165261268,22.388368940748535,21.331924483029887,20.281710381294495,18.846877748934283,17.273336642090143,15.844897088014802,14.591011893749734,13.488128665411132,12.67580487679688,12.163627804804008,11.791542247008516,11.521889271020493,11.348985143810655,11.23407491282285,11.136978542419477,11.037610706838645,10.921098360605479,10.766891099291232,10.531284212958203,10.169928887967185
104,0.07888328682363147,300.0,0.0,0.0,0.0,0.0,0.0,0.04938663732656388,0.49650260483069214,1.3165624500540272,2.6159969197068174,7.37210845718171,15.574282877104295,24.54306872791786,29.63014546177901,30.173421591454836,28.969925137882786,28.18876161643529,28.16763315555763,28.49519299411489,29.341023001297994,27.743736597182508,24.821636015011862,22.469505950705216,20.747734802528495,19.471089726895976,18.24139201845326,16.75914623660649,15.569943991784308,14.693185999025554,13.839998868591719,13.007791543769576,12.383658806176236,11.968667154137062,11.611479564125933,11.291197379743139,11.02042797271334,10.7906367268251,10.589791803177418,10.409139584003753,10.241059626229097,10.077274168158285,9.905726364673656,9.714098874740648
105,0.12151563215554297,300.0,0.0,0.0,0.0,0.0,0.0,0.04939494448595045,0.5042710519465674,1.3492181916821704,2.6973620846045376,7.622648728341305,15.977118849634397,24.875743185365025,29.858370019493925,30.91850021959396,30.617658968097906,30.154813642878338,29.64977441994366,29.716982067242633,30.181675201054546,28.474587198926763,25.467818971887286,22.903058140363264,21.049582042357077,19.681534137058755,18.542957686324325,17.268219590509936,15.644705907272574,14.198382716259442,13.334474120664266,12.846852291960849,12.484360671766224,12.15077681064717,11.751247407127275,11.339422269325654,10.989419156373614,10.72444656400641,10.549435797840632,10.444605872427996,10.385886920841102,10.348754803848651,10.302389586073954,10.214818757409821
106,0.07858831324173911,300.0,0.0,0.0,0.0,0.0,0.0,0.045497562216002846,0.4670092476918165,1.253382615704821,2.508236749425523,7.01300402354833,14.485550922562185,22.505329202420064,27.20546780457249,28.23189117086183,27.91186212743136,27.457234991697252,26.86222387864811,26.936189575090378,28.26745119419896,27.504094691761917,24.469797978276677,21.54627432835181,19.49128648031423,18.12074898574202,17.15959520406124,16.151252726806234,15.069974475357888,14.07314231372634,13.177283113138058,12.386137821654758,11.745080757298894,11.28315355454624,10.913399736849332,10.617879503837608,10.396025180414386,10.218917277142419,10.057025841591805,9.89901466682495,9.738171036554322,9.565936672373558,9.365721875820608,9.120423728570735
107,0.1975051062423818,300.0,0.0,0.0,0.0,0.0,0.0,0.04280969121117748,0.44523198949489967,1.2042671835684748,2.4263875354576374,6.939736607154388,14.820654735433228,23.56420015475335,28.43774944571199,29.130346325408023,28.672371282952632,28.368565395032643,27.93794513116297,28.04976324386817,28.847269908057836,27.30849119093105,24.281343513200895,21.645129217732226,19.558379057579653,17.851742937170844,16.508964628155937,15.293650840959511,14.227500737985256,13.315534338597761,12.525142253803368,11.89921532539083,11.566476361496457,11.299817985208444,10.960578980116416,10.602792540141266,10.296349493492007,10.05117881362309,9.861729588048563,9.714974377791922,9.596972944343586,9.488182589227089,9.344460863973199,9.118340490131924
108,0.10829893661997984,100.0,0.0,0.0,0.0,0.0,0.0,0.037458363022207675,0.4113552618118325,1.1487243964582134,2.371013838002126,7.044133797202301,15.182969584136076,23.794662230289024,28.811717236924743,29.192903542358106,27.936137957094484,27.359900638561786,27.50134868860326,27.362606810544513,28.865760430648283,28.089711539020488,25.28556277387313,22.34555374009464,20.333754144522125,19.135778417274988,17.99084912803462,16.441964791286736,15.23423139596412,14.33685608255571,13.481039242505556,12.672017687334499,12.202060066020573,11.998568264524225,11.83080546388851,11.609934668040939,11.308555875813974,10.969003876803509,10.638531186281059,10.331172941499796,10.052492667982998,9.799653499301018,9.539925006353391,9.236680992873318
109,0.0678966529721132,300.0,0.0,0.0,0.0,0.0,0.0,0.056349648590313356,0.54547461964849,1.4145857793130052,2.7639211839390407,7.598155019919251,15.891963654616134,25.19862611040532,30.615151696784537,31.173061504630702,29.961513462902186,29.325401455685675,29.337094334288476,29.667925855607244,30.3395608189087,28.762515538199125,25.56113980289496,22.682453708541246,20.751436100993626,19.453387097734733,18.456860592034115,17.229874567357527,15.816545652084288,14.704394365525939,14.02729996626623,13.411598014713714,12.737337266217633,12.233268773200274,11.82808831464492,11.503783308195995,11.268338109686809,11.089128368072075,10.928636060333584,10.761028072337863,10.564277070213496,10.308480876627213,9.930423963690187,9.371329969019408
110,0.15894979452416513,300.0,0.0,0.0,0.0,0.0,0.0,0.057792247456029865,0.5605875163778347,1.4554287241069703,2.844463164480939,7.789900434082234,16.161697929352584,25.295092137000015,30.592637400459946,31.134174286043848,29.889845359906488,29.326050480955068,29.447800432859484,29.625006783043787,29.765148072846863,28.39879561592361,25.99151667808318,23.51756571477439,21.599728965505307,20.26599806946671,19.331996730862095,18.46531890387156,17.161116565010552,15.632971078017793,14.250254695442065,13.299775211316009,12.875141370735928,12.574920568708384,12.18987963785489,11.791938028959274,11.473194535091743,11.235079643865786,11.057183291183916,10.910567711494242,10.76546872999704,10.583801662145346,10.291875234515045,9.817603537434069
111,0.11682104657194758,300.0,0.0,0.0,0.0,0.0,0.0,0.05817530857214384,0.5456780335911358,1.389159845372323,2.6778014968796273,7.244124163543826,14.999256930439214,23.405482884528354,28.40142460209677,29.43128493716291,28.52797681638677,27.73747625407296,27.628856911203982,28.02809915169306,29.15753094787421,27.86941537814932,24.842234424932055,22.175678926754976,20.347634510045197,18.984151343313663,17.785759639904267,16.588209910271498,15.354318569463375,14.273322421549446,13.512144490744959,13.024547341619279,12.64806788655277,12.297750402399814,11.923932736701145,11.554801837719745,11.225228546145587,10.933889735753985,10.670551468630176,10.42146503541971,10.17295477607301,9.906831184940875,9.584762755039721,9.169038669625522
112,0.16256905703742938,100.0,0.0,0.0,0.0,0.0,0.0,0.05900173523403877,0.5441940012171739,1.3715949116995083,2.6262928641885,7.182767758706826,15.390950315187608,24.22591625019935,29.083698506909943,29.427864655724594,28.68877551782756,28.303542961000026,28.01595482706757,27.95264556226646,28.26303999534691,26.608379686556578,24.737636762787957,22.59483517559621,20.08056984724528,18.645824331799318,18.022524346398228,16.799367486760236,15.713310843308578,14.906054977508067,13.693861424422773,12.337366271474226,11.700368252490447,11.667025331790128,11.574409583902673,11.321594318401896,10.983673729802822,10.64010633195631,10.348660019875005,10.102023856012906,9.879344504709662,9.658170443010222,9.404610422604714,9.08534429947451
113,0.1749864970319171,300.0,0.0,0.0,0.0,0.0,0.0,0.052299657363136076,0.4841776943673851,1.2231544205547882,2.3441886538173478,6.288960274016898,13.02799130602943,20.422618690465214,24.73456257448786,25.67027815804384,25.25168730269901,24.689167427905765,24.456362893472228,24.998096724868823,26.575073188860628,25.616983365380744,22.788659462952758,19.939270807776726,17.958844798008396,16.958181887151344,16.355811301836688,15.314707576443416,14.080606011447664,13.140489684547022,12.424748060348039,11.73998190604313,11.153506993820965,10.651649989350618,10.220118597472089,9.885372439523668,9.664875861351685,9.519541560554625,9.40556873118738,9.30242302449233,9.19556999124988,9.074794193907302,8.94508246759795,8.814764712190813
114,0.5539440793706101,10.0,0.0,0.0,0.0,0.0,0.0,0.04532597149490765,0.4657161738204753,1.2474508522717853,2.4649955394477843,6.935190822796601,16.063468522180735,24.069892676960254,28.209900041710526,29.335189770133045,30.04730844162523,28.703238309140175,28.471268874575678,28.267296451088473,32.49079455091202,27.965332300808754,24.37566884649079,23.662752609275852,21.47145042092797,19.7349928993382,19.129536712249195,17.81006194858564,16.132164052404757,15.63723915692527,14.77967375428331,12.86074504610459,13.000531008515082,13.44802489077407,13.19188119035312,12.37057715118447,11.328988732494448,10.465821267905115,10.023953845113928,9.91931672082419,10.028577212426892,10.238252036698581,10.410507441594524,10.394064769963204
115,0.2351441401177368,300.0,0.0,0.0,0.0,0.0,0.0,0.04289973544830058,0.4437207173204521,1.196264621297304,2.4035006762526656,6.821669233379375,14.429406502089446,22.806128640427136,27.676582312972922,28.40453458232797,27.604166819326345,27.1981807755132,27.087222739728375,27.07143168639342,27.064797705885994,25.26514940229366,22.449749621448603,20.279057680342312,18.75865040633317,17.543559565467735,16.56817101720127,15.640070875310155,14.807828364340903,13.83002431195585,12.496252652683653,11.248252716335797,10.639616419382559,10.51648838497289,10.446832826217952,10.327053465846197,10.157885847811997,9.972265742926,9.80074615525287,9.640121632991024,9.479536866236268,9.3012448285136,9.059501960025239,8.707285772870017
116,0.15840174772175283,300.0,0.0,0.0,0.0,0.0,0.0,0.04522966223100624,0.46377531610472,1.2440441033627847,2.4910144681502526,7.030911931076466,14.686211164269977,22.851116606514967,27.40419481454712,27.970660126120066,27.118214031328346,26.53430231212799,26.237777586068987,26.40341101094918,27.221845478376704,25.845352473676517,23.25348574310049,21.09715759833729,19.38727116925012,17.89942061218446,16.710381105036046,15.699460179984328,14.68494909508092,13.731876170149434,12.869445745507083,12.110445752580821,11.544517471056231,11.209261962977369,10.88700463216737,10.544443988669986,10.20947432524629,9.906438071098087,9.653633087338669,9.455608953858588,9.31402231569498,9.245628162923644,9.326445447473354,9.655737070099718
117,0.06730614429939948,300.0,0.0,0.0,0.0,0.0,0.0,0.04873698066088797,0.49167589932244066,1.3062948652148445,2.5972395476947057,7.276318995306346,15.121807692535034,23.29210774299617,28.054517174347932,29.28954249843702,28.665577804533154,27.956483488513808,27.789075540845328,27.78556515989526,28.468770229129902,27.50433846264077,24.901318182930098,22.232289494952283,20.223342291225087,18.8122970521271,17.55579611752931,16.232845788950364,14.921749819685166,13.830738557026223,13.078718791840904,12.51813921878717,12.011852631475186,11.607346235802712,11.22472485750856,10.894105118634783,10.662166903303394,10.505333239430959,10.38782887943029,10.28269175481761,10.165724142106642,10.00158134412888,9.710177117164701,9.213211875521356
118,0.10832013069338661,300.0,0.0,0.0,0.0,0.0,0.0,0.04439578026280257,0.4667901477601225,1.2706533945825893,2.5721375041527472,7.4014155890738325,15.75272586219883,24.728084217828712,29.677187751023574,30.32953284442689,29.538635892914986,29.07538777320301,29.01586710172377,29.34874751338068,30.41100191041222,29.046210253141158,25.75051685019423,22.63376311538246,20.677947949791353,19.469660306057342,18.218844918825287,16.62586005670536,15.330606331823486,14.492578551281545,13.733028269600963,12.94989236186344,12.43955417235905,12.112107175748404,11.726192250644871,11.291680742319635,10.87309183141468,10.503200496203767,10.200414599116497,9.964230140151148,9.790630161318534,9.687611318164809,9.707782667867306,9.918975012036176
119,0.1832606168274327,100.0,0.0,0.0,0.0,0.0,0.0,0.03983248198602714,0.4197326346229705,1.1438072218415942,2.3161428703765576,6.702505036902399,14.300673145321447,21.701549049793144,25.477424841838577,26.743702855437736,26.77883375690123,26.12520455275709,25.698949646116937,25.727788453444944,27.14679202080003,26.29520376694552,23.183029910032367,20.737426266832536,19.16597397688368,18.25051106497355,17.132353605721335,15.350450541091154,13.857990913257089,13.05006676898297,12.61685095312658,12.249922183743745,11.833482856061414,11.080766364951778,10.364410539993745,9.863958495400817,9.62043421646136,9.539129987518567,9.516069318400612,9.50188997547061,9.46036350081476,9.34409253535737,9.063016252103022,8.533649190343263
120,0.19515955729552073,300.0,0.0,0.0,0.0,0.0,0.0,0.03219715328624389,0.36509035079526064,1.038897555216613,2.1730626458360023,6.538461211335653,14.253387066365592,22.453067020959057,26.96183543742737,27.812940116704514,27.300396464683097,26.880494062362917,26.757514205270056,27.264775877458465,28.463010832502054,27.16950355933716,24.68504424670618,22.583566984201447,20.706889195764887,18.872711943202845,17.344647693107415,16.1565496396727,14.887048730240878,13.750024383480433,13.114319716726909,12.805877114400424,12.525095393077835,12.093466983606536,11.585281699846657,11.104735717774298,10.719518911255028,10.422678315172039,10.192606498376316,10.009035005886098,9.853254917801557,9.707137000970771,9.550744647120064,9.3646924834734
121,0.0814015703205034,300.0,0.0,0.0,0.0,0.0,0.0,0.04570700054791518,0.4757947759071128,1.287657390171408,2.595382071554179,7.380614866615496,15.360563980938485,23.654792334996614,28.51726007594009,29.90857975448493,29.74390230576297,29.214502902701692,28.65637794507729,28.811961423853106,29.50439693327422,27.769937430235345,24.7615455518239,22.382583103880364,20.7754157939063,19.64046632979981,18.552088736651903,17.142975527870814,15.6985952108996,14.484106433710489,13.534778893870815,12.702742924196514,12.067553464238024,11.67987800088264,11.327429096750194,10.994091229019288,10.717597801969857,10.499404759787577,10.331158046834819,10.197258761618434,10.081126671869477,9.965754886326966,9.830055348731248,9.652942973098071
122,0.2376832034172839,300.0,0.0,0.0,0.0,0.0,0.0,0.06838598504086396,0.6109389628585126,1.5114603099990136,2.8539459002665977,7.54490742192738,15.550228690654441,24.36711470627784,29.525675866092044,30.45437143543834,29.69939226697264,29.088638489457814,28.781695719861784,28.927525899663493,30.217169830141952,29.052914522300465,25.932962180604896,23.014760131458807,20.93833483359719,19.68259981960176,18.585596830015767,17.019234328943416,15.458513828928421,14.253736588136992,13.315446225192483,12.471546870133546,11.89449264081267,11.740863830431234,11.707837036100518,11.670472573412841,11.589867372453224,11.464474935936739,11.301465065099448,11.105414751423101,10.88026673479785,10.624615056262089,10.316861186130259,9.933778263270696
123,0.2501009293236825,300.0,0.0,0.0,0.0,0.0,0.0,0.08007611446156908,0.680247502346437,1.6336965246379365,3.0122354397665756,7.568670151496498,14.933871638024657,22.918338164689825,27.79592012125903,29.165960852396925,28.91252062593145,28.4367647623756,27.94920933864295,27.98687600843214,29.098954067356566,27.73974730062761,24.660925900613236,22.104524134313582,20.259247576087297,18.846362667742202,17.75568721629624,16.640831962213557,15.36416901433876,14.075056642494083,13.16532836888245,12.61961710217872,12.244723121539474,11.910756400964072,11.546214608109876,11.17699037875488,10.839527635906409,10.536564396935598,10.261037718948506,9.997749354892608,9.730777326404443,9.440440884879152,9.088905285889194,8.640344857803072
124,0.09441465107558916,300.0,0.0,0.0,0.0,0.0,0.0,0.04644718196796899,0.46999067146745477,1.2509135244209286,2.4907594052582693,7.017142956692009,14.7782912511195,22.834356712752466,27.12806411461594,27.93631359348373,27.404443487373676,26.734687969340115,26.644492929767665,27.11171176078918,27.776080598452396,25.93746899010849,23.02414703693093,20.93820478277951,19.5680994999465,18.246451582603502,16.929525281250218,15.54875836656125,14.359977230096968,13.309841458182856,12.416540424423362,11.786086885820724,11.404860304749313,11.09493036188126,10.807730488899516,10.554451362882054,10.343969995349303,10.162352771959567,9.992124764760561,9.820432034486227,9.636066825293963,9.42352508260437,9.149002398705624,8.7789968901951
125,0.1813007853745461,300.0,0.0,0.0,0.0,0.0,0.0,0.04735183514973381,0.46753199869745016,1.2266118951633709,2.4165585993660827,6.683371855653692,13.83701121531284,21.48515594055717,25.934860246527094,26.758068954772135,26.1705889078742,25.79222088176605,25.76402685597712,26.096430985552722,27.564493386821606,26.68072015659914,23.612938200172263,20.490064383447947,18.475367893175864,17.61010033227404,17.06474088769856,16.008683269784267,14.646779008666952,13.414330529628332,12.472544382863363,11.810490189783918,11.420463129429269,11.017391845087467,10.59859204084716,10.235627657927242,9.971115058892352,9.776344103902398,9.61256379285929,9.456716878618472,9.290319205600207,9.090112327795936,8.811741688491313,8.412465442290832
126,0.11469428206112464,300.0,0.0,0.0,0.0,0.0,0.0,0.04550506648576612,0.4769634220515342,1.2960134936558063,2.620682272352177,7.542983009437041,16.103417315463798,25.47053502080343,30.599845845659488,31.37255960529956,30.917401838539167,30.55227733328424,30.007404311348495,30.199706063025083,31.461792983990613,30.268179720117324,27.239321047207085,24.64656175493608,22.685559995470854,21.06436851691456,19.59580203465652,18.050706132421805,16.52645327170959,15.28057126592892,14.387138296167718,13.678321469826141,13.082981993886811,12.64042660822369,12.20488552298375,11.794339780610622,11.463648471200969,11.217051125011825,11.04434762114306,10.921165244479736,10.820941641786208,10.709453797424962,10.519240882676966,10.180411936686792
127,0.1676546315495442,300.0,0.0,0.0,0.0,0.0,0.0,0.04904667700510718,0.5086146747412121,1.3733993189658928,2.7642955104713094,7.873722380012327,16.45238952285357,25.27896166855981,30.3554036141921,31.701921063700425,31.238927076435246,30.495851086563324,30.16580026608566,30.40480665464219,31.150016990215462,29.363856849074587,26.041429961852728,23.41200498033301,21.75292049768182,20.600016795037316,19.472990595123964,17.879737048515352,16.008480251486596,14.4711962631818,13.556230022513173,13.046633013060529,12.704260426279864,12.440825802244825,12.177046498883172,11.926667480353874,11.717393466043413,11.537584782032061,11.367694161016072,11.1914990735188,10.994235078768142,10.75852002560127,10.45447808701052,10.053435582557004
128,0.17187889437541748,100.0,0.0,0.0,0.0,0.0,0.0,0.04311919902848606,0.4320850787246853,1.143363653806944,2.2669980211238796,6.397309143038864,13.716404936764782,21.89604253431572,26.81403062309768,27.319250579718748,26.120043321251593,25.64284833227574,25.859843892352337,26.07028512172916,27.11051674157409,24.75600613166083,21.826780705254702,20.40170731686004,19.293607998441065,17.660930525257463,16.124986536533424,15.03885541685496,13.829138486875193,12.841747385986784,12.301687869863999,11.772627386078481,11.407831305521164,11.025983799430023,10.606404575820088,10.202108933840313,9.855984386803181,9.592962298492164,9.422334684173833,9.311663731450961,9.220737111738812,9.100358039319966,8.861672556616448,8.418340502374129
129,0.15713327077315947,300.0,0.0,0.0,0.0,0.0,0.0,0.041601411689314784,0.44748220584355847,1.2345347321396691,2.5240134579948124,7.3446611410560605,15.649357162694939,24.58230500861645,29.491335782931618,30.201415964699336,29.643075461054007,29.15834932563114,28.65294474202532,28.72148527585891,29.581820873799575,28.152735206914596,25.132729123096613,22.60643810749032,20.804341388017644,19.666892031816687,18.570463782946025,17.122159441422077,16.02493457071246,15.136006705573891,13.90885226420251,12.693240200287445,12.12430099175855,11.947736723920277,11.718968068275316,11.395872957676511,11.03632998234725,10.683210252886422,10.364929869121031,10.079221167981558,9.817348667200964,9.573059184134536,9.347153060194058,9.141888389878236
130,0.25273755849125906,300.0,0.0,0.0,0.0,0.0,0.0,0.04199050809404521,0.4367302335674368,1.1814069324870369,2.383011402762268,6.884545415150984,14.840235950886452,23.578120685405644,28.279023884963358,28.4873225728206,27.29747450717558,26.720268014323207,27.06480750074271,27.97926424455753,29.596608913018287,28.372584182346703,25.419827882330324,22.81366491922955,20.91078169133624,19.31776357636099,17.88299138131671,16.62420813695803,15.643829660214676,14.64919947959609,13.65998662424468,12.866993498424726,12.296310971823436,11.817430342873788,11.339110819399448,10.911842020853117,10.591219853889877,10.35890321584802,10.182745790589014,10.03320862085755,9.882576151398421,9.702579169817124,9.458737852905783,9.119083667976694
131,0.17415463597381975,100.0,0.0,0.0,0.0,0.0,0.0,0.052024149700626264,0.49719383745269524,1.279540594699031,2.4884192709269697,6.9928716329719665,15.410557867194084,24.347275515479033,28.86788389871193,29.546435463508338,28.70789058603513,28.014112001240562,28.041541461846375,28.026626767313086,29.218850404802822,27.497394104865254,24.312636393768713,21.90421993935121,19.98508228427736,18.735520404913895,17.909014349092246,16.86170166280588,15.753285492012445,14.647897400583412,13.61169607890304,12.71512159028956,12.101515176155758,11.7499823923517,11.483737882756028,11.290202392596443,11.187052089242364,11.11860673418027,11.020750753960698,10.862604152944208,10.623289541220048,10.27908902708807,9.788422752059033,9.119146383167276
132,0.15108871367193108,300.0,0.0,0.0,0.0,0.0,0.0,0.044852613536492586,0.47151182450116774,1.2834018028538852,2.5977866923674813,7.469546443703863,15.921991665565708,25.180165027513983,30.457194119558054,31.154236328450768,30.253673967098486,29.618401784925798,29.277819898250918,29.535897988372362,30.535640375097874,29.18271485047395,26.389562079102028,23.767233232830332,21.409239858910222,19.7248561095576,18.63909117334571,17.42945212406392,16.23302221461513,15.323784584755494,14.651898509918372,13.991215548088583,13.351648599619498,12.761058690943099,12.216699001757306,11.745288619135783,11.368076882148404,11.06541278434951,10.814754574949328,10.610947299031993,10.45319745589841,10.355896033672625,10.392872224916587,10.658024519136985
133,0.12106699806174655,300.0,0.0,0.0,0.0,0.0,0.0,0.04880454714736348,0.5012175404265595,1.3457542432433032,2.6974433114082625,7.64742990956701,16.067776860425,25.196823311718866,30.478778253088173,31.194738938287237,30.187358621665826,29.56412244278085,29.4504964514561,29.471166702317642,29.65380089228308,28.063249205396655,25.15922340730219,22.556655884822657,20.73117756979183,19.61187898826852,18.649484616849403,17.21002617748419,16.025352181453353,15.154988320053352,14.090749829500282,13.006265465599048,12.259395508732721,11.723720566078956,11.292165670913592,10.982622329482796,10.815103257237944,10.73486309026232,10.678586172996955,10.609569531370445,10.49813153444477,10.301635738864503,9.926287336404366,9.286408020641671
134,0.24369857399715864,300.0,0.0,0.0,0.0,0.0,0.0,0.053887479630629787,0.5112509746738283,1.3102549021858731,2.5375262510332934,6.885693574157538,14.280736040628025,22.443805216652624,27.313066233277496,28.507787202546808,28.25716551809303,27.845542352051933,27.61290597991057,27.964362402852853,29.502920012293895,28.824187461307368,26.216038813093956,23.31423205969312,20.88982032523567,19.140932427777994,17.86885504093334,16.661875078684382,15.5347530845683,14.597441104495914,13.834361711354354,13.210393364599279,12.749431560418724,12.364972885064951,11.918060860873263,11.455839735064027,11.0537978630909,10.736205862523798,10.508875767354954,10.35367343101613,10.24867586639021,10.17614399913745,10.129293590935207,10.104144910531788
135,0.1552109820198703,300.0,0.0,0.0,0.0,0.0,0.0,0.046803328781809664,0.48183744527863703,1.2955685071523504,2.5999614601621857,7.405243351890362,15.65776709581317,24.46538213373545,29.476654856964917,30.312873301681233,29.390351987407026,28.711689832400687,28.81836597172511,29.087744929473047,29.010951213922286,27.048632787567374,24.211427718761254,21.578487090238234,19.41101269464995,17.822709603528548,16.66516259903006,15.656767665418476,14.645571189521576,13.688060095613029,12.90501486476435,12.414687275444072,12.151027107830078,11.858986678284289,11.452225574937275,11.02092736252142,10.656697470102555,10.37210957920449,10.158628239000528,9.99375519043958,9.853185487504147,9.704985048858699,9.483322035133773,9.12092824505339
136,0.18335245352754892,300.0,0.0,0.0,0.0,0.0,0.0,0.03881954922366711,0.40409632688585534,1.0936085937404607,2.205540689385973,6.360819544445753,13.766021086939267,22.035713421828955,26.746199976064393,27.45499033856622,26.736724116253967,26.232877815861123,25.925042186342317,26.025846036467982,26.958182255875645,26.200125436292033,23.899520162050386,21.340795077807527,19.474993534707743,18.324602988086443,17.168892094200103,15.557206212656178,14.107565342632924,13.019512266931116,12.21522038903847,11.637425758194338,11.33349802873917,11.02801571055583,10.655723364975593,10.291461054887545,10.000056291973193,9.7740705602336,9.592252480137319,9.438744002841062,9.29966834852788,9.163571750501864,9.026005570247257,8.884307955335133
137,0.14525806574840366,300.0,0.0,0.0,0.0,0.0,0.0,0.061926734991820304,0.5621972257810924,1.4039824033524329,2.6672047128749132,7.056846960728778,14.508479128505273,22.828516022364386,27.811906549870127,28.681357395922465,27.8944237675787,27.253315389020678,27.07697004740116,27.224864206232986,27.497550315174127,25.7015729583968,22.89505095901428,20.70709476620886,18.9699920046722,17.711723824362764,16.722436592987584,15.423701035002372,14.13392804013491,13.151716037793761,12.398139191078025,11.848685180728506,11.58181108837167,11.415321080916465,11.125647997123746,10.747740911933942,10.367986035892066,10.034369339068398,9.77346416848395,9.575664704970452,9.424559436530735,9.30694690951105,9.21705288409035,9.151110675730143
138,0.13732530035690904,100.0,0.0,0.0,0.0,0.0,0.0,0.04137164094745373,0.43055759504029434,1.1648996594563963,2.349325252387457,6.846954594897169,15.00083618175729,23.694729418397007,28.3802140999098,29.092200662587366,28.545071820202214,28.014058785421028,27.670568916162207,28.036467230427277,29.736672923070802,28.14776602640424,25.43090506225736,22.937148605316647,20.604328368511112,19.1218779844826,17.925045148207257,16.158259424560566,14.737456996264779,13.931203449472399,13.371995764220854,12.787194720046166,12.253598129084361,11.864861049258412,11.548617615255129,11.250879857624353,10.945607208180094,10.649211114320329,10.379849188998495,10.129863730919881,9.886387974117401,9.63992202554685,9.390630796139082,9.140790917448928
139,0.07603583309406331,300.0,0.0,0.0,0.0,0.0,0.0,0.048773881828494056,0.5006323163444397,1.343678483635733,2.6923942200561837,7.658973130745335,16.19797316560124,25.144572063506992,30.071406851155814,31.303706073351307,31.01136355942661,30.35121071598828,29.806547318968917,30.01900442977963,31.079204001141097,29.67191971846909,26.63791026200159,24.024229993000805,22.13786605312029,20.61122117123467,19.1141068610673,17.61357792979252,16.316986819786838,15.29444496108918,14.399800213521374,13.561170551335557,12.944851625080299,12.615865968634141,12.348933892328917,12.092725763188877,11.854313211348439,11.627891979921515,11.405668277966239,11.183107611247163,10.956605258840753,10.720257743751178,10.458828000721363,10.156347432114318
140,0.09387630577711199,300.0,0.0,0.0,0.0,0.0,0.0,0.047939339698895155,0.4780728759813529,1.261622038614405,2.4975745667555036,7.021957655548762,14.92820884293613,23.54154273090762,28.28287510836472,28.986806631731337,28.46377540441432,28.032736437025434,27.461016754841978,27.47220923145198,28.202343779969855,27.012367589506034,24.627993619236378,22.49263443949857,20.642245886091292,18.990113557608222,17.48463111647952,16.15907683019427,15.24342758039474,14.527364860017734,13.708948448732807,12.870584622350426,12.239713810637884,11.740122958024278,11.314067869842027,10.968704228603144,10.711442171386349,10.515317344494044,10.350319059980695,10.199224276073886,10.048403660284333,9.882382304021613,9.676661746560757,9.406718935992412
141,0.20797307272884097,300.0,0.0,0.0,0.0,0.0,0.0,0.06163610559517735,0.5628026882467583,1.410218529812346,2.683643881582851,7.0408603137759815,14.138993615598876,21.804498498348696,26.648156456136768,28.112011813333474,27.774759336658697,27.10629007521021,26.74789123206955,26.830153146362584,27.370164139231143,26.420559566743893,24.253512344655235,21.941683667665863,19.900294270015777,18.379312950835683,17.218869180781134,16.071103204282753,15.003196858173771,13.926974047624444,12.799072403089843,11.898795928895487,11.408859602691933,11.120213124202992,10.784127095756295,10.427959339388519,10.124771894434458,9.883530729527475,9.697016658728232,9.551010511941765,9.430515793477813,9.322236989312499,9.216677365507943,9.105505200338115
142,0.1538812135919405,300.0,0.0,0.0,0.0,0.0,0.0,0.048436087248025096,0.4716978140177914,1.2275993674903192,2.405459718167377,6.651460691890626,13.898575687364202,21.763522550182426,26.40634861028502,27.40814625806475,26.992688340590902,26.655873272885856,26.16226291756931,26.130665969165477,27.452159411893124,26.598752038080058,23.617498975084576,21.273015918868964,20.06376537505494,19.02238917578568,17.61101619961177,15.960556971436143,14.73795026019582,13.806263277409824,13.038395914084546,12.40464735467503,11.917882649356972,11.554924983428458,11.226094384192502,10.9405564688174,10.721768407711846,10.544088683564363,10.375579621834206,10.199640397454948,10.00397743189692,9.765930199951756,9.421574596660488,8.908627588628402
143,0.07377650450353905,300.0,0.0,0.0,0.0,0.0,0.0,0.04452216123168925,0.45695824925326833,1.226489960442478,2.459061932272527,7.032055318858791,14.998261070094276,23.534850089703582,28.291585225470858,29.11195710464926,28.236546907314708,27.479063074723552,27.494971592940644,28.095413812837762,29.311614506098177,27.945959513894188,25.25754474628367,22.707995873096596,20.489717169987493,18.747669940750317,17.43585184607576,16.275126240960045,15.106111107681723,14.044695588481435,13.320829684884814,12.88967273102679,12.588848536213872,12.195529807889233,11.720804855730577,11.261583180329769,10.890795283402861,10.605025353117096,10.384730357279913,10.209009452583201,10.05786203206857,9.910384936005942,9.738237257083226,9.513025660252794
144,0.10338610736609911,300.0,0.0,0.0,0.0,0.0,0.0,0.037332234316092554,0.40475102480968056,1.1217432615501715,2.2986556264425224,6.648981955144988,14.052766636138866,22.137933833628992,26.89555434929501,27.572309011621726,26.55504993128612,25.925586994592162,26.07963718976647,26.480516427149183,27.573445012734464,26.73594871182415,24.07563197865174,21.47039477946727,19.611731587032217,18.526404462891744,17.66641575744181,16.335502885505445,14.943056730590161,13.860713610351828,13.003890025750815,12.229909688631393,11.626126184343088,11.136393686180993,10.687859233682037,10.30793445149156,10.02907951840703,9.829872904287734,9.682068852181422,9.570705176075192,9.484526021626897,9.413183703126391,9.348101035098518,9.281258810360397
145,0.23913188017800385,10.0,0.0,0.0,0.0,0.0,0.0,0.1749190420221696,0.9794958598596494,1.838802144180827,2.831039015145457,6.42616424795418,14.900605769135023,23.08334738442178,27.47504900656338,28.549871624241444,28.11920450245912,27.109363255755042,27.526635353117257,27.233592889963,29.868622507182852,26.620181030920218,24.380509453521242,22.42525670210469,19.588963231351304,17.84770838975094,18.050933515992266,16.842660228448054,15.266330529614294,14.118924498989042,13.064138908916103,12.296915741058639,11.686644882945044,11.084148071220092,10.791533923044701,10.68014221140833,10.54728821579077,10.376912846334426,10.19713355906445,10.033835317354782,9.911109211983945,9.80793757185941,9.531554883127312,8.876835417523937
146,0.22752896911416362,300.0,0.0,0.0,0.0,0.0,0.0,0.04304521979679152,0.4401017362897497,1.1784808956707231,2.3555163704230124,6.6066562139312115,13.699197123989284,21.12284535572525,25.342951445798413,26.475577670373056,26.477450348713806,26.230925033397934,25.65466689888243,25.433467550543256,26.105970009774417,25.710818198023468,23.624015249366103,21.14052930764168,19.210546865394356,17.99491658086528,17.053871890611635,15.84512466801926,14.59479125171708,13.450668283255663,12.582561244072524,11.954996673283409,11.444317065820885,10.995601256474899,10.554887507184237,10.153373686079682,9.827416540761632,9.564009040733103,9.34332110454532,9.156603060302468,8.998141214900315,8.866885255568505,8.778495762454774,8.752514322368464
147,0.12813514905315435,100.0,0.0,0.0,0.0,0.0,0.0,0.03699206655065841,0.4121829494182776,1.161024074262769,2.414398357451723,7.30711901108032,15.992820668034215,25.372346978824172,30.900501047339233,30.982909302646327,29.316426167481946,28.87714265246699,28.96904798438303,29.368017858084887,29.948518989561926,27.811056778825897,25.28227782057163,22.682383109138044,19.796452029011647,18.56364965497623,18.344808440694788,16.995773207761246,15.124689582269706,14.27066428218623,13.687834427614458,12.701739928750817,12.143408060322345,11.916939784068619,11.69263586194493,11.41458943027494,11.103315683161815,10.814100557124185,10.590679859070427,10.414968586576942,10.256123025235947,10.085768913215832,9.87944522788666,9.615482184029714
148,0.1819443883715104,300.0,0.0,0.0,0.0,0.0,0.0,0.04753852773178711,0.48385188734126117,1.2922434883140526,2.5786119431735064,7.240728199327001,15.175847515180138,23.738669526731403,28.304116728307974,28.91376213624041,28.284137688637045,27.72579407938417,27.557824001139952,27.54381786704031,28.016686436770872,27.059212043016817,24.995244417056064,23.130059608878035,21.527141497749906,19.838730496163834,18.31801102769597,17.040704133713106,15.724649476720629,14.487129195860415,13.51626425017021,12.819755164794241,12.374359871602993,12.024608022944761,11.668289008136567,11.321355313132205,11.013077857720171,10.739343844850765,10.489100864668547,10.252554253416433,10.020747637667906,9.779833908329305,9.495541816587018,9.132879467397025
149,0.11451569439229155,300.0,0.0,0.0,0.0,0.0,0.0,0.04868635656627937,0.49128778480396373,1.3055469820790289,2.597301273386618,7.30004146297062,15.297701207781522,24.019593606643827,29.06435069360857,29.491906976850657,28.128673368635734,27.427379112108337,27.625524464344632,28.104348754631964,29.02386739164242,27.620762184719034,24.63410590277926,21.93067817383028,20.116556703252694,19.11656107660747,18.308278237535813,17.00408059316726,15.620075150040153,14.51106103745852,13.591862752191737,12.736642790113839,12.047942458675914,11.542930440578646,11.088645715925834,10.688278572610667,10.373969633988617,10.141665398224632,9.978597656992275,9.8656994215198,9.783444032438432,9.715085018125839,9.651660765071583,9.586207702602163
150,0.1991215541922924,100.0,0.0,0.0,0.0,0.0,0.0,0.05318646815136644,0.5125690490334609,1.3256298492699239,2.585998791131757,7.192568208741435,15.368900170597222,24.428326975498702,29.941703936407663,30.558667961560573,28.906586039042732,28.330480217934664,28.76011794081601,28.892137297141844,29.86819640104314,27.926377523191274,25.285678119936595,22.90940317253889,20.502715438107547,19.391435741314684,18.687161377136608,16.973960331318967,15.407405877802425,14.325764515087245,13.307551528884758,12.39432384044598,12.045247696569678,11.923538755187847,11.749955221865111,11.521630055378525,11.287444155832521,11.090015724012222,10.956327417334682,10.86467735318564,10.782699601833734,10.668091973969124,10.437483934964124,10.00706874505379
151,0.41280365140567754,30.0,0.0,0.0,0.0,0.0,0.0,0.052422595266665296,0.45641160864698527,1.1116639630909424,2.079499864245817,5.829728708904417,13.561642252880524,20.89092708220779,24.756971358390427,25.135710833951844,24.32778987361398,24.137045571355333,24.05062557635374,24.011556691399257,26.11640713613584,24.562396844489424,21.35565967851182,19.75589327702766,17.818145527306907,16.29402857341992,15.913850790742975,14.47873859042467,13.012612510438508,12.15911923264568,11.409375771425456,10.836128479681486,10.663188094632288,10.390522924707671,10.09165674011441,9.798729766677898,9.493920767565506,9.202405585774821,8.947667921248573,8.717193564268433,8.491561115793834,8.279696314889925,8.193823314302948,8.37183703599965
152,0.12457535332999965,300.0,0.0,0.0,0.0,0.0,0.0,0.07012681623266681,0.6444388855137207,1.6207637449221675,3.092058152145354,8.15456764578009,16.553305403560127,25.62289950767398,30.820687623664565,31.83178191787645,31.28757567542993,30.795094441294804,30.580910191510227,30.794026419334187,31.513606338890686,29.93110869067319,26.408840298720055,23.34740803503298,21.369269253990783,20.065473799319932,18.83360678520803,17.467947334418163,16.270997088563867,15.197174031662142,14.192189351693784,13.417995398004022,13.003821002037677,12.624913181544619,12.201669137243218,11.799446564205295,11.473663946807063,11.213267376908867,10.995631580452885,10.807118373127212,10.636795834433578,10.473806357185186,10.305600218486854,10.119813311923869
153,0.28694017460798077,100.0,0.0,0.0,0.0,0.0,0.0,0.041343138192198946,0.43439626509871887,1.18194562189971,2.396206533518835,7.155633360528345,16.331795052724193,26.233277559847934,31.41995612151857,31.72094956260476,30.03723345230764,29.425119062508333,29.97128826525694,29.669481120653064,30.481712846435805,28.87707447240301,25.832549454120922,23.81766325297514,22.091432630358895,20.290970707271555,18.781861312193964,17.293065674156516,16.070005198327323,15.202191188404212,14.095527762392289,13.084836371668844,12.736162831069313,12.690014723862056,12.503717161596434,12.148131112480515,11.707383855644816,11.304443541206615,11.032738695786147,10.879190982586517,10.810038854876728,10.787481065058751,10.746268479951492,10.615254629777
154,0.09978081598582117,300.0,0.0,0.0,0.0,0.0,0.0,0.05053449017647006,0.5077873970333813,1.345942645724623,2.669191968167569,7.369539436632357,15.050613139018104,23.014600471593283,27.52501743012406,28.77500386210417,28.71194038871334,28.290668482284907,27.781220928049894,27.668272114106372,28.220717493883306,27.290122639185206,24.74302176527251,22.104077165025146,19.921921984619406,18.47419247682289,17.609869397847387,16.65442661515183,15.388659732870028,14.266768974746055,13.4407530824555,12.720063657325383,12.141560553518733,11.732899438143447,11.345389758086515,10.989749411944898,10.711081738926556,10.506255667645178,10.359724821533074,10.246905656064726,10.141974656850177,10.013269711741712,9.803758983818149,9.45607145263299
155,0.1329157066785864,300.0,0.0,0.0,0.0,0.0,0.0,0.0389315506878755,0.4231650239458711,1.1746064666052691,2.41198724246167,7.062181889371141,15.152307448607836,23.963825226284268,29.001712515567956,29.832583059158033,29.049208825882776,28.53036111525283,28.458156772048365,28.91515620493238,30.099425729217824,28.679981463139057,25.702137948824937,23.26880860416541,21.468131943870095,20.17747390187325,19.239786264725016,17.93839065028557,16.3222569335186,15.05349271706107,14.26172122320204,13.7165816082518,13.247739290803386,12.741763009953086,12.200436480665427,11.691309342527989,11.271007416654362,10.946794985688731,10.710727764712376,10.536401891378766,10.39501435166226,10.25766076595226,10.08920707859946,9.85508147158874
156,0.12999194713592996,300.0,0.0,0.0,0.0,0.0,0.0,0.039735725491408046,0.42186305537739577,1.1549605477043585,2.3484008579339966,6.80712978414189,14.591880006595645,23.06003699926061,27.572107629056102,27.991017504228537,27.37020365179565,27.069801868813,26.800416814417257,27.1917320392737,28.46590061152332,27.39522365806198,24.596200322333164,21.99842029589644,20.07431057922363,18.657532476541682,17.43366820617308,16.07491411831516,14.825648377007903,13.8971656664887,13.046314019590694,12.139008038529889,11.458448814652506,11.012224104744485,10.675705136784048,10.41977469376472,10.238079789960919,10.104384944474335,9.992476314400204,9.890509130093271,9.790302641674156,9.685094706179607,9.572974604638624,9.453223368057493
157,0.08492191446144488,100.0,0.0,0.0,0.0,0.0,0.0,0.056053518850334993,0.5287696540603192,1.350564537258418,2.6150028180344593,7.344918269674883,15.95335273200327,24.701747682500216,29.384054521812292,30.55037995073236,29.724968856265477,28.83265567610224,29.087677612200654,29.251625598042835,30.353308418901793,28.85485139752756,26.06062430752175,23.078708880892485,20.50657942115624,19.224214395463243,18.730892885996084,17.60846982464434,15.947080385304043,14.382600608776741,13.296829020233476,12.796110488285436,12.627789652180258,12.35725178774814,11.976684197493682,11.577197802222008,11.224611774095349,10.933961677364406,10.70401817527848,10.516658088844977,10.351043742000755,10.187913238026628,10.009993772881236,9.801421078752098
158,0.3916867383156612,10.0,0.0,0.0,0.0,0.0,0.0,0.06517676084170501,0.5810654369739421,1.431008703110065,2.6421574812471214,6.600534729034691,15.019959750731122,24.361931254720986,30.32334988073067,29.66817760780071,27.76059135229368,27.576984185179708,27.986168001162127,27.19157525855985,30.708612413732823,28.922341081115682,24.592286780984647,22.263956093503435,19.719985133893413,18.70676908187469,18.689288296109606,17.365546390522518,15.658757109084371,14.68024036922053,13.672681587817666,12.363401594281918,12.205272208312447,12.4268988235445,12.06226191472811,11.314222397595923,10.592198742761541,10.081672707125543,9.85480526707696,9.79946000321938,9.770860807972966,9.646847957354238,9.383112206510761,8.96215886981006
159,0.17402467634478247,300.0,0.0,0.0,0.0,0.0,0.0,0.05101230545956483,0.5087789781713634,1.3427255388380084,2.655088679141525,7.3109905471531995,14.924574600663167,23.111029732353764,28.141481543413565,29.39158000278528,28.568321584773354,27.614375781886707,27.725338312192157,28.143792246522878,28.984176429725764,27.749866258707343,25.192215525265006,22.918334759726015,21.307491844938735,19.9006805821837,18.646100171926925,17.35088716425509,15.853987919912417,14.500332688302455,13.508926320563429,12.759045260278782,12.286252401974124,11.938821577960391,11.521350575680426,11.07528057760903,10.680755535168025,10.365203448334679,10.138278551275116,9.99093677881108,9.911434154361197,9.895384796336655,9.962400222236644,10.140177313271343
160,0.18544898402089766,300.0,0.0,0.0,0.0,0.0,0.0,0.043440935595243556,0.4475736977926475,1.2038201633326315,2.4116720321215452,6.72150803963447,13.80865168661555,21.40920482844656,25.903527530345713,26.629752615781946,25.83409250674819,25.32218411396752,25.17890327255862,25.36243257878576,26.332898072360134,24.936969641587083,21.775255192452864,19.407650505877708,18.112583734674626,17.191578726170718,16.207651961019778,14.90445219771781,13.50205697087635,12.361769267900412,11.657769090125651,11.239848559721281,10.934971678625763,10.671580465842414,10.387223984330893,10.086277481912646,9.789745239161444,9.516618237666156,9.279094181480097,9.069788563775997,8.877490344740949,8.689533619524159,8.485069236601232,8.243020716807404
161,0.19312868296519023,300.0,0.0,0.0,0.0,0.0,0.0,0.058410346580436104,0.5478102243395454,1.3944786704047656,2.686021630866258,7.176427326566198,14.526438426856794,22.399464675594775,27.163982170829254,28.715781980447986,28.794937599232313,28.351947841684943,27.953124162008084,27.9323001484623,28.56262758827641,27.11089521082269,23.955063324365945,21.22383605587873,19.706788776150386,18.937019126214846,17.94453614690587,16.326836803159896,14.8224614657916,13.907565955785694,13.177216365841373,12.391680712293146,11.775914216840325,11.419816357511692,11.138738217334872,10.882325513811097,10.649219983289996,10.437113746507304,10.24238641275587,10.057067092298688,9.872544266031614,9.67471840279389,9.427106655327135,9.091919520437756
162,0.14835389111836256,300.0,0.0,0.0,0.0,0.0,0.0,0.05618362420155995,0.556398313822832,1.4622909464296263,2.8833800012521817,7.943581173125073,16.28487592141205,25.160292048540917,30.576227194782888,31.83277291534844,31.180401153857723,30.657724575243293,30.614024973656562,30.75464444165967,30.849011971175493,28.853976566909978,25.93476433072275,23.522027068872102,21.648440903662923,20.10380772957061,18.702656200409944,17.20591287939871,15.861319071372957,14.831350286877054,14.035423591986778,13.300721732521989,12.578168403206977,11.981252947273981,11.519240795190292,11.186916319661387,10.975627293482512,10.838645258464773,10.729969118104007,10.633206980771806,10.539307540019584,10.431200562605552,10.25997105161675,9.972787235386427
163,0.19152643289091528,300.0,0.0,0.0,0.0,0.0,0.0,0.05869148423947227,0.5727977788422507,1.4924580305553474,2.923840226429154,8.003865298084648,16.466897027238815,25.428760226726386,30.663976553313027,31.9972450282743,31.600807658696297,30.773575513270504,30.14494860019989,30.632282236493168,32.75473997595295,31.51952790008961,27.92577313820735,24.8443015421583,22.720051501919333,21.331779281908073,20.274373695354086,18.949151784175818,17.49134470993041,16.12010458932495,14.94103298220769,14.077296091700306,13.448318683819211,12.903542543073506,12.457316813869419,12.105853099862145,11.830313253941883,11.607861860045173,11.41747845023799,11.244643555947068,11.076900641687466,10.898749724494168,10.681165260464766,10.394224026912047
164,0.17797034011778476,300.0,0.0,0.0,0.0,0.0,0.0,0.0483793507810599,0.4904114493432266,1.3066745048516835,2.6046412257020375,7.363723819370749,15.621648615940254,24.621580257333747,29.730177654385454,30.7818965446525,30.266276555519248,29.744473949583675,29.318918226470885,29.04009443262833,29.27892269821739,28.25523756598471,25.99909800234804,23.868255636708156,21.84029841943656,20.00874102278974,18.487956621143233,17.10828059301929,15.932939147005818,15.015926437211126,14.242310349495927,13.335139199539901,12.453175372667603,11.891515902601398,11.486278267222723,11.180352200908626,10.969563548034698,10.83230503185956,10.744179752533073,10.680681397002935,10.617678671824235,10.516024287680164,10.277389639003301,9.80160154375026
165,0.10117746175560687,100.0,0.0,0.0,0.0,0.0,0.0,0.05687745185535911,0.5185076634896781,1.2979474409947391,2.4733130276913746,6.734808060859479,14.49028143826362,23.23159215199088,28.348267509925236,28.882783901809358,27.647463317460158,26.855868121443535,27.255542853877575,27.37785839562103,29.477880718389173,28.54097624098881,25.263143556032684,22.69242127091778,20.897755877896305,19.44078268388289,18.283533814033838,16.854486547276796,15.438615270855019,14.6179881791127,13.861584308063108,12.968226457638778,12.345518802294238,11.999674099260824,11.650107312464975,11.281731166346585,10.948598496651426,10.679343968168643,10.486569350409125,10.347981296149348,10.234609812169746,10.11265443982807,9.925049099174887,9.613795381039475
166,0.07073391031023268,300.0,0.0,0.0,0.0,0.0,0.0,0.04227522777099062,0.4484361651825843,1.2270930213762217,2.4937952163732704,7.210122195609022,15.427831065909919,24.442873935591077,29.44057575132316,30.109854922155645,29.518795069413716,28.9849061992034,28.409355584400892,28.661628771542077,29.90300773373964,28.613291146790957,25.790680497306973,23.226702443752604,21.019495778783178,19.5039754979224,18.509029995864314,17.345844807690412,15.943937673542633,14.61558756077576,13.59854884574712,12.909517309983896,12.426260311480021,12.017331662790536,11.61455491465434,11.259244318150333,10.994920064783514,10.798785057376902,10.636418495636205,10.4809279209576,10.308201079687784,10.08880152787932,9.7695664620983,9.300284085006366
167,0.15350032717907458,300.0,0.0,0.0,0.0,0.0,0.0,0.06209222838225311,0.5698615790700668,1.432207991715855,2.733777111213706,7.286813829574893,14.983698516368792,23.349930180758175,28.378948830159672,29.55583936914101,28.719936725204185,27.715198238242806,27.75444554987082,28.623262010196115,29.95611052428034,28.104828893755425,24.77258513186606,22.145228731366263,20.45649010998376,19.265050858058263,17.940805146469657,16.245056131491598,14.736560564125453,13.800994673277938,13.223916237400253,12.658412307148868,12.078477141454522,11.632203649678782,11.281054768538715,11.000455252048866,10.782340269160843,10.612678046404302,10.474443473870126,10.341728547957963,10.187438351454098,9.973242784002457,9.615119857024341,9.034512440670733
168,0.11767805039271051,300.0,0.0,0.0,0.0,0.0,0.0,0.04553823712716751,0.4731958643275455,1.2792413560099178,2.576746790024681,7.384014309750644,15.835269156943378,25.197287174002824,30.49032776435386,31.33199039394894,30.568758665297782,29.907244494684615,29.902182667599593,30.18728077740672,31.098709584532955,29.772058508913638,26.44494885531048,23.383651126947257,21.536733486889045,20.633243554867946,19.570679465737445,17.82000517678247,16.243452508155663,15.30757639568879,14.67620771772888,13.903296896657418,13.116894401369404,12.519620808291206,12.047846985653239,11.687833184534608,11.443298256619784,11.27621400589468,11.145536697290055,11.028225834855357,10.906068416073255,10.756981356568488,10.542150961577493,10.222414850763084
169,0.1153219449832142,300.0,0.0,0.0,0.0,0.0,0.0,0.04307752245278488,0.47071047001629807,1.3105467818103183,2.6946347182718293,7.837272840446125,16.631039357731485,25.991291181918047,31.051115211850586,31.698533771565362,30.911040562133323,30.28670943172836,30.003766751939278,30.61895172957786,32.19097213289794,30.4653721908256,27.11796164285652,24.51407696310985,22.53774083476897,20.72613516953175,19.112298750092595,17.716184841833147,16.56874027774358,15.486401841533969,14.457905242868193,13.672662943450367,13.153891368619405,12.670141932986127,12.171604815848617,11.723455587190877,11.3804103149953,11.13071276834003,10.95052931191617,10.820318814284336,10.722491994457865,10.642117056652115,10.571747267413409,10.505839995652966
170,0.11353201499802076,300.0,0.0,0.0,0.0,0.0,0.0,0.05609017085321575,0.5411829911139865,1.4006565396997275,2.730585001270392,7.426658224234433,15.244314681132993,23.6076039902345,28.490827828894613,29.70634697886419,29.156194728164348,28.37342646748647,28.195458747320373,28.584474110423013,29.573172765374302,27.861932463020427,24.572928332403723,22.006954088401514,20.514621468803565,19.431410578252112,18.266132477790865,16.915874437095887,15.729315291118205,14.844735701207421,14.030143922446907,13.175645021174425,12.546336616802932,12.108342908989684,11.674560600300444,11.247187135352727,10.869696954979979,10.558493435064888,10.319189282313564,10.141909903503752,10.014368554288248,9.930218177273295,9.902610431199223,9.95002661579216
171,0.1713593536755994,300.0,0.0,0.0,0.0,0.0,0.0,0.0441778435655004,0.4601343101351014,1.2456792582269514,2.5120686654548967,7.207939037434629,15.452087027579658,24.5870856190627,29.674263676473533,30.444441389661677,29.857534699361953,29.447892006141423,29.06530546987891,29.281842816801618,30.26063656801237,28.988827708596908,26.45610339637552,23.899905903492375,21.850997716530113,20.501729996782508,19.32522464525795,17.76739337683743,16.310668530020987,15.403802285306542,14.756550341284399,14.040432631013145,13.243270038543269,12.509842770133908,11.927258738117484,11.498459093773855,11.204591341583154,10.99553514525797,10.82325257818557,10.66430611362825,10.501800206417904,10.312872156757104,10.049452487202537,9.663193660100218
172,0.18952892234196023,300.0,0.0,0.0,0.0,0.0,0.0,0.05012903536258724,0.5009831237253494,1.3236661585825928,2.619533227129168,7.251546154722446,15.020110956554689,23.5296345254607,28.573443435348405,29.241197985056026,27.966646657708935,27.23214179050098,27.442611813430332,27.92098557073228,28.991734542420197,27.986348575449245,25.531675000746855,22.98782878044369,20.870819448917683,19.380166806851435,18.1703808228385,16.969291205581957,15.887711172163101,14.887691496717618,13.82715126387717,12.759426257981234,11.990284465934815,11.49688563484877,11.08016346212381,10.725060330692576,10.456620200868723,10.262474669765481,10.124956763870896,10.03407925392237,9.982237339674853,9.965983251006868,9.996655758728435,10.089885673547773
173,0.13292865295690132,300.0,0.0,0.0,0.0,0.0,0.0,0.051099104777607054,0.502319178860032,1.3144463910360733,2.5852167312233196,7.194501392410677,15.295892707265676,24.46755089052629,29.759149146456146,30.322316359376227,29.14212246670888,28.425904292174167,28.39297250924347,28.85220870178776,30.30742023213519,28.81810170714681,25.44172417756248,22.711957646625866,20.842745405475704,19.43702871791795,17.938427951301524,16.30088776658992,15.113133294130279,14.090443036833467,13.0936574605855,12.386045809570502,12.028916374123693,11.790494196133668,11.515631385755716,11.214099887751015,10.923652280201384,10.666665067473993,10.454139895549607,10.271174028019146,10.097806590788377,9.90540499344986,9.628767318080264,9.202344522744871
174,0.20752007628062955,300.0,0.0,0.0,0.0,0.0,0.0,0.05193362967367404,0.4986329997138139,1.2868529316338309,2.5033894866605917,6.7775482061332335,13.852792576176137,21.488575412526636,25.867215233163883,26.375923667766344,25.43093747135674,24.86010507336813,24.838812104343234,25.22908694745279,26.54577030118439,25.56785657813672,22.810070292810817,20.246904847351498,18.38449912640962,16.971917352132714,15.85078247755598,14.755926229147112,13.639235425277366,12.661426521157097,12.111803213693918,11.78589471112469,11.37989353426301,10.886047780375243,10.397442402662612,9.996599310788135,9.731402320735413,9.562165031106995,9.437209582647197,9.322258504897809,9.188148268122067,9.000199621370662,8.699393030672432,8.231589035864106
175,0.22592018173155085,100.0,0.0,0.0,0.0,0.0,0.0,0.03629431167425665,0.39725957925343136,1.1072360210754904,2.285222800622361,6.930500068728067,15.493775829544889,24.46751852346515,29.704726347696333,30.762953778681577,29.545270208044993,28.8762593152499,29.316240566367487,29.232401103133846,29.870700633309443,28.656571120500363,25.423756072508823,22.659786269695598,21.15209001660987,19.980789208833748,18.36248035336192,16.46380093709094,15.158254368966395,14.561410177021404,14.134820054650307,13.350531007410439,12.717969872550926,12.546505403723202,12.289265698254336,11.866752310197276,11.375196240362463,10.915361420868212,10.559095781946844,10.301155834777397,10.121616623449777,10.003865425480901,9.934869487137195,9.903107354903218
176,0.08000939992264958,300.0,0.0,0.0,0.0,0.0,0.0,0.034595349359089166,0.3887814926902131,1.100545080293954,2.293308050534667,6.843775103605285,14.760080511681767,23.345543319758463,28.207733274231323,28.934855980026818,28.208502698250044,27.647884187126884,27.32037496392491,27.810791999180953,28.719411508898673,26.907356586326994,23.940574378144106,21.432158284000295,19.642864510052185,18.448028830270577,17.451657156168068,16.20360881265093,14.800666153423197,13.774281397561056,13.150394502469076,12.618733427893753,12.04911093688892,11.44802285167031,10.917849878635407,10.510161868567803,10.239356554813183,10.055321671771154,9.906309039644642,9.778580899877676,9.667648798199423,9.56958928549465,9.482104193152646,9.403317097849655
177,0.1745619567283451,300.0,0.0,0.0,0.0,0.0,0.0,0.05966866515558732,0.5642300617673243,1.4431045018685538,2.7891400156638713,7.533305728636987,15.592773046762794,24.42579410684986,29.479975646147036,30.068102273629613,29.134474055492642,28.793715949050597,28.637195653358646,28.171520391969946,28.29769753313061,27.245897814742005,24.88483124080726,22.57035354487683,20.532679569407755,18.73829775412269,17.381308516833748,16.388001269680654,15.651776359109176,14.85353057283455,13.882680068713487,12.906301421879634,12.08043533354072,11.461174748667585,11.04980273941304,10.8008480024516,10.662997655849468,10.574469278049147,10.481019888699334,10.36354017185808,10.211972095132042,10.005941028550506,9.684243857398815,9.186694736626382
178,0.25832874600909994,30.0,0.0,0.0,0.0,0.0,0.0,0.14049525192619058,0.8700247756242465,1.7350177581628856,2.805772193377383,6.6091882539395375,14.54854352518189,23.120845830896023,27.817659435596457,28.363881002845645,26.76997284061729,26.17014433763544,26.773600010316784,26.872613598559116,30.427494576225982,29.41100607946994,25.255408498524133,22.090471101674783,19.93096526326953,18.682802274311687,17.66202673776732,16.68094417416772,15.283604510772344,14.246753393770078,13.392923879871525,12.30739506009679,12.1299402388006,12.356356643731417,12.042175456034515,11.412537282069364,10.886574113152248,10.535312219313596,10.338665900503003,10.216827170376343,10.0800426809497,9.879225689024215,9.708799288469926,9.69210779123307
179,0.17016510692993225,300.0,0.0,0.0,0.0,0.0,0.0,0.04479857809238403,0.47677249129353133,1.3070544170301897,2.6562708019587142,7.539142336011107,15.483742105274167,23.80726270112205,28.65174777521319,29.456162572428767,28.71413733019495,28.100814086717353,27.819278455133826,28.242246048214128,29.642643359298706,28.53582456845581,25.690221553713304,23.027205275024397,21.156367544684525,20.10547053321343,19.317532556462236,17.986383802353323,16.190048271821247,14.712768405817409,13.842186714978325,13.128688696360385,12.364840815103951,11.841359334405539,11.405575871788198,11.017892177310339,10.697183241715251,10.448526139471488,10.270200044102936,10.145426409890993,10.05499259294429,9.985846064239892,9.945798251571388,9.947781369731436
180,0.16835132678834375,300.0,0.0,0.0,0.0,0.0,0.0,0.05872065426708964,0.5662770163986399,1.4651311405271639,2.853911188033611,7.703666408360026,15.724531983179975,24.668564116994578,30.177140703337894,31.187078454886056,30.280460292996974,29.46938194829102,29.16796511303699,29.8362588987855,30.714881938396044,28.49823678321256,25.24714426960935,22.98490426932211,21.395062557200074,19.95489957893368,18.56055624364338,17.196078091874025,15.919089204229978,14.870235986385355,14.105395994050381,13.505732661479257,12.907295702881079,12.334922938583667,11.798551985224078,11.347142260198765,11.019170589807414,10.781627292503314,10.59186793429921,10.421317588240075,10.245842163295467,10.035185376431706,9.73204485756854,9.281062363134923
181,0.09868205482732637,100.0,0.0,0.0,0.0,0.0,0.0,0.042097573507649325,0.43582522395220696,1.175728023981941,2.370347254188846,6.997553085374818,15.436886126413976,24.091256238633452,28.99182594087074,29.58186492557297,28.312097613575315,27.97229980944438,28.152375213038052,28.008952086933018,28.856852753090685,27.246234405954986,24.20776879200357,21.986072515474618,19.768339491922752,18.365927772443886,17.787439771415173,16.73997036334766,15.593778913133706,14.41553967324376,13.385532442487635,12.617435012538484,12.241438804212303,11.823720586049957,11.288858579118966,10.794855640700264,10.464691965127406,10.262361002878814,10.127097353248601,10.020977598502261,9.912454892462849,9.765382191291712,9.522829087902654,9.130121907299301
182,0.15643780991850323,300.0,0.0,0.0,0.0,0.0,0.0,0.056252106664276345,0.5387183198711911,1.3882852395781757,2.6997006315746432,7.3604780555412574,15.194880270592996,23.481827290894945,28.17678434950454,29.327900650874337,29.106569880427173,28.66248029249067,28.254854235616925,28.553761245881095,30.32357014963116,29.35078992072213,26.24389360027838,23.476676468119138,21.337354898291956,19.779004661549383,18.65489035668401,17.39097518560465,15.94522786102747,14.686551687234445,13.90800290004646,13.508413727564259,13.182926240759649,12.817942444829447,12.403819991918025,12.002189793608766,11.668819924202285,11.40042295048637,11.17856984525545,10.975302658324601,10.761921453562271,10.49471605326369,10.06888507914653,9.387103840508681
183,0.20554053578870266,300.0,0.0,0.0,0.0,0.0,0.0,0.051852681586210835,0.527139761565293,1.406860424519149,2.804592023700285,7.794225709283902,15.894761494271615,24.289674712891067,29.171056942191406,30.15436955333535,29.240709465300185,28.48439792699487,28.545361950326495,29.147516296822022,30.487705523724475,29.211058553468348,26.19220818351396,23.340871855171937,21.409817206860353,20.251537825363197,19.26628629988653,17.750495378682892,16.084632610901767,14.793730731713676,13.870906044143798,13.204709113201831,12.91427477571656,12.784624619647891,12.561908599200317,12.264358362512159,11.963783705120346,11.68732285065419,11.4438017706955,11.216282081365765,10.98295748506846,10.713392155172283,10.340411378319086,9.799313341143145
184,0.07364795288277574,300.0,0.0,0.0,0.0,0.0,0.0,0.046836236605174955,0.4684724288846882,1.2384531542012618,2.454177100897036,6.887929788120571,14.638042966950723,23.27739651872087,28.10320038159014,28.689346012641217,27.935349943552954,27.591675868328373,27.38559417970905,27.723164588719584,29.148806254136648,27.64568193684955,24.314537788823195,21.65870796547188,20.165473229087517,19.221794488094883,18.231633552516282,16.91833989015819,15.549491672232767,14.165992812094984,13.069322912779134,12.455257713215588,12.091996722689832,11.67724704061159,11.199087347764658,10.76376741837076,10.451574741547747,10.243027171537124,10.101388022139856,9.999230249207592,9.912216455642834,9.813651086120409,9.664938829418276,9.427170566602845
185,0.48979558688566804,3.0,0.0,0.0,0.0,0.0,0.0,0.04749515637189562,0.531566699109108,1.4818747006752508,2.8446550713600343,6.7017023201511465,16.658838307964402,22.87066461696571,28.009855784811762,28.892996075117537,29.74313914776364,28.09153914340277,28.193298838768758,27.855597699167504,31.30965556176227,29.289325810692308,24.240059258964553,23.635596712117813,22.403571591129428,18.323513251595802,19.223640501465447,17.05383503122061,16.06684427363786,15.171982798283471,14.058641255339971,12.619378018160516,12.936597937494929,12.480592019174805,12.007315453406411,11.752634151714483,11.53875548662179,11.291925601231735,10.980743418845199,10.634367308508429,10.292931390298293,10.008260968883368,9.891907012743733,10.072269766399284
186,0.14033972313577622,300.0,0.0,0.0,0.0,0.0,0.0,0.0470129928894807,0.47443384737179284,1.2606541688397488,2.5044243862208697,6.951167631467332,14.38345536097453,22.40843934026505,27.132021852153045,28.064661035355236,27.438482362855577,26.834092469648432,26.519515185880355,26.901834165550348,28.25656142605528,26.849133623962874,23.686965755821426,20.862416708891118,18.9206322287456,17.615926585975487,16.5367783999552,15.46910658720904,14.46514148838826,13.521591347473523,12.699068170140803,12.205750028235228,12.019493169083418,11.781606438544303,11.425625978733132,11.032557224364668,10.674823812360973,10.365902074221667,10.102144237718965,9.866972353890437,9.642067756367751,9.409584000256746,9.1491082045029,8.841712191260529
187,0.11577983905763492,300.0,0.0,0.0,0.0,0.0,0.0,0.0526536576336221,0.5097460860148559,1.3219427070204632,2.5825660092279223,7.109120713727285,14.895232884166862,23.355876423794996,28.19934849685806,29.190053841713432,28.582550908209996,27.882503608722786,27.68781845920236,28.218315971312602,29.30941422363957,27.61554999998594,24.323514471837672,21.64381785284289,19.99067360949574,18.758530056896145,17.579974736718782,16.488768341550156,15.578135039943106,14.581313944703886,13.455913199065494,12.629794904512462,12.24116476627968,11.989271661593085,11.666468304944537,11.298252956524799,10.945670434330653,10.634684260431396,10.378645789991458,10.17866493988054,10.0334749928613,9.95011141607269,9.966781405844502,10.132042064854161
188,0.186744096789636,300.0,0.0,0.0,0.0,0.0,0.0,0.05664355448901066,0.5452833920474476,1.4093714523389194,2.744756503469603,7.465801155394652,15.42686279341532,24.169269683111757,29.431340076413537,30.42901636073974,29.40944519847497,28.57854398064006,28.551296825231645,29.05687705143013,29.541496464498785,27.303475167907035,24.341934020888203,22.509031763303113,21.074436681482133,19.63665057398143,18.14294026950391,16.431982037744685,14.896330550063455,13.824203624784358,13.002107559696288,12.223343985690773,11.728292492697577,11.384840652289476,11.045303880170977,10.726106399837615,10.466958662468057,10.273402209550879,10.139709934678939,10.045477159494364,9.967612595065846,9.876115702599765,9.71169758838926,9.412734570392828
189,0.07967188168567896,300.0,0.0,0.0,0.0,0.0,0.0,0.046516508299254536,0.48319061346007713,1.306028019041438,2.630515921154619,7.506617850816734,15.822440932815237,24.84035557260288,30.09417944838794,30.925785261308963,30.090225493894422,29.48268593604648,29.109355039244253,29.43969102644763,30.178836909118676,28.614402905530323,25.788032232116354,23.073386587221602,20.901196940661972,19.442452233525295,18.29483097260731,17.000581446888024,15.818441617898294,14.759525120617639,13.873312124291434,13.256445787634345,12.795915005170942,12.362333901708267,11.871730740529788,11.374976418044024,10.936153191479379,10.57476994435953,10.296191480596768,10.092787726004707,9.95534838272601,9.880228465997206,9.880955477203115,9.976588352624283
190,0.10140536092007837,300.0,0.0,0.0,0.0,0.0,0.0,0.043263359729318385,0.43880784012010005,1.1695962941294802,2.3327645303114553,6.627976055314449,14.213844670118558,22.763807730239886,27.509490655054705,27.967054269674364,27.194575661958652,26.842358539808444,26.77408215845945,27.178871093223776,28.33365433936143,27.091883006312468,24.166565662695056,21.508181947094215,19.80962288310599,18.59510370021864,17.43976586490471,16.28691376266724,15.097081721029614,14.079404472158796,13.240614153494322,12.441421878827722,11.689931568155881,11.20093297735753,10.838058428661556,10.542161399537529,10.30157229867862,10.10978772137873,9.959496817868203,9.834062600000209,9.715312143835332,9.587437997994085,9.441464494052628,9.27049541535776
191,0.2127995331434741,300.0,0.0,0.0,0.0,0.0,0.0,0.0500538160329783,0.5161898071703502,1.3892351829177094,2.786808897421825,7.828202004476376,16.108724343768053,24.793886888492818,29.972461838113254,31.050489886071123,30.26550078583719,29.531249321469698,29.123873485676473,29.18589388559752,30.252257526058614,29.221098890378425,26.449334268613892,23.80417072362073,21.625268607822964,19.942926867766964,18.735990102087275,17.501041807927695,16.469250969124012,15.708128915856824,14.858982873139139,13.846936888135112,13.10162461544026,12.626011889022243,12.207803013237477,11.829289224568164,11.516855990255353,11.2628480111948,11.050760707585242,10.857049727749475,10.6577099207538,10.422567545195315,10.09394924652752,9.616356877183806
192,0.17442203644189166,100.0,0.0,0.0,0.0,0.0,0.0,0.06072035671852991,0.5496853522378972,1.3704310059762854,2.605605638050006,7.122009636839572,15.400416647720208,24.59145394603122,29.83397665235961,30.578843027124307,29.67174770164398,29.46926519323226,29.24978493091459,28.797316802617708,30.10270167614137,28.6183190529685,25.268882752744638,22.633118902902734,21.00402677521707,20.07310817910036,18.745663976890082,16.74158250209225,15.5267778816133,15.186616782952923,14.406729760198658,12.928043649017768,12.079786402633664,11.968810915730904,11.899291624238078,11.733970724387724,11.513700527508606,11.269983686842739,11.02677634623706,10.792601938734473,10.571887270118044,10.36832643347009,10.184172868789197,10.02122004974149
193,0.3180456990474749,30.0,0.0,0.0,0.0,0.0,0.0,0.13242681135446224,0.8927229799711156,1.8703340277411744,3.1199849882589503,7.407222949775363,16.367283291477463,25.516250502856085,30.07152207317076,30.954639106317735,29.06312154842101,27.84099798680043,29.453817713382698,29.561937063215435,30.99265539006229,27.954129970971184,24.701728093824553,23.297424481248793,21.66961974010833,19.909194697272046,18.654808980087097,16.85072003673302,15.37687209582004,14.347083777592275,13.673587949628288,12.955305641775729,12.415098154101376,12.088319627430222,11.847110245981746,11.545343202885634,11.1053106047573,10.67771358466273,10.407327416316692,10.277440614965244,10.24010056532084,10.216433819943072,9.991700786612611,9.345625292741156
194,0.0952942455324771,300.0,0.0,0.0,0.0,0.0,0.0,0.04560163527828783,0.46770012524437626,1.2547940215711202,2.514860549613463,7.178760684926704,15.283322294156996,23.992707773786957,28.63850285126822,29.385363318603932,28.909471072507348,28.23323266926186,27.78909874607133,28.312360959931116,29.734577935559386,28.5613711931496,25.89956716877035,23.472388672612848,21.490627279257435,20.074527635417223,18.989904295432734,17.653131719892134,16.165190833180617,15.00800293883928,14.17614621663305,13.416902476150877,12.743346868654545,12.258325629398568,11.84374462858067,11.490548509978042,11.22123205850337,11.024272320532699,10.8802460053015,10.765022898249343,10.6541334848996,10.514750487454288,10.27933977706737,9.87954467711705
195,0.10153908963849059,300.0,0.0,0.0,0.0,0.0,0.0,0.043055978302393536,0.4480059142288156,1.2121552734173124,2.4432757892809667,6.969103982066352,14.601383789728224,22.610551393223144,27.147267800582885,28.111789536325727,27.621440733829964,27.215698288810565,27.0475833611429,27.168149796626725,28.010899787081932,26.69583127119239,24.058671790718787,21.98028490223396,20.366142394429918,18.98689151021617,17.799169643516127,16.558443839491904,15.258097566137161,14.058575529359777,13.055867033931255,12.217146260126746,11.663886730725057,11.313574263701433,11.058537532423998,10.859680682446983,10.696741392621705,10.55805574845046,10.432776481823522,10.304296661673089,10.155200884528885,9.95023657047355,9.584802882133578,8.958655906976922
196,0.4621807362620352,30.0,0.0,0.0,0.0,0.0,0.0,0.03696053263466119,0.3864217077881235,1.0484830215394816,2.1266296283097073,6.5154848548516995,15.241243741209242,24.413425060603497,29.202937756298926,29.243674031448293,27.800166541127577,27.363872049213192,27.450216924569762,27.883638532133514,31.098848625600308,27.23821410254326,23.129439266986452,22.056478812422124,20.759729857739405,18.77466910799382,17.29724529209336,15.967094189036095,14.703111116584495,13.913010391908944,13.422350664117268,12.26579158375589,11.295475874780866,11.244138496745036,11.273652470996845,11.124308760945352,10.810761343289533,10.421144644374479,10.045142407622862,9.734615791905032,9.529050854311622,9.469346565595556,9.61202212786523,10.031020937707353
197,0.12840587055598576,300.0,0.0,0.0,0.0,0.0,0.0,0.05275069973902764,0.5131590564426193,1.3345100793182099,2.6091392902115453,7.069538069993111,14.416462742644642,22.552803610651363,27.594484490070208,28.591120116029327,27.67645679460696,26.982509879298256,27.059997383703276,27.470808414105765,28.71622607389814,27.596428771931034,24.384671487084912,21.316433921088393,19.314207938603154,18.159826022114064,17.264825866509426,16.205913173484113,15.100829021576203,13.84084067916295,12.578836478426373,11.817412121213456,11.563864028111311,11.381339490175533,11.134579570477177,10.852273239505932,10.571952164616889,10.308788494094394,10.07075199156532,9.860957765440151,9.681250577722496,9.537719296681573,9.45342342176531,9.455626650829007
198,0.16114118334831407,300.0,0.0,0.0,0.0,0.0,0.0,0.05347819425906333,0.514669917240154,1.3301231388116157,2.5916284538506633,7.075898250033156,14.688398027959854,23.061439756634318,27.576945922301903,28.094285045200944,27.60079929004262,27.168634687303395,26.71005951991087,26.89603743634804,27.60809860029375,26.780614580293076,24.53736475906891,21.92281565118536,20.04685410818007,18.96654217188251,17.972240596908012,16.53446368103676,15.053818436563665,13.851455844361594,13.106958820693308,12.55025088196791,11.841105435907007,11.227819980835843,10.765366606960997,10.421022742430084,10.164678948419006,9.963842627474726,9.79028731119863,9.628373762028852,9.466005569487374,9.289832189333014,9.079745390408442,8.815890545247374
199,0.06705528294786291,300.0,0.0,0.0,0.0,0.0,0.0,0.05439283245395839,0.5403746588965422,1.4228266699698167,2.8097295429381983,7.788399671843962,16.223465090160023,25.299333555830714,30.36762134478095,31.173058334915638,30.487831620663073,29.887066848800036,29.451491572082656,29.66911763997326,30.278988358438355,28.611654579263053,25.63905411659346,23.20775657309431,21.3532590117171,19.83964589904821,18.56727849377957,17.235126087670565,15.908089519044507,14.8104298927611,14.083221499248813,13.479983259902749,12.877693552019492,12.381258489037792,11.916136256283668,11.502789960699628,11.182612956223984,10.946395261943213,10.774015346991153,10.642126216992077,10.527611081234857,10.405180964435475,10.237964240415433,9.988725440862027
200,0.11240648659170321,300.0,0.0,0.0,0.0,0.0,0.0,0.03325848764858431,0.3871420368256117,1.1186840457646918,2.3649697605571958,7.167575972879024,15.599437703814518,24.67006618363379,29.550797919863832,30.047390488802375,28.979477874333753,28.353216584872985,28.115249005022942,28.387758610875256,29.283673411789664,27.790926410816148,25.081006683568052,22.65367993704715,20.689974398435076,19.356394202033115,18.309899536393573,16.87100301152708,15.44023305853379,14.391149134203065,13.683532412874253,13.11965655764634,12.747392664460225,12.369996840662722,11.910227364305866,11.436572998620504,11.017710441055298,10.660805703286758,10.359551126112091,10.108293237527802,9.902103899585004,9.74202536649633,9.650392379474248,9.65495117070778
201,0.04057910486014525,300.0,0.0,0.0,0.0,0.0,0.0,0.03971432449373143,0.43855748917668697,1.228699362949817,2.5394988792286854,7.458799095565459,15.929428534021778,25.091485770286845,30.115876828821868,30.87611012015772,30.090766807000993,29.427549774811606,29.255931770692907,29.75755310929181,30.74115722019492,29.163592346645927,26.234301160884186,23.676497950162492,21.50752321242682,19.892985335150172,18.797375923875947,17.668035414108292,16.30060787393857,14.96768512567486,13.940543346422308,13.25485902719341,12.863246359038286,12.565671656276718,12.202743989170907,11.800056121986586,11.414619701789567,11.074762805119025,10.794645066788988,10.565609039011028,10.37474794115273,10.21275047853253,10.080685930970809,9.982088499520984
202,0.13443279438681835,300.0,0.0,0.0,0.0,0.0,0.0,0.06344400769155885,0.5884088474328641,1.4879719249270218,2.8522366832040214,7.596308345243205,15.425871428316324,23.725951360474706,28.56145775946571,29.614425889565016,29.088361184160313,28.45544921304449,28.20130676651654,28.91033563346688,30.144261374187952,28.125846183361805,24.965123007684028,22.6240005828194,20.97815615477173,19.8124206587018,18.64198014028295,17.0067246274166,15.533716590342154,14.601525328440557,14.02538282348026,13.468288526127132,12.828884715371906,12.228177321029467,11.680114908992707,11.224669627604584,10.89698692328726,10.672232571934114,10.517066097572338,10.407032653636943,10.320686534572255,10.23779043561641,10.14003603568771,10.010120554406864
203,0.5792682749644068,10.0,0.0,0.0,0.0,0.0,0.0,0.3188468608249284,1.4415188394547478,2.3832389149750113,3.3254834763828134,6.908000933260376,16.878146746854025,24.210703055703345,28.492847913605186,30.631417463572692,29.455623395478117,28.88652461188747,28.960325013342484,28.73093022645846,33.65614068017506,28.637248870997905,25.187963767518866,23.42965179170311,21.213258716346157,19.740105663803675,18.731188678242255,17.14965445510196,15.555696371732814,14.46249857842523,13.91839078760239,13.387334739111697,13.255841021083604,13.513609889068727,12.725031961314379,11.526609169957382,10.790131523772434,10.530980147116027,10.608025240223155,10.777697580623553,10.75822884848226,10.395580323398075,10.030452143083398,10.083236859408647
204,0.08764134021790959,300.0,0.0,0.0,0.0,0.0,0.0,0.051251645402185506,0.5029436340486256,1.314822361045539,2.585052267265779,7.176287647335278,15.027309506169816,23.65104484176859,28.611133959411124,29.345142549912673,28.53122701983709,27.947012607117035,27.777030483406655,28.331231274185992,29.252260799888997,27.635860766102034,24.855141731525105,22.445218018564145,20.64610351577779,18.89029435821993,17.23310974160903,15.867631576399868,14.731515275609683,13.87706615646099,13.200224246120936,12.687356877153062,12.282674655386968,11.843695295185203,11.356190750930903,10.896992025382659,10.530440125704036,10.254208439000783,10.052670832679636,9.9111828865666,9.81646950413065,9.758953793540561,9.739988391930979,9.763875415371423
205,0.09741559934232695,300.0,0.0,0.0,0.0,0.0,0.0,0.04307329210579242,0.452883037183351,1.232916135282677,2.4976992415750066,7.210421208188118,15.280336715750138,23.801894562863136,28.59322876413793,29.561595809183583,28.809382303660346,27.925266561818628,27.889408648716863,28.47456700202208,29.792202004103608,28.194652447982243,24.94680757691336,22.25296991549954,20.32664939308354,18.90029412669856,17.66844766751048,16.52948489952698,15.505045127468195,14.573451750766278,13.846013390334535,13.205363523283477,12.495573841139715,11.842973713242738,11.299748006940051,10.874517810038434,10.566120938364989,10.343320788946833,10.173319783573112,10.034412010687753,9.90831892034616,9.775832018120656,9.611485236557652,9.389949446863112
206,0.24017745621242642,300.0,0.0,0.0,0.0,0.0,0.0,0.056186714468826636,0.5627683723533949,1.4889663912191082,2.952322760993742,8.250798105102167,17.182967245009948,26.674303076322648,32.01715380583776,32.57469731216934,31.154486554712634,30.3001459638064,30.538919917384685,31.218553840762677,32.22742799108303,30.04362686451708,26.49872082812112,23.97287856794773,22.31277038276357,20.77755995846265,19.12359652142791,17.449071294521637,16.155616040370816,15.240828633716454,14.619117102559423,14.139135721112822,13.71887765488602,13.176767200763441,12.562294918404909,11.981920441877067,11.506729259045446,11.128105450516248,10.82393662796225,10.580396599906443,10.386710376729111,10.242658913687736,10.185622020828395,10.263079971427729
207,0.23631192252944563,300.0,0.0,0.0,0.0,0.0,0.0,0.053984134751647705,0.501871609156865,1.2709390938757787,2.4389666583305516,6.518097567946186,13.421599658847922,21.257946187471113,26.060994012857797,27.088591476637756,26.656285644843233,26.097017940860006,25.752784694832837,26.284956335184635,28.1361653246124,26.95198872944834,23.93248817558433,21.491710566357995,19.929996570316728,19.05029606487684,18.28495931551588,16.895018211668866,15.084825373071043,13.575832797732664,12.560255222143601,11.985884578180231,11.825011498644725,11.605559021119696,11.273217336433824,10.92060368917713,10.616448019683329,10.358249911253205,10.128638140179667,9.913201905871464,9.699001898552018,9.468893661209474,9.187115466574372,8.818068360264853
208,0.2725059967778135,300.0,0.0,0.0,0.0,0.0,0.0,0.06643988604509966,0.6301868530692493,1.6148724036543036,3.128440547495911,8.538305879573198,17.92100774428493,28.434223277294176,34.533644447776325,35.33892329407257,34.10064126592383,33.45387579498899,33.70875888858,34.040699073904435,34.55394783885433,32.190792042643935,28.306145306251935,25.191062569861646,23.051091178170697,21.536578517602667,20.421779119062784,19.210422131819673,17.87022031090221,16.62963649495548,15.57629566437226,14.703545449152745,14.158843588924976,13.8681805555885,13.543250345381868,13.149093395064781,12.727593162290425,12.325863884221693,11.9781429322936,11.6780511403719,11.410939069361188,11.159120310796864,10.889294200373165,10.567236593775036
209,0.05275085587142244,300.0,0.0,0.0,0.0,0.0,0.0,0.04855028839894842,0.486792048401503,1.2887459581807381,2.5565364557791077,7.167121944999535,15.154861363617561,24.13049523081207,29.37294814937072,30.068683504447794,29.157462004804493,28.539649755458253,28.30544657776399,28.79754161910029,29.729637770202896,28.23675731953801,25.320999531631667,22.74469786696237,20.710660056893275,19.103734192507645,17.83582926058383,16.56009396600318,15.328765812240958,14.318761671367586,13.51745908222035,12.902640049162057,12.483733236772553,12.145389414484157,11.806604562836545,11.473036525993106,11.161537820638147,10.868944287725338,10.589439789106377,10.323866207174309,10.07437282696214,9.84516933281735,9.64930630533262,9.501161873435253
210,0.11597094287125072,300.0,0.0,0.0,0.0,0.0,0.0,0.04711414562607443,0.49247783294394787,1.3358803031890256,2.6935568344517113,7.581865821869127,15.567086532349633,23.750644260098895,28.3958988485619,29.482546075523338,29.031495349370545,28.486095130171844,28.259080257427062,28.639117643939688,29.68914199112857,28.331879132335096,25.190047995068223,22.324343236547357,20.504744863538768,19.436290446518633,18.47381318512614,17.19641300625028,16.0046074983498,14.97936223541131,13.998067449053078,13.195266798417686,12.638099399194893,12.259508774058178,11.907257284813431,11.568859659830496,11.265532067874728,11.000130919107777,10.770692346237093,10.573134602977271,10.403150773486908,10.258409442195193,10.143311344617867,10.06380222660946
211,0.11328166496407692,100.0,0.0,0.0,0.0,0.0,0.0,0.057108009619787445,0.5410879453336669,1.3855827777792697,2.6855808244549095,7.470784707208743,16.02019867253187,24.866654974455603,29.81269268849168,30.566425491832224,29.267067437417026,28.49589034652748,28.690247045648487,29.30877922309667,30.66579314959292,29.12113949942728,25.916149080974005,22.767269513951213,20.658899941135648,19.314681105763366,18.14913590952608,16.93814750796804,15.946875692718187,14.833355627067425,13.640714528664516,12.763164539620075,12.296742087563464,11.918972489877179,11.47158987029209,11.041940655310963,10.725458941599081,10.513427126800288,10.376499520726197,10.287610264552708,10.221171192626725,10.140561783123493,9.963503394581874,9.604009833664623
212,0.08214929449009489,300.0,0.0,0.0,0.0,0.0,0.0,0.059843653793556946,0.5505110882179322,1.3855052216463433,2.647248339039343,7.054722364278537,14.488047588114638,22.52871264002308,27.117543500693834,27.812337899072585,26.955331841631253,26.341912932852082,26.280567808234508,26.634699467978088,27.415875099413196,26.04786541081135,23.60445573299824,21.265890276320622,19.36986105569484,18.048641539132632,17.010877388060717,15.918441772142938,14.873927655926508,13.876123646521714,12.866045406075978,12.038838617319277,11.536602361213975,11.154157921643693,10.814068202986087,10.530061171419092,10.314504344107375,10.142229623074234,9.985202650920925,9.833581651493624,9.682074234867027,9.520764449129006,9.321304758945061,9.053433407549978
213,0.09985456610024325,300.0,0.0,0.0,0.0,0.0,0.0,0.043387877539532785,0.4535605069168118,1.2305934988148823,2.486610257515136,7.157650295223953,15.303215874597356,24.269012704861687,29.383577002763666,30.079072528039614,29.047032329189594,28.32058932502424,28.161500612232118,28.748551411495438,30.059054666038104,28.546126172501705,25.16993954027451,22.142494885067965,20.55599831632018,19.692037380868133,18.756172682207403,17.46408114068177,15.863757381844456,14.550509155817554,13.68724048234973,13.057702909137072,12.557792043795306,12.117165724324664,11.634331311177958,11.16612727094553,10.784070401342763,10.48754905430233,10.260510854603158,10.085105481937854,9.944273967514402,9.825811786639479,9.732569063424643,9.670949224218369
214,0.16202932287975258,300.0,0.0,0.0,0.0,0.0,0.0,0.04276413643307306,0.4452809393431054,1.2052440489015097,2.430016018993858,6.956144187043817,14.756845320419762,23.194603429976517,27.81021050131907,28.120226618595836,27.07695671135145,26.607764697141643,26.85500592036655,27.588198078219207,28.730810714606996,27.027041429170055,24.10677173712604,21.395687560381074,19.419969786067156,18.281225075144512,17.295796295191852,15.949666344697597,14.710093419268341,13.80553962213184,13.128681851009375,12.503767274875415,11.957647128012415,11.471450142165832,11.01048373191698,10.619133759429417,10.339244742368885,10.148864649042515,10.015152415032839,9.910542890740293,9.809541574950781,9.675931702818607,9.429798738269772,8.991273259169915
215,0.07554519491665147,300.0,0.0,0.0,0.0,0.0,0.0,0.046164233398005655,0.47449184975959635,1.2745723781997513,2.5551726440346605,7.244061105123924,15.207475238603223,23.63498158591344,28.558967384020267,29.982071929637872,29.694089790460662,29.018628473257444,28.72927586919119,28.88371979589862,29.542933082836065,27.964722216761075,24.82058728112676,22.12448104992703,20.18061819250909,18.79692130770151,17.791051171842614,16.733326538134026,15.526826949565796,14.465571776117715,13.588422629207887,12.837426519048494,12.186013815417542,11.717040581722493,11.380526830430838,11.121586372275665,10.901508558674452,10.697706025052478,10.495101523377036,10.29053259644387,10.083662732903852,9.874262769063703,9.662647741331254,9.449211550878198
216,0.19665611746772835,300.0,0.0,0.0,0.0,0.0,0.0,0.04246323958267701,0.45287325833285424,1.2431227772715503,2.531717737036806,7.351532145632897,15.899747400692915,25.495797743940724,30.88186454477953,31.447951956748735,30.54177728848494,30.24906852312446,30.14503606316768,30.147563806583364,31.256696314013748,30.281880252400786,27.03865283285767,24.107499761606686,22.30999220114335,21.207434517950244,20.163926473793257,18.586831430088186,16.818062168453658,15.574444743818326,14.769122133033424,14.066553703959396,13.501947112146265,13.148736895788302,12.849593642965996,12.553193347123873,12.254855439794765,11.9657599527674,11.696737418647274,11.44590830552901,11.208590696352173,10.97762526265642,10.735564397114231,10.463842460873208
217,0.1932349015575101,300.0,0.0,0.0,0.0,0.0,0.0,0.04998133046524408,0.503870263969721,1.338162646772505,2.6595190842053524,7.445978404224313,15.650482159175109,24.651072101991275,29.93612118556726,30.956389655179244,30.14442810342739,29.427002971721915,29.068911971558567,29.016316921700106,29.346497131894743,27.801467714365714,24.859616669478985,22.16256967617109,20.120325853070216,18.49323674958089,17.116382595197827,15.864311002020878,15.041451005342017,14.399751816928033,13.685787386483089,12.877437820556038,12.154215990523138,11.740039559741367,11.413473519621826,11.114026726938796,10.849603554448098,10.621315544297671,10.426120685704674,10.251026862881043,10.081374859252504,9.900949669013617,9.685118897137459,9.409375031304693
218,0.16120662448969558,300.0,0.0,0.0,0.0,0.0,0.0,0.05025254258757402,0.502501105052694,1.3282315434178527,2.6322913560818875,7.393045349115363,15.732014426494223,25.150518690066576,30.626184493637982,31.518306813539,30.723621711237193,30.336342661824403,30.115264541612905,29.88734642653169,30.200524166325383,29.21997411253998,26.770655660330146,24.125199045761995,22.119165512833067,20.957437734321413,19.90340846277432,18.187824299029728,16.493298823489894,15.203414156709925,14.092781442283913,13.29392335807805,12.90137861178676,12.587117084998006,12.229970148135614,11.876377829761758,11.57726638125759,11.32998175440701,11.119807426448707,10.930915907295486,10.747957254197265,10.55976328112278,10.368639900168455,10.179822455842698
219,0.09676176298252269,300.0,0.0,0.0,0.0,0.0,0.0,0.047856250314875275,0.48198101467906085,1.2792681455966883,2.540358913300114,7.0626874075015555,14.593490851401699,22.575883616051126,27.13011905758256,28.05174472202417,27.58241141089551,27.062890392204295,26.697508233080907,26.838308780113,27.890092500093964,26.946681198925155,24.40213545307194,22.126314751574125,20.244623376825846,18.59420588785627,17.169661829019777,15.816471773862395,14.704482956242755,13.841726843612165,13.015486101612684,12.272460609504046,11.867859143607102,11.670555775341686,11.462934468722347,11.20367867639922,10.902807643086659,10.591871014008554,10.298637515183282,10.025047203196749,9.767174791469946,9.518817735722044,9.264319035271374,8.987227111866822
220,0.1356688983433718,300.0,0.0,0.0,0.0,0.0,0.0,0.04605641515952852,0.46441881793041073,1.2336410990621045,2.4543002456309084,6.94375175054328,14.795876067609385,23.345261889682924,28.06524184173354,28.733866821545366,28.081052329871284,27.683210273623008,27.323320741641478,27.38028392401651,27.806577203077694,26.1354247624085,23.37994029788482,21.069038307862897,19.428492887869417,18.717013611064,18.11776697943486,16.579014051620398,14.750963597901903,13.338651116577639,12.477961326373338,11.92487294477312,11.541897659451319,11.296078857798674,11.045535373161648,10.792343217953114,10.571615723255883,10.376898462624471,10.194269944045026,10.016953732938097,9.840073390152693,9.653310468190073,9.424830044038067,9.120846885485923
221,0.1400555907875913,300.0,0.0,0.0,0.0,0.0,0.0,0.04956211755514164,0.49316918831390555,1.29979350598836,2.5699330952687607,7.1633186492443475,14.981799926069625,23.544734690773883,28.359287925346973,28.940736109939223,28.207796855267773,27.754496368096778,27.42959883533869,27.708890672593483,29.26886852559888,28.230515862639017,25.26240372869522,22.250848725563504,19.75214515212458,18.04366264592356,16.88267275391259,15.824229141618785,14.9408771488754,14.282058120140878,13.541695768660848,12.799284153587765,12.405533938533948,12.09192682395817,11.713971437055855,11.32247630756994,10.978908960628791,10.688506059259304,10.442279638522185,10.224992887613183,10.020928038286044,9.805981223571612,9.520893579412604,9.105575472657767
222,0.16670629888405375,100.0,0.0,0.0,0.0,0.0,0.0,0.07242595691338292,0.6261261946470185,1.5196859766347022,2.839951350775,7.758269189400071,16.981921688004057,26.335386578715045,31.305599081866678,32.572915193892236,31.56189878817468,30.86784277544684,31.239450494280657,31.434653615622057,32.44862697006365,29.501417175114362,25.816665166183203,23.851771645926906,21.57687433678708,19.99208424796263,19.17322872929673,17.72416389750854,16.20650730816418,15.228855922208535,14.10887054279694,13.241950047054633,13.200413039715515,12.815140770164938,12.139417271629616,11.517170182472821,11.146225975484276,10.972025829017259,10.901295441055328,10.87021011796155,10.822300367944862,10.702741492832631,10.462203303794125,10.059642697037594
223,0.13519649545295467,300.0,0.0,0.0,0.0,0.0,0.0,0.051854702335813865,0.5058528342583556,1.3177915199159727,2.583727207805151,7.157459723956801,15.115993388245599,24.00486091530239,29.161848502441618,30.04076179755779,29.381308976732527,28.87233294805908,28.358282968766783,28.37156753977685,28.820390176442423,27.364639402199366,25.139790216435628,23.184601337931714,21.22675218279641,19.50695558966729,18.199426678367473,16.936015078680388,15.694264068018182,14.48812463081275,13.406007567393768,12.631510479262396,12.208316652279791,11.922439170179471,11.601665708333075,11.24872500340122,10.90048045279718,10.583017455107708,10.31266690863642,10.084260570362398,9.88835420534523,9.720845286948755,9.59579106015614,9.531249965332611
224,0.16129089651992992,300.0,0.0,0.0,0.0,0.0,0.0,0.04317808812054142,0.443597588872856,1.191301658662424,2.3881025594819163,6.758709601218928,14.066262618798344,21.668131748971604,26.115646224524326,27.237363085604233,26.62652061703665,25.94969853196774,25.919586967684193,26.486162412674084,27.9819157346297,26.72024042223172,24.099132195593203,21.72475222549446,19.707752538053306,18.3360889427884,17.60976311276137,16.808691048797883,15.55643330234522,14.277685033607177,13.209709013444856,12.19770661804984,11.40971500129458,11.070556749890967,10.902168004855831,10.765943214300274,10.606958525537344,10.423080886756875,10.222605838685562,10.005493364345906,9.769876190214475,9.505677373951347,9.17133231434161,8.724842462203071
225,0.1645225320768373,300.0,0.0,0.0,0.0,0.0,0.0,0.03346300855722979,0.38076503443538917,1.085741550260423,2.2745095058240694,6.841564175713135,14.86580523848789,23.57428374457052,28.438193285558462,29.049434013045264,27.847905280392357,26.92185989325756,27.088939801642574,27.900071639081848,28.758714047938746,26.7172910911678,23.967186580978183,21.791816122190642,19.874975208868722,18.30828429116509,17.20146102723869,16.216233825577095,15.187627798247858,14.052762688500056,12.920457659069662,11.931579852984227,11.322334455878075,11.0375945444804,10.787377236504557,10.530640909228758,10.295331883948863,10.089956352133303,9.91536205109413,9.761372894445207,9.615729076967986,9.461946158832452,9.265388003977717,8.990060564884528
226,0.11179540695041669,300.0,0.0,0.0,0.0,0.0,0.0,0.0652318952223658,0.6049984725732827,1.529876837964812,2.9310118429928416,7.773073381128899,15.807083778218336,24.628751860639337,29.897305742222446,31.05386658447435,30.707391342591063,30.17680962158536,29.51785252848578,29.8510752183303,31.071939577629855,29.67450975111618,26.540409907749236,23.61729944647066,21.404752999143163,19.93230496419489,18.81253251361437,17.40550937656794,15.841116745052096,14.607707920832567,13.776864696307527,13.2132740491151,12.869328890174248,12.56046755556279,12.16585943954631,11.750799780221556,11.393905396121527,11.096261795185253,10.842999345468163,10.623151321277055,10.427281211644841,10.250455179486767,10.103085962432951,9.998786221764302
227,0.22424648766089775,300.0,0.0,0.0,0.0,0.0,0.0,0.036443877692344535,0.38860571980475617,1.066550463037215,2.16965457584476,6.207550152767949,13.091134708411026,20.68509356299797,24.971568205152938,25.406900214818872,24.550735770127595,24.083451160045428,24.011623531830026,24.20992579851451,25.169291246829644,24.33737737157382,22.109089612086343,20.05816151867378,18.621827045736893,17.715324893727153,16.852844454550432,15.5073527283229,13.9745899703496,12.8808685117878,12.16037959130627,11.515495897396677,10.98025072987259,10.586547397349138,10.256280760182431,9.970357283225987,9.729709025746923,9.532196935605775,9.373257919923091,9.240843221601848,9.12171884872398,9.004417434792222,8.8823357476325,8.750249268155164
228,0.20027494772582244,300.0,0.0,0.0,0.0,0.0,0.0,0.05561806403788073,0.5479711281852274,1.4357868649188557,2.8266936270961693,7.8780156379696065,16.644992200460035,25.966867296883876,30.861728918041372,31.49850004983987,30.727318618139734,30.189918978083586,30.130801827786932,30.43291366405685,31.19888772512453,30.107696205329482,26.856363567542317,23.35294514701997,21.021897609003773,19.915678461082756,19.358303985341262,18.356515489109054,16.792145358530185,15.417903146659787,14.58020807941551,13.955829371942537,13.346985124087844,12.871056494019996,12.438784719834103,12.021197212442774,11.625016177194137,11.267008586228224,10.959007524904896,10.690302486644939,10.446070955878119,10.208454306605047,9.944204310377023,9.619554081407577
229,0.23048749271694755,300.0,0.0,0.0,0.0,0.0,0.0,0.03016206513789637,0.3594946234017332,1.0534287861476972,2.2528197950960727,7.005281385097123,15.596215131384968,24.96462663524976,29.952742834273614,30.526579313366454,29.815199017128123,29.39810934070512,29.309754144170757,29.19924934087272,29.11865091989504,27.329153088338416,24.312766022906118,21.900682656962136,20.421916321922616,19.31568686397139,18.15633375662776,16.685201635825063,15.172184097493092,13.990746425659697,13.219556829142626,12.59074399375613,12.088385045613858,11.770241573534115,11.489408457856578,11.207605169618212,10.930529476591783,10.672494431941974,10.446397422917478,10.255288984025508,10.099923238019128,9.987837386379313,9.95313439396198,10.037428646556501
230,0.1478053464145054,300.0,0.0,0.0,0.0,0.0,0.0,0.04803875743816174,0.48191436759829526,1.2760851169463319,2.528886763284371,6.999865061346955,14.42961963951115,22.30911200128219,26.8117135078585,27.78405630842634,27.31315232055186,26.72811299482223,26.70830245582798,27.150701647436282,28.350644056585534,27.514347637989648,25.310227184736842,22.806888877103574,20.29937342547952,18.42080080390859,17.30840081855289,16.478375528314768,15.504299841961588,14.371727623092521,13.367778623701653,12.57921004436458,12.015394771261644,11.667188956672533,11.349873725162231,11.031431428359907,10.73106462127022,10.472308407021554,10.270408807055206,10.109686427915829,9.968356462391501,9.813548582691297,9.566118467179063,9.145208268391974
231,0.15719469340156586,300.0,0.0,0.0,0.0,0.0,0.0,0.037083116476717956,0.407387661000216,1.1379939793737124,2.349903695965863,6.9870214695484165,15.190754150446146,24.03668360400623,28.66782362223548,29.1938692690947,28.606925060081085,28.153633547941084,27.734433978957508,28.084811527814416,29.70170661529058,29.031050169530154,26.3423767323479,23.541435506759566,21.404289863185863,19.665821517864355,18.072198385095547,16.61202249129144,15.435960390415206,14.546573137616193,13.885153617564402,13.307913310554737,12.738525033422897,12.259035066363651,11.841304441704494,11.485679466190293,11.20489305316382,10.99915882237995,10.86156287141785,10.766298322892476,10.683995010586662,10.575416968592043,10.360459551015403,9.957535324739986
232,0.1082348932470315,300.0,0.0,0.0,0.0,0.0,0.0,0.04507805457969103,0.4692657649365375,1.2699600629394623,2.5598737031776553,7.331764385197628,15.60462583202739,24.413235885760372,29.236826546134036,30.270958480938226,29.762362554299678,29.049475191532956,28.66230928777933,29.11504855791877,31.024486737431367,30.00574556340423,26.803536159700297,23.583046970538113,21.12346917080524,19.40248823252458,18.09037308399752,16.955479157182364,15.850136366992789,14.746578579016726,13.81414005241926,13.143277815421174,12.687343714189527,12.317565541342054,11.97453134196921,11.663922449759747,11.39628887451013,11.161853567393587,10.94771907710898,10.745182385188691,10.546878853040841,10.33917633292417,10.083282857538187,9.738449734021346
233,0.0718574274934446,300.0,0.0,0.0,0.0,0.0,0.0,0.0566726785061564,0.5340788377441564,1.3632919304941744,2.6309869811797384,7.076624435053819,14.573967050974984,22.878705619819563,27.777068521854858,28.575020406044448,27.841332619069618,27.241749703932424,27.031987393939886,27.508103332951258,28.578066376029753,27.077035060486146,24.315876777164007,21.834477410235017,19.811893869916982,18.362031771481536,17.290306498150308,16.03175178559867,14.646552885273259,13.629241605990446,13.023425942856987,12.497827984433709,12.083438880500223,11.767107421876654,11.382957474058381,10.96016832605863,10.570922461023311,10.251522923728137,10.020220598024128,9.86473534980313,9.767504748643185,9.71202382204949,9.680149039236571,9.653548156987934
234,0.2626327229014672,30.0,0.0,0.0,0.0,0.0,0.0,0.04733742838502424,0.4443644612063442,1.1314056755622628,2.1868674612103214,6.301192630331001,14.282880121387036,21.81185996941163,26.170790288404017,27.022070610673953,25.901386431463315,25.278816035530912,25.814114116003992,25.85846743388005,26.782538145156654,24.72056197743132,22.49290821612241,20.942418826296972,19.265358545206293,17.830699273275957,16.807368291266958,15.257843887667184,14.465917301259417,13.441107721851765,12.027168531246696,11.251475292622777,11.08875036047237,10.856661260288712,10.550220671806757,10.264870658658632,10.05024516748044,9.903533519519282,9.806027216572845,9.72080764144442,9.607517517376703,9.419529207187182,9.083294190627981,8.534107692068849
235,0.30937562984302713,100.0,0.0,0.0,0.0,0.0,0.0,0.05336330444199984,0.4960558017456383,1.2559740672301074,2.412721241138184,6.644945541788485,14.432192679256454,23.101731593738805,28.3868127990514,28.894170592467148,27.12353714119586,26.209314040810817,26.776369682166273,26.91292683638968,27.814509375210747,26.824562438594505,24.431732581474023,21.586727715768117,19.050018238085457,17.839863227659883,17.545936899329448,16.98638670776498,15.859208249422316,14.480266970080239,13.419932784576993,12.62013273056334,12.112710800922354,11.934626900771152,11.627584471447186,11.189943660559742,10.753165961259132,10.394845266556356,10.155441931375668,10.000397044325867,9.881247223320178,9.764640512292948,9.666696693261324,9.614817511425613
236,0.20199957082933706,300.0,0.0,0.0,0.0,0.0,0.0,0.048080608036633235,0.4963944947367611,1.3368587540902186,2.683822369982308,7.5731264105026925,15.70626915667455,24.275583838688434,29.181365996021828,30.12084962873773,29.243265468765575,28.35512337358561,28.272387198694858,29.18284715116616,31.593553424177518,30.471796049126443,26.864897652377337,23.6587720531208,21.720297435340086,20.656617553771362,19.62444751500086,17.987481803483067,16.07932755410445,14.555249961295697,13.686664492119153,13.274277919238854,12.980733670694084,12.608075758841998,12.188830103424808,11.79092460114797,11.461461134006276,11.201725157608196,10.999424006881817,10.827926829737386,10.658567044725643,10.458961611503625,10.178079327883465,9.766820786136137
237,0.19318909593834632,300.0,0.0,0.0,0.0,0.0,0.0,0.07012811983671217,0.626360705037252,1.5492517337838319,2.9216623678674827,7.655587652119977,15.704996882798099,24.616813289667192,29.84406648137645,30.691860626686697,29.918637249562956,29.36914510255535,29.03286387526071,29.15249597676852,29.39790552443046,27.4242372291888,24.412049485098105,21.730283409010376,19.619962849423633,18.290005197252242,17.45527396871968,16.57790095504094,15.656197861356585,14.73672274221444,13.779639752013546,12.720754959785705,11.804208818340559,11.272252638678937,11.00301734976875,10.856217259898955,10.73297703100202,10.604663366346937,10.461553214145884,10.300956969193564,10.121979433661979,9.923362121548859,9.702139769805793,9.455337247905396
238,0.15987013660944913,300.0,0.0,0.0,0.0,0.0,0.0,0.049401564778948255,0.49986729154176385,1.3303104948332793,2.6452344487759016,7.319148684992593,14.98325153724279,23.07591971781259,27.788325181882715,28.914362785787976,28.475889615968175,27.91671585033654,27.58580233858638,27.764929443162853,28.859622101058296,27.923309765228005,25.24135654114273,22.454608042884853,20.204196928266303,18.563891512009793,17.216570149288064,15.657813947653514,14.350566983234689,13.497406061465696,12.868030045060415,12.251127962042926,11.715721187015971,11.365660062763276,11.067768398228239,10.80363763229561,10.589007034737953,10.403307807324943,10.222988731298075,10.042355937088816,9.860024614804965,9.676915075138094,9.502772588108364,9.348796486117278
239,0.1449428562368356,300.0,0.0,0.0,0.0,0.0,0.0,0.05906593400349351,0.5792437596682365,1.5135002690628039,2.9687827194350316,8.046213451475353,16.18116470996524,24.609295742062997,29.75667990005726,31.252647285733328,30.826309278801922,30.172915409715483,29.845669758858598,29.818591296086428,30.191671471873853,28.70992327830523,25.713114271050305,22.81057451611812,20.8658612583126,19.59050570776872,18.60121259496578,17.628510089961136,16.473649352805495,15.218345305510034,14.09692072359065,13.319910122904547,12.82469723112698,12.328364213740333,11.856863859805353,11.476497901640153,11.21839530645966,11.04327388973898,10.902728196887338,10.76625917393169,10.608526673248265,10.395911582652417,10.060266457525897,9.536902445208115
240,0.12383572709779304,300.0,0.0,0.0,0.0,0.0,0.0,0.05173298345657392,0.5237397547201057,1.39441739551498,2.7764639659942696,7.773011034767751,16.203773489007506,25.289388837273233,30.55077524607669,31.419421532855548,30.613000280719188,29.97020837387585,29.559985971723005,30.088440266460267,31.601350427131436,30.061208577062985,26.622644320484557,23.566285507574342,21.83253391533897,20.567792511100862,19.007948430474954,17.36839333810197,16.189342558583153,15.374563788509594,14.527349796719754,13.555157662022314,12.774520237131929,12.448534684079176,12.243810330929405,12.0414835656507,11.828424772884611,11.636869792490556,11.493949939511527,11.37027076559457,11.22413270643526,10.995946920016344,10.55506226123919,9.783495869941012
241,0.09063574406625667,300.0,0.0,0.0,0.0,0.0,0.0,0.04376736905772647,0.4524315505564487,1.2194494289967777,2.451673925268978,6.9875211255351015,14.683154443442282,22.829654552724516,27.5386939824127,28.389984969809557,27.49253246820907,26.771398851368676,26.709773134821134,26.926753040113347,27.478166040947883,26.15431736695514,23.501056654295287,21.209907188470638,19.349855396275725,17.846953896884013,16.626086636956195,15.446860470533633,14.378377566099793,13.376724736139995,12.399346680017185,11.693166683376417,11.298441977969581,10.946914480554051,10.573617293395534,10.236170392861952,9.983758880861634,9.800882419330105,9.660816064663257,9.544848669142945,9.43676815098828,9.314401064094087,9.130580727539373,8.836395193902932
242,0.17353722026265847,300.0,0.0,0.0,0.0,0.0,0.0,0.05925095519462455,0.5722453772210832,1.4819587347800534,2.8918104548802055,7.922203878387935,16.486446728187662,25.847889343500057,31.069554186546718,31.659580928281546,30.747234720008656,30.22630237304793,29.791309064520522,29.885638259949282,30.79562129513363,28.98464889252934,25.08923401812673,22.28570755301699,20.77548912179761,19.50683100152312,18.0692525510597,16.599231272085003,15.388554935831984,14.381991037545998,13.518596010120584,12.87931999132107,12.435942414935834,12.098873972089267,11.786365653164198,11.504222154861777,11.270240744675318,11.070562064140578,10.885202855280296,10.696506872403548,10.488192703840916,10.237259623477206,9.892368047011036,9.404093766690035
243,0.07202398554193087,300.0,0.0,0.0,0.0,0.0,0.0,0.05518061044747925,0.5246725084161015,1.346278016946869,2.6080452270837493,7.051908218817096,14.520362388768017,22.627380159576752,27.4340951663851,28.455452672307036,27.779051499353926,27.087500627283227,26.905120339375546,27.1581770312897,28.352648750652683,27.655278904233445,24.866811592506423,22.078473184593822,19.930577297049183,18.39227788220641,17.29804279475958,16.271967807334907,15.103643736830708,14.01462978854942,13.158188328346837,12.467331085619168,11.924431252765032,11.491720372029954,11.091921779314346,10.740633467113057,10.464182971732198,10.243202406581915,10.053846762732984,9.890096190773031,9.75027061607512,9.63671466342974,9.567231214473143,9.563357765984055
244,0.08984513969413743,300.0,0.0,0.0,0.0,0.0,0.0,0.043247507591644786,0.4464913296211563,1.2024135187318743,2.413542867878948,6.831217850107375,14.385145689525649,22.536412573948038,27.15595644953412,28.107822397129212,27.694327337805024,27.154927970752247,26.772684833198873,26.90350736265964,27.94027918184304,26.834148640029643,24.312979189069342,22.07006098349646,20.033024387958204,18.438570523095915,17.304921455723242,16.09259226069711,14.784874591954694,13.681300631519994,12.970413610947096,12.556422230581479,12.127547195757844,11.572774620046406,10.998594337979894,10.508687201847707,10.160144655966498,9.91378998210303,9.721605188805048,9.568522064023842,9.447728558173463,9.358477675133235,9.322235385036757,9.36628485923289
245,0.25998103986105436,300.0,0.0,0.0,0.0,0.0,0.0,0.07982044434753444,0.7058731048221317,1.7356798454242113,3.256119661703636,8.369091037391742,16.68101775674295,25.605109201290983,30.872530216258713,32.30698882734089,32.02708446090172,31.38467826123217,30.892967480144996,30.988524184418882,31.986355290769335,30.746730617155777,28.112918849047627,25.540095958595547,23.248901132736286,21.58873682471621,20.314849931356235,18.835646246942424,17.170066673849426,15.725318821161208,14.776961973559489,14.05960944181406,13.351870058834871,12.800029366669532,12.372763046564442,12.042493633654248,11.797629524971523,11.61460906864682,11.470151558950056,11.348465225605675,11.2359662994042,11.120329066009404,10.992743424028676,10.845531412833763
246,0.7009411751834594,3.0,0.0,0.0,0.0,0.0,0.0,0.4208307920956445,1.6182070783080653,2.4312766001785477,3.1665865789977174,6.238360359232313,14.755505707232192,21.42726235883347,27.160609106829984,27.71809740753868,27.11028372594822,25.89683262405043,26.24704873288996,26.529970267640522,33.211994492169794,28.07376960117698,23.233373196371677,23.472839728309726,22.100352512411916,17.844482130791793,17.854710274032847,16.13611542666732,16.03907651885054,14.223830531910346,13.132912462458515,12.119523323396892,11.51587776079991,12.461078335660206,12.041131996486216,10.93424877322076,10.526811096080241,10.561213618729303,10.57490825124474,10.469913436625097,10.241140943243986,9.92217308974913,9.677481633702604,9.690346715360572
247,0.07643518080813734,300.0,0.0,0.0,0.0,0.0,0.0,0.039909350853801956,0.42832552877074564,1.1800304585247217,2.4072649993964883,6.909462550481507,14.480693948100992,22.53269522726106,27.09554386506918,27.953233465293614,27.494992041997254,27.110775135982802,26.763780984655956,26.737937767209885,27.49706010156448,26.556551035365278,24.07214412640037,21.435883266482193,19.437829543433157,18.14879050240625,17.123818447301396,15.903973274730452,14.66500738252843,13.789564531556685,13.152415831766161,12.292297586357254,11.452323387066274,10.942634991407814,10.609856987819104,10.380946922400671,10.230075679533137,10.118861081922287,10.011830474593744,9.892819225271579,9.750755578095603,9.566189228372433,9.286265342773099,8.858263743929893
248,0.06319592444050069,300.0,0.0,0.0,0.0,0.0,0.0,0.04276837474463995,0.4551100503656384,1.2477490688891206,2.5410607937250127,7.383485269909165,15.596329560007739,23.947518030790814,28.42709999827421,29.336635971015237,28.821713310040515,28.228125862670407,27.958039367387567,28.286063076928563,29.57080151552289,28.11726620832328,24.997447859744153,22.56458593414016,21.04653831609541,19.648414156166073,17.957862575688722,16.395086575156252,15.23657386836512,14.252356093104654,13.430531438858967,12.912420285079026,12.555254171003334,12.164509913570289,11.741674870615649,11.350352872326429,11.035256448962164,10.777103223426588,10.547345655268542,10.331878705649684,10.120578059836921,9.902670376446116,9.662912903801379,9.38636642393267
249,0.2026229476036028,300.0,0.0,0.0,0.0,0.0,0.0,0.05914005164231685,0.5649405773770116,1.453613355192093,2.821638264085164,7.633796258209827,15.710280847193394,24.58408771605136,29.84602224448382,30.85932447967292,30.138942077453706,29.42082560036383,29.32422793068238,29.6605229668266,30.381416121071588,29.175830000964062,26.127103932558608,22.89738505877887,20.541690717445924,19.051750456095295,18.07624440446982,17.233634965777036,16.29417970684395,15.061994963239913,13.739922417388374,12.66038540965371,12.070213295815307,11.891449366471333,11.710896902902636,11.474123286544742,11.231731845081239,11.009581404453591,10.823028614773227,10.673515451787935,10.559366310108905,10.48637851191272,10.489298427165435,10.611386938466348
250,0.15645904684497727,300.0,0.0,0.0,0.0,0.0,0.0,0.04944509032054931,0.4943051630993564,1.30626510378643,2.5856586205995846,7.179633559817864,15.001192049117256,23.520967612325936,28.154151276937398,28.65416207692087,27.9617134321994,27.44662163870244,27.04491903915784,27.144497013233583,27.66487020172316,26.278726766620625,23.3155041519346,20.766822444577485,19.091946983224037,17.99250508489558,17.135092273687277,16.088785455549786,14.848051862101796,13.612336501012607,12.617098013978838,11.95244359694948,11.715713431419145,11.608640162790413,11.363931051890217,11.028162921639312,10.697960048028378,10.397646552486409,10.12951254274974,9.879167415103698,9.629530294146468,9.361676547643716,9.045515892811558,8.652643937908833
251,0.07767468381541646,300.0,0.0,0.0,0.0,0.0,0.0,0.05409895042893449,0.5401316756586028,1.4262611883872125,2.8212198855217907,7.795097271765926,15.99131268807189,24.626477047366425,29.653999706874664,30.767674669375506,30.18664478353914,29.442437928583225,29.181463908443078,29.530037306770275,30.145455514876634,28.243219107818337,25.10056297761407,22.65972736304564,20.978176574873068,19.86172760539661,18.797195991998855,17.35230380517325,15.700215395068298,14.410182512774684,13.55566111992611,12.984064857576078,12.598915861986095,12.128328113420894,11.617333536198231,11.182877024234944,10.897192741154837,10.724449458304175,10.611387294181288,10.518460020800298,10.41022265237127,10.242539547877836,9.935426067547645,9.413603920713939
252,0.4103198152863729,30.0,0.0,0.0,0.0,0.0,0.0,0.09694257104449787,0.6659146566241458,1.4111835169402693,2.3919590605045187,6.224546301467937,14.683792683822604,22.622752151953158,26.964270637710985,28.48069600458557,27.77498460374691,26.699729471085895,27.197450760953416,27.24101609722288,30.118558049076423,28.692212352098156,24.361154122574693,22.324896634601426,20.804551062877557,19.750908396769937,18.549047340859296,16.210020707479664,15.105898708009288,14.341738502663816,13.194381874854681,12.245115918286666,11.661632181796676,11.409869014070523,11.410718936511328,11.31853048875225,10.859098585309543,10.2806453367108,9.85356301907727,9.588343212463913,9.445521839551747,9.385655687198357,9.344871205450739,9.254144289447211
253,0.17093328842743513,300.0,0.0,0.0,0.0,0.0,0.0,0.04164369016808066,0.4447236433209094,1.2217237434001857,2.4905128062900013,7.261933614710338,15.705336170645323,25.08671445103149,30.29818778680605,30.789974971855795,29.803975883932452,29.284383984917365,29.00141685325765,29.182043875468608,29.88226417162477,28.29306045071047,25.178185514977503,22.479035934666623,20.58884757342118,19.38720458087647,18.465876957065166,17.258904899634704,15.808485451858765,14.560381560339131,13.690276975664329,13.12444352211244,12.781581564527867,12.50932553837729,12.22859276908186,11.959796681613227,11.729812105457675,11.522713356089007,11.315511269457476,11.094074594429559,10.84712566058211,10.557368703947741,10.182231606472856,9.68072578698805
254,0.1938427217782212,300.0,0.0,0.0,0.0,0.0,0.0,0.05545637120899606,0.5522398465614348,1.455911183175413,2.873208766976488,7.79926920187886,15.497746606507523,23.27649839438404,28.010691346253935,29.518749767777063,29.448726788304313,28.843586526719232,28.261484357072725,28.605637437752097,29.58915973194035,27.959043915808913,24.90571429007048,22.269129854539912,20.379713962900194,18.989782821596318,17.76152259647704,16.426548676894036,15.07894700197677,13.901880331751498,12.957138392752476,12.148425792329384,11.589834210766998,11.317931832245653,11.113922794770884,10.919961801734948,10.736086999144787,10.56595888566035,10.410921410239723,10.26076683118095,10.102972344824547,9.919434508132722,9.66897479847465,9.309782104285883
255,0.13441024882151328,300.0,0.0,0.0,0.0,0.0,0.0,0.047577366701665215,0.4835143589270247,1.2901454437556998,2.5731008190784497,7.245359188086253,15.188611745140504,23.624719391756727,28.356665431521904,29.25344008413258,28.703188044677024,28.176385704673024,27.975492541980625,28.066237463511502,28.334523460822176,26.785209220495048,23.997310436264705,21.494694779280707,19.518388865827983,18.304404272827906,17.466338304485177,16.273779700659574,14.903763346355854,13.664212224067223,12.73230044631464,12.048235750719392,11.541984004701968,11.246615141855333,11.05334069534146,10.912220310316492,10.801330783646614,10.701200865532728,10.593622951246967,10.46208224314646,10.291173347577937,10.054987386069655,9.685400333456387,9.118193658842738
256,0.12840218572275364,300.0,0.0,0.0,0.0,0.0,0.0,0.05959857107885127,0.5684375292204815,1.4614020736977131,2.83776761786457,7.734325992607046,15.958728654673466,24.73532430486221,29.690234158175603,30.47221884376249,29.587436194992097,29.003619949654144,29.006421294688707,29.070292436562596,29.367589515965133,27.817834922711057,24.951155194345613,22.304536871068045,20.17526512937428,18.51867306577712,17.301443100165073,16.354951669451857,15.467393849113789,14.591071875287758,13.77618922501852,13.015633463993057,12.448452020342845,12.065708087643483,11.704543432133285,11.365817619053523,11.0842424086376,10.847181997770909,10.632928793988745,10.423326981536766,10.201987184645407,9.947465736379659,9.615968573096815,9.165328464314323
257,0.12004641932600131,300.0,0.0,0.0,0.0,0.0,0.0,0.043928405532175106,0.4561846695771393,1.2328440819580606,2.4828388061362414,7.099388250237956,15.086981599167293,23.57146883499561,28.05064890076665,28.565389742665694,27.79981835749838,27.158121558591812,26.90215673839411,27.412117020358487,28.42972341626352,26.583922642782092,23.526266541801537,21.14866036607221,19.558286185139778,18.143918098084182,16.65146006431453,15.195506237785354,14.052263204488902,13.323704399322109,12.67522344707965,12.116697330200292,11.7654238625831,11.432376708221605,11.030828856576884,10.624717963777483,10.282004890011194,10.011535212475026,9.8058455691391,9.644848926687944,9.506804023430897,9.365470621740949,9.173136035135425,8.881002115522863
258,0.22382545766098597,100.0,0.0,0.0,0.0,0.0,0.0,0.04425266342576038,0.4418297312963705,1.166584728613639,2.3109732173603694,6.6416900932745175,14.845798304214789,23.62208855886485,28.135574231262346,29.088902287238238,28.95821738987131,28.537052707743157,28.17883277571126,28.015573032341454,28.759722180286815,27.6308350076941,25.06933710545535,22.642743068621044,20.729901343768894,19.231302553838425,17.825355368234433,16.340667149150107,15.531602395063764,14.750102360034278,13.797082780367901,13.127957523555883,12.92875197088584,12.510521177845394,11.860938209566541,11.225794442558199,10.771920338140383,10.463312491153818,10.236946211563502,10.070447148354079,9.951984149434695,9.874368027574235,9.845059737173477,9.875502306930091
259,0.17195600035255695,300.0,0.0,0.0,0.0,0.0,0.0,0.052852921941300805,0.5115210057404662,1.3262863311540434,2.58868704514688,7.0323652912696675,14.331456827183263,21.948309439769417,26.371335927480605,27.434278472985604,26.77231613554428,26.122308041537977,25.981653544578585,26.185856400163388,27.368874800279,26.39443347227011,23.78060184727541,21.191460331186157,19.102513030075325,17.741359379237675,16.947245933976735,16.18797786934998,15.086750761061982,14.030370931247623,13.256906711634652,12.550418656721368,11.983372559174365,11.53708380111751,11.12913166002207,10.776671462424098,10.508455108826814,10.308054997044634,10.149686785895792,10.005997840961697,9.85032333385978,9.649372895417198,9.341086015137723,8.866725492975002
260,0.18359228123890214,100.0,0.0,0.0,0.0,0.0,0.0,0.05241187192454949,0.4853918951750649,1.2264396948117586,2.3570845640588365,6.592865408371033,14.278861368281838,21.902217214612772,26.105636760558284,27.533910775161573,27.14291590917546,26.201380408628797,26.039901057345983,26.495062107964593,28.82093245825388,26.98578628353387,23.236724783360934,20.913829255695564,19.161618228329342,18.239577151557786,17.755782382173603,16.49123548671654,14.79703356038973,13.356395651072582,12.417504336563493,11.992423909314185,11.80768366887145,11.573564674069411,11.252638027053008,10.899882526028598,10.563562127357438,10.252534445588815,9.964544909380466,9.69063664117106,9.42102911879487,9.165659803227875,9.006807833366473,9.041258085352164
261,0.07173501438906921,300.0,0.0,0.0,0.0,0.0,0.0,0.058240016656069225,0.5484951315121774,1.3996443094352904,2.7023534459490444,7.309976431600711,15.084092379853578,23.46444602067517,28.361665315080543,29.275441876140682,28.463144159009886,27.814857107993063,27.71736921950311,28.23588299499372,29.73056938406711,28.254239344710626,25.0229056511358,22.346527696999882,20.703165644105926,19.596797072846254,18.51605677191789,17.174406454276202,15.701757594752728,14.281199642107,13.266511054384495,12.827097635534134,12.56835471214188,12.074952507664428,11.479912857466935,10.95453358909142,10.593369844700426,10.3594427301002,10.196893887436884,10.0710537746808,9.953373324135468,9.815790454218146,9.628456176076343,9.36355241554457
262,0.2986206854797688,300.0,0.0,0.0,0.0,0.0,0.0,0.033786043031268406,0.37831382564359756,1.0686197880492292,2.223729387458646,6.666581233787974,14.625573967859417,23.402644116868338,28.16003728106038,28.8395672675174,28.543335930828185,28.49115021965715,27.89458871182382,27.928943790100305,28.410796542760664,26.531428566479253,23.183957658985847,20.708129397613202,19.48374158698554,18.531620935205392,17.469325132587997,16.262711184375412,14.838412721036521,13.51641788375474,12.67975899168061,12.180064886685575,11.755158929232001,11.493203908805176,11.266942133021242,11.029043732312731,10.777668591587583,10.525067936323845,10.283136056288976,10.052532416550845,9.831286861902075,9.61904334494487,9.421437788951746,9.245073308642366
263,0.11187364948712901,300.0,0.0,0.0,0.0,0.0,0.0,0.04157922227414624,0.44077467106233653,1.2057193294808553,2.4504460621684823,7.080392899481013,14.949754839078373,23.171873192593303,27.769680933325617,28.56193486510092,27.730918579009884,27.049966442976114,26.995386494598712,27.58438544207564,28.794823330444192,27.736401221960833,24.920361143782827,21.926529951529055,19.82949391272803,18.500769942825894,17.351823477583544,16.01403551984898,14.743828015078556,13.775782130924345,13.15271150996082,12.713555384685108,12.429805573095955,12.197219918024237,11.83396293806263,11.394523048851568,10.975181242776292,10.61093588170752,10.315153302476892,10.079221912173551,9.89071620052733,9.741057549912151,9.632407737284892,9.569646648094013
264,0.2504889681874693,100.0,0.0,0.0,0.0,0.0,0.0,0.037802232786452894,0.4229965310666545,1.1942166515690056,2.4844954379674755,7.520597526130559,16.74701385526883,26.575041510885537,31.841413035545234,32.25948441569073,31.131313201457022,30.690223637086298,30.821872050013738,30.413190888307373,31.46307109761406,30.329764867358318,27.526607623381665,24.586991287045517,21.518274056759722,19.66036265183607,18.92258510064384,18.085468867478237,16.902115835944585,15.762199716315807,14.672944307886619,13.40906373629322,12.753494773518986,12.736087553969744,12.724500048016065,12.556802622711398,12.246896585186734,11.86984574098478,11.49848421016853,11.15849244026176,10.863048945406504,10.621582304331499,10.433557629784143,10.296626065453868
265,0.11946034182635268,300.0,0.0,0.0,0.0,0.0,0.0,0.044676063032599765,0.46372765406629973,1.2528097656519976,2.520562632693379,7.152315851169402,15.102082919244543,23.632187143257614,28.34980096559396,29.186094317986242,28.444626559523318,27.71503228752286,27.61183122250664,27.756251431961722,28.015217275880055,26.885461520746404,24.86521677372713,22.609163227235474,20.8220721529016,19.439229301707535,18.17134139137838,16.75485146797711,15.15179573062915,13.735943234200516,12.79631799345231,12.260831870285841,11.970154814013801,11.675102095000241,11.330482013364822,10.989578060190693,10.699847228607393,10.464311787119108,10.274870682171322,10.118673389386556,9.982430181317023,9.847114054728088,9.669192774839523,9.402431428121718
266,0.04363352594407351,300.0,0.0,0.0,0.0,0.0,0.0,0.04648704323106275,0.48182368000484543,1.300591264767458,2.614865562370044,7.396143902281111,15.535621479229778,24.419724472072858,29.39351088179751,29.8947331321451,28.858385241616688,28.303557630593147,28.361104129027584,28.410044741384784,28.89816204029395,27.539442907615772,24.59926091994027,21.970292750510552,20.246802331218966,18.864901856679946,17.586719869190247,16.412789674392016,15.291412873809668,14.204542103781893,13.197778007535918,12.378654039893137,11.847816180957597,11.489665619028903,11.159313375926523,10.859567745161,10.619477795465716,10.437206766305218,10.300617928977028,10.183227386423386,10.056049517803073,9.88186311853331,9.589005482787302,9.108765393389543
267,0.3225231482506918,30.0,0.0,0.0,0.0,0.0,0.0,0.14026719413486932,0.8322495399056624,1.6189855430296973,2.58007845137708,6.151141442423335,13.752508077928756,21.381882232341543,26.077671959865764,26.77561110853937,25.04160326097436,24.886345069531203,25.233103068490976,24.460633618885144,28.01194733588149,26.903785020080115,23.229132822912717,21.417455765670862,19.226314913682092,18.084347508036657,17.70883611298279,15.73705228092245,14.237448111945392,13.585656067482141,12.857050568689454,12.367942195681515,12.047144811833947,11.267884002678079,10.655265025800373,10.276199527334258,10.015806147600886,9.848177686878898,9.762192861874686,9.720290503818825,9.679336094001275,9.588204876495634,9.36364047244049,8.925981808433173
268,0.3087207548955561,300.0,0.0,0.0,0.0,0.0,0.0,0.03324158676173528,0.36797597304493784,1.0324530831381542,2.1378378828179607,6.360785641574374,13.842113336567655,21.925800516549582,26.268964315948523,26.963227114010294,26.60010985793149,26.223948398499175,25.77642437248489,25.79589408450322,26.72097584616154,26.069599283002646,23.758195166085542,21.353587838651357,19.52486079009351,18.08393649128883,16.904843597956443,15.749858868930303,14.50412516571521,13.334981729719052,12.40384041109602,11.72083950477905,11.182763186111941,10.66274252959775,10.198206227153362,9.832890768311275,9.583314026118597,9.407185925115215,9.258072291703881,9.115068579613613,8.963961362177596,8.78776815361261,8.55674999038579,8.241772402350893
269,0.16515588618993357,300.0,0.0,0.0,0.0,0.0,0.0,0.057579693054205586,0.5675549770131209,1.4873979479923316,2.9253772923540775,8.018345881638577,16.40508611181886,25.202234778155557,30.185044616062243,31.266889792179757,30.738739223707476,30.01544847420447,29.60298296083618,29.753883351462555,30.794401167694296,29.69383471189188,26.843710025887148,24.206451484148435,22.161133976671003,20.58304225595779,19.27695016068506,17.916582260810067,16.502510204609,15.144791469273235,14.016639587266836,13.193228201514293,12.698659530136597,12.367067215111197,12.067511788292608,11.800313624813047,11.585524554016462,11.414256882731964,11.271616112048624,11.143775178157725,11.017548728870082,10.870942056181288,10.64659671473914,10.284257504350904
270,0.11303224513086114,300.0,0.0,0.0,0.0,0.0,0.0,0.04606420962622507,0.4566675986637808,1.2009724559720636,2.371187904010528,6.636516660198065,14.156667562189135,22.667953786806713,27.324601043509166,27.5704082978445,26.48043251372772,25.90492120963681,25.95961489926514,26.21808656217785,26.853432476433625,25.75570649042321,23.407057350207793,21.10768489802591,19.304751093316867,17.954499281725454,16.726904627978527,15.430427385392953,14.27586580125749,13.197678972416735,12.13413301809505,11.413591166300094,11.139019185428676,10.881830586996038,10.5661480504708,10.248315091864121,9.971783349643287,9.73692904190633,9.534827997959349,9.357609361403464,9.198058009224752,9.04465296232629,8.867862517499004,8.635995626076198
271,0.11690364508687327,300.0,0.0,0.0,0.0,0.0,0.0,0.050606404017902125,0.5034443617327661,1.3266493919124955,2.6202814763113293,7.2101229984862,14.794987760146274,23.120306512994844,28.195229795954802,29.10833635010764,28.314054830491592,27.714515835165923,27.42358681325221,27.30429214540683,27.98529225637223,26.95895340709922,24.068871644707418,21.474429523615964,19.97464883557804,18.98093302209433,17.78270841075912,16.27015688618678,14.973288444041957,13.946502072907213,13.101670917348487,12.301905676473488,11.708804314812323,11.44604686333181,11.236136222479558,11.019244094560175,10.81221320922158,10.61454279139804,10.42033443703341,10.2186234741165,9.997899675565982,9.749233916097877,9.470806941819468,9.162904622692698
272,0.15654026238371413,300.0,0.0,0.0,0.0,0.0,0.0,0.0500532644463813,0.5083044084635572,1.355797553741748,2.705822338545311,7.706679209052974,16.487624958294198,26.01100051494782,31.406300518448123,32.40944210636578,31.68349806747116,31.025641677936964,30.853807538394047,31.329939001319648,32.16048945353684,29.89838536186435,26.445566709941335,23.98621408586176,22.364166096732536,21.159868418882013,19.94251330052039,18.383640657888503,16.918600524913412,15.704243952087191,14.60285579893721,13.660673327419765,13.14398475932685,12.958677954703216,12.760245616182374,12.50046172228237,12.216045711211887,11.931626854128693,11.663745906822772,11.413475217902628,11.178278420355243,10.960806208089185,10.783424435843518,10.672159382742388
273,0.259682852085139,30.0,0.0,0.0,0.0,0.0,0.0,0.08372264792357462,0.6649505774405747,1.5342098418113466,2.749999853320325,7.0856946033502695,15.384028735009064,23.434078890611488,28.498670466903803,29.96848383999502,28.775305647467484,28.131051577613167,28.612875921273105,28.514308427850324,30.366362419020557,28.378792083805976,26.431358727231835,23.93623750946532,21.109726501904547,19.59846654914872,18.46369064099603,16.948023702563106,16.10162163604218,15.07633555635429,13.971100484593753,13.299605771083465,12.900743297322956,12.44362486672699,11.837821822881397,11.237904490859965,10.789165484745808,10.511888136184705,10.390475087706603,10.363708028478083,10.361630739020047,10.359650197429305,10.512355794598644,11.035467652012821
274,0.13167181442186873,300.0,0.0,0.0,0.0,0.0,0.0,0.054553954908911656,0.5419657665168123,1.4269721185866537,2.817859930219558,7.8035317924431675,16.089659377070475,24.646020875588338,29.262642922935328,30.085598596753314,29.640171606960386,29.126613414824153,28.639781851602624,28.843687265254605,29.74891545047785,28.3236469389647,25.487386491555093,22.537271262986337,20.19258899080796,18.776848902512018,17.83376097623518,16.777040314557308,15.534350609266076,14.31503607587806,13.461490930250845,13.028723361596155,12.721468894664058,12.274597348315096,11.80502671404179,11.38280967329423,11.03035782836571,10.738321240550732,10.49135468266674,10.275100323646054,10.076274069193232,9.877097699232184,9.639761472581476,9.325237669471763
275,0.07509148644009525,300.0,0.0,0.0,0.0,0.0,0.0,0.034897782235836464,0.39754456974435215,1.1343622447607051,2.378414983057521,7.1840820771943905,15.556542428857599,24.120706946413463,28.630402078583487,29.585369283273486,29.275901559021246,28.858352544677626,28.403796218948106,28.589356850799888,29.755533242136735,28.363367650732606,25.364471087122972,22.532845661801705,20.28827104521989,19.020969652138014,18.366237020354543,17.513379763006593,16.148503937795947,14.685635468437265,13.67068500423916,13.017652254664645,12.4788502962732,11.97652708673092,11.491104808461035,11.088472001312137,10.821808595260643,10.64332569180189,10.493606354834567,10.34525123457881,10.179268023955151,9.980999559332014,9.749396007926,9.486918910019766
276,0.09342229053604575,300.0,0.0,0.0,0.0,0.0,0.0,0.041846256193738385,0.4398118208638038,1.1970191991749775,2.423683328859874,6.985115240659897,14.866324212571392,23.243646066453028,27.82732303394486,28.535158384153554,27.988636067803302,27.596616128181513,27.23409551451419,27.601426981082607,28.71080986631766,27.47524932489245,24.784754213254693,22.283037307591236,20.607736015191147,19.37030457268106,18.18509671030532,16.843262999508642,15.482612679123404,14.334985009665512,13.565596530793805,12.953494796320967,12.3199797661544,11.826605768858128,11.475780781822616,11.229128442218999,11.055694509646672,10.92279752907007,10.799309318896526,10.658419885096269,10.475392142168426,10.213798860309348,9.789646247021809,9.127390128444318
277,0.12031419520275499,300.0,0.0,0.0,0.0,0.0,0.0,0.055428030883706174,0.5364129965617563,1.3907479050336207,2.7141730480862,7.393275030886958,15.325621846501901,24.174846902434084,29.44018112685329,30.204557229358294,29.236635621034164,28.513468299900737,28.449346031864895,28.874943744580747,30.02803897433106,29.183019165459456,26.474083194699055,23.63159432114265,21.273906453861834,19.729900663379578,18.814937807822556,17.67385823369066,16.300306716293893,15.00898998864198,13.8134053120345,12.792553900052209,12.195850251855358,11.86760382729693,11.580831668575875,11.314625030497231,11.089453037830044,10.893444530422489,10.709401831420513,10.52662943254861,10.33638180971385,10.12706832171226,9.874783971981007,9.55528831097782
278,0.1371923731396916,300.0,0.0,0.0,0.0,0.0,0.0,0.04795320394564926,0.48585368492607334,1.294156812650488,2.578753527053578,7.269976040281443,15.380810401883178,24.414094853201902,29.65359875589874,30.38039228224272,29.47273537474746,28.995847887063515,28.882058083283685,28.960582993168213,29.384266098640563,27.648510054949792,24.635249296703872,22.388950738567797,21.002228196299004,20.06844985317601,19.078123763181434,17.761331500713403,16.281433961785652,14.89834268529526,13.807423044125475,13.032224679793337,12.483686039645793,12.09238526173689,11.717274409177284,11.361475986490534,11.05802227808358,10.802917230363528,10.583253499770995,10.38250943660829,10.184199547546488,9.965593354913047,9.677176540373562,9.269489355168849
279,0.1397682228055277,300.0,0.0,0.0,0.0,0.0,0.0,0.03667558510369359,0.4008471500626464,1.116288409817144,2.2973034584960255,6.706761501660089,14.214779602833605,22.429560856224352,27.33453819348161,28.273249396081912,27.47368875658548,26.690057676642176,26.5603192638529,26.92614798482774,27.780553732085316,26.033415677222855,23.10612532956853,20.992716513038527,19.40312244628984,18.052829566044796,16.874710263934176,15.554650490544669,14.315577231522681,13.287741804278475,12.427757356390327,11.652180119408985,11.069343700394892,10.739168853586053,10.494859260588981,10.279032362415053,10.08069490668621,9.90378515944625,9.752251297680667,9.617448333784083,9.488134619511813,9.348846536900963,9.166335711140905,8.905840337493926
280,0.15044060410305168,100.0,0.0,0.0,0.0,0.0,0.0,0.05338939526093067,0.49309656542626906,1.2439515706901194,2.3862296471480913,6.601634530490139,14.335756686983078,22.631591815949903,27.291607432528608,27.812940030994113,26.163764768771287,25.474526529501905,26.053566329974668,26.186278017736438,27.795437068611456,26.432149649491162,23.536328750881,21.352263934988162,19.420023061732888,18.163714933893008,17.13150052480933,15.735292851578343,14.73311587437552,13.723647827562937,12.788612297782624,11.977055238942599,11.339715492742345,10.946659237902216,10.7093774592112,10.57967478460066,10.523316688187109,10.46871054652068,10.350654164351866,10.164008264555429,9.919137112182284,9.622798089811223,9.266970644954876,8.842852220580236
281,0.07335007637249365,300.0,0.0,0.0,0.0,0.0,0.0,0.04331688696547107,0.4513692295063563,1.2223266541386375,2.466398339695219,7.080980855030744,15.034525176260615,23.636155092560422,28.595277087559975,29.46775140436117,28.674970554790363,28.123604077480557,28.041518113967875,28.260955296233924,29.136987221834964,27.844494866443362,25.00884973363443,22.337532001451812,20.31580931003428,19.068720991507558,18.07173790613693,16.81097124054698,15.5727574921997,14.654195563816268,13.773955336284208,12.845582689600265,12.17899675570365,11.757144511297373,11.364634564103989,10.976229512055975,10.618144905091683,10.308937042484557,10.061358865254212,9.876928505558642,9.755192784455835,9.705079557480559,9.770619748849983,10.009004063507604
282,0.11004472331311503,300.0,0.0,0.0,0.0,0.0,0.0,0.060483937254103996,0.5696747211924459,1.4536396866337458,2.804160623212452,7.523901336529161,15.363602000135561,23.76635502148613,28.79400068988011,29.772919546027342,28.96218172776029,28.461651822056652,28.350751719149674,28.687785362566323,30.118229333263724,28.642103663251678,25.02658101411605,22.09634358001971,20.121282254828973,18.92223972214772,18.173931057788554,17.184935012465594,15.870236206038696,14.546012048522455,13.509323332094088,12.812787962950695,12.416066846576632,12.241525666865071,12.021943113351597,11.726517533375874,11.396889571969218,11.067406252756689,10.76229395345527,10.481736382606199,10.220588327773125,9.972997873785838,9.729254850795407,9.479454381986244
283,0.1452413780560823,100.0,0.0,0.0,0.0,0.0,0.0,0.03844780930030728,0.4068753083833458,1.1118522535390511,2.2606399278544727,6.6408694369181385,14.285033465691757,22.176162200150205,26.94184730189618,27.591637019967294,26.206836228187463,25.564900288793933,26.17102493782709,26.530201656551306,28.466961523957906,26.88081841717739,23.47995813504304,21.02759572268604,18.87100357980793,17.832436120471304,17.279820145125388,15.956937446948121,14.672740703045312,13.589048853946105,12.459383410925133,11.67981692453873,11.547886702126616,11.43600578385059,11.044455775176255,10.575755270529642,10.243245613588886,10.037709962887472,9.906730514823149,9.807980755112702,9.702662418976105,9.546847498597339,9.273489331804871,8.820335178334275
284,0.14377181787147308,300.0,0.0,0.0,0.0,0.0,0.0,0.054740291616620154,0.5215731626583529,1.3400213880935086,2.599024341408779,7.055185623114187,14.680417683191846,23.30041175011296,28.325956462437937,28.870898558291,28.037659913277633,27.815755516262563,27.720620669595167,27.65055113549818,27.811926865476547,26.2111827419544,23.486947834598446,21.185489415986034,19.55144054315428,18.422279693662773,17.378180485845963,16.073520467426366,14.797550284330573,13.834847022122622,13.179745194009215,12.708303139050782,12.320901963209373,11.860491867848513,11.347462172542699,10.87426288418257,10.507658420395256,10.233409042550136,10.022476059987032,9.84978371021193,9.692481752945547,9.527062412421925,9.323254718162483,9.051694301876784
285,0.19540798559749728,100.0,0.0,0.0,0.0,0.0,0.0,0.06114060566777981,0.5556050809267606,1.3884277994687435,2.6463475247042365,7.317201958876423,16.243770616957928,26.56241572073225,31.796602833991987,31.62609998258125,30.142584850728614,29.692178103584627,29.64627572730116,29.74390077854136,32.01562884371385,30.059695075119507,26.005882598177745,23.161018985238723,21.37343115867456,19.91280502528344,18.399026381116556,16.839977804094495,15.811982004502832,15.158097520265617,14.264892508698392,13.034066652710383,12.44302981312973,12.162383789211964,11.797235658585208,11.370544482412722,10.978492748569204,10.682440075035313,10.514038079935661,10.432049977141896,10.380744511219804,10.304590746358425,10.143339538346744,9.840376789041288
286,0.1357345049150368,300.0,0.0,0.0,0.0,0.0,0.0,0.04538984925514481,0.4667504907202736,1.2541607129128283,2.514882434814096,7.127659256125477,15.038145972305742,23.725593472923194,28.456004743390537,28.95841894060662,28.316825149148958,27.842117894066725,27.627683166060123,28.107326188826192,28.74203283923147,27.110576107388443,24.697017941632314,22.68918130969915,20.90016893140735,19.477632397506643,18.3540296830732,17.12754897088753,15.856057738480294,14.863149190348906,13.982463291438583,13.014994420588453,12.272275125488793,11.925083444158384,11.641864297193877,11.35245120286804,11.078225262860574,10.824734531710059,10.590471239780683,10.361944179073278,10.12376537893783,9.857929996858015,9.533148961915186,9.11969389279895
287,0.12776635037781645,100.0,0.0,0.0,0.0,0.0,0.0,0.05066764886035387,0.5025272583831938,1.3217190231104647,2.608603091278394,7.327934374918472,15.774933037626909,25.05682635793133,30.05483003118443,30.288179904946595,29.036358536574504,28.522973557925255,28.81568529393276,28.894944936406468,30.457068318746366,28.393870090907498,24.670547595270747,22.31427659152342,20.886101353583136,19.780738115256753,18.3256106085254,16.453737131057036,15.170871861980325,14.133213554465877,13.1751167958669,12.559281403942888,12.366260107997105,12.125862558776046,11.774013349467094,11.393057747854993,11.047305537336392,10.748583416552885,10.493859654971436,10.270148583335862,10.06306501014247,9.85342955379988,9.600618122099208,9.263062579118545
288,0.08686096959800692,300.0,0.0,0.0,0.0,0.0,0.0,0.05653767009707628,0.5403179266421003,1.3906261478276314,2.698952604917939,7.252877181772677,14.712593714619072,22.783252103989742,27.672648897066136,28.833749614123203,28.269956696332837,27.589307761583672,27.385064376239026,27.61883431828517,29.02144755427309,28.133068719916896,25.42518613231047,22.780464736984356,20.651448656272965,19.186423385742152,18.211777895314977,17.07532880633069,15.721187937131868,14.428577757820737,13.504460081924693,12.94632618720281,12.444074250885244,11.91736078448764,11.428466030841323,11.02955723633229,10.748673746868906,10.56291504298251,10.440240000254693,10.349354073147003,10.259952185783117,10.135999626669031,9.916880659140775,9.542815782883608
289,0.14718835183464582,300.0,0.0,0.0,0.0,0.0,0.0,0.04568875930429271,0.47171712799166343,1.2704105071209664,2.5511930802117386,7.256150905386576,15.381200499665093,24.28652936857928,29.49470515691716,30.575401788284484,29.805316218602727,28.994383048940993,28.904407240413704,29.53885064853691,31.172396295576462,29.63192940825551,26.069613579581798,23.002655180709475,20.767935502717425,19.1773318868242,18.0772459246951,17.051821271098554,15.884572879841707,14.817362157875953,14.045217010425636,13.495850379887898,12.985847445623651,12.34812553815198,11.754711033958843,11.29444795328621,10.989871347989899,10.78894089863582,10.63307578501436,10.489000428761965,10.330442434417664,10.127322527658764,9.831539509969877,9.39783119113584
290,0.0894131289298859,300.0,0.0,0.0,0.0,0.0,0.0,0.040762818423686877,0.4236407768472768,1.1454938088776154,2.3095114054654635,6.654029748781752,14.29086733050995,22.656954990982328,27.17756825882184,27.583709510942604,26.90075135949636,26.587181008267002,26.242286422949025,26.21246435125885,26.684417496258916,25.6351413601801,23.365726959402824,21.262023192255622,19.39588769617812,17.96751852781718,16.81405700359498,15.539386205647741,14.417809462827194,13.539411200703176,12.749966900059995,12.092255527995336,11.605071872196927,11.1847969718587,10.786915115984845,10.437755480763043,10.163273785340408,9.952952184192002,9.788187902496407,9.647153508471932,9.508179704861801,9.338843462851418,9.062755777826592,8.604295918627209
291,0.2874185698300083,300.0,0.0,0.0,0.0,0.0,0.0,0.03430903299457942,0.3754957756731718,1.0466134886449374,2.157853138041167,6.394859876728282,13.80882015512437,21.740936987093228,26.315371875454893,27.335668460932865,26.661283830899595,25.90824262740294,25.798692360687355,26.175987250241512,27.83061078223884,27.09510863203182,24.463060320708045,21.970991700147902,20.083356060431896,18.906328235727802,18.090028372302065,16.918442872536705,15.400345955394243,13.974060091330951,12.88421960236462,11.974917492406776,11.200357753250229,10.727707234145619,10.428867618989146,10.22513214710523,10.07853059806147,9.964144978920547,9.8624972157152,9.761192472744902,9.64981102176179,9.512368689546818,9.31045929649365,9.004278777149102
292,0.2321539011835936,300.0,0.0,0.0,0.0,0.0,0.0,0.07037576198393632,0.6238413807530208,1.5361142440001114,2.885134552314478,7.45736813138282,15.075348950071113,23.66013743474468,29.169065699604392,30.40983353436724,29.639519707177293,29.126753041526733,29.207838803525686,29.83939219086783,31.035852528903543,29.057917607531724,25.699771725389226,23.097113611693825,21.275246107639024,19.9905734038749,18.901024438561084,17.755306791813105,16.63789880127049,15.21417518067307,13.848145132566431,13.043145963953187,12.765419624169153,12.570865958304475,12.25024472040006,11.879704148548113,11.55804173026949,11.293701148745452,11.073031617340748,10.87602200674796,10.68221656278894,10.470517714458706,10.213699590162678,9.885829100706404
293,0.19336876087685423,300.0,0.0,0.0,0.0,0.0,0.0,0.05938899733275564,0.5703871145287639,1.4723820731019501,2.8687358449495077,7.9168021512725275,16.66475167818994,26.13425961990233,31.399780071078528,32.171007302315566,31.12285777661834,30.247577132240092,30.29443427793698,30.643088667771202,30.742672936211978,28.573328447763213,25.23300029731246,22.4983512790076,20.869064771664174,19.818520580183716,18.665664291697844,17.218139580602074,16.03765333389054,15.05758928229329,13.8858133581883,12.676388506644567,11.871635948007993,11.5188974878454,11.33391198228416,11.211591416381273,11.111930400675194,11.002588832733142,10.858866189694165,10.677051094548228,10.458833038440364,10.204738653769777,9.910061826050137,9.569971015808388
294,0.11517038555972832,300.0,0.0,0.0,0.0,0.0,0.0,0.0474867716373301,0.4844095658084893,1.295413575382211,2.587757855254356,7.289366509956012,15.242131433026767,23.638460680947237,28.301015955888865,28.945958906150622,28.14899391562058,27.57450692871941,27.52101779479796,28.113060366300065,29.267907839397974,27.578762445884372,24.582658298795124,22.28242509860588,20.431942551119963,18.748749262585356,17.326177652500967,16.042063232085116,14.844685531541225,13.896292139977364,13.270574333898693,12.89899175192909,12.605426643984451,12.188202059532179,11.719353795865695,11.279091791457626,10.9104825653413,10.600308495028292,10.327077659472643,10.080868917364128,9.854928677864356,9.644699987023747,9.452478005450883,9.28193871492393
295,0.14777236871126334,300.0,0.0,0.0,0.0,0.0,0.0,0.038111930884575505,0.4100795320188331,1.131566970790121,2.314216980749214,6.763325593867679,14.619392446205046,23.37256532695581,28.051586204497237,28.312305633830093,27.525892173060782,27.131307224946745,26.74079380022547,26.76111005894182,27.495976968306778,26.542848350991065,24.02791776450091,21.455955389318188,19.688631899020812,18.358423739636432,16.988886371427146,15.472418715280838,14.111087553433647,13.103843867765402,12.37851383661798,11.753731098380598,11.294065958754247,10.967272896086422,10.655395852509763,10.363998401232914,10.121600792492671,9.920078262826156,9.745822498228247,9.594386386990127,9.463612323482106,9.354963049985805,9.283752773587137,9.268555481221465
296,0.16181341137677815,300.0,0.0,0.0,0.0,0.0,0.0,0.048998188970691844,0.49139335703773046,1.3009584832485666,2.5778735054877338,7.1382993362327305,14.77535769477036,23.144419676924194,28.28305570298596,29.3582096905771,28.502531656596894,27.737640644613762,27.58115289836594,27.71656331039805,28.209562694495116,26.725321953913205,24.057953512471332,21.64888120138488,19.73847520378439,18.26049464541576,16.95834208233273,15.56770347333577,14.314298404585163,13.385309308953005,12.77618141619007,12.314509166663965,11.897912779601961,11.524734645531854,11.116370091024724,10.7243737754979,10.416892450217125,10.200509826177445,10.063939174620367,9.976854073732767,9.905596991940879,9.813932025358087,9.652388057872027,9.372228541590138
297,0.17994267047237653,100.0,0.0,0.0,0.0,0.0,0.0,0.022935950761000544,0.30082481720984383,0.9324014380229804,2.0778653108554965,6.813903149640263,15.328538125792049,24.007580782008493,28.476936604947635,29.07863735978532,28.40366128006883,27.772321811661833,27.64965306075318,27.65081799124906,28.64901869249227,27.00606355013473,23.84520761494862,21.472279649955944,19.61649980888209,18.24144816391247,17.448765077465417,16.58049779781828,15.1558506927446,13.89755969690043,13.198137668403678,12.546658514703198,11.956775162655601,11.499370218371162,11.04033765556935,10.61955530949025,10.301276797483208,10.06143107918659,9.866036162338224,9.710305019098938,9.596453246600786,9.531196255070201,9.538679299307521,9.64873265097391
298,0.11354871434099949,300.0,0.0,0.0,0.0,0.0,0.0,0.05833672277305048,0.5498891177704402,1.4038931012590696,2.7096610500860105,7.260782043543715,14.743742253252831,22.70345301327736,27.39160163612877,28.311770857363477,27.503449846383557,26.99999554034138,27.0196071638843,27.311047217012245,27.907612715498583,26.448196468535052,23.960438304431452,21.759779922483393,19.948145602068497,18.298968439244693,16.843813758416424,15.618986072324978,14.640430774489815,13.875053220947523,13.183558958960047,12.47853014970299,11.848044305649726,11.48183551618505,11.221234232303145,10.98436315203354,10.742232150131317,10.494097172235199,10.245755476886709,10.003319955933824,9.772466889273556,9.559643918009726,9.376098869776559,9.233601031799012
299,0.23332412638045522,300.0,0.0,0.0,0.0,0.0,0.0,0.05841742260105453,0.5624824178661548,1.454013149356177,2.8308268631130056,7.641642072634299,15.540304559182024,24.0462390740821,28.97356905679136,29.90616896633111,29.256605367276148,28.512569739940407,28.25200355904247,29.143862561503834,31.61185242419811,30.28881061305708,26.588945390228496,23.42678714392917,21.52138414965058,20.558692802287403,19.816331814206208,18.45185950313088,16.690499601910886,15.076813595477372,13.886012840779735,13.229444221158506,13.039638227187938,12.819259064460393,12.459876466323445,12.066987284082188,11.736642186352855,11.477056898374189,11.275506885871042,11.114141412549806,10.974807016880757,10.837778749901192,10.67424568806218,10.454764171649552
300,0.15415268166482923,100.0,0.0,0.0,0.0,0.0,0.0,0.05055483915695977,0.4848646912317416,1.2504256439490982,2.434668522665518,6.8021276195330485,14.803939868824003,23.495732025016057,28.275377751310874,29.027176044697207,28.250979704215045,27.70512533417023,27.53030577033546,27.30921439739633,28.199838578164115,26.178597861588234,23.160394953769448,21.34762465698058,19.933100596260175,18.674510045295413,17.510701787522134,16.08016689475435,14.708810451219337,13.523094457157883,12.798497530113234,12.43601887118503,12.095713172333062,11.781561884059073,11.403264894946146,10.996073944922493,10.621200278362632,10.286060813236523,9.985913512068468,9.71641443906984,9.473600406693297,9.25821959217592,9.08809893241676,8.984292339110562
301,0.08472304759004494,300.0,0.0,0.0,0.0,0.0,0.0,0.0485396180052399,0.4770831779369813,1.2483717305378028,2.4554841037620885,6.79775852113647,14.161022631830596,22.228321854638622,26.96457439944109,27.725982745837186,26.853262117038085,26.27258638615764,26.173315290826412,26.291398863430878,26.95973292921703,25.85975873584156,23.152368108288318,20.806690355186884,19.243830036837284,17.882398844901783,16.561343901811313,15.32510932332513,14.29344710574756,13.460128986649826,12.716862565719637,11.96412062033181,11.367334834811597,11.018360801849044,10.800962974894523,10.628060164277219,10.44632521038188,10.249757268242659,10.042467503057964,9.824214923474807,9.593802736906655,9.346829715287846,9.066428587085118,8.73505171395761
302,0.19704474491896215,300.0,0.0,0.0,0.0,0.0,0.0,0.05798372504763023,0.537110883922097,1.3572393884997904,2.5993894242231064,6.898637722522892,13.982426192927992,21.537996753521146,26.08826119943711,27.353779153595823,26.961003471705776,26.25097531134123,26.035661435692123,26.323301376051695,27.081358242641983,25.663283004914053,22.66905387892261,20.05135859380636,18.18606705476824,17.0743515824446,16.382269171025307,15.489801260807305,14.350214323053201,13.27797566501441,12.299376724525967,11.470587267588506,11.045228165571237,10.912384432503554,10.759533073051402,10.530005264177616,10.24745090714481,9.953615130481175,9.685281272921202,9.454279476257469,9.26620967014902,9.13554567167168,9.112819865815965,9.260059756220109
303,0.17088811261279666,300.0,0.0,0.0,0.0,0.0,0.0,0.03924040033224452,0.4134436354352259,1.1268590808038943,2.284575412948636,6.646399940515321,14.512580188170585,23.40270928124666,28.24669799301845,28.618327566555507,27.78600662129133,27.378503459260866,26.9591190618515,26.848941325557345,26.76546845979525,25.181363023631373,23.09522689538929,21.428437204703588,19.590330913158287,17.928584926632663,16.76535001151175,15.67427500956025,14.507077858202267,13.361868084930753,12.477009027244879,11.927418470784287,11.628573598728243,11.2694091105367,10.887755475347838,10.54440578417974,10.265912179333068,10.041137475799495,9.851883407677105,9.68229632773922,9.5177989017412,9.34227129143221,9.131177578761948,8.860200086059747
304,0.11637828129069665,300.0,0.0,0.0,0.0,0.0,0.0,0.061276107515686205,0.5793613105161272,1.4815577588598396,2.8594028555851034,7.611893275792834,15.423988911269417,23.685738811999713,28.314091718655654,29.569861240542636,29.364205783421248,28.809228731166343,28.27967724562463,28.113307314302805,29.19634457075115,28.381580113168393,25.2965464004064,22.17025590567395,20.08208403962775,18.952571064825754,18.125217950214065,16.973133673702993,15.674102939868783,14.576515899863303,13.70224593604316,12.947498774649489,12.344513875431465,11.899542882993407,11.496976807945533,11.125004151640312,10.80161653746017,10.536240334483582,10.330963821136262,10.168197388790409,10.026896383682693,9.886660094757412,9.725786257484721,9.523444438289827
305,0.1894364788012863,300.0,0.0,0.0,0.0,0.0,0.0,0.05228623749726853,0.5076216474253503,1.3186596246817581,2.579360208093466,7.096979293663406,14.81204856633144,23.161205076225084,27.927517378835287,28.87837416554142,28.421166815512265,27.853357067737786,27.637940045120875,28.006664968602497,29.026951944398075,27.722381424165928,24.85727226766407,22.301147518559493,20.488258752255945,19.113210255726994,17.69071213241774,16.122923616181588,14.886444174045993,14.073713779678828,13.5046082108554,13.029016756033643,12.541542480405637,11.868528529832844,11.207095317610202,10.68099882009983,10.331274984243928,10.087063190397231,9.87305659187571,9.670229787348918,9.473119770638975,9.278813849573197,9.093197437848852,8.92375046225866
306,0.11626131788910386,300.0,0.0,0.0,0.0,0.0,0.0,0.049860119488968235,0.49541789672501396,1.304628263756363,2.5781666970684656,7.180540481495459,14.899890729689153,22.894859055694052,27.420998160780176,28.681793576289593,28.5634144637943,28.09758625983629,27.799316600300543,27.761844389195588,27.92011881018174,26.567602106425255,24.223009521161863,21.95445361903039,20.024141288022108,18.814037683523924,17.93817925980718,16.710684751199132,15.36901836965931,14.154825093470464,13.049431273302371,12.204253407139785,11.83090776087715,11.721989837576963,11.554018290983086,11.293004863657611,10.981925881701809,10.660033493412522,10.357046090563017,10.078811326794385,9.825452408034595,9.599180779814017,9.410523321343133,9.271431537857012
307,0.1047475751932962,300.0,0.0,0.0,0.0,0.0,0.0,0.056166733725573084,0.5476197866407677,1.4261591776577702,2.795949257120376,7.748862834896469,16.299000133285084,25.488799278695218,30.466891694091657,31.449448230123874,30.978744634745496,30.182354718083165,29.737303401035316,30.27907477905055,31.423472702776383,29.548203382585566,26.018852916401837,23.282244660667335,21.418810328656075,19.961736115077723,18.628296112716857,17.18179616644266,15.834804481437047,14.731078044825137,13.831598336697759,13.0504451874612,12.481875825409114,12.153262582739755,11.807600548006517,11.432607670591837,11.085310148732214,10.79354336475456,10.56904881951349,10.392416305733505,10.238436389210547,10.081060259648916,9.886224610391084,9.620440989323773
308,0.2657888520845891,100.0,0.0,0.0,0.0,0.0,0.0,0.030272096515214383,0.34587462196160484,0.9885680599977227,2.0766039147591946,6.381614258908381,14.154525566510634,21.920793152176877,26.05289138818254,27.04182227481914,26.295113057896785,25.574653117588113,26.0297044145255,25.98546668371251,27.02463420672047,25.955155317380964,22.795335860535975,20.275380372712576,18.44380243063449,17.436669834851713,16.862735761920295,15.67314255513117,14.23367925134838,12.966481975572366,11.989444045423568,11.436934404562903,11.543538114959249,11.301964272144895,10.665159370555793,9.987087157373164,9.511602708784928,9.215380346867876,9.033320051016723,8.924764345796829,8.856793798687658,8.786516247413948,8.626179612937403,8.285121940418682
309,0.1205028656415126,300.0,0.0,0.0,0.0,0.0,0.0,0.048981278694956006,0.4907829904479164,1.298683906854917,2.5725077092108686,7.117119194993371,14.729536092501785,23.06430618150575,27.87066050097169,28.58254530638523,27.981142245269627,27.657795981053827,27.317758359785316,27.351073148995518,28.20911355459097,27.221374117369887,24.65242673254122,22.14718394132275,20.196672143942752,18.87295903579274,17.89022671789153,16.624796231121085,15.123068739449586,13.854607912825074,12.997945258226713,12.39691575073574,11.920548690075012,11.507593357545472,11.109106096468194,10.750700098347911,10.462323512796802,10.230293337996093,10.032631762329585,9.849393993027816,9.662077623652344,9.440721457026633,9.108938869602877,8.592556892872237
310,0.08084061668345828,300.0,0.0,0.0,0.0,0.0,0.0,0.05077368291534823,0.4929640606099416,1.2807128350373056,2.5079276343926806,6.9855417417465695,14.819051015789643,23.27158923048391,27.930430937909748,28.86096682374489,28.322590519462846,27.718852909754933,27.677362560994425,28.180815011377764,29.474640650677063,27.849074699357836,24.38901541444334,21.6619825375718,20.00757697449395,18.662558723928743,17.32951053367033,16.063426149893942,14.941963466389382,13.831057688200335,12.943089208379831,12.451707670699788,12.141911435308142,11.850169813585639,11.50786981134356,11.144693242841274,10.802096568662693,10.496394882153972,10.234783969984429,10.014848457811903,9.832331235054678,9.686934545616571,9.592364533272887,9.565755151936044
311,0.08365442922791674,300.0,0.0,0.0,0.0,0.0,0.0,0.03606403699728643,0.39918088694796144,1.1199561043760617,2.3176904732263184,6.822466418129523,14.564748352487378,22.942124590058718,27.469142139013766,27.88059927842421,26.97773276669927,26.427657341525254,26.320906204892562,26.446245155190844,27.089858829016052,26.10127115888684,23.799138391437065,21.407843643666656,19.212377986740893,17.616135460450547,16.584989887349693,15.51699261588573,14.394241201928898,13.33760094844756,12.507447082638206,11.940560771692724,11.491014312230694,11.189140970657139,10.914632165533847,10.637460995677033,10.36598060461776,10.114044869675674,9.89189347318422,9.694178820131993,9.512358560336919,9.336399584119633,9.148811765549526,8.931511035664215
312,0.1141201144499107,300.0,0.0,0.0,0.0,0.0,0.0,0.04449189530482687,0.45376796235557326,1.2133553470460192,2.424397338032964,6.868586919127879,14.613996930851169,23.057554712169484,27.807199084157542,28.649732524393837,27.827474841253995,27.090758655613254,27.170386684635123,27.79924255754192,28.30040447237466,26.38031601227888,23.95762647253128,22.233507048438618,20.394040506205386,18.58130358029836,17.256116045777453,16.14171814475663,14.967768320682396,13.92677763962421,13.004257000468042,12.085370026817222,11.35721179452716,10.998871111491496,10.7479001021246,10.515407156446601,10.29147973212492,10.088296685917783,9.91802914513849,9.7754395033166,9.651558478149584,9.539200622463499,9.43669985457219,9.34371276808581
313,0.18178548821961515,100.0,0.0,0.0,0.0,0.0,0.0,0.09594042354586613,0.721142842366438,1.6120775795633873,2.833639955433141,7.144501103407962,15.178077583621343,23.423305354104706,27.75732094342553,29.002225296923626,28.63500634732089,27.83939298415271,27.51093777486331,28.60504926508658,30.776102661928487,28.829777618044048,25.7707539893966,23.355266743175267,21.198094484564297,19.940117991605597,19.180371359164976,17.769714531991955,15.95076243892427,14.464842470860743,13.426403525414448,12.675157214348532,12.346813870653284,12.061753946589342,11.636098373934674,11.171184024939334,10.78570311621318,10.518402900748757,10.379759421101467,10.341490927477993,10.368502135636419,10.394653514584926,10.22547116542198,9.656076361033586
314,0.12954752898780156,300.0,0.0,0.0,0.0,0.0,0.0,0.035082821105360595,0.3949718326609473,1.1193399686330592,2.337523205646166,7.106635776576239,15.76742966213191,25.163014257513346,30.07870513212651,30.547625436308632,29.573271321614996,28.94771161842858,28.90284431481951,29.12519193196318,29.82695832725955,28.49794239312415,25.819039629602432,23.330691219272126,21.130333062982896,19.502214717150622,18.554008337988286,17.629340477264886,16.30291647728487,14.915400889459773,13.770121616413952,12.933449254041806,12.404456556124057,12.043271901250952,11.71812072997778,11.432365874522405,11.209641335531423,11.034927977404651,10.887156446480686,10.75358704441727,10.623807883941339,10.487156761188912,10.330837964594334,10.142216111503265
315,0.2138864327487254,300.0,0.0,0.0,0.0,0.0,0.0,0.06230932753717357,0.5871494928359055,1.498658636256363,2.8901667730212397,7.692957745665142,15.55308858870526,24.199409955864837,29.395520512167217,30.14598565594122,29.267071177241487,28.974957970426516,29.050725582507912,29.289204199358046,30.347604271718488,29.318053956181608,26.31593705375924,23.43798568432331,21.047373085993904,19.158745878201348,18.031342547273656,17.26018475431914,16.240904871798897,14.863921601278806,13.615559341560466,12.958004564206847,12.78113001783121,12.499086333731446,12.07373446582987,11.649193654565012,11.330763530794108,11.109070367157319,10.951465426341471,10.827955791179996,10.710179663480641,10.56897563536229,10.368851471500918,10.075817897778737
316,0.07676945418039086,300.0,0.0,0.0,0.0,0.0,0.0,0.0507644460369849,0.49275465974298394,1.2798710764518697,2.502484384756697,6.856210938203874,14.20440352281664,22.16931595852324,26.80406969806846,27.588518427902724,26.91909913749974,26.433960625245465,26.297417234705797,26.66543883292658,27.370465619266753,25.9510113875946,23.495949862821785,21.126560143949575,19.132836367608974,17.73397885856319,16.75603003402586,15.815806026930364,14.941843620608429,13.960521618446542,12.819849994544112,11.941813928009704,11.488405382411369,11.191323189888383,10.888491143695965,10.58697130448761,10.314241368994297,10.065260111922866,9.829863842821979,9.605526112124663,9.391503060144847,9.19280123373791,9.036651287860701,8.954318985647577
317,0.17833729809505625,100.0,0.0,0.0,0.0,0.0,0.0,0.0317026120326904,0.3556287515064145,1.0058509619856222,2.1018595519863195,6.512944746798074,14.671821127035976,23.313415890728407,27.833318431857933,27.96443977003476,27.06490502104818,26.851352205275166,26.63006601697816,26.563570245678136,28.203979285586307,26.816348878687336,24.019654018136748,21.744330369545906,20.023050916912954,18.499276539597993,17.06421758654995,15.82398893230865,14.760888688174235,13.762355330578185,12.822889860430237,12.235505055364248,12.155097652716593,11.83786498463757,11.329462170955141,10.821898536437095,10.425314822275448,10.125999023421958,9.889900107900049,9.699554383617077,9.54232994127002,9.41675986636926,9.36193388436352,9.427249709434811
318,0.20014111828018252,300.0,0.0,0.0,0.0,0.0,0.0,0.07250800397481827,0.6341193451899554,1.5492872345075654,2.8976118585641872,7.545702200264447,15.439217345645606,24.177965195507092,29.23344422002711,29.87944124131961,28.80840179227147,28.26763374382952,28.383714983323927,28.54706423472263,28.9118205703686,27.618528254113823,25.193079198512358,22.714658496444617,20.727013558678436,19.583532157443532,18.873416548985002,17.67277582248872,16.02031121680116,14.508887488257821,13.299010700918158,12.514343366949607,12.181688852596222,11.95228669116015,11.699685364124761,11.466681310366779,11.29945192576219,11.179677011599546,11.075585747997408,10.959326965318743,10.804806810677885,10.579459902124123,10.222983269287566,9.680014671407985
319,0.08804351431935403,300.0,0.0,0.0,0.0,0.0,0.0,0.04748681913920334,0.47523470474730745,1.2566425028408421,2.487975803392676,6.900591117600693,14.483619542531862,23.07019597268148,28.13424460402219,28.956841777977317,28.27312073827726,27.62003891441141,27.208330911156068,27.49189609383097,28.532421418786903,27.32609359650469,24.555337959019237,21.95673299861476,19.905258306955,18.546914976360906,17.563542497545054,16.548226494755127,15.4534629938615,14.25452910120045,13.084474303460622,12.333930522548155,12.00846656986299,11.719156258010479,11.365632774623975,11.015263276469963,10.729051304138682,10.494137658854362,10.284814179759147,10.0865229780253,9.887949221012876,9.678717557394918,9.449882536563928,9.193607653304435
320,0.14498181911846642,300.0,0.0,0.0,0.0,0.0,0.0,0.060021395539846804,0.5654210426513564,1.4429622096857428,2.7824057872021877,7.388296789474593,14.767260274496545,22.553960445145947,27.458567610884575,28.914174938464516,28.46369736850132,27.843035406417876,27.71220741454364,27.941813441728996,28.89427776617161,27.616453812659145,24.778733275456656,22.177485781352654,19.909871401013763,18.287353875882012,17.34147246257699,16.47504459117584,15.396832116185452,14.175316879245191,13.088108474166196,12.420261660169816,12.08284205307278,11.698081079064032,11.198844132566178,10.707437316593861,10.328983820350183,10.06651410979501,9.898915661902171,9.791310960910964,9.707297257693588,9.600901094943016,9.384586898062334,8.970869250948313
321,0.06873770239116009,300.0,0.0,0.0,0.0,0.0,0.0,0.04942197493516156,0.49162988060459173,1.2954455975804906,2.5595869842593406,7.109767116129828,14.873894899845412,23.306209885147236,28.017813575286638,28.96340117662144,28.665889137416034,28.176256803629034,27.72745851149133,27.9030931458387,28.757668923319212,27.21359742518722,24.291415423278067,21.935548002375644,20.350094493939995,19.26030972963935,18.26449217756806,16.942824694658373,15.556367267646968,14.334104630348893,13.297588292866632,12.47433474272536,12.019127675376648,11.799677000786998,11.477884765909186,11.089608302217927,10.748018838302633,10.484500125560618,10.304366814620114,10.187011162086112,10.107208193166018,10.034974354537171,9.917312832242116,9.698222703564058
322,0.146353283415152,300.0,0.0,0.0,0.0,0.0,0.0,0.04858626286888382,0.47934060657941124,1.2569988071688059,2.476674114704313,6.902681745718766,14.461492532002007,22.3490189853174,26.646683031963097,27.59773553850492,27.366139572008844,26.970907556202196,26.575698075566773,26.831029123735384,27.725056295969857,26.404146926011403,23.715107970178554,21.4101787656801,19.843169918655786,18.684182759030058,17.61439130410726,16.333604762494133,14.967471801744106,13.697529870474794,12.596355331262954,11.86642845764247,11.52282772413647,11.226039270391722,10.852383434966839,10.458438349023348,10.10796039793912,9.81297314138264,9.573753327461391,9.391320257119956,9.267283947650503,9.218583363383043,9.322273707699082,9.67993478302314
323,0.16863483658504858,300.0,0.0,0.0,0.0,0.0,0.0,0.05288622284886944,0.5035584547661743,1.2932630530380202,2.5091172394147585,6.844560924008516,14.199685995080472,22.01992734576226,26.612123965855545,27.84592317300118,27.448273153103425,26.716990812755178,26.36041255456436,27.025378974409815,28.567382722192367,27.268883646023042,24.084381529382835,21.206751543228673,19.13855370585646,17.707389494780045,16.67312712009493,15.72550010016154,14.816104266559947,13.755840399878833,12.68665763887806,11.777560871957789,11.138309589265821,10.766895907432264,10.470539024977642,10.206705224127615,9.980081145748692,9.787071756978822,9.6219959100549,9.477726931602959,9.347101785408798,9.225254130319232,9.11519419083206,9.0216527319773
324,0.03523115278781428,300.0,0.0,0.0,0.0,0.0,0.0,0.06270398672538484,0.5755382054240376,1.4466637982483515,2.762585084668037,7.364708599159421,15.109469071971349,23.746456715471357,28.87293688236905,29.455103406341372,28.438387676574067,28.013677057577596,27.948009483754984,28.11517754087643,28.990737663426884,27.87478749244998,25.111011437255463,22.288317519162945,20.184546689719127,18.843259813503018,17.833485388430802,16.63882365873404,15.398982189131916,14.313161240556509,13.36790943697409,12.57089500894975,11.99532487522554,11.64894729409974,11.362683083752467,11.09028681602719,10.830305624012773,10.589807587003454,10.37526053254327,10.184941134890375,10.015350039018635,9.863407782705064,9.727040538115657,9.604475209954535
325,0.12525096484503964,100.0,0.0,0.0,0.0,0.0,0.0,0.03699363576330683,0.41020592006313955,1.1519154567982666,2.3854696558690356,7.116097722064555,15.502024533940086,23.997719100700483,28.775183677423062,29.88851253368722,29.153923264880635,28.49417229647593,28.60259565484677,28.500164422874963,29.733682992804333,28.55161367514557,24.968852328649664,21.89147203953345,20.4369883965057,19.515154753843678,18.492962030887664,17.168311622071833,15.817718436426697,14.937878504613904,14.056454964185507,13.101091804638791,12.705557644163006,12.514114228497597,12.143250096727801,11.66057994173051,11.202463065388674,10.817669769070458,10.52327825740347,10.301349851995113,10.128100257062533,9.974553687414444,9.78468259086812,9.499939324852377
326,0.06479096889908993,300.0,0.0,0.0,0.0,0.0,0.0,0.045368051509893426,0.4710985455948161,1.2731916774352938,2.5676010127023123,7.449907420473191,16.04734144138278,25.032956953111928,29.767703923040745,30.69332036826307,30.132724705111055,29.38582825571736,29.2457693308011,29.68894280219823,30.80259973662825,28.971980920217106,25.639768743163845,22.920842145487136,20.923513599658918,19.528499304121542,18.31787203267847,16.96237230870948,15.920965478869062,15.124274030394153,14.170615528149126,13.211075428850528,12.552212654851129,12.07522172865527,11.60737449989877,11.1960719061517,10.910004614294634,10.728137796332195,10.612790378806412,10.53061151888568,10.450039567518361,10.334432399779274,10.125242433770273,9.764804946725945
327,0.2304618115614561,300.0,0.0,0.0,0.0,0.0,0.0,0.056418659541557316,0.5376130025845619,1.3813226633709412,2.6794351080604857,7.263647088941708,14.918390643941185,22.965845599535584,27.629600838328546,28.809732256013916,28.738466900652686,28.488571098926744,27.661970116553686,27.483519793625337,28.422825921093693,27.438297185794635,24.733482764964883,21.88161229290163,19.436412428956423,17.769804899953876,16.720381488808943,15.872765615860127,15.060406753180501,14.292410370173984,13.566843692509641,12.828610546810461,12.218307415579622,11.885821294542962,11.602786122934345,11.31064526096418,11.02127689338876,10.754837884758462,10.525144056677206,10.318786469442895,10.116992951433833,9.894020283649946,9.594065565266375,9.161837519144457
328,0.09922987561697792,300.0,0.0,0.0,0.0,0.0,0.0,0.06539501555047819,0.5983982269286069,1.501335549973939,2.861836181655555,7.603297027272971,15.62691281345082,24.40122272580611,29.310395922866228,29.816258694432832,28.633327546135995,27.864679698205048,27.96624111355784,28.2913927855198,29.319423603371476,28.175529174537637,25.14802026925344,22.52215455236902,20.551056717754108,19.036745269884047,17.88394640542886,16.70775686951575,15.390555642643015,14.16288253160694,13.310460066916255,12.739601757138233,12.268333940609606,11.948157313287401,11.585547702448716,11.200250533508866,10.866687404529635,10.601974852381044,10.40506416936511,10.256006659235073,10.13167068144154,10.004167577836775,9.823235850636818,9.537042603216378
329,0.1415837875321455,300.0,0.0,0.0,0.0,0.0,0.0,0.04973361136298861,0.5100986375615871,1.3684866669585578,2.7390996036450357,7.678898320857027,15.853474117481742,24.572923204859226,29.650925240653464,30.622828755360498,29.649598526146708,28.775733411115684,28.96443772903239,29.41158601232225,30.202907430510937,28.52807001998517,25.278487357121303,22.34131657588325,20.316232866703785,19.38254676898188,18.73238665206069,17.283900613979455,15.432501911453716,14.021276744874099,13.184283976271098,12.489184654928787,11.920302247060809,11.593641831771011,11.364425386667797,11.176667232133033,11.016910083379416,10.87699357947143,10.74853602537368,10.61679618264357,10.466010791300416,10.27505822498901,10.000344386546434,9.598832467176166
330,0.25680922310900706,300.0,0.0,0.0,0.0,0.0,0.0,0.04920854436287247,0.5023362663739167,1.3440253903810464,2.68822381921971,7.644508653822354,16.181352820360775,25.365476731248812,30.827129566684597,32.115758829227445,31.256588673854164,30.27392545762294,30.30091456121359,30.859844854370987,32.22255710982628,30.638725992603707,27.209077421186937,24.48292889542075,22.73543541179564,21.39620026540186,19.8602465853319,18.045131854259132,16.599042090342223,15.481931336477821,14.378989126559617,13.548672435034133,13.17100391860007,12.86227585849089,12.53468051240402,12.239582312938104,12.018534672784275,11.859766880405314,11.740328427360376,11.63880450827502,11.53461615352226,11.404551456116447,11.213555169597992,10.926481249828157
331,0.10966336846569885,300.0,0.0,0.0,0.0,0.0,0.0,0.042767112772838616,0.4437600471069183,1.1986100903318073,2.410726015958366,6.807580761729799,14.222406968758495,22.50595139206206,27.482030448770683,27.921469721604442,26.54612338392505,25.921329783340337,26.109062903859876,26.693815082880093,27.838115294355518,26.271538593591107,23.323863102915425,21.02495985622376,19.66512913499878,18.615129034386715,17.61740965957103,16.393171278282374,14.787735548597537,13.264516077562014,12.369551958157494,11.993127780897733,11.629199213375074,11.192849882811831,10.806528621151188,10.507667419985694,10.296257693576571,10.133857397074019,9.981258717880044,9.824706676317334,9.656884264902182,9.467834562027349,9.236344813257993,8.940870168924045
332,0.15899780308204495,300.0,0.0,0.0,0.0,0.0,0.0,0.057376577444129225,0.5487814714480823,1.413090670999971,2.7443041492583857,7.3966353477883695,14.946023990069135,22.820343691032285,27.58391666150905,29.14906795070372,29.17328361423269,28.639464479805962,28.089558139860788,28.202076191377014,29.69996942882001,28.52263926869763,25.333884641471034,22.6237038084891,20.479305836329097,18.823715775336122,17.52234166941322,16.202697723528104,14.972663986236054,13.977130039178604,13.149142520179375,12.519252284261865,12.221185667392733,12.045579998747405,11.738377599354289,11.351247213011746,10.987149727635865,10.675365810970314,10.421212134486806,10.207298335767042,10.012352646393731,9.812623149893936,9.570213083524953,9.247529569470524
333,0.11461094318000757,300.0,0.0,0.0,0.0,0.0,0.0,0.04251199700791303,0.43681662387254877,1.1731978415228028,2.3534839879579974,6.7543463054227795,14.627445755972529,23.632225965344052,28.796960794448037,29.148714657079125,27.917519241276835,27.340965003046495,27.269132215239843,27.76202108827323,29.07644054226995,27.76348406213753,25.10997710129148,22.66212296953031,20.54843565343576,18.74234136119984,17.19130354560768,15.859676372904266,14.836933657737621,14.017480247457932,13.27813675751975,12.596957356988629,12.04801532545166,11.61837887786683,11.266405889939334,10.970230548435339,10.716207940110824,10.49806329603874,10.30991160536313,10.139869662294972,9.975209586179036,9.797580687162585,9.565051459853247,9.234371036266795
334,0.12884538454441472,300.0,0.0,0.0,0.0,0.0,0.0,0.057427993813107064,0.5523388954051501,1.427012859157142,2.7811904579440836,7.615605749518534,15.705864858874142,24.320637476650223,29.340381490898555,30.40094759927971,29.656130930674877,29.05496975665088,29.178034980009976,29.363938107824247,29.88275142925356,28.28312964047368,25.45178148213167,23.02410040437777,21.301753693282386,19.918748104693876,18.49665008071083,16.98408718174846,15.747571907300422,14.877155021178362,14.193703000589661,13.51665315174454,12.908401175606933,12.417442709577267,11.996718494245288,11.659629578569117,11.425435698295374,11.264442886294027,11.139165073057594,11.019380615541857,10.877409578950305,10.68266074632212,10.390394405076616,9.959030578953243
335,0.17347516458327064,300.0,0.0,0.0,0.0,0.0,0.0,0.04932816141623941,0.5023851552530294,1.3422570421662248,2.679760263878826,7.537510203145782,15.70592334614723,24.173772326253935,28.787680424287995,29.506463118337283,28.868417484623784,28.45526782495262,28.375101276444187,28.575831746751483,29.282871624270275,28.095722043066147,25.688076647273316,23.21790710691569,20.971678222615182,19.400068897951595,18.34536327985978,17.030529275765726,15.52436038181289,14.19797126244668,13.181130692268763,12.514405294824849,12.159662485832689,11.86376925404333,11.581019038773512,11.317875274249314,11.075684074481648,10.852370808989475,10.643004224101238,10.434623809450787,10.213136136912702,9.95438032049399,9.593608280986244,9.06795770168948
336,0.17165567244150637,300.0,0.0,0.0,0.0,0.0,0.0,0.04096689496616914,0.44341595269237744,1.2278994299632027,2.5199618825376744,7.457575788392652,16.29188162022487,25.937230319353688,31.14404408234994,31.671356343554287,30.791609019633714,30.203289387947585,29.84201725956506,30.109352226751408,30.94945707987963,29.440483398914484,26.23807766420606,23.410298041745946,21.494700025161258,20.233285055364746,19.237736373361432,18.055506673875854,16.727887091659415,15.622952373301095,14.851418935356765,14.207872889954006,13.574116004705756,12.900797709011593,12.342266677412663,11.929964820525942,11.644034775530672,11.427164363082008,11.224992851623956,11.017174544212942,10.79213109050245,10.538697909809981,10.244860957310504,9.900015285509696
337,0.13039088560500978,300.0,0.0,0.0,0.0,0.0,0.0,0.06246814827580536,0.5817572801258518,1.4746777344811843,2.8310321136498238,7.54996608770685,15.400327281241811,23.89133288793019,29.013228769257104,30.148819334309962,29.397333631405786,28.607071110114195,28.440528566707915,28.528529643125008,29.25100468279038,28.4415175040918,26.113212510081485,23.568609182374797,21.44865805348867,19.883978213341422,18.602932931935765,17.221244871997555,16.077432036041305,15.064504901097603,14.123694766710548,13.362857432117112,12.786989342994802,12.343333684227861,11.932117323852966,11.559100101626754,11.249328910171736,10.99731289345438,10.789860529424178,10.608517174115782,10.434518186291857,10.247091577291574,10.014573835843665,9.705647603131682
338,0.1031809008670037,100.0,0.0,0.0,0.0,0.0,0.0,0.06309629438267346,0.5645763301959981,1.397946342898111,2.6423888015271677,7.081026300789661,14.892984219680104,23.217707839126597,27.945934231466047,28.8480966931682,28.086124366724064,27.66000651853868,27.406586851286214,27.41580502732045,29.264356590937215,28.34800599128868,25.610384625995813,22.95577330595272,20.86679225242076,19.65755509404674,18.576938486128313,17.100555948400743,15.894409776573582,14.942132464934568,13.746985985348966,12.522861596786631,11.921921435050068,11.785712981225219,11.60850238632274,11.316266051163153,10.965682291002475,10.633857368985211,10.378756281579491,10.188456698116756,10.036779782503489,9.898898637233927,9.74896731687225,9.562087321847399
339,0.18110477357238788,300.0,0.0,0.0,0.0,0.0,0.0,0.03604927907839267,0.3950917668521566,1.1020527666604603,2.2712875646460353,6.673767559400657,14.335548612432145,22.934026984331737,28.121351057104917,28.93396784912704,28.084394346727343,27.578348701346684,27.60306364232004,28.121321487645996,29.33330076571041,27.820235693401997,24.918448577602955,22.555358744769094,20.82022233630327,19.593993618645605,18.580290276894363,17.321718847748983,15.819073909418277,14.544171599158403,13.48763123138725,12.541261332188387,11.958881258374978,11.702651652118568,11.463034011291846,11.200100003888913,10.950803372404723,10.735859922497658,10.565138197251944,10.42430069050877,10.294046513176419,10.148447421662292,9.933387032662266,9.593193282651907
340,0.0868689245090668,300.0,0.0,0.0,0.0,0.0,0.0,0.051340445582147794,0.5146330769679162,1.3622317630885965,2.70239389762059,7.589721265744145,15.989753317215582,24.947429606789505,29.83880620086728,30.85428500193003,30.455038333857935,29.733863779435335,29.249391642512027,29.541387893636315,30.531603417013915,28.92407024582733,25.910186228152476,23.51675649672369,21.95760603386591,20.726407120570908,19.378500876125038,17.671304622729927,16.06858889871431,14.876353997753338,13.910691221753924,13.152934675329464,12.852804882247362,12.607691682798743,12.182032072171927,11.686187065794577,11.254583091274108,10.910349801240816,10.649190092798717,10.457890614627507,10.322628069862192,10.229724900412602,10.16119967439063,10.09843416614532
341,0.2334136835958088,100.0,0.0,0.0,0.0,0.0,0.0,0.05668395566901155,0.5329626408740973,1.3585629061431548,2.623163705262926,7.2553292021099836,15.735880032957391,25.254617451195198,30.699175024073984,31.22071827372053,29.857799146971274,29.070815116635266,29.300268614400007,29.599190455310385,31.288641816707152,28.85160031843218,24.845288708603245,21.999364516867495,20.129662442888012,19.509302087655385,19.187762127517054,17.674621148655085,15.802716794146368,14.42869215274304,13.468193758303315,12.593500576433168,12.104614788694647,11.789477053783104,11.421364178047673,11.043619814166304,10.732305377061943,10.486501467062928,10.290299121203175,10.134330000122294,10.011289245864905,9.92394375738883,9.913198976248447,10.030641178755548
342,0.17776461219652787,300.0,0.0,0.0,0.0,0.0,0.0,0.04855186889780089,0.47926388804582637,1.2572735509081963,2.4790113088773107,6.942869193006897,14.774652771366025,23.69051379323251,28.767565537467302,29.067600287089906,27.8062718751953,27.226465037461796,27.42860138098769,28.00777174329652,29.098274764406312,27.673986862741785,24.572236429024382,21.563164152805456,19.341292942109373,18.00310819750317,17.007699441968025,15.780026246231895,14.582959657605109,13.668281158185694,12.931434407877791,12.373633437108365,12.117965141002175,11.933015822269468,11.705890118625227,11.434440985612044,11.134081777928365,10.833186249073005,10.554778031489642,10.2966381733837,10.051082761944558,9.80270126193878,9.505132383425154,9.110494073641258
343,0.12881807999883263,300.0,0.0,0.0,0.0,0.0,0.0,0.038140915657935,0.41843703767959445,1.167866573883297,2.408279985588889,7.079529134455221,15.030554473272776,23.27208890933599,28.00439928849446,29.04792142883783,28.48639105414834,27.694177443785943,27.30932257986352,27.854542790737252,28.8679435639472,27.328024978634488,24.437292968076004,21.92817001627723,20.255530934826606,19.02507306856914,17.83304718139351,16.489354082976984,15.30260773248057,14.341627658325997,13.621122893768973,13.110391227984799,12.654525664687554,12.11970359938037,11.520154180914025,10.970889771020444,10.561972966214984,10.282688839304681,10.103680439638696,9.996521544594648,9.93469757393925,9.897152480313165,9.879493528154415,9.881463572301552
344,0.21971650980140958,100.0,0.0,0.0,0.0,0.0,0.0,0.03395378640553581,0.37706148003336265,1.0598662154311487,2.1990951310588387,6.658856314030156,14.909916837327492,23.916928905394503,28.533661884550657,29.09678205920151,28.288205650281704,27.52323240702617,27.597385712253825,27.63617051589296,30.104054671318487,28.543931163567343,24.398046036391474,21.963694858785956,20.499219754524017,19.209616510643723,17.783156509182078,16.105223629973068,14.758389588900265,13.84949065902029,12.916127053058762,12.057626035795138,11.852718303701055,11.807728305627816,11.547030394082032,11.154314654720334,10.776689275201356,10.47344683092265,10.265871246067139,10.117163887570177,9.979504072880811,9.801207196990974,9.508831106665676,9.034664443809094
345,0.15125045832686582,300.0,0.0,0.0,0.0,0.0,0.0,0.036246380581031135,0.3961764255652023,1.1032718130815506,2.269889012388469,6.619789069062539,14.046119563795123,22.15276736603608,27.004974264324435,27.73752996679315,26.715532313305964,26.039930041416735,26.076716646092706,26.598329038675704,27.48569832562962,25.654354155864393,22.778213130811814,20.922697494073553,19.71878228728357,18.538310701051874,17.249109704968422,15.972960448341238,14.957439104005347,13.989287033545647,12.859030718637936,11.87324856144266,11.349463757914066,11.145947989464611,10.907657299228696,10.59947812122788,10.27246632086813,9.962612278806965,9.693393599397696,9.462767425425074,9.263338547191939,9.091594307071189,8.956920828784668,8.871486767649756
346,0.1496370046201356,300.0,0.0,0.0,0.0,0.0,0.0,0.04662186303055152,0.46677062764878735,1.234664058488526,2.4472325466027867,6.8301275522155365,14.281022074812812,22.443618349554843,27.18715346635399,27.943708161597343,27.141642127949844,26.57840166097442,26.468423585725894,26.71547218587297,27.476598870690133,25.809920214521988,22.7474877652053,20.33256737746086,18.728604895780173,17.358498867775634,16.07921241680195,14.91316929919294,13.986753473303436,13.251843792036679,12.471835582385923,11.591991269342559,10.9195551109656,10.54033460469002,10.216531854593203,9.923296579709534,9.691844450695518,9.506148073750493,9.344767780470285,9.203386888543388,9.081783843595005,8.9912843537139,8.988948616337941,9.145277380415875
347,0.1235137517730509,300.0,0.0,0.0,0.0,0.0,0.0,0.06388588150968509,0.5985487195331837,1.5225878616972663,2.929665910668168,7.806445669722377,15.888623767959114,24.900021501867403,30.561817596389286,31.587285840170583,30.431560614950772,29.78343335066488,29.96661644572491,30.331964080911177,31.059399893211335,29.47179956337038,26.426632128227816,23.57465322929577,21.368772439809174,20.09967832001276,19.27749390180142,17.95776867499007,16.518064093006714,15.337589717475915,14.356167658111923,13.406248531835084,12.655748780628766,12.162752401819125,11.776705337161273,11.477299026699967,11.27551362886238,11.137337244778882,11.024809070713772,10.919883948160939,10.809626478084546,10.681622109431881,10.524376174208443,10.327319609368068
348,0.14066346620441703,300.0,0.0,0.0,0.0,0.0,0.0,0.044530640312366664,0.470583646938289,1.284794977281391,2.6046315398752276,7.4063965540088565,15.216889483002113,23.043000567665068,27.342953010053932,28.47407265234805,28.131069502331357,27.427714394655645,27.174955894335643,27.760320641173067,28.835245822580912,27.600411323406373,25.006047467807306,22.622669821251385,20.59282998593186,18.987526718374603,17.752397830646053,16.553208164641095,15.38348985631365,14.296818969134064,13.463223092109182,12.920408282647033,12.594251244656999,12.301952251887878,11.924321972695816,11.52127312748131,11.168241268979092,10.870971506290074,10.617669626312717,10.388957047088706,10.164936718562801,9.918214358990468,9.588893299694663,9.118403568089263
349,0.24219531478179282,100.0,0.0,0.0,0.0,0.0,0.0,0.05248278352848025,0.4986980610238246,1.2790371138996135,2.4799815229506783,6.920440669293933,15.276544434218613,24.451364801934968,29.08995295924251,29.012692581056992,27.63428565545577,27.203430981665143,27.13297820846617,26.86231161425856,27.999994556437823,26.614627028686,23.685112704418554,21.421343641375472,19.51586413863595,18.13979609888577,16.84079013531242,15.290003989862264,14.316885742319235,13.87938016563032,13.284305491326956,12.238834588953907,11.417233995631994,10.974367048244096,10.676653446715198,10.45645143867187,10.301893211228714,10.194890207485743,10.114840325155173,10.034455228503935,9.925406448552321,9.749158375015602,9.42626099159941,8.882570776118328
350,0.16089407599862154,300.0,0.0,0.0,0.0,0.0,0.0,0.059462612774210825,0.5554347307761098,1.4105716746637706,2.713740034271571,7.297123296679276,15.033678061971427,23.433729682199164,27.992882772619136,28.614799769095722,28.09928634121336,27.709055210407687,27.427677392895195,27.229851299894257,27.58138290143268,26.578312564901694,24.282050067957783,22.07031032090243,20.364288457394196,18.89628458248154,17.35839952470927,15.814027146215624,14.569300137739276,13.63137192793074,12.831781688794901,12.187584089297621,11.761788187988522,11.349407528234169,10.891889312914374,10.461527247640271,10.123050454652134,9.871106602811059,9.686871320253003,9.554255677617292,9.458818093574296,9.385858217190776,9.316399335831358,9.230803125928917
351,0.2527230080042539,30.0,0.0,0.0,0.0,0.0,0.0,0.138273950402376,0.8688349430569616,1.7475765274940558,2.8478362890063114,6.89205016685937,15.537185986243916,24.34523960656323,28.472696843398513,29.375531788789957,29.158434536356147,28.55794474605576,28.28506319947122,27.648325738550994,29.57488722677456,27.350121626835495,23.511216976386642,21.74378872595649,19.623489773280728,18.552404536980777,17.8127399858803,15.65508496995742,14.527232359552194,13.75146872486564,12.87247403041991,12.125165252917663,11.77263054006269,11.342612943259603,10.875487111838545,10.512079332090364,10.32104208156149,10.211140610051007,10.077144710381898,9.890003024591731,9.64056848370542,9.366655731628013,9.278756579829457,9.63260542790925
352,0.31265301998107664,300.0,0.0,0.0,0.0,0.0,0.0,0.03349216344527508,0.3754598300899244,1.061252249759195,2.20785407833799,6.548685030675038,14.029830782161994,21.92613017564429,26.117908332795995,26.390423887026532,25.300713045653467,24.592686893506635,24.802825260589053,25.5434711339755,26.67315053619865,25.10025901718043,22.057166373274953,19.511144058572906,17.80278457796398,16.507968326340364,15.413528065260813,14.411942471429652,13.553208479675614,12.70324415438844,11.92105675639731,11.248847646404768,10.669790842977921,10.190596333957421,9.77816388718948,9.436320972292961,9.17471306952597,8.982247361814917,8.84428201123628,8.746100425604387,8.673681458333949,8.608184777301876,8.50960399455635,8.334652854983888
353,0.25275182756066666,100.0,0.0,0.0,0.0,0.0,0.0,0.0536769259744233,0.5156060056963224,1.330941576641284,2.5941411689708227,7.258695612002533,15.587256972719485,24.23766527128974,28.953361151446227,29.379466811791563,28.487781214026366,28.125991587382412,27.594586345178207,27.34447605555214,29.329990379422085,28.586111851371115,24.64912949320764,21.56992102305188,19.8838300964273,18.79404112230981,17.683142680660946,16.18477398278773,14.62500742794711,13.434504896601792,12.664193654954877,12.190983410179346,11.957464323089836,11.64137458839895,11.204915807230453,10.77165889970443,10.442153909262585,10.210990941013819,10.049259957122496,9.921368627604876,9.79154848125584,9.63397080309903,9.456291948924434,9.273579400290776
354,0.17166779535357235,300.0,0.0,0.0,0.0,0.0,0.0,0.03721639767730065,0.40381583389509923,1.1198101033169465,2.2981338535374323,6.700503606932732,14.187816867366147,22.207851500512724,26.866616847475097,27.885127989002534,27.45645963279259,26.8608788005656,26.43991258949555,26.602436796016757,27.524031931193672,26.371246176714962,23.779999774688115,21.265496522865593,19.296541863070757,18.19939080136675,17.474622390475794,16.327823822201445,14.998726370187898,13.669615987674673,12.650559735765661,12.29977830616449,12.262735003950205,11.874202764801005,11.230321857232866,10.568460480265344,10.041002775831304,9.659488519481302,9.405714135880357,9.254054807621323,9.180411978433986,9.170850989203855,9.242204123620258,9.421118006412899
355,0.1701323048285574,300.0,0.0,0.0,0.0,0.0,0.0,0.04243653608276017,0.43948283581577213,1.1857965206504517,2.385881274642247,6.83704255053297,14.59278437612028,22.82733789009844,27.115300177575644,27.84079518127379,27.477768130196438,27.17461752145165,27.017204032746445,27.18783629201764,28.138417630111356,26.70119634160177,23.73285934914595,21.481970405515533,20.089566982240836,18.981634963176777,17.777047762579315,16.342954310627746,15.032530112916172,14.021771225395632,13.120008112304347,12.308384747852005,11.724663794248988,11.265004902700003,10.837214143538247,10.470930970751752,10.20407120088604,10.023419317754184,9.906043315227068,9.829878887718705,9.773762787241639,9.718261211386588,9.648716574357355,9.55195436107388
356,0.08920111412497697,300.0,0.0,0.0,0.0,0.0,0.0,0.040640382651296915,0.4274244219272487,1.1637760232372754,2.35779733222242,6.834369156625115,14.766204209710446,23.61286560303974,28.628691823604672,29.254534810934693,28.40687351629205,27.945477557215003,27.748881873069465,28.025473651223084,29.268026240386433,27.842206813064802,24.58740371755226,21.743526825374527,19.89130072294752,18.79574565872972,17.75787726009019,16.26959056477215,14.788745660450296,13.68545854039534,12.914254675429383,12.334167372986647,11.915163917100902,11.550053631764554,11.196338491621258,10.870534058123964,10.590437516060332,10.350883921488311,10.141438838717054,9.95008853587462,9.765065209074987,9.56940373671298,9.324148773336589,8.989329213511676
357,0.09715896299007003,300.0,0.0,0.0,0.0,0.0,0.0,0.046288413361974395,0.4624343806861115,1.2215921377286052,2.418145433921026,6.7212952846172405,13.97842786123031,21.832608202907252,26.50628684581904,27.677292209749126,27.38120842521352,26.868520940271786,26.395944925740164,26.724994209323434,28.04487412097375,26.847584777647782,23.650892101360974,20.91890181587903,19.20563850557956,18.123177396465387,17.287393746810913,16.242178283472978,14.95919853100239,13.683684077922333,12.681220855476598,12.080756947582081,11.762516937544898,11.459942499857668,11.099765102245097,10.74223296305576,10.447139208679133,10.218692629905894,10.046034226565366,9.90709218824909,9.778198655125818,9.635882558820565,9.453989114917901,9.20771104720966
358,0.3458533923501098,100.0,0.0,0.0,0.0,0.0,0.0,0.03253033560323379,0.36458007316891106,1.0303445295165583,2.1480240256372545,6.601675588429849,14.924670221775683,23.520672839581216,27.54551696796236,27.85755908894333,26.733266173416883,25.985014741988348,26.32326612914123,26.372403684261744,27.81411682106629,26.33330483738998,23.587128991492758,21.77510854021055,19.65105062254185,17.88787293811475,16.92665786883529,15.909969201366629,14.600215536389697,13.371665673075023,12.526113430754663,12.130953604072776,12.211393277336466,12.191225721771612,11.837203215275395,11.305638499460997,10.777454047080512,10.319391304708184,9.958446290251288,9.686736974873805,9.49071656680513,9.370580361899396,9.373362417806526,9.561488425566868
359,0.18414670766657731,300.0,0.0,0.0,0.0,0.0,0.0,0.03627971397320122,0.4055685231901505,1.144484923142464,2.3784542475809003,7.050997647511924,15.136803475552382,23.820764845561175,28.599346659597344,29.4424845472523,28.959015141144256,28.593680029001185,28.563669786781315,28.676539644651736,29.33696321787292,28.356107016194013,26.026261952800354,23.50157489777829,21.097015874782645,19.322679487397227,18.07624378576499,16.721595916641558,15.443920762011642,14.334299437839773,13.375659488120503,12.702809782801738,12.338344167663324,12.00364863405911,11.615882007992472,11.23986053862582,10.937917316553087,10.708825862266934,10.535231521705018,10.389963510530349,10.24469447608135,10.061803185448046,9.764520358583168,9.278146815855491
360,0.09378103553807918,300.0,0.0,0.0,0.0,0.0,0.0,0.03912293363000424,0.4172461097838775,1.1453424308558262,2.3325526535141115,6.742875358598967,14.33033390140144,22.6725495034316,27.557508136738882,28.31629861090271,27.66885581973371,27.199267248653012,26.741463941214768,26.79679724961821,27.70360901235458,26.73383023521057,24.141686736287333,21.655607120005033,19.73961755613462,18.182621504794724,16.853944317896946,15.617578121758912,14.527920990769823,13.62084046189073,12.928001546744781,12.278604644863174,11.63574588855075,11.183391075251247,10.818017081432766,10.508968986969375,10.263190553084323,10.079502156066269,9.951333251040895,9.856568309245509,9.770178919589721,9.65913572509586,9.457102909627718,9.096720191936882
361,0.19978619198674039,300.0,0.0,0.0,0.0,0.0,0.0,0.037511090285717336,0.4181036245837801,1.1778850369881744,2.4460512360084565,7.262451702881557,15.537307495209685,24.158608570421016,28.657002643938057,29.17658892668215,28.31348123774977,27.7505822638561,27.66239357511781,27.773970502478225,28.24021902102512,26.31779447948069,23.14833493858181,20.84039578685453,19.39709685399596,18.285173762068627,17.303142530030165,16.125837876090024,14.817995991873195,13.715029517719637,12.930043881004682,12.304768935324068,11.733920505085846,11.263265333477475,10.858222489251807,10.539873714540015,10.333865105759132,10.210548930739618,10.13268173866491,10.075792320082023,10.018805108969673,9.9346617836542,9.772048055467826,9.478191978613909
362,0.22311043838180833,300.0,0.0,0.0,0.0,0.0,0.0,0.05692445312176729,0.5386659053091631,1.3783042097364593,2.6646835491677994,7.197528575784703,14.881620475411058,23.146761493979554,27.650265915037874,28.5064670273105,28.1125070131377,27.46447038317443,27.062397488210976,27.8259695686592,29.777254188081013,28.496384147608556,25.357174878556947,22.51637571128212,20.40263916765141,18.910635999599744,17.78928790501909,16.583866300797077,15.206215399669864,13.941448720171886,12.995107053905187,12.438919871217962,12.331332522610747,12.312018668470419,12.065144777351842,11.660464394710338,11.233982478349825,10.842257919201721,10.50883767781921,10.21509805469622,9.934931067555544,9.636114630855046,9.256380554670734,8.737149204723938
363,0.23221084096045086,300.0,0.0,0.0,0.0,0.0,0.0,0.05041382730990076,0.5044576117894628,1.3338387525233673,2.642964204975264,7.409996903295219,15.692168296863317,24.73698922402731,29.86045793918844,30.787032471350496,30.281927856252747,29.92487882811546,29.70567712658439,29.84838793432281,31.149981352076765,30.195994809859872,27.24606728751473,24.080513587528213,21.315927674140855,19.67167913664279,18.890609839122796,17.99434372711989,16.821945329451417,15.592177873746829,14.518117489086976,13.659733890163174,13.055693390381716,12.772649429754274,12.571906500796501,12.37820257815791,12.18297259974754,11.987678524622334,11.792352145146685,11.582901949060117,11.342752810620203,11.044349978510068,10.615647847925707,9.98864270253179
364,0.17881285621396814,300.0,0.0,0.0,0.0,0.0,0.0,0.0546856840729926,0.5230116301995447,1.3466499735644908,2.614561421544307,7.039974329447116,14.282549492579706,22.015454996274876,26.640714259999534,27.81274909322397,27.451941391702274,26.905437528034238,26.524994090862144,26.592618511143595,28.086947004646493,27.807503750579098,25.25442919804171,22.28111443605998,20.243390476197504,19.086407352639366,18.130949686392213,16.890952995425156,15.567626346661173,14.46941000865161,13.680065355470838,12.953816872614054,12.229753704156208,11.71719588161857,11.323735748064482,10.994896406413817,10.712125434131899,10.46368955766288,10.242919464857218,10.054717971674469,9.90639674543218,9.813638761430996,9.826509299554408,10.00661195760365
365,0.11592866317451826,100.0,0.0,0.0,0.0,0.0,0.0,0.049419174339788735,0.4860281115231932,1.2719866743079842,2.5007024838596448,6.974889365740082,14.951940338042407,23.84822563357485,29.093283357455736,29.525312404170442,28.13199015750628,27.605287326622257,27.902481045715078,28.52158432521188,30.39732371609042,28.54640695196439,25.52898489932104,23.016495962966815,20.58717290315279,19.013090137436876,18.138283819715497,16.96638326621527,15.731496286932435,14.754112746386813,13.99001843629415,12.995385681294687,12.157448389245568,11.753209527964202,11.38255807716248,11.020742892577735,10.750534847034231,10.575635419516859,10.47743437610197,10.41545386304151,10.344814363405808,10.22411713082022,10.023061970811332,9.717427055648086
366,0.1880746839133051,300.0,0.0,0.0,0.0,0.0,0.0,0.04214102847995578,0.43843507361388334,1.1863019845291902,2.3957420270615226,7.0318750242694845,15.655969047946758,25.452135003819812,30.6436711839382,30.89446897131948,29.701369096853735,29.087142982612377,29.216090877951327,29.523712356384344,30.543996394894823,29.28874267896102,26.043768031502303,22.952696924056863,20.890535446672523,19.71878936869875,18.867515211001184,17.67919956153943,16.507158969004106,15.282234260684145,13.916618170570997,12.794341374893458,12.20738294806327,11.874211745291088,11.56043485019314,11.267297363348945,11.030748623338212,10.840167331727914,10.677749551121854,10.536990845645775,10.414230205340683,10.309934920749928,10.240354169564355,10.22542591619639
367,0.14969264400506066,100.0,0.0,0.0,0.0,0.0,0.0,0.042157435176997486,0.4279993362381612,1.1411604507450561,2.275519872895361,6.523670635634087,14.269138424795957,22.822115699785527,27.541595076585693,27.774050717274427,26.603075886653244,26.292837101597453,26.20439543998281,26.740351311768276,28.884540635010964,26.93768789789548,23.546172847489096,20.891919048541528,18.829214744958485,17.640526338331387,16.608941941957465,15.30561428193431,14.453595885843038,13.64192280717525,12.665537795637805,11.999088129833462,11.722607897513823,11.61838164616577,11.316647934313972,10.864783482059673,10.403948706576651,10.007924191557072,9.716298650902727,9.51835433437557,9.39463021017212,9.316114276358851,9.207273842418477,8.984650093409202
368,0.2236372535062711,100.0,0.0,0.0,0.0,0.0,0.0,0.060625411683308546,0.5526033129772981,1.3833118021908426,2.6388033599876697,7.259000027304362,15.659636061731234,24.363379756721333,29.024362375569304,29.87406588235102,28.905756560640995,28.13247572798955,28.469752102068405,28.419185422090546,28.39989711169138,26.35684222087964,24.048515572622502,22.159546780259095,20.06175480742225,18.674705793028494,17.950026349105325,16.685583376640224,15.147389017576442,13.99699669217115,13.13123140920089,12.231707689495844,11.689849858926735,11.337876807597684,10.93724489477299,10.553714027743155,10.284310687011747,10.113980631948424,10.007957008672204,9.944495833603337,9.905540826773377,9.893414279223254,9.99067958981647,10.306339150977914
369,0.13925831440021766,300.0,0.0,0.0,0.0,0.0,0.0,0.03904754923397691,0.43020641191264897,1.2036865094671108,2.48628321955474,7.32781171124683,15.646364622807274,24.25193910620289,28.987200285092566,30.258939436058398,30.108013233656017,29.577517857912596,29.02995429771842,28.802339682311494,29.416781693735075,28.249051198012154,25.129218105753644,22.04222983340973,19.792681862642777,18.596800658180058,17.941288468908617,16.967910595004266,15.715716352446742,14.515808203257887,13.613016406915051,12.980498882613915,12.499141149357012,12.055390430652102,11.629749257353765,11.26928294309533,11.011395840131744,10.830418578360778,10.690796895042102,10.567584920317909,10.439059101217707,10.278668948263032,10.038936590383575,9.672776375387743
370,0.04757315106307858,300.0,0.0,0.0,0.0,0.0,0.0,0.036624937690069984,0.4090031584647349,1.1534904115789222,2.3958064087273225,7.069463137999008,15.024299041971693,23.50989936364343,28.11580176122906,28.63609235222822,27.801744428931222,27.13565157178597,27.001285518288665,27.597223989698993,28.47560824540988,26.81735693667376,23.992744793201847,21.573747244694815,19.715381552091245,18.526646439783498,17.544091435920947,16.116934186603203,14.78882746615116,13.843554345309878,13.066917566796695,12.312606536973291,11.704529140110806,11.276526937524764,10.947325927120874,10.690347066817518,10.49472777589487,10.333109755262335,10.178997860846117,10.02060782808668,9.850035179393513,9.660137348997278,9.445388497935184,9.201213585214422
371,0.10392855168696262,300.0,0.0,0.0,0.0,0.0,0.0,0.05208050961983453,0.5138873664297973,1.3477091380987456,2.654900973810095,7.38616269157404,15.625696016507403,24.86962424919987,30.067265377422114,30.77910607515402,30.000420562838094,29.360493277594056,29.080558961740433,29.35647027431414,29.371806732248135,27.463744801630153,25.085686426550875,22.976339932934533,21.0165649823809,19.2872985774706,17.870553859858756,16.537654055789424,15.291024488066212,14.26199163367725,13.481468917226847,12.90943333626104,12.566561848643534,12.270788485389497,11.842350942699747,11.347291587867783,10.8863535768495,10.499021580939003,10.20083312193132,9.977521839699053,9.810033586095855,9.68443875537973,9.600224727938864,9.560355519487665
372,0.43647567678951893,300.0,0.0,0.0,0.0,0.0,0.0,0.05759400474467971,0.5359889433411171,1.3580017376809534,2.603212230367701,6.852632078408186,13.768385751360368,21.34358448044627,26.212712724504623,27.439832981318705,26.69420772672262,26.120720896797913,26.228134279724433,26.399472481338783,26.966042532646245,25.369241463393337,22.26938887222079,19.91346434668401,18.6171017547552,17.738684739772694,16.85789883407328,15.932856498045734,14.912393974632177,14.044674167225516,13.29567518935776,12.473760727013476,11.780862185368296,11.362831678240783,11.06412748192203,10.82182144301298,10.615548106150978,10.426133035913402,10.237087399939952,10.038963325317416,9.824440631602386,9.575379911775538,9.231454705180989,8.733000726494822
373,0.11708518563942238,300.0,0.0,0.0,0.0,0.0,0.0,0.06451104472199842,0.5932377995685317,1.4926284642450298,2.8483787651486545,7.475974787513102,14.876324295304245,22.597813716498095,27.42265377920447,28.748103947319162,28.204521626753248,27.50111401816536,27.339949187794137,27.60814850085729,28.15182759547584,26.87492417398259,24.42986695329916,22.099751635615178,20.032190475659295,18.561497633542782,17.62382013451035,16.598232654623672,15.334148203869825,14.172561370663665,13.22556266851233,12.44090472534578,12.04042646034012,11.783712557316242,11.453885956941104,11.088123223540729,10.759433754122782,10.48626174792052,10.269440644409725,10.092017857791092,9.93402735341232,9.775813980816116,9.595096423982286,9.370383290289803
374,0.0863939464795838,300.0,0.0,0.0,0.0,0.0,0.0,0.03968169601213058,0.4285847634842935,1.1852860026405987,2.427615038443507,7.067368622064358,15.053007248217591,23.70940526227068,28.618190189976236,29.43630570817018,28.754190609810305,28.27300313695257,28.170754408827232,28.584057434592086,29.812570072342773,28.519475812893617,25.815221403899326,23.387424255752922,21.341791345266365,19.974395226676293,18.834157658256174,17.378121731609838,15.834207447916956,14.566816673049802,13.698361941502439,13.143202671821394,12.793892990173623,12.458856260060688,12.016399422026161,11.543993827769212,11.13465144852915,10.805120292221018,10.550995309093198,10.352801872010746,10.189139649448057,10.038948179425452,9.877425536320443,9.680113132747564
375,0.19893709931167217,300.0,0.0,0.0,0.0,0.0,0.0,0.0664401311069091,0.6152899146558275,1.5545927288454968,2.9769745770906315,7.880561026287388,15.89852718634258,24.574512790417465,29.769250109655193,30.829987089997616,30.278132375903517,29.811189292240222,29.68110756380333,29.849962803211312,30.439946636749855,29.090849658863522,26.1973415485212,23.39390943255738,21.539277899811108,20.03982458963469,18.457889703177848,16.951812386294222,15.744222026822337,14.956881569673703,14.364007944660449,13.527814369769732,12.564301169376426,11.873023195698662,11.471291025361417,11.273432099453153,11.202401298219721,11.176509311419677,11.123119769381816,11.00993868576679,10.816136686336838,10.509712118985801,10.01152876981528,9.254922120389866
376,0.2306660076922422,300.0,0.0,0.0,0.0,0.0,0.0,0.05300440054428172,0.5259946228427786,1.384019602114565,2.7320949653849027,7.594485891378901,15.900866891297843,24.970963497326377,30.36254959444316,31.69766623785556,31.316198621422526,30.79255819984013,30.392741998557472,30.58076227961531,31.93169734146904,30.527375381521626,27.112261401589375,24.01949811216914,21.88951857840362,20.72628509865202,19.862390529559768,18.63955806467731,17.287000002552222,16.09459771342676,15.11108860163485,14.147353530764489,13.212388773721681,12.53024046732319,12.029196711389755,11.655908703522867,11.383535078064991,11.175954049442943,11.000560463587712,10.839929143234832,10.680783402636548,10.51200999287634,10.32896417759199,10.12877379314346
377,0.15324831583132545,300.0,0.0,0.0,0.0,0.0,0.0,0.05235702698581345,0.5087802339658183,1.3224162771200636,2.589174805888717,7.179102507300376,15.14225791164293,23.750418940847236,28.42559699952434,29.3832713452975,29.27400951133523,29.02549163023239,28.43975966658701,28.334718655387885,29.16845240826409,28.127487258188058,25.19899632958819,22.250171832461845,20.22273862900294,18.726293854452635,17.576455875038796,16.585229477183898,15.378990045515636,14.311495344732068,13.429785628694749,12.507574234438062,11.69060088444112,11.301163490598666,11.04688244942574,10.822125977708488,10.614180717222455,10.421631471086634,10.242515863469597,10.062756891373509,9.866181285605311,9.634850337473571,9.341080324542869,8.958981362503987
378,0.15927783134658915,100.0,0.0,0.0,0.0,0.0,0.0,0.0651610106815364,0.5702809849096535,1.3940172059042093,2.615811544534408,7.112799329244172,15.433071817034682,24.165485899763947,29.140194841170796,30.158398470254703,29.27563626544864,28.4528054278827,28.458149216630673,29.456121635387895,32.068763030240184,29.84547642217545,25.903631514462695,23.492794535073063,21.503611405319184,19.707264953738964,18.455378309017973,17.29350476410585,16.079098036808894,14.954159580379157,13.962006483182115,13.40347791704314,13.285125941795304,12.90387595221208,12.337013617844185,11.767251057404408,11.297147900489174,10.92817644694317,10.642147315260965,10.425250833328404,10.26604393642961,10.149769195045591,10.044037957197054,9.91326655656006
379,0.2890376558640763,300.0,0.0,0.0,0.0,0.0,0.0,0.08377323563586238,0.7097572390436225,1.7020128922984796,3.1382470644905873,7.99407735299415,16.235730490109,25.69254762247223,31.80582994132192,33.32084686019022,32.353732932192,31.42852430877726,31.509860655181523,31.810787824081924,31.912172079077035,29.871013477592793,27.116615620042875,24.48289638199591,22.033081430660616,20.14021667788337,18.898505785137576,17.90699263221719,16.78775797074858,15.662684689157773,14.776116025919949,14.114412238567104,13.551202090966664,13.003345312709522,12.510806554901135,12.115727938335644,11.836693056737891,11.636751044172751,11.473648047146849,11.325455736838418,11.175681924694894,11.002365792353027,10.760494224265361,10.404077950227816
380,0.1075340188552853,300.0,0.0,0.0,0.0,0.0,0.0,0.03960930305802223,0.4394440361306505,1.234549557232857,2.5567321436769266,7.510635050345428,15.798739314320109,24.346529197098455,29.199111008258395,30.217019617277707,29.599187443914232,29.030290935579902,28.993100897800215,29.07230182909738,29.64325469351889,28.39400082120029,25.46764532200328,22.756035301437866,20.897602923606993,19.67895577766181,18.59944049005488,17.27458023666013,16.018228592043634,15.13054804134233,14.403016894430277,13.587191751959542,12.97139026861921,12.63432734140124,12.245507164165375,11.791404507527252,11.348600636420942,10.959148008158168,10.645703239773708,10.398004703518556,10.199831629956298,10.042435018561184,9.940805225739945,9.915658537588442
381,0.12410466655286807,300.0,0.0,0.0,0.0,0.0,0.0,0.04822448530791841,0.4961938671553528,1.333657039689445,2.6730715869836694,7.514267193951029,15.548053363403314,24.07965903777067,29.171826424123573,30.20358669253628,29.256363926854895,28.478938415047732,28.48021813198591,28.77239063181673,29.32165763773719,27.823596088706772,24.995191053535834,22.506380430958746,20.80417717629597,19.63041882973238,18.484813986214693,16.824792320753044,15.041208465213186,13.86417199876898,13.319986830620481,12.950150589288675,12.51419888471012,12.001004275039419,11.449046498384392,10.947941191194202,10.565218987057124,10.278389652814115,10.053104635008168,9.875067433998455,9.735421255966134,9.640185394755962,9.651825045807286,9.850005838956603
382,0.0768341030179568,300.0,0.0,0.0,0.0,0.0,0.0,0.04681457020506355,0.4792070115775217,1.284090601822197,2.567787143192167,7.194214785672019,14.884025275551979,23.136422047623643,27.929791967714053,28.869709651116317,28.37082048055204,27.909754178968203,27.5359026147358,27.804161890177816,29.21581002103479,27.94857909829895,24.62409280153954,21.67666653418159,20.01286563168971,19.155487847068372,18.201800873792983,16.59906560366139,14.90914374492972,13.66027546118469,12.848202870611674,12.257216746051215,11.844901781035654,11.575889377810395,11.296443991542471,11.003857270907176,10.73397933700115,10.499854192961052,10.304972446644545,10.138230571357845,9.985754647321448,9.823809844811723,9.588472832295652,9.213100696103671
383,0.09665066043755173,100.0,0.0,0.0,0.0,0.0,0.0,0.05674501398900284,0.5357484797068323,1.3691175218537768,2.65129977937691,7.407099406686136,16.060319119284376,25.491942648383958,30.32846813981885,30.808620870711476,29.86140638218431,29.119282535508066,28.988088292918274,29.630191462960443,30.797982880956678,28.374934035560184,25.02195033208642,22.676999544679674,21.195807225145884,19.81103493415756,18.376138221551773,16.959004656034484,15.787559359565547,14.743635835939674,13.974058164408788,13.30800108746958,12.756870580360932,12.329265989340557,11.87245767233502,11.402274437452249,10.98020846712508,10.66042380616674,10.475108875231912,10.38940060932246,10.355781994750878,10.31644085977534,10.166319543017524,9.797140803480858
384,0.10977955580265934,300.0,0.0,0.0,0.0,0.0,0.0,0.04823881890710353,0.48429455242825753,1.2830591805498617,2.545576475561729,7.111555640787012,14.947307722370937,23.68625895116108,28.81874690848285,29.50019634242259,28.450253194217968,27.93686170521282,27.998058537563104,27.9684356592562,28.060986970699883,26.511156868367856,23.52261060581548,20.918505375202596,19.35739913570835,18.18685214410554,17.0367170096385,15.73039765674127,14.470625615395212,13.471106809904288,12.748516737445732,12.140307253397907,11.608776124179116,11.16150676078385,10.731025328117271,10.348274280965045,10.054969777677996,9.838255350205278,9.674701256963484,9.541710267418951,9.417817912935615,9.276424570891336,9.068149161106795,8.743222552993005
385,0.10744213900460498,300.0,0.0,0.0,0.0,0.0,0.0,0.046213716224938965,0.47049833067293184,1.256821393008179,2.510725601062268,7.152883936197466,15.357864560038848,24.457375500421342,29.518176062540057,29.97817915361044,28.75912706179916,28.09871983869315,28.01791309467337,28.368108573341907,29.381438959755222,28.089737162013794,25.174325889856355,22.570046856162012,20.54993917924045,19.243601024059792,18.219929955175594,16.854587318490243,15.290076638380288,13.95814302859022,13.03137912987966,12.448442975058727,12.166533423826461,11.931372733966974,11.573253813862003,11.168510714856817,10.817248689223472,10.535669957892114,10.316197249353676,10.133057355382357,9.957803585992123,9.753562187811884,9.446450311468853,8.964899829556371
386,0.10020660143381294,300.0,0.0,0.0,0.0,0.0,0.0,0.051818743607804515,0.5123234881680242,1.3452142691132571,2.652569304429341,7.367092311509381,15.357387728868398,24.063849028780876,29.17021470202135,29.85354635911069,28.847777706537286,28.259190974081882,28.216317874783634,28.68872143637941,29.327093590266376,27.649005470787763,24.994520331368676,22.75353288959919,20.745513699401133,19.30770994466714,18.39425217469486,17.48473006542162,16.467092087238765,15.123873136008493,13.785817940143486,12.931633162772377,12.576086931084946,12.390954654872186,12.084174482594351,11.693581573916775,11.316880552795947,10.99489493812247,10.744586792092877,10.549415297950599,10.386610523447814,10.226674730747643,10.009144021529986,9.671430919448142
387,0.14783385193152718,300.0,0.0,0.0,0.0,0.0,0.0,0.054503741361122494,0.5428588760265212,1.4314563745683286,2.828497058381398,7.802393016167678,16.070318000796945,24.975164494540227,30.222528714716436,31.1993362491016,30.288274280413706,29.618075028922448,29.62742532944222,30.04633861255729,31.195086135647525,29.220851441312636,25.39087539505023,22.26438797438416,20.4394656752959,19.297874814733614,18.23749096708426,17.018754663355253,15.91994001362549,14.933940203863326,13.935601637531622,12.957801610572204,12.234038085980275,11.836078265874308,11.537897048440321,11.28619554905848,11.083349533117241,10.912123078989875,10.75125378602556,10.579300451271251,10.375781635581264,10.114545255315534,9.744319276878672,9.217917298453758
388,0.1353960152410269,300.0,0.0,0.0,0.0,0.0,0.0,0.047772440786459945,0.47767730512522755,1.2624644424403624,2.4988680112317883,6.9322408817881565,14.529318600623045,23.186913228044364,28.607829045677615,29.515768694304555,28.228514398638282,27.510350404411305,27.811539498367033,28.487808127352636,29.611775769465773,27.702358438890627,24.71052451527986,22.17994300973505,20.265638931044762,19.032671060697773,17.87575961655806,16.398581484696216,14.984403571833791,13.911938217512171,13.288101926722472,12.950613243868748,12.590728892768315,12.039511786581512,11.510418049355078,11.08508182087607,10.77344928159377,10.534510442742077,10.325803021725706,10.133300628680212,9.95005716079093,9.770356536609993,9.592036171297837,9.41381931343922
389,0.18909863701053622,300.0,0.0,0.0,0.0,0.0,0.0,0.06573626887063994,0.5952849041682394,1.4844213384010552,2.816747192367963,7.420061140982257,15.0244970546789,22.97408333726237,27.586073130219397,28.884525581027503,28.678590624135207,28.156746366156177,27.74264707774818,27.977640110688714,28.4367820472773,26.537032191064743,23.326042742727616,20.811333968451223,19.284860918817653,18.24024722305443,17.106155360868158,15.768083204842204,14.649671170509317,13.621561840671395,12.628781020308114,11.87405797959041,11.468839141770221,11.19985381745878,10.932765748798104,10.68074269890992,10.473699865556938,10.305671529573386,10.162939500722302,10.032545138467757,9.90212642520195,9.756973638977515,9.57182176165697,9.320910515197536
390,0.14976698094861654,300.0,0.0,0.0,0.0,0.0,0.0,0.06006183375773781,0.567129381812445,1.4494433141932193,2.802340451193873,7.612264466327531,15.825168038109396,24.85908450859925,29.973658792830488,30.602752507585194,29.592312698998576,28.892946219247264,28.73561615023019,29.22390774232554,30.27084721206139,28.905360134574014,26.20861676356408,23.659955447058948,21.34310585523155,19.472373881981074,17.962966607671365,16.613187379007268,15.636595846140223,14.786817606728437,13.990222280032135,13.542694942523557,13.227885386511803,12.645408289040525,11.986913472725444,11.413514288826816,11.000504109146986,10.732295619037469,10.576889443193425,10.500959207667814,10.472571368962447,10.456298662939545,10.398217631486647,10.241236047451295
391,0.10143714102122887,300.0,0.0,0.0,0.0,0.0,0.0,0.05416992694558287,0.5318223777354795,1.3905572130421788,2.731574015796171,7.523831978540136,15.684716030309989,24.667185048601542,29.851440923807782,30.406770699623888,29.23125446578479,28.791409662544556,28.820987895062476,28.983585117646385,30.526709923864786,30.06746183856353,26.88697150460097,23.487320445947404,21.26942511802126,19.896643828013634,18.615534199933673,17.115056969465638,15.719354788428777,14.623581066405054,13.856664317979176,13.290766819283933,12.806510816406691,12.37207310660421,11.942724402795998,11.554442660877896,11.250132254602388,11.02877839329342,10.876453803849431,10.764221734036818,10.660671219149751,10.535030789779201,10.35565017932001,10.093058377908037
392,0.8574167103200542,1.0,0.0,0.0,0.0,0.0,0.0,0.0821831635451794,0.6525930549956892,1.474016406432805,2.394286890622042,5.795084533301586,15.034010764820483,19.685976265230796,28.559531248391348,26.15938989376112,28.769172474904757,25.962588576168955,25.95817396890433,25.579328874381762,32.49980497371608,25.378502637103395,23.47231925281555,21.088521546060893,20.20279992639658,17.585302392424847,18.90069608748291,16.56326761357107,15.768331971769102,13.8635522787528,13.787641468361425,11.981602731476887,11.69911050218449,10.80849951091521,10.925066778687512,11.331566639154667,10.769807243703891,9.884111233620153,9.431300722216962,9.303196515430399,9.246898183229446,9.096579092418809,8.971354204230586,9.054297916926574
393,0.14760291177018836,300.0,0.0,0.0,0.0,0.0,0.0,0.06314727215361439,0.5921625018042999,1.5071704064575002,2.9008887580997107,7.700605262329717,15.45627954309718,23.73896419060359,28.727650468471232,29.795341178562342,29.226708797923592,28.76729345361055,28.43360178330423,28.33815197053377,29.024044322725278,27.881073092031322,25.086775717866864,22.376015438098033,20.31634482539033,18.854337665881168,17.69530249165697,16.33453922807099,14.896439418584022,13.897468920028906,13.407887788099568,13.024709827686664,12.49886268385348,11.883552110597057,11.28760959487107,10.798263557615801,10.466910087446578,10.261280673080037,10.136299491066703,10.053868745249096,9.978541255495786,9.87285860915199,9.6887082449436,9.379935468295177
394,0.06301478892155084,300.0,0.0,0.0,0.0,0.0,0.0,0.038337435841147786,0.4132124936622211,1.1413612647875924,2.3366694092564946,6.870893386192218,14.961999416056262,23.759514636371236,28.43776672311517,29.169655578160913,28.668805452999745,28.183446820880253,27.83819911117833,27.94062580597271,28.911713095192923,27.54510359811824,24.56002826586395,22.1678417953125,20.354460662652443,19.064989923519466,18.058758338366463,16.780600433077947,15.358248950207345,14.341012676268411,13.681151706585311,12.960604611523397,12.299078663337676,11.816672005964332,11.391373780560928,11.01046768027116,10.69493835906896,10.445186984970892,10.25439936770893,10.104331739662554,9.97508491991505,9.839564349934472,9.639564778232215,9.314610119455903
395,0.1484052724724576,100.0,0.0,0.0,0.0,0.0,0.0,0.05064191257851131,0.49638415312339534,1.2965779578418102,2.547491291744205,7.142629955190362,15.270119203275168,24.181634663530183,29.66149094534496,30.369535391451997,28.828467502696466,28.278594959126515,28.250731903369303,28.37037948679907,30.901703010913945,29.05841584032213,24.812155897791428,22.020801134436688,20.54357910098419,19.344093261424437,17.994369786381544,16.587299070803834,15.522069647188351,14.555888001152837,13.726174572354761,13.009004098436106,12.460997868217373,11.946197094240363,11.449674627656192,11.050477724866719,10.803948439341523,10.65641103830435,10.540257815225855,10.41745683072004,10.25807858204213,10.044515876632284,9.801495335982226,9.561805732720517
396,0.3155718280648176,100.0,0.0,0.0,0.0,0.0,0.0,0.05313577052033126,0.4829624501522491,1.2068285579246423,2.2975537791282723,6.299758908731011,13.71387517541948,21.76896927130816,26.085012251381055,26.40746484780491,25.276685068624968,24.794967559657547,25.003082708767327,24.761752159278636,26.441759359391078,25.81513762504657,22.176437442046673,19.46941720406469,18.027713908651304,17.444852500835797,16.641400641770236,15.055064269465317,13.585048415757452,12.734143108742753,12.071509067762646,11.2967006605725,10.611299672968963,10.031623364645862,9.64841896042413,9.463407043644251,9.437452808270418,9.464333225379107,9.438438357148268,9.325705436417607,9.112560956851725,8.792722323599003,8.376336311762158,7.879498670530105
397,0.09912523270847903,300.0,0.0,0.0,0.0,0.0,0.0,0.04723331813765073,0.47856834327395414,1.2747601845382335,2.53998442074349,7.155773184768495,15.099605533714616,23.77528642166684,28.6656397106059,29.44017454168726,28.76331707013434,28.32229264338475,27.920473942149844,28.07766117104006,29.284346985503078,28.571194346533087,25.87444694013958,22.71325932346109,20.183746798958804,18.64707921901051,17.609602697652033,16.409073008103253,15.218293968532999,14.177143111064042,13.253381406616155,12.579213051420803,12.200965578674834,11.86946750190661,11.477670168242275,11.073273477184623,10.714697957374561,10.422829622200616,10.202393200826938,10.031534560997747,9.883799478744615,9.725407585847945,9.489474452210821,9.108458896009587
398,0.1138782018609747,300.0,0.0,0.0,0.0,0.0,0.0,0.0514951829533175,0.5026104611955943,1.3097203373053592,2.567746994398318,7.083932502724878,14.76039515962045,22.99365322801053,27.720639648086323,28.60632328936347,27.878403176811158,27.206486362786272,27.1505474779006,27.724495754466627,28.15968735847647,26.47760016887998,23.946166601640183,21.615453097757577,19.73634977977291,18.25255546598555,16.973543460693158,15.697509459584563,14.589953905886755,13.613210674105044,12.862678965580196,12.279353380998604,11.654280517014897,11.084633170310227,10.578077913847489,10.172397684939325,9.90197567129719,9.735513549151726,9.633858853664167,9.573186244784418,9.533907284100714,9.49966474525341,9.465222705684782,9.428080477492033
399,0.11527480157473968,100.0,0.0,0.0,0.0,0.0,0.0,0.058427422911018725,0.5272308074450557,1.3119399294413252,2.4896912716413495,6.787342282227435,14.874471529471862,23.830341819110135,28.47743951799798,29.082678499997588,28.410112290837755,27.913545275954963,27.700964964642033,27.648151866081644,29.649027637141224,28.150969511566114,24.633661195179652,22.22639279426615,20.07570192746366,18.437229889219562,17.585293715110954,16.437538268172393,15.182046633333321,14.361852901826257,13.799348029685659,12.7468904004345,11.89900761516957,11.627636822590068,11.419367250544628,11.143712315419052,10.821763433617521,10.489437996874555,10.178348867232694,9.899761906765475,9.659603657705986,9.46352425893564,9.317891621655349,9.229406990860623
400,0.1279387188057158,300.0,0.0,0.0,0.0,0.0,0.0,0.05488225842071147,0.5233625448173562,1.3454066488108865,2.612780346468852,7.1350905097983395,14.824063128607339,23.280513314133124,28.302733671796442,29.284514341611494,28.6891885264562,28.29355231711335,28.086913437209063,28.26674711928095,28.992549007884897,27.516428032405337,24.47620687674058,21.793633572807646,19.699279712094615,18.215577987693322,17.10369092764894,15.94928813069701,14.961225785315232,14.251991078295704,13.58565618129437,12.884937976883881,12.327648395637341,11.86368065794378,11.45119783844323,11.095214457459168,10.802648828251849,10.564977585092633,10.37086428020368,10.209158797584807,10.069319105400288,9.93794192671016,9.788594701936846,9.593094537457446
401,0.0761172711360636,300.0,0.0,0.0,0.0,0.0,0.0,0.05405509710798375,0.5250921217489007,1.364434418584575,2.667345743502304,7.261808478907364,14.860832012816969,22.942024095204815,27.736857037110095,28.850493814766995,28.150029283025347,27.55536521106159,27.662532443952518,27.980976294403405,28.562031135759476,26.825717226044706,24.17041142591493,22.015460323177358,20.33783349482438,18.837909123385206,17.51563681266526,16.288698137131767,15.227257136768674,14.273927778620473,13.34261704529243,12.540389972927695,11.966069043277484,11.52121804378754,11.091425938122134,10.707608628547725,10.415910380722844,10.206185398996581,10.05663892002113,9.943997826305655,9.845523625366836,9.73808565836466,9.594238853675561,9.387118899413641
402,0.18513068006059397,300.0,0.0,0.0,0.0,0.0,0.0,0.05970868952681251,0.5785324891082165,1.501127301570358,2.9336329601782607,8.038049460927784,16.575791237380326,25.600426565599236,30.819155329660383,32.27858854028759,32.169839806043676,31.650573695346342,31.18476591356972,31.255803558072625,31.65600185550849,29.688755529189347,26.546084350089014,24.01518722386196,22.241400561328422,20.91280129550551,19.5412433137927,17.89004858640879,16.370987871059747,15.120839771241187,14.148589418971008,13.444823383187144,12.983850274313273,12.742323146666541,12.539844297657579,12.330054577267317,12.11246508866872,11.885956460143309,11.649336120338518,11.401756107812124,11.142494852298068,10.866467416068211,10.551902777506386,10.17584343556077
403,0.2073571152701293,300.0,0.0,0.0,0.0,0.0,0.0,0.057991249858119515,0.552463406722707,1.419307017302088,2.7536843468355015,7.492093187378315,15.507093479234962,24.034551268128638,28.70177006077787,29.536623831904084,29.117341369041778,28.744607026399255,28.371121385506775,28.443676485155443,29.156802380781038,27.514984324394838,24.596448869222066,22.094813164677575,20.419449939105114,19.34865571175295,18.4583772087595,17.09311411419851,15.304496585230616,13.651967853553197,12.481796222869363,11.885321052265427,11.677106257352365,11.536228828202802,11.30616863408858,11.019348136730146,10.7324945705384,10.464248834197432,10.221243554391476,10.001218158496375,9.800030959820267,9.618647106996143,9.47698085107019,9.398719911165296
404,0.3807027731674255,10.0,0.0,0.0,0.0,0.0,0.0,0.13720742351619994,0.888466061090786,1.815452789709568,2.958161453911304,6.862435655463675,15.299212932028952,24.219101057989604,29.580686206660296,29.8692671724284,28.046425823979522,27.716024215986774,28.053768254313074,27.820504061084204,32.79992114904356,28.588569183063434,24.856494572889503,23.169376543977286,20.601687591097964,19.80699266673949,19.721884009082594,17.19023231745462,15.649575346081374,15.026079209440786,14.119438780032267,13.45185624777805,13.147481249404326,12.652977314018052,12.15129671970071,11.68846224765054,11.244577764479011,10.888031495096946,10.680860125434034,10.60660627345688,10.634760442445108,10.64196045935039,10.13462328141431,8.680204751480286
405,0.15771323200372325,300.0,0.0,0.0,0.0,0.0,0.0,0.03958636078739933,0.41312616520908835,1.1197997998342304,2.2626256960618383,6.565815862655177,14.18528192272046,22.495197411379397,27.0031247878345,27.592865468532548,26.98146636806432,26.617128649825233,26.533158665429376,26.904049376637815,28.012423371263733,27.076627866748588,24.547402170832523,22.095842005418103,20.241759169269187,18.706822993189878,17.25491652984053,15.72342458640489,14.61062148310132,13.872645480178122,13.109032856067262,12.322486550142333,11.790762190902209,11.415964270682348,11.015267912372797,10.613551228458581,10.269342011688687,9.992316068164095,9.77817794723545,9.611020859105897,9.47339354581446,9.347148431347813,9.20764678924445,9.029879649672997
406,0.18283616167902017,300.0,0.0,0.0,0.0,0.0,0.0,0.06276058711711295,0.5663354033159285,1.409261496167104,2.668427384164236,6.964548223829591,13.968469938545862,21.440297720600526,25.946101968374137,26.986671047234793,26.502170730429267,25.925399959514188,25.486361185052708,25.639271397959423,26.6398753585243,26.09271642007787,23.557311910465568,20.776253387748508,18.79409579128334,17.52646659036696,16.55184021841427,15.611559248622338,14.655597129644637,13.649016591357107,12.686874162912254,11.890538537809745,11.404407700087136,11.219383168292415,10.971837285075601,10.628618574129465,10.261371036923586,9.933948838350515,9.689436536313519,9.51630174725158,9.392387968751205,9.29238975642383,9.172365048097626,8.985828482149554
407,0.09214555131523978,300.0,0.0,0.0,0.0,0.0,0.0,0.051390648851580685,0.49654721288162185,1.2863987512922876,2.513721027213545,6.964989612984653,14.703620408645982,23.096361738078794,27.571645772035595,28.249340565858827,27.762494498363523,27.379339227945753,27.074253031527004,27.32876205719021,27.55143381535395,26.0530300777861,23.96591183244237,21.805415513755303,19.76991256827242,18.34837463963022,17.53798247018796,16.67362579705046,15.343557121973104,14.022149826361915,13.033041407750327,12.321258805833459,11.866894253069018,11.479283891671042,11.045032744337414,10.628397224894007,10.301853709444718,10.060246665239735,9.882175265974334,9.745162736665142,9.627560951771336,9.51903463590706,9.4500254315563,9.460461269575054
408,0.16371862788112834,300.0,0.0,0.0,0.0,0.0,0.0,0.048125114996823884,0.48301964054331054,1.2795437763202404,2.540464416951964,7.158524130290741,15.122506022639469,23.545806594483857,28.24014378083829,29.317029358473196,28.753798849179343,27.999664160538433,27.61240306304307,27.909363679269365,28.6585431052567,26.767165086567612,23.68966505499023,21.30394645067758,19.74739533727571,18.809972872738605,17.97216231644762,16.81334708704362,15.534517319451583,14.138600983257765,12.888368975418464,12.11312477761065,11.761733462088554,11.49513066045013,11.170285659721815,10.82474502898783,10.511087608479208,10.23961330019502,10.007103271169102,9.796629859731917,9.589209382240764,9.365571100425235,9.101307880250316,8.77361278261253
409,0.20855913736127898,300.0,0.0,0.0,0.0,0.0,0.0,0.04769871810858353,0.48618386467705976,1.299593925988087,2.596514736579028,7.353299457513052,15.534028780531997,24.392145677749326,29.69371559920132,31.250804116183833,30.969406445243738,30.372731139626378,30.04597545852745,30.08982567436585,30.592900886822715,29.406984185646465,26.537610565103858,23.540316386971252,21.205430957554803,19.74877524105279,18.666576592867862,17.317635287982355,16.005355671665047,15.109984680989365,14.337447948742518,13.58651705863086,13.007926860157982,12.570958068388256,12.17794874957738,11.83706939485734,11.573358582534626,11.378110480831623,11.2316443514537,11.098273747797995,10.93974146114328,10.697062899869746,10.229843182754486,9.413001622667945
410,0.18748012240109405,300.0,0.0,0.0,0.0,0.0,0.0,0.043738915467094706,0.45163195429460257,1.2164087988816135,2.4426203711832755,6.914034316612066,14.362222171469181,21.88329330753725,26.063442462273226,27.248915217779388,27.155586668248244,26.748486974126937,26.370874532030765,26.221721434126415,26.27018681781953,24.91093033405902,22.614455480739704,20.599851173690258,19.332187980437464,18.451567290321087,17.42255264272895,15.994863041018162,14.55382360822128,13.394394667216034,12.575665053089855,11.890042272886207,11.341069727319084,10.999905158177839,10.667745642917117,10.332096895643364,10.0358082706629,9.793227344691996,9.607089124425466,9.462062486912215,9.339600617621576,9.219250853106692,9.069836925124864,8.859483590857463
411,0.11987632465348744,300.0,0.0,0.0,0.0,0.0,0.0,0.041850388635749754,0.44991513698632135,1.240833931582257,2.535389519194288,7.333245177560888,15.400479682415044,23.756118596811763,28.423434893559097,29.40772488878267,29.015704457995604,28.451116141125716,28.034300798278803,28.42763268031041,29.233882872319615,27.332975829032566,23.873688293350657,21.168148542071346,19.526877240249526,18.24469525602796,17.003795677135372,15.886198323371328,14.923349503157192,14.012123797527549,13.011202141053984,12.087103500128878,11.498056212010752,11.09762952045071,10.747232209075232,10.461965891208079,10.270975458643035,10.14298416818533,10.038661065010063,9.93614368036331,9.818242781384344,9.663682068954198,9.433761387174453,9.090323029105035
412,0.12768075216070918,300.0,0.0,0.0,0.0,0.0,0.0,0.04361087355175909,0.438867205308171,1.1643633926409733,2.3147052994593946,6.565038630696136,14.12871413354844,22.590540554999258,27.202511272519917,27.85848591772692,27.421046344786028,27.074131202194355,26.669376515304457,26.752403658042798,28.105699869456945,27.666625280078975,25.240736460259082,22.489555163546864,20.407948311729,19.104968922331835,18.152389469963104,16.94132948489093,15.531449414135965,14.231980459422616,13.26116896056777,12.565429709166448,12.043926637925436,11.57717624687754,11.157594806415586,10.819832771274248,10.5831877651708,10.4058533520422,10.242551508473495,10.08110763590192,9.917433559633434,9.752881636405714,9.60935459844347,9.512605412716265
413,0.20295001717180225,100.0,0.0,0.0,0.0,0.0,0.0,0.05152369914338059,0.4847149807925941,1.2360691135068425,2.3893894932367346,6.682631690209839,14.809252888375065,24.229935237677424,29.667855418972223,29.998881909767032,28.3620443918248,27.7131135132449,28.24814193449353,28.327080737156788,29.169213772711924,27.865864992425276,24.812953322550808,21.97036425499535,19.750591714841455,18.53014476479444,17.604929887145335,16.345444057841323,15.106169134750605,14.052552545853096,13.245791591300028,12.373624417871783,11.563912419832668,11.079420171218347,10.764383801973453,10.551074009624548,10.418784356363926,10.329894349582277,10.247752809808256,10.152081390524353,10.027043330770324,9.865411466693828,9.691012876179862,9.533633942853678
414,0.14237830474859225,300.0,0.0,0.0,0.0,0.0,0.0,0.03866538941511927,0.40974325873211426,1.120579419513263,2.2767908715256957,6.594525671019493,14.164147717204106,22.56102637982257,27.300706175252582,27.749126942947655,26.74157515442457,26.226415325235877,26.212865557592306,26.539866902586194,27.48100409077733,26.487879267834927,23.924356818606764,21.472297702211996,19.735361540801026,18.706657631676443,17.941204091202,16.711290269922454,15.137890528463513,13.59290247470372,12.40423583138575,11.774740418818608,11.584866232568293,11.476869517832277,11.243449558718186,10.926835013928555,10.607829823226846,10.327409147371762,10.106307418427436,9.931219488745018,9.78212897363825,9.64031162662409,9.48792664079204,9.308189406699066
415,0.1209461991255944,300.0,0.0,0.0,0.0,0.0,0.0,0.051726066270926296,0.5138904885587858,1.3530535198587195,2.6699024700708898,7.316001537316667,14.872343643735,22.791351029227602,27.343635250246038,28.109369046664224,27.343294173300258,26.762604781780496,26.619307478354422,26.8819137822101,27.546739693196564,26.238825591810315,23.577855993367443,21.048429326641557,19.18961057736757,18.037914071070894,17.018127997890677,15.697142442895233,14.509015516842515,13.507009343020124,12.637358982043992,12.006946299670918,11.70963485337112,11.445451407225287,11.111010394663907,10.749589925681033,10.408391872239692,10.095471406519962,9.810090895649308,9.553075784175228,9.32548300874192,9.138508799052374,9.04316425002209,9.100319385148913
416,0.16339254854421928,300.0,0.0,0.0,0.0,0.0,0.0,0.03690847123965245,0.40271129281607343,1.1203660461584488,2.3052066535488076,6.788015665697844,14.590029757139643,22.81594965409898,27.43735359592646,28.636086501844552,28.364101174094998,27.880835652159533,27.464405015166417,27.470552816451786,27.906781311268446,26.61330070457599,24.397888771929896,22.316871865257408,20.41063019815011,19.044426830568494,17.91296600263243,16.382036077236346,14.728550738093219,13.483871879570193,12.712422428276332,12.182926384148603,11.850243490777071,11.457381861874616,10.986821664121969,10.548084398618425,10.225037601020565,10.002696517988493,9.847588460165396,9.730482974520454,9.624238313901385,9.502698991954828,9.34008906430117,9.112546540182052
417,0.08555201151990877,300.0,0.0,0.0,0.0,0.0,0.0,0.05068892129375934,0.510416696264194,1.3547093000808772,2.692976103997905,7.572261715581514,15.873766512270507,24.672222966015816,29.48417943231051,30.350901317196936,29.771691041603642,29.116958898405432,28.744276265709853,29.314540428522868,30.371542769330897,28.431494016567594,25.23129451218364,22.64360853085554,20.692334828669438,19.119141649080184,18.04809826612901,17.119115218944557,16.09714957532037,15.087708045895656,14.127405861708406,13.241808493858253,12.549273404899619,11.9932516248288,11.52558126581055,11.15153379491096,10.876014742304802,10.66787786229658,10.49349590516784,10.334333639236744,10.176050520656911,10.001935507169742,9.784057023083722,9.494373808424701
418,0.20406123123522926,100.0,0.0,0.0,0.0,0.0,0.0,0.05506877341481823,0.5087569063001526,1.283776873988606,2.4643053279738414,6.845807587834302,14.958911885320306,23.650794846229864,28.283221879734665,28.81703074342172,27.954437620930154,27.51549412816201,27.3642098592272,27.260554625338507,28.837139909027254,27.399503436534065,23.480098358739717,20.59633214680005,18.957730624971873,18.167897876236708,17.519179698890678,16.50132128106728,15.236994781320968,13.887332511369907,12.794541398033465,12.041789408656507,11.405218882120877,10.946362204776632,10.53604966015603,10.186238716980109,9.941123923938838,9.78043892463703,9.673624094458518,9.599620977020326,9.540159546741496,9.46903221449298,9.327472658867698,9.053175787289822
419,0.2590007130350707,300.0,0.0,0.0,0.0,0.0,0.0,0.04073021249092757,0.44124313870767035,1.22246053747683,2.5076431722409773,7.335859361212564,15.634548410893776,24.40000653300552,29.227587855047428,29.90257773844232,29.066568402338913,28.347181983669905,28.074996210269653,28.81830177425573,29.94272809894778,27.778095370789515,24.256493154705087,21.447214394410246,19.62576120100926,18.44963585169429,17.483607707287455,16.336538461197033,15.16478448228122,13.979185652805635,12.88192561856269,12.118209514300265,11.866534950169012,11.848344810252842,11.727033871191933,11.50913353697271,11.273542764074977,11.04195327538508,10.815611044803894,10.572213798314568,10.285773250461427,9.921390038975696,9.404618800086617,8.673104054931368
420,0.23484476826164627,300.0,0.0,0.0,0.0,0.0,0.0,0.05396894437037808,0.5347049475368354,1.405660890840105,2.773245677600988,7.67961456282601,15.815413819207363,24.152174275897828,28.73093435396338,29.725115908105334,29.29915618306008,28.652705555739583,28.29435847737533,28.92917671992855,30.45482798721166,29.15303303701254,26.205065353910292,23.488079344257457,21.220764417212866,19.61200211171961,18.622848531685094,17.700429842901613,16.70488819460813,15.586331168458832,14.27723842635863,13.195207988998249,12.62554557231803,12.29370414479768,11.979355486355109,11.703078874903218,11.510725825291042,11.363235155120488,11.208312062259596,11.014303365969342,10.756310087654613,10.394908156905785,9.831179689574979,8.98352124755887
421,0.21018623594909536,30.0,0.0,0.0,0.0,0.0,0.0,0.061649449413097225,0.5503769909905809,1.359250262453693,2.5461792768115927,6.695890591250211,14.784657558084993,23.56307749808862,28.661990109329267,28.578004212728683,26.848357921807818,26.448644727625144,26.871750301901585,27.027124280634155,29.38608623200193,27.191069178403623,23.17143911647864,22.032764536749312,20.58064372014089,18.647427644476462,17.553921259215244,16.085877160284333,14.689036293984682,13.931749432269202,13.517145430886906,12.74964425504097,12.463527704122399,12.187778701428243,11.61815806920402,10.961697618547603,10.437093335397542,10.082114684547763,9.885334786845464,9.79007858183212,9.73291025318693,9.657819344433944,9.529515341825794,9.319785106532322
422,0.11266133833806692,300.0,0.0,0.0,0.0,0.0,0.0,0.054758742872351995,0.5298300527284995,1.373548217066323,2.681038946496669,7.319581347023743,15.229968113573639,24.091341160439015,29.12004884481496,29.55277714655696,28.48865622789406,27.86427295947527,27.807397989389024,28.020850658447692,28.379773726118884,26.309711325141723,23.41627986401183,21.325226092565295,19.977019689863592,18.881851749788503,17.760684014683736,16.31508225310614,14.85409070212996,13.729843135547169,13.023573946641346,12.551755918762414,12.14214490097263,11.745268039445845,11.328170844247497,10.919157582008758,10.553003654100259,10.239909006017989,9.980560729747012,9.762073984484557,9.56951195531367,9.392667935460635,9.235861552377141,9.10652439768523
423,0.14821194856353326,300.0,0.0,0.0,0.0,0.0,0.0,0.043703429752218935,0.44622132034947154,1.1940788384238814,2.3900329421497477,6.845424609307843,14.679449489510906,23.253130811654785,28.056822706678123,28.682892374562158,27.761053884635512,27.0903357826085,27.062784790051353,27.394011760794655,27.93260765335182,26.423792987133854,23.816274238787067,21.30420556351007,19.331371470428074,17.901104627202947,16.654959180358993,15.417859665795985,14.379473539702223,13.640590898365222,13.07996241478152,12.547306760147707,12.026829896564522,11.53763797840982,11.140405019424104,10.83348597460019,10.596043161087408,10.398026796799241,10.210562240289393,10.012884684515042,9.787249176826668,9.502833088963225,9.07653684758317,8.432660367582693
424,0.25930711324817346,30.0,0.0,0.0,0.0,0.0,0.0,0.030965088072361455,0.35763389605423984,1.028175352853106,2.16792582114442,6.806370893146471,15.20957220936389,22.52084051740902,26.37787143498203,27.591192131847176,27.36701776492601,26.271596868159918,26.401271082373153,26.361044554919594,28.1560295445747,26.761663221355505,23.460424516371734,21.697496306535836,19.7217261093498,18.40147427028864,17.108574097189685,15.412989832664064,14.507704636529988,13.500216391043748,12.475483683797258,11.973040008894635,12.55128231433317,12.064219596774713,11.28015677165257,10.641709007066048,10.201489508479547,9.918156278806542,9.741410018014449,9.639852299076935,9.588243747179495,9.543141807461534,9.384410312716385,8.983956827907035
425,0.07876572149597212,300.0,0.0,0.0,0.0,0.0,0.0,0.032156472820253336,0.38112531822055085,1.1131089909316911,2.3732672009989972,7.2793177112667395,15.69885340946487,24.280647734448564,29.020390300237544,30.045319686494388,29.467382809737394,28.740297202020827,28.354242448592476,28.652037952287465,29.68227244635394,28.188861322399262,25.247760550485296,22.688121964631687,20.391164396136478,18.8713282157903,17.879383266767487,16.645264781706082,15.344400626250199,14.189197195191918,13.317366334986557,12.751511924311359,12.372620011907985,12.044038657329109,11.69412725534142,11.356058241366242,11.070345301691704,10.831649980378506,10.623616278167116,10.425770014685003,10.217738105388893,9.977351561934608,9.671756181920426,9.27025834532804
426,0.16584133036031123,300.0,0.0,0.0,0.0,0.0,0.0,0.04986490831759631,0.5040292466380353,1.3405489671571411,2.664265464179358,7.378441594825978,15.246762583075775,23.92442944060177,29.170899216544814,30.34784615865586,29.75767889936047,29.008854384571066,28.81075194049125,29.075184551662076,30.151910601664394,29.094749874594832,26.347345790193284,23.717740874964942,21.690772500328375,20.38614214993781,19.43684312879552,18.124620387867164,16.5884677094557,15.14079486119789,13.980042110359902,13.09040560998231,12.419672060726393,11.93940555807302,11.549335169429416,11.221208805481934,10.951048195611099,10.736109020458107,10.57179244515612,10.44398260182275,10.336989710830396,10.233647097527173,10.108774836092673,9.93633092511207
427,0.1075361485084969,300.0,0.0,0.0,0.0,0.0,0.0,0.05589373664800256,0.5383600613356537,1.3919670511081206,2.7128072440965894,7.426060890894103,15.510333663186877,24.41709498078422,29.59037180321141,30.491982461824612,29.55185669673062,28.782009712512707,28.925003193017993,29.36091794911432,30.056699271380165,28.46490222381946,25.556587046219875,22.974203136817145,21.163147503655356,19.79912469745468,18.402698617606607,16.786724096756828,15.286320807825362,14.154332050750869,13.228463206932588,12.504584102483637,12.129120635912004,11.810974693504116,11.441790785030836,11.094708478551642,10.838779933836003,10.651416672860048,10.495929108720617,10.355798770160925,10.219735617916959,10.084965555368429,9.9804489112277,9.941938639691294
428,0.14218109236428136,300.0,0.0,0.0,0.0,0.0,0.0,0.07187001497859206,0.6241768350275778,1.5188069361946934,2.8323565440617977,7.340361878595096,14.924643500416327,23.252877365408793,28.0390722590437,28.880427391494408,28.313738908378493,27.872738032278992,27.794821791778688,28.153840187379995,29.41613270521054,28.121836706991765,24.92090216510051,22.34257958970348,20.95623364556386,19.97926975636271,18.73868078862172,16.98428031888735,15.424913378485007,14.32739439089498,13.536390103658311,13.014204732460067,12.668408262928985,12.224921409846585,11.722247401519452,11.265485384803569,10.9211229133626,10.669724520896084,10.47680713169033,10.314947630803413,10.159552582112573,9.980387774660052,9.721828718864684,9.328855559517766
429,0.3128006876275859,100.0,0.0,0.0,0.0,0.0,0.0,0.035262231032271114,0.41883491100374587,1.224527938422435,2.6102126576131464,8.038779720984952,17.78441391016983,27.76039727728859,32.813839181476396,33.36312094017577,32.560839366142595,32.26140954900416,32.13759702025225,31.930151958121964,33.046980002465645,30.66360045936411,26.650222571255394,23.81488753950533,21.917147169245585,20.98699736525939,20.377658951851313,18.96622733003633,16.836578272151968,15.043495205296542,14.191801247659946,13.778101509791947,13.420386220890055,13.101850291626196,12.628294413332826,12.120073858837612,11.735113570242182,11.467452766894812,11.277420413798103,11.126231013783029,10.976850563951672,10.804584204601323,10.627073831082607,10.47089435533304
430,0.3309484130114664,30.0,0.0,0.0,0.0,0.0,0.0,0.13345017759103586,0.8442218852817599,1.7050688161949115,2.784047938596425,6.604010797479219,14.43554451001855,22.57321380489375,26.54334740631331,27.254896186561776,27.64401819366913,27.26185802276707,26.246881800614755,26.157832716692404,28.293389028963773,25.976883937506646,22.835126135760746,21.759512925546407,20.101744209350965,18.734886425611677,17.828492638519574,16.081149770423995,14.189045113982253,13.288716776210908,12.762752663741379,11.753767511044737,11.388804977266869,11.244049877048631,11.002693773471918,10.716411400395485,10.469989152286832,10.280370380802689,10.144293337041683,10.041502463285429,9.94848121653832,9.848551755754254,9.74921732507937,9.6634732311704
431,0.14038676242447093,300.0,0.0,0.0,0.0,0.0,0.0,0.035540876363329116,0.400022124441516,1.1333995666938312,2.3634911577867515,7.055432406228474,15.123868818261803,23.53047356361523,28.109844901300015,28.794810894591002,27.95196160848871,27.31999326790887,27.178539961308925,27.441661851249453,28.583167973896863,27.51553583738454,24.63658106146424,21.744219562073905,19.42370647958213,17.843353251745295,16.834912935701308,15.878799767142613,14.790080694234438,13.720232433513345,12.662044011635171,11.820955291922607,11.419592724025192,11.275179105464344,11.057748236173255,10.752493538655202,10.423161124994587,10.10814143249197,9.832488271166453,9.601989375401304,9.417997383794225,9.29438624147383,9.294162990523953,9.496471328325848
432,0.041257996260311056,300.0,0.0,0.0,0.0,0.0,0.0,0.03824400121113605,0.4185467476829384,1.1664630193033956,2.4018395130399988,7.024093345748404,14.861418162906771,23.03411194721123,27.607465953437657,28.560029158774956,28.06748748761037,27.5413397006649,27.370024016354165,27.758629202443046,28.833357811694206,27.7069708772806,24.968174183881434,22.288216000870122,20.222344362861662,18.813900819646626,17.74126141726372,16.548864985460888,15.283327222066744,14.126606853776313,13.324828946580745,12.794305017563103,12.31667433500237,11.80987009991864,11.32027840712153,10.91346748483724,10.6312848334118,10.450470020902932,10.335820049038611,10.253228568963488,10.169654233119312,10.045226547799992,9.811399859728128,9.401248275217814
433,0.17234740362288017,100.0,0.0,0.0,0.0,0.0,0.0,0.030317342252302638,0.35985018185547646,1.0516666956002836,2.243397448064972,7.018980009111052,15.939273859752001,25.1052858198837,29.65951114316812,30.378532792543666,29.640255357415462,29.012578639866128,28.731395592112296,29.27946951513341,30.72563557474696,28.343538708946447,25.096097451565498,22.842433127429974,21.401530292568072,20.07984899030144,18.660692354142636,17.186590387826307,15.834925598128285,14.775863281124176,13.774897597162367,12.984140824077162,12.963629982062741,12.685707199506412,12.131879829150897,11.555292492307252,11.112613115577538,10.801254789441092,10.586473520272252,10.432370198258921,10.304723395410047,10.17421348642029,10.024610461825143,9.843526781673724
434,0.36213598380074413,300.0,0.0,0.0,0.0,0.0,0.0,0.04204138372076776,0.43913147245127987,1.190729528015202,2.4012108520114377,6.77142431899659,13.90496924442796,21.233789985714992,25.32706101949967,26.408951755754828,26.658842739231925,26.546450239368536,25.636209955398567,25.558345370681792,26.498387985665346,25.389199777713923,22.710513497054748,20.114538288407353,18.345476418707396,17.20131604469452,16.247694236239575,15.221922455860597,14.27485131179004,13.532849051438308,12.85429700774455,12.179673503048786,11.660774500428559,11.290632246355152,10.958725587259107,10.664144398439992,10.429271085382165,10.2511038239043,10.1173071633066,9.999952999205489,9.868375827079038,9.679775653360037,9.342235756270327,8.769575142827168
435,0.16286122367227035,300.0,0.0,0.0,0.0,0.0,0.0,0.04286825455834069,0.4599319582081301,1.266998183413504,2.58871268866711,7.580791237739175,16.409532099847063,26.03066760651119,31.252758727994262,31.724903526639256,30.57026743268125,30.043095158877637,30.172957400873365,30.015721291133683,29.683281576028925,28.144292980084447,25.683890071148586,23.28404489992059,21.127336787694038,19.787089210386647,19.057836059484586,17.957440279508347,16.294197067638724,14.781431570426395,13.713086633658314,13.199004868879081,13.138587617721013,12.927260132204031,12.501393344942198,12.003036421733762,11.546652867324136,11.156826719687192,10.832801057924675,10.557558625376691,10.311947444174736,10.076315976321508,9.823783171165612,9.528013161385704
436,0.14168364922023802,300.0,0.0,0.0,0.0,0.0,0.0,0.045400730029907785,0.461582821722113,1.2320682888824004,2.4606023469599885,7.006567261833288,14.996734869420338,23.963170165131384,29.093018946837272,29.715893562122083,28.73107190909665,28.097748847422448,27.960924610146936,28.13842794472854,28.66615112297781,27.408971209063964,24.7809934130382,22.448714413604197,20.744532288299617,19.396431330670225,18.077363380842673,16.670876102235884,15.435830292575378,14.407811873562956,13.601026432034915,13.035312944313924,12.631582453688383,12.222621618486277,11.801544917629935,11.417214830455249,11.107324415211943,10.872872118708479,10.704087377454714,10.579290758585858,10.475007406696442,10.368041403429569,10.233094005197398,10.045550543782202
437,0.03419701848019272,300.0,0.0,0.0,0.0,0.0,0.0,0.05060201123805459,0.5049986348210179,1.3332412454023361,2.63957420710503,7.392184592132214,15.550566881189136,24.353103056091733,29.29645332184263,30.16913603512746,29.384288873171336,28.814812143209394,28.86141635541464,29.098566382370404,30.154806683278398,28.69097827645073,25.60620639204031,22.78238485941235,20.899745640663724,19.840941357539677,18.767817820811196,17.22229257495994,15.923700478946426,14.882018099432123,13.818224670083874,12.982080348795803,12.53139463564562,12.19612290242266,11.804066563753661,11.39876988686368,11.047447014908032,10.766569409830128,10.556768165650274,10.403057458807591,10.287982600966801,10.193018410131884,10.091603227140274,9.95602678520315
438,0.1539847115247423,300.0,0.0,0.0,0.0,0.0,0.0,0.04265540441315516,0.45343021605275174,1.2423481880328346,2.5286580699456502,7.364087791288265,15.815077319032055,24.862167493699758,29.71828793917785,30.48438571287211,29.78150943473489,29.04200818226623,28.68107330718784,28.73091506754386,29.27732675376713,28.083183098961303,25.837767177173568,23.55331414044843,21.162934578814422,19.1970886994469,17.862417226775925,16.667045912687158,15.433112703293219,14.3805645496192,13.655613060883148,13.021231535837162,12.330800476889436,11.771141129088015,11.35320544818161,11.0512434158154,10.842820030900379,10.683047776857507,10.530226240393919,10.369323062175122,10.19210455343593,9.987659524298687,9.733471951946608,9.406973255208396
439,0.12229202993593764,300.0,0.0,0.0,0.0,0.0,0.0,0.050846226298280305,0.502528595470055,1.3191987543917283,2.60026931869205,7.198235364095157,14.873116898675745,22.916715818322796,27.591211626341778,28.838352826985858,28.577024162715148,27.942817338531675,27.619663789732634,27.794437806151418,28.59351470581245,27.089252030794093,24.310446608007787,22.146295530989278,20.546076922563635,19.257104697514304,17.888583540335592,16.20941339667007,14.624934920213782,13.571557437317875,13.01925377042165,12.577169727027293,12.039293186805928,11.526253821822293,11.051152698931439,10.631806306208775,10.28857706452078,10.014169118444787,9.796499386467937,9.625361253219491,9.491744527161037,9.390121485778883,9.326098093263084,9.308106612215227
440,0.18033117286041608,300.0,0.0,0.0,0.0,0.0,0.0,0.06341117910714829,0.5900142090609622,1.494882729781442,2.8692727583710105,7.646613344708976,15.562811970348148,24.13213809625405,29.053174041146946,29.864938458180287,29.460398989813555,29.21015825701463,28.5295324782085,28.758176339157792,29.823127634943855,28.140428271361653,24.96870749142011,22.35999364037497,20.42732519599132,19.00267147385054,18.030605010640755,16.94580041155569,15.440971534202449,13.98407450286548,12.852667661487265,12.244711452229758,12.074715489095063,11.936617101108977,11.744427363579147,11.518845117348075,11.279864998506454,11.043090129285662,10.81801504328774,10.597462638042993,10.370856886719302,10.125740355338424,9.840355934575781,9.493363192084745
441,0.17754121826477778,100.0,0.0,0.0,0.0,0.0,0.0,0.05929945796451183,0.5421991117264547,1.359493755639047,2.5896508758980747,6.962752122753623,14.93005183089907,24.17324870588431,29.78814732430352,30.295571579643862,28.931622751114798,28.43594256171269,28.52219453667488,28.805816498367022,31.92369075361297,30.32186220771061,26.38895240361347,23.688448148469405,21.23876711404449,19.331591053180695,18.382895927011933,17.768172672698153,16.416962691537417,14.936754379437795,14.011587550553608,13.371705160074617,12.897881659962206,12.627622120366706,12.320197805410238,11.949017953658808,11.563311149249005,11.217337773640702,10.949588066916457,10.748288057720657,10.591729900432139,10.441835920384944,10.19183546784515,9.730193802145411
442,0.10974515197229574,300.0,0.0,0.0,0.0,0.0,0.0,0.04668167603603829,0.4748190760004246,1.2675657337999016,2.527627570613236,7.069753927516979,14.68621846545868,22.75767618312161,27.396220277950118,28.40819161244332,27.932363489611276,27.39084487480997,27.172069265168318,27.233407249936942,27.49471479007217,25.949220348385886,23.25558792814508,20.789500153734863,18.954312566324994,17.84039299923822,17.045504451022364,15.813533293083527,14.388984998401737,13.359655911547787,12.694518762729254,12.047572071808306,11.41197573823326,10.835343566340883,10.374575536461192,10.06444313186003,9.913333946844823,9.854305487619673,9.815799377046808,9.768027320531605,9.691642458254197,9.561878189754292,9.332007518560674,8.956595890056487
443,0.31164417018986107,300.0,0.0,0.0,0.0,0.0,0.0,0.03420036517529069,0.37222008690972275,1.0341101886937887,2.1291064157687978,6.403289300718014,14.343330285412629,23.086839691420593,27.694468861133977,28.144534189952488,27.059594739453875,26.33084965476779,26.529432701394068,27.04691754188073,28.122878289639942,26.99433583888225,24.07120893874427,20.860620658081785,18.381679179673398,17.05270690490422,16.5348484108233,16.047187305146828,15.306586203358092,14.352981108008619,13.25457668817447,12.213533140121159,11.492095117924672,11.07455508367587,10.759128157321717,10.494377969327006,10.274497299732857,10.089097895908061,9.926955078817963,9.776023308927849,9.624535284088962,9.458859913003225,9.25648711816807,8.994792019459567
444,0.2546637804072381,300.0,0.0,0.0,0.0,0.0,0.0,0.059181457639375434,0.5747944774699356,1.4933976665764903,2.9188025177364927,7.944453419940884,16.264544804464588,25.032551866128106,30.093453791604965,31.183104572101236,30.457142018828037,29.619308435922278,29.34906031358082,29.53936588056262,30.440876264981227,28.94946367767611,25.89559201852252,23.28458101197758,21.12136450852604,19.230640310669557,17.76918662691857,16.54264522993381,15.32416368495427,14.213464191845365,13.322547718454265,12.798094594266537,12.689321845442432,12.594329198444466,12.356094791816732,12.025638587512018,11.673791130641922,11.341963630450984,11.054767976798031,10.808085238670346,10.591811038060014,10.39089541975172,10.168699758470574,9.88624560318616
445,0.03054895826946772,300.0,0.0,0.0,0.0,0.0,0.0,0.04931483000975516,0.49275429112762836,1.301722960085557,2.5759498878062406,7.171816891434534,15.120792329331753,24.030455910100773,29.186934121489834,29.905490978880653,29.007382223899956,28.440827885695818,28.253154296926002,28.57271288821422,29.817524490799467,28.416447598144195,25.252571531820468,22.776216102066538,21.00448734280303,19.467031529859135,18.093093616615192,16.738733768611635,15.38615081827216,14.327366267661976,13.566620858769854,12.884918369331057,12.413320497536494,12.063332277562523,11.702382379301921,11.355958214882625,11.069756411903526,10.835376299734868,10.634655496189804,10.456493478356618,10.291897823632242,10.131594609483269,9.963729287906796,9.776431104539837
446,0.11818693522350344,300.0,0.0,0.0,0.0,0.0,0.0,0.05024065400498703,0.5035574424751302,1.3327717810100017,2.642001694225164,7.358635873348262,15.278560588960593,23.605259442557504,28.294914130289886,29.13144203823722,28.33514721721356,27.69696476727543,27.535396927676025,27.60757113592922,27.798701002016767,26.197718715555034,23.75294232071069,21.65618553156399,19.70549828392518,18.336597494297497,17.339679402563302,16.13736073463108,14.80941014262837,13.737562033118158,13.051994272653538,12.600219246392246,12.165758230862924,11.652719707539905,11.148425376511886,10.736257349222175,10.462563431881282,10.299195291427974,10.204845323063962,10.140785591965003,10.069578354867016,9.945479482955728,9.68898432089962,9.22403646601341
447,0.48795948008617773,3.0,0.0,0.0,0.0,0.0,0.0,0.1969951633772742,1.1494596615849932,2.196470189922331,3.310880226084525,6.890047378153298,16.82863872502969,23.543600959541536,29.768217907098734,30.55775991564523,31.034065557495065,29.456369501498834,29.86330967637792,29.397350517952493,33.67752344759611,27.58201940467597,24.733524129179806,24.070085795081017,20.180021140121735,20.003192908666367,19.45367731423081,17.52110601323761,16.153724745258057,14.667308721266188,14.745718109923233,12.84086719816464,12.586252028160125,11.905959606328905,11.816338099161747,12.015396146260242,11.783310619788926,11.376840836918497,11.15710442482927,11.030700411203746,10.807334771412492,10.389635875733353,9.990864835316719,9.868312059704921
448,0.1623766404176028,300.0,0.0,0.0,0.0,0.0,0.0,0.04035432683559049,0.44399151124973346,1.2413406681481738,2.5652319240891557,7.647572136241696,16.688527894896872,26.377330255904397,31.290126140960943,31.822047803984244,31.011541828914723,30.243492853427355,30.003574177759127,30.5153532028298,31.650952334406554,29.98564362982287,26.78236197412701,23.884741485629736,22.01605525517341,20.913582498640068,19.82772858823349,18.11825163692043,16.35755664922969,14.986610678978456,14.005434336261214,13.290994069503306,12.802122301740473,12.420950429340547,12.090366302970015,11.808943482519346,11.578131619973261,11.378496274084224,11.187928013644985,10.989961653199154,10.770243820935296,10.503150959534825,10.11801337270469,9.546652181795828
449,0.10368094726258145,300.0,0.0,0.0,0.0,0.0,0.0,0.051867835817379374,0.5095019084169911,1.332670840346062,2.6195926275397494,7.245086359721299,15.159886328347381,23.874969395057498,28.963842361666323,29.853551039793775,28.872136292503185,28.186425578071606,28.237183174095467,28.287695355699128,28.771581013187415,27.750571688744618,24.975143374086382,22.341680105778135,20.404104769522835,18.94653646119397,17.784253662431233,16.489902830416646,15.231328561749152,14.286349534727174,13.62287758875049,13.001801510101881,12.420005351352565,11.946340691309137,11.484715003722446,11.08834268902461,10.825990471501044,10.669765327925187,10.575543200539178,10.510680666597464,10.445813739945374,10.351874541467268,10.199321930862027,9.960693562942943
450,0.13171137544052713,300.0,0.0,0.0,0.0,0.0,0.0,0.07192081504037337,0.6539483955660489,1.6346522373971792,3.1071272644222234,8.184480959344816,16.585252507417017,25.700803256396803,31.113765962041043,32.25289291907687,31.52555810903684,30.793250418511555,30.516356003798425,30.846610062511186,31.816741971525534,30.536063836831726,27.343671674360365,23.978520156206113,21.82556775659657,20.691546834435957,19.790598958338496,18.607689224507087,17.144846610911056,15.678884417224767,14.56005647504404,13.821725630618046,13.337719756606507,12.917974000879955,12.48678839528896,12.098895441812003,11.807346397536776,11.584434148335143,11.390548717095918,11.204243954016933,11.009143662862954,10.782144648245884,10.471942842703088,10.027515556343943
451,0.23664616876248784,300.0,0.0,0.0,0.0,0.0,0.0,0.04216572766906511,0.4677458307940334,1.3140701129682464,2.7241629187254635,8.100399565456938,17.421632301284337,27.263877657991177,32.70985736607404,33.670262617686234,32.99156048644564,32.368109051970286,32.04391071586371,32.07608840742272,33.218107023610465,31.741253090692005,28.34615587505713,25.419701584547287,23.330727202336938,21.944676639248424,20.717229225543047,19.165551123453383,17.64433633109764,16.46203918530524,15.495337706003161,14.496364466531686,13.570902889871135,12.93563221171691,12.437091700807919,12.022763966528558,11.690328138805594,11.438222566362349,11.262594467206059,11.147868710901303,11.07675918047528,11.032552363414812,10.997463164997535,10.953555110451303
452,0.15371516452975173,300.0,0.0,0.0,0.0,0.0,0.0,0.03002092047406671,0.34710973260621153,0.9991130143423416,2.1074296898162945,6.39343363693668,13.949697570740218,22.160545426611094,26.59314877115426,27.053451778687027,26.11328581751431,25.608502612704193,25.657793313976732,25.798803656568857,26.277951340436164,25.3293634718039,23.229387058691156,21.219951218370134,19.409633751294457,17.923368892017454,16.779950236854553,15.693251442200042,14.441059634654367,13.290981084989234,12.444827121660685,11.92182712053301,11.648104166268238,11.281387769640745,10.83207970959838,10.406287483510603,10.074423708122286,9.821785653728838,9.62079874795184,9.460116726179479,9.332758893585625,9.242459131017442,9.233487147012198,9.361700587769503
453,0.19101117569258355,300.0,0.0,0.0,0.0,0.0,0.0,0.05658400389480868,0.5535796356782658,1.444580560584659,2.8360000152317286,7.845981385504708,16.304778962462926,25.25904293789056,30.135130810973802,30.776459393517055,30.14727400804669,29.695915931969612,29.382871492835488,29.49691708153047,30.150803593417905,28.632098240652667,25.589891744290266,23.141055564331896,21.7819527040809,20.804293103066854,19.564364984384152,17.71424469727681,15.745737078714033,14.341705572807236,13.461197907424145,12.760027209414043,12.297605020696674,12.01394774697031,11.700312364511124,11.37603476599926,11.10642572058588,10.899634716111484,10.747644982159315,10.62981106914768,10.523301226692254,10.396382613282409,10.180350296520226,9.804536697760616
454,0.12695091838769726,300.0,0.0,0.0,0.0,0.0,0.0,0.05082325986430052,0.5144599042232794,1.3695809719248289,2.72630669897132,7.614038812293535,15.831522844826384,24.844714013467318,30.311407252933886,31.515360140142395,30.898618775811276,30.270061721207878,29.847501404353252,29.99514090354827,30.500808013344084,28.593043537935376,25.321280729081696,22.9419642474201,21.3900452137212,20.148843896232204,18.88108437576401,17.50397237321627,16.27447740267156,15.085127160292254,13.93844033965617,12.974518961735061,12.368361330354398,12.074480840496268,11.833388501291036,11.588465845822164,11.346708985906506,11.115580484539407,10.89957702257125,10.692900461956466,10.487664002919617,10.274188350530205,10.034567259300676,9.75055204112406
455,0.45704254430182334,30.0,0.0,0.0,0.0,0.0,0.0,0.10873257916868159,0.7537074770513406,1.605623139628844,2.7216927203594112,6.781871575530968,15.367370558632947,24.15625233973707,28.766379410161257,29.122671813357528,27.36316162631438,27.085183626700932,27.37829764719225,28.05356854550279,31.81525018362933,29.6668601683613,25.432625007035877,23.221865197779387,21.621064662474687,20.26861859443702,18.567856540154082,16.425940631679754,15.29088352729553,14.87862208006515,13.87256457403857,12.409200737518619,12.383079160226817,12.65395905285296,12.454354810356884,12.022158886812482,11.679023818110199,11.407541054889247,11.131913234352142,10.83703382628134,10.522434235194668,10.226338996719072,10.134212138731018,10.47188853441503
456,0.1719794388118337,300.0,0.0,0.0,0.0,0.0,0.0,0.04832151766317326,0.46942447191383985,1.2199047401100203,2.3871744284912677,6.570719363224164,13.66948438123517,21.32271192494207,25.858073577019397,27.00872216778541,26.488557102478868,25.661489185526893,25.52453427542703,26.33755356663332,28.048368464059866,26.62603376460346,23.43810133458854,20.69562025509072,18.793097488620454,17.599266422928505,16.714234904067776,15.62850475029126,14.399118324671246,13.199702917442137,12.202421980027035,11.478067723431897,11.064812860468237,10.78467118386367,10.530490609141538,10.310211523668984,10.141686630020747,10.003069449237893,9.867023258769857,9.718293800290464,9.545110435890363,9.32821582230926,9.01797131500106,8.566083554509717
457,0.10797012856180538,300.0,0.0,0.0,0.0,0.0,0.0,0.038256834854932954,0.40654445514076776,1.1135783916671667,2.263442299797212,6.512874742307655,13.827929427911776,21.746179308667028,26.11746244627256,26.742590959847817,26.021526122600655,25.398032411922582,25.201964158479534,25.847588586206996,27.288151332755415,25.834527222115394,22.99355818895633,20.622737119725084,18.904553998007458,17.657593869373056,16.661210732287497,15.655737361888518,14.584578992396121,13.464715889874457,12.493342662703515,11.884473023230585,11.587563357421057,11.256298930330521,10.780154852853453,10.271645723033311,9.843293278161786,9.520299555690379,9.301966480329806,9.162710117674235,9.073665222428799,9.00565636409867,8.921056740073919,8.781337227977343
458,0.08541683409152642,300.0,0.0,0.0,0.0,0.0,0.0,0.03852406266087395,0.4238054185271829,1.184648896736473,2.44324594075911,7.137385421975114,15.111346929813045,23.493639248135285,28.319792220125393,29.46823204567629,28.917618679874767,28.27737118662139,28.17463657052667,28.561757427153818,29.844805311906107,28.167611844578822,24.679352538059625,21.879742484479973,19.87257137095789,18.312922032503476,17.085520501399976,16.0585353643225,15.137769279666394,14.259565129008491,13.315234078264568,12.49406723327461,11.999744928135298,11.664943580372613,11.336543245294774,11.021693013031785,10.752716910691037,10.53519864089787,10.363888003779625,10.215174387403449,10.06220368841378,9.877076132950421,9.624046490886792,9.269806942504461
459,0.05328898767464225,300.0,0.0,0.0,0.0,0.0,0.0,0.04564268622877505,0.47681392557925817,1.293120077551372,2.6107374177221057,7.46984641798824,15.83548630375042,24.91672838443975,29.98082300768632,30.88700886574177,30.312717016715194,29.730474355986797,29.46973069382192,29.687492038658583,29.95090204192332,28.274057950210594,25.736300637188002,23.41373675886849,21.26830442991867,19.57004299073211,18.263147665354108,16.959994475300952,15.775255831547293,14.793750928441538,13.929492385872932,13.113773872256333,12.439571365089137,12.101551979182133,11.851989321386574,11.603812592557748,11.350493735036205,11.115037639010996,10.91726891178924,10.742811568526983,10.570144631611946,10.376788139122407,10.133129268667792,9.810820214544183
460,0.09176496477184146,100.0,0.0,0.0,0.0,0.0,0.0,0.06547640200555628,0.5679934960478139,1.3810056472780095,2.5757970296665773,6.826871628207234,14.51878884938946,22.782848374029058,27.57417045306939,28.161658609916753,27.14673703293627,26.6709998526428,26.58624077827256,26.8682774386676,28.462497671369647,26.759104619433593,24.13051283367626,22.16535882264436,20.08243010565138,19.15561683925176,18.511732323664557,16.661530166740313,15.075074097436655,14.100440557789428,13.100550428012774,12.294714953844183,12.172682731591003,12.006300170690304,11.59673572499651,11.126369291314008,10.757430993933971,10.48898000553178,10.286679658133446,10.119771968543185,9.959787241230929,9.782932081699572,9.57850355197509,9.33969152561031
461,0.17886760144355607,300.0,0.0,0.0,0.0,0.0,0.0,0.04988388814857881,0.49560153495223885,1.304984507434562,2.578305875583878,7.1836076534564075,14.949759496103434,23.01872780841755,27.76512713324565,29.228861529908563,28.7494637012119,27.820259341982943,27.49246341888607,27.877533257243748,28.857254394597007,27.266645459971357,24.056961958674645,21.480090871952648,19.814430778027933,18.561880058292534,17.457534051166842,16.252424188055272,14.851483706449818,13.532072112993148,12.582653713469304,11.900898835177124,11.404747116445856,11.070224338783376,10.792316488397187,10.561418278934486,10.388397569922443,10.248222125662792,10.111765125305512,9.963584470824786,9.79207438866596,9.58053348005129,9.290917834984121,8.885988010933453
462,0.09884533252080176,300.0,0.0,0.0,0.0,0.0,0.0,0.05576799580125886,0.5366408077847397,1.3867462317147365,2.7005618923536003,7.357252423228374,15.326693020460553,24.154583923215842,29.20826153561648,30.09846817862059,29.41764842313885,28.737833214954854,28.488456232760797,28.89765187267972,30.01643619309224,28.203169092817294,24.72984736739974,22.298126058211768,21.12429863287882,20.219119984946065,19.04267683909598,17.492563839814586,16.01520355950285,14.843797867457534,13.898205829944656,13.049899897519936,12.418681970686277,12.045723588517685,11.68495582829207,11.310634040164777,10.965002505210961,10.678785905960089,10.46982965657624,10.322614641837575,10.215283363367151,10.124827346119499,10.019126716261265,9.864938339431822
463,0.03663191244946832,300.0,0.0,0.0,0.0,0.0,0.0,0.041790128547968534,0.4447958336059743,1.219411991065735,2.4775668757346025,7.039346185803366,14.62912800019122,22.82842332208136,27.827534887921523,28.907252970554133,28.177125362759654,27.661786088262076,27.56324122617648,27.78768732534678,28.73005931071143,27.626841086085562,24.699628437059566,21.934023578177374,20.130926096068315,19.008569956591348,17.951801342190183,16.63040937635824,15.336918749249863,14.15257425943067,13.215486435179823,12.509150104931274,11.925236142756594,11.547036466165153,11.232514748464833,10.942992249811764,10.683891741620641,10.458487651456023,10.266793731895891,10.098702547798535,9.942272089479479,9.786557924681238,9.622483322866442,9.44185430235494
464,0.09262021415832347,100.0,0.0,0.0,0.0,0.0,0.0,0.04646977402814353,0.4758338868605926,1.2753307040368904,2.5543071222744036,7.316005169730323,15.686199970977212,24.802715273237684,29.704052546446253,30.09505244653939,29.198735343334878,28.920605016809947,28.64226464157815,28.365475636302204,29.249299308942504,27.38050368584294,24.412596601133398,22.197192272483164,20.438081381508503,19.356656028608516,18.493632524527815,17.263216278048624,15.762015696185232,14.422550794609803,13.350413764502745,12.682069737889263,12.495346793197633,12.137490433941965,11.656679801132567,11.21229849473985,10.890168528809104,10.663905212735825,10.489219324270518,10.33912809603856,10.191668620916358,10.02475827728131,9.812681905882094,9.531155698207586
465,0.17324343787369745,300.0,0.0,0.0,0.0,0.0,0.0,0.04418306940324972,0.45573686408102565,1.2267217771904904,2.4624675483010603,6.990002620375375,14.817555615039504,23.48768753903937,28.175847146721708,28.518703455368478,27.79706179378304,27.404810628950635,27.01603680475573,27.34945999144658,28.252851732419227,26.641455506495724,24.046009617414683,22.05496836374734,20.820451391681637,19.814074191763588,18.585364801630448,17.009761740777005,15.421495055187247,14.14319159336667,13.148797460100283,12.528351654605729,12.303941827766831,11.963034809040558,11.433684613687678,10.87695308313476,10.42310545968148,10.078072345797326,9.823306860038064,9.644553932239798,9.530169499281696,9.476566013470913,9.506815747874658,9.652587407817393
466,0.13409875336192237,300.0,0.0,0.0,0.0,0.0,0.0,0.04372249049645824,0.4479220510587403,1.2009264122685626,2.4044748299658454,6.804045727513787,14.312187131325977,22.533615564838993,27.3056785235211,28.328397667854468,28.137815936587543,27.817659796633045,27.08302148260575,26.904699942138727,27.762089828067207,26.57271709764447,23.690681274346883,21.159069343820196,19.276422228828103,18.177070469750383,17.40712034894379,16.208821343835105,14.891755543086253,13.770009493619435,12.800445373685205,12.103661893426445,11.754004515861416,11.430308543125404,11.046462694601784,10.663328452842189,10.336286824934358,10.062203630122296,9.82596446295263,9.61462366690631,9.416486686270856,9.22684460833451,9.065259249056432,8.95590986464711
467,0.12172967798741778,300.0,0.0,0.0,0.0,0.0,0.0,0.050572165270684755,0.5008051160929795,1.3161825373072347,2.596339602830724,7.2156111007731365,15.197819054156641,24.09166054707524,29.180414559335958,29.90816279288059,29.197590123449157,28.681710270945384,28.221799714142044,28.27049792745524,28.727341461381823,27.225800568546376,24.34121608408927,21.474092172092632,19.4779179620326,18.407035582654416,17.684924979785055,16.60554778087668,15.20398852191435,14.01911962023257,13.281051657059294,12.761409475840498,12.20067423137053,11.756456893969528,11.417043889950646,11.142867970812341,10.910789098214474,10.712331177326895,10.540719689345725,10.381554779280158,10.219250807847937,10.032209416992417,9.773589605022103,9.396138737258932
468,0.238811265564791,100.0,0.0,0.0,0.0,0.0,0.0,0.03345144101776845,0.3612534163614693,0.999038050256071,2.050313593854387,6.17890947246392,13.982733508382054,22.46852376223611,26.81615462268309,27.304988107702844,26.702019002479055,26.22827189551289,25.78993823154467,26.416699306954992,28.964156495819324,26.814700293271535,22.99579599310847,20.835608444489306,19.687640889207543,18.323617197868614,16.815836691715894,15.72983995954948,14.843536269754647,13.63356092423614,12.613462117089288,11.899312673219272,11.328370540359932,10.998172789953413,10.667525643538207,10.314194798770085,9.991259206680086,9.732317239731561,9.555377612678098,9.4415927802627,9.365091518427242,9.290108924083746,9.13761392914755,8.824282291253226
469,0.11921110499445313,300.0,0.0,0.0,0.0,0.0,0.0,0.046930062285325355,0.477092275665554,1.2733896500198998,2.542390767802817,7.216985027430141,15.344997663296454,24.195099791908973,29.196637059863214,30.310024987882038,30.083207234012082,29.634992319469816,28.983284262592665,29.00438056733314,29.457066471084193,27.906701701394873,24.846933203536626,21.85497117898427,19.99900093406099,18.879865216777254,17.839117708660705,16.580178215472067,15.41348827924543,14.352775206476586,13.374882738623608,12.559581949708184,12.06745067193805,11.790488185355203,11.452003890980182,11.077043622411347,10.752559101739916,10.501421135455667,10.325149109126723,10.200644192631172,10.100352031646631,9.995439191774743,9.84807264503577,9.620493436957753
470,0.0657608086718563,300.0,0.0,0.0,0.0,0.0,0.0,0.04335833577530814,0.45108595857758954,1.2203445537995417,2.459334169951122,7.04354934313269,15.089390040410587,24.088087979678917,29.21940280634056,29.84123522823088,28.687740976047955,27.95729503231931,28.179688677692685,28.59334734763282,29.797226633581538,28.73395896029356,25.72285681959876,22.933528753899143,20.840322381363464,19.419829527792857,18.246358029597516,16.815928123615603,15.459175157896732,14.410518848184774,13.525711916863205,12.73012010293994,12.144268286268792,11.808011147384349,11.567189793967788,11.358102057300123,11.156356739308778,10.95187562395348,10.739817925767493,10.521617601987975,10.300006771292358,10.080550212431762,9.880466393501797,9.718584827630265
471,0.07834994579023115,300.0,0.0,0.0,0.0,0.0,0.0,0.040712273539906495,0.43363707187409434,1.1894695756916673,2.4219400309448327,7.02792688714726,15.04836626714673,23.77311023044946,28.693704970883093,29.385421794835192,28.550417865890303,28.077614240065184,27.937704040878863,27.72729922151391,28.227100509657056,26.98958394906423,24.115158318152837,21.781239917120736,20.308212008266004,19.126908000956426,17.878474184324965,16.398242609535977,15.149873679221779,14.21520563290357,13.396259922531284,12.687522352553344,12.145482662704746,11.673235354865705,11.25711980692895,10.915230473704955,10.655088693739435,10.447924243501593,10.261784955111821,10.078639909246528,9.884480279399018,9.659668508069984,9.360734433179935,8.944944344941005
472,0.07653889749999096,300.0,0.0,0.0,0.0,0.0,0.0,0.04776972499966953,0.48002469463512076,1.2723795687433768,2.524166792308438,7.023857657336016,14.648326605924787,22.838197553582777,27.448655994850206,28.302145606389946,27.654398221340703,26.93428914640397,26.72554784208242,27.180385827351298,28.586889253733073,27.209549675253907,24.39886533608097,21.994510494236152,19.998712065729077,18.435822401893102,17.305932399535713,16.283767620519786,15.23350109014964,14.037460268603441,12.905046513389921,11.99304991772296,11.453481459445195,11.237382486235127,11.050915255687633,10.846341781906476,10.647349622995963,10.456245256921312,10.270387026624853,10.087844150183845,9.906875223312348,9.729528653636184,9.572395432772156,9.454637823229453
473,0.13684512520076075,300.0,0.0,0.0,0.0,0.0,0.0,0.05147910566580833,0.5148136253570288,1.3607126354450012,2.69143669147302,7.355883140561397,14.867283683928614,22.901632219793132,27.60419628051834,28.385912083959962,27.77791015833312,27.33532166563078,26.96887605032914,27.119545140148592,28.080423103445494,26.951426069393595,24.396381669168072,21.98179817414346,20.06292607118759,18.645549322631812,17.400364792508,16.039293114581376,14.893448154380364,14.00501434480568,13.22111910376457,12.568994817831939,12.129864979440512,11.788842944489755,11.459710260493864,11.160997999934906,10.91827862844082,10.709521946610494,10.505529291022862,10.287881622676151,10.041751567633,9.746116366019484,9.35316430207185,8.818717989417541
474,0.17104417627901436,300.0,0.0,0.0,0.0,0.0,0.0,0.04186885827951929,0.4470862630471016,1.2281980470566431,2.5044689833880254,7.319856172946737,15.812446264369738,24.747467666858018,29.048048435556936,29.407581503041662,28.85119580731672,28.459051862540047,28.143120176978805,28.13500032016507,28.990993647319893,27.478598389308562,24.142340373538573,21.40114149753425,19.750826852943376,18.445983042722787,17.180699856590188,16.037331976011746,15.002115191912136,14.0534699852681,13.097164603498024,12.35737667331689,11.940988297516801,11.629023909552242,11.297746996589723,10.983945127954392,10.737244830817637,10.555499489848378,10.422615636050336,10.31181266304777,10.194614509725026,10.033621992380597,9.754553095231113,9.285148240933337
475,0.22927129131216173,300.0,0.0,0.0,0.0,0.0,0.0,0.06610116558323788,0.6046855715239048,1.5166865264043385,2.8864088359304882,7.550971747563481,15.230783309525819,23.70413165104236,28.978611089597305,30.55190245190957,30.318607782911506,29.592660712002953,29.26423466440443,29.994506876199047,31.8949157073897,29.803778657606298,25.669960164816708,22.70163987756042,20.969751894117795,19.73452361799237,18.40093492405974,16.86545965447103,15.74596660874571,14.810773370650534,13.854117700840415,13.129191267812782,12.631034200478952,12.143242021421173,11.667363492761659,11.274882530390032,11.010910790653305,10.836750228434221,10.702757124218753,10.580688909066863,10.448111080605885,10.277683741829154,10.020817251159203,9.629937487664419
476,0.5362042836001701,1.0,0.0,0.0,0.0,0.0,0.0,0.23068733932379515,1.182354479403113,2.077674100642772,2.902296934398425,6.401472180048536,15.76236221981261,20.908021855599657,29.684310739161127,27.69715972572772,28.61469596220072,27.405017284003417,26.712645260041665,26.38197693748865,29.418603017006344,25.215187052873404,22.729117873945352,21.909182680019637,19.861199151948572,17.428354897357256,18.1561156531352,16.21525693426006,14.950464347184878,13.819612041047305,13.997022146006552,11.966592558070152,11.673499655219183,11.481460692309648,11.227509296274237,10.969636486582088,10.636636521577065,10.283237162263177,9.964448504639414,9.64360036251455,9.268174316072201,8.891948636273804,8.945958894351612,10.023899666145086
477,0.214587265078073,30.0,0.0,0.0,0.0,0.0,0.0,0.09566002244390615,0.699744481967719,1.53820041100261,2.663484164365489,6.717458255010893,14.90538259768963,22.605348179279005,27.103386599236604,28.362699719407235,27.537036419033846,27.01417653982717,26.877607821846244,26.746891692059695,30.83016969625154,27.21755400879283,23.56175148605895,22.447698032864952,19.668421172713433,18.078223852709925,17.50940031026413,16.52901899224452,14.721636629858873,13.612655454844804,13.310508649441836,12.337190636000376,11.92425851183126,11.569388756989229,11.12308368919882,10.671103028964117,10.285107503437995,10.028094167934025,9.93216802004416,9.92433911723544,9.908458387623433,9.791072752321272,9.49051003785943,8.944540043108196
478,0.10433681091059734,300.0,0.0,0.0,0.0,0.0,0.0,0.048249563592335315,0.4849521620779194,1.2855847537329013,2.5509304524488865,7.1082859899383015,14.793878415522242,23.145564997440015,28.034234314382445,28.97902998164458,28.22539955798736,27.567155965757035,27.434188730086806,27.828020723393163,29.3821999659803,28.214493474312775,25.23033827664472,22.659351157410505,20.596643314014567,18.97355629101353,17.6771089890154,16.542461232175103,15.751783264407235,14.93822315421135,13.845382122558215,12.861088055625116,12.250456075322418,11.819720491520766,11.372153872199505,10.946491515332122,10.609539252061895,10.357459100812305,10.169982779478223,10.019586994011012,9.8783744914417,9.717303888909353,9.49864706023891,9.186299004932554
479,0.19421437113319961,100.0,0.0,0.0,0.0,0.0,0.0,0.05084806998836253,0.4952383390003022,1.288912470879309,2.5289839651498642,7.138903306410893,15.238933797753123,23.618718769191155,28.70442220008338,29.912785729775578,28.855803171503844,28.092790423205535,28.22732965397309,28.219029715014663,29.391712983880492,27.630118278417317,24.433530485354517,21.544495033356647,19.022362006816977,17.655579002378964,17.24239888438995,16.48137186703053,15.16066917230743,13.88717945892211,13.083096651533932,12.344660268865805,11.812193354813234,11.516568846722205,11.354060672751377,11.218830796586627,11.034400019370583,10.81509141472743,10.590679612677551,10.369547555224653,10.154644641636878,9.943779004447288,9.716054128683028,9.44794451692041
480,0.13652404744856658,300.0,0.0,0.0,0.0,0.0,0.0,0.03856285619976549,0.414913786755371,1.144891402741374,2.342312912445985,6.887940832650913,15.080379122403565,24.367654866851304,29.54885939765635,29.92831310409899,28.784496313868505,28.18370847292543,27.982656379470598,28.28665528721054,29.27930060714635,27.930313214782295,25.368214641913013,23.187600226425335,21.385350394803037,20.0011227030693,18.84151242907763,17.451526364109156,16.034674399486924,14.76931480057141,13.720552603956508,12.96638134981074,12.490685347162252,12.138060991963364,11.778384500131647,11.42635365189801,11.119414661182182,10.864407498013135,10.658772824520964,10.4909098419971,10.347814169388357,10.214108057818457,10.062732718915095,9.865192028275668
481,0.06260267908974526,300.0,0.0,0.0,0.0,0.0,0.0,0.0431205574450577,0.45828903047190456,1.2554951283124214,2.554061971846847,7.389599156659674,15.673375045003931,24.49396111615194,29.502505678941855,30.245315474688258,29.347890275315557,28.87489169864584,28.732820486055815,28.664767275760518,28.861785269605758,27.418776967171084,24.75347222692878,22.244623687455555,20.3534043290563,18.91611066951772,17.7874760566414,16.713812622829114,15.588214647252448,14.520308123235178,13.632538270718742,12.851392166698636,12.237850663434786,11.849084258882282,11.519744618663518,11.20961381608494,10.924409657398485,10.669914999763481,10.450373027937212,10.26533808622279,10.113410014583454,9.997406021799993,9.936139465705718,9.952568503729026
482,0.256591427893545,300.0,0.0,0.0,0.0,0.0,0.0,0.04085251024104088,0.4401068462047859,1.2152619412785037,2.4855201280333037,7.219089660582951,15.341530248254136,24.08137917309164,29.19988135562971,30.53359283386147,30.222099259776,29.511503612717842,28.984798886162974,29.572345236540773,31.564918187323908,30.335454358847254,26.53528831004121,22.837682933830486,20.475135046588612,19.4191109829598,18.928310389101537,17.978244801094956,16.57743444815832,15.177181963318954,13.979441832102284,13.032101623963328,12.484945670668395,12.180143863892333,11.942173306728424,11.740187664518736,11.57193440162229,11.416712942516105,11.25099664288027,11.055418815732253,10.812777101023979,10.493104685446161,10.014921122112556,9.305168498154398
483,0.20031880185073822,300.0,0.0,0.0,0.0,0.0,0.0,0.03613826088595581,0.3860670394969516,1.060873158185986,2.163855196529406,6.319317708230093,13.612922210640416,21.539063937074353,26.243450909761325,27.089351136626767,26.097860474720015,25.397987420197435,25.51441101718046,25.776192202744287,26.71767699506774,25.942925049141905,23.595171676464215,21.29066156612133,19.55822996364759,18.415432606155115,17.357981476438525,15.851723512873685,14.445127260764131,13.446371062314011,12.657978060950718,11.994415993845404,11.53527878410755,11.044726192598675,10.548132758071896,10.140910830662609,9.878506661316656,9.71609192058309,9.599048321521893,9.508937962905136,9.436287808059681,9.381325184924593,9.381740524395964,9.485336215772739
484,0.09117624313433613,300.0,0.0,0.0,0.0,0.0,0.0,0.03418095540622712,0.3812479016404092,1.0744855073978032,2.232331492255792,6.66151515797807,14.482009150891257,23.032245918840143,27.84145567254659,28.409480073908224,27.4860810326708,27.063563634988782,26.978850202282487,27.10757762495726,28.062863126869882,27.166937712208977,24.768343599626554,22.392638097776572,20.497515814630297,19.207770349727422,18.046878528729096,16.541433474903762,15.151371054045805,14.112753635534755,13.332319118423568,12.730190727992143,12.216535698472613,11.732296231266865,11.286884002551577,10.924089721394507,10.67008910872774,10.47849927622827,10.297621315805126,10.110089197478208,9.907231615979995,9.686213464723863,9.464588269169303,9.263265635799211
485,0.048343590804921725,300.0,0.0,0.0,0.0,0.0,0.0,0.0388751137826161,0.41514357230018817,1.1404737078664315,2.324381154624975,6.741195533362785,14.435427505709379,22.856326150578024,27.52710483780692,28.16890288101916,27.515532718349295,26.90826822279905,26.57583717159807,27.13343715355925,28.58725113945636,27.179432247411242,24.17045100627639,21.701036129167324,19.89885812943343,18.416679678352406,17.17510675593589,15.974866243712658,14.870127982859588,13.99217795603724,13.239926182633626,12.543348677917198,12.097357337836604,11.769875876449548,11.370943017583087,10.94118246069608,10.558760373611397,10.254229260616581,10.037767040534963,9.887258661263607,9.774992472546742,9.670939081965466,9.530286334869173,9.307127205479073
486,0.27398930626187024,100.0,0.0,0.0,0.0,0.0,0.0,0.054790890877460766,0.5161681287407749,1.317345684048457,2.546819523086468,7.049423312100049,15.111935279708716,23.828094038460673,28.921340886004735,29.214129012954853,27.46649428093977,26.873323501456195,27.19602401053359,27.03432233829491,28.567923754063337,27.77422582446754,24.959042489315852,21.970553627448385,19.729214402583857,18.03624880284629,16.568917622387314,15.300194853645312,14.260681466862241,13.517250546197337,12.91009329413747,12.256513357102925,11.96385365986621,11.797177687237198,11.49761036680144,11.112222871577208,10.73712023209019,10.415630744226698,10.169765850738518,9.995466479234013,9.883902639040329,9.822099686955221,9.776030866201573,9.707037362540248
487,0.21797569913859943,300.0,0.0,0.0,0.0,0.0,0.0,0.05197491709865691,0.49618062558690634,1.2761636309512752,2.4757876735066024,6.691132143348413,13.780507391793012,21.428558362368335,25.876603462416327,26.98460876035148,26.625728268495855,26.049143094767643,25.690238700769235,26.28424988496361,27.923339154362335,26.29785142293063,22.66516284212133,19.828979319510474,18.32178510748251,17.250562339875614,16.21969412233282,15.23915749124837,14.311073933045948,13.459583226601925,12.712253370572768,12.138216402593839,11.705433094052076,11.18734873750975,10.66465730215906,10.224949622229314,9.907897115812927,9.678179471795186,9.49267026605189,9.330694922696704,9.177619196922038,9.014891046755956,8.806407695720472,8.51537571625961
488,0.1755067976860469,300.0,0.0,0.0,0.0,0.0,0.0,0.046882398243627076,0.4953552144121608,1.3524287409101285,2.7466535560878214,8.00793168656087,17.213551120616145,26.795607963672385,31.654938677292773,32.10953251787339,31.35743753734361,30.898473885534486,30.49234882810897,30.65455371663842,31.361355073501024,29.66725406093205,26.586200582569212,24.05094431978351,22.071183243274813,20.458869823199617,19.12530750461743,17.61960427263904,16.01912930518731,14.882853923444298,14.303390993429721,13.925755626730469,13.508444012993511,13.019748294797017,12.5399480016541,12.113933175812587,11.764239548942228,11.490973185883348,11.284100858685918,11.111929310416983,10.939296773328115,10.723313636044294,10.386548600599852,9.855470215463404
489,0.12999583292663883,300.0,0.0,0.0,0.0,0.0,0.0,0.04342262122295713,0.4476437802874536,1.2045292976401971,2.416402477492934,6.806387608954247,14.165230432090151,22.209961485432146,26.982562384298788,27.863835929795524,27.153620684514536,26.55235535625647,26.42785052526548,27.04871296899822,28.193776794679167,26.589278131170804,23.81812597693589,21.710444084027216,20.313818692152026,19.27736520453876,18.18820734011478,16.770644365238788,15.352171100833804,14.106479506464693,13.1859776321326,12.475679433323444,11.862199482628599,11.341073692237764,10.913500473153402,10.576818027798508,10.322943710666715,10.120112314624253,9.938121807307674,9.76767231977857,9.604609074051039,9.445400684138754,9.288382517640336,9.132358614821495
490,0.09544494079510615,300.0,0.0,0.0,0.0,0.0,0.0,0.0453940721466161,0.4605856979048531,1.2278832589927848,2.448846219968821,6.944657517848622,14.835016323012635,23.52346223268703,28.24572389199365,28.72295784244056,27.948319183997512,27.56836175679385,27.395512812173966,27.44577846701637,27.98015878508169,26.7648285082809,24.446623695289734,22.413282841533107,20.791639017321195,19.20952857517546,17.677710349535282,16.292287099767552,15.100653173526794,14.129660691482925,13.34219484238824,12.669467481050512,12.126212218058848,11.638497580008137,11.194661359037852,10.82568309798996,10.55074602793678,10.335488854506332,10.14086646906354,9.949005909600219,9.747723011552841,9.528485700099075,9.294208639448014,9.05024811132927
491,0.14450348078084033,300.0,0.0,0.0,0.0,0.0,0.0,0.04286608464795731,0.44603803609752235,1.2068769557743848,2.434850542547929,7.055001089613797,15.309775380099957,24.280468870742187,28.96032350206025,29.51813285190017,28.966425766673147,28.692385407919627,28.436858169396935,28.542681619904574,29.145551925291688,27.787949732036108,24.8275518882637,21.82189618602855,19.5459392007447,18.217266638972642,17.293492164802416,16.23663446714188,15.267690226352396,14.374587078100618,13.498922092760495,12.852022194154026,12.45376554811094,12.028499128741162,11.586518465742234,11.191363224178966,10.876915706201466,10.617465490832823,10.381525997119162,10.160388636595023,9.950874908570722,9.752390545218706,9.573811413582986,9.425681552954218
492,0.20505841992752089,300.0,0.0,0.0,0.0,0.0,0.0,0.044031581134493125,0.4417392846972791,1.1698509962324586,2.321070849545429,6.492444490821761,13.542399864523317,21.113121250083154,25.57680891699983,26.65770672638671,26.387362102767653,25.90709615426547,25.46289247912844,25.869820214329263,27.851414375672807,27.467967765059342,24.960017300908035,22.324477546550177,20.322231523542264,18.811111267527114,17.411177860101695,15.893078475132619,14.635436377171004,13.697243123700028,12.944425023791617,12.258799289227435,11.70671665164581,11.31980434025755,10.968287949081347,10.641874369504546,10.364200717413363,10.142574578106688,9.976874770528525,9.852829649708895,9.753654863701371,9.66404431258929,9.571810845393685,9.46581258593732
493,0.18932334348012034,300.0,0.0,0.0,0.0,0.0,0.0,0.0543575863661401,0.5302417703177233,1.3812169102066845,2.7059175839642284,7.409735635388737,15.219863124078529,23.542800813955136,28.535066949040726,29.905733848641752,29.742539719162842,29.31445332345702,28.8538407932047,29.119765868427486,29.681864382303008,27.77899761414706,24.61396560772852,21.93373096832334,20.020415999249376,18.76871919693864,17.642408996074767,16.122243102962667,14.634737725374531,13.545930947117153,12.85821675078469,12.358440089876977,12.01378186851009,11.773566847043387,11.48953209548462,11.171277772485205,10.86515348864371,10.589799251776075,10.352584097151912,10.14560365249186,9.958019886382115,9.775285411242278,9.566314459859061,9.298535135236564
494,0.07624160465618011,300.0,0.0,0.0,0.0,0.0,0.0,0.042948378287100776,0.4466424073573294,1.2080467211089376,2.4339471183834966,6.947945517090971,14.71224045048351,23.107327257242726,27.910478985385414,28.918873023495436,28.381446013834175,27.768949784046765,27.728485176292985,28.226275222559643,29.042569581817762,27.537850447172037,24.975973194953436,22.66312277883845,20.749244544366647,19.3076860706197,18.213982022689425,17.013701523508736,15.45603431566944,14.034438493771669,13.17471698421475,12.629498495368447,12.188970353341345,11.79089241700632,11.379543641894246,11.000601035617061,10.705716091168735,10.48628130986386,10.321043557026035,10.187898596319126,10.065424593700618,9.931203559362986,9.756065000671757,9.511313331207136
495,0.1044682101404426,300.0,0.0,0.0,0.0,0.0,0.0,0.053617332568785064,0.5108126472479061,1.3123279296501251,2.5458793733097123,6.929539908270034,14.490120701413899,22.961497325365414,27.80548224798062,28.40473375357111,27.465442546647456,26.83103228552798,26.71595096574045,27.077402470489066,28.374204899310783,27.25974896522586,24.35763215588433,21.69185255901889,19.69690627683919,18.399953772889795,17.323161884941577,15.986333561423502,15.014809856114441,14.365318292272537,13.638980850776575,12.799524842521036,12.09622176466609,11.702220878794963,11.409371773089411,11.149425527971902,10.913590956786695,10.692280968962823,10.476408396761485,10.258348790361504,10.031222836122017,9.78204888015714,9.473370702736625,9.067300558900133
496,0.3415195424451036,300.0,0.0,0.0,0.0,0.0,0.0,0.055147747171924916,0.5581940815650029,1.485959125568609,2.9580800076886344,8.259338612677993,17.11091628417971,26.576819347732503,31.806838654498474,32.50091961474067,31.700461956518968,31.113444787240322,30.896086654902284,31.150211592965935,32.54743802766126,31.56082684103483,28.717607104511593,25.872169336950538,23.51175271450587,21.958374034103013,20.914567299034033,19.60182819653937,18.17811696703155,16.897458025375172,15.784049303801059,14.825419350456594,14.027748267213735,13.328099959666371,12.712916037756576,12.20546125574563,11.819246168702792,11.521952760698069,11.28058065735846,11.088780560565267,10.946751092650139,10.868515764457616,10.922304538218718,11.195053700641388
497,0.1033837292154635,300.0,0.0,0.0,0.0,0.0,0.0,0.04941555800340483,0.5038847606308738,1.3471689533532587,2.6898194239010658,7.5409013084711685,15.68624185207253,24.449007896257612,29.508678237926027,30.3897906109093,29.81743198494579,29.391602584643735,28.982378193309962,29.010130161071753,30.04102571937576,29.314599142518592,26.810550404037325,23.92739834325925,21.72150841668014,20.418519900699778,19.121967382196857,17.307193142666026,15.800648977930827,14.907970126822526,14.201088356248784,13.563391135228013,13.133373925035892,12.696938258373981,12.23104933375352,11.816143786502328,11.511184749181007,11.293196088104983,11.124062532387205,10.97086588211796,10.803100290850418,10.58186469144896,10.232442832774133,9.68445171514928
498,0.0884038644216097,300.0,0.0,0.0,0.0,0.0,0.0,0.0577212045002144,0.5557492820484472,1.4366102309519528,2.7995294896082705,7.656440403984294,15.883780919713674,24.762664521327984,29.788846036814462,30.6567332388178,29.99543950259286,29.37246081863942,28.943058142684382,29.004411222880112,30.109455837885477,28.96978014974917,26.073558545029517,23.6553283212618,21.571497851662926,20.047776764011317,19.046179182410356,17.837425893284625,16.459327895957298,15.267385344806714,14.181791231024613,13.359117318388112,12.973918446880333,12.629646514628845,12.19830785109332,11.76752146325086,11.420362179823467,11.14975972995818,10.93086303118917,10.743559256099186,10.56981149511646,10.397834339613285,10.236731265818706,10.099977225637812
499,0.13641329385764916,300.0,0.0,0.0,0.0,0.0,0.0,0.040681841207748,0.4248414460830952,1.1518928075891774,2.324858010217001,6.634960378569416,13.90400761829908,21.58609822432442,26.05109824850291,27.206045478706162,26.899968498514134,26.301406435726424,25.780914537203728,25.956830777653877,27.247841222965253,26.291013615068636,23.685408681373055,21.432123591009173,19.771234810143,18.330898105870588,17.08439002908125,15.93250240145193,14.845658567460045,13.856896248990228,12.8502752828614,11.939664307795164,11.432008921900282,11.052012816486775,10.720654858324941,10.455517992755851,10.267603299618884,10.139085299950274,10.044484731766307,9.95071026343378,9.823687486928044,9.615472344577022,9.22308570739107,8.554830910084172
500,0.1376166025368688,300.0,0.0,0.0,0.0,0.0,0.0,0.0536646560767742,0.5248507740584701,1.3692898682722259,2.6857354213140248,7.368519493034112,15.216482969910055,23.86188396306405,29.001400019521125,29.709231277844513,28.435346784480718,27.613898334526322,27.858632654745946,28.460941264807794,29.102251321290584,27.11718502651368,23.75577314224712,21.17687511783971,19.63069355529015,18.502553323697242,17.36398973962193,15.982123859644512,14.563361203384849,13.59604892561655,13.10914333144237,12.651315494795586,12.126318649511493,11.671823889865621,11.26025062565741,10.904909324621602,10.630081690791854,10.423006179469924,10.262043936679557,10.119390754356921,9.966888238528263,9.771632176533876,9.478866060876207,9.036918743319648
501,0.19718578104090034,300.0,0.0,0.0,0.0,0.0,0.0,0.059140274014491644,0.5717569125719245,1.4815219163608506,2.889857909175462,7.826940309253457,15.87479646634776,24.264094635258367,29.224683651743618,30.43695312683987,29.83678949648001,29.195037075522617,29.08115817151869,29.267174314093353,29.50133796472511,27.96485924089677,25.61976772100337,23.041871503847617,20.528075665528792,18.639252578250847,17.35141570226966,16.255117808941996,15.354961468065445,14.627300630780228,14.055372720429284,13.485559394855056,12.775339767924336,12.126721064437424,11.594144547192775,11.192677937999825,10.926578134931441,10.742664711870205,10.585039510208286,10.426865762280883,10.249066095607144,10.024632748326566,9.693644125211494,9.198520237838489
502,0.1598790348050596,300.0,0.0,0.0,0.0,0.0,0.0,0.057935070599207106,0.5476373928055137,1.4004847663913502,2.7095020152387437,7.416753434639549,15.708286302554383,24.92973581618069,30.005201473886903,30.667511589416964,29.86527624432393,29.284133514474448,29.12803224880126,29.547262330959324,30.592958331989706,29.44291783058779,26.709728155888776,24.005151151120653,21.708898067358884,19.909990519668746,18.401280608682107,17.000812574325458,15.713548974654637,14.644189479972038,13.965278493492995,13.445955299524313,12.921454976266391,12.495711319631997,12.158071267718062,11.904390830588444,11.7347370372536,11.614188071080386,11.503037634368335,11.37125358023593,11.19214386815255,10.929266952289694,10.505673173417168,9.85194153896466
503,0.12807369429962454,300.0,0.0,0.0,0.0,0.0,0.0,0.055973201267615985,0.5485138141827068,1.4327412850434926,2.814314210246579,7.785493361848689,16.240124624626215,25.498666967258345,30.980870705052475,32.1184001188351,31.41633271402015,30.72395650682308,30.491923806591345,30.34703156137842,30.523054387822175,29.1441671262213,26.26175993323428,23.523418125081214,21.63127379028827,20.117014681399233,18.659430873137595,17.353002908457547,16.27124151806117,15.12904031209593,13.952677911301672,13.192093178362509,12.980284397300466,12.838723542971781,12.511013554663593,12.076356630890196,11.651567375972652,11.28072863833884,10.97980116225532,10.730128104620523,10.50693342953491,10.287136211247624,10.047922226615405,9.768264958997637
504,0.13910767704737256,300.0,0.0,0.0,0.0,0.0,0.0,0.04159675095235609,0.44884102397811804,1.2406172996505038,2.5410493936015572,7.41864996228698,15.67572035889009,24.311015571088486,29.137786631164687,30.016365092470775,29.416755817142576,28.825481388490513,28.630526739177277,28.91745063036439,29.55848909689585,27.972258448859805,25.072548511636164,22.39177849067732,20.179871765184053,18.672875098494877,17.711794795223494,16.93185680859125,16.020067334590674,14.820616693029454,13.609155463555206,12.794494853319346,12.383142645358753,12.145022653548791,11.907496220110797,11.655209471346906,11.404930349866728,11.165258743667437,10.940891631622636,10.730499658686364,10.531389820643703,10.347737467307216,10.210041573592415,10.154106703710074
505,0.12511375363702862,300.0,0.0,0.0,0.0,0.0,0.0,0.06302421109809413,0.5924974264869259,1.5102127389475017,2.910676803162211,7.79273231861305,15.881417313854854,24.618656336698578,29.92141060638916,31.199388411072505,30.613819796397202,30.03900972202364,29.868035393630723,30.144986904436742,30.849678001810624,29.09544120972218,26.272534817896037,23.9602124084365,22.04989795791634,20.74801317359266,19.51477226970041,17.657482170925253,16.11416743205195,15.104336540765463,14.28937514622328,13.717630662776118,13.424974795567941,13.088246821826617,12.633827830621989,12.15242191815315,11.729207592470111,11.386263427604133,11.124321782576274,10.919007243298314,10.74201006248349,10.563812046759242,10.344228549668117,10.04368229223698
506,0.15548182097368732,300.0,0.0,0.0,0.0,0.0,0.0,0.051895619711887934,0.5190984183920457,1.3722013586081905,2.715935344219914,7.5054539362692605,15.456759163456324,23.924312379687958,28.83345074794257,29.945061363844367,29.558037987202276,28.97298120025899,28.576610057184077,28.644440691841087,28.855250494500332,27.200764167447247,24.901433633315527,23.028624557828234,21.460021815716505,20.100978946829002,18.71453651094569,17.05160871677064,15.444137449285392,14.142458815668821,13.245459909347511,12.641961433665351,12.209796034265763,11.791793050079756,11.332235901263125,10.903313253697725,10.574496802701145,10.341210340674484,10.18299812108955,10.075970414107315,9.996528126212644,9.916947816071495,9.790073099432608,9.566603439545801
507,0.10423950856472965,300.0,0.0,0.0,0.0,0.0,0.0,0.053805854693508674,0.5387484220115234,1.425031205694934,2.822321703173025,7.8002521871627755,15.974978063607077,24.69111713010196,29.930739828804395,31.037839339564183,30.478532701624186,29.897982352463806,29.462630994843128,29.7018034229217,30.42483130376078,28.779434292788746,25.977620482813826,23.516406330398095,21.40323697638564,19.669014455352062,18.394042786892708,17.222688463875244,15.97352693044624,14.877767700636312,14.042312456104915,13.476933408402122,13.160175732585738,12.891856087330455,12.5264054744608,12.107985631065192,11.707465016128781,11.353781547119292,11.057792991437571,10.80394747578374,10.57202772993121,10.342233229191203,10.09140286057876,9.797485066979046
508,0.11537598801007712,300.0,0.0,0.0,0.0,0.0,0.0,0.03923093491982101,0.4315319067010971,1.2061643474644126,2.487685689984926,7.287025002738749,15.630551849664013,24.881494005374307,30.14193657553095,30.6354445900339,29.61411961093802,29.058291413091926,28.908030688497753,29.063716127041307,29.876594838233913,28.778792845428395,26.128396328308053,23.741702355673517,21.893628923676697,20.317029434223898,18.925701410955607,17.519299531658422,16.16853342144711,14.82006118651654,13.755656615817752,13.160091277750995,12.835099944875415,12.578673627056684,12.294567557397507,11.992104690889429,11.69765048554344,11.425234865173612,11.182379689822078,10.965328684669382,10.76797520909649,10.585037720628263,10.413269734785619,10.250001523755188
509,0.1780022416615369,300.0,0.0,0.0,0.0,0.0,0.0,0.05109638986045873,0.5121284893271334,1.3554597049045545,2.687482483671613,7.515009600030344,15.804957091911518,24.82372809184855,29.881460041017217,30.622925401133575,29.75581469722099,29.07481453999961,28.797953418528493,28.743543377741215,29.299369154960488,27.97465836933406,25.209654762207766,22.70503908247855,20.87724218601462,19.44332633695536,18.140129091056956,16.574915496603033,15.053418336994898,13.993254079232644,13.280529801784839,12.643047727451554,12.335096571909716,12.225680336329,12.025068465452245,11.743151275437718,11.455737124186774,11.188722092410874,10.950724424983362,10.733018140457403,10.523436083875579,10.307370298516581,10.0585228335508,9.750275178326417
510,0.6916316377044186,1.0,0.0,0.0,0.0,0.0,0.0,0.0379614831903343,0.51316793776989,1.5770922088074746,3.0347351147979515,6.231351050660425,16.40458431327665,21.740391727721743,30.26884113155832,29.9932507132386,27.115658945438124,26.741641796272937,27.592911493323598,27.22616990739021,32.00529913511512,26.786490058338966,25.449147143806616,22.815116117478535,21.526710017748066,17.428838564487563,18.44947534654629,16.421659395006287,16.883938898847255,14.637817119161232,13.524776021324227,13.432073040522956,12.547888185571075,11.167480844513605,11.232764278379458,11.719771190960651,11.246311040130063,10.437505275969135,10.076694376964303,10.045090524115155,10.059250135770935,9.909828046631574,9.655724628097024,9.416804752256429
511,0.2581553427558997,30.0,0.0,0.0,0.0,0.0,0.0,0.045638739423190695,0.45834392280700575,1.2143425804396653,2.419291133554706,7.25926706359723,16.225156151652666,23.005923419849715,26.907612377930278,29.67657033442406,30.032365662998128,28.895101294039904,28.77578846394474,28.759473037822975,31.49486032775462,28.914714984680522,25.64957512210292,24.188820899753996,21.921580089485058,20.13094587088813,19.126047957683497,17.39210471433239,15.898889756726026,14.3674792482688,13.432236305445157,12.942473661778129,12.803797329673268,12.76583833850116,12.361138004342115,11.871209990528767,11.63014978321421,11.516005847881031,11.347171424085614,11.090059207455434,10.748946529585048,10.372510066112948,10.169493167693789,10.380055736614404
512,0.1873235976341982,300.0,0.0,0.0,0.0,0.0,0.0,0.04298247171596053,0.44823669199449817,1.2143928228105514,2.4507454033819895,7.020743553902538,14.823167307513234,23.048065244824674,27.53332326069792,28.551554594198297,28.308515572103357,27.935963417198572,27.574817538335964,27.53383734143271,27.62173214995966,26.382311829364745,24.26307308634307,22.07896323550136,20.129667518679216,18.583623687589338,17.321664298940103,15.99801442633256,14.808735623824498,13.788697715388219,12.716962764163972,11.81249031150953,11.441656279564707,11.223921284785272,10.885739505731008,10.488436266582884,10.135009270799243,9.860936038567166,9.678500819602517,9.57424900057619,9.53047210950451,9.53650016006298,9.60448666211332,9.753532483502486
513,0.20078929291989311,300.0,0.0,0.0,0.0,0.0,0.0,0.05924372083738605,0.562913584974352,1.4439031647865057,2.7979585547514625,7.598984895738522,15.739812751187689,24.590478654379428,29.933153514681454,31.34652496601228,31.069992690094338,30.546973229768803,29.873900591167498,29.922567097338597,30.4215976154221,28.868728648894535,26.160357369026347,23.790823778523567,21.954306941146687,20.6955971777492,19.461750796010627,17.702614511962032,15.974436239179829,14.78786626900087,14.017837920917163,13.407272349997006,12.92430567646431,12.5445063251515,12.217881504897628,11.945232240306732,11.734335312894567,11.568427912017379,11.424892771211415,11.277934049027925,11.101918977962331,10.855424014756156,10.434405025897302,9.742073636531403
514,0.135005551031295,300.0,0.0,0.0,0.0,0.0,0.0,0.047244534502170706,0.48726642026883904,1.3114249710989854,2.6302600523265585,7.408529977721544,15.495123855249522,24.10197891276668,29.01093105393137,30.23474574163064,29.83538638870359,29.118819350078077,28.826926732773142,29.384765607820338,30.690728414864726,29.01493925316207,25.45213035625749,22.633892119955018,21.277567832887378,20.46082924238086,19.439068659258464,18.17944035424925,16.712706837568845,15.103518028739053,13.749059230488873,12.935298764405722,12.676974843173628,12.532087800002786,12.232830802863688,11.844417709812056,11.4752067425877,11.160758391271973,10.910644820956696,10.704693224878875,10.517369821150782,10.318841834031511,10.057695503759442,9.68285336492691
515,0.09670752016447437,300.0,0.0,0.0,0.0,0.0,0.0,0.05175308135412827,0.5168487268099634,1.3650998452123357,2.7033255381595565,7.56115482007914,15.845652775875667,24.74542640500937,29.906724720386297,30.98723217129112,30.466599030643764,29.795336842312945,29.386569842909914,29.72399508232211,30.90715013321736,29.19096819564147,25.70474481515283,23.17211249506968,21.691268228150747,20.308316883969123,18.812722828779528,17.35412153659269,16.19643945623125,15.20901015814733,14.197274201194508,13.233648664842166,12.641657710619153,12.37628619406912,12.168816389941407,11.968086658886367,11.781512714450766,11.592277846965933,11.38164861051117,11.143805994963376,10.876409432198487,10.573027755971985,10.210600813537992,9.766189999078707
516,0.2387064354578429,30.0,0.0,0.0,0.0,0.0,0.0,0.06261665238351381,0.5262628007257931,1.2551189209399376,2.3076460963924483,6.269684945572063,14.198215636146346,21.56301037681922,25.874969990627775,26.991430079573078,25.690713052225597,25.28812741430671,25.562725786220852,25.339460693314532,27.22702570773352,26.225304464404832,22.947177760232954,20.8661039883013,19.210689631103072,17.67756529874903,16.710222647149095,15.41921188945587,14.186974749556157,13.657282647875338,12.950871120609472,11.61921046684788,11.038208906142017,11.076653207431717,10.83857363466044,10.338965128592582,9.821661122143455,9.40134586486707,9.131281501820407,8.97862739702938,8.896343461264184,8.868981858151388,8.993888063256609,9.408815827988523
517,0.08696083583772453,300.0,0.0,0.0,0.0,0.0,0.0,0.04822260294603071,0.48104379217228427,1.269736407999296,2.5136860478792373,7.024096301106356,14.69539947452384,22.9097573087147,27.358439514951307,27.966520322399944,27.4433796132905,26.960963295266332,26.568137079448753,26.912852714490423,28.534388694793613,27.682601070672394,24.62688847813851,21.77905279172254,19.79494488546906,18.349964042493973,17.219955029660355,16.21653523348005,15.292978955686928,14.218863909322183,12.948093589744614,12.07910677386484,11.836668091769099,11.658201915424018,11.359017290384433,11.004854152791639,10.67035114100186,10.377051693727466,10.129265723310272,9.915380966093709,9.721014681657655,9.52737196295521,9.295562135339335,8.985602750950914
518,0.22772365813437426,300.0,0.0,0.0,0.0,0.0,0.0,0.056835790509599124,0.5115875398086644,1.2712676866404693,2.408228547181791,6.386018882265235,13.06795030475155,20.073917227339045,24.05162843590086,25.02058514547165,24.514000721723708,23.823951598531178,23.836148029225086,24.32866834344966,25.48641790650317,24.600526688476826,22.22320992500221,19.73182663974335,17.671158866811393,16.426659966933126,15.682297450743475,14.682501413799127,13.345467817613827,12.268021542166471,11.636918724138928,11.142259492923463,10.674773178068014,10.295723583930005,9.995895044180015,9.766271886483333,9.599380015878985,9.46701961176182,9.340782156613061,9.20680891143624,9.055173696866582,8.874036727286347,8.642633122489762,8.340751623026078
519,0.13453410672071844,100.0,0.0,0.0,0.0,0.0,0.0,0.05042694647409203,0.4777085040833399,1.223097800855046,2.368533415764171,6.551199989978611,14.224346510450316,23.09394809951517,27.79283117033576,27.626486617609714,26.610714894280324,26.22700501935998,26.02739390362894,26.57971118847576,28.973254078702617,27.041684221030735,23.60431019817748,21.155368075468143,19.113426896571163,18.092385121151466,17.784251734960105,16.691063200623727,14.996918972286837,13.568403864186509,12.620320214786704,12.078126799081815,11.839734975691629,11.41189247556361,10.972809555743815,10.637614704951018,10.42792618021338,10.281854175208759,10.133547953392448,9.966972510362693,9.778406600285518,9.569607107224765,9.362200279111812,9.180870129434028
520,0.16915630782431187,300.0,0.0,0.0,0.0,0.0,0.0,0.03832847278877702,0.4125749820323114,1.138697626065713,2.3288001674992933,6.797868063573939,14.6149179458379,23.03810264608684,27.724249135005316,28.628196848287576,28.397878110321123,28.19283646960737,27.703147094301777,27.531366439805783,27.969743207538375,26.876828874699616,24.447522496560328,22.274809995459286,20.480792145713806,18.62912671370124,16.99180659542675,15.86915447038695,14.976335056276797,14.05856985491456,13.267133764715085,12.640322181592932,12.16982648457583,11.755538447611196,11.325124952217175,10.925645279150997,10.608719639192406,10.362544079975468,10.162418357606287,9.983794016733443,9.803353875412366,9.593857114416448,9.309096403135277,8.904736898921659
521,0.17865284258446262,300.0,0.0,0.0,0.0,0.0,0.0,0.06911764153102168,0.6415898744719462,1.6232377408023058,3.11020744999771,8.217234320801861,16.647886286773204,26.058699530304708,31.773183177262716,32.804219428742435,31.938271843260402,31.196303267985282,31.004569689298798,31.187401527854636,31.59245616637665,29.803906268538434,26.825693121591286,24.529802146663485,22.78705397865116,21.125099171020803,19.663634127794683,18.36644437790849,17.08101150622319,15.690420210654947,14.376574744078184,13.42813011302749,12.86369347294049,12.473883443670582,12.132943609862316,11.835579660094254,11.593321789140308,11.397831185106222,11.236092680673254,11.09289962741304,10.953049841515885,10.803822154310113,10.6402270892133,10.459330327864954
522,0.2045847041656849,300.0,0.0,0.0,0.0,0.0,0.0,0.04860140429646842,0.49767304499613885,1.333845700632717,2.6691262620997094,7.56434351667091,16.054633423193952,25.348524788712506,30.476815196215032,31.190713504365,30.790553859458072,30.561332164019074,29.927485335842473,29.668121931768482,30.420651245099883,29.837585207667185,27.375264533580143,24.56086265973891,22.287545904492532,20.37947330880718,18.83561988743364,17.73629341861676,16.909863846368435,16.026241615577565,15.062223947281492,14.10198442571829,13.317924945699708,12.84134852623548,12.438015446383428,12.060668619183234,11.729244849816151,11.454851654730712,11.239661863598839,11.060601722044908,10.89001909669558,10.691425554520233,10.39021723675675,9.912694550137537
523,0.1461880705986859,300.0,0.0,0.0,0.0,0.0,0.0,0.042680680821006206,0.4581005290055187,1.2621422274344634,2.5747389002979175,7.370330370817147,15.40128529914687,24.245183450680802,29.778144582395907,30.994589107694015,30.14600022582589,29.562182655421772,29.623756156546946,29.863151064980052,30.388607724018883,28.576662815186673,25.549015892040607,23.204592954533094,21.33543142175556,19.62605412663871,18.16967435439499,16.918210209575058,15.796833472866016,14.7277906736204,13.87974995023393,13.38800960751395,13.089927497790136,12.664491186255628,12.17190871829699,11.689734285323112,11.259513404611365,10.892646498320493,10.591266783984874,10.349764029955425,10.161587354320098,10.029244698231635,9.98792709446698,10.082201536473544
524,0.1724256105411594,300.0,0.0,0.0,0.0,0.0,0.0,0.05354995164212921,0.526530986941247,1.3779793606935522,2.71016817198102,7.519097549669663,15.753061204347475,24.591688012102303,29.723934384184226,30.886407922072056,30.280516417787705,29.44751449886367,29.05658297019551,29.433100716320844,30.513642427983537,28.7321413301596,25.48080245193336,22.993640623752416,21.356442549249298,20.24787805130687,18.9386580907199,17.16583374914389,15.546903627471432,14.260518412505654,13.343873478703355,12.85004389651936,12.4440699362307,11.951466240124144,11.44204883604004,11.002236828422873,10.685894387976829,10.48029735364569,10.359704760456793,10.296586991766338,10.26396113932566,10.232691683945072,10.162541016554004,10.011782235455415
525,0.11321856767870585,300.0,0.0,0.0,0.0,0.0,0.0,0.047902922752204924,0.4826778295639426,1.2814489521160903,2.544892204217704,7.075020199860413,14.670590974328544,22.994294836718343,28.05085469878179,29.076983421528144,28.268090062705355,27.664817888767903,27.620273035173078,27.913056810600683,29.481007342218696,28.7087345955438,25.63241444105019,22.29115107988271,19.660979985312817,18.16870982063766,17.57417907028948,16.810143604560615,15.38631826928396,14.005544396268597,13.21445568070252,12.767079634950806,12.273349948460622,11.788443971279772,11.36857201603789,11.020250278331408,10.740764669962529,10.512222426145605,10.315958468889777,10.139782708899222,9.973530858202253,9.806623541055297,9.625178957914374,9.41538782717237
526,0.1435332237625825,300.0,0.0,0.0,0.0,0.0,0.0,0.039107624815053206,0.4165364189063916,1.1426130343658634,2.3283435194971953,6.7918976645695635,14.4479748248751,22.308387174271758,26.64937732060581,27.871754489162413,27.610843194423225,26.921974850160353,26.575056344550926,26.91440922673437,27.9097735722395,26.222939617238364,23.473992367007767,21.521588073980535,19.905120000825285,18.616782231185642,17.509471304768557,16.221653714705738,15.046347797837665,13.96652205586795,13.08215011087625,12.403616122288955,11.698479794209637,11.08864103368467,10.591962292175367,10.198888478736711,9.902409604715123,9.67861596558895,9.504556204591209,9.368898488956741,9.263594937830284,9.18259221984374,9.12588031262875,9.094988864721897
527,0.21018004225271816,300.0,0.0,0.0,0.0,0.0,0.0,0.06413103344280911,0.611058295134265,1.5699452108025842,3.045134804948446,8.260960014548042,17.027124562142742,26.320084223246106,31.57549877478761,32.78398701916164,32.53063305294944,32.13101084374186,31.461855480278526,31.03982488514781,31.319721380717578,29.78707860716987,26.807266334962648,24.355970725926547,22.559052940051135,21.39381551842533,20.39830768631755,18.788176982789494,17.016923683861094,15.64339254921415,14.591707939055057,13.871102285366952,13.536477840502124,13.19393395497507,12.745766039124007,12.289593401294592,11.914759670880661,11.628682740431925,11.418447363985273,11.261251440433398,11.133261704584411,11.006226815161641,10.830661583307554,10.555146658315067
528,0.09868410062136485,300.0,0.0,0.0,0.0,0.0,0.0,0.0409013585932974,0.4387089434934996,1.2083424646112737,2.4687032965159763,7.2363687328674615,15.717443893701155,25.05409164211959,30.29896619689411,30.95688778600819,30.021152781167334,29.46991915167654,29.50757443834751,29.821905611745002,30.711854206333445,29.02216893938997,25.866654178001525,23.141461303896882,20.992544661946837,19.72894857627,18.883173018825524,17.5782678985178,15.965209818513236,14.526888331460198,13.597331413315043,13.069439994781568,12.715585366067264,12.365233426809464,11.893924934813855,11.407599174678802,11.023982955099507,10.740955925663792,10.53096835691557,10.364207221035286,10.211856192283776,10.047089446437843,9.84582057340907,9.586443219010764
529,0.13315859668817837,300.0,0.0,0.0,0.0,0.0,0.0,0.043792392153219006,0.45515945536440044,1.2306305259453607,2.478766760304175,7.096597405164169,15.196594712752601,24.12534969091439,28.8832355887594,29.30042745308864,28.634769475509778,28.174929700132353,27.73730329650544,28.168194290522276,29.571958029208538,28.09519877789734,25.090021497272083,22.68792494546097,21.072850329413495,19.732372742676315,18.236293840086027,16.479887834433224,14.98420039067661,13.9555063291774,13.280326526952209,12.799982699317074,12.461176618362417,12.21449829886982,11.937103823953157,11.648391415210106,11.393452541512472,11.166929564397464,10.951538339280551,10.727711697066288,10.476534655514554,10.173309444774151,9.767382538593196,9.212368156046852
530,0.15908663585075428,300.0,0.0,0.0,0.0,0.0,0.0,0.0712773172631968,0.6282340957295233,1.5419036055834983,2.891377082702089,7.468873652547178,14.891627819190115,22.91183595222434,27.99333856862696,29.630945476688787,29.38364125711683,28.728064061183122,28.527107228930134,28.628041445471133,29.372600554552974,28.356331315824544,25.554511999582232,22.987174037665437,21.208110598936724,19.849839919243458,18.49772315355557,17.047602215253093,15.866118592200419,14.752970358956915,13.608173762031782,12.76973914101043,12.320986706373876,12.003979699584214,11.677052064555374,11.350346726102355,11.053538645668093,10.7951057496183,10.57583180822675,10.386839683997206,10.217560757219397,10.060396561598607,9.917227159535578,9.792024326084457
531,0.10749700582167587,300.0,0.0,0.0,0.0,0.0,0.0,0.04174885975322289,0.45039506976466576,1.2447466958361144,2.5486570105010427,7.452486607230056,15.99179383298114,25.028418633060777,29.835122720440086,30.6124625211112,29.922450093912893,29.13101722195444,28.8408986561728,29.25191107500599,30.146733152306,28.611134604527646,25.53926909434553,23.000210544098522,21.29490502557349,20.157921428405928,19.10672835216624,17.58570517808703,15.79256193535308,14.259574003086009,13.311255597362955,12.859343448809721,12.578827963178806,12.233992899777654,11.797194141906076,11.364762539937145,11.01963081227898,10.753660677021552,10.540583809626568,10.357454375466318,10.183225413029152,9.999502661498923,9.794271581160858,9.557854505929594
532,0.2315168947800259,100.0,0.0,0.0,0.0,0.0,0.0,0.07911888770136839,0.620546332588831,1.4222505394980784,2.544165165861894,6.519095397807372,14.165183516342891,23.15815284687489,28.356326100701718,28.398813996834598,26.533421770810474,26.17965419746093,26.742846045953048,26.35145829485391,26.66025464099697,25.475005004918867,22.657057505108614,20.530315040420493,18.91975489373835,17.466558675593294,16.274995228942295,15.110289184611252,14.105143884557998,13.38082157043352,12.769171551651231,12.220401677235415,11.82800690783759,11.307346428056977,10.65762484783438,10.05894901718353,9.643580615880882,9.388574116693992,9.246550125568808,9.181161894998505,9.160375298701815,9.157669999380625,9.16383553721985,9.173903960535844
533,0.08127354422389976,300.0,0.0,0.0,0.0,0.0,0.0,0.051536183941833555,0.5082001319692696,1.332343754382846,2.624479932277521,7.306289571910349,15.453614481081239,24.60606011559577,29.749463630828902,30.153968325076367,29.129410528359166,28.648402165935384,28.49691691293109,28.7324789438354,29.54083126317287,28.2385613108999,25.30339861223331,22.73553004202196,20.66460602559554,19.10788799530844,17.834440000479898,16.423545206863295,14.974304681106542,13.826950157810503,13.010875768884617,12.480948760389877,12.228451097412817,11.980964514407699,11.59371743573618,11.150192927638573,10.7524821882584,10.43351981843992,10.201165020035944,10.031732456647065,9.896211203075444,9.766216898447217,9.609692492304799,9.395472644994124
534,0.08608745736330133,300.0,0.0,0.0,0.0,0.0,0.0,0.04129446063365015,0.4353466569146702,1.1870482443602681,2.4079521765317478,6.98892823117839,14.992611470977305,23.615661355512316,28.47807788769725,29.316133195756947,28.608533266976476,28.12956235523017,27.907046367752518,28.02109457158539,28.889715853945077,27.507103653168556,24.358840786136867,21.68457002179275,20.165414888877187,19.074313631965513,17.860640509708716,16.466552790161717,15.10734349464889,13.896952079866912,12.922351612676309,12.317069241431703,12.012062461308817,11.663731780579113,11.239501868601412,10.81807898485451,10.460392690996018,10.172108140380317,9.946933773899895,9.779021655534914,9.663392522099516,9.607391996585884,9.66502253211644,9.90640475868549
535,0.09208752881022973,300.0,0.0,0.0,0.0,0.0,0.0,0.05066732401438992,0.5074611778349466,1.3425217123003574,2.660715707983662,7.422127669063387,15.497689205432877,24.17058303990269,29.1089318499321,30.11722356120852,29.664965425530855,29.10591465995735,28.594963158179276,29.084439409746818,30.812054320710175,29.238730158114862,25.503535938585753,22.577573929673267,20.68415919283756,19.2064027893258,17.966585194859423,16.839385564757237,15.906654451815289,15.09019445339044,14.23120424729191,13.280270938474041,12.521847002479753,12.083331716758448,11.722529854967801,11.38363197407138,11.07811702259231,10.815894556203352,10.600634183039901,10.415165234355523,10.238512399014066,10.047781471006585,9.8089716366946,9.488770072228899
536,1.0360758203219722,3.0,0.0,0.0,0.0,0.0,0.0,0.03552243635760907,0.4000711862355685,1.1237441427485324,2.2318762148931697,6.307245851107045,16.798167111516527,22.74219222028934,28.596174907375886,31.111838280042093,28.618997105543787,28.462519780859274,29.820335709303738,28.71669884554124,32.63558264016082,29.194929721479106,25.18778149242921,24.399756773747693,22.468778106271163,20.201760636872507,20.66754149598052,17.528656026481997,16.612170137961236,15.653507020843136,14.240693658540843,12.601553838427117,12.168391480859096,13.118760687074683,12.70968985201049,11.454795483881819,10.598548429878655,10.324075418001602,10.567156754170316,10.951243069221618,10.976017713647,10.399036937502542,9.983049427221781,10.651823967923185
537,0.34214160075182454,300.0,0.0,0.0,0.0,0.0,0.0,0.07990353868354769,0.7173940273935294,1.7798156950439055,3.3608545635982354,8.665811360926698,16.92710341431652,25.175943440575494,30.107937791012965,31.77333806557143,31.679494690863077,31.154063928170356,30.856112123356386,30.822897614229394,32.03436867064962,31.045156404697067,27.896728612686122,24.9251628507377,22.529715822609734,20.716911461468765,19.56181677312525,18.534173233262152,17.464548253616563,16.321142919084775,15.080479997072327,13.986141125920279,13.374941595607515,13.017305859255556,12.650117913726302,12.271350947667251,11.927266723076496,11.629560270317047,11.37977162576915,11.172384870691992,11.000726852857158,10.85591199901969,10.71864450166752,10.567870521992136
538,0.15082533375760493,100.0,0.0,0.0,0.0,0.0,0.0,0.053312444270128725,0.5013000505780822,1.2779767757368428,2.4683848822252066,6.8478812254208705,15.021843972173947,24.366537719781586,29.31292066458109,29.59343006564345,28.83058307516545,28.53826493975189,28.48385734093606,28.280027509349715,29.63902972342287,28.213473271042965,24.689517108603397,22.253500788322388,20.200413958078872,18.8666347740024,18.29292109454719,17.186181261023577,15.437838534981845,13.980235048416521,13.230072020388597,12.513191400883649,11.86920616558398,11.534685631333682,11.30336116093712,11.101607145813254,10.917005535740113,10.728459023216214,10.515923446645342,10.268958375239356,9.980376076614679,9.662553135829473,9.397180015035987,9.274946177920354
539,0.1497139035767163,300.0,0.0,0.0,0.0,0.0,0.0,0.06465825626970012,0.6041625937066717,1.5345850886168126,2.952137946573278,7.911646629803904,16.078063036457827,24.53475721956049,29.480830862008432,31.074089226294124,30.889952557589073,30.12621577243481,29.62262284238604,29.647444846450927,30.192871909808424,28.666029060086046,25.631097066093993,23.134494428085688,21.439646608743143,20.296920154630623,19.19708849696836,17.643535692556412,16.06355395548547,14.699098224618984,13.583032634642011,12.86693110606113,12.51809400226806,12.244358037198257,11.934854135751497,11.625007880256932,11.358673072356599,11.139429333409344,10.95857581945121,10.795359652759135,10.627107148778498,10.431598754364524,10.184945323417375,9.865373458641244
540,0.21187215607449597,300.0,0.0,0.0,0.0,0.0,0.0,0.058497806035356294,0.529148284752643,1.3186874498907477,2.502455513638425,6.644613888185984,13.765687764671206,21.643550505913076,26.015626111352276,26.573564910134976,25.838081337752154,25.398973325628756,25.522140231367043,26.111459015713237,27.373151570805103,26.215948075161254,23.74084383847448,21.49204539720699,19.445045833458376,17.849173406817734,16.782899573595856,15.761677660281844,14.815087664211038,13.926199727250376,12.906343616080322,11.958480545517428,11.385214078129547,11.099845249333312,10.839051424876468,10.57994522868951,10.358050990142475,10.179474833724758,10.038696754744558,9.91151015697206,9.77021416967368,9.574861451930476,9.236005371007703,8.669427835773263
541,0.11836480859348175,300.0,0.0,0.0,0.0,0.0,0.0,0.04085776540541909,0.4355202443706855,1.195198906005672,2.4350898770821368,7.0780225027858075,15.01729583531762,22.978032103894115,27.159786260641553,28.3089638810374,28.237744797043238,27.7382784805724,27.242341510711444,27.618017276573696,29.18681015532104,28.191369560307557,25.386620744116453,22.645683179511323,20.458461235224725,19.253214476929926,18.475561165139496,17.207339582033185,15.745510237377655,14.424405935216498,13.334818860318084,12.516498781980012,11.976441195402835,11.657148028483904,11.416110975938444,11.222491566478162,11.074287015396722,10.94988469716464,10.826178346078908,10.69052027881479,10.533166454142766,10.331447378793303,10.012262685759369,9.502266027001937
542,0.14264435319070534,300.0,0.0,0.0,0.0,0.0,0.0,0.054205201317581386,0.529592974624919,1.3808065351511305,2.7080494868558507,7.499477219922161,15.859576772989735,25.063407427346075,30.24061454290408,30.921906396483184,30.05841641757638,29.504658823243144,29.369884210477213,29.495018177941855,29.840624371003592,27.918136662910747,24.725980592776317,22.23988802046292,20.560277039753373,19.27419024821683,18.272556775436716,17.298114625578233,16.25888099355717,15.195792063473885,14.206999921503664,13.29597284211745,12.547368874101876,12.040989207481857,11.596799653332852,11.195636779318784,10.866409779881014,10.613364848381725,10.432025135223363,10.304232994541032,10.209750281766995,10.133537358347024,10.077491935015672,10.047602749118782
543,0.1252943466827899,300.0,0.0,0.0,0.0,0.0,0.0,0.05299423826039855,0.5133583591764003,1.331918085373463,2.6040938847013533,7.173688567926714,15.009868453129304,23.717282906663012,28.58439584835692,29.03923211699618,28.099481420787153,27.563390867350098,27.51499596568483,27.621981059820644,27.96856269749554,26.585504599969703,24.160379761331285,21.926653917502044,19.77997089247406,18.209549197585236,17.430953334448947,16.717332841563923,15.790444233321434,14.672807783924183,13.529581589234718,12.60223823653114,11.887663314345247,11.335931609219898,10.947453386194368,10.696021586743692,10.545571011259323,10.442923305981772,10.339252770924858,10.214014049920667,10.054130889968802,9.841394274150264,9.535833457742406,9.099137822134757
544,0.11661279062644067,300.0,0.0,0.0,0.0,0.0,0.0,0.04843709179483209,0.4723141891139452,1.2300958620141749,2.4116186649802147,6.702434608351651,14.239122964461696,22.58198141023589,27.396020514757442,28.276126390081636,27.445519503516785,26.787150092154267,26.72561324694965,26.969149726112104,27.542809498947268,26.163341949386545,23.634262662759593,21.221550096735307,19.30626857728055,17.986228017797796,17.01886353154977,15.8864102622812,14.740489352934194,13.810385831545203,13.030196449538693,12.300581092250058,11.640394649404822,11.066316340838636,10.59172842160232,10.22759518664289,9.973988670200393,9.793444699567306,9.64687217232383,9.513343780181815,9.376871963221406,9.215967353874948,8.985951433712078,8.641875442448345
545,0.1216675514022218,300.0,0.0,0.0,0.0,0.0,0.0,0.06973993855116704,0.6151135856554287,1.5104378430024512,2.837289989383298,7.471370487465413,15.334966853283634,23.559567919367975,28.06802297627051,29.317812538111575,29.324267467638112,28.675018642709464,28.032175866775077,28.526584977371797,29.7528651498221,28.169811348796873,25.11533993341915,22.399924521752133,20.244117784738897,18.861453530598244,17.916967185617874,16.857221155948192,15.688181632883394,14.441470421572044,13.266316303842954,12.365244348981564,11.809376316353699,11.493099239917624,11.190543009593656,10.874936830462604,10.572621700320092,10.299030427965693,10.064143310585598,9.869940212157479,9.716660834467653,9.614184009038386,9.609983466386904,9.76317673726189
546,0.0794112475119894,300.0,0.0,0.0,0.0,0.0,0.0,0.04649228414119677,0.464821598613547,1.228473475691126,2.434182588699562,6.836519837532858,14.490437372798489,22.867046806309993,27.559642460362422,28.367846721306343,27.818766472034294,27.326117943930086,26.940482892624157,27.121535078145136,28.226087647913698,26.979831542330732,24.079559047225843,21.395485377375568,19.394517128021285,17.979000483033932,17.014306139062423,16.004814553166106,14.802098335110118,13.766329080970097,12.905072641523553,12.034965887680878,11.390838659858458,11.098726950328544,10.84713177379484,10.56682353309817,10.279519769938185,10.01743999054679,9.806344715313614,9.64536798544078,9.528054557655738,9.458022614758956,9.476618374970865,9.636847760776014
547,0.13540771336941224,100.0,0.0,0.0,0.0,0.0,0.0,0.05610716262679821,0.5300652291275243,1.3551526994170806,2.625912263507868,7.362763250306253,16.036213667063592,25.56515897009458,30.935588680697272,31.316003518380757,30.05711419434424,29.586647160506008,29.46699395639821,29.463793247997348,30.487023085259427,28.994672390453893,26.142109285246722,24.13808556760664,22.059520375124535,20.600514237097666,19.50636280420004,17.617523770742604,15.791863088279644,14.72114326900959,13.959040457421748,13.060316607550119,12.494643251794939,12.33441980619373,12.181135760539322,11.95141320527982,11.671153965581567,11.379304787080056,11.107120435738375,10.852874512982313,10.607560636198029,10.368797551484889,10.157557097946306,9.99884566466256
548,0.10324723320198827,300.0,0.0,0.0,0.0,0.0,0.0,0.05112863493580941,0.5256299056138878,1.412047344615735,2.8284809078508304,7.924380731016431,16.285837649063417,24.99902979046162,30.24316227895521,31.62449064476181,31.045506688686892,30.374866804288523,30.171286948346655,30.238118046115073,30.68043142978497,28.976270252843545,25.587224192506692,22.699901388108184,21.015136592529785,20.138027693326,19.182599846819915,17.578640183357646,16.064142009437827,14.96567858464836,14.12968987502641,13.490317486061215,13.027296165124788,12.546036734735189,12.06801512589219,11.65592665487705,11.344688702781518,11.107082872947727,10.908155841329078,10.72974467172167,10.558299981731697,10.378591840739894,10.166740630774754,9.898684098471131
549,0.10913056735078913,300.0,0.0,0.0,0.0,0.0,0.0,0.04600130734556319,0.4628915515603996,1.2279857604423985,2.4385011673762214,6.808987900214515,14.188764975329574,22.23248601321206,27.201180044656216,28.27151393019903,27.302344210115187,26.586046387960067,26.721321976666346,27.111540268032677,28.31482311882021,27.05771015141986,24.04846521238749,21.361387734985758,19.4971311671862,18.398550291809283,17.233191975574307,15.56635247571576,14.311308998338951,13.56928418774689,12.923355366915159,12.276705078374684,11.689924238775513,11.210154615502205,10.802402553593186,10.471332025512623,10.227351751515801,10.04997494192595,9.912724169032616,9.787941051053714,9.648623965936961,9.45661870739841,9.12844596411696,8.585362934712869
550,0.20014886222245853,300.0,0.0,0.0,0.0,0.0,0.0,0.05662155713062257,0.5476669555846154,1.4195697725149097,2.771431064331157,7.564155356937516,15.506710521375153,23.686350019097503,28.278898699083985,29.249073526945665,28.72693903260633,28.113013804498486,27.813234031665242,27.89920093207931,28.299530888610676,27.184394509045678,24.813108652211547,22.453625338913444,20.609167027908423,19.3188746792651,18.09817961941514,16.48938001106251,15.140099138819918,14.398870608092627,13.89550056321269,13.353649343850147,12.82804505851876,12.321681485890348,11.856546366270951,11.44887927871896,11.10430822273761,10.810452900369489,10.551266010614516,10.308969356670476,10.06650593172925,9.809401001989302,9.52892941156944,9.218640464396078
551,0.18351385103172788,300.0,0.0,0.0,0.0,0.0,0.0,0.050631726934118194,0.501520533722464,1.3182248394667977,2.6008876450151783,7.236397520150752,15.141711471001114,23.74874836403821,29.01450124643681,30.43810217014877,30.150516231963724,29.54868896621121,28.944298909833677,29.057642463946795,30.150771083789746,29.00621548064753,26.13857810862927,23.348381450735253,21.230292344404777,19.584946659353292,18.208308147063814,16.873027644718622,15.835010146676677,15.076555115199215,14.265826767637444,13.39952425086474,12.770750910586003,12.381333017462158,12.016670353802201,11.669810405280563,11.381564179294063,11.149561017324107,10.961252341818394,10.80105573006478,10.653363797537274,10.507690323528127,10.371064137890372,10.254301738983168
552,0.2278005955315626,300.0,0.0,0.0,0.0,0.0,0.0,0.04813388765326114,0.4733829166312174,1.239046721519555,2.4372951103742926,6.770191471130654,14.218162253841314,22.25180321276319,26.85586428554624,27.747009499956643,27.134743619662494,26.633763369052964,26.255335538900628,26.1896816466374,26.257543915071068,25.072151544584916,23.00662653004444,20.960414426296765,19.21574555934118,17.901531593008876,16.889096624437084,16.00969517293574,15.1920201249462,14.181169767992683,13.02459496127179,12.118156074183217,11.521820981478959,10.99941768419231,10.507874082626872,10.118835888406116,9.883807154059562,9.754415132789282,9.670096867181687,9.597403592817424,9.509888792520682,9.373923761757068,9.126617283823684,8.707230412493443
553,0.20157274117515697,300.0,0.0,0.0,0.0,0.0,0.0,0.04983937021693593,0.5089256512033496,1.361737113116759,2.7195407077095997,7.600655258022687,15.75345970922222,24.658424941175088,29.96766081116723,30.87025274865943,30.046770725420334,29.339593631535095,28.797564589814375,29.00245672183206,30.387111069882142,29.371347930395267,26.026264506906923,22.727855184245705,20.642295140437255,19.777818244373865,19.148062551152385,17.77730670269985,16.25332877579893,15.08369126958409,14.177774268295387,13.306980131069876,12.607899655277684,12.281886976876994,12.056836454167428,11.82649272693952,11.571422487145158,11.316063182550621,11.087579351757054,10.88939648091146,10.719408835648931,10.572274535510797,10.42952752831872,10.27034113247519
554,0.11013385723493618,300.0,0.0,0.0,0.0,0.0,0.0,0.06948010371694173,0.6133333830091376,1.5066517181086854,2.82678169493298,7.325014504500551,14.776250233746817,22.85420588800133,27.760138178682446,29.014334544371973,28.450622793826447,27.777438518609717,27.729012012569953,28.235876952645867,29.071325323877964,27.398080289234727,24.21567994603765,21.49186823168725,19.609485089211486,18.38054222063365,17.377248249840548,16.243537876402677,15.185725743557926,14.193882974857965,13.229189444562692,12.550324576196571,12.105733975906848,11.637639229410603,11.202221327922775,10.845605538914727,10.577683924874181,10.372573630148837,10.200802761600539,10.044466639728235,9.889032436744579,9.710343336986188,9.445389245669947,9.03006916495618
555,0.1602631589060232,100.0,0.0,0.0,0.0,0.0,0.0,0.07461352989107659,0.6308463240255541,1.5107468725173196,2.7839556757500885,7.203257595217276,15.009335468341028,23.149552554258648,27.57274119559013,28.72684949896235,28.51336828487803,28.080971022123997,27.858468256866278,28.14188029584748,30.350631243499684,28.693131597708955,25.122167758923798,22.47694432643644,20.374940061316867,18.957795847237012,17.986211667522507,16.803340804544423,15.853832751340002,14.880090979094993,13.68325536173524,12.751079858290412,12.29211792897864,12.195554381408499,12.020293935626368,11.748248722418172,11.469669736822345,11.193831966551214,10.913740754519038,10.633005151466213,10.357245517261553,10.091846179416143,9.84317149426593,9.617285405638212
556,0.09467844637125306,300.0,0.0,0.0,0.0,0.0,0.0,0.04409070092935855,0.4483333760176793,1.1967355202646712,2.3879464227079055,6.721973512259925,14.063406280772087,21.947222605671396,26.42100458576603,27.125753676947028,26.331235009534577,25.635033447671265,25.617711825051785,26.104091046416794,26.71236425191441,25.231846684977736,22.807991981953105,20.81929218801956,19.29028247117181,17.951886051594244,16.75952099156574,15.528383952184248,14.209934046442699,13.192671567335022,12.478094154361022,11.794708215714824,11.184646980975602,10.756605897594474,10.414830938445911,10.135967199024961,9.923966073203013,9.767655759617975,9.65199023918095,9.557435858404148,9.463946807923367,9.341015708959722,9.116075632642957,8.715494116593872
557,0.08365127965033022,300.0,0.0,0.0,0.0,0.0,0.0,0.03916671826349974,0.41900685930124953,1.1523250030023913,2.3512673702594515,6.862282950563463,14.86698868649908,23.76210281322866,28.568120215056148,28.982652289306312,27.938171349428575,27.341460451498833,27.284764631369818,27.69256791510602,29.018808724119133,28.203563891440016,25.646837029369696,22.869801807177492,20.61579716923127,19.258843536025076,18.192158424612,16.804423526633528,15.616873085571173,14.638333446570115,13.763826853011421,13.055131856292231,12.529595437928435,12.069896041630978,11.578476228515065,11.13011538846863,10.803723610608008,10.577879234253741,10.414441441429654,10.28724063845508,10.173856092982446,10.042578869984188,9.82297195476438,9.442686432913746
558,0.27222973361196773,30.0,0.0,0.0,0.0,0.0,0.0,0.10977013764660486,0.7604136013356171,1.6198260871190793,2.755253414852601,7.079381447961571,16.383572496672976,25.326339373612537,29.644407102407147,30.819040606567885,30.50631060245659,29.67726192140633,29.724839080914208,29.417994009410613,30.963692397573848,28.410548881116803,25.115441299292495,23.348979110272968,20.58796673081391,18.586482234239146,18.14470132322508,16.874887366329133,15.046190417273044,14.663649418469491,14.329735837501884,13.07286450453241,12.743173054744165,12.735333869813214,12.199461440385292,11.443258806992143,10.888940130997378,10.576096750518152,10.457004073143905,10.432711859636296,10.394175438508324,10.275372579894627,10.17446504410546,10.22684923722236
559,0.09777056395281788,300.0,0.0,0.0,0.0,0.0,0.0,0.05747333603102951,0.5522561599772362,1.4259477438725754,2.7773757199941778,7.621543619912677,15.902963578492995,24.600488603669586,29.285524306535923,30.324473074203397,30.090326050545684,29.38771143360731,28.843737812827353,29.22330936135805,30.001647614785462,28.264511166734493,25.28400048368967,22.699410148784814,20.81848925846438,19.49515409441905,18.357237407633995,17.083717322392655,15.930496823144106,14.974872308220478,14.226391814494447,13.585472275353615,13.018777700615772,12.52155714884882,12.019197211328386,11.54931073375189,11.16152266256523,10.848439672754019,10.592404646135158,10.380728677838263,10.202705941795811,10.05067123359693,9.926027065564082,9.832314203302785
560,0.09014714027518121,300.0,0.0,0.0,0.0,0.0,0.0,0.04582429137603304,0.47006980008019067,1.2612909359824704,2.5278301622284665,7.197909462043677,15.220083089913668,23.794023109318637,28.610271241524586,29.66632503405558,29.287407359513757,28.7031344146708,28.234641249317185,28.53450902677777,29.924201190172926,28.828928399653563,26.046949021311992,23.07449647543166,20.681274503731508,19.25798585411857,18.13345767286245,16.683983125495615,15.389111003111541,14.188398197740735,13.22252621247126,12.674418067421383,12.365961383842485,12.120143568673177,11.829523163021152,11.521634333155266,11.241972348564003,10.99399942922258,10.771210146067313,10.566078992442712,10.371202644173522,10.178939333726317,9.979431590433892,9.762894791691753
561,0.13671818639880573,300.0,0.0,0.0,0.0,0.0,0.0,0.03953480742230731,0.4270882664353974,1.1813439629467688,2.4219044614364433,7.125554964552699,15.347442135981753,24.051675047589573,28.732329494337012,29.25497402161572,28.34240048533475,27.796117228283514,27.699896263547885,27.360124279600125,27.43583470692567,26.758946305661457,24.588801418790496,22.212148194646335,20.087760248184857,18.579114788527992,17.549777898295208,16.488741343455775,15.411217779545094,14.326537680004636,13.307490679520681,12.506127602795544,11.967395957475148,11.637686606639564,11.380474551465651,11.153183163922813,10.942685331853877,10.735905198021117,10.523296908847101,10.307329430883197,10.09298886417496,9.879941187332296,9.648892114395666,9.377805017020265
562,0.1082261640499158,300.0,0.0,0.0,0.0,0.0,0.0,0.04706142162316925,0.4758023018902261,1.2657534421391863,2.519745014700462,7.112834328010376,15.089503669478228,23.6957017717572,28.47815771982448,29.251719489448924,28.536613698637765,28.037514011798653,27.880961443901516,28.184118019615056,29.32535137628869,28.370350221821788,25.57758143922012,22.780358619784376,20.67220408936545,19.32193053906139,18.50259851327525,17.651056306069627,16.420264100061598,15.10839048621006,13.981881973555607,13.07003181281914,12.33190460014158,11.771445364066746,11.332483176373358,11.010616971501536,10.809305438447165,10.69307034346577,10.621602231360502,10.563533814924723,10.490024011898862,10.363672771581536,10.11291592535964,9.667776226805968
563,0.1047534122276995,300.0,0.0,0.0,0.0,0.0,0.0,0.04865737006583415,0.49289919758314943,1.3127334371302835,2.614280738173803,7.330882406441982,15.359221878306489,24.13876907459499,29.472239725832004,30.551022208433594,29.518426918464623,28.650913310860332,28.682572579654853,29.22744716159419,30.393601637034138,29.000449818744638,25.914676914329124,23.073744524692618,20.98952798047461,19.4649261784297,18.163061731857827,16.938647340232333,15.90346876165407,14.960641004597631,14.021100139556172,13.243691667787722,12.771226736327382,12.4709062512529,12.134406042851271,11.745330118794186,11.339693563251188,10.963871942289025,10.652173127278767,10.397754639201525,10.185629883290698,9.99782992816845,9.800276003281017,9.557283202921061
564,0.10960969369418071,300.0,0.0,0.0,0.0,0.0,0.0,0.04691283861168949,0.48063302591423335,1.288686783524877,2.580648317254429,7.31522237728691,15.406392158292025,24.07909281803679,28.746457541978998,29.173218726147848,28.297746484988682,27.74167410394752,27.618475739176542,28.05345495993578,28.60602965153007,26.992942237019275,24.229747404792324,21.718864735902184,19.918614759716718,18.627138573855465,17.54765337095343,16.425323427357682,15.28795510235943,14.271354129257443,13.43074703039344,12.755172637456146,12.35706062551092,12.061240136832764,11.732849861437817,11.386832522752865,11.05865947472842,10.754784078816265,10.475046045974391,10.220435203170933,9.992064832067388,9.797060795264189,9.66633305284582,9.63593628783718
565,0.298132358427524,300.0,0.0,0.0,0.0,0.0,0.0,0.0597454393978169,0.5574626371544061,1.4146945583629118,2.7186922289841022,7.275409195742898,14.860791190474497,22.83672732397984,27.49818134749935,28.779255010965567,28.503118484046883,28.05103335850265,27.761501247413552,28.442471799248942,30.980088751833698,29.6906205603376,25.688463496500898,22.376095042265856,20.1651943654705,18.88683777600534,17.871984859587354,16.41324830364799,14.898329842212407,13.753223321240196,12.987081128488184,12.354925449278612,11.897888803190808,11.612465236990982,11.3377697900963,11.071049681213115,10.846974543283135,10.662123305639701,10.503682841340261,10.355485432342155,10.20118005821644,10.023266057850918,9.797550593862315,9.500674015538516
566,0.20132438790028676,300.0,0.0,0.0,0.0,0.0,0.0,0.05049189611171129,0.48799209815948325,1.2643778874830838,2.471081618110524,6.882092493862843,14.724196813825287,23.476628735431657,28.52905104654371,29.473661319708746,28.76053093742787,28.053887230116494,27.612659274771573,27.723913436217803,28.53741757570601,27.76099463395549,25.461962419981333,22.857682183126816,20.73531397607809,19.356492917609625,18.45391771416732,17.236881469293245,15.615128235008912,14.09288785897015,13.143195574495264,12.726603782222462,12.55782572702799,12.278773610641235,11.855155342158394,11.400436324179958,11.010789970718447,10.697837132910045,10.45312901347451,10.26303925564418,10.113859832823909,9.995380179673914,9.90737113944113,9.852101339151686
567,0.05754185798163737,300.0,0.0,0.0,0.0,0.0,0.0,0.054963931080304666,0.5359802218053245,1.3959555763559595,2.7356852572841417,7.5300272497113685,15.630905729284839,24.303474477827592,29.185900041569514,30.09026827711794,29.322574459248017,28.64908764242183,28.53934534606178,28.962164715168747,30.442497322150157,28.96113998896527,25.401253402416746,22.427742301108257,20.407329407447683,19.201555962737913,18.44943395333598,17.330108367219776,15.839758062843318,14.57391549852706,13.65420923117568,13.010977589096465,12.622423944262623,12.235581479749346,11.77950384452183,11.354137340407991,11.049046145798313,10.850196579902963,10.721788358253175,10.624899242765556,10.520890667891837,10.361905831777067,10.061817559671407,9.538967585030953
568,0.08252515774003095,300.0,0.0,0.0,0.0,0.0,0.0,0.05569362055054252,0.5248719952408826,1.3398331680109656,2.586243217874236,6.974806284095912,14.467576179583611,23.0355504336239,28.302818793466713,29.073495328424006,28.048216274625272,27.39901959539949,27.447034333016862,27.948041131158604,29.33653608598268,28.00183262913526,24.877837246735396,22.28818242527027,20.560481186592295,19.222658608561762,17.84091375664407,16.312485181420683,14.991252125888888,13.970714793106897,13.24311336608742,12.684848157841833,12.21265192636581,11.740762652636215,11.305599198828972,10.92649192290796,10.606430412859085,10.337496780435572,10.110923984099108,9.921939071918079,9.76703185643585,9.6448909648643,9.561675963500793,9.525445543049294
569,0.20817144656908118,30.0,0.0,0.0,0.0,0.0,0.0,0.09144068678817163,0.7090879673994687,1.612754162771493,2.849690702067594,7.016326103609369,15.170246403865487,24.63328902897276,30.349987020656474,30.44004645517824,29.14569322929084,29.208457119743372,28.892949843785097,28.95167884314437,30.79768425370585,27.989038942392124,24.919180422969262,22.457387869562847,20.72941904416431,19.261250661848116,18.40859761189383,17.22646415934746,15.183682325018902,14.066763687661846,13.766610058404428,13.203253574989413,12.45307253183463,12.305386877302547,12.064030648198468,11.597615166213401,11.044711520247594,10.584394052953707,10.336435739153064,10.232114941248247,10.167181714719053,10.024637307108652,9.628091081614551,8.827307771393235
570,0.0918064982051171,300.0,0.0,0.0,0.0,0.0,0.0,0.05243522134379355,0.5118727111696588,1.3339666191146478,2.615472489261591,7.233516082166335,15.190612014920712,23.753057081757937,28.378593420021758,29.213201353776324,29.057304037840236,28.709030994641907,27.965761993324808,28.30418198896265,29.792165545827743,28.447285374741405,25.392251711254517,22.63686410898097,20.742596783138854,19.615094110285124,18.762314598785625,17.556279844975506,16.180398878951586,14.834210870530347,13.590319375006294,12.605660403532845,12.013183940073443,11.689939621698338,11.393862608038638,11.11311114289559,10.88440425199338,10.695969246622411,10.526793840211988,10.361029345123654,10.18466482782101,9.984696432058186,9.749683068908926,9.469758375649187
571,0.126393195547954,300.0,0.0,0.0,0.0,0.0,0.0,0.05147490929853023,0.5292886184314667,1.4220579346272588,2.849825363928276,8.029103497390693,16.686696818089292,25.744135572079802,30.786947669755683,31.760716540720654,30.96627762806522,30.217315310069957,29.998119305619998,30.23965472565311,31.178681850646697,29.528910410336312,26.29945675596921,23.743264755302206,21.9957009729526,20.814043418910096,19.863149978218345,18.636843927510657,17.098040017647413,15.53407753352881,14.325260164417879,13.613860311356335,13.259002159185721,12.937338782768348,12.515418057264124,12.067009626065056,11.678496315495035,11.368335928479055,11.133790271570746,10.950545615358909,10.79087236125131,10.624464383529432,10.405940791036741,10.090083528102188
572,0.10886225728074261,300.0,0.0,0.0,0.0,0.0,0.0,0.04610387565485187,0.48140066864017667,1.3051290799181303,2.6334933670813347,7.50424291958218,15.719752802899027,24.37928838678513,29.306365633623432,30.187397340889373,29.6778291164432,29.418321239417,29.221771234264967,29.3092232640206,29.6518167515682,28.067444220134455,25.15428839320415,22.442215305737253,20.434929672912645,19.292730825792624,18.49436599803498,17.219628488462156,15.786352717839721,14.56824587141101,13.646537387920036,12.92614124724266,12.38680579481146,12.05312920223226,11.768591253308985,11.492552925451886,11.22656409068091,10.971062943375909,10.725722746479882,10.488676463022548,10.25774961768405,10.029710518863817,9.79705633494092,9.551846921176066
573,0.19829281234128,300.0,0.0,0.0,0.0,0.0,0.0,0.05906674373961544,0.5689531424825811,1.4709647544493292,2.8626373423693767,7.689827242280953,15.442961193713119,23.500356029817738,28.49878356566725,30.270916041912017,30.38022693517568,29.93187517366683,29.48934797079824,29.470030134774813,29.710877853960238,28.080643889497495,25.27714904494383,22.70905656348403,20.77568278472413,19.30569714172782,18.115062917796905,16.943113733614577,15.668582020899061,14.432513705428823,13.44658159132464,12.782561496502511,12.375352742091659,12.043755810040208,11.717368733206838,11.413630069180446,11.154060256505135,10.930413825486363,10.728130870254486,10.532959664581051,10.331395493838318,10.099212334510367,9.769300051154985,9.274911512186584
574,0.2191663120681259,300.0,0.0,0.0,0.0,0.0,0.0,0.044620531919948636,0.4525517574810851,1.2062330408032953,2.407006830709573,6.878858635132166,14.846239277607154,23.718616151678717,28.862487927169127,29.652902213008666,28.94903556107551,28.631344133274133,28.375946811269745,28.52019810240626,29.88453569386419,28.904964337056075,26.03160322564822,23.50370688500401,21.56287327315198,20.05767660707089,18.745842870292496,17.19898185506961,15.657590524740375,14.426293514211615,13.629205077287391,13.094991419735877,12.748408894432046,12.433011462381023,12.042965591244519,11.648852742724266,11.334124113654525,11.107737351334737,10.959399738328077,10.867044861947647,10.80684287665096,10.74552422800203,10.609787117168159,10.321088677033766
575,0.11273391959439319,300.0,0.0,0.0,0.0,0.0,0.0,0.05470014470259227,0.5312066856195061,1.380113470374444,2.699606884407003,7.437483269968088,15.57008883939181,24.20118563444882,28.761437295745086,29.638288684339212,29.35875392879915,28.846622749277607,28.23921056964427,28.432958812868776,29.124976378023295,27.297243206239596,24.06683823412645,21.475888563240964,19.80041352932168,18.633654753716346,17.515822625527225,16.271732340847457,15.077834031527708,14.057899441466041,13.382220710471875,12.886406915046836,12.367913337290316,11.878567595802556,11.426195971489005,11.03380957747267,10.724397564427651,10.490088995589769,10.315836096491607,10.181769217627796,10.067824150892244,9.951019761854456,9.794027779708987,9.558419900062878
576,0.2564260564266868,100.0,0.0,0.0,0.0,0.0,0.0,0.05016818108760218,0.48281662498528327,1.2477960591183654,2.4377618673138195,6.989056360200718,15.76979385592346,25.06294391834868,29.60715482355841,30.23395749711224,29.607883842921677,29.136393190468386,29.065282735330687,28.726120621838945,29.12418471724646,27.987620662031244,25.5689161824216,22.871312406893708,20.935556492297817,20.00040778416315,19.370899355548698,18.110818976783147,16.33589480214064,14.629628893735122,13.516868296370605,13.050513957585004,12.813564347783712,12.49451185686881,12.115136146907856,11.783596923365469,11.570880051375468,11.421516499427106,11.265084515946436,11.0785257423986,10.851042443821711,10.568894318207796,10.204243700767085,9.731333568555804
577,0.1828359737304444,300.0,0.0,0.0,0.0,0.0,0.0,0.05155578965492585,0.5007522574503858,1.301094215042668,2.5430075468788567,6.902270516798017,14.050470242964975,21.72207785081166,26.33627747410915,27.358653936526462,26.627629574705328,25.801930109615725,25.66095111512215,26.268339871315497,27.276484697799685,25.849402552088076,23.223027578835737,20.96943969704983,19.284556137306076,17.969196750996545,16.800672188836256,15.497213767610011,14.072840933998627,12.868612531820347,11.987779751016495,11.468466664161255,11.284898511473779,11.151381597805843,10.893646033211054,10.57054640606057,10.268608301668914,10.011701142904053,9.803827243528868,9.631276220002993,9.477157704901316,9.318952903010622,9.109268403407844,8.799214771558045
578,0.17061365317093238,300.0,0.0,0.0,0.0,0.0,0.0,0.045867929063096495,0.46530061441356013,1.2402595097302,2.4717458705472284,6.962293322241981,14.783985115058387,23.554655636744332,28.554374488558466,29.2501688385038,28.483727214510218,28.002700647331515,27.704460222941737,27.800494814581885,28.43960329890596,27.289078451025098,25.022671214025447,22.76737556833758,20.6094403414568,18.97920592510443,17.88601066729607,16.729378093746977,15.557898755208898,14.498127914351155,13.409388042762007,12.45973410940748,11.883930190779427,11.527312476068882,11.245691268599508,11.010670175957191,10.81534993090943,10.645270399632397,10.482765755482347,10.302887063515676,10.080342333125236,9.77376085892944,9.277620076203439,8.501326558837006
579,0.20052854766401793,300.0,0.0,0.0,0.0,0.0,0.0,0.050800357333487915,0.5077567852990756,1.341668605642917,2.655084894110704,7.337851103635817,15.144552653046162,23.581951512191324,28.32232023206008,28.85763119415821,28.053639676837648,27.581935772659033,27.406007151167902,27.4743827443107,27.827276184025635,26.35606416878449,23.897726020234238,21.881855200911193,20.252985529717336,19.048109695820305,17.9927409245584,16.687444334748992,15.350804421922728,14.131640240297365,13.007630074721874,11.979503680116542,11.442440187653865,11.362073913513889,11.344819533977379,11.268875986581255,11.114484732771103,10.91117137757473,10.692236102092089,10.46278529293846,10.221207213831216,9.95517423421647,9.611690387960588,9.136704625245796
580,0.19084992241589294,300.0,0.0,0.0,0.0,0.0,0.0,0.03988289704152428,0.43312487301082886,1.2017179979203683,2.469003287410171,7.286937505905438,15.734038325101965,24.76432524243809,29.830913370116598,30.820017268163152,29.98277909101752,29.194465837570135,29.061980917934626,29.532508047605496,30.129865417297793,27.892299595524346,24.761040761728584,22.304620766721285,20.67570023045421,19.60380971193089,18.32933519817827,16.50435019256018,14.791971867258953,13.788715376264845,13.265949927970048,12.66448180996317,12.032504650866764,11.592044929624189,11.294276327019737,11.094691806944299,10.966961567006749,10.87330206348067,10.778379857405278,10.664636058911524,10.51931029022781,10.325709396048111,10.050253076895288,9.660225123486178
581,0.1653526283469942,300.0,0.0,0.0,0.0,0.0,0.0,0.05016704798098895,0.4925922801282279,1.2880383165795615,2.5277944995765074,6.860874852713187,13.934993948090364,21.662575356395358,26.364523402848913,27.39918977397792,26.928510514343476,26.482605710456568,26.263953221193415,26.52149624108649,27.21190312035177,25.986171945229838,23.597089909857107,21.4799665623187,19.88957274764635,18.796699216107818,17.820022641425027,16.491826285999526,15.236292855599064,14.002346005144885,12.82166312712444,12.117452776119652,11.879333511292652,11.55426899425886,11.107518448924669,10.659552670635316,10.296595328539476,10.026238858852528,9.837132670672188,9.709117860656011,9.621391430782635,9.555982907223475,9.501721923636914,9.449226935556412
582,0.1831610939371588,100.0,0.0,0.0,0.0,0.0,0.0,0.05252085507424699,0.486432666107342,1.2291264455256512,2.3618588108444274,6.6082498378482075,14.5516310547805,22.86204512181854,26.83276478400844,27.365296528854117,26.834155307851635,26.219960090544618,26.164098968984778,26.378471448143017,28.27862881387436,26.95983068807139,23.718961374617468,21.533214612089846,20.06696805329299,18.634534566112077,16.873681304356694,15.124147712624298,14.065502139945652,13.343426791121876,12.585833123585923,12.073839973787004,11.845629414951933,11.372966271357884,10.81327384569358,10.319281480415878,9.95598111859873,9.710432131587861,9.555117604507727,9.4612931108341,9.401355864733102,9.344859935303907,9.246110143479827,9.057747346490574
583,0.17891039659107283,300.0,0.0,0.0,0.0,0.0,0.0,0.06296768278687805,0.5928756467479481,1.5126053861258317,2.9191126290809795,7.9067300574807255,16.584049974886575,26.232182135942008,31.32165307795338,31.6884688840906,30.761218487018272,30.145533405912957,29.977234421996815,30.058393660999126,30.40513168750297,28.787417517410095,26.02918657846495,23.70285867576988,21.55678753616901,19.73585320007864,18.33987537429056,17.076122658409556,15.882833892974174,14.789704654815473,13.872872354393962,13.342596730772492,13.119513875868371,12.838679479587993,12.425343862421107,11.968081500265104,11.553396145897535,11.21764182701381,10.9765620049336,10.816807962964551,10.720108560827924,10.669174901892074,10.644629835889479,10.62676178606755
584,0.24316565832538814,300.0,0.0,0.0,0.0,0.0,0.0,0.04884440183697502,0.4877523230794968,1.2882094433589037,2.552309957567296,7.188353991069519,15.205061960496511,23.617666246767676,28.095505206706324,28.81570132036802,27.984064227407636,27.228843669155637,27.18398693783092,27.346735857564973,27.61140613698281,26.10890239383969,23.557810323650962,21.348479431801245,19.720404891163618,18.49636284884877,17.618883872123707,16.644645628584872,15.233559451859692,13.95022422866404,13.042054572507196,12.345790067764469,11.870480526092184,11.528525069402582,11.219673863593927,10.933593041040533,10.675398949265892,10.429621864210574,10.178308447636754,9.909540495851477,9.613789792626502,9.273060350765409,8.834915297387,8.25142360094381
585,0.0777716949944118,300.0,0.0,0.0,0.0,0.0,0.0,0.04717176424012335,0.476153946069512,1.265506102576539,2.517089492996093,7.073297781453722,14.906484920002653,23.394679957577846,28.121640824199773,28.898991712791787,28.284135601490867,27.816152119609622,27.681548538677912,27.921180748325057,28.440396438296645,26.940778365905274,24.097433976451843,21.41489900478902,19.385359149575816,18.140003841960763,17.260476579777173,16.085696789322355,14.970806859921776,14.032171951750515,13.25871356089034,12.610967081870493,12.13533748256868,11.745722459748,11.322047311294876,10.903613803218276,10.549657781246593,10.264726868002333,10.040784773407088,9.867134748867082,9.733337674170896,9.636121600889949,9.597538004724845,9.646307504597775
586,0.08778947638841865,300.0,0.0,0.0,0.0,0.0,0.0,0.05692676998714116,0.5472249719064036,1.4132818679276078,2.7528188940055243,7.542741678439983,15.729464835293955,24.61166444274619,29.833455956664118,30.821499515837132,29.891290786160713,29.16249541515287,29.029879025191487,29.464560368020095,30.666178274314973,29.32647302911413,26.313861293207175,23.287057073820158,21.02846518695415,19.77215854454826,18.936149676339404,17.81690675327332,16.48448913048701,15.242084079538229,14.297624096663442,13.679206101865823,13.209824710427094,12.713971162793047,12.187732802956015,11.687713444935376,11.260228972325518,10.916646020090484,10.656630468970228,10.465335579915614,10.326118790129824,10.219469730825065,10.109490583348812,9.957532101662196
587,0.4975766301857821,3.0,0.0,0.0,0.0,0.0,0.0,0.09299179053167071,0.6946312470588552,1.5344223427609,2.5766219533459127,6.157143610696592,14.995968024622618,20.72333285341513,26.205049166695705,28.151973921051923,26.24493594524962,26.001110892618865,26.97886666832984,26.18498919048433,31.788950700964364,27.235871212669885,23.20296419172174,22.06393054483928,19.68623235900317,17.961301025338834,17.05879993491139,16.137384645674505,15.1363006439142,14.016365188759089,13.47677554198499,12.051448083224297,11.628073871238906,11.65713400724985,11.627821183666331,11.352403860192547,10.77748061567156,10.184489768213645,9.817904709564873,9.649096081521265,9.601449570268722,9.593380974324951,9.493771372220895,9.166316226708638
588,0.21618096560001218,100.0,0.0,0.0,0.0,0.0,0.0,0.048236168234720385,0.4762852599685437,1.2494228820810103,2.4644270320143273,7.068032196779795,15.859427320716678,25.815871159466514,30.894222425697027,30.792463881682576,29.998427686314724,29.732910033871597,29.27915901861001,29.5463064609732,30.820175747410314,28.14354150529795,24.805829971836197,22.805721348487598,21.21108388527637,19.614079147252664,18.06364934395538,16.49426521683325,15.459225996225035,14.573220731422545,13.783050065703458,13.258820954366525,12.523045214405778,11.89215272206227,11.418090531168463,11.104885233493095,10.956866758687914,10.89672569298678,10.843313955851023,10.76783344421413,10.654715722455164,10.490889569775522,10.270987257815298,9.992582832159808
589,0.11715634938960218,300.0,0.0,0.0,0.0,0.0,0.0,0.04801591871144955,0.48300268649159467,1.281026649040808,2.5417260209925048,7.058435523602733,14.733081108786081,23.31291489660309,28.377254099413946,29.25319236671003,28.42850466711468,27.761704079642875,27.786710169608877,28.032219617517647,28.36957260466777,27.02133439218417,24.342499531870267,21.40548086637493,19.16594617943998,17.926859909726296,17.181024745822572,16.290547267848513,15.245995855060743,14.208586563818963,13.273748079922969,12.533944712689546,12.034582448125821,11.66223858889779,11.279259653306564,10.913394473617467,10.614893920816922,10.379103609991182,10.18767126327099,10.014351295141669,9.832346552842276,9.605001032817361,9.254184198103161,8.70644344862903
590,0.13359052218886017,300.0,0.0,0.0,0.0,0.0,0.0,0.048427751101794175,0.5028002327165438,1.3584164290947132,2.728650555439285,7.578808477610647,15.42971417757913,23.958995952940754,29.25584922543698,30.199429587212915,29.228544745783374,28.639889080421735,28.806081916548905,29.450765755523136,30.611746132079126,29.360441034503534,26.369085961188304,23.233961087491984,20.822197427806273,19.22917512474903,18.12722277986037,17.06060884476773,15.84970524717966,14.70077034782435,13.763116283750321,12.947773355543141,12.271046863246491,11.913084169097173,11.65724391713923,11.428820443475455,11.220066191263221,11.0287862234738,10.851884157237341,10.677760235622214,10.493333099377425,10.28131449469813,10.006287913547126,9.632915336308601
591,0.10895594880149917,300.0,0.0,0.0,0.0,0.0,0.0,0.04600226128665075,0.46633626805302336,1.2425633718916838,2.476801397406504,6.987593237999179,14.720343843187004,23.127665845151935,27.8723487979651,28.46870263949583,27.497385544086395,26.857900344374045,26.857888695557815,27.31468671747344,28.665024260265692,27.552902494932503,24.614614997970214,21.683653743113823,19.668057024367542,18.78166420497434,18.239552447066192,17.01233470445488,15.661632899728763,14.50261943320074,13.559339127990746,12.789314259597594,12.14717834434696,11.624823286343432,11.184654879287018,10.820857529037903,10.532559296624212,10.298114182873514,10.094920210701453,9.9099063387866,9.732785401119038,9.552979865846423,9.356958656595257,9.131443947148123
592,0.06559330100702433,300.0,0.0,0.0,0.0,0.0,0.0,0.04861779189521826,0.5022815037081929,1.3532245421386784,2.7170627480246705,7.683321087844462,16.146122549018912,25.359849601536972,30.62264105937891,31.528613219690715,30.66731114890813,29.87750669941035,29.86638347997437,30.402427597033533,31.378627732180227,29.438072168214106,25.981248104326163,23.24156158372125,21.43268394808751,20.270452742931113,19.21741108240669,17.883539515366156,16.50969190049129,15.278377251940778,14.182370446740203,13.37474435852524,12.928589866546986,12.587385016069232,12.25053645944544,11.930036089508162,11.6434855712306,11.38375752536924,11.139602963569606,10.90440381226599,10.672900457576219,10.435278374236955,10.163459876126433,9.827964280533644
593,0.09942859692881162,300.0,0.0,0.0,0.0,0.0,0.0,0.04939246282463186,0.4875147285479101,1.2786897948281173,2.5165849783571446,6.913756869758096,14.330694248395954,22.55720046714441,27.21026468524931,27.664160442269406,26.83017705326827,26.365299364669784,26.304270617723585,26.634557740209193,27.32917759769309,26.26253136326943,23.962525320148114,21.499085116059614,19.559096907266504,18.205738113336775,17.187037047852222,16.15323692037346,15.05173182440084,13.944522847621016,12.898115604559688,12.044047335535865,11.477835544245623,11.036057599692892,10.625712976436285,10.27932688802973,10.033876536291848,9.869681689866342,9.757533308195764,9.674395407782846,9.599283100216136,9.511146975321026,9.386868731493221,9.204107811361109
594,0.07563939994099043,300.0,0.0,0.0,0.0,0.0,0.0,0.05183103353841426,0.50151586087329,1.3002323166139191,2.5386963789910078,6.92616395650052,14.284265777585613,22.31368059293742,26.977082804032598,27.89663584180466,27.407061508879792,26.869870218099344,26.54507162365245,26.77435221656782,27.544691528797088,26.371935946960335,23.60685534734823,21.15509390652274,19.553864881958432,18.371981163145296,17.26748066573883,15.943560587217037,14.57790131827854,13.390122934703674,12.624576223059597,12.266301519571533,12.045755469984012,11.750497275281951,11.342042284654818,10.898298760892722,10.49575577015536,10.15777139356738,9.889602715999933,9.677025503117507,9.502799482621748,9.349022582728646,9.190378288107722,9.001109101296274
595,0.25565412816720123,100.0,0.0,0.0,0.0,0.0,0.0,0.054844212173177205,0.510194747700071,1.2925472295985465,2.488120931925511,6.961371958440386,15.382970083016541,24.423186100439455,28.989217941488583,29.641581608620314,28.951372981765488,28.301385953942106,28.062526055373386,27.93206764026963,29.485125520621803,27.961302636873846,24.59293324650575,22.191138969648897,20.100386518646307,18.503099594429713,17.429832800389676,15.962157686569567,14.72457544783102,13.846275454577242,12.953964077177897,12.28371187633009,12.022385999304882,11.857804306533259,11.615274683925612,11.314432403690494,11.004036556233816,10.721908903681966,10.494257609362103,10.320730681453083,10.195415922681763,10.121300124716647,10.134334586253336,10.280587465191928
596,0.17216202257341212,300.0,0.0,0.0,0.0,0.0,0.0,0.03590871018470246,0.3888306516370571,1.0769655765079427,2.2090865992765476,6.4691960758909755,13.78152909098542,21.528348113010026,25.99327249416235,26.84228768483267,25.991503024239453,25.236177825683722,25.274751312946375,25.552487776184986,26.256236128636406,25.402196568408105,23.36740192587622,21.287127770676,19.452958815456615,17.84265959295578,16.56648374196407,15.424743319240774,14.190475611760261,13.031700388015189,12.21090494575551,11.786766499877661,11.59819275300155,11.311853205492499,10.931904387952962,10.555875065138432,10.252258020704891,10.013072098715153,9.814675495986904,9.635216703648581,9.454344694989976,9.242889160308064,8.934749546133437,8.465699367501186
597,0.06842295983788181,300.0,0.0,0.0,0.0,0.0,0.0,0.054049162974498174,0.5134464685360524,1.3169575187056464,2.5537176202871463,6.98016132821317,14.629154415309761,23.274242412907935,28.22874622050607,28.613996824728478,27.550519470565312,27.056483262747047,27.03502499095471,27.270329558157094,28.344229895931345,27.36498503929441,24.992057525528473,22.545522786008814,20.387498575426505,18.950412886552066,17.927878829478725,16.740736082008393,15.49695798650924,14.315759680276397,13.33023728648914,12.631641471983071,12.104465088780522,11.623085473326537,11.177376802620154,10.803218980451414,10.52596581921232,10.324798117470404,10.173323105403988,10.05764802479737,9.967352596574242,9.890289524931505,9.805869566443716,9.691987443055549
598,0.11880243829789504,300.0,0.0,0.0,0.0,0.0,0.0,0.05688586206947563,0.552414993036132,1.4351787557568907,2.8061669777120506,7.671291899438356,15.772488038412018,24.211464150417054,28.77020993352007,29.631895467097326,29.137069071162138,28.598986136070266,28.33165818351755,28.490906553188125,28.97312089084556,27.79305783327636,25.373261026697662,22.855075499644766,20.75681245273635,19.164999823269856,17.995056586724075,16.941682432669058,15.688681715098454,14.342502146869666,13.324016878063091,12.599253068436537,12.092612088005719,11.785201626223502,11.471598512362313,11.14543969277814,10.853010779816525,10.605769276347829,10.402041592817461,10.221569085876267,10.040889654268794,9.830175254072627,9.531438579029986,9.088332803825475
599,0.11477075055054377,300.0,0.0,0.0,0.0,0.0,0.0,0.053873262956216604,0.5301717687629007,1.3881073833655322,2.728315510643068,7.492246669694708,15.458689478910813,23.969999838545544,29.123371161025048,30.25011809928925,29.247814762445234,28.46851840115723,28.683721316832415,29.371322560850775,30.826683899977127,29.383453251786356,25.944115999357773,22.803922968388754,20.782565003429234,19.50931369694335,18.3645686192344,17.010588392772473,15.575125911088316,14.31645337819447,13.457979824207248,12.83925932958722,12.350354383910423,12.137843296148755,11.920380100610304,11.625053252943085,11.27450213303741,10.91794545376131,10.59771474658196,10.32002300057444,10.08284604566048,9.884203655768754,9.721447907212172,9.592057409850735
600,0.18631287881181055,300.0,0.0,0.0,0.0,0.0,0.0,0.0464781532913059,0.47994167433028995,1.2926520902907053,2.593012218312333,7.2426680124058,14.866797995984692,22.942067532436162,27.51491499943781,28.331819534601085,27.911908387070792,27.67602732719113,27.513058545151953,27.601858525226273,29.07000643103145,28.266033628337063,25.161508443016807,22.19214042559943,20.13012134386322,18.798867736999576,17.784552897958267,16.619285800026283,15.515521906139025,14.612779017053208,13.771804164618025,12.961211357524647,12.347309591508013,12.002471026267767,11.712261732951886,11.42943372690783,11.164304548847637,10.918983625577217,10.69247588181513,10.479694469635225,10.274850927803223,10.068548619237205,9.83659561031404,9.553404220675828
601,0.2588261728423674,300.0,0.0,0.0,0.0,0.0,0.0,0.0494156823894062,0.505910747853167,1.3558061238481702,2.7130465570017006,7.686352750575322,16.35604170853656,25.99764193043538,31.14470641650347,31.215961607416876,29.982714586351104,29.52369255932326,29.386229057168055,29.612367025186497,30.440925726308024,29.343480549780285,27.089588239548082,24.834602044584805,22.66832018408373,20.745231492658938,19.105837900821694,17.5878541474382,16.193677916832144,15.181737618842327,14.579783561840754,14.040251116061492,13.331575497896713,12.649540189354578,12.0830991748386,11.644396575907141,11.332496246088075,11.120141061970395,10.979218531052348,10.892491165315601,10.846065152046137,10.828262349694707,10.833842000554164,10.859200249407253
602,0.08999344808567022,300.0,0.0,0.0,0.0,0.0,0.0,0.04115518847024275,0.44084853442434707,1.2132709347211381,2.4750584111863483,7.132192301038992,14.941707006774152,23.070624844024827,27.44459076706625,28.22775193046944,27.657467507208345,27.04497153940238,26.885776374633718,27.466168887677746,29.33914287066212,28.037563997089748,24.612025313449383,21.71674913831496,19.74978010598674,18.767532198670956,18.104189612369293,16.780495533498087,15.236452760517171,14.012251297689,13.196545324886564,12.564649581265439,12.010559907551432,11.51255848245533,11.08194855725696,10.740363239857782,10.499455049723457,10.333427083654415,10.211834073304988,10.112978737777949,10.017792918041133,9.903170800280366,9.728580139207477,9.452624052738914
603,0.2442303166579946,100.0,0.0,0.0,0.0,0.0,0.0,0.02633969466211946,0.3227329361897043,0.9610040109648236,2.0762731434514343,6.459423544864727,14.045321859723352,21.46495127995602,25.69573129653098,26.9081999718263,26.39198396333894,25.807615877088914,25.984980073243353,26.243369362090665,27.846819622366294,26.25782953362648,23.685340627083992,22.38617108531239,20.710517628498227,19.06018008561416,17.708385954386763,16.142536852407424,14.868462428492803,14.125357606766537,13.40100132987025,12.442353600773194,11.755409492808672,11.311658056034094,10.953490587006078,10.666479072365133,10.458575597236917,10.296225303155472,10.145870221850936,10.006047873263913,9.882732990287714,9.77694870390762,9.67140268565805,9.544999891260774
604,0.24746361639549155,30.0,0.0,0.0,0.0,0.0,0.0,0.040196930358228106,0.42202219069106023,1.147254845352998,2.3202424547631795,6.886764348550693,15.392166899973848,23.52114638012496,27.97580516276773,29.041823416685755,27.80652353981934,26.969531484431588,27.380630043852825,27.24055106712851,28.934807395868177,26.73491356257229,24.480780830582898,22.640030735343757,20.302629093521713,19.11114164198941,18.34151315973563,17.319091864510597,15.828308231286211,14.64633886214706,13.54287016119511,12.566908392878355,12.333761146671183,12.124602457513598,11.83616754724573,11.539004244809995,11.264778576826515,10.991630768861945,10.695654973218222,10.387654274368373,10.085163580403986,9.832641866383048,9.785016199612423,10.132489312705225
605,0.2521278798093639,100.0,0.0,0.0,0.0,0.0,0.0,0.03658541187462984,0.39689548931523383,1.1002774735583971,2.2587279181403996,6.750695059703162,15.03087957536267,23.816710209515364,28.73191205267086,29.23687804037562,27.87263737588915,27.445635373987212,27.751114166614517,27.901392267743656,29.369093732917694,27.789140572155166,24.044779244133593,21.40181660617591,19.891412324694294,18.9176815867907,18.08135636055913,16.508551982160853,14.918503756119545,13.953716907008543,13.233613476693387,12.797366152862756,12.73250746489455,12.493447297387274,11.881588758771295,11.151217569584054,10.544968953098289,10.094864063576923,9.78348853365744,9.571998275721128,9.420941949618562,9.309120122532807,9.2744315676884,9.370130568975364
606,0.16064775324701408,300.0,0.0,0.0,0.0,0.0,0.0,0.0483520285196972,0.49277954203855273,1.3170874317203245,2.630310248244573,7.417808448095856,15.547110788417255,24.104569390784178,28.95545200378485,30.16390330433939,29.932813752681685,29.431411228518343,28.79965854440437,28.441803023784832,28.168423377208416,26.759019479198265,24.65854647491731,22.4501289673757,20.347749603051557,18.936109909855663,17.832628982320884,16.428434581553944,15.063459617623286,13.955450226257781,13.120213876231702,12.406700374697163,11.869659661629985,11.486346013903903,11.15724399906894,10.870914815039434,10.634046435786736,10.427911945803608,10.232076108376186,10.039005162089675,9.844434064826064,9.644256095405739,9.434300572942146,9.21068429616775
607,0.2628130060066146,100.0,0.0,0.0,0.0,0.0,0.0,0.04284594652742839,0.4454456560824495,1.2042650035569475,2.425108410952136,7.054585241309848,15.687806059066098,25.352869314990407,30.646500387074283,30.318789246103847,28.288369433265267,27.73105179152443,28.615466139186513,28.609285517443233,30.322958043555627,29.297532148401967,25.561303593453786,22.50991464187059,20.586575357512846,19.169913769270217,18.10100027607309,16.642108505501298,15.044525877647363,14.062212396526993,13.27150718545765,12.47699020066497,12.180064390409315,12.057558218043393,11.72496997988438,11.27414425771188,10.867502514752886,10.548975105927612,10.32677542449296,10.180248488972904,10.084042948584644,10.024512958666612,10.028370299954242,10.13326287365041
608,0.2906745321107657,30.0,0.0,0.0,0.0,0.0,0.0,0.08202018223630356,0.6454733416892694,1.4810684105252685,2.6406338367605398,6.733665221451108,14.826144435858906,22.90164520290438,27.574462446904185,28.40287475262961,27.85717749558026,27.624773340664188,27.505073464362173,26.84629443905519,29.51722075933046,28.658453883780602,25.357819279007938,22.964913773008803,20.992042925229946,20.073594292037207,19.217027421495008,17.32414044722536,16.08434603527258,15.062080537510179,13.874302523150737,13.152504051187025,12.745497962045045,12.909544310213533,12.650679983660561,11.955752322655862,11.165518065425056,10.544469714076774,10.241785641489829,10.169608735526923,10.201937563150112,10.212053432151588,10.04914922602724,9.571853970886686
609,0.17710969537913238,300.0,0.0,0.0,0.0,0.0,0.0,0.05331921875236431,0.5224321088445186,1.3644468782369696,2.6779093332668227,7.341109439418226,15.131235057531388,23.564813170710867,28.432200872520472,29.361103748983343,28.919687263645862,28.37325820001609,27.964664344743056,28.265706842269218,28.917642140656113,27.260613916131113,23.960027298352323,21.14166449596526,19.60229056038924,18.83134514517246,18.262275919892264,17.444666639256244,16.15749545698363,14.56175464854186,13.201153127561682,12.324865355597096,11.840659854282098,11.547196143167824,11.24130196985751,10.915327331099308,10.606633315864771,10.340900512822433,10.13271904149752,9.969444134839407,9.833121444480835,9.701014973025373,9.528321196723075,9.268080455354596
610,0.1474664675744377,300.0,0.0,0.0,0.0,0.0,0.0,0.04044555990061835,0.4359390515568721,1.20414896209986,2.464381878918813,7.196577950078347,15.457911777862625,24.414761924496673,29.320420171901244,30.16329597635319,29.868997338209812,29.502380987331026,29.05134454320564,29.360576975204264,30.31779756195274,28.865304958605343,25.840362630599984,23.035402477912918,20.789498943124666,19.245049421703875,18.07501023918532,16.753369953760494,15.445013959064744,14.38551045538867,13.54959850920203,12.890092654307917,12.433026692480802,12.142033073798359,11.89171100215863,11.66918486891809,11.486113735571864,11.320699914566717,11.146688805984523,10.9487680116097,10.715068810755607,10.432156312562665,10.077569025192435,9.63096436025119
611,0.19504557333279943,300.0,0.0,0.0,0.0,0.0,0.0,0.053453311235312544,0.5449596981295998,1.4568603913558102,2.9097635105567803,8.196748405256407,17.11308039186744,26.305681999240495,31.16312959591686,31.95421064387022,31.32476332622513,30.689350745472463,30.2918644302563,30.656070614949105,31.57872813267626,29.860201062149198,26.188625839709804,22.97589746233937,20.942778990769984,19.66671884065277,18.721259436164814,17.65899323645783,16.33936404291927,14.999021835204143,13.867798412271354,13.055273748445387,12.616929567793223,12.424858663700505,12.259010301486835,12.050402463884923,11.782841886987892,11.472799408911813,11.142422680804382,10.808643839668141,10.485739144118147,10.195801802038691,9.995894622981156,9.949189613088317
612,0.16591490689210314,300.0,0.0,0.0,0.0,0.0,0.0,0.04694579730883592,0.47599318335570295,1.2684284669073163,2.5296756784675383,7.192636296834556,15.273234344978132,23.62348998390239,27.974667519390735,28.663516593660336,28.03269059354327,27.612987715417162,27.65134246783191,28.120670213655053,29.168582540643303,27.66849173478977,24.468060770565284,21.595727366675103,19.920960194657216,18.943806146790703,17.948380264960868,16.652193490864697,15.453513562830967,14.52642126827092,13.60932875759291,12.673588303023626,11.983112335290778,11.646566112065004,11.404018461409688,11.173794209857611,10.945725636276428,10.723279513143323,10.51079899366447,10.304785782575525,10.100092023656897,9.889247248537353,9.655055756271677,9.379583410945958
613,0.2044591796303507,300.0,0.0,0.0,0.0,0.0,0.0,0.04878713033948814,0.48452067492364786,1.2755790771477338,2.5210534457593883,7.062618679726342,14.93087831203173,23.63462553174841,28.580983238515103,29.094032833536417,28.145420824269628,27.549813110253673,27.392366740773674,27.956586479996314,29.15176987209308,28.077682525657284,25.60271114199892,23.320620354354514,21.686965073561883,20.28689668668143,19.01835904097542,17.68745311587917,16.209574688011326,14.988854832377713,14.079585306094103,13.155664724641694,12.338882590031568,11.894720691956994,11.591490119952809,11.342639115792982,11.13426381471247,10.959593298398595,10.8139780603619,10.693698992380774,10.595395701769474,10.514967881569595,10.444914594103956,10.377031540470275
614,0.18585935611610596,300.0,0.0,0.0,0.0,0.0,0.0,0.054634245562469326,0.5101486170384623,1.2952253364613975,2.4908831955265764,6.697406782606566,13.816654915902047,21.600957137100103,26.162088035493426,26.891276830786346,26.092878248531395,25.592047377259348,25.417676457626335,25.50712367182866,26.350689047721545,25.380227126709045,22.736717154472018,20.115139535740553,18.159258542001243,17.03725218062237,16.32930481384578,15.411157525896611,14.405677316190069,13.434632291821904,12.564361258716584,11.89541705411092,11.466075646079666,10.973110558536927,10.435494828913908,9.956466315609683,9.600905540358392,9.350484219009216,9.172901717500501,9.041217167167208,8.931069208195114,8.814763265758408,8.647613330285184,8.384447828557217
615,0.2110873698989886,300.0,0.0,0.0,0.0,0.0,0.0,0.07337312889610594,0.6513827327638358,1.6054769073115167,3.020122818430258,7.873528086059335,16.037999318884026,25.080213515312828,30.642554959113628,32.01350549146569,31.26113174979051,30.46969009413712,30.219618829133374,30.56005334356269,31.58342715627394,30.222899402325,27.010881202279013,24.115046297687893,22.283326108199514,21.12853511355503,20.064994058396987,18.740253532453906,17.492564434208322,16.271083810411252,15.106680008172768,14.027832978002062,13.232585668297821,12.779069662758596,12.386932862945656,12.014752012122214,11.694090753640351,11.435922429996255,11.241149269676127,11.090671546746837,10.961754104149936,10.826240744932356,10.631498651170718,10.323052836995918
616,0.14572544546728516,300.0,0.0,0.0,0.0,0.0,0.0,0.05009390112603311,0.4916505233461867,1.28526083410891,2.5241579550238216,6.948058994738728,14.452571227993726,22.579022935333644,27.22196597219529,28.251036760732237,27.993628074196216,27.54885192922005,27.02318586170959,27.04227000108157,27.082551887262373,25.47715805300921,23.25981105140982,21.381212115000665,19.71708947580582,18.305041147558732,17.150255468950984,16.008901413993087,15.050575309065264,14.083246839692185,12.84234794899318,11.864978528908784,11.477407370951818,11.253108538953972,10.976356633881728,10.689840984783775,10.454786238670653,10.258843806412179,10.075828990512909,9.888602670812341,9.682969259454753,9.440756102918996,9.125912139835316,8.704066132668581
617,0.10976912862653466,300.0,0.0,0.0,0.0,0.0,0.0,0.06116988245525742,0.5636908287759433,1.42010348870969,2.7153000393732287,7.247376296551317,14.921178067763442,23.300851649220387,28.162157373171283,29.13190634641288,28.51845323812926,28.06058490083413,28.12689572400211,28.274429935583818,29.04229978004924,27.68117377094754,24.751054030895105,22.23977395564769,20.332578210998577,19.041008083818802,17.975550468326908,16.591714123815347,15.228297235041667,14.211180928228918,13.364432663400065,12.516459347390905,11.871302103813052,11.438975615728337,11.051101697303741,10.72617662291817,10.51421698129672,10.393369699189376,10.327741624346134,10.283586738697567,10.228014448448278,10.120123390668722,9.887185374942417,9.458465901373113
618,0.14416661888452142,300.0,0.0,0.0,0.0,0.0,0.0,0.04244463372595984,0.4334881521044276,1.1599500707953334,2.315887529684546,6.462622046064282,13.389591327584478,20.86885219706394,25.381073541476816,26.396350557883032,25.656376691651214,24.911761428487107,24.943049939102217,25.22770301405347,26.28871215914581,25.457029031346845,22.910680696924437,20.459182014010047,18.820773571286658,17.676678148439027,16.647793829149595,15.433186834860447,13.982844731091935,12.712645636946935,11.985033526116391,11.6191080671403,11.310946794186046,10.952156544113688,10.56273689169709,10.215805078792064,9.965899826924517,9.788713759926614,9.647702935947953,9.521062793654323,9.391144592927278,9.240304927413494,9.048626760468432,8.797460134704975
619,0.13172167603091206,300.0,0.0,0.0,0.0,0.0,0.0,0.04407596566972486,0.4519394047407367,1.2122407411064307,2.4264154104580227,6.824390914419864,14.184971927796006,22.12283018301137,26.931738707007394,27.891726759205817,27.0844819168447,26.503638363223203,26.575773594813754,26.701572092851137,27.56475035787618,26.693212681535147,24.234902823316265,21.606672230309645,19.459081408963577,18.025436474944588,17.003768061197274,15.823931774181698,14.595993566816464,13.544669068752304,12.627732556884025,11.773772141432708,11.142438613700214,10.739577582241488,10.414778315503932,10.134298199335667,9.900348923710565,9.712055315501514,9.566327960250888,9.453504696440229,9.362854888508586,9.279533889165068,9.17093406492495,9.00158149334138
620,0.9867329545987379,3.0,0.0,0.0,0.0,0.0,0.0,0.40562993705361905,1.5230942951776432,2.2488978402063164,2.878420028472604,6.307892074174928,17.006818620356672,20.73146449445204,28.089341124936308,29.87098454769903,29.42423517028517,27.646896240216346,29.35598259581503,28.094584527371783,33.02302030701874,27.239744743146282,25.001539102869963,22.655599525349444,21.05483689162342,18.877048565050806,18.122071140817994,15.872296790828248,15.265086541067415,14.231233630387603,13.574276633338286,12.224979281443167,13.009993799012987,13.194779746281691,12.155220172402636,10.980910798453296,10.424305275594737,10.344641662095885,10.486525873093846,10.644771520544735,10.614638305223513,10.305354215759198,10.058718838156333,10.297403602166552
621,0.16989393589574386,300.0,0.0,0.0,0.0,0.0,0.0,0.0399041194828138,0.43442854323513597,1.207051956524582,2.480831109479015,7.257431916914024,15.393306835316332,23.885317899381814,28.37919547224297,28.872490274343352,28.028827574623453,27.44013915550541,27.24157879011353,27.216452708786505,27.392195664844355,26.276925766543837,24.016658239100366,21.907962452402867,20.05529742115813,18.51616023652662,17.254237904136716,15.925029507865126,14.809404601515741,13.914879442308413,13.13906121435803,12.362086188774356,11.665658543091027,11.123149162914933,10.66640767750372,10.305140464424651,10.060645447672925,9.901953181885917,9.792110577225015,9.708402324478307,9.632017070045057,9.543321483864338,9.41787069556338,9.231422356216136
622,0.147343252913062,300.0,0.0,0.0,0.0,0.0,0.0,0.055223149777653545,0.5524437016306708,1.4605041210475427,2.8930883329995227,8.0777621485659,16.92455683288045,26.360685028806966,31.614934378462557,32.497757241968785,31.656394394291333,31.152525129299292,31.142218930258206,31.488629201585585,32.459603339218475,31.016224747286582,27.7005804705588,24.751271067590075,22.570436371799506,20.864150047905152,19.464124114562978,18.03534219837709,16.757050631699453,15.80951256772992,14.98005162800471,14.191765717946787,13.664731383629965,13.230030012419606,12.753982907654766,12.316949386361268,12.005288352061621,11.793492185666056,11.63498541701734,11.489997413514041,11.321645873863442,11.077918441870528,10.64572542939711,9.921788589065397
623,0.1523834886157742,300.0,0.0,0.0,0.0,0.0,0.0,0.04612549775635983,0.4708582584311371,1.2597307973891239,2.5185727927760038,7.153616333238628,15.203830484524344,23.810906080685534,28.379393114503927,29.101794443466712,28.844712335753684,28.53690578511773,27.95902495655966,28.019318195269676,28.263332083059822,26.655042670183906,24.033705266867436,21.40000343575466,19.04162428564962,17.56786485221298,16.828011976699763,16.12562344089398,15.151812162747577,13.996631059609118,13.043900617591238,12.429039218656385,11.928951154963046,11.398038954366314,10.895560698377324,10.47946480587627,10.17626443368605,9.952272066864632,9.769539555405482,9.615886785396807,9.485564795502608,9.380534473372123,9.331968581213426,9.378400067079992
624,0.25231751787899787,300.0,0.0,0.0,0.0,0.0,0.0,0.04397331162633894,0.45285881252039517,1.217737138920099,2.4402867188240442,6.852393600693491,14.323845964086486,22.713315703182555,27.902044657230643,28.71811466419245,27.230107661230832,26.21361563383796,26.835089052268177,27.89248327804231,29.39801014379954,27.926544417655563,24.83637979874242,22.124548133944668,20.17881368567592,19.05067298183759,18.173622312762827,16.890579423767925,15.3970790573704,14.055460662809034,13.056449983286184,12.371420621612248,11.921323195606183,11.594127889903186,11.24443714564142,10.898153618569065,10.605206083602013,10.349160802276154,10.104396066613837,9.863599567343408,9.623945311786526,9.38740255921686,9.17366401948608,9.00504740672905
625,0.14988553708878025,300.0,0.0,0.0,0.0,0.0,0.0,0.047109538590241945,0.48389386902049386,1.2993242477261087,2.6045748114595173,7.412046614612588,15.682616210769986,24.413607901106477,29.10849069694472,29.8618009721389,29.139974869489112,28.379823030127653,28.09895316673232,28.223974263985358,28.419808030662296,26.787461651368456,24.3727043677706,22.334314952087546,20.640322259334376,19.16259017138692,17.888864490323208,16.632344420536874,15.531969127360542,14.47707317226928,13.396813430497291,12.46538492234826,11.843699391092937,11.439904744201693,11.095629142760886,10.796426891469327,10.557373254582203,10.367458806216987,10.208971149417755,10.05877574196726,9.893405172600975,9.683895429986633,9.377010832504336,8.922330252985686
626,0.05143892958741091,300.0,0.0,0.0,0.0,0.0,0.0,0.04055277582277479,0.42874913013863203,1.1709288246379284,2.374904457470798,6.794360476854273,14.294801537584496,22.47801246296084,27.28740131905423,28.244654848592614,27.666066354769598,27.123121966218548,26.78372585809434,26.893009955961016,27.922798666326496,26.86359630876896,24.221435324657833,21.795299581629695,19.80295968444362,18.407094788428978,17.388655317891768,16.256439181676967,15.04150658166266,14.011511156965357,13.1472236830901,12.406051395643994,11.932608377541781,11.555727296156755,11.162124893059039,10.796740731313887,10.51241543715553,10.295821389152346,10.121465069985991,9.969731482053827,9.823166809564452,9.664803318996219,9.47689764371759,9.24284095786708
627,0.16248825700833594,300.0,0.0,0.0,0.0,0.0,0.0,0.0431454209151276,0.4502359548396875,1.2201514769066684,2.4600534165499317,6.975914173101429,14.611680557519458,23.024145520262202,28.247898714321575,29.3803978948661,28.62859185911416,27.98701197569922,28.005904617180075,28.60079476770298,29.70612482288919,28.178188685036872,25.1031343560906,22.373438616054344,20.42017137875863,18.963672566987388,17.5863120404539,16.039719267689716,14.74542576087406,13.740111425044853,13.022014947945957,12.497242515782213,11.99531199399911,11.646408316532222,11.342798555313147,11.06078404585096,10.814896651567825,10.605472410640566,10.427125592321966,10.264759103467828,10.10168155416151,9.916395571095252,9.666495172430567,9.309436340212322
628,0.17841527903603904,300.0,0.0,0.0,0.0,0.0,0.0,0.047336294660509745,0.48750401891015516,1.3110240472348902,2.630243468900022,7.4725368292254535,15.806133539463586,24.805471125468486,29.66003372713679,30.13925779093559,29.364102476261554,28.906993918718655,28.542000653639757,28.305795276209487,28.59437032932194,27.51048683860288,24.494098786828136,21.728725500607634,20.12329459575506,19.24083120584413,18.456275902535218,17.224145572668895,15.777218539291665,14.523131027342597,13.530664672392211,12.707842585427812,12.073452760197217,11.56187712167632,11.122531033630338,10.782886144346941,10.567275684992632,10.433062907603826,10.328100429406282,10.214490086087551,10.058826791076843,9.820718589345619,9.429395246533963,8.82335064364406
629,0.22061568934421144,300.0,0.0,0.0,0.0,0.0,0.0,0.04554864216208076,0.4711996481252784,1.2706270423618256,2.557009415575717,7.381363078562941,16.06916106996264,25.931173864320968,31.340346453753394,31.749887876045804,30.701588124207834,30.14237039474159,29.997193978992218,30.210430842909222,30.343121247357526,28.752349859954297,26.034682526552707,23.115299407283985,20.526346607131337,18.720470953504737,17.707115491429153,16.911798017898608,16.054738225957898,15.221442749363101,14.346753282848132,13.49058745995808,12.867005972142104,12.45427849820412,12.110134939858243,11.815498470497134,11.580204882404217,11.391971725137735,11.232444815713274,11.077156686153925,10.901129957738803,10.669101699287593,10.30353917075693,9.730847970398399
630,0.2702160573726567,300.0,0.0,0.0,0.0,0.0,0.0,0.051636160306553436,0.517159696398668,1.3682905423340328,2.713338598606906,7.579272432285609,15.735565891267283,24.286074016081834,28.984882989176604,29.635428615515615,28.746078334620396,28.15273754956937,28.177675625330334,28.546507881540396,29.77550241414631,29.1780683875387,27.178160321441688,24.455319590702683,21.602663354798306,19.633480281760733,18.38989674512783,17.166153852614993,15.986512978955764,15.104880662222925,14.309950749244605,13.462437858363765,12.795219400130089,12.246383383367315,11.73861566830917,11.318778113497139,11.034132573773599,10.855798623587646,10.74369755749487,10.670429959780295,10.61223472681904,10.546255161193868,10.451394663829227,10.307727647879242
631,0.20254400512920606,300.0,0.0,0.0,0.0,0.0,0.0,0.05638714856594245,0.5267704418685482,1.3378699561643046,2.5747284655060714,6.946391771295681,14.29733155935606,22.148510272355793,26.897130757750524,28.256020521810946,28.037520489592804,27.61658836909541,27.30573293650328,27.429361851406235,28.438880211356633,27.48397292409946,24.88586688204019,22.34511206466962,20.167697935891194,18.499444347069343,17.216746833270584,15.838962326500049,14.591894375316526,13.83937203427661,13.386235040956256,12.860317838173927,12.307869330391837,11.739680839602679,11.150045550305473,10.632793125982682,10.266364098955377,10.030859373739569,9.890720412443567,9.818823698023131,9.79134531515586,9.781733186379933,9.748755693886228,9.648115049882165
632,0.09142273240537968,300.0,0.0,0.0,0.0,0.0,0.0,0.04516722926429233,0.4593691728962925,1.2262783605246397,2.4461943986348524,6.870011642030053,14.350801783269082,22.45784153158535,27.23979442326387,28.08301538986628,27.38196656431045,26.8912693194887,26.682182810525855,27.102897822182307,28.06008441873862,26.541686085523104,23.766991577379784,21.365424224187397,19.39548173643997,18.03902853765539,17.184723215574508,16.10178059817143,14.67303380225447,13.415237986452128,12.623949941213642,12.278156934609864,12.155188120566587,11.853676254075893,11.44300305434531,11.042028145160398,10.719557535927146,10.469630865955692,10.269978493295145,10.096025438495712,9.92385653628476,9.723292874797187,9.436350068239085,9.006494559706676
633,0.04612976419697318,300.0,0.0,0.0,0.0,0.0,0.0,0.046696341825263846,0.481609246892704,1.2962654765914254,2.601483598587615,7.356034440144371,15.372124003315696,23.89813839450862,28.591383758110055,29.298866001625445,28.739422386629737,28.36246226982059,27.956888649689425,28.36348043439355,29.51099014201205,27.997620929830468,24.87834847102521,22.281616701883156,20.63882537310961,19.38812897406897,18.18937221197121,16.87142653074427,15.44969039522368,14.266921433388378,13.438713991638068,12.789423804065146,12.24410787156575,11.774315676625328,11.32406343396483,10.926759390250684,10.622047431203843,10.397116249120288,10.229123130185277,10.09642697607861,9.978564607938134,9.850896259766909,9.669741615848228,9.390302985041906
634,0.20161705876440528,300.0,0.0,0.0,0.0,0.0,0.0,0.05504354697839615,0.5415237720893025,1.4176412162212089,2.7872950630205935,7.685234796110517,15.982319897706974,25.086899220715868,30.683561990948583,31.95710916283034,31.21824564800506,30.585340008440717,30.517195003351812,30.99175634011859,32.202784936807014,30.49096309425835,26.93023668521522,24.005532783119097,22.090388382877155,20.601376576780098,19.211276986260792,17.939062905996835,16.889868202150417,16.002724104564887,15.129914417332197,14.275346273850605,13.548589067118302,13.005631286576747,12.50733446732627,12.057671787129978,11.692555281242255,11.402441473999513,11.170361768693637,10.985730227358701,10.840125329089735,10.739474795699834,10.744347735533035,10.931495797004747
635,0.09880799502552039,300.0,0.0,0.0,0.0,0.0,0.0,0.04310041271300415,0.4567304935693283,1.2489453025629755,2.534423171032566,7.2303409349072885,15.067348128634766,23.421260217341967,28.39393115162314,29.35969006921052,28.707020225155787,28.294018262311173,28.070882494681854,27.886680765581787,28.291063242216094,27.290029535611765,24.59905556743777,21.92405472847802,19.9728516681304,18.438382771291653,17.02146223112571,15.664327505953867,14.544935717857717,13.746220881041463,13.208510126887377,12.654534298412818,12.082938352549206,11.68988202146628,11.3114757745756,10.960447480476896,10.695769183851542,10.502781693421527,10.35253127536554,10.220295575449995,10.083180782053775,9.912770550639268,9.656705617230608,9.263543635398472
636,0.12788251218225827,300.0,0.0,0.0,0.0,0.0,0.0,0.0528413103048022,0.5153859405626823,1.342412082387017,2.629825846202184,7.210082588919989,14.834032528116488,22.8242832748353,27.597707134543572,29.029636508986496,28.60594833674735,27.807257025770365,27.71115459898096,28.405599753586035,29.776891913112625,28.09516856472146,25.00346313881584,22.61409499852799,20.76437420589128,19.556044149903602,18.725292824231804,17.539567675686058,16.03850105109246,14.705198206380114,13.663814093818463,12.786807789845716,12.088327004244592,11.629230587379194,11.305210213649117,11.069377462520075,10.902902083338695,10.789636014704236,10.711743305610462,10.639711356943911,10.541721244337056,10.370004721384962,10.014521830793743,9.372221322796564
637,0.12534682412753434,300.0,0.0,0.0,0.0,0.0,0.0,0.04679021034932625,0.4889218581905942,1.3260792441319647,2.67624320527687,7.602001452298024,15.73458142512249,24.059400913412876,28.891404576176875,30.449806805445313,30.367061463801434,29.805062855891254,29.349653677780893,29.378168070519635,29.75685809994855,27.98070399355104,25.035549209455336,22.445742953657895,20.74549996180723,19.761850966359045,18.67885122722147,17.06484835384921,15.702876327630243,14.71065373530777,13.842282451277534,13.143509555355378,12.6715707731961,12.323033070917058,11.991167794596464,11.68654436249333,11.435798825700143,11.227499084179733,11.04218464172663,10.860877430820105,10.66554001810373,10.434176527247187,10.126732169911527,9.704541142245812
638,0.15787755390804956,300.0,0.0,0.0,0.0,0.0,0.0,0.06358210202133935,0.60086945412398,1.5362553204661955,2.9658081570074564,7.888290078271429,15.859903570241851,24.414920401342894,29.771297015184853,31.118578287794836,30.165208400614507,29.29567294937615,29.325610185548626,29.52435380715231,30.370532296817977,28.89888445026193,25.951033288406347,23.700029678047017,21.72076757394766,19.94293513040657,18.48586380310854,17.09079047265991,15.86719887811391,14.932333653331746,14.196372829312356,13.507000882631138,12.994928132968647,12.58065227966946,12.18035263890356,11.812662535048872,11.50456964920662,11.242086486444416,11.003964239487054,10.773462345537084,10.535785619705296,10.27047598667254,9.932632165197058,9.478340835671105
639,0.20522210974713653,300.0,0.0,0.0,0.0,0.0,0.0,0.04630786320376912,0.47675801355638403,1.2819348331326759,2.5725843847980308,7.319928387095932,15.393931798433105,23.891725363229195,28.614526689318694,29.36496693546408,28.205922746562525,27.234801262881607,27.565860393698834,28.003378042412155,28.61547210322519,27.177248134659067,24.498269925984637,21.859215587776163,19.49057854644122,17.758499469290506,16.59506248641502,15.547756250072618,14.598045452120537,13.702958751945534,12.79785390010228,12.01486408664054,11.595489889455283,11.435971104932273,11.212913285012423,10.907524804536981,10.57984874974721,10.256317265243679,9.950843390534203,9.665026429363177,9.397582203704868,9.153804620948241,8.964025690874974,8.86282811338441
640,0.31375473271999965,100.0,0.0,0.0,0.0,0.0,0.0,0.05027713425823341,0.4877535115437837,1.2663803041188548,2.4799031595485723,7.050147017600972,15.60114522876099,24.79135604697314,29.80918888063072,30.301031046165033,28.60756602020789,27.685419965846783,28.535746521035602,29.35163190030524,30.924839403856264,28.91700466317164,25.616286022690797,23.100587777057612,21.425513640991454,20.266155851232224,18.812184570123247,16.953790846880544,15.393627790123645,14.735938929806435,14.425851990374333,13.815215276820911,13.139375685219193,12.649906184531728,12.22137434536781,11.832014773414393,11.502656563714423,11.241376878664916,11.043318110258578,10.864867245631105,10.655632297347482,10.36341135973521,9.921102515058443,9.2740706534264
641,0.42443835191086643,10.0,0.0,0.0,0.0,0.0,0.0,0.028865760284017473,0.35260974246791843,1.0462481353646573,2.2341309686469235,6.744551711535794,14.824177154262479,22.38691508798614,27.29779131859049,27.581301265688452,26.102265447884957,25.887284604247206,25.323818744399215,26.266418525519608,30.953197502628143,27.06542779005737,23.26891706126668,22.063234748447375,19.698418591257315,18.477365770818626,17.965672168630817,15.99993053738926,14.619583763780934,13.461526804910283,12.74986747301449,12.377866092865746,11.986478004831085,11.536734321356066,11.301833921525388,11.082650683578308,10.665812395479117,10.249568800968742,10.032682718616527,9.936451909091597,9.825717330949061,9.638668328050546,9.579522532502322,9.919396899061448
642,0.19665672204202053,300.0,0.0,0.0,0.0,0.0,0.0,0.037855659212886965,0.3912904253607109,1.0545745134010387,2.1204003182368645,6.081350092084786,13.026638837849505,20.66152754376225,24.93606386945397,25.584142829097182,24.889572061406117,24.35562294739236,24.1262566084366,24.543284484163028,26.125831470409988,25.07113360552197,22.19675587550557,19.763550586314288,18.055126055605893,16.91486309974258,15.969130474595378,14.863046375179186,13.722198162650658,12.75910313605587,12.11041952578347,11.629096043158478,11.11693343925337,10.55324137166454,10.037042935706278,9.61592969620686,9.306642280939997,9.088108781987161,8.93396006216898,8.820870782596861,8.727274051571259,8.626907078032103,8.472084701701625,8.21374817653063
643,0.11910276654280925,300.0,0.0,0.0,0.0,0.0,0.0,0.05311528035908109,0.5145385830941935,1.3349410108671667,2.6100219434148473,7.22054035870276,15.259366956384785,24.08514066516248,28.8610651640682,29.33040500624862,28.486988846821994,28.04788451712143,27.7711734573322,27.7824296510351,28.282763266262446,27.182433483141715,24.497913461599996,21.50566247763724,19.328375677049873,18.021819438361497,17.027739695864465,15.874314052432428,14.771474842461108,13.895503370488521,13.098853913984112,12.319234068879338,11.84548041239331,11.583816831880954,11.281214096692773,10.95117133164597,10.65934809363338,10.410987732532917,10.194414848402829,9.985712767893128,9.759582913926122,9.486104847877186,9.112766184951699,8.592121648958434
644,0.4881165433669168,100.0,0.0,0.0,0.0,0.0,0.0,0.04402639794866756,0.4238317197258172,1.0955686615610036,2.1409020605835654,6.145795188562223,14.090224710650984,23.70924057268373,28.813462558189737,28.440872409570495,26.86796302971904,26.746154552918664,27.05453911270851,26.918520881475466,28.255433395917272,26.558679461287067,23.036947720976872,20.841958060309935,19.890350956498974,19.21901661319492,18.12410072268154,16.35888190565239,14.507769563203757,13.177895026474394,12.386567051311287,11.868785618221048,11.590789311395124,11.446081643877903,11.257591357450508,11.032092297311282,10.812545434306143,10.592228982242053,10.355300921284146,10.094272159168627,9.804278191658083,9.478308234392031,9.099096415687104,8.650704578419472
645,0.1559011301528657,300.0,0.0,0.0,0.0,0.0,0.0,0.040045455960788436,0.4243343005463118,1.1604646078920942,2.359054290740714,6.874915110077841,14.820975805892678,23.233108049403157,27.706033536973084,28.622190709875532,28.214612798437045,27.535456846337276,27.294277331542375,27.78644942480847,28.93320016701299,26.97436075336393,23.35418814283846,20.807758890842123,19.352586895424174,18.16464917057254,16.9525915716506,15.72395561239028,14.71003584331319,13.713100057629807,12.695406810331063,11.878119528886522,11.359106592646814,11.006030309485073,10.73679331456562,10.524783026596747,10.352198132210198,10.20034493878378,10.051133685454369,9.887745506970836,9.69448598465379,9.440004934940077,9.031749414061926,8.384332827151061
646,0.057693822194830525,300.0,0.0,0.0,0.0,0.0,0.0,0.055743936881887335,0.5323609172618534,1.3696544431940991,2.6609479193039807,7.287079940638143,15.302803941343942,24.155334633370735,29.258029903401024,30.14546995194463,29.24821688048993,28.50469335846866,28.427232104382398,28.870608304888194,30.066308151857864,28.619599908399504,25.584962417037573,23.010638742255093,21.1803129910928,19.60762112892637,18.103164148584252,16.620255583674567,15.3737128298576,14.387305230516596,13.519140866263323,12.787434557261756,12.337319542463534,12.028572866588608,11.73126328804045,11.442483973122531,11.180814421197896,10.948008634538086,10.73985185458576,10.544305285544908,10.348123439968152,10.12993850923263,9.835218986216129,9.408815538191535
647,0.051641838663809086,300.0,0.0,0.0,0.0,0.0,0.0,0.0517528366671752,0.511918844876644,1.3444790791949306,2.651337393582632,7.375238793451459,15.427306274973331,24.13172338325212,29.200501747653412,30.31700981772186,29.84272187779742,29.230590385243197,28.93831191014743,29.145144052365136,29.999577565344552,28.54472986980311,25.49072191402477,22.591571795124448,20.41859485956069,18.98925803345855,17.965519867591624,16.872450139542305,15.691270870587262,14.625463523004532,13.7491913900285,13.034827529095047,12.47451624060078,12.017827583593586,11.63283604246375,11.317314531159944,11.070538696070088,10.876415976369563,10.716022166471737,10.569854734683927,10.418980616597693,10.23536701125313,9.953797356655711,9.50901665005722
648,0.11359656130721467,300.0,0.0,0.0,0.0,0.0,0.0,0.052514557545000624,0.5232538627555972,1.3801324346875339,2.7299779819439003,7.613341403973627,15.829511655383234,24.320680492603177,29.30297966609508,30.83056206087899,30.440266267249314,29.616245008644885,29.42007165863093,29.94315022049002,30.78302934198972,28.813573627963066,25.766849770267836,23.310445485162443,21.289525865685068,19.51880978883728,18.300970125457454,17.414165094088617,16.307438045334592,15.080307597540052,14.134642537560348,13.63134179535418,13.295375033651398,12.816825476425096,12.228416794535978,11.664667383106487,11.223241161782509,10.903628755654955,10.685330224544028,10.545920959844228,10.46436025930227,10.421104971847102,10.396773363848522,10.37213871130938
649,0.08179433435867292,300.0,0.0,0.0,0.0,0.0,0.0,0.04802916274027117,0.47257660166314663,1.23735695494852,2.437093563506386,6.849473320700984,14.573364737933044,22.959847672759327,27.808059551942943,28.750698896603822,28.165943225037562,27.49473216523103,27.088039914165314,27.78099587589514,29.471964338041694,27.952625433302664,24.770153182329828,22.234908272334664,20.493107132195455,19.11090292195702,17.844130337903778,16.573371563361636,15.405903761999838,14.330982098692873,13.39618824649734,12.601146018103199,11.90020362519159,11.403620732152193,11.059225121279024,10.812634053517728,10.629176230347618,10.489305407637529,10.377411257796142,10.277032648762122,10.171902671118238,10.042166057587,9.852647097877243,9.567645020297999
650,0.13815721210924017,100.0,0.0,0.0,0.0,0.0,0.0,0.07097732574690674,0.612162674709783,1.4834974954005962,2.765227232888175,7.444264753111655,16.028121396365314,25.011988136549824,29.95640154420976,30.706694941568752,29.27322466025432,28.328559787693074,28.824960278406568,28.72954018397337,28.989496064493526,27.948041710335243,24.98640744943089,22.2480584534788,20.382832018559046,19.307751000820687,18.46202760244757,17.12647725571432,15.761131733267934,14.748310937359893,13.830517347222548,12.885949029057656,12.338355950009577,11.980337234114415,11.598765049719127,11.209339053755109,10.861793577390188,10.571469610852379,10.342256552450785,10.166137399773541,10.03318926765436,9.94445095784481,9.941431359070926,10.07735767517024
651,0.10945330615890168,300.0,0.0,0.0,0.0,0.0,0.0,0.043387866667183764,0.4663549923043491,1.285937105529799,2.6257208622862684,7.571111156877116,15.996694328397108,25.251830102154464,30.686563153664245,31.71561975161487,31.18364747832787,30.65611638844106,30.197624977266308,30.423421767029044,31.204373888894146,29.65362087471683,26.520629600909718,23.86014278963295,22.006769741555104,20.679017790711224,19.502674841307588,18.082580533113344,16.43208287230062,15.050132841071633,14.090261212448379,13.492540875106203,13.18672889696748,12.957266649502717,12.626923709734125,12.235317361994003,11.858055965821125,11.528960118094407,11.261997672618914,11.03853411607793,10.83390047314431,10.619033802721537,10.342916199042419,9.954821343239173
652,0.09751676898044849,300.0,0.0,0.0,0.0,0.0,0.0,0.04522810708778506,0.46840508647156515,1.2637495185931142,2.538857435081648,7.124600435777931,14.642677475037766,22.534873397363953,27.208425240852208,28.235375783327477,27.52223733876901,26.853167037288014,26.755989006638917,27.000891725820956,27.71057015672316,26.304043503906787,23.564906960358588,21.112945275443117,19.280883390270066,17.94458942637909,16.90010369817132,15.784715343655348,14.543939558996176,13.418922133734853,12.526749799541028,11.848511631586844,11.355955528795269,10.87527031070927,10.417110577094498,10.045779606009548,9.800927271532622,9.652124950083648,9.558583035144585,9.490670232125522,9.421969470380963,9.323588843999746,9.155337285819396,8.878020586814738
653,0.1198129027083072,300.0,0.0,0.0,0.0,0.0,0.0,0.05377627473503907,0.5234748628577663,1.3619639653871378,2.6668136241282854,7.331912099717332,15.267536703067629,23.972865972137495,28.907373192431432,29.508364556745573,28.467856165560626,27.82986468375405,27.82568800632971,28.292995985930382,29.977943008055963,29.152584021538768,26.390561581128804,23.580587153397325,21.31763445726742,19.871549747550485,18.81289930927248,17.24340680296847,15.61695515936652,14.437366562310203,13.613095540939774,12.94273692028269,12.51389005511061,12.212768495932723,11.925619193068224,11.64534750625831,11.382986274694716,11.13372749198779,10.891823363177112,10.661286499175365,10.447983740498627,10.261210739732775,10.125293888530477,10.067574521687373
654,0.3485782496249592,100.0,0.0,0.0,0.0,0.0,0.0,0.0505666271490908,0.4811936283639348,1.235262861707098,2.397690467154147,6.695636357515101,14.625496896483035,23.3891642304434,28.387995157942743,29.522404523028168,29.236806727808847,28.887469515356944,28.116893280141145,27.96613174825069,29.85954164654397,28.81343220159992,25.315809083526222,22.113389371898084,20.37902514404061,19.3704964210238,18.066985310905235,16.28553224886153,15.083352329953195,14.608393175099774,14.155738379704035,13.421735947801722,12.73411055213218,11.953075563744232,11.254887251596156,10.737566581153896,10.422378850730626,10.243562848748223,10.13140104754357,10.05422902596864,9.990012487380598,9.92510217953062,9.877053243669645,9.870804762139437
655,0.05593964490910587,300.0,0.0,0.0,0.0,0.0,0.0,0.05664630757223041,0.5415840996479877,1.3943040701182123,2.7099776724753246,7.402071902315154,15.365471047791159,24.00315566865283,29.018018683527128,29.8306092396165,28.933525593209442,28.3025222306608,28.354625189466024,28.761734645007053,30.12799741749773,28.973525669123962,25.647325881202597,22.621288422514702,20.68918932151912,19.494047745612722,18.551790456663408,17.397164489489107,16.053434915221054,14.806255855623972,13.86709948920702,13.128637551628861,12.444048762096436,11.875186163544416,11.432463772671182,11.109080006505147,10.89419504600407,10.747356021357435,10.627342939670726,10.50991860782357,10.37550979659023,10.200689537352906,9.945097523350935,9.569498791745943
656,0.10637265497343182,300.0,0.0,0.0,0.0,0.0,0.0,0.06325042107805003,0.5774490228609761,1.446829912792275,2.7536837331484953,7.229115934153664,14.536646507487154,22.479548772799294,27.247440764132687,28.33616126634333,27.69504453210454,26.925261848645597,26.860197700313353,27.18198119755879,28.335765791630887,27.38251343060427,24.387480445122133,21.575222798168475,19.832454171909053,18.60318330478871,17.471212810592398,16.142746452334276,14.895318247903631,13.980882110534308,13.293975200812039,12.71975150842245,12.331062231069515,11.890623446453452,11.41398539657283,10.96707362303818,10.59058655224708,10.28782470764444,10.051540448619335,9.86458301752754,9.708794149188451,9.568383658885375,9.432532151409877,9.29197491442861
657,0.1757288226057976,300.0,0.0,0.0,0.0,0.0,0.0,0.04170027176448077,0.44150709956236206,1.2067335125749767,2.449058363308745,7.0290878817465785,14.846374414240877,23.41214103673882,28.50249250565422,29.38396479404555,28.54752924185681,27.893452108289022,27.695935802569835,27.82396074340407,28.30191909111533,27.137009937276602,24.694350633940896,22.230167061963304,20.113351658732615,18.331627505531685,16.886741244513622,15.670617338750434,14.861333799581926,14.311267981895,13.721855029183457,13.024690349180773,12.462630042702747,11.99546615871793,11.53612168655349,11.12618216430609,10.815174028987139,10.590306174620771,10.42676958696422,10.301182019032446,10.191421543336885,10.070168344577223,9.887046438255405,9.590216145280628
658,0.05892532215859971,300.0,0.0,0.0,0.0,0.0,0.0,0.03911220619089736,0.4252393794609512,1.180588574653205,2.425292191638985,7.102470057460192,15.104421672874095,23.597097467913365,28.4908699237365,29.366017715652095,28.410910776681057,27.62323789969184,27.775444963567868,28.31110329309541,29.51973284948481,28.196576062891893,24.8366358221911,22.05328051454545,20.198658149150777,18.99142984582335,18.224456859199186,17.245021115436515,15.808221992151404,14.456704239915629,13.58002653185703,12.9952770524256,12.442558475464732,12.002464786763037,11.642747562607248,11.333058358955505,11.058880387186061,10.81062857981866,10.580750915051226,10.36381099483165,10.155092289250957,9.951957754120132,9.75896912802972,9.582009569170875
659,0.07603596105372762,300.0,0.0,0.0,0.0,0.0,0.0,0.062470246085678374,0.5711802500385242,1.4324465343510628,2.7315068914645924,7.321129591693397,15.328251819858743,24.294066144013158,29.315138503850445,29.88620215009945,29.099121392803657,28.653490384527736,28.31061186287877,28.136651510913286,28.75197271349773,28.084711813433124,25.713853725279286,23.05132203210652,21.04982859450401,19.7984882387966,18.659185485207786,17.252613949073076,15.867301453265874,14.632905908581142,13.598664533177963,12.8998461873434,12.520748662960907,12.152251868217048,11.750712991625697,11.370144867723297,11.052489878440522,10.798914616508913,10.598966418838264,10.431370604070308,10.273416735788865,10.101364279284988,9.883789804130254,9.59020287404419
660,0.10044584371399992,300.0,0.0,0.0,0.0,0.0,0.0,0.05117831715306279,0.5079735516195076,1.336782040264055,2.639823485097368,7.35474372195136,15.375096082515809,23.919416694259528,28.674369801966595,29.38102667531178,28.53522668675195,27.89529778049816,28.124592040158156,28.501670786961185,28.910523076751737,27.133490743089215,24.411649730181516,22.159467068156047,20.20835895242292,18.53339874203498,17.283382614807273,16.05435353628856,14.746059861415148,13.716327030454464,13.026453389051351,12.448883309263959,12.073193189166146,11.79768520290025,11.492567918049604,11.171928077295272,10.87491501211638,10.614759497867139,10.394637473164563,10.204094885263887,10.03018958527337,9.857260161985819,9.656684179401523,9.398905135862138
661,0.079718615121842,100.0,0.0,0.0,0.0,0.0,0.0,0.0445014845542879,0.45782693605172914,1.2302812103004857,2.465412920013549,7.017188640652177,15.073178700504975,23.97335172770513,29.459518852196997,29.981885232039552,28.27305090633137,27.77560375204326,28.017269897889772,28.261071896578027,29.987954668064148,27.990194098572537,24.5731005322443,22.365004505026157,20.3192838913131,18.834493085584278,18.24332671623925,17.190333141293916,15.776748773039897,14.476273199234523,13.606402705452144,12.914522432469537,12.430416243472106,12.13084371083312,11.78258987034581,11.375618186274489,10.967170983528531,10.61559654381771,10.361761393969994,10.195244266884863,10.09602510949441,10.041136266178905,9.988632204912603,9.892568233079608
662,0.13452743520757798,300.0,0.0,0.0,0.0,0.0,0.0,0.045902425973729157,0.4615597932821914,1.2238587635182359,2.4277863468468754,6.738576701958102,14.03808391402895,22.170003803230596,27.053834994249996,27.786642431583402,26.81195568529237,26.152506211029124,26.279035368798407,26.915907011267045,28.17225200011097,26.674582270439917,23.794735679433714,21.13047810279363,19.188011981481267,18.055090058524158,17.185446464617712,15.840795436214327,14.198846090714047,13.020122765934419,12.468210391564762,12.16557439737973,11.909856970132838,11.546400265893054,11.10163646993573,10.662764549265445,10.294364005985745,9.994566446328305,9.747504525756543,9.537122737486518,9.348388200050522,9.164875559375622,8.961279046985968,8.712147437464795
663,0.08755732955627762,300.0,0.0,0.0,0.0,0.0,0.0,0.046707123763226076,0.47267516988229125,1.2581322025588988,2.5037103120453357,6.98722529373774,14.577519030251228,22.992878735007395,27.90399121451676,28.63669136189357,27.942311314340568,27.428792884934754,27.148857100418883,27.680307504801558,29.41106686866408,28.280172954304057,25.163352544070854,22.40867008398142,20.1565451118855,18.425427992743902,17.229790251166502,16.140646924767005,15.025481322773883,13.978326784619423,13.148415614602884,12.528254271882632,12.020068457113467,11.733576545490092,11.497094573936627,11.256224032956444,11.010755361795818,10.763629086301941,10.517519792056603,10.272071139699273,10.026214303882353,9.776002792915778,9.50652001353052,9.201871927146431
664,0.22690067552922488,300.0,0.0,0.0,0.0,0.0,0.0,0.053609772770504924,0.525940181077734,1.374627566065335,2.6994102571859115,7.408526135167925,15.310359067590966,23.972676865566484,29.17779449218195,30.506995190467748,30.17517076525578,29.65062681160728,29.304283309991632,29.625161155546188,30.56513649609383,29.02624292561295,26.029148924930382,23.606065308553163,22.110144934629275,20.777486334285012,19.159973409884877,17.32664463888727,15.739205129598831,14.635175611041593,13.859047121033882,13.148118787125382,12.686694724204996,12.555520310495517,12.396976126661036,12.135053112906917,11.802870382746603,11.459182487205078,11.154299948160617,10.898198800502339,10.691492341898423,10.548025304702154,10.533325418617936,10.729147570976437
665,0.183677095690528,300.0,0.0,0.0,0.0,0.0,0.0,0.04598337486471366,0.4633440396104071,1.2301533119212709,2.443190270804708,6.784497388086293,13.957476900598389,21.47884851436455,25.865226940631928,27.17089906117928,27.23006390562764,26.84932253437763,26.090987347596794,26.28994711202695,28.067124839859325,27.035816011192445,24.176634717476063,21.705336186044754,19.93892078584328,18.436924935427637,17.023774615573615,15.913604501784883,15.13221494780951,14.354361713295253,13.49868326275595,12.735055550904393,12.135432195654557,11.680555459658121,11.294125043412855,10.936196162436312,10.589740579913881,10.271497701501428,9.999083219108337,9.769675583649441,9.576302250513194,9.400403350427538,9.17671596902875,8.83510080944765
666,0.21866023501214293,100.0,0.0,0.0,0.0,0.0,0.0,0.07760292658863586,0.6174577680405562,1.4269500351117452,2.565480949508939,6.584960439623781,14.29516149214507,22.958219670752786,27.306021658116492,27.453807422213206,26.18079739091716,25.47887692269695,25.878953340298757,26.212246642066518,27.812324900986162,26.66025203033073,23.65036145229251,21.002830706776244,18.7351069646387,17.670842689944372,17.031161812753492,15.59496593295296,14.31616138922823,13.381250183665676,12.545547313261675,11.678777603442276,11.047424054723514,10.749611972033948,10.611840759524743,10.528495000512232,10.437573264171094,10.318320165045582,10.163239719654875,9.975999593787423,9.762891062018372,9.543662721563246,9.390221982219373,9.384075559389133
667,0.3662090234992643,30.0,0.0,0.0,0.0,0.0,0.0,0.13234450172752033,0.8053807637798001,1.591256436363847,2.5780781192242648,6.450179989139299,15.0313817614204,24.806188955912077,29.823289177157555,28.994683187331717,27.2797059832143,26.971265947162312,26.93115756738295,26.956293852640087,29.762425109970387,28.13565145435604,23.961810178453334,21.42173486754201,20.3650629491747,18.56715752947206,17.271690489465634,16.179844076388854,14.887362768299635,13.769343637941777,13.188386036783095,12.344041569614847,11.92506544642293,11.284605081407593,10.798650065031808,10.473384249788657,10.18833115179995,9.99819465818056,9.961454372252978,10.003761529370614,10.018809701652922,9.896944069292012,9.524429384680456,8.81654772998913
668,0.12255691195544113,300.0,0.0,0.0,0.0,0.0,0.0,0.046715748363960016,0.4779133633241117,1.280302414890628,2.5625729831939874,7.258888093915753,15.199232203368416,23.62039210314486,28.55508822850919,29.67412726343811,29.004492244409892,28.399225025993694,28.485946970325156,28.521209380447715,28.40188378133708,26.741869539983337,24.022571793809803,21.454611422246174,19.478357588844514,18.37345647747693,17.572288890119268,16.24235930103252,14.885306958871253,13.757455583035808,12.73334181632998,12.000317610886427,11.665001704854971,11.43505526044051,11.127492573754736,10.772660537315685,10.429654415823862,10.12121715771804,9.856364006110795,9.628145486843867,9.4266401340728,9.244949119407167,9.085237974098066,8.951641239919821
669,0.1727111961035769,100.0,0.0,0.0,0.0,0.0,0.0,0.06774136905900287,0.6003927947316745,1.478435011439918,2.785453488064372,7.499795606148207,16.038050290990466,25.4764571796485,30.95826215706543,31.263597334133742,29.877983629926874,29.531701063522217,29.600452509736673,29.72320572569239,31.964772397929032,29.99506965286287,26.413901299097766,24.18102401116163,21.97001853463142,20.53166379189434,19.80247448142027,18.553320315413213,17.197833806352254,15.798370998773171,14.377915151274296,13.573647918268682,13.45014255643631,13.232390521619566,12.783490029769094,12.2545384117403,11.777714042271523,11.392825176163308,11.10992569789273,10.910842182625155,10.77312080171072,10.695298111834623,10.752495639439548,11.044647329410783
670,0.1194920767396443,300.0,0.0,0.0,0.0,0.0,0.0,0.04756246972265344,0.48881938205758585,1.3130765342165265,2.6347889559134168,7.546505656909471,16.06031861667363,25.054780196252114,29.82300994627747,30.34157334909261,29.423003628679695,28.905265268287213,28.9911441545823,29.472204495618,30.221608067544736,27.97640760155289,24.676735332940538,22.427701436651216,20.82774787336433,19.543281195042752,18.360281363491424,16.943861512879256,15.559122247099513,14.31804080069688,13.381954225570663,12.819234582644073,12.447198333548016,12.086954866448728,11.695692386865288,11.325456926218143,11.026775176133988,10.801097971121148,10.63630850763596,10.508473144254642,10.391879650380961,10.257349547213789,10.059075334475594,9.751238958089418
671,0.16309563166280377,300.0,0.0,0.0,0.0,0.0,0.0,0.052791522356828255,0.5364466340004284,1.4313466769484358,2.855803363430084,8.082400298004517,17.145264789686394,27.01567105046273,32.55193175005468,33.19178102909263,31.877252573415337,31.224404584759863,31.605110406289526,31.83972062669018,31.933363191626157,30.004022411805533,27.058659591252024,24.349142556528516,21.909317935093842,20.24221228325063,19.137784038925926,17.96300755870257,16.807062797746255,15.898467421102804,15.149504306054745,14.329457397804296,13.537816480409846,13.006188326009967,12.578217156835162,12.206427548276544,11.894492020372487,11.637387100421192,11.42586033181675,11.240407228778615,11.060089517610113,10.85557411944475,10.562140894924367,10.114745124403925
672,0.14158666861359814,300.0,0.0,0.0,0.0,0.0,0.0,0.04633834244546523,0.47286643592547356,1.264862988089144,2.528034044630638,7.144660394132917,15.007402757061447,23.296028871779804,27.78030003281649,28.743774437911107,28.498427725411844,28.065749397002058,27.4444090084461,27.354270744964943,28.357086632993344,27.18451741354834,24.010537372237923,21.248198538655004,19.63379328323857,18.671341779980217,17.586286136961174,16.104684685665394,14.808602637838614,13.77921927144491,12.941413089870407,12.358513607224156,11.92193072219488,11.406456577332163,10.84493012691197,10.335485413065648,9.94591219500584,9.676875136264824,9.513722766577505,9.431687687518842,9.405570104072583,9.41057530167643,9.417906037731365,9.397618424845195
673,0.34055234250163247,30.0,0.0,0.0,0.0,0.0,0.0,0.057014478165951295,0.5346265643473477,1.35929698194852,2.602698013250193,6.993274469694615,15.394154920808761,24.53376435495966,29.998721425486494,30.062295659133234,28.21894241089176,28.002431360833324,28.360336069804724,28.335946671148392,30.719989372446996,27.50772357684784,23.65101212794744,22.767785380271473,21.133347886425533,19.006579986833433,18.45542807363029,17.293404989054693,15.622322841189048,14.868359737755622,14.22860101418575,13.443558135821009,13.318902542941702,12.666332907342367,12.263891160640162,12.077504447740083,11.80030537979898,11.423342703573809,11.001135395553884,10.56215528207919,10.126352420729985,9.7503552895887,9.638627485117224,10.040735424832818
674,0.11092923644376051,300.0,0.0,0.0,0.0,0.0,0.0,0.05992503740329419,0.5656189179341008,1.4451692782837915,2.7907980449396166,7.487629270322851,15.256983353550213,23.625382073258177,28.566092821682417,29.811415335006956,29.518475244110068,29.02790351517402,28.608091498742844,28.500296529123215,29.05688851995491,27.73751240803628,24.631931417197656,21.937701379928246,20.392276695094097,19.473862701662092,18.48991555397955,17.191213520248656,15.885998206541972,14.686856266513121,13.583534566835024,12.726262289328513,12.253821986670562,11.965767106513013,11.642408293879901,11.292943762691536,10.969349921345183,10.688574878886264,10.455315248825686,10.26077055697053,10.09370811776262,9.94160699431063,9.784433923947345,9.601344651295278
675,0.2654783014020827,300.0,0.0,0.0,0.0,0.0,0.0,0.04172342416839279,0.4575391670599745,1.2768293419052723,2.6360791788666122,7.862995521446692,17.180226371262467,27.22159039713108,32.43167629170548,32.853338359089804,32.07687206016229,31.587360929146968,30.87961658350342,30.966268469872244,32.28467192905976,31.23441636436178,28.250882468395982,25.250450306694262,22.85756503770014,21.41597614670408,20.32284386827634,18.852266710471234,17.396076393345933,16.057783783660334,14.814189690565735,13.858261652265272,13.278702548940291,12.887405453047931,12.502124475043557,12.12534758083206,11.792756908175454,11.51187592207465,11.283504417065448,11.107951902792866,10.985749190607583,10.92941607321267,10.998230028500002,11.268016528267099
676,0.08827151172201442,300.0,0.0,0.0,0.0,0.0,0.0,0.04528356611541599,0.47217458775541005,1.2790870020853153,2.5798154814132883,7.361071468603407,15.47877452632534,23.947024745060897,28.545768211362866,29.468757691891675,28.960498951410482,28.337650044580272,27.971389323113396,28.259264082395713,29.757796470525264,28.650356259847538,25.683490910504744,23.188264592818363,21.1774512721551,19.477146472163692,18.112665066582423,16.759086482860656,15.608456867431626,14.575289727462197,13.73159310750316,13.286222328972956,13.053944966142632,12.675696394919848,12.215917040967353,11.762846475526562,11.362749489329769,11.0153192645688,10.711198136563826,10.444911427057532,10.212238156501668,10.01194973327908,9.853159230898186,9.747167403100713
677,0.1458629870684758,300.0,0.0,0.0,0.0,0.0,0.0,0.05532957229599414,0.5241663575935203,1.342215872705874,2.598406687946922,7.070518365844075,14.761712065958749,23.23213113572024,27.789291586576212,28.29980092003901,27.725810016117634,27.426558756527136,27.235393994720905,27.38936734145579,28.31699597275742,27.239342388669723,24.47590259760609,21.830582505502413,19.820495573902758,18.29116914587493,17.015684811523194,15.765209789290926,14.673990609192762,13.841957896300794,13.116681285436576,12.37079827849924,11.723748245748444,11.264422522400064,10.848574732188306,10.459124626164247,10.120684466995463,9.848969819659462,9.652285364022793,9.520536569847843,9.440615795017875,9.406789959450277,9.438587201580352,9.563108771094559
678,0.14381839705831928,300.0,0.0,0.0,0.0,0.0,0.0,0.03719991832803758,0.4100947139309121,1.1478706659569362,2.373157845966374,7.064150294530933,15.469393058011258,24.668415411288812,29.509972445396162,29.85512538555033,28.893394010524116,28.378351067370048,28.062775477188744,28.241322925985433,29.306173475435358,27.862186692063105,24.886756658387874,22.27738197260449,20.075988352646142,18.578784928816983,17.567976536363187,16.21223282585501,14.876343006661376,13.892097473734005,13.17851025158382,12.57600285280122,12.04163610582128,11.591412513058323,11.247678704150236,11.003580315280674,10.84144774396411,10.723769280737343,10.614841258184551,10.500415895901053,10.37169934847315,10.214953668856799,9.996484264801014,9.681310053321955
679,0.07868563364091345,300.0,0.0,0.0,0.0,0.0,0.0,0.04304978376562944,0.4480701680002029,1.2125331888690882,2.445772877399737,7.0703918013017075,15.348404419451574,24.55104278473564,29.523031515902556,30.10299386989378,29.483528927425652,29.102166935655077,28.631947473472728,28.83624596993569,29.770568094705098,28.693337310400473,26.016522895190917,23.241760722503017,20.96873340304906,19.4937939198316,18.646246460557215,17.62085742114788,16.1384187861436,14.603005783064237,13.501518990888567,12.94490409279468,12.660939944905913,12.271058299443501,11.827225363104475,11.437552246412412,11.164027515777768,10.980091606984923,10.843956184004128,10.72423046389033,10.592852386117611,10.413161947348694,10.112828390312037,9.621972552988487
680,0.08000161405887038,300.0,0.0,0.0,0.0,0.0,0.0,0.039164465840991335,0.4161520444642001,1.139963913108746,2.3201014403997684,6.752015021699013,14.474548189874682,22.854288125022777,27.607071177924023,28.4598039513726,27.925319812056443,27.451349170697792,27.160504044432574,27.42410036222317,28.294892770625562,26.937339049690443,24.090128828791293,21.45909551863045,19.767034063223367,18.638918573686638,17.709102065049958,16.603145435134632,15.136698146212282,13.717981631837615,12.811679188900847,12.328783266077247,11.952072400804013,11.61960780679163,11.324439499205345,11.05826863063684,10.813538080905401,10.581265149108352,10.354913117830066,10.137427861428081,9.93362159461203,9.751606748968896,9.613738147873297,9.545088096804488
681,0.11407568132877433,300.0,0.0,0.0,0.0,0.0,0.0,0.05629148392252435,0.5425095639845404,1.4032346211975522,2.7371263831777752,7.56202037124807,16.126099891342005,25.79719451915811,31.014309391473642,31.481532531132487,30.715725279964524,30.182198869510827,29.73019110211338,29.970435271137156,30.296128490879678,28.417127265826394,25.322221502765192,22.60301417305139,20.48367554879365,19.341349226572262,18.658831468822093,17.41710990741413,15.883730295811773,14.603451879693985,13.75672369066012,13.140433383901506,12.6907667550894,12.381770754707858,12.106145567297025,11.840660927568937,11.587705902784766,11.344733572272382,11.107677263308549,10.870918849426902,10.628778551145878,10.371798706853296,10.075062589783,9.713018382454697
682,0.4653676135675408,30.0,0.0,0.0,0.0,0.0,0.0,0.04182685309316106,0.42712789509190763,1.1428512407301534,2.290839856672704,6.8520593105332015,15.83810090275725,25.174380985885303,31.308787753071893,31.798015071696856,29.267232888291538,28.6906264865575,29.446041235640852,29.86019470012319,32.88223838584741,29.41663998581073,25.440473736669656,23.627324110098936,21.04586510568704,19.14938689571508,18.404369588561337,17.241898337575346,16.12933934257063,15.582041205599197,14.99447881677799,13.783847063504107,13.00337953738826,12.594518385948069,12.118259167384045,11.59450086522886,11.132429217667452,10.766684794649944,10.506943843040002,10.336157944509283,10.233458048960062,10.177816251242247,10.140061475193432,10.089331692280096
683,0.176281371886939,300.0,0.0,0.0,0.0,0.0,0.0,0.047847077481626824,0.4838932921929159,1.2873950383085084,2.56010730790688,7.122265561013871,14.658806886278246,22.358014764930864,26.68082761572186,27.709629037577297,27.20403342621148,26.58485005949555,26.377389692518477,26.540994268873284,27.359884170172915,26.398866194044437,23.71207658359291,20.922696641517565,18.83561148214955,17.45410643873032,16.383111023440076,15.168841114529782,13.92482641680472,13.087958810483167,12.563069654033812,11.889287990481133,11.183495428208275,10.617069732206003,10.209470836750887,9.928813118942651,9.740392072131492,9.601932596590697,9.47786261490216,9.359990285640283,9.246736065634707,9.141472056220433,9.067002375624094,9.050431425500049
684,0.08161087040842792,300.0,0.0,0.0,0.0,0.0,0.0,0.04796266340589348,0.4795212435177784,1.267294539343296,2.5100703583668236,7.015007168906581,14.747271237830208,23.03157469096197,27.501398529389117,28.33441353035649,28.202616039150755,27.877237271388932,27.345324324160124,27.65148991754787,28.685264675083424,27.24211865569953,24.429989803205558,22.04503531013844,20.306659072447708,18.87737932717375,17.604257239484266,16.371005891713345,15.252020514716415,14.201045152306516,13.314043458258631,12.569256588326361,12.071455158480243,11.763741080423213,11.407964638559477,11.00486283397604,10.615479592693994,10.275777114578128,10.00548615822088,9.793136466737346,9.621544206512127,9.471635725725799,9.31207999157241,9.110323960942189
685,0.4191734128961601,10.0,0.0,0.0,0.0,0.0,0.0,0.14185101646682452,0.8904344961875559,1.785954813599089,2.85902075546872,6.379367434370272,14.777657598772894,24.91787663761315,30.160654500103714,30.06611256126514,29.108176325882265,27.93297642493265,28.539238362437402,27.854382649740636,30.065657822548026,27.508832855562197,24.808028412948794,22.241681504477473,20.056948145638383,18.265667079358575,17.707721455037316,16.737757259145123,15.934011699504037,14.439321436373916,13.473216585508439,13.072755957584123,12.767999137395936,12.712681651183903,12.1850609870013,11.442035846654793,10.908557083750315,10.606189409791813,10.47300434525113,10.42508451323347,10.375376720169848,10.257168626875444,10.078613045688474,9.865947777557988
686,0.15450231348790713,300.0,0.0,0.0,0.0,0.0,0.0,0.049903789247085294,0.49865197240323644,1.3174105308077584,2.607771173416332,7.250539103646925,15.178527249643361,23.98687173115309,29.088049075650762,29.86347480098102,28.9807097612319,28.398873339911937,28.623569937467266,29.23226246351405,30.29908274842274,28.443125330513663,25.282992873834097,22.667488333707176,20.648549894638073,19.19097220111009,18.128832927183034,16.91628701906306,15.562623784449698,14.495127699084673,13.894480785495293,13.516065230777523,13.06498169691316,12.487239011610388,11.897529382272017,11.39816999656,11.049166604284736,10.825261709104662,10.686251669911771,10.593930441522842,10.511695232146096,10.39876588822868,10.194989775761545,9.841507096676741
687,0.15503342985373209,300.0,0.0,0.0,0.0,0.0,0.0,0.0504314062090954,0.48813921949363864,1.2657749011441135,2.471850871192907,6.751637495241104,13.869742939710893,21.444988255485825,26.057800585405655,27.216433419467595,26.55432537591355,25.87776006238867,25.88485774737219,26.112186900776972,27.239775659344726,26.28589666036402,23.42373925862563,20.754610452340348,18.87884027012123,17.71612333284542,17.034505088555797,16.2583415216579,15.179947001202159,13.896241257741263,12.625904354742982,11.785411517223134,11.393814791857446,11.044641890240051,10.64578676520285,10.268681889862444,9.97497349766307,9.756740611663506,9.590956552185569,9.451635374400048,9.313207856926903,9.14469858054003,8.890861307667958,8.498088782228763
688,0.24823115406058827,300.0,0.0,0.0,0.0,0.0,0.0,0.04916841251103306,0.5123171733891579,1.387172995105801,2.795439148873579,7.945205777795526,16.786087171690806,26.774261495770798,32.888952592524156,33.5906920468454,31.934344650792774,30.976990276380192,31.313284734139344,32.01146318950038,32.578661878622945,30.102756625341694,26.257013905376066,23.414821654010858,21.664267914491777,20.317084194826723,19.005409148584643,17.527066541531216,16.02610555146818,14.647566829140876,13.787159726520617,13.306024405713785,12.84289482589006,12.44239719732769,12.065620052517966,11.716317944076218,11.416900199329046,11.176623403652254,10.996344301585001,10.856612043241695,10.734187060689258,10.598899511337482,10.39054870725509,10.04708297122381
689,0.13773934198289617,300.0,0.0,0.0,0.0,0.0,0.0,0.0537989528495757,0.5207098644718053,1.3502158279998022,2.636425951247335,7.189243234430548,14.79343661639528,22.9887510045031,27.870244057945285,29.054349320270287,28.394349351534046,27.597608166892783,27.566194706458425,27.907841483976778,29.085954320955807,28.062345413148634,25.129129045547945,21.94897801413899,19.439316917079218,17.942035271011424,16.942466880059648,15.90338895087227,14.935107195758077,13.97373811678624,13.039292581928711,12.414781737212394,12.170024221768546,11.954637825100637,11.624129354656956,11.226594502075072,10.828171918988787,10.465323825301335,10.158719399100272,9.904206928220956,9.692799904402964,9.523157258247071,9.420549594506701,9.41665282677352
690,0.1061895628506043,300.0,0.0,0.0,0.0,0.0,0.0,0.05647721062736117,0.5459633172280701,1.414763062378269,2.7636740203828056,7.607803237641427,15.798128525706314,24.443668049494402,29.28039870014694,30.144871910332416,29.587499769321294,29.04500754197661,28.55896728139304,28.923152768746096,30.319063484467947,29.164863471176474,26.17306072055883,23.24293459113499,21.018425672967705,19.69622880076713,18.517032659020295,16.89018725705948,15.452283149952448,14.570334892247851,14.00726950316924,13.412993251461867,12.85878317451999,12.463765383178648,12.107967447703286,11.775910722622644,11.488518151239141,11.251910944816522,11.06398504010959,10.904261868256865,10.748926812022626,10.570670138476734,10.325325507674622,9.969302431319312
691,0.09335490614208902,300.0,0.0,0.0,0.0,0.0,0.0,0.04802331591807184,0.48215073370296574,1.2774585348397203,2.5354516238857787,7.10085845013554,14.911044429026672,23.41597992797796,28.270674357553947,29.054192043339338,28.21205374230614,27.572825804013988,27.31554994741595,27.845444334557037,28.66289335694885,26.91509191389683,24.026085836536296,21.50527505887532,19.74919327572986,18.591703657834163,17.62147456508684,16.46080525579737,15.24675303349342,14.194637090333897,13.281930150176365,12.527174961239009,11.961350146263698,11.609973299679845,11.319463882416809,11.04382807124329,10.778722889877985,10.525776856196293,10.284663090704791,10.043044056907739,9.786723803819877,9.499175692134054,9.151532065443824,8.7170067021906
692,0.13326275279355207,300.0,0.0,0.0,0.0,0.0,0.0,0.050959150188324684,0.5220711022363946,1.3996200367103697,2.8003246783860916,7.901880244283278,16.63359632135112,25.93117156103896,31.003456677355686,31.78058691092617,30.998495627223676,30.372683667977743,30.146569507342605,30.116413617916564,30.71093645835196,29.42641773547654,26.436158037286845,23.497162276838782,21.19738690632682,19.83086321105935,18.922100433146902,17.665096944207377,16.288885421954813,15.147174512608002,14.12155071391281,13.312734834044551,12.92476163289766,12.696508697885724,12.423672134062537,12.131082145706682,11.872373756109189,11.63976691135048,11.41186159724003,11.167965530649981,10.888911419697374,10.547740877970092,10.083699698323654,9.442174352291907
693,0.13022794103989704,300.0,0.0,0.0,0.0,0.0,0.0,0.05024332118119638,0.4887688858167972,1.271205459401082,2.489304689292735,6.871823470897917,14.400111947061976,22.779797862570206,27.869144857439867,28.833820625230242,27.960129668963603,27.244614725787333,27.26225445120773,27.30478988688998,27.84603471173335,26.628237545564787,23.93870997042794,21.559216786357446,19.63303139635279,18.143995384081105,16.939311106165906,15.64403195727966,14.511138002282632,13.689415523498829,12.910919215649223,12.203499733848632,11.864340716661479,11.688006506925293,11.463990402544148,11.189659825291852,10.901348828396326,10.614690704875207,10.337642149263694,10.070267565794309,9.810808670107274,9.55577405891701,9.294916329118438,9.017372897628906
694,0.11955853018800508,300.0,0.0,0.0,0.0,0.0,0.0,0.046606665563832805,0.48770656353801217,1.3238586945199928,2.6727255886532033,7.615026856851031,16.082704553983586,25.262251905287446,30.312810802265027,30.9656095607964,30.032255086035082,29.43108501526635,29.452338711563684,29.42935034225279,29.846175443899572,28.35056103024857,25.235914246662016,22.722446404188286,20.96949892873356,19.858618378375006,19.15343364948197,18.11224067542314,16.655095754717795,15.209443182220353,14.025745277725468,13.076178515429152,12.399399479523556,11.943768265346849,11.563229153768452,11.256530741722448,11.047288744820468,10.903561102241454,10.784836362846804,10.661496265771385,10.507388998224128,10.293731937970543,9.978387747901122,9.523206183445438
695,0.23720208049568886,300.0,0.0,0.0,0.0,0.0,0.0,0.06465117412417844,0.6237328519611619,1.6141385703463607,3.143297806325697,8.433552315966327,16.921509110561082,25.777480137530958,30.949984033956316,32.583474389873125,32.86787776420642,32.3413560058902,31.47580914653969,31.551071735982113,32.24107332495232,30.559020810311964,27.451672766229873,24.58126331461251,22.365724515693966,20.99655612797618,19.849268155581825,18.234285931680166,16.671524562877494,15.498145495782428,14.681094070506944,14.092836805153485,13.65404917075032,13.226458761213074,12.821792622792124,12.48619973212369,12.24319799398393,12.048830517830934,11.854359976221094,11.64637838575297,11.420263245683127,11.176787052307281,10.936291100914557,10.722185911727971
696,0.13239117598851968,300.0,0.0,0.0,0.0,0.0,0.0,0.04754200257012016,0.4836264767720118,1.2912423048195882,2.5767280675081192,7.2555582210389735,15.208412764078632,23.60504860634092,28.10379947250241,28.913160468283028,28.43920820560495,27.75044958189672,27.33499563210826,27.74835915491198,28.80697332442057,27.15701971687018,23.945621845590683,21.14231575538413,19.09996202883051,17.7662046612766,16.780274463654255,15.639193097058858,14.597214948245071,13.717839497540393,12.938509129319444,12.330243795195843,11.990199768440025,11.675210218659867,11.299540023113199,10.942413714145594,10.675435804022781,10.469981567714981,10.282315348714572,10.091203010022161,9.881605470420435,9.635876294299914,9.323456409392795,8.915581897210966
697,0.1234294314757904,300.0,0.0,0.0,0.0,0.0,0.0,0.04133838339731896,0.4294698809818807,1.1609801562650124,2.339904134111075,6.722934655510319,14.288944601155304,22.289809770266256,26.690764371767667,27.36352005056949,26.631418615455022,26.032051916097743,25.80086745619172,26.03465010409044,27.1811651050725,25.78699157568517,22.806538346106215,20.553875174231116,19.126288300537947,18.074904110856604,16.951400713313134,15.690532923912647,14.681829651620717,13.81618442791513,12.931486793274695,12.147199094803524,11.61939109613818,11.360543246869954,11.060958142281123,10.699470696219734,10.339066080680588,10.014260156887861,9.74468986907536,9.526534014365472,9.35138281842914,9.215408076454505,9.129712546984138,9.109152858539648
698,0.18997311318216042,300.0,0.0,0.0,0.0,0.0,0.0,0.04079659862164797,0.4419455345947382,1.2243247364771586,2.5104473448997293,7.3363992231313935,15.768596297667264,25.052743402525422,30.1424743658839,30.59095552910742,29.51404522427815,28.856970290953083,28.777017442728802,29.122989599109715,29.13079956447991,27.028018816633434,24.26495475303487,21.953185189447282,20.110444805703462,18.532174676515304,17.007480629569862,15.514854838563808,14.384576948224916,13.634342991716439,13.062450194109358,12.424118479149303,11.79641073390784,11.348252339791605,10.955379031704581,10.606366030773067,10.327661173754137,10.116344632477828,9.959555689153047,9.829033939066097,9.694060161422659,9.516576677389459,9.226793703365031,8.758272557708827
699,0.22808779860322134,300.0,0.0,0.0,0.0,0.0,0.0,0.04745908830619045,0.4761565667215315,1.2610451302532173,2.502145589020582,7.007997104847054,14.664669174452555,22.844188180831242,27.793968356290122,29.411991408845036,29.49668952524515,29.08615807050645,28.380078631975625,28.468913034598337,29.609630743282505,28.2016923885647,25.321413468233605,23.252256225596128,21.672280419992646,20.2313018303431,18.831947493403135,17.277377841338115,15.993019318394952,14.96738879541469,13.900828932792962,12.918768711360686,12.283920009670423,11.862535728046344,11.500704070942653,11.196732694850974,10.97188037392081,10.811769697102148,10.694331668034918,10.595649143631167,10.491956583871255,10.35284966032247,10.120352311568775,9.736526764208069
700,0.13362006775263652,300.0,0.0,0.0,0.0,0.0,0.0,0.04367410187645541,0.4464435230164399,1.1953903962656747,2.391055493618054,6.776284646578665,14.399298746946714,22.94565555416966,27.83224131896341,28.457696462106707,27.44826144846336,26.63567324673218,26.609633166317465,27.222863693588025,28.65922025545264,27.280981330871576,24.414251691315084,21.960833521583574,19.91185245658945,18.279764038890036,17.155776879290986,16.127427424211337,14.995676757109846,13.951016462689644,13.098368835839342,12.417781292386596,11.909159791613634,11.507556823334145,11.108839658219033,10.729545893487506,10.40827857969982,10.158445073736848,9.98399527904647,9.875106577537085,9.819880492722676,9.808372358805329,9.834583381689004,9.893703872443462
701,0.097980200010134,300.0,0.0,0.0,0.0,0.0,0.0,0.047491854157968715,0.4788039731315195,1.2716568571639697,2.529697976227529,7.187068538327474,15.519722785910472,24.888009773977043,30.115229325938515,30.558004503756397,29.409721715298577,28.865390947885526,28.822928791718635,29.262805598071207,30.776705394172613,29.447437639671865,26.114335824091615,22.94061849152323,20.600071771306688,19.247294920973644,18.60371383184905,17.75255161611704,16.26752717323013,14.844710323517699,13.738950650145643,12.86135057780777,12.37805913816605,12.0682148905653,11.684867976144739,11.271306820004925,10.915458651427237,10.639814916073309,10.446002485619443,10.313659708772864,10.21873994548763,10.137767824837452,10.045038447748853,9.915013543600868
702,0.15213654371183574,300.0,0.0,0.0,0.0,0.0,0.0,0.03697264240446811,0.4116509028282766,1.1589388993802787,2.4063418318947427,7.199371023965191,15.706023373903498,24.890791291668897,29.9962366380152,30.818338804048523,29.98163849936594,29.179481835468803,29.021067032646535,29.507174790823875,30.755004913218656,29.3479047760909,25.99283991044891,22.734360702594554,20.54301063838738,19.440449079142567,18.671662422461328,17.291417146365937,15.741804391321423,14.493648021386138,13.645271948847073,13.116868801400564,12.757952208223454,12.387619039938988,11.901925032623263,11.397231460767582,10.97789419282973,10.65156163687027,10.402419748683442,10.203655097521553,10.02774007027014,9.84841826421374,9.638439438987001,9.372385531009053
703,0.16944315092920617,300.0,0.0,0.0,0.0,0.0,0.0,0.05695174209069991,0.5472373403741221,1.4129856460790968,2.751280316307982,7.5059320569058094,15.540760567038191,24.256370469909484,29.091637923600185,29.80651776586374,29.273720462558547,28.992990794622106,28.787297675048354,29.097339237901004,30.25531071023197,28.918933874993122,25.806924344743816,22.8384843809628,20.474021338349285,18.882105725974537,17.951868758755804,17.109933608164837,16.214868780541636,15.038912173413138,13.760058055279165,12.80588483528101,12.332794641756196,12.129770360611822,11.934053826972299,11.701283387534177,11.44465384355379,11.182849614319386,10.930469468172296,10.685186813421343,10.440970093731869,10.188458387623813,9.904452739594454,9.565075759094698
704,0.1476840095254218,300.0,0.0,0.0,0.0,0.0,0.0,0.04174559680707309,0.4419659270787186,1.208067103869662,2.453939758969666,7.089736408398432,15.006974412137707,23.318154388130097,27.794287166414463,28.512683535515873,27.848919995680745,27.314151022820532,27.324392228506632,27.84417990618132,29.5128972694325,28.845229817150255,26.11533434828892,23.200592997327263,20.839234447581163,19.156992283611025,17.96222359547509,16.81411507047526,15.729767083905642,14.687401669677682,13.699400809627816,13.09057210626398,12.810286156873572,12.41908389035525,11.949701718948639,11.50479094854887,11.144700077788674,10.869849802135146,10.665296098301837,10.505070342902677,10.362019734818805,10.204280866237907,9.977452941167943,9.62707754267433
705,0.1164392771185033,300.0,0.0,0.0,0.0,0.0,0.0,0.050495883802342836,0.5050511759768262,1.335165284886027,2.6460871849171697,7.402861488997673,15.500068995752063,24.242298210761174,29.523759630558853,30.854298338177895,30.046914030011514,29.24846504017989,29.392714924474458,29.891327005099154,30.55596274861912,28.907349147141947,25.946490183459233,23.12174096520365,20.877039955458674,19.376049950598112,18.30976139780137,16.8734390277458,15.432806383033075,14.534361818770755,13.905731679144989,13.235402983953227,12.693873567720537,12.23057641771859,11.766104033105968,11.333958397165627,10.975937201321779,10.688374552653112,10.458714380747988,10.276372830930862,10.131982190080443,10.025371797187729,9.990105548587687,10.068774633985488
706,0.10764989114650489,300.0,0.0,0.0,0.0,0.0,0.0,0.05056101152239583,0.5117622686434128,1.362215471059315,2.7096757153202446,7.537939990044707,15.603653154336909,24.147921470903178,29.134132268236627,30.339927390218264,30.058363027971893,29.715445378379155,29.269420785479856,29.180475461833797,29.787314369732442,28.418743816361,25.400407464015597,22.505801094438347,20.546038804763242,19.52932331734894,18.7864451334763,17.60536942469351,16.04044233905879,14.728567713782413,13.846663344362089,13.072251709761787,12.453681654015494,12.12393517209246,11.824287333688776,11.490433510768302,11.13789897928935,10.796308629594664,10.492066646842257,10.235115293678623,10.031256786420052,9.89758620329201,9.896664633363521,10.10659382306856
707,0.23161615571392508,300.0,0.0,0.0,0.0,0.0,0.0,0.08419393582497112,0.6971638476038373,1.6494147649900908,3.0098997232539118,7.52026358148066,14.933364843689256,23.055473728693652,27.938349289643337,29.02534666663784,28.443750804588586,27.713676027029248,27.45121870152666,28.242547859470942,30.280015195926342,28.861656163426684,25.22923540988654,22.15400809346189,20.108487894202074,18.559625458486064,17.329576248593057,16.145381642089095,15.143681011210862,14.440947270126754,13.762623518022691,13.05288604511694,12.463225459895607,11.92944317078537,11.435098185656459,11.030587880130936,10.751352802281888,10.557326359546877,10.40164486967789,10.266857374522628,10.142904256449091,10.025723728052279,9.933422491086482,9.88898017519361
708,0.08794492878256119,300.0,0.0,0.0,0.0,0.0,0.0,0.05382742012635455,0.5259269434855491,1.371293916868584,2.6876367967444943,7.3315458834082134,14.972838499882727,23.266920125973645,28.346864532976088,29.22053790119485,28.16577492986802,27.460199266570974,27.440712996040297,27.81444922786602,29.053570741545794,27.717633319985726,24.627679246194297,22.131679284025594,20.47624892457072,19.048582894362347,17.632072406582346,16.115247063801235,14.798264946773722,13.876392727480303,13.178913519027626,12.607975872213643,12.25465016168838,11.992372572252783,11.648011841674434,11.258725997897427,10.897381561904268,10.589226752038124,10.342038916027404,10.14261403922979,9.974062763175576,9.826597718926127,9.714056169277406,9.655542228461812
709,0.14886430397277026,300.0,0.0,0.0,0.0,0.0,0.0,0.05554331349329659,0.5240122375124872,1.3385497250091345,2.5867278389256994,7.019562597576467,14.597695172492047,23.07843125478492,28.131555218069355,28.95356466361504,28.066288194464278,27.510764208948466,27.51701565306745,27.48990938026352,28.059866645881915,26.793388058486663,23.635465333868005,20.50829444700163,18.646302358814502,17.951150960927922,17.4404560670215,16.26383510384419,14.790224350972817,13.491055271489413,12.600805191125126,11.997968917550413,11.522500796724206,11.197744627345314,10.94395901082617,10.7204316038026,10.510888584997655,10.312662522197606,10.123046871580726,9.927018476144562,9.707597574451409,9.443214529516558,9.091410782386157,8.612849299229403
710,0.1509536200555081,300.0,0.0,0.0,0.0,0.0,0.0,0.05262232110845374,0.512314883921171,1.3329137840892737,2.6077756775222385,7.122849794942072,14.737617505611004,23.094251958463175,28.03571619263067,28.8677197734306,27.91428100682061,27.293794599155277,27.55584021433947,28.216760682002494,29.675624764538714,28.198724411239766,24.64228820970786,21.441041111567962,19.656955035007805,18.862873400646674,18.182117097130025,16.894222132655237,15.244308778534062,13.93100408266348,13.07470893355382,12.427063478725437,11.994140165738608,11.620840506478732,11.29746329906207,11.029274707021345,10.810060596774202,10.626449625108298,10.462942004607186,10.300184984116978,10.118752589051937,9.888436183001946,9.535378640511839,8.989028813681614
711,0.1484188854877913,300.0,0.0,0.0,0.0,0.0,0.0,0.041145653957563914,0.4415459907500822,1.2165015746265706,2.4851097255297736,7.235828209894154,15.439619331809396,24.251383591141103,28.99566774281708,29.51306174286979,28.801222071052514,28.299886861820337,27.89705537008652,28.31302619182682,29.656508330533377,28.276247982380514,25.50564037828685,23.136176314265814,21.43469813231772,20.14198044832613,18.82490183375262,17.162354067485545,15.610618554309418,14.590674444328796,13.94685496070926,13.360657317734361,12.826087243380835,12.292174319616299,11.846732487003042,11.527302569247917,11.334835394622333,11.221021274757897,11.13342117760641,11.040960802083815,10.918303519001034,10.735136875253326,10.439845793885487,9.983702086433864
712,0.11178290629836296,300.0,0.0,0.0,0.0,0.0,0.0,0.053141995954709836,0.5137559464882289,1.33135513949702,2.600337468329168,7.147681839317645,14.888745246689286,23.206239622672225,27.9109075547052,28.79421535530187,28.01745042588142,27.27935523030426,27.36663967669145,27.974935881463942,29.08502701981762,27.71292762915974,24.702782631799497,22.113891852379915,20.342875706864284,19.020850723903838,17.910466637547305,16.732593351336714,15.526645926087353,14.369550159823499,13.293173617685998,12.366735583711526,11.844817377945713,11.69705461152476,11.59336725469099,11.443358250182401,11.242328896864052,11.010544752864517,10.770010160122354,10.529555573680115,10.294398009916254,10.076340709859972,9.91416594469632,9.851585125058747
713,0.7007213707590157,1.0,0.0,0.0,0.0,0.0,0.0,0.7076119321911821,2.4463214073771735,3.396017672722457,3.8861152378602166,6.336698418330195,16.32788716146247,23.034235673791045,29.768443121887977,29.576041783835453,28.6920973575124,27.580085651603586,28.24260644323477,27.81570272809242,32.01540121614182,27.036575503804674,25.04276059006807,21.224610943983087,19.763386746715337,18.558163700362154,17.413236988318307,16.306358912300034,15.448042720727718,13.631675669219236,12.952540340033378,12.578402514962177,13.428503930395582,11.235566957031056,10.612337142362161,11.027683911997489,10.883621787568991,10.455395812448709,10.293500741462738,10.261025623989408,10.070771527270521,9.58647798530628,9.184068332395896,9.308677955918643
714,0.19427602256954662,300.0,0.0,0.0,0.0,0.0,0.0,0.04494315049554922,0.47472017623134294,1.2957605401612429,2.627255063794758,7.517141380185986,15.7308497219565,24.302658895910188,29.248642823166225,30.325527829557874,29.39477117753329,28.49979523242763,28.5812472763773,28.77957674602683,28.771649708199245,27.28578117785276,25.046659902693122,22.802328985451346,20.954484170265943,19.48185207627488,18.135157307791843,16.81638339325593,15.84784718317937,15.190800270009637,14.404503748282655,13.372266542059283,12.48593564561612,11.822252423410493,11.29509735529892,10.894552910269248,10.623305262872691,10.44523543616135,10.322081238127181,10.231604438750967,10.155940381283772,10.073577716333917,9.947016689802668,9.7369192515295
715,0.17541157965809773,300.0,0.0,0.0,0.0,0.0,0.0,0.042858050846620276,0.4386738486625314,1.1754771072332293,2.352818169705825,6.678972910844439,14.12637449600851,22.266622603035994,27.030488719412006,27.95843540065648,27.259695986902877,26.545265660647406,26.406759924139273,26.76216077239835,27.362186921767055,26.03481730841071,23.469001904056324,21.17037314374067,19.764769118831502,18.845488840603394,17.788721971047362,16.406742912379393,15.110496665516719,13.749127688478817,12.440002260827093,11.634375086609172,11.34982647501899,11.180127706202162,10.914172570674742,10.607006788872324,10.33777993210661,10.103323245275043,9.883535294362016,9.663864455614556,9.431888339009811,9.182769894973395,8.937213382890581,8.719873118187596
716,0.10929816034802603,300.0,0.0,0.0,0.0,0.0,0.0,0.05878278090761699,0.5441153163376192,1.3744657235156987,2.6350723143125627,7.096106792180513,14.704070532687478,23.041410866294004,28.06491867468527,29.265881319450013,28.74050969158695,28.177681385032894,27.921836773328494,27.994719945606505,28.688087261023824,27.897307628046256,25.525046973904956,22.88697888319545,20.796205336825583,19.116051884751272,17.70064354996363,16.432625616390197,15.29759487917851,14.435569001138024,13.690404500931713,13.07620816559243,12.71951317531364,12.320033405858183,11.822349859768478,11.3375954926994,10.957562019992048,10.6755710169978,10.465198063349145,10.300995304285141,10.159087847641809,10.011416468497204,9.809515065420563,9.504095739712437
717,0.13917172748599907,300.0,0.0,0.0,0.0,0.0,0.0,0.04305076894277134,0.4508934179481717,1.2245967713445574,2.474138451512951,7.070532453906985,14.919914735779699,23.368628548993193,28.2992642370483,29.251143314933866,28.65584391230677,28.248865867891364,27.996780854955446,28.196086017933684,28.897526834033656,27.110064162327024,23.652450968735057,20.887189508472243,19.30208550695948,18.14396797945454,17.103733885738322,16.172211544602288,15.164045639472297,14.013706929548393,13.086041574330554,12.526676623149239,12.119825349896782,11.736573790222385,11.369213368779429,11.039138005983613,10.761088338064601,10.522852718124009,10.30812835404719,10.105840339809541,9.906643933288015,9.70201220469207,9.484785753992565,9.248652043559924
718,0.08837299207533582,300.0,0.0,0.0,0.0,0.0,0.0,0.05051922666189989,0.5043821706273176,1.331857330387716,2.6342287439457217,7.278087445373291,15.019548862329346,23.262214895219994,27.933879263211914,28.683880781095276,27.956675290772754,27.484134146444426,27.36632159227805,27.760901041255792,29.106185707746004,27.901962587372402,25.00946059765355,22.394456020554408,20.277402301823667,18.790176084686404,17.83372855627015,16.84610021156297,15.555970894343915,14.193238362981266,13.098602761313114,12.397707540226929,11.918720021171865,11.518818949585787,11.185220351614138,10.90376449083867,10.658668420340684,10.45182311301337,10.286592802677768,10.15668754227957,10.053953684735589,9.966454384079986,9.865896493825522,9.720982427928185
719,0.15960421837549554,300.0,0.0,0.0,0.0,0.0,0.0,0.061358488182200355,0.5828242503485898,1.4946738270906268,2.894758264014806,7.818632556355746,16.089718161548262,25.155695494062744,30.355487613444375,31.19534014756151,30.62343891240531,30.15131446195672,29.80836642865842,29.860022032516753,29.786108069777946,27.777118752278504,25.079922539261144,22.887387082312674,21.037372728495953,19.555344360351846,18.44743442958407,17.302708689688483,16.103102686849507,15.041373027802518,14.151251208847405,13.302124476170327,12.430936728959864,11.794135798190753,11.374049390154127,11.100361782835138,10.919072876395644,10.782173617266514,10.648674775287123,10.494866916815274,10.302138574003871,10.04809026955113,9.692428493572038,9.198617636269919
720,0.14780154816949506,300.0,0.0,0.0,0.0,0.0,0.0,0.05159262437095488,0.5284097167660023,1.416369063805788,2.832334927679665,7.9241346350847905,16.33674197895021,25.042681213096532,29.862578713540767,30.89792674316517,30.54245789530009,29.89382535741507,29.318590877706935,29.3570676124815,30.14993672609716,28.55415555390643,25.374704136300668,22.85193884467774,21.342940610164383,20.30448070027371,18.983263511551726,17.108979506483582,15.392801427790534,14.343957564711388,13.81215082823587,13.312803668449094,12.710678436007443,12.22482558096845,11.821212913916082,11.48936373433255,11.236897019078205,11.041278461110004,10.875449132935652,10.717065348242144,10.545728832808194,10.33448667018153,10.028539899684786,9.574525698961839
721,0.10351310977099937,300.0,0.0,0.0,0.0,0.0,0.0,0.04745034283332181,0.48498994320252337,1.2985032764570705,2.596776736901413,7.332411400087982,15.379761785181254,24.14385103163192,29.281791664127862,29.91453813226638,28.69023852281689,27.966146896712083,28.01129236592166,28.37310696249732,29.24658917366647,28.266812358364746,25.93357206710834,23.491524820163793,21.318721582285537,19.50411590604377,17.97548466423644,16.651561324015635,15.624652144149165,14.751142615096311,13.8245536184937,12.893681539607542,12.310319451270553,12.009395475513264,11.71685622510457,11.409523496358092,11.126481177902683,10.879840529465865,10.67106584479562,10.486309424178241,10.308932455430588,10.111404553950404,9.821885323842292,9.36758655235874
722,0.15048907483562268,300.0,0.0,0.0,0.0,0.0,0.0,0.043133722250288976,0.455098563138273,1.2414134547247717,2.51712864582229,7.247032910632173,15.366630104826065,24.131626765163524,29.220743290407274,30.52949512128484,30.27476405639481,29.712179438125204,29.374787433491825,29.567822501274073,30.13763819306889,28.569275311223215,25.612312922487614,22.90375297849182,20.790095596430646,19.487013710497095,18.57411040774181,17.332210032902594,15.976869868992392,14.716433051054208,13.55949769244982,12.609405794676732,12.017766324349667,11.647099170116888,11.336168930492407,11.06550432972112,10.843689332518327,10.66102054019677,10.504133545047182,10.360090226143605,10.216501170780793,10.060278487962881,9.87402099463908,9.640570579034703
723,0.19341021555979884,300.0,0.0,0.0,0.0,0.0,0.0,0.05247543131111985,0.5118753505237627,1.3334497905509526,2.613695873371963,7.194938636218571,14.996481613476972,23.70578269818137,28.956899937980673,29.892160965117988,29.1003033375648,28.528479589207585,28.361641683938956,28.43910586649343,28.80870665897513,27.243631507468102,24.56062585611389,22.466392392890324,20.88694367930364,19.292753398059112,17.604998159809075,15.982465264868132,14.71288697060042,14.036573202620271,13.704830231913363,13.422399267139335,12.986210766207261,12.403035406654727,11.805478424276338,11.290546585958301,10.91202034659819,10.647254740440218,10.460840938893748,10.321467929165621,10.20016828673534,10.056475090534102,9.8015854705972,9.346220874504322
724,0.645138494742198,1.0,0.0,0.0,0.0,0.0,0.0,0.0754029472553011,0.6514749288997461,1.5605709753627854,2.702713557775137,6.0085569203891565,14.532620677999391,21.124231499283695,30.827045167104373,26.900638672916767,27.69546252699482,25.650765277774028,26.2386323947224,25.023061784804977,29.99912826637535,26.61082642128992,21.73115628242849,21.928367923446327,19.24547912936145,17.64346485071399,17.321732611822544,16.98185630693579,14.512775497363142,13.939116021137586,13.93683395393207,11.506947474753893,11.816502341616301,11.885544952831095,11.632338141741384,11.169985879240501,10.429296199686956,9.810753990934371,9.61871198149107,9.661841364525715,9.6504874693529,9.400404560249342,9.132716804761118,9.14539557678006
725,0.14748204571818024,300.0,0.0,0.0,0.0,0.0,0.0,0.045598552669753274,0.47234573170459376,1.2746681160460407,2.56501607053694,7.32593336872833,15.381002748507527,23.626126139376172,28.197758295775632,29.248310504083843,28.860443481447756,28.382469523761277,27.941941730211575,27.93145673406395,28.15191622914509,26.44393354146707,23.480006918718058,20.91613602834046,19.173810348031903,17.870103092230423,16.687350564418658,15.429380372557533,14.33205905814802,13.345833512718883,12.531074441107842,12.013273160532277,11.70985854271393,11.35155738248606,10.896581927994276,10.447073962498951,10.091035104930471,9.832240311855935,9.655186262243705,9.537249966134933,9.45554559579693,9.389790132168919,9.325700008435117,9.250667249095253
726,0.12837733302077653,300.0,0.0,0.0,0.0,0.0,0.0,0.042183580212597445,0.43810215659500923,1.1839927655253517,2.3850207063784605,6.85909289219981,14.755048825216663,23.472405623407177,28.289833633843134,28.79822017575529,27.934230406704383,27.45889362545815,27.386860280721095,27.662378187016614,28.874997201664563,27.71965701090946,24.81861416571679,22.44595708185014,20.92921161210915,20.015439737175065,19.05239739811335,17.35767648387096,15.42123542558758,13.913835641162144,13.113976854613371,12.716573295111939,12.325973579968322,11.86888039701038,11.462860748325337,11.115893119795203,10.806372535199692,10.527726986289068,10.27749138511726,10.055078768418001,9.86033931275198,9.699806294999332,9.606082539719205,9.617993957453669
727,0.2973722568570711,30.0,0.0,0.0,0.0,0.0,0.0,0.057411871724238416,0.5316557303585427,1.3429986768097808,2.579559820188589,7.293853088882665,16.32749860253674,25.389702837966965,30.52983707401615,31.346303285438836,30.63297943543706,30.403918534012895,30.55371014976123,29.893707024509407,31.631878927641658,29.19004338188942,25.101427684378258,23.570342433943985,21.686814044996257,20.089836403313598,18.667457192154938,16.68044455581767,15.890297384572733,15.618129976485939,14.746966624118514,13.100273559858715,12.310034328515647,12.378858214813654,12.170047486239564,11.70103493733829,11.28078361129628,10.994398150165622,10.852011158381146,10.777220267685653,10.675777272137436,10.468594966381199,10.128175805942721,9.646023308371072
728,0.2661671029961696,300.0,0.0,0.0,0.0,0.0,0.0,0.036580414744259056,0.4122257901012536,1.1688161212842205,2.4392614908871497,7.339050338012642,16.127374363361078,25.895918610496413,31.330983230777814,31.959264313378963,31.26630857674138,31.104122317458703,30.583926605057126,30.42043971263942,30.58424244567899,28.76172694453623,25.805709409120627,23.22900934103669,21.02203106730595,19.194306596670867,17.766310923624964,16.440097110722547,15.337178358738168,14.45711515894938,13.809303638297829,13.250173950298537,12.68354221673093,12.129286017730438,11.632046427930085,11.22651115213775,10.928797886514447,10.703755166059413,10.513476961319023,10.345499880404223,10.193689129805776,10.057542822364306,9.95759613089443,9.918995987483088
729,0.1436147757834345,300.0,0.0,0.0,0.0,0.0,0.0,0.05051829810044305,0.4918965502462579,1.2799768882160019,2.5062102946133904,6.890214308370888,14.343057160571696,22.44174997151816,27.16588726711419,28.0426912798778,27.36739966388516,26.82470645327818,26.667991685946724,26.822198223826476,27.92062710241216,27.27227498267581,24.597275060869887,21.903047622718788,20.077134507165717,18.809733185039317,17.555865357533193,16.154173089212062,14.932252355260973,13.858018522907948,12.785940930258315,11.869415187070198,11.273639274962195,10.891652295006603,10.580709549756609,10.342037614436467,10.197411952150619,10.117166848911229,10.064401368590525,10.016686592495377,9.955296055091356,9.852932937425143,9.648486188315033,9.279779761888433
730,0.10205560201518733,300.0,0.0,0.0,0.0,0.0,0.0,0.042625317964726954,0.44794038270919834,1.2189985319845804,2.466826658861803,7.079328225513037,15.078223255616612,24.002399629360337,29.13561885576774,29.675131401321526,28.584772923816672,27.982405324586026,27.987716778104147,28.346687316433087,29.6749394304515,28.548091251870975,25.488986076060254,22.769244723083983,21.116977441710876,20.000850693583015,18.817504016191887,17.45369234260292,16.306897540923607,15.255364283410815,14.10355829256436,13.061159228843078,12.309916662122278,11.83384448311126,11.48728346212683,11.213541968807439,10.99020548669865,10.80910671750253,10.664286455869025,10.544250657168709,10.436600009408414,10.321180478261812,10.146281114754338,9.856504901111034
731,0.1865159674763924,300.0,0.0,0.0,0.0,0.0,0.0,0.05203821275903057,0.5279760171922804,1.4073924576300503,2.803738959058199,7.8473356407810115,16.362191212523626,25.504960995942966,30.68476449385978,31.394226010853696,30.389155150806342,29.707738632546814,29.46963478024182,29.48998201979606,29.605084689244773,28.056101918668553,25.719957505213195,23.452584632193318,21.435227393890173,19.90410247483768,18.667156266272315,17.346986423636757,16.105719763137873,15.029194422037031,14.097769236116752,13.291856542387102,12.762230158129123,12.452786818811111,12.205936998882569,11.981352041151906,11.771026387770831,11.562362361266153,11.344535233236424,11.116347445004575,10.878845609515638,10.636676507970408,10.40852329737111,10.214992695502684
732,0.1301771364531341,300.0,0.0,0.0,0.0,0.0,0.0,0.041653005823739896,0.4308180959156376,1.1614995099837035,2.3344863552427957,6.660685130460669,14.284794786224433,22.901537618108975,27.701126544840292,28.007684935786642,26.982300416450194,26.417116250005435,26.23493872521091,26.91337105801108,28.280280461435634,26.63409698400368,23.850711961275806,21.637361154534837,19.910490163863656,18.637798349128392,17.655346671399855,16.544665969805262,15.317313672260783,14.241900893968161,13.443123483846842,12.730266802015818,12.074618283111043,11.585487361238533,11.224005267305735,10.950013593626226,10.736919888284442,10.560472005945448,10.40018702005316,10.244895132027446,10.085984423768828,9.91614058702269,9.731845764208977,9.530701117808626
733,0.13714104318168796,300.0,0.0,0.0,0.0,0.0,0.0,0.05368841073752288,0.5186140758803047,1.3431789637795033,2.619595773014473,7.117305138627026,14.585793096045519,22.50203023188312,27.066683325003286,27.96641415088077,27.34582354640033,26.76822252786041,26.533659438604886,26.984802739808142,27.88664720806258,26.160461832037942,23.253566694022606,20.84557419390485,19.203062641704573,17.95833349300574,16.83996774545672,15.652697886723775,14.59303296804493,13.76583117898575,13.029670020467083,12.214351900260677,11.42098948501542,10.906924836854754,10.582548218005735,10.36123166955952,10.191735317615324,10.048813352312584,9.917383306323796,9.795977232905926,9.68630219493207,9.59189509316019,9.523946770204232,9.49537221540972
734,0.275115754686656,300.0,0.0,0.0,0.0,0.0,0.0,0.045541736593024885,0.461238377090217,1.2283835697285206,2.449320966972776,6.956323442803508,14.8284877173884,23.679952952860006,29.136460890230747,30.337005320696896,29.57094057926284,28.900077950627743,28.89889878260883,29.322598699284633,30.514171098836428,28.92338854096892,25.39672509480623,22.73408503537717,21.228548550574533,19.99772903377754,18.622617064800394,17.188156495339022,15.830811085536538,14.457458079556908,13.310054620162823,12.48603143076389,12.023957635404559,11.855080656628926,11.691942982011252,11.48789044255535,11.270158453596181,11.05663448239501,10.85628263162401,10.655087473200068,10.434519292426629,10.16238236463977,9.75194805878232,9.121628561499056
735,0.42625260595132797,10.0,0.0,0.0,0.0,0.0,0.0,0.1215862437040407,0.8031701468248235,1.661515112785939,2.749719866482362,6.761853709536683,15.213467293909254,23.596122811280296,28.279487006090807,29.776162883879607,28.97618667112466,28.203281560015004,28.57283216561796,28.248181723750427,33.99913790475837,29.542820438871647,24.811004257491277,24.276512474612478,21.576847458688587,18.98449858172445,19.154948571326884,17.81936654456448,16.292315156958914,14.610247355946163,13.649764746746708,13.790044011510071,13.10423709499362,12.077456993771746,11.602851847961011,11.444090482069592,11.23276350259547,10.905725188727084,10.499976649113854,10.144002169370637,9.9733321726292,10.027916786486546,9.988249650725013,9.45916649087463
736,0.07606906861072288,300.0,0.0,0.0,0.0,0.0,0.0,0.04577049063372159,0.4650784720098936,1.2408646162920745,2.4744662919665528,6.956212140319592,14.609130316379346,22.91893336614597,27.768824384430037,28.676337079378214,27.834796357079856,27.27407093163096,27.40416794547637,27.800621774284295,28.669570710743077,27.225398156215142,24.366325612429225,21.800729034371212,19.80516754051473,18.242219610994855,16.971792501289706,15.73852602211095,14.60850915169932,13.734497701077421,13.05794440211215,12.503999878811314,12.058879575201534,11.60372114002675,11.150517464718956,10.746826496837238,10.422515408766106,10.161800850445886,9.942959505018756,9.755539584437292,9.592213821665394,9.448798554460865,9.331738910714767,9.24981142672689
737,0.13055866886307366,300.0,0.0,0.0,0.0,0.0,0.0,0.047087429199644815,0.4700967117178215,1.2414192749716138,2.459808911375734,6.949051400595441,14.84793291305369,23.423526809896657,28.033460082847125,28.897776337059387,28.481204631142198,27.927321421753764,27.800155980213194,28.248424528833713,28.555519349025836,26.17404013044266,23.28731316345731,21.431966039046266,20.01054159212447,18.739503713645405,17.570666601383618,16.186307041962742,14.829054682338153,13.70492170338614,12.927604361873023,12.511854713163217,12.133643011336407,11.60877351577572,11.054716681683615,10.585455236674031,10.261395867331217,10.043319550884002,9.879492808433135,9.74077959821684,9.604331281405825,9.448850489943602,9.25573831357364,9.008607984844849
738,0.16992807810142802,300.0,0.0,0.0,0.0,0.0,0.0,0.04581450628167635,0.47598373636358016,1.28661350451776,2.589213124656829,7.306210264669069,15.12860518956841,23.523244285385186,28.385720651667373,29.045174383188492,27.92492952982098,27.188153411887768,27.398605998203195,27.556320317030274,27.915453051941785,26.54077263941395,24.238924008683412,22.327510477615288,20.7066208836817,19.30235228120937,17.997236400243718,16.57829462247088,15.458324549909266,14.616377166455889,13.813308881848029,13.029497055126292,12.470775701903662,12.009770101349888,11.519703669565768,11.052463139193774,10.674052778805002,10.3856536992394,10.172020332870787,10.006178802600186,9.860037843630739,9.704083609227746,9.49824358937456,9.203390648094059
739,0.11109053291377692,300.0,0.0,0.0,0.0,0.0,0.0,0.0365070646843526,0.40468388765376057,1.1363408736185698,2.3529669071237524,6.954702823206544,15.015764121949125,23.914191945170078,28.885306102769505,29.521305807334944,28.606236678922606,27.878077378169515,27.61745683903542,28.324672964659705,29.87795399557872,28.689072495220927,25.76071195471545,23.06413620907266,21.03928990278049,19.393726687119884,18.03804698383304,16.90437987480078,15.872751040339077,14.789934568441202,13.718200831326444,12.87390518269337,12.347021557855555,12.012618070203118,11.747526580174004,11.514765637112895,11.298679880064329,11.088319528930013,10.874202632732034,10.647144932814694,10.398620663423907,10.118680276162547,9.789763652674534,9.395337254717207
740,0.1610263282523017,300.0,0.0,0.0,0.0,0.0,0.0,0.05262073001114792,0.5281396256029363,1.3990001754445944,2.7759579715258993,7.769878367252294,16.262539770298712,25.362282545959456,30.545916841034323,31.671306931055216,31.140015317813592,30.66771995360013,30.547879105239655,30.781073260644536,31.693610447854788,30.214371429516365,27.223446645594493,24.608352008586333,22.664632539830063,21.241623106120056,20.094230270206616,18.63268533229198,16.89973858972915,15.500325408630678,14.526113798636905,13.665853827956841,12.918525273895213,12.478444088628663,12.173858589064535,11.91676341004256,11.675484952747556,11.445798760336764,11.227940277929997,11.014758299083296,10.797746133856405,10.5661549112703,10.299149008566113,9.975671164973077
741,0.11643813997406752,300.0,0.0,0.0,0.0,0.0,0.0,0.05548536100047566,0.5315528201870618,1.370111589790924,2.666515005440577,7.3520294881634936,15.538072228097246,24.463056803092712,29.26234189093123,29.758315118776995,28.773729619159422,28.06642246159103,28.095051332453483,28.446597549953673,29.346266970882937,27.86760669917034,24.65829235303692,21.988185041832036,20.23216408968134,18.907140116640416,17.759073938890833,16.624751682121712,15.475361994812397,14.271059903801444,13.13757821469963,12.29358039137873,11.798735584197543,11.471829901109531,11.17036526665209,10.890599991476996,10.649023108474884,10.429827815043051,10.212665244859968,9.985701978659579,9.739796590899303,9.468684459061038,9.174372244855185,8.86078097669454
742,0.1761871816004841,300.0,0.0,0.0,0.0,0.0,0.0,0.04346527219467109,0.4525130145381431,1.22470193776946,2.4696339696085348,7.100115373843121,15.139523939044157,23.61640532629183,28.327985407334364,29.26453472031766,28.79967678609105,28.236925157747443,27.75314265942415,28.223418510373303,30.18363137174714,29.176679854182378,26.036708289492278,23.39273912501569,21.311632041600443,19.9603815627619,19.015148902354245,17.53896417217655,16.113505404820536,15.059839090769538,14.354127705590917,13.902867080538774,13.497395042368067,13.01648608479842,12.452872346130711,11.906564357278926,11.46490675993095,11.130466468961643,10.887186130771571,10.714234811559656,10.591349610451141,10.504862659191149,10.461796544870896,10.474439629575874
743,0.14899936444030346,300.0,0.0,0.0,0.0,0.0,0.0,0.04542599316875289,0.46603118529051235,1.2504070111491215,2.5026601485159548,7.0286729397883825,14.622626868400552,22.63595666758526,26.995878509050993,27.802100080995277,27.561558650620462,27.283352935495007,26.880976862102433,27.15335412946495,28.324671476161477,27.57533751866587,24.990474443854573,22.276944259599787,20.24588022650497,19.04065254769082,18.181302722965178,17.09856363673986,15.742388444698081,14.530459469901333,13.584706351330508,12.868724216838936,12.428133647031567,12.069532381653445,11.672097742268466,11.268210709329292,10.906739283939066,10.601250610408975,10.35354957739308,10.152853012686432,9.986408247298487,9.841125039362973,9.699350674147894,9.543077673877363
744,0.06131260705707097,300.0,0.0,0.0,0.0,0.0,0.0,0.05248239552622802,0.5091856208382596,1.3221750522120035,2.5856558505441707,7.1321598686660606,14.995327454649804,23.707920197021362,28.741737924183493,29.53801802797064,28.663184886345487,28.066895714109993,28.006076155143464,28.13240233743074,28.156147189943656,26.51569938183188,23.87126614045795,21.641585553437128,19.89799326588927,18.459285841706247,17.33863295330391,16.15616170110105,14.718821318409168,13.531169450581546,12.830258232607928,12.384356259205097,12.033702662155516,11.589840563206133,11.122286260033343,10.72424577153513,10.445257518324958,10.242749011058171,10.065417424045073,9.897813437005636,9.733308306126018,9.573484843869325,9.45076436084791,9.403817554000533
745,0.16174125275089613,300.0,0.0,0.0,0.0,0.0,0.0,0.0469819690161415,0.4851674961853069,1.3067169028660361,2.620409800563506,7.304708973574296,14.998111343875438,23.23871996132948,28.077690382636884,29.048607928115807,28.208745578062558,27.359316216945096,27.286901988480743,27.929604375362974,29.55160239725498,28.657834744201107,25.695674097271983,22.653786799878148,20.346428278891498,18.72006160747277,17.464962411172586,16.28896626119664,15.327535403099615,14.461026947074098,13.538873429928818,12.728577485621862,12.216639600406653,11.832731962641372,11.430304562492722,11.055895829689588,10.77286632964431,10.571634754279273,10.428658011907538,10.324953496621147,10.243304081643696,10.172385375570888,10.121975373966942,10.106879486309793
746,0.10167449805669915,300.0,0.0,0.0,0.0,0.0,0.0,0.04698144746519572,0.4799592966348236,1.2846564118223986,2.5697737197156303,7.3157138045318355,15.56526178036853,24.530678732989358,29.4965770044667,30.27089128447702,29.772754909532967,29.43533652321027,28.930328777410622,28.997275978400683,30.338831779397385,28.98937444250362,25.65886640401363,22.55349526618133,20.226538920180204,18.66755518506994,17.648967433845115,16.760760363465327,15.799428633810155,14.697158351646955,13.606094079027157,12.715716223708233,12.1893525647316,11.891083077511388,11.637367870793476,11.392516737803998,11.157651130178873,10.933742348047346,10.720935404435357,10.516807584499762,10.318408881231749,10.126147652238036,9.953038558098012,9.814321139451733
747,0.2023781049490815,300.0,0.0,0.0,0.0,0.0,0.0,0.05599944033736706,0.5568234725728376,1.4669218208158903,2.8989824351612663,8.064192025677773,16.794182637777993,26.148183250351014,31.63254120412772,32.87810712202705,32.529562356423156,32.267921311045,31.764141340214533,31.321982854319742,31.329682265299255,30.334502014584626,27.818961264763715,24.991081679151147,22.80470807672898,21.48884743213781,20.31489251713889,18.59352508597553,16.979158628727085,15.781527996431183,14.904292363995246,14.230899041044328,13.74328819267614,13.233464942759989,12.71938175251503,12.283434849571726,11.976101363275236,11.759640606272582,11.58510202960531,11.42724870185929,11.267205968837459,11.082842680859509,10.837017059246248,10.492699076687723
748,0.12452618035664238,300.0,0.0,0.0,0.0,0.0,0.0,0.04544559250613821,0.4627969106433231,1.2364490504581005,2.4698610223342907,6.992606743463399,14.70487002408983,22.939119393406944,27.84727378702007,29.173928403198577,28.797681312958606,28.15728952627742,28.05815524985729,28.33864472802262,28.79563350105456,27.56754166283383,25.427288172499832,23.04392558257795,20.937509647079928,19.454427337067408,18.29824693808915,16.960107886285115,15.666740751024511,14.466442033029631,13.454312594293006,12.839268941652376,12.49830178676096,12.202527323582888,11.85959132341906,11.518790402466362,11.234941467822603,10.998360484117965,10.786990827160917,10.584934802021952,10.378468746565037,10.151240993248873,9.87435380224459,9.51935959096339
749,0.24830328744504404,300.0,0.0,0.0,0.0,0.0,0.0,0.03706954241263316,0.40044013728850586,1.107516594221813,2.268614183806303,6.63941027566816,14.324043360621525,22.668469935934404,27.257358260200828,28.002307138238123,27.540776573716514,27.142556786188553,26.677104715222047,26.349216447739995,26.980648406551207,26.25545910537186,23.48028784051489,20.412220846487614,18.066226292898502,16.832474658912954,16.32330571970946,15.752357869277912,14.789146625363923,13.542658025372246,12.302524163636742,11.432023211388156,11.060606600625974,10.85684586774997,10.60014237867486,10.304099652289091,10.01896352166318,9.765804344526272,9.553134806161799,9.370951319858335,9.205707390297304,9.037841272180952,8.82199428284683,8.511133066208641
750,0.19211734370921882,300.0,0.0,0.0,0.0,0.0,0.0,0.046317596835874435,0.46355666289485176,1.2258487314333062,2.4290970596753723,6.7816398635586275,14.137305153464169,21.986822098351514,26.54445938055704,27.360757984009098,26.447275979560146,25.778396108317676,25.982222179932176,26.501806258336824,27.47087659182454,25.86287417773108,23.187618886340722,21.185697978188063,19.435218242600907,17.97561280965148,16.769872794986924,15.426586756305737,14.108495680379063,13.119593112072199,12.349922436381183,11.541321854936884,10.87284997371073,10.539479766536285,10.31428022813475,10.127270525000874,9.97177918307367,9.826789873280532,9.670848943764168,9.491890569561432,9.28080587005037,9.020732389056105,8.663351943059808,8.16305564110117
751,0.12721132487122325,300.0,0.0,0.0,0.0,0.0,0.0,0.03819469852808527,0.40560792382108357,1.110710995865353,2.2609658271048363,6.619180208000108,14.305636744747995,22.452527203654736,26.84005642074209,27.581608321396295,26.9740620429592,26.427736211507167,26.510241303649288,26.84631695314544,27.54812355705308,26.023805608714774,23.221171732290962,21.126924633223,19.529104890566856,17.972265448686038,16.551010497186596,15.273558223924656,14.115333621114369,13.095198784823872,12.286021383664016,11.717947238320729,11.321138250190558,11.005908867910438,10.716758837894462,10.45983174950156,10.246677912969515,10.061187440251548,9.883548864493395,9.701878833587227,9.506696098083603,9.284432287285693,9.004186964779725,8.635333319066435
752,0.09832311110943531,300.0,0.0,0.0,0.0,0.0,0.0,0.0421865100273692,0.4426472677086653,1.2035078357754638,2.433199455603865,6.942451289271888,14.611710696183538,22.875349257968917,27.49391071027645,28.220690781340117,27.654149450060427,27.31411699695208,27.251280035738446,27.331416179609363,27.882111169807516,26.755296657501656,24.017086537294734,21.446948874875652,19.590460294290494,18.297340393816384,17.10941049924858,15.786355201408083,14.686404138156915,13.783911296169094,13.030316140408551,12.271411819293471,11.58150578907911,11.194521202822097,10.91063556795882,10.652799337002206,10.409560769275641,10.181872854992102,9.971284582161438,9.771265405721042,9.573776995576635,9.364588420508438,9.104440287882468,8.752816934289719
753,0.11784589790328401,300.0,0.0,0.0,0.0,0.0,0.0,0.05495243236035344,0.5321896128889059,1.38043900258761,2.696241711137515,7.364916193166952,15.13910453305839,23.2856213327988,27.852943258994525,28.7640773671952,28.23883935657573,27.818985778238215,27.760690187633077,27.9029127624905,28.481760096713636,27.05380352702946,23.993148064794465,21.41257207590821,19.77257335575474,18.770512442060507,17.749329153998396,16.13276254283527,14.656893652253348,13.694884946476535,13.052331256668685,12.528137287486002,12.017342891005566,11.511927536425222,11.062884517157276,10.696344635094587,10.420867666257058,10.216640144507302,10.058822867191871,9.922314203993869,9.782896872586411,9.60994489834892,9.345201890748648,8.93173101081301
754,0.17780681003546803,300.0,0.0,0.0,0.0,0.0,0.0,0.04452721137308414,0.47499063872474906,1.3040210158603263,2.6560855361842917,7.692945368770511,16.375620306986455,25.485793431070647,30.38804352908166,31.33961813110409,30.979564855030212,30.599595236051403,30.126233276709165,30.01626532480095,30.672910191681478,29.5530548613968,26.944274317860785,24.033256014545866,21.355312525177993,19.756872905010656,18.91747755873799,17.724096762242667,16.189027474297635,14.94148356817868,14.121400437730982,13.5957958648433,13.308710013760853,13.061843665773118,12.705990291745323,12.300587073971316,11.930326008213672,11.616495929183404,11.361515600639414,11.153670413304287,10.978898348157445,10.828951188881026,10.715019265780807,10.652707087781339
755,0.21327249440304352,30.0,0.0,0.0,0.0,0.0,0.0,0.10166622069178025,0.728979785540262,1.5826202319551352,2.6991539039862507,6.506618791298982,14.679685161060204,23.587100199598325,28.854355371827506,29.723966300137967,27.86218991404868,27.548984994747034,28.071510950353165,27.59753292135821,29.52891205522306,27.57774608337518,23.99176769259047,21.90585738074239,20.27453492923495,19.24427476653758,18.382834303255148,16.08977369793814,14.579811591875526,14.118054325480648,13.45612500279667,12.529588104806951,12.241753503660226,11.970097022563303,11.38554333159355,10.757685616956957,10.345264335276779,10.129049548730123,10.038860375434375,10.007781452607373,9.970478384755141,9.873269821805817,9.706141645783983,9.471147758936533
756,0.1285266702379612,300.0,0.0,0.0,0.0,0.0,0.0,0.04428351712472902,0.4678617427610198,1.2773071615462894,2.594101698955207,7.579984947518688,16.45951927273894,26.047741710284896,31.201645203954,31.86070774269563,30.916685738153944,30.099863351152088,29.84693683755993,30.544493343860985,32.021947675139835,30.35864251049878,26.63611594169723,23.478735443939573,21.549799549703014,20.148213964760547,18.758960830356436,17.397353910571454,16.30393195391364,15.413215481897582,14.495378377809185,13.571486064946393,12.885820574555787,12.407232632098278,12.015633066417601,11.683509664944,11.408838921962815,11.192254477084472,11.031114965472659,10.90691597100327,10.798201389774558,10.674602114568769,10.468625463506127,10.109995815168913
757,0.19890327322752338,300.0,0.0,0.0,0.0,0.0,0.0,0.04511141719088686,0.468109677282166,1.2644595720023668,2.545538406202287,7.275113720573862,15.39635118580546,24.052508013829904,28.981641755688713,29.935219472690516,29.056836507727485,28.18451882746722,28.055520584947455,28.536571815520627,29.804229368229127,28.765224259403624,25.952347451724556,23.421420118210193,21.817100276682144,20.79047140943102,19.593082116616365,17.856094631586256,16.216168665865712,14.97117823500256,13.932037190237264,12.995863875017635,12.46465523521461,12.214787847227385,11.999108847146479,11.7644502202468,11.513568605043904,11.268279304297815,11.048880530167645,10.857026048388542,10.690055297518118,10.549936643312307,10.456255707287768,10.43266959188863
758,0.18763219415821342,30.0,0.0,0.0,0.0,0.0,0.0,0.10793404724334814,0.7787959173604013,1.6989672119886952,2.9217292841586264,7.027881189809677,15.128601733961634,24.940070151173714,29.954981064145223,29.729880542451067,28.719205311676113,27.997491909316214,28.228185832049668,28.275544252059323,30.517629075145976,28.153685293069145,24.775253208175396,22.54374135338234,20.383285392760424,19.40026345478574,19.27437305064159,17.668532863133485,15.502951710723426,13.947169915131024,13.148112111071109,12.497555308474935,12.205932053326599,12.03757367508998,11.887976571914875,11.649395629556464,11.254626223239418,10.851591366266046,10.581011525848531,10.418906969092289,10.308091688816738,10.165831816475727,9.800886931007788,9.033237606344025
759,0.25446828724517884,300.0,0.0,0.0,0.0,0.0,0.0,0.06876279419028596,0.5968136814335786,1.4515081119332778,2.701491470156886,6.888620473040654,13.88212568813727,22.110756561933762,27.262282066814294,27.822256524695316,26.462804211933612,25.756134947760717,26.15557594830194,26.66113964615341,26.64038333438325,24.715444370112763,22.281322426810615,20.447469154580563,19.159513753052224,18.02155145491679,16.817707561498228,15.404712481753213,14.121743724744295,13.044961988395203,12.080225779716967,11.369788579046036,11.037219139440975,10.829175484257833,10.52390811556781,10.17772015434523,9.88289448611749,9.651279950335626,9.475960810562533,9.347557446773365,9.25683414470193,9.200280054943853,9.194710488398076,9.262551625387804
760,0.15131054296303317,300.0,0.0,0.0,0.0,0.0,0.0,0.048621007251300905,0.48034244666052817,1.2605636221867451,2.4829877225605057,6.864022592468589,14.280172159767375,22.36327936884551,27.247808260937152,28.4059917567275,27.78866071824904,27.23286619657923,27.069459624707715,27.33686033773564,28.35926867953705,26.972116982654462,24.00145048436449,21.53352788969413,19.881910200586876,18.66576905518436,17.49235577475272,16.140075536023524,14.891203904422627,13.808595487197415,12.9368614976717,12.204368334716259,11.583159929787048,11.11500164605706,10.791557902134702,10.567119380970752,10.394983429037907,10.231388449295851,10.041759033154124,9.820169478414925,9.567878449779446,9.277791903872927,8.911032300075817,8.429082003000577
761,0.1582685180819945,300.0,0.0,0.0,0.0,0.0,0.0,0.04578413104501512,0.465996577856102,1.2444900556326817,2.4820246328330886,6.927663430655727,14.347186152398548,22.505701726704498,27.566864264973006,28.47151951775636,27.417619512045615,26.648582546414815,26.625172877830874,27.138346371361305,28.115150063478925,26.50124593369165,23.850207482591237,21.643724725603242,19.646064670973853,17.991630334574204,16.648791125599896,15.32006475014183,14.22807712038667,13.262629641481166,12.328693459700482,11.65040163151598,11.363038691065992,11.157974235807435,10.873491890182615,10.569072071099349,10.31716012355593,10.105578366048432,9.908038157366454,9.715197603270182,9.521994736883599,9.321209727365659,9.09653071874663,8.8310325505734
762,0.10649904834511806,100.0,0.0,0.0,0.0,0.0,0.0,0.05178083583864838,0.5035265075622694,1.3091307829131154,2.5631972827317058,7.14919407844457,15.206756603016595,23.43901763506546,28.012177276527332,28.954181710924423,28.24949234142099,27.768652880402964,27.571623505397092,27.4438232075425,28.391131347960634,26.426619441911747,23.709813362782217,21.525092647918754,19.222033741912306,17.89942584777402,17.40504845756983,16.393199154816948,15.05458888087645,13.843011288878188,12.89818838808906,12.231553889784594,11.926029328656268,11.668826888280739,11.343804736429565,11.006775290231765,10.718883523491737,10.488738319872802,10.309917612777173,10.164020775163253,10.030736763580851,9.883990936209557,9.672490045784748,9.343782117697831
763,0.14066204595017562,300.0,0.0,0.0,0.0,0.0,0.0,0.04260978702458994,0.4390735036170425,1.1811661684390526,2.370001033059665,6.736485100713189,14.35489515479148,22.795905107533486,27.497086066893313,28.088716636875407,27.39823507799808,26.968976857196186,26.786422587590863,26.95487986242332,28.22008027581152,27.608961343656844,25.13182923165391,22.247955559339204,19.745243678362705,18.138533952339007,17.176152305518706,16.120684220374702,14.734836649570989,13.598894062918028,13.00336089110285,12.685552428284796,12.265610489668104,11.67298987928455,11.140325495842239,10.731241992063243,10.443963361509837,10.2457380019458,10.102603946237819,9.993708561680403,9.901969980178373,9.81933020958495,9.771136045679764,9.790734883312364
764,0.15483464653342363,300.0,0.0,0.0,0.0,0.0,0.0,0.06372857714630135,0.5956558958796552,1.5132176775819752,2.9105584110286706,7.787781848818637,15.936933652316183,24.85655593540688,29.96836069904557,30.93113453278101,30.395590607042777,29.796983836390663,29.319723680927048,29.767415451007587,31.568779407698383,30.45274206414126,26.736784767742336,23.146912349534247,20.85524542487726,19.627624367757125,18.745524725137866,17.630677119740085,16.403873927278333,15.30199450718609,14.508165409416192,13.872648052321265,13.196565657059324,12.59321697984597,12.063836253006283,11.617963746039274,11.268463118346206,10.993952145610255,10.769573081976286,10.58007100632941,10.413174786222323,10.259201508524992,10.116082949175787,9.983563104524153
765,0.23858784799472907,300.0,0.0,0.0,0.0,0.0,0.0,0.04718691396981175,0.48496260815237624,1.3026627804704738,2.6119309647794493,7.4281168064713725,15.795840800696489,25.175398186671142,30.845576279141387,31.953068579006327,31.170495910174612,30.41020233582139,30.093898836910903,30.62446422823139,32.1188407503419,30.475863048147204,26.774452564716015,23.33326309964193,21.07958713125221,20.198729440459953,19.786652908457718,18.615324889595747,16.820238471157275,15.287155988989689,14.30148865285518,13.732375159633515,13.468332719990793,13.168728767823206,12.746039630211545,12.286281129401038,11.873008318526578,11.521715097337793,11.22924538775043,10.981353018382197,10.762371980135741,10.551323695402235,10.303013842055538,9.97051395865214
766,0.19601360986645797,300.0,0.0,0.0,0.0,0.0,0.0,0.06442652098125565,0.6150431210565918,1.5820005481818271,3.0713631022388586,8.313903205052808,16.897280757964616,25.780072649650098,30.915577762828594,32.37524786626399,32.10365036979699,31.291069258556846,30.7465343982849,30.959696917629344,32.22219163032036,30.566538440037927,26.98976990549872,23.96588325710513,21.66061925931038,20.026078144547423,19.03395087376246,18.17518261926959,16.969315457461953,15.53400544592034,14.241563638160509,13.325705042692034,12.892180349971099,12.658244566252385,12.37316532620782,12.044916982371255,11.7286400225061,11.44362488450948,11.195286128066412,10.970881998548009,10.754309366964405,10.52196514684091,10.218581741276394,9.788356505266977
767,0.07205576875903542,300.0,0.0,0.0,0.0,0.0,0.0,0.049280325143729514,0.5096097360757607,1.37370692150724,2.7588497967717527,7.796497342724995,16.336790685693817,25.437028041959845,30.674735227274596,31.560707428015498,30.683110440192927,30.21281661707232,30.03448210755822,29.933762305143237,30.436076415255638,29.091989346410767,26.12850121596576,23.3819688732614,21.419708728594408,20.18963026295576,19.24958031120974,17.929103199830767,16.57883048893897,15.31142787147002,14.097107005077657,13.149695136353875,12.659342321972218,12.304765722789984,11.895172012708887,11.497503147776648,11.193447219968355,10.963794204160477,10.773042365879583,10.60410370224934,10.444811418155737,10.28574370946321,10.126202725480706,9.967500126860294
768,0.15040280658755548,300.0,0.0,0.0,0.0,0.0,0.0,0.05550971737199143,0.5392189199910158,1.4012339591798046,2.7428545588241184,7.590958520961612,15.95645810179913,25.06904848162892,30.30905876524911,31.140626066918173,30.21088247936289,29.529892692239024,29.200655704455002,29.714104923218983,30.728056286532233,28.781543447446804,25.25162176934103,22.3057925324096,20.481016840038397,19.385668864735763,18.520439235890567,17.454909999683366,16.317492401187934,15.328466015472147,14.229352126708186,13.096673532842754,12.468654780161302,12.171477810236134,11.843187048623411,11.464469471764232,11.096850944504702,10.782466660537173,10.547336397411609,10.382322902683066,10.271590091665379,10.206007860715832,10.19816551395094,10.266664324373359
769,0.09040754142393341,300.0,0.0,0.0,0.0,0.0,0.0,0.05536259278351047,0.5359103775946065,1.389614683881502,2.7117202606218576,7.376350878341421,15.23935219424149,23.795693196358616,28.70063450016392,29.82752585403417,29.447433626759445,28.860680739304012,28.420669696843206,28.43595243085992,29.612057410298895,28.81148333205863,25.587025800355757,22.233147017244804,20.012112332564282,18.91530161499435,18.22020312888672,17.092602776649528,15.726661772090404,14.597151993121452,13.655246420334546,12.872450422476803,12.456063242947598,12.182801913734787,11.823132952223022,11.406520588201793,11.005748304689178,10.650329363382122,10.35361736509416,10.11151349801583,9.91668735111775,9.770445120754747,9.70510058934023,9.761237467708051
770,0.20951789922642158,300.0,0.0,0.0,0.0,0.0,0.0,0.046540285829732214,0.4783597760038441,1.2849928143154232,2.5772564679454875,7.3400506694012275,15.421875885421708,23.76313844808986,28.39643861875047,29.332144784265957,28.957759496344003,28.492731536722456,27.758282151932445,27.590904030440903,28.073273055178927,26.56324911667945,23.64848429129154,20.96543775715466,19.041254373438036,17.89762699768241,17.104413759734612,16.05455680604089,14.754803494310996,13.466619363808931,12.494622762841814,12.018039536590646,11.855421654401658,11.609050038567533,11.220510050529171,10.78367209295053,10.381245231394166,10.0322092708223,9.73824820243537,9.492727021967145,9.287881178304206,9.12269053163645,9.019637076310508,9.006805082846075
771,0.08017108373788326,300.0,0.0,0.0,0.0,0.0,0.0,0.03585184487418389,0.4048669537920568,1.1493578197871674,2.4003942388224,7.1890609549307305,15.430733058432844,23.98838891560442,28.720675677463422,29.664280068935337,29.028692717267884,28.47230211364788,28.44757910984584,28.75757122511317,29.6916208138561,28.03231469736093,24.944718669870518,22.60513998345318,20.84224755810226,19.32962666185745,18.160170769466063,16.960263725490215,15.684429267201324,14.460801729537367,13.419179352733298,12.588374273933999,12.011432253153046,11.663771931149574,11.36294603137206,11.093646117771884,10.881352741690684,10.713445821321777,10.568277877804546,10.420948745086427,10.24675609279896,10.007297997993136,9.609351127342112,8.966887239778284
772,0.31265109103559946,300.0,0.0,0.0,0.0,0.0,0.0,0.039537402820039626,0.4225774989685598,1.1614897967992384,2.3693785452078164,6.924472668586355,14.919247715814501,23.46439697681312,28.191760422147784,29.009400836202357,28.072484454247057,27.280192248748765,27.65732610507605,28.471782992903886,29.14872887078386,26.788045538703436,22.998254293736487,20.193317369805623,18.757343399850267,17.905407841823752,16.963874154470542,15.627259433223154,14.311797163865945,13.301865068028908,12.583659482370711,12.017374612607863,11.556249728117223,11.113090477701393,10.660085969379368,10.255814615305374,9.949372041017462,9.715087646019159,9.517969938456556,9.343104551006201,9.180838465870606,9.025934662708728,8.888429003036663,8.781437070232936
773,0.16098255247286047,300.0,0.0,0.0,0.0,0.0,0.0,0.04143559446766221,0.4316211131468485,1.1684807100942467,2.353817011829256,6.663238529109685,13.992271410155393,22.128006604218882,26.90449807368169,27.488859946198332,26.540852258646943,26.033128631000288,26.001181170522408,26.147762584012895,27.36137587664604,26.503668109048224,24.044201837267455,21.812717048860435,19.963130326263965,18.47838020420886,17.34847782380745,16.190335642369007,15.124641645420425,14.23240443179252,13.333686752020824,12.403237782617639,11.72826624861636,11.405843260959857,11.183591758061144,10.970228204652951,10.744831781637968,10.518299733590517,10.306045329481488,10.114682275585846,9.948433406982927,9.818722401897897,9.766269912459048,9.839648755582802
774,0.1357484122987538,300.0,0.0,0.0,0.0,0.0,0.0,0.041693089965089275,0.4285282502470191,1.1511055183319727,2.3081566473734547,6.5585658889568785,13.76963713808944,21.24997103105048,25.452262874711906,26.452946898055202,26.067979286367343,25.639714441084415,25.35879757087777,25.42509654573194,26.08959591527486,25.14984798920957,23.012894685109618,20.908680336670542,19.072291304648356,17.77292220192904,16.643504281349596,15.2254758989152,13.729386636992936,12.636200923830671,12.045134261965142,11.58831249537113,11.13037014125193,10.795148813459207,10.476608856002342,10.164077139599035,9.883592533901327,9.644878066854707,9.450306651149251,9.289744123454106,9.150838172874158,9.020723081375474,8.882091669898113,8.717404215623622
775,0.13044781529631394,300.0,0.0,0.0,0.0,0.0,0.0,0.05300391669094898,0.5301268446324832,1.4014156267958278,2.7770976536840464,7.758644518581012,16.169559178886576,25.220791871281104,30.391060260407134,31.154677428279236,30.179242930331164,29.3589033254226,29.197922183425558,29.514806221743495,29.80820484714743,27.940395353568327,25.33810506125691,23.28866309948229,21.295043965651672,19.4171089956522,17.951831703174598,16.729545743542268,15.51161031654313,14.412238157266763,13.387557060979145,12.512109354108027,12.150629172110028,11.967424358990822,11.69351399844695,11.354720269679254,11.023371414350486,10.734181124244094,10.504280613204257,10.323373708491523,10.175808451915959,10.045136339477015,9.908247923928428,9.74139657948512
776,0.1443205079797053,300.0,0.0,0.0,0.0,0.0,0.0,0.044154102843204604,0.45672330616755685,1.231426831330241,2.4764637462145926,7.099216084794955,15.168380993943392,23.838093760164988,28.314614391233082,28.508920576605764,27.477055195686177,26.829064279761873,26.719920952546627,27.197663786259646,28.374824204141206,27.064194299398956,24.51027224680346,22.14754986279469,20.168062117575165,18.72559450714504,17.629448381185764,16.35892583375377,15.084909070280103,14.094168303134555,13.314882030654676,12.595844868547234,11.915752932681345,11.375732820983162,10.961237596268425,10.641276545550589,10.391507561689782,10.185625370020938,10.001065281629621,9.827003316850918,9.655757409295187,9.482101010701795,9.309025354023731,9.141199064721016
777,0.11142841727015373,300.0,0.0,0.0,0.0,0.0,0.0,0.039749280427444376,0.4328923302561076,1.2029546076254638,2.470069259582888,7.1397246914888335,14.97688583563488,23.517257892278078,28.418485817376517,28.997739908481467,28.071573405849477,27.536505751431676,27.31958789221079,27.57633187187197,28.55947980566294,27.155745153282762,24.125063042285948,21.240991493292285,18.98896189107468,17.53616230843694,16.6335043883215,15.69349358472535,14.64730922336708,13.685005344809065,12.877120124171709,12.207331567481015,11.855191197009763,11.61995891226511,11.310394628950746,10.96633751750391,10.659581932615101,10.404198070183266,10.197267970800437,10.022388538613237,9.860982333730437,9.685986702766481,9.434585980316726,9.042791977528752
778,0.11265298343971523,300.0,0.0,0.0,0.0,0.0,0.0,0.04814668829721729,0.48823895431546205,1.301240480221425,2.5960733442896786,7.384349836035596,15.646007010613207,24.230288000699243,28.857499109717374,29.557318845575907,28.799355491104773,28.261220913812206,28.12011181081336,28.459486769747603,29.396551963892577,27.956099991714744,24.850049380447516,21.923742650772297,19.776357456716003,18.47263692577289,17.62418931766051,16.62165440559164,15.371372161666955,14.070869095529096,12.96983203222212,12.213633128364803,11.776421609217715,11.469842643688883,11.115145781407309,10.740594689181698,10.407910919762541,10.132015582530745,9.91337701561964,9.739295346501619,9.594992085873908,9.471663571643392,9.380527461806997,9.337396328797128
779,0.07611757143361234,300.0,0.0,0.0,0.0,0.0,0.0,0.04916133060939153,0.49512446686712186,1.3142375661670325,2.612064546000368,7.3304523757159625,15.360685915902293,23.94850851537008,28.767848914350083,29.51150844469964,28.826296898715164,28.422757793283843,28.089067573588533,28.075886575334078,28.998892700087502,27.82479530824791,24.718677810656267,21.718726462017468,19.567402090195706,18.429543742703228,17.79228381336351,16.85149794128483,15.664708722365656,14.324406732641332,13.10970046929486,12.364990780330686,12.004045920998045,11.649800650688706,11.22671998730579,10.825102447204822,10.520186633383242,10.291202141020758,10.103551941145328,9.944965690309333,9.80882481683351,9.690358578132374,9.59079158672699,9.512744976561844
780,0.08119627993095684,300.0,0.0,0.0,0.0,0.0,0.0,0.05969556985239566,0.5613924352358011,1.4312549614803152,2.759429591834234,7.39046119963393,15.03807709144941,23.33653235486635,28.309515177509734,29.196377268520074,28.408613601525627,27.907722741605284,27.716614269707936,27.91199074251069,28.626775806648663,27.235214403229946,24.381383389710482,21.687556543194834,19.65260420443162,18.399432416910724,17.637443186590996,16.74487583025363,15.554710831663046,14.241807111606324,13.097094872112267,12.28516712669049,11.777750844168873,11.365652402336657,10.971568943504009,10.633871634542238,10.390318922239247,10.220743517283758,10.095460896122395,9.993133763664567,9.894977247120762,9.772664066306682,9.559235759322252,9.185763668335165
781,0.16029903373056967,300.0,0.0,0.0,0.0,0.0,0.0,0.054500184182765664,0.5265144868010877,1.3638670179415435,2.6640262389982663,7.346757196262668,15.314828519168984,23.896948964108823,28.999538222260387,30.251916212159134,29.646609165291732,28.78375148346035,28.455701416208992,28.59869168595835,29.288939088320813,27.883577217301575,25.088462682281293,22.676622770340636,20.540330801432553,18.836790808000288,17.724267995581954,16.73372030261931,15.548753348947642,14.450730405756952,13.574222650378157,12.785046027864837,12.109827090890937,11.705886373311808,11.406311900481974,11.14200779780247,10.895649629908428,10.660901808496481,10.43316950004569,10.204231511895115,9.965534041479911,9.704119915129935,9.38850253362466,8.987439576894136
782,0.10404207311885201,300.0,0.0,0.0,0.0,0.0,0.0,0.04766392315126565,0.49291828729493914,1.3288407096555228,2.67078142395708,7.590220525032363,16.007778388762123,25.29230372676782,30.74142636697241,31.63953942128641,30.855684172510713,30.294497706976266,29.892019946603373,30.075753892840257,31.434070762884495,30.139561927102644,26.856799147340386,23.78552772852111,21.539638937478134,20.273736838812468,19.41320367429198,18.185187413675525,16.827720111140856,15.588442980571775,14.604052161794305,13.840803577275627,13.094907253874606,12.454979686642298,11.974923329239441,11.626028044560236,11.370884943042576,11.173525139158555,11.004010481798838,10.848751135101347,10.698410564796681,10.540773298992352,10.351299603347881,10.10422830966251
783,0.17117729691650205,100.0,0.0,0.0,0.0,0.0,0.0,0.03981774319253052,0.42440934635938055,1.1645564410148226,2.3722752672863736,6.927113241821418,14.830429844099314,22.93008982039062,27.61524959739417,28.451265153557237,27.605245065413655,27.085414444239177,27.290593276376097,27.40331239941306,29.43466265798287,28.403170763786605,25.344300025484436,22.653729996982936,20.48889217101668,19.168599258509406,18.19105306594064,16.84725582904606,15.838504737053897,14.7984909583068,13.753626170116032,13.081700701676455,12.764201876562343,12.22770005551531,11.622977112993878,11.118281880765123,10.782582002441488,10.553797773145131,10.36105523177496,10.192932786145944,10.051999339887269,9.967244542417797,10.07401810115503,10.549332773727016
784,0.1448554401196235,300.0,0.0,0.0,0.0,0.0,0.0,0.04533073859078048,0.4642291701914335,1.2443176056279877,2.49159022627908,7.123963238013224,15.351631736600831,24.34486431922813,29.187828477598536,29.69873358232794,28.665853655597246,28.01538043775687,27.982355625762864,28.207267524920486,28.98379573913724,27.38703597343961,24.646177948895296,22.814882710843776,21.324681677236615,19.652961961186413,18.181777356092606,16.96700368308307,15.697742567143846,14.546643569651899,13.632022918112824,12.856531486150358,12.253928066156021,11.768977825711008,11.256117910203914,10.769710547405202,10.388171455287559,10.113416835944202,9.929273319527212,9.809109962274993,9.725494024658428,9.651723936443144,9.559121003241188,9.41942684870419
785,0.07484909485479438,300.0,0.0,0.0,0.0,0.0,0.0,0.04632896732973992,0.47692353658752945,1.2823083063212464,2.5734404038228056,7.34719973514595,15.704084706648604,24.92024723134022,29.951496980441647,30.539774514764968,29.793135502329182,29.394194718641845,29.158819057670485,29.148538770364343,29.758537850711175,28.251521822511382,25.493647647741554,23.216947389237173,21.32376728721044,20.000334595532845,18.962000430153612,17.654588340156277,16.282592060866097,14.899057927682097,13.706557216060398,12.88100959216405,12.330113667715436,11.967606703251835,11.674591302535244,11.421869816523547,11.206269882383205,11.021898041365123,10.860691950340732,10.707808362329171,10.54736950618967,10.362316606517922,10.128845911420147,9.823945956657292
786,0.0863062324015318,300.0,0.0,0.0,0.0,0.0,0.0,0.04969016623024397,0.49911018476811253,1.322555229002574,2.6212213887319793,7.228492686914535,14.844965344526406,23.022967139013485,27.911219840167536,28.981622708230766,28.399117167307942,27.93078915125302,27.716374670389534,27.744541171565277,28.267547515248676,26.95102001019076,23.952375816118614,21.236971664264853,19.47840836964416,18.202112572257008,17.12944592099673,15.9728006608202,14.795925728265328,13.83135051931582,13.057447299189848,12.267254903037694,11.633541165587193,11.216072430500585,10.832420742931577,10.47833123494928,10.192704838386847,9.97204958767939,9.802407367964822,9.663614968871766,9.534973260367563,9.390736499819772,9.182712822399262,8.862133866273698
787,0.19615509170784615,300.0,0.0,0.0,0.0,0.0,0.0,0.036797580382832415,0.39736391784543373,1.098795735101752,2.2494053929743134,6.510162267809684,13.670142114674677,21.235691456734237,25.432258209097743,25.931466140422682,25.260293044307847,25.009306642018775,24.7603839819872,24.930212561780493,25.88750399119166,24.88741740208494,22.309299161332344,19.936707467081185,18.279730288346247,17.29970987355714,16.595376673273787,15.607813553695333,14.3371786387525,13.151325402810748,12.245068399281958,11.643148212305029,11.254079205785144,10.809012083886703,10.343209254805311,9.945966155406323,9.669794833916525,9.490738366185559,9.371014836966612,9.275427884283113,9.17037277074072,9.006555690588028,8.672537517166989,8.065204026156502
788,0.13946790282336838,300.0,0.0,0.0,0.0,0.0,0.0,0.04625446877036858,0.4731621362809783,1.2674735314217471,2.5361899433801307,7.192084486977861,15.229425775609178,24.009699224713607,28.982471838265635,29.493175632108805,28.4777474739219,28.04847429091798,28.041083071078496,28.24167988892179,28.507316864867885,26.62272172548996,23.720204900249744,21.31869742562681,19.296347689892205,17.989837100225,17.230016715614216,16.19803939768862,14.747462207077785,13.311949452276263,12.315033002456516,11.78655631967739,11.522018571061881,11.28973610954054,11.014645932629051,10.724845207565988,10.454906891765201,10.210866698501208,9.990123901908945,9.782996789085205,9.578733503454055,9.358352262767486,9.069600883431805,8.659552736422544
789,0.14895384893982894,300.0,0.0,0.0,0.0,0.0,0.0,0.051832778102127976,0.517517881387365,1.3666341507447408,2.705207887246964,7.551402245601098,15.86814174386616,24.901749744712227,29.93102292774082,30.768602261496916,30.080238280708755,29.389358825656565,29.140237098805738,29.67565860740535,31.034585078171297,29.31722915725735,25.470256542712033,22.373380475422877,20.498932660874978,19.171776392109454,18.065774593009916,16.998137910969334,15.67093492806339,14.402211146015313,13.522473670285878,12.950938834799919,12.670260199168855,12.44688094410215,12.110652051248675,11.70491741978402,11.304084717546697,10.9395990510286,10.624474252435316,10.346188375951105,10.087657449119702,9.828232373102827,9.529230298705096,9.152268817562517
790,0.072308303054639,300.0,0.0,0.0,0.0,0.0,0.0,0.060321666623045625,0.5555792945133394,1.3993335556929314,2.677669491176391,7.220187013387816,15.033393655479356,23.33037635236614,27.81458198534598,28.802274249634294,28.527340069063094,28.01604892041164,27.596714556076794,27.783440180731372,28.41617828939481,26.806540560436524,24.047438887775687,21.811496345177034,20.186110924882897,18.87173237080984,17.63615974184622,16.34058313038135,15.1831690587083,14.263591583501459,13.342246067067594,12.39853753635505,11.730463706629463,11.4244121337632,11.239209076431557,11.082363259259086,10.92282018489831,10.746137307766714,10.54398769921589,10.314955936380041,10.05948160420214,9.776872099482636,9.461526441285567,9.107850783975124
791,0.19130072126053543,100.0,0.0,0.0,0.0,0.0,0.0,0.042180918686058784,0.4274287898657482,1.138726382343986,2.2745967541987513,6.610654271572302,14.522374889580027,23.12646969553688,27.86495835223844,28.002821804477772,26.598721245554444,26.13619105461841,26.310780323407712,26.375923328079654,28.59884393861835,27.560348599182486,24.24306980474614,21.614162342186464,19.445373137322242,18.52809929498485,18.473646017483297,17.3815263085175,15.098999574485383,13.42912976166025,12.795214714628449,12.434383894262222,12.032187599750008,11.614153128053141,11.246556517415568,10.92647807067621,10.636880241885134,10.368799587502842,10.117601823853004,9.88688209671143,9.681756597278374,9.50400089812005,9.34392105038915,9.189677195853978
792,0.23553816110467835,300.0,0.0,0.0,0.0,0.0,0.0,0.04287658398410803,0.4469671683209763,1.2105742727044704,2.4395294646526864,6.892506447710669,14.29187362523556,22.281372183026928,27.22355034453971,28.07557529957646,26.68381955768963,25.68599457427804,26.083449922854268,26.920794250272042,28.39588384631836,27.327271147699697,24.404087877865148,21.628593938409278,19.754497289142176,18.63363579502106,17.548890342228002,15.849802738219292,14.264485853140092,13.260145042330226,12.625198511319654,12.117497644436867,11.71566772632046,11.267972789413507,10.7863624769346,10.361645030996424,10.059454648831004,9.861518995282038,9.735039716049299,9.653452533202506,9.59253427083537,9.530132642621068,9.449703316598594,9.336524432711801
793,0.12073388315870544,300.0,0.0,0.0,0.0,0.0,0.0,0.04556040427644554,0.4755353918107536,1.2888699174088922,2.598526943795202,7.356220212271659,15.371205861578087,24.132439838299945,29.197926796916793,29.892520538986357,28.87405326711224,28.22995719004302,28.450510782939702,29.129010420815934,30.32644581306233,29.00993092050886,26.056761027209802,23.49981478724331,21.89094980524378,20.587743105571132,19.084046826846606,17.407879449404568,16.05141436978704,15.029983058440786,14.187864858166066,13.305677748247508,12.527347506510047,12.099236178226127,11.803156011819624,11.548816778633507,11.315869467060518,11.104060626512112,10.916033908811126,10.748017381698384,10.594898047194167,10.44827184237851,10.286247902871533,10.084881232094673
794,0.19363670026769556,300.0,0.0,0.0,0.0,0.0,0.0,0.044364530653597724,0.4540500584389936,1.2165877598155845,2.4342223820690996,6.89214642449558,14.55693041714928,22.808646186292442,27.415476870188222,27.86835086490801,26.620032504235294,25.878308040993247,25.928808930171673,26.476155888280317,27.831295281155253,26.76524945042299,24.34513775018617,22.12729872072489,20.135008846091285,18.299723405037064,16.753586415223936,15.460733991372747,14.402528573887718,13.486529827236268,12.755070256235859,12.302089001563425,12.034825453791749,11.652983300461088,11.1657698454866,10.689753550482594,10.311772540240133,10.036322986179938,9.847217358457836,9.713731220703488,9.603482523923967,9.480721970617656,9.291582384943656,8.982632995750798
795,0.1038922172811868,300.0,0.0,0.0,0.0,0.0,0.0,0.05867502018365628,0.5475188281124658,1.3895849200418429,2.6718113341017995,7.173666130768442,14.673767861582434,22.637190162812995,27.321322934806684,28.39474358453534,27.74875507285699,27.134292619751168,27.05405475635284,27.211708221439526,27.84387048608076,26.62783430820742,23.862902652352464,21.442460270002872,19.796577030763082,18.6691599113708,17.667319259659724,16.294610447069992,14.75809158608053,13.533604131251172,12.502342774837082,11.741842713201466,11.509736748833191,11.428254376802245,11.231535960343006,10.940446924689954,10.623850666281415,10.323613348347441,10.06462619061222,9.840417879835593,9.638072954355145,9.443575840129716,9.235602016506446,8.99266375800408
796,0.696576884168861,1.0,0.0,0.0,0.0,0.0,0.0,0.21152157097547614,1.0729330975185338,1.8651854241829586,2.5756240185183956,6.490967181684808,16.505278673715914,20.433459292951547,31.734430398083138,27.680577761567026,29.914448819877073,26.500188218657573,26.99887008598032,26.56272790859413,30.7822240759611,26.009942002333766,22.217072857568866,22.013027957004663,19.57322396977602,19.448009070237372,17.29756335188476,14.53547460895984,15.230403912374086,13.90657378827482,13.46879725975942,11.550102592028045,11.735987904726697,11.808921277465407,11.65531456558932,11.296066674032323,10.644912995299,10.081640548081419,9.905344408627807,9.930115320446298,9.870399752318585,9.57619350378032,9.402711696877706,9.814615711768464
797,0.09299393604197052,300.0,0.0,0.0,0.0,0.0,0.0,0.04795532807219942,0.48033780104296375,1.2709364763894657,2.5209680244096733,7.081971216289571,14.967639656212882,23.672751458571646,28.674942770666288,29.34729751752611,28.418902779862332,27.944011695519006,27.981861651473693,28.13102599536457,28.40338096249832,26.985975079136573,24.463109606221153,22.019847177134704,19.9220867178508,18.473173883146355,17.42563827545173,16.286121128845554,15.28748350576056,14.450738546449472,13.595040929216456,12.669539014723863,12.006633668410736,11.582216638206903,11.202222074479874,10.86504194980185,10.603897613347607,10.393671116198014,10.200884276574525,10.005645038183786,9.792190820303817,9.542935532585254,9.230098067697988,8.82794249291857
798,0.14757063676576798,300.0,0.0,0.0,0.0,0.0,0.0,0.03943772259522086,0.4216733991288956,1.1593047642627736,2.366698629375694,6.972332711593625,15.250770364664996,24.209833887732128,28.81170574854625,29.172623953594208,28.223989426995654,27.693068874134582,27.828403721039997,28.310973317472957,29.506823268951837,28.20246436541332,25.196926345546427,22.395217804768038,20.57808901015136,19.653930355800235,18.797130608966008,17.379721235757742,15.977895708070447,14.656614382627843,13.444898883666385,12.623862278482788,12.152964029080898,11.844270986351193,11.567613550710812,11.326821496490142,11.142712436169964,10.991641302094289,10.84370359265143,10.682213030826967,10.494283611074517,10.26178501743102,9.944402036997788,9.502969653978855
799,0.11911137333173648,300.0,0.0,0.0,0.0,0.0,0.0,0.04735948995582234,0.49001972899406904,1.3213307741293545,2.6542851351617425,7.494011845575384,15.623974583991442,24.209853912304393,28.807351497990346,29.51231806759951,29.28836982390217,29.066634186431056,28.279851568195824,28.143180752203644,29.463850226357128,28.648217462307187,25.509204417211432,22.48002842505743,20.428146131815296,19.23888810721109,18.36850681037511,17.073447011114986,15.612881949242388,14.314790888188256,13.299241681370228,12.519732818221195,12.013802834987429,11.713880659326803,11.436528818843726,11.16001591783827,10.905390869732205,10.679656223462908,10.484574418897148,10.315343524136827,10.16589519617446,10.029068208424253,9.892400941806228,9.742658446722695
800,0.0906302217035383,300.0,0.0,0.0,0.0,0.0,0.0,0.046195758055471624,0.47324443985324205,1.2686772301769333,2.538822797260368,7.190172069282613,15.28534321541099,24.344130401267556,29.611342338696808,30.480107901509562,29.605174277719996,28.80712676075575,28.680720269608976,28.89599850530452,29.35316789593841,27.808103415787777,24.914405428399515,22.565599292678296,20.98593975574988,19.58706583886656,18.19654803821394,16.882587904275162,15.726806034679965,14.663418121688338,13.765946109881249,12.94704199085896,12.194178375989678,11.771637112609243,11.516542199977748,11.29884496676084,11.052533909810684,10.789468415208471,10.535071451660968,10.30024715738533,10.091878115791557,9.916586878647493,9.781891879172703,9.695488615029896
801,0.11754537920722896,300.0,0.0,0.0,0.0,0.0,0.0,0.04309433683410104,0.4370701923007308,1.1650026257071906,2.326297480671154,6.69173869784547,14.424593887079299,22.48610223223428,26.840959869128255,28.080070891261478,28.074534104127828,27.48593619159868,26.919740679376684,27.34778360316114,28.253194473498066,26.80977048448043,24.101331358164444,21.629952432889965,19.669852098619288,18.314459441754263,17.206318116911014,15.81327349640428,14.354787297366403,13.305104841718798,12.749278725823455,12.238365234683554,11.675989775267837,11.22756404854528,10.85158041816044,10.556383071498724,10.36314094111934,10.239576542233518,10.14655676203033,10.060309511711544,9.961188846175173,9.826811406926474,9.622656832181008,9.314978883252094
802,0.13301980909188615,300.0,0.0,0.0,0.0,0.0,0.0,0.041996771693589105,0.43616072190138594,1.1787902146276859,2.37481071599857,6.8101586558108345,14.461723016947888,22.655931947991675,27.317311821352366,28.14271818208542,27.412520365408877,26.867123512597928,26.972178750747144,27.335555129398347,28.106484277525798,26.865446855335748,24.32597615778861,21.911396663588917,19.964535102151242,18.77726855404572,17.892517428063865,16.567073051950853,15.260137159167021,14.170580839594846,13.351111368964164,12.79185624798394,12.322537340521194,11.821162540868976,11.33168262945574,10.908408724307309,10.583131834821884,10.34487756012228,10.175412598327899,10.059655394786354,9.984175768044935,9.938543635548442,9.921310258586223,9.933360067668696
803,0.2541564659566317,300.0,0.0,0.0,0.0,0.0,0.0,0.058376459594836255,0.5560910659605226,1.4285028928737136,2.770441350111612,7.520539652484862,15.558101114395681,24.179991191113857,28.770251755024148,29.065645973560798,28.058951529207867,27.541931750758454,27.502368095833127,27.637975489831927,28.421856228451446,27.23435803865037,24.312938202454944,21.773720597330076,20.202888145595857,19.197948644927266,18.24552013114426,16.784975738449035,15.003694550270005,13.394719873939094,12.36703924201115,11.908731939556699,11.777355103541712,11.590797329511588,11.258705089407284,10.888252079108703,10.58180470002031,10.346021982528292,10.164084924740262,10.010112178811637,9.857302729933076,9.671717693860655,9.388279116889882,8.943796941924818
804,0.08072389380137839,300.0,0.0,0.0,0.0,0.0,0.0,0.0480052707628015,0.5038990577433493,1.3703162089211236,2.769039413718792,7.825948800048923,16.169889680724168,25.04680293427469,30.26075816650757,31.35268665615092,30.67995246575356,29.93870180756912,29.700899451645885,29.782088375783978,30.184501973878056,28.34147963437787,25.378545678215232,22.996159346220914,21.07969344799153,19.618638395053182,18.619495001076213,17.544497992095714,16.239556194979414,14.984005206168426,13.977348346076836,13.232213729360103,12.744121812430391,12.437345712693391,12.138057259067772,11.813950900066049,11.478579025104231,11.160039069150109,10.880839296840717,10.636470111988967,10.416780336397679,10.215805552883287,10.041269073012094,9.903669035458256
805,0.1750828988400828,300.0,0.0,0.0,0.0,0.0,0.0,0.03164659217002119,0.3616769005682178,1.033989858073092,2.1712187397266236,6.5831361931936305,14.401473881481953,22.754584316421656,27.169924114626188,27.83663165854873,27.40474606933896,26.927441107041343,26.430367652445035,26.583951219199786,27.254391290019896,25.85211151690415,23.27235744221069,20.93209250961738,19.02510702959829,17.614013652401432,16.607586769558274,15.595913011968701,14.529544892739654,13.427168240317533,12.516447521731353,12.022623309419123,11.828021495307512,11.560320208017139,11.229135886263355,10.914043726582817,10.66171147846053,10.453652863612609,10.259364312650243,10.055465096441669,9.82154573601612,9.531643903224884,9.134464352260064,8.584033713983303
806,0.20051200641375985,300.0,0.0,0.0,0.0,0.0,0.0,0.044605714108011105,0.4549923477934695,1.2166794940789447,2.4293781646840285,6.809130108823519,14.18099201968672,22.095184004588727,26.474753586062395,27.166878975507256,26.635586057235304,26.2178384922458,25.88387866038498,25.996877542004864,26.83433065852072,26.42994465627533,24.70095474569635,22.166662674284442,19.76612747620085,18.17345532980985,17.043194590606653,15.89738419746379,15.089774001413073,14.40355791494226,13.451150335406721,12.43668882741452,11.733730681826028,11.296191242569755,10.91658253319144,10.582597304139789,10.321899098180504,10.119412148491888,9.954186274679529,9.815989479731133,9.697488257270736,9.591830957856311,9.492877347540626,9.394801019808684
807,0.11889985956498023,300.0,0.0,0.0,0.0,0.0,0.0,0.04686498991472157,0.47934921405735637,1.283935218154577,2.568898570138229,7.29018932362171,15.468115833107207,24.365814028360866,29.28855242057463,29.7733721636474,28.76295424729896,28.122592813259875,28.038915684364873,28.514271101567513,29.246528453747782,27.423062739282017,24.418011361465727,21.87491724421611,20.01622424443212,18.831289722837965,18.105647028754557,17.16633028246422,15.937061432840748,14.813380838843782,13.9023224707624,13.087210484267388,12.391009398428013,11.870021461195538,11.489063976643655,11.200396745544353,10.966033660289881,10.762670472156397,10.573644076102303,10.391849951445689,10.2126430147691,10.036433011333983,9.882539531474908,9.77381148678621
808,0.1960929368894619,300.0,0.0,0.0,0.0,0.0,0.0,0.053039415042143545,0.5070732489666933,1.3054320804231105,2.5382963897523854,6.99085267844571,14.811775919477958,23.47953789048823,28.278761329087015,29.188325082190822,28.681503284631372,28.032794905077353,27.819428098236596,27.96813981825273,27.74672105246454,26.174496472779648,24.46572122891087,22.522450606327865,20.39731390208886,18.79272434867853,17.60921651498683,16.161082656345958,14.678689829052596,13.531149077567758,12.691523017940286,12.10450239473865,11.830510750275764,11.568274885789128,11.192339041390483,10.770240404800347,10.380396312432994,10.049526057608519,9.785994916959778,9.57776592325967,9.409445650493584,9.258771749032654,9.072476871862055,8.793957435169274
809,0.203059773124625,300.0,0.0,0.0,0.0,0.0,0.0,0.044165792035973254,0.4635204633515999,1.2604149908714049,2.5488321030885954,7.2800727576963995,15.221288998744166,23.501214783561714,28.295523431928103,29.32063111976755,28.421280428953956,27.671020217748833,27.842380593621364,28.428756325181425,29.436571416267853,28.084616505579664,25.532248626372358,23.02969136848002,20.578275490607364,18.646817692057173,17.536363671886413,16.7850279675014,15.879697588147062,14.892875700328544,14.011256492931865,13.365384617913268,12.97992601109675,12.68532196526989,12.301702863737512,11.877696293702405,11.496371102460122,11.17990325852536,10.928254749787731,10.711943188600493,10.49668167878441,10.236969209977898,9.838712763341846,9.21453209822956
810,0.10473725601475757,300.0,0.0,0.0,0.0,0.0,0.0,0.04364552692535597,0.4666060548177643,1.2826784508699758,2.6162019052408847,7.6237057394922765,16.341421927386595,25.58179210026142,30.689643767863785,31.666701316335654,31.1871157098255,30.606834486863654,30.06755579971883,30.142998495554636,30.459538175760866,28.82482298028639,26.23744194361061,23.769788147428404,21.780724238771285,20.16986917397259,18.813538134329377,17.552350665557746,16.248645396270355,15.115060212336111,14.184225809155082,13.355306194358587,12.689651613403884,12.129228840623455,11.641679525370087,11.265146273434224,11.027693399705415,10.879888819998893,10.764887617853782,10.655668759467058,10.532894068569245,10.378267461195628,10.17553737081703,9.910513845358398
811,0.28532383054987026,300.0,0.0,0.0,0.0,0.0,0.0,0.05018803609123016,0.5101494455629797,1.3613072636790446,2.711392208012106,7.47038210869845,15.006744390833,22.748005841349283,27.594171568209912,28.87303134780424,28.13638351572937,27.283040094851135,27.312717227406967,28.0469010147622,29.29676182196991,27.669406246801532,24.697056174648022,22.104216214809682,19.912609548952187,18.451192749120725,17.710170377685177,17.002801630455316,15.943436535162213,14.654989538367527,13.405014513220031,12.63201945467852,12.405067268550482,12.209003932456364,11.866936733710604,11.440417014811416,11.007520066462622,10.611422628508517,10.274446971643858,9.981984302167229,9.71282935092155,9.438438694597995,9.096619000394009,8.626695461612574
812,0.1432660055761827,300.0,0.0,0.0,0.0,0.0,0.0,0.0556882750625924,0.5180094309351334,1.3122081679533852,2.5189240508816924,6.756344407005067,13.968102437028573,21.92369790092804,26.760612167044094,28.007788915521502,27.63177246245334,27.14402509654606,26.766804672103753,27.050554965491205,27.97893405654369,26.841585495695593,24.56480131043513,22.281006951744992,20.076639794235145,18.459422778822262,17.308843902711082,16.094736574002493,14.750191988670391,13.60404609120976,12.769522792728699,12.265114066688502,11.99343256153276,11.624346151091432,11.20791544892252,10.832932350773946,10.5464193605482,10.332291391744311,10.162239327379007,10.010086617632561,9.851212612108133,9.653415965791748,9.35217847666781,8.8853641204105
813,0.13819656935762067,300.0,0.0,0.0,0.0,0.0,0.0,0.05845805872165491,0.5587894407982004,1.438384756889286,2.7935978974498723,7.5680840473082585,15.546587476483728,24.242468999651578,29.413811621148977,30.440451069240712,29.686497596571588,28.952863028647013,28.64397896349151,29.121749400215926,29.528685965314043,27.40072922887466,24.350205737800867,21.961624357256646,20.462790946578053,19.474242846624346,18.62950054105598,17.456063259088342,15.880920421388135,14.462347215016623,13.422816872173867,12.648098220211127,12.179414598818266,11.973160465308114,11.765047723727655,11.504885129591974,11.215439024995744,10.934316324317193,10.691131703219538,10.480055392569524,10.287699849611396,10.095095852003825,9.859104483308192,9.534841669696808
814,0.06981972466620859,300.0,0.0,0.0,0.0,0.0,0.0,0.04111731748432267,0.444735289207955,1.2308858594278302,2.520353138661669,7.276673897409703,15.19531152627857,23.35774298273349,27.760308060281677,28.507726439556322,27.891352705140534,27.28597653182625,27.16477254330508,27.636786898716206,28.829842756053132,27.42236634023319,24.295397506336478,21.698674829250695,19.935884805417125,18.759485124633784,17.784254053993052,16.47000797824081,14.99998714253381,13.875395632549939,13.054447166095681,12.344227622371385,11.779023398248658,11.385188075975805,11.044574510823903,10.737631513200045,10.473877466830809,10.247841152043467,10.051480753139725,9.8787979615725,9.724543449552277,9.583404620988537,9.448903064858804,9.314514189055272
815,0.16033215158486142,300.0,0.0,0.0,0.0,0.0,0.0,0.03976502400390556,0.4294454101766728,1.1876143375887995,2.433464514704768,7.129186760232871,15.298117046511019,24.10821149710853,28.8553074507302,29.456969552577856,28.7989234614761,28.1736292677302,27.859532595833073,28.04619963466623,28.570019328650805,27.28777250989021,24.961317879705717,22.532788392658187,20.309820652151856,18.745241358919422,17.83075719642812,17.054875404896034,16.12889911554646,14.970436556051675,13.765086157151575,12.910148780169449,12.585476208160166,12.427787721972278,12.170076248894768,11.823748190329093,11.4503335033572,11.086835094445835,10.755963350561911,10.456747278766144,10.183134835955286,9.93678378291433,9.747269913900828,9.649330912882345
816,0.21702070117348343,300.0,0.0,0.0,0.0,0.0,0.0,0.0420997052449649,0.461274554925013,1.2864477074970395,2.650998551685766,7.802292347360656,16.8632227366994,26.82634044863338,32.232079962733664,32.87986352828765,32.04911380166108,31.38484196253404,31.028973543369304,31.618919317560973,33.04588561645316,31.120101635802136,27.206301299360177,23.95910700523966,21.881204352629297,20.79850508415017,19.971657283562767,18.65986654763946,17.332356219982408,16.058882165585192,14.812381481049703,13.729161348450974,12.966697379772937,12.482184213210196,12.110723741781214,11.827359414829747,11.637263997229821,11.505355337372398,11.390340805663667,11.258612243609981,11.079517372090228,10.812713970102866,10.377272767740159,9.701477148362457
817,0.22474391854853795,300.0,0.0,0.0,0.0,0.0,0.0,0.048539580155147914,0.4833593526073569,1.2743896607671976,2.5177374855112378,6.945187250054993,14.303640780714117,22.23119424666413,27.159563288296663,28.713680559982798,28.58187467307023,28.14810520790612,27.765178794124925,27.845303554752046,28.702181666089693,27.311282062724565,24.485565621601882,22.182253021886176,20.646943004916537,19.53601451199959,18.388040557656534,16.808044537060322,15.332545238996712,14.193421432775434,13.250024211887427,12.556064189246069,12.1332576109883,11.765702115367489,11.405042274759953,11.103734970454818,10.90090421987327,10.75646976775892,10.618757763555152,10.456033431210285,10.242744561586788,9.944265773940305,9.487136014969876,8.808209855483838
818,0.2229291993728952,300.0,0.0,0.0,0.0,0.0,0.0,0.04736972807134392,0.4876060510564103,1.3108635565362556,2.6284951262660696,7.443316143783087,15.605851070676035,24.11506571761547,28.91171220916626,30.23996342247788,30.16335627370962,29.874146811816622,29.521277522253417,29.488954983074652,30.001030370421855,28.4546640457009,25.827480458231065,23.544091740176835,21.46631571697933,19.746735498994717,18.438115150934205,17.29888006861876,16.118764654621234,15.011228304923947,14.09040302075181,13.285667972074613,12.581155931358994,12.081070565874821,11.719807961738349,11.45472675537461,11.262668991364501,11.116035528792402,10.99117389040144,10.88050121216344,10.780384533780628,10.687637561798315,10.600632903431068,10.518111007088411
819,0.15873929913695325,100.0,0.0,0.0,0.0,0.0,0.0,0.0315900876782769,0.3797404793216842,1.1177931312505858,2.3900162720302656,7.2928927904345695,15.852385859928983,24.475441049506156,29.09543328002078,29.907000212243506,29.053873331236208,28.317904806109503,28.524916149811673,28.59879669328827,30.05985299117615,28.197588159831174,24.983279204136096,22.94000338358915,20.97355174527028,19.20352352779915,17.88143193344085,16.382352639644722,14.927470863663832,13.811103520970073,12.966237490985586,12.273635977573223,11.938107292516367,11.707633510555274,11.469206755324807,11.235277671385143,11.020233241208452,10.796521427391111,10.537440414297095,10.252755545559586,9.95976369477198,9.690711950998706,9.540118104603675,9.615767552763563
820,0.25192004994138906,300.0,0.0,0.0,0.0,0.0,0.0,0.059427068283549,0.5513053830461745,1.3943941243926623,2.6744779426117797,7.175259023050854,14.799521715846325,23.181901533588917,27.962039656771303,28.49076241952076,27.498663676352447,26.805198650852677,26.74944637595974,27.105353084973085,28.194879234655133,26.892001290241772,24.050911688708645,21.67074270731202,19.83710448713626,18.654021801267547,17.904624535342816,16.977213367034118,15.80948247488995,14.667899979925812,13.823291764968499,13.292906405768946,12.800308072218357,12.183151544407474,11.553594862234652,11.01125212997993,10.608357560944963,10.32331826414022,10.122832725362345,9.978351675154608,9.863963534186244,9.75232249205534,9.605791591397818,9.386388201900894
821,0.0653772077497456,300.0,0.0,0.0,0.0,0.0,0.0,0.041258069962756466,0.4430291187405329,1.2209710356011292,2.4930899186769175,7.223446167886615,15.442364130911388,24.43841532940361,29.31715996699123,29.90718923844165,29.327618651464523,28.758809509252636,28.1817456480737,28.410864892755022,29.509086923817478,28.052061174340764,24.832038217937676,22.299953575773518,20.619829372349766,19.326418211546244,18.129138717281087,16.854230858565675,15.619476605268531,14.392125821459974,13.220785140885182,12.474101275410375,12.24968627287817,12.032723429923921,11.708381776416553,11.34957803255141,11.023381815702741,10.74839835401941,10.526582598727597,10.34090066659905,10.171006887978004,9.990295807559459,9.74440530226333,9.37813828925895
822,0.04713249404912537,300.0,0.0,0.0,0.0,0.0,0.0,0.046190615036953715,0.4594127293216215,1.2104462811483423,2.3924700989167484,6.6893064125813675,14.157996228873998,22.37450151870209,27.036204792069192,27.816500944776028,27.05410864140473,26.38106045312415,26.362910895587742,26.944626993708724,28.126542143631546,26.72916490881749,23.964903156624388,21.511360489258394,19.517706024616317,18.199475503881946,17.255197422087974,15.96077858235542,14.77225217878872,13.84976866991509,12.999494707091625,12.194310041231995,11.570005296230683,11.170102987925343,10.828869381696784,10.520203697863609,10.26035135520762,10.049901235090791,9.883126635131143,9.742940595162592,9.610378301982339,9.469944227311968,9.316768560558259,9.148708425428016
823,0.09050049676568213,300.0,0.0,0.0,0.0,0.0,0.0,0.04577263039315245,0.45983775756704354,1.218749288230972,2.4191773791313125,6.7727330376289325,14.21636816780001,22.318513177814314,26.901385971196532,27.788217733621412,27.5269073282367,27.143298468546842,26.475864057240603,26.569686297437148,27.79179719261883,26.788992763073963,24.043207154077795,21.751351992308713,19.895911101306694,18.297508997966776,17.012827406646263,15.750421436436735,14.523167028400957,13.6285590084871,13.067927285338095,12.56064489887093,12.022413055635662,11.546647077462328,11.16009703699446,10.856287256486173,10.6223895345222,10.425966079222075,10.236686811392943,10.04480320018155,9.845722366503631,9.632015793362125,9.384645381430316,9.083900696848108
824,0.07754909815372417,300.0,0.0,0.0,0.0,0.0,0.0,0.055583419510394194,0.5285551597098269,1.3564007415825436,2.6292443596219317,7.1440985830302735,14.807292162767217,23.10595778720222,27.873829141958236,28.78843351684022,28.127593555554526,27.502919005193966,27.130027226139248,27.463976977834953,28.52134644317407,27.073373246976825,24.437273690370514,22.346459624438676,20.476035752972766,18.72991836736498,17.26265947823517,16.067637303107375,15.096259361105282,14.194040815752288,13.28304070380964,12.502838035420956,11.99432254204314,11.635340313094849,11.23706652012248,10.81721614798865,10.4347232896191,10.120325452798479,9.889303202922303,9.728435474826059,9.619586129435083,9.545559786985697,9.487415205927796,9.426107312319845
825,0.12236928764877604,300.0,0.0,0.0,0.0,0.0,0.0,0.05677916268144661,0.5524370965437276,1.4367525273871482,2.809460234536769,7.6569607785563,15.85218608401914,24.823600987048277,30.075026303269787,31.12592773650167,30.362509797497637,29.56704476697808,29.46661266151162,29.937300645196224,30.52602354732009,28.29433135685503,25.00182473392263,22.60910096517409,20.917961834300655,19.679403793267703,18.42108681413424,16.77944243402217,15.405965422945357,14.513307485773634,13.910481911900595,13.427130627993943,12.969239254901831,12.471457223984771,11.906704928120533,11.368567976392816,10.942317644686609,10.621714279539189,10.382040996858107,10.197168075752021,10.04231988388934,9.897603957306421,9.756712506159234,9.616704155094295
826,0.10892045005972233,300.0,0.0,0.0,0.0,0.0,0.0,0.055069366820459376,0.5363928880607024,1.3959111288823816,2.7305718608609526,7.433508172622564,15.311949322729644,23.828534592209845,28.689677918343182,29.599174769048883,29.011477571216965,28.389918402893002,28.185278796737233,28.176938544403956,28.529953007102723,27.37127671566577,24.746492891638486,22.152920374993972,20.286592480522557,19.23902028744427,18.439607819192307,17.14233039281537,15.590868151830254,14.26177787638311,13.282814335659955,12.608948206891352,12.190164105825618,11.869289567401012,11.51001910342377,11.145760470196025,10.831191785280213,10.56550872041832,10.334288445460793,10.117613011142769,9.895477566730905,9.642036397898485,9.305314077793161,8.835675677143426
827,0.07895805504832429,300.0,0.0,0.0,0.0,0.0,0.0,0.0481400507679733,0.4850607759604101,1.2878753854657325,2.5609609168880834,7.223516859945965,15.24734166982082,23.777615003754082,28.436953508230854,29.26387017733734,28.799424754618464,28.349498650280275,28.04917123392379,28.0866121217969,28.430793495497895,26.534870028729873,23.586507632601222,21.383502028613098,19.803435304031623,18.634978675036425,17.64291680281932,16.436449432711793,15.152344128724295,13.978779077426852,12.994054313524387,12.269476121601157,11.827484157019457,11.391884029442814,10.990878221929211,10.658056359885677,10.398239280034794,10.199611281189696,10.04750017878603,9.927427223158501,9.825541760583992,9.724292164437108,9.589785407921362,9.38602465655886
828,0.08214059509320952,100.0,0.0,0.0,0.0,0.0,0.0,0.06516474972263306,0.5787892675828159,1.4269619081516411,2.6897491557332036,7.23130387792348,15.513454747521713,24.877227018037118,30.290443194897126,30.497008787486774,28.797720844565973,28.27777892197567,28.51266783499313,28.469475096112443,29.234394060914738,27.206759564822086,24.486539355355053,22.247992965263624,20.17981870821832,19.026965516483873,17.974338188419946,16.27527021741304,14.850511238988375,13.978768342528378,13.332997956855257,12.729883131398612,12.308473090206682,11.87394430347688,11.35260773984322,10.857599210193591,10.490835581075865,10.2424572432495,10.080656788954288,9.973387511313518,9.889917092779063,9.801818534719118,9.68565308885292,9.520191850176637
829,0.12837937972211244,300.0,0.0,0.0,0.0,0.0,0.0,0.0530725909001509,0.5226082305729463,1.3689560153986091,2.6936518920277437,7.416523063888295,15.22048439517956,23.536786959461875,28.581775652321802,29.851013032326218,29.4018430630987,28.947023434850568,28.481005773871626,28.47154685476376,29.066855050661264,27.44004693579507,24.231478278525177,21.57702984416334,20.050256585024933,19.017840798366034,17.815432167357777,16.321250579069673,15.114429683413675,14.30990779193054,13.650665692189813,12.964819377328672,12.400753737125024,11.92677930540735,11.491178962441548,11.111384253140598,10.810189056525285,10.584014645658264,10.421262739367531,10.299269638503713,10.193764068046931,10.06830323041631,9.836428220279489,9.409585739205214
830,0.09737227031120996,300.0,0.0,0.0,0.0,0.0,0.0,0.0542755246713482,0.5251465317763091,1.3614123173821169,2.657168983379036,7.235814317657355,14.937636278975535,23.400251683330442,28.446611640856926,29.329461883881304,28.28220168000793,27.439885001166118,27.518414256073044,28.226872017688848,29.29123963880806,27.496135694343597,24.639243688853533,22.250358123051505,20.235356440866713,18.826949331476058,17.831811479467284,16.607988752806392,15.201962108911898,13.874379462115087,12.853215215447543,12.305209184667996,12.144567195354988,12.019722427137015,11.742104823739707,11.370578608367802,10.9964103098345,10.661002674480065,10.383458901143038,10.150746758537572,9.94379184725329,9.747100195582174,9.55415077129218,9.360780732028442
831,0.20559739532928148,300.0,0.0,0.0,0.0,0.0,0.0,0.034647387329318546,0.37569240449664076,1.0413971991933177,2.137779604189987,6.313556339847508,13.778984259660486,21.995326620432085,26.581196347525577,27.05031729902552,25.85161806885904,25.063554280506573,25.066535257266967,25.653224564200997,26.557980961361547,25.034254001581214,22.58244669813584,20.46010112557322,18.747449141364633,17.607526066544125,16.65465587165583,15.355095821296356,14.233154331998264,13.371794602825506,12.495424005446107,11.58845728455178,10.943968429611832,10.654667722588218,10.444345269595395,10.241214180890598,10.0465462665418,9.85980784660926,9.67936741968315,9.50118651515786,9.320830472236684,9.140004317397825,8.983315338542873,8.879435977698497
832,0.10951139907167408,300.0,0.0,0.0,0.0,0.0,0.0,0.05107506666100111,0.4938257372721031,1.2797200923124428,2.5002403181325876,6.939056836451364,14.769295779613586,23.374726704240473,28.278761204693733,29.107857031538625,28.27780331412136,27.603533402743984,27.600863247987803,28.36123165521191,29.739679390782232,28.067633415232507,24.658869871521155,21.831504970540482,20.181563000347953,19.106324744448628,18.081947426115605,16.876318290886598,15.562634081412648,14.246528128954182,13.092478620347217,12.275205549691346,11.824270720429961,11.48318849408954,11.139402439619879,10.84424999868548,10.651743239977785,10.535227304410347,10.45349596766795,10.375305645342992,10.272349184800403,10.103129606795013,9.774144077510842,9.196838189574684
833,0.09298275274289114,300.0,0.0,0.0,0.0,0.0,0.0,0.05970851483946567,0.5637617642427595,1.4406598235122139,2.7827152920416913,7.516106769624381,15.651573719742125,24.7302905900186,29.920646957316414,31.027858235863256,30.663677507068982,30.035326533948588,29.549745895977754,29.507006496247563,30.213633239623515,28.873003693427336,25.59808709827819,22.756533501361844,20.90324671531099,19.687248699001724,18.545186348523078,17.107455412577657,15.717912748783641,14.49446728761879,13.619114992864569,13.054969241781686,12.607915426884095,12.247825455805547,11.887365323863621,11.513449628510966,11.14397019551752,10.816882773389978,10.562399913320597,10.37392265790676,10.23763220172067,10.137347230330512,10.043045015075203,9.922195689359825
834,0.05443030790166321,300.0,0.0,0.0,0.0,0.0,0.0,0.043598868293743105,0.4495117896581892,1.2096593556962947,2.4283701525694625,6.91372171640971,14.685601558155238,23.18535961663299,28.022519494736727,28.820227918009696,27.931135468706618,27.25713189802079,27.24611434940043,27.567995305874657,28.538649976632634,27.25704832112076,24.361774946754863,21.747218656153084,19.891715902979264,18.551597706517708,17.42052900333661,16.340653756241547,15.348357014010949,14.360113572767908,13.344961975639853,12.484249966735643,11.909608775137622,11.59287596110769,11.30443054380027,11.013835076160394,10.748825262371515,10.524576784587682,10.345537092354308,10.18810905324499,10.023316374420281,9.80887161503002,9.448219504676691,8.85046485154852
835,0.13517696732234522,300.0,0.0,0.0,0.0,0.0,0.0,0.04359802999495606,0.4438600344671883,1.185578370277906,2.3661611050661997,6.656520617335192,13.945265744665885,21.91809843172035,26.63479242253369,27.36498499295136,26.380780008564468,25.742181460280083,25.7632653061401,26.147475434148365,27.68682522190149,27.181420353006338,24.56863610199629,21.659805004143195,19.513934359866447,18.066685731685496,16.963798276232232,15.78589357854758,14.461815085913113,13.374956414639243,12.677239487339707,12.14899025978488,11.63925170138282,11.221107029911629,10.91099586632421,10.691779419338234,10.54118127391685,10.416613616682511,10.27724503946675,10.104207237730956,9.884947882307067,9.604825666022949,9.237542032618476,8.760123919376277
836,0.19383689705603438,300.0,0.0,0.0,0.0,0.0,0.0,0.04611775857023002,0.4547735613769376,1.192262006734533,2.3491915245692585,6.576123139864628,14.010954079835605,22.268887405145303,26.886991791919346,27.49991736797516,26.70117123074332,26.144258625093954,26.036104808852894,26.11921093292044,26.543994404123907,25.264334965931102,23.023330730871383,20.980753332662935,19.12743017183878,17.54701273805843,16.432005321503315,15.583525709551077,14.616436261592424,13.461390201188589,12.471726315065178,11.906133755530387,11.765919775799615,11.70479740730826,11.484386413283207,11.146461886400266,10.77972736199526,10.42757651472887,10.11368393793367,9.83706031435437,9.5914924231819,9.370935479286832,9.168175565250223,8.976158875126675
837,0.14042572164974504,300.0,0.0,0.0,0.0,0.0,0.0,0.037831880980253675,0.42279222837741515,1.1928375463507352,2.47818444467535,7.347232321235488,15.808316932223715,24.836598476937745,29.639677021280814,30.399278979545333,29.9483595723106,29.40230392518129,28.87971574423835,28.836947102362593,29.5494435555605,28.196474993885204,25.161777090976518,22.227633453608345,20.140823955363498,19.150246287702405,18.622651000292297,17.51237610323729,15.998985022765323,14.565892809236054,13.45598393780799,12.755522970815184,12.382504776458772,12.16803144032398,11.890939305122686,11.556388292718058,11.221347022818495,10.91376183572382,10.645804498843932,10.400819401548127,10.156865066782759,9.885954199497364,9.532413938598173,9.043112692195715
838,0.29246935731792945,300.0,0.0,0.0,0.0,0.0,0.0,0.05245354614988489,0.5210420509377791,1.3717568268744393,2.707322579930933,7.4547268272301945,15.29626564526515,23.584533631563286,28.353646189222605,29.200680741340157,28.12489762566248,27.10851127967465,27.13383553573166,27.635648356188575,28.305354293460052,26.641178515319677,23.985573832320558,21.869976422553115,20.28943428970411,18.907440269499098,17.665401211686735,16.539064483202853,15.430708996241602,14.44787383668974,13.509278128202718,12.59023140960158,11.804348849026471,11.18803960101208,10.700155384050559,10.340473610772774,10.110300005199917,9.964482284144768,9.855310528672696,9.756685264531784,9.648226493079754,9.504933898409183,9.28213615127256,8.935775234953242
839,0.16980412684312976,300.0,0.0,0.0,0.0,0.0,0.0,0.051190570155047306,0.507865706066023,1.3361698550745338,2.636725397869817,7.260954411798741,14.819102927701506,22.75224307485135,27.67692433322646,28.995851902619034,28.214863062670524,27.390723002323963,27.231907093462464,27.588635877690134,28.609259245521798,26.92835356156203,23.854687521814373,21.481921533441678,19.47048343895504,17.850906081129498,16.645688367736366,15.534859805346157,14.666461632779619,13.957177274782424,13.077605860423636,12.31800887024123,11.974131645291553,11.674108941286844,11.332195898221627,11.011629496262081,10.760326959515618,10.553173312368768,10.354077154285495,10.144028140123842,9.909010758742902,9.634441257923205,9.30012240132646,8.88817792062001
840,0.2526832588384906,300.0,0.0,0.0,0.0,0.0,0.0,0.06896145431845059,0.6118095443246766,1.5073694908323072,2.835461703714705,7.417049087307134,15.268635475478389,24.265337702038053,29.51441513131504,30.185765618088453,29.173694365614608,28.42805378641215,28.437565389703312,28.54686624983858,28.537516414738693,26.73819242338924,23.743305932815634,21.28432432054627,19.748115808761376,18.65668605059897,17.547815970862352,16.124229772145824,14.808606810099931,13.997543606613258,13.57484743096018,12.977560729546571,12.173351882944848,11.633246212871091,11.331913859761192,11.165974299571104,11.059445980006666,10.953433262594082,10.80474627829093,10.613138923123458,10.388792242265792,10.141442048406496,9.880057031131884,9.61283520089628
841,0.11060631763413087,300.0,0.0,0.0,0.0,0.0,0.0,0.05236657628661748,0.5092340935598658,1.324025352183277,2.589202615966823,7.057177227722753,14.527215056602065,22.681420302000276,27.54654895051876,28.24675516663165,27.330036132437986,26.7951095710253,26.66427157009377,26.89435926339218,27.796922821603015,26.286371530191666,23.406507283360913,20.949039689203424,19.11128953024396,17.875424507556318,16.80521281249332,15.437893899262512,14.36081732919872,13.703123417207788,13.025053775623007,12.107279225245746,11.34075463952586,10.892147245948516,10.55042600276071,10.274782351675938,10.077625020221987,9.940083526481864,9.838902563952484,9.757831867194378,9.682640945000905,9.597926207220706,9.482595421524483,9.315216218933722
842,0.15730461268782578,300.0,0.0,0.0,0.0,0.0,0.0,0.057822416612116255,0.5658292187427653,1.4766064768725244,2.895235623523066,7.906972764803019,16.21164459427687,24.990593589316543,29.87932586918109,30.982432641915295,30.814522053971874,30.381655106794966,29.760457190140986,29.619725136774694,30.12947001294178,28.801583059412618,25.957518187113404,23.115238684543325,20.895796795347184,19.484089888257856,18.496097872059504,17.386138811432147,16.12762114738716,14.828145497722899,13.737049170984436,13.138760761959562,12.950315071033183,12.732855250232095,12.388168626768183,12.000706781254982,11.651834241792125,11.361675354446023,11.128762734135064,10.924578970371105,10.716052680532425,10.456153969608323,10.039812319403136,9.369619423370283
843,0.12247734185528562,300.0,0.0,0.0,0.0,0.0,0.0,0.041733605905698704,0.4338286485165126,1.1732892273236097,2.368195999557274,6.884333963348342,14.868128110024447,23.55735831993511,28.598973484640318,29.542320634152954,28.38632777506153,27.412252025227836,27.721645817589728,28.375106731952066,29.061984252617403,27.378464866435632,24.37625572683277,21.73871425728922,19.98182301680547,19.035968726797815,18.185737807702317,16.695150843509563,15.208466269718606,14.121085398450495,13.24929719176638,12.480248232426748,11.896006332980669,11.487319064670936,11.152719092568006,10.88411319909566,10.69085319231945,10.544755362397316,10.413130992295692,10.27558586572713,10.115325467718918,9.910063760278344,9.61423275471062,9.183779914793135
844,0.06587135413621029,300.0,0.0,0.0,0.0,0.0,0.0,0.0483600536869881,0.4890885823676848,1.3013200487413266,2.5900647735788107,7.288798058130193,15.422304399604343,24.15951049558739,28.753690722378416,29.320898437995552,28.668302709058207,28.093829103596832,27.965328525932247,28.330512696198955,28.918441512027037,27.434609543468444,25.127985759123096,22.75417793644981,20.443068468266222,18.813664569465196,17.87594882147439,16.91832694315883,15.64274020588538,14.423947804849632,13.48387597080233,12.653460984008396,11.976692815188914,11.60102992791692,11.316298864434438,11.051336586225496,10.79770423452232,10.555180002197556,10.324945903614607,10.106690740782671,9.899707908389933,9.703763919042027,9.520570474743874,9.35214440266844
845,0.1380587550517762,300.0,0.0,0.0,0.0,0.0,0.0,0.044553861166547144,0.4675007314351574,1.2710875609325714,2.5697116999415512,7.332667441894472,15.474830796451098,24.522551588461766,29.963837540196028,30.628729039719975,29.103009081654506,28.256993951152754,28.728379911086698,29.374627573380835,30.5726866932921,29.237422602030065,26.327696589767772,23.553165431634135,21.247782557357127,19.64365983174916,18.524873245563956,17.302793970241318,15.87042658959579,14.726888294356023,14.014252184760801,13.4487015756024,13.036050825933449,12.73412479570762,12.381045021830227,11.984978074004465,11.593978214880813,11.229257372822463,10.900518022363181,10.602004884187538,10.325020505735086,10.065119099083459,9.831727786999018,9.636699485926957
846,0.14739673591707758,300.0,0.0,0.0,0.0,0.0,0.0,0.048069378122677454,0.4851705955472847,1.2894097628148498,2.5651701472436064,7.22863831096567,15.282173404719465,24.08430960061745,28.903632957401697,29.27099769735792,28.23313594891057,27.72839473265417,27.874838583262235,28.375058914884455,29.41676487093953,27.96682051419142,25.138662300545313,22.82302633177784,21.035154557978785,19.40768047221024,17.80782711912471,16.31760474489624,15.28330055329545,14.672553119483691,14.019950327466281,13.100499674395824,12.24617590759922,11.732993953429066,11.340486863913569,10.995752718127193,10.693367087962491,10.428905400223465,10.198362880949784,9.99768370849446,9.823049266612989,9.670364177308024,9.533571356050238,9.40639528604918
847,0.16650401003489793,300.0,0.0,0.0,0.0,0.0,0.0,0.049003724661677545,0.49593688295348115,1.320093657592355,2.627825322266031,7.358770362436944,15.362099685368403,23.932372618256426,28.797432174970453,29.603227999059612,28.53763105539512,27.731450449260084,28.018223705524836,28.89244024965162,30.59196949812674,28.97505344997595,25.46833012360534,22.35926024241688,20.24152889651884,18.884498052788672,17.76217276820832,16.42087016779664,15.155366320941415,14.242825822717903,13.474115850720993,12.708692092996117,12.141137726625091,11.648455642390102,11.172544606852584,10.767210013281693,10.478186043738631,10.275941256236923,10.120765465935152,9.989712928262984,9.864522122214389,9.730523281673863,9.584555703813459,9.426298992681685
848,0.14045730802906428,300.0,0.0,0.0,0.0,0.0,0.0,0.04307718788526551,0.4528706888631237,1.2328174729245083,2.4981146752796195,7.233905641752693,15.373927919801986,23.963195835283077,28.920769667331708,30.039153652711096,29.597425333724743,29.050539099423414,28.590727340189662,29.09663584453085,30.9250435419142,29.92318212648994,26.934170687179833,24.104142140498045,22.104419181801436,20.7762128263651,19.611936188822277,18.227023905130316,16.950441834779678,15.83226154712218,14.76175217924826,13.801397761432401,13.1054304430709,12.567613157801526,12.121770502415194,11.773279766801936,11.526189217923632,11.338506941778249,11.167535525566572,11.001811321481307,10.837482726614482,10.662670310019413,10.43423680498911,10.10558246949457
849,0.09929294879018022,300.0,0.0,0.0,0.0,0.0,0.0,0.05165955032695852,0.5151370206049459,1.3592924624175742,2.687698519496331,7.435509386544537,15.319179248054837,23.58078841215554,28.27582519549713,29.550730530259223,29.335108300297698,28.643216493476675,28.091138014234307,27.977529125995037,28.705298929352114,27.55543387742814,24.633488854246384,21.87645053125103,19.96300992946361,18.762180409328565,17.910254880671513,16.68211330967862,15.183659076099516,14.022283557909804,13.272942672120914,12.582428274114612,11.977354130036591,11.548911678309546,11.232079491448399,10.979931454031947,10.763881050848466,10.564058838031455,10.366246453093254,10.167859305458311,9.96903709569367,9.762841143044882,9.515577234600048,9.190789341397993
850,0.09228797069551566,300.0,0.0,0.0,0.0,0.0,0.0,0.037394841008185804,0.40480542412245213,1.1210566125194037,2.3002576878803755,6.779736970160857,14.69639198323259,23.362021155187534,28.146567621069416,28.86738018216582,28.01320086293027,27.372992395234284,27.566476258189873,27.83910870360561,28.68878990448698,27.6916310115034,25.099956694585828,22.48663257016424,20.43769051067651,18.95919301909282,17.757493637356365,16.603815640691323,15.475694119819652,14.388212468144102,13.453204029958533,12.848440113111629,12.517942865572557,12.221601996281994,11.840853856534686,11.436231317688037,11.080770670161236,10.783060248765059,10.534830781736893,10.318913852650486,10.117199295699619,9.909155186866231,9.661164764929298,9.33979949032123
851,0.10960888603727693,300.0,0.0,0.0,0.0,0.0,0.0,0.05515263750352703,0.5351842489851674,1.3898564097100603,2.7176516254733545,7.45247590586804,15.457108704937987,24.190959779458197,29.477180634410406,30.65756771291698,29.943693585462785,29.3150561463053,29.137946693938858,29.22916981365959,29.139814988197838,27.291965767984358,24.72930256811044,22.526452317381427,20.539628641331284,19.03007018017896,17.96018539210298,16.941650390563414,15.877578773495754,14.6139007480227,13.356444835555468,12.53476102281039,12.023860568964523,11.66939135760496,11.336532054798523,11.020621895209839,10.743621679016197,10.505094552068991,10.298895094725985,10.116128574606913,9.947713410804008,9.782007277934454,9.595876071942682,9.365021583813828
852,0.4866733155133442,10.0,0.0,0.0,0.0,0.0,0.0,0.11161381721570528,0.7580555255556102,1.594705035554359,2.6686285359138004,6.478832105327072,14.685417526587367,23.325838303298553,29.496715188072734,28.434421665465432,25.977198099616565,26.444860854415214,26.397567900007946,26.079127443518754,30.402257519938097,25.86664263593412,23.32234753669983,23.300237665037468,20.50950059796967,18.529427678115876,18.165024957894342,15.733748925567559,14.865778189176629,13.856388218418644,13.375965394768699,12.666944201259003,12.39504053792523,11.529256330284966,10.909208965795582,10.632971421457658,10.516000863511836,10.459881647092985,10.399225879281296,10.318404826002924,10.214163840770583,10.063264620496497,9.765685681763973,9.219408941373132
853,0.13452535026112966,300.0,0.0,0.0,0.0,0.0,0.0,0.052252329668037285,0.527890129788004,1.4037078106684315,2.793130145315099,7.85550629961151,16.50168687983173,25.68431952904407,30.912177484285316,31.959387494041888,30.992233213084635,30.10726800601461,30.115803000573717,30.701450046396666,31.988049275795625,30.396744077061445,27.01925725656429,23.905641417776106,21.824657211983478,20.584582286894246,19.47966039618438,18.10150027018897,16.71174716641376,15.426466456487923,14.31365849488253,13.36054576630812,12.645825087294043,12.108080361287085,11.718203471642655,11.464303643641545,11.327200098844042,11.250574246156416,11.178541866211656,11.08701674259478,10.960132167848576,10.775079050810284,10.480719038155328,10.026990512330174
854,0.1452872653266772,100.0,0.0,0.0,0.0,0.0,0.0,0.04729807459047581,0.47614659180371993,1.2634723753984407,2.5154769636992045,7.290672737774105,15.894085417512947,24.54123757960798,29.142805282601294,30.34750685867929,30.099288063867448,29.174605108041703,29.018223150156953,29.41894798913603,29.8554740799361,27.46960378982963,24.762102272930324,22.97546515244828,20.724551526298256,19.185457991880806,18.43787760299181,16.922831468251527,15.118594474788562,14.312348478416803,14.09703832962354,13.518305598500952,12.758781965473082,12.052984935125805,11.482254541551862,11.062010488144674,10.787856130844709,10.61889709935165,10.513007479993698,10.443975910124626,10.389937263344871,10.307424153236402,10.067741189284021,9.538482680507164
855,0.09111240571614095,300.0,0.0,0.0,0.0,0.0,0.0,0.05621755560536758,0.5439217396989051,1.4100707191441186,2.7525967569066165,7.498296954979814,15.360677215287962,23.713766472212836,28.508875982244316,29.529346158778655,29.10470794024107,28.54286903598877,28.044788294697188,28.183707884310365,29.293492756706524,28.167578781255465,25.18812654051018,22.595523757217798,20.69068719392226,19.077493602636036,17.63983814626565,16.209586289862113,15.03505440698937,14.125112538799044,13.283696881238262,12.567138831552603,12.113127370929785,11.783817867617229,11.4564438471333,11.148968746132503,10.89597235581618,10.688919280828435,10.5120246600017,10.35744462749792,10.219471788152886,10.087859787906272,9.933874289183898,9.725947136400912
856,0.12431032320271125,300.0,0.0,0.0,0.0,0.0,0.0,0.04549830176872971,0.4736602748857326,1.2818307234212019,2.5810295338639984,7.273093276966254,15.064492044134754,23.52819238192441,28.62691300045128,29.814597894537783,29.414648340336054,28.827848448404037,28.275246505984565,28.34068494101142,29.549492252115275,28.74847749526429,26.00442748897872,23.251252000026184,21.093446205871402,19.78600781737688,18.961561051684733,17.57159289299033,15.778163770198644,14.379622354309461,13.496661590934382,12.836201219961717,12.343006607506267,11.963143047714153,11.616167485972062,11.299981314103483,11.028366804913047,10.800919996648307,10.612926011334048,10.45502159308877,10.317227266480424,10.18446375876092,10.020173073400626,9.784890453503538
857,0.15882271513192509,300.0,0.0,0.0,0.0,0.0,0.0,0.052920293078726276,0.5204658311715034,1.3621686916244022,2.6750424287133883,7.278798872304701,14.794766901305,22.802671915939786,27.68417005651655,28.966232711644935,28.56143340838313,27.880807054989283,27.716661750028404,28.39247686576095,29.212143800498943,27.522655325333037,24.38691296409177,21.884249333541746,20.542368698767923,19.597027183231155,18.499593968262108,17.084467782161894,15.722645758105616,14.704400948152546,13.831750719011357,12.883258991294621,12.105781080079975,11.597496918437216,11.173726169329983,10.817472208639419,10.555788589042852,10.377126532513083,10.260866234793173,10.179816636506485,10.105962010822338,10.00692822794619,9.831244140756707,9.527343483578832
858,0.057784268555024484,300.0,0.0,0.0,0.0,0.0,0.0,0.05240033368618161,0.5177197359811724,1.3586858806358242,2.675446053393023,7.374808190037745,15.358164776822269,24.237656164509104,29.283577828115156,29.808179814527268,28.802939926045788,28.21567201136789,28.17709293512568,28.47623587451954,29.529297575236516,28.078845320950286,25.146215178294348,22.489258085144343,20.42221813678232,19.046793287712827,17.98196773589325,16.641637571203994,15.25305636121127,14.075173292303461,13.32603319784048,12.7803090665203,12.250246674593368,11.848683768814936,11.473588361174453,11.100937366414424,10.745520639858432,10.425473600606967,10.155977932904035,9.94292625892684,9.790206966259214,9.713447278464939,9.77438524254035,10.052447204782302
859,0.05531241389340247,300.0,0.0,0.0,0.0,0.0,0.0,0.04915048104172326,0.49227985848474387,1.3023350984443647,2.5798912031312686,7.160613302945941,14.871011026658177,23.241641870283495,28.00558926050487,28.663382927359645,27.7432440873305,27.182886459435252,27.196969294062256,27.44608880448724,28.43583474170834,27.17018431208791,24.41635448305614,22.265827471201284,20.61228545476794,19.065277946550882,17.62420744354132,16.220050973221507,14.923503303870316,13.976413904713567,13.313474198482998,12.672900451054659,12.091795855511215,11.578027764072155,11.115926650771295,10.740139143370467,10.478427757278753,10.298385116603768,10.160888426586222,10.045117517351956,9.935147931861179,9.813222886600103,9.652690605986736,9.4265716991934
860,0.17380574945131547,300.0,0.0,0.0,0.0,0.0,0.0,0.039809039458333986,0.41180767713227034,1.1104889336569093,2.235802015760285,6.478630120806961,14.104473670874333,22.62634831754142,27.346980447263082,27.914752966348633,27.22264211934034,26.840918338483952,26.592896918858667,26.878978240169257,28.51076269817497,27.84642305189125,24.642274435513915,21.341310202217187,19.0707399224694,17.75749726635269,16.800984825557496,15.718230643273063,14.66979997569792,13.898801407842583,13.2295798039667,12.532305319789726,11.999823679201397,11.538255373000986,11.090409816094578,10.699099603523194,10.40410342368389,10.18730058251193,10.019623672732934,9.873420069639435,9.722478146411818,9.532675547006631,9.236187562517934,8.767777244385597
861,0.14750979326300273,300.0,0.0,0.0,0.0,0.0,0.0,0.058083244621086744,0.549887665565561,1.4074186236609112,2.7193548148152638,7.226189331008922,14.439283349361192,22.184870300196533,27.024231798443317,28.422113090071782,27.988734578720116,27.28459075501458,27.102596964453248,27.271375582028245,28.166035881552094,26.98819159655662,24.191132496882986,21.52394460621015,19.54898503115623,18.178395602910143,17.019106145584356,15.67143960093343,14.478629685656246,13.597810621443243,12.93793783857642,12.38503009286234,11.891216687779238,11.389608807311397,10.908183269245638,10.490881837104233,10.163477278044448,9.908023898915234,9.702044309725032,9.53686428869231,9.40751627147541,9.316844007959686,9.296999520207232,9.38836995063902
862,0.18622582128811457,300.0,0.0,0.0,0.0,0.0,0.0,0.05284108055145993,0.526976545138819,1.3906029631101056,2.7497651831105823,7.627337219869627,15.876241107828577,24.7409735340163,29.560269847181416,30.038654778125004,28.96133035838301,28.32987612214317,28.513520425152077,28.80288454990444,29.233103630656846,28.074132193919702,25.78096218762938,23.38544498225916,21.057326366081597,19.06709594487014,17.787921397907006,16.874310006855524,15.85590675018674,14.722070076381293,13.704036041609475,12.858743562970263,12.264477518307269,11.964613833126961,11.73577524392656,11.520561096599014,11.323061685323422,11.15234169771426,11.012780328305587,10.887167912290328,10.753762649891701,10.585439778423579,10.3320588416791,9.94390025569484
863,0.11166108400340304,300.0,0.0,0.0,0.0,0.0,0.0,0.04963250961525906,0.5021956177846071,1.3366623850230166,2.6615087399603405,7.451003097529333,15.455571502147757,24.0554635290316,29.18031761184029,30.286489145118093,29.7551314953205,29.18272177667109,28.925476835674335,29.29577689708311,31.10598034137083,30.111701547333464,26.57863366580907,23.27046496230119,20.997935025997105,19.968611931023688,19.30993675237788,18.113373216664876,16.693409441050957,15.278070886441677,14.090046477032478,13.416091603426969,13.100202925286721,12.76986286515794,12.366217536791252,11.953689682062334,11.587766444840755,11.277002831186362,11.01613616072322,10.78814977626467,10.574447856161665,10.351069474227655,10.069692440270087,9.681688149782357
864,0.21342351642059815,300.0,0.0,0.0,0.0,0.0,0.0,0.04510076270380384,0.4706456138860518,1.2755227480228148,2.5737018721610334,7.373296130458231,15.658019140596569,24.35574349587691,28.76752632457062,29.035817769917568,28.026538444780513,27.488586822486717,27.49500162980455,27.952228160405635,29.050236673384408,27.35283103643461,24.005301388754337,21.087328730645183,19.14069069023849,18.11697082412502,17.487117646827027,16.558136639717016,15.228136776802769,13.994843420218624,13.13450940576227,12.53805265907169,12.11246479580114,11.772227635930475,11.41954619008924,11.07204242853297,10.765238545006909,10.498765930586238,10.263116188788537,10.044259015508784,9.827956357113354,9.599384794666097,9.338465404434423,9.026032208358368
865,0.10386809449521713,100.0,0.0,0.0,0.0,0.0,0.0,0.05130781777307802,0.5098303300603377,1.3423441027333909,2.652213673913559,7.491486024664108,16.037210458892893,25.102884893656217,30.623444507689687,30.992029815161388,29.222944352143752,28.685715191725475,29.2200459635741,29.1884053060373,30.008640725111523,27.97615838904257,24.5533632225419,22.252345656370327,20.56443718357442,19.158036773263618,18.091541735721275,16.754696710851608,15.249186198190253,14.030020234940803,13.216691592933662,12.788672084518215,12.401057894477775,11.85124452523862,11.365626019703024,10.998074168282093,10.733422242576346,10.547127442130924,10.413346178588192,10.303188171688168,10.187905873469724,10.014996941759131,9.639566236945125,8.924995939553009
866,0.23175260739841316,100.0,0.0,0.0,0.0,0.0,0.0,0.049406729457955274,0.48653953004816647,1.2743862833411654,2.5137127824029855,7.286442256045653,16.397604537692775,26.06937638553718,30.838281007288995,31.117226882266205,30.30824436950905,29.912430227740998,29.554819036266778,29.159595067645686,31.001884875214035,29.419034269473055,25.733109537252762,23.653056812632126,22.13088471382133,20.712722546653186,19.104231198226362,17.261352754942603,16.198828307035686,15.41388172169064,14.214947850703734,13.229583754480638,13.092239144636142,12.896284783159022,12.472404847929534,12.03308678555476,11.73816761668734,11.531915227082473,11.33008274143804,11.112680585137298,10.875440940544166,10.62692583619552,10.423477156700141,10.329434306680442
867,0.1374855383161164,300.0,0.0,0.0,0.0,0.0,0.0,0.04409381300711649,0.4705646346235666,1.292228186237855,2.633182298764435,7.637970009838105,16.295756358657734,25.61667389687181,30.806855247140167,31.38006097266378,30.237067962042914,29.81087433477167,29.915735827489414,29.995485428134504,30.339701880744883,28.98171035273622,26.028587625695554,22.87315992104174,20.55027313897922,19.108714480745302,18.156531778417115,17.29306390706181,16.101355916409105,14.815082528194935,13.749683438740014,13.055108174968515,12.765570872931708,12.542860503276287,12.162555856162378,11.711559524182968,11.31270631300484,11.007356707051368,10.80775721932125,10.690036003779227,10.623964655233639,10.574806877934352,10.484071469142998,10.289523510483098
868,0.20285322440760248,100.0,0.0,0.0,0.0,0.0,0.0,0.05043751201728244,0.4879370961368206,1.2651277072992286,2.479932609482298,7.120384805846249,15.78289481075613,25.019582953232558,29.829186352603635,30.30919539680073,28.975567755080895,28.23107759743392,28.642382075861484,28.757898866915735,29.820131392290076,27.709797455645525,24.57671071280506,22.017252947440973,19.808907701432464,18.44456684937757,17.389198837530106,16.285683137354937,15.416534277375494,14.712974532377899,13.695565094719417,12.300447772777625,11.383866446794586,11.026210900835814,10.869351494232683,10.768761576360188,10.661905119637153,10.52922233300621,10.364112408922642,10.16855028731262,9.946594172902776,9.708949355676143,9.491732299487701,9.334365982478626
869,0.12515896427211134,300.0,0.0,0.0,0.0,0.0,0.0,0.04006672315161647,0.4282008924815394,1.1768901944620145,2.3997495270405977,6.9637184622952555,14.800550576213633,23.050740607606766,27.657177389255523,28.662440832225883,28.179530191986093,27.406169085841917,27.15568294126411,28.010407457501127,29.772805781107092,28.37794113496547,25.543151243901846,23.21859209393131,21.420959829050638,19.75291456171425,18.383581213086355,17.253396360202014,16.087128410949695,14.959715284757628,14.033000271873025,13.291902347681502,12.658641086163492,12.075680614203536,11.53889625075417,11.106709841235775,10.823318492184704,10.65365626764418,10.550953732596097,10.479691743380371,10.407686158256562,10.296274969929433,10.079863669697183,9.69378441780665
870,0.07892301679990381,300.0,0.0,0.0,0.0,0.0,0.0,0.06176059692411102,0.562616842088478,1.4078924582831915,2.6796728559802294,7.137052400335434,14.77385609814236,23.27924142865188,28.26561083198046,29.155635810417724,28.43496704012365,27.945541943617634,27.809268357960345,27.985079399406658,28.953924002670682,27.513513150821975,24.564396505810787,22.05808445276668,20.27408531112205,18.990457893871007,17.797122844331977,16.276991481644917,14.813978282355698,13.775746765964398,13.21506520710192,12.869831516724707,12.461489635217415,11.90238461701483,11.337219352267223,10.85207410169246,10.483290195041084,10.20578137853058,9.98769360601681,9.81338748975629,9.671821955624543,9.552302538488808,9.442806423831295,9.331365400551537
871,0.17350864535113483,300.0,0.0,0.0,0.0,0.0,0.0,0.0363814819543158,0.3971549662171144,1.105179809602514,2.272743071299044,6.6370577354940234,14.144717693359395,22.248618375723492,26.816548256042807,27.824648556948336,27.526241418113486,26.933781556388933,26.46233811773062,26.527065361018632,27.106218812668743,26.17699945545611,23.594563201851148,20.92610528321264,19.08070321001372,17.740124929613096,16.710728248089783,15.875185502990018,14.941249863955152,13.943403975026088,13.077402699434389,12.426584569409483,11.864267243601867,11.364069677187228,10.933479624565981,10.5844225635379,10.323936022269999,10.138400008559774,10.01005391806385,9.918486959747394,9.843351351467188,9.758596839544888,9.613816661248404,9.356176118389522
872,0.1762604483606412,300.0,0.0,0.0,0.0,0.0,0.0,0.059331635514874984,0.5455613493236476,1.3727171775814477,2.6214888069942583,6.932485009769418,14.034067792723578,21.76350459491914,26.39885945412156,27.518098278530204,27.296675663236062,26.819834278905834,26.449875046060733,26.81135341054402,27.969410266544905,26.916778317368426,24.202213375993196,21.55051467845954,19.71063878633063,18.638997643524075,17.881517865201452,16.81554170265366,15.35295231646623,13.927894709394558,12.922514671556526,12.247371709079825,11.80956008126298,11.55572042912577,11.263194388736379,10.918853593124558,10.568913324874844,10.240674622769243,9.949702790065176,9.690157928186325,9.451982810939244,9.224668534489622,8.993323602417329,8.743201404382619
873,0.23848884037423912,300.0,0.0,0.0,0.0,0.0,0.0,0.0456943038629875,0.4690202545516735,1.2587135883558018,2.518357712108383,7.0489113773942265,14.636025169814035,22.68619829166009,27.36563513351562,28.70821559826903,28.47012221266076,27.800515455747085,27.411691479422586,27.69764191039312,29.06227447849532,28.579761325616587,26.4365956367975,23.861193036044458,21.535997796900524,19.858636996064057,18.714785018526264,17.59608141890039,16.373953933874628,15.265196121336693,14.336038467001531,13.462068120598046,12.75017377504701,12.389240938984539,12.165494537328145,11.96242016101919,11.7330254232517,11.489281654984358,11.251245852755057,11.019376954531245,10.78960412817512,10.547998622524315,10.242581899616546,9.818928859986887
874,0.14339794468492328,300.0,0.0,0.0,0.0,0.0,0.0,0.051305358586083254,0.5033959054111655,1.3159356650417426,2.5888982582896487,7.26604568588521,15.549809695218746,24.62004102754569,29.63009911367236,30.638548536213797,30.336143799199576,29.91587483094492,29.25365340790868,29.275312930717767,30.2004971557333,28.57250963120365,25.504940604396197,23.15801120703945,21.4387532228195,20.043125661600776,18.84471742287454,17.549427013712027,16.34136239370213,15.15262860061241,13.929113463479002,13.058851962064987,12.71594690427211,12.559095163805432,12.316862404926718,12.024948606423393,11.762626455803746,11.52881701665921,11.304589206995374,11.073059932907185,10.818801526880835,10.523730506965224,10.15617576120576,9.68672872221323
875,0.2684950752929971,30.0,0.0,0.0,0.0,0.0,0.0,0.086079426329758,0.6659651647620944,1.5128145603597025,2.6802320215062445,6.903575149629387,15.584420849537395,23.94871551376122,28.14491367607678,29.49845978570881,29.177222666243765,28.178991271047682,28.305257283115814,28.62931061176917,30.91223369316507,27.76060438057555,23.860077296067622,22.28169673733231,20.836749059050707,20.145136925990354,19.40271018161527,17.402081130030663,15.137160612011513,13.826362512371821,13.24042679820604,12.815671138307751,12.707516275988121,12.400277252995451,11.793503402102122,11.160188631601393,10.722919040286364,10.461405750422749,10.313354101820842,10.231136211223628,10.172105391159626,10.074122574484589,9.796270546123953,9.200631352277442
876,0.12312409583386388,300.0,0.0,0.0,0.0,0.0,0.0,0.06420029831045707,0.5830706645023289,1.4565720325935605,2.7699313024339665,7.359602387314438,14.99686759351263,23.180439429602906,28.224032590072913,29.535378267039597,29.05444790062993,28.535473636379585,28.185495587820057,28.344202233459548,29.12820289049232,27.96402551814983,25.28106099745351,22.686417495957617,20.60473844944604,19.044970383446906,17.974720067317367,17.066559641472253,15.880995367942246,14.683760605185087,13.730533581476353,12.955567267984112,12.47632398605464,12.27790093563139,12.065705550495544,11.791511186017669,11.487771281481233,11.188163285037092,10.916346982152737,10.664091818253642,10.416604407016228,10.153580006307227,9.830573574477505,9.403495950162748
877,0.11718536086947673,300.0,0.0,0.0,0.0,0.0,0.0,0.0653031447805059,0.6015380109397127,1.5150661346232561,2.894922389710576,7.664344726245132,15.51046455508969,23.860936618675566,28.763321558670594,29.819794207901623,29.22408758979311,28.679554068844606,28.34551195352991,28.48555598210144,29.533338114774434,28.547586066789552,25.883587938890887,23.355983778261976,21.22660020557742,19.63635688627193,18.507527257828926,17.22258755697928,15.938493129104016,14.88451429417225,13.993807712692561,13.269401555351832,12.676860780114403,12.17477555087204,11.78528840435112,11.513613373889845,11.346611301262167,11.226514335464575,11.095677422759572,10.932522980605786,10.725053669962165,10.456142498077933,10.08628976629197,9.578576568201393
878,0.07461441426638743,300.0,0.0,0.0,0.0,0.0,0.0,0.044301786743522364,0.4633770668949724,1.2576888324811466,2.5434671853393915,7.374904243831976,15.900532082680545,25.05070786452061,29.85158758233159,30.332401027099735,29.31383843639833,28.580720136919457,28.681303989236277,29.247726569929956,30.195112189341206,28.598949190544303,25.67103578141173,23.174303407741288,21.16852664656598,19.52394751064929,18.157749395893568,16.715107122258985,15.423128078351368,14.415266129964406,13.679148395175321,13.058765197000747,12.489966104928657,11.998019455137007,11.550316985598506,11.181284906276169,10.925162630242015,10.747328027786171,10.604980198484895,10.476237395897916,10.34475814763851,10.191426691826695,9.984538461735019,9.69227667660984
879,0.11217441213701217,300.0,0.0,0.0,0.0,0.0,0.0,0.05047707757953287,0.5013494509456374,1.3198872870323644,2.606361008875417,7.22045865202961,14.960321528000316,23.22067246753397,28.120396490482797,29.339088168863956,28.86902962217126,28.281560850143723,28.06962132220304,28.553469996642793,29.798930008840625,28.544015136661947,25.46144690177474,22.774927121508316,20.777654235820386,19.175412784313586,17.820458439010988,16.49533105030045,15.342809510311419,14.620770522701264,14.10690450308359,13.471049860158052,12.831215513891582,12.296233009363867,11.810505694975392,11.377583315322344,11.015259505417475,10.71442652412855,10.461879248153288,10.248531153121563,10.066835761314112,9.915816511430755,9.818169047021962,9.802094783270054
880,0.06334997324637005,300.0,0.0,0.0,0.0,0.0,0.0,0.04550780923309503,0.4621183091074128,1.232530195167765,2.45713930365362,6.897666557598646,14.47388368033854,22.73342576879925,27.549330143082813,28.447621537443972,27.65607619401905,26.971089352127436,27.096614441695536,27.631892302832703,28.905478854621933,27.72146000052251,24.86101563555105,22.126381760156875,20.1317485598481,18.73853510241468,17.641571829823498,16.551812989054856,15.449681384135094,14.279173871084518,13.186158642778532,12.367086198171755,11.838734043619217,11.466838755274463,11.120640592442621,10.81269637338176,10.576238103338607,10.400931341892631,10.266884262035916,10.152483294752901,10.036370890681006,9.892169809567866,9.671917447814327,9.327656189422362
881,0.4435983842764046,100.0,0.0,0.0,0.0,0.0,0.0,0.05646288005734033,0.5544054567914194,1.4497297059906864,2.8531279801138996,8.087800294231034,17.597572057837315,27.973037970283755,33.65594071402097,33.81651777370312,32.17120490093888,31.693763346638402,31.99429102665803,32.23120501144557,35.329716456636255,32.89258850341121,27.88780622426631,25.854684549779304,24.850602418633574,23.28943984815664,21.414963896192152,19.302972712443,17.38939626486134,16.08575003467451,15.344907755546505,14.939329391904215,14.823370920590525,14.594281804417038,14.070286047826382,13.430123797843446,12.860058842868694,12.380803459258743,11.979340939509916,11.652735397446145,11.400857640393522,11.244687971541744,11.287093579042049,11.661355883543852
882,0.4511979389119907,100.0,0.0,0.0,0.0,0.0,0.0,0.07759176409116704,0.647285110660754,1.5380178680999503,2.8192155934636407,7.2786560692912,15.236462217058246,23.51457020179094,28.27272712510477,30.051447822209283,29.80814458663167,28.815359866486403,28.601661251563193,28.936064478374213,31.196733273052327,29.886736627774933,26.41538753501544,22.913265422038354,19.908327429529436,18.368311302091065,18.12545171367472,17.874416396935896,17.04183004255631,16.05558810583076,14.931906209372624,13.726122717763314,12.961986603039772,12.47793896404738,12.02323879145926,11.616005510200118,11.31256640310843,11.100382195886626,10.953580079952996,10.848451500252766,10.762612727852694,10.669476683846428,10.523556531762699,10.277510716484626
883,0.7525496457905094,3.0,0.0,0.0,0.0,0.0,0.0,0.7217406180985195,2.1423200239665103,2.764457750246844,3.2332123291259447,5.975574565626431,15.093700523487769,23.2019296167043,33.316505479611195,31.615491090027948,25.648686987733488,26.48989967097229,27.881278028574393,27.386794457838135,31.851114379326564,28.985082583312852,25.07852111396379,22.79302580055987,20.869477401373523,18.40843929444255,18.367013397597624,17.0200050236018,15.669818789198299,14.705902971269412,13.643510061577924,12.77809890080509,12.928126923118544,12.221860135210036,11.723440997392682,11.475599609736808,11.1489847811998,10.780728805126303,10.473795329754406,10.278706345749935,10.23398020895956,10.291197933143241,10.042891307087343,9.057962424668016
884,0.1591271406882337,100.0,0.0,0.0,0.0,0.0,0.0,0.054131528001204916,0.5047634516105092,1.2804294921443597,2.465068283867483,6.86308147750152,15.086133456854094,23.96884785555952,28.411523240792643,28.604051134791085,27.4299410674875,26.697634546035644,26.904895798635074,27.168522896770163,28.941051634845284,27.02472251320448,23.877304418345446,21.755332647501536,19.683771644251966,18.155646692504103,17.4079541045503,16.640338416410355,15.429932594660164,14.234089952486343,13.28740478417499,12.264128875558784,11.548152661221327,11.091900064542978,10.878212005318684,10.78315473057539,10.675268023954139,10.523964193077205,10.32677385277639,10.093128884536803,9.834884746274623,9.566512267790065,9.314468097665287,9.105732824925273
885,0.0490916128547367,300.0,0.0,0.0,0.0,0.0,0.0,0.04305241169631585,0.44474288711627236,1.1981565158512628,2.406200151676804,6.827069304686709,14.472330979096503,23.079542580781165,28.122382002597785,28.754558338748147,27.80869086640203,27.16162380224575,27.010746766655693,27.43931842831526,28.68804940994321,27.541674338976136,24.599871257290122,21.955402089844977,20.32982013353685,19.098651185933562,17.77138080540195,16.4663245827449,15.286374993996848,14.211718379752677,13.290015689313885,12.465941221737916,11.915602789674962,11.630949641772984,11.335088289499625,11.009215498226752,10.70303756298914,10.429276987199597,10.190275826987053,9.983127614881266,9.80395953438701,9.651944383246105,9.537148219440457,9.472065019106909
886,0.10215362617100071,300.0,0.0,0.0,0.0,0.0,0.0,0.04105266825079944,0.43079285627146563,1.1713892768975054,2.3711868702197982,6.883438399000122,14.895624902840833,23.586116520375498,28.39424478137568,29.16189426796824,28.599903684084858,28.185807754762767,27.73839136754152,28.051235049953856,29.37029190199602,28.20445065122481,25.506534435256867,23.244285975288317,21.38694855724678,19.79683736226332,18.374373976451647,16.79272911095537,15.347665669973368,14.309345814640114,13.523016248407663,12.861514516367492,12.415276719735534,12.10662569305922,11.727447827059658,11.303011036657486,10.906900387576973,10.568001139016905,10.297587321084187,10.08424778430205,9.912652684399653,9.77583975667812,9.695125472059136,9.698685197634505
887,0.22416798475011096,300.0,0.0,0.0,0.0,0.0,0.0,0.04769476246627936,0.4750537734612295,1.2526851412358357,2.4754525454006555,6.844835243865461,14.231115288509315,22.35391795809645,26.99485980272709,27.32511509175881,25.95326816886401,25.235176379352204,25.636682269130937,26.465707636728723,28.138467399551224,26.95594782002097,23.94251061197807,21.354592004670483,19.57260805155077,18.135286960846408,16.831936255277604,15.654425169730311,14.589224285530094,13.435264070414142,12.430681518679684,11.732706069391957,11.238242958086508,10.930133878256653,10.657899027069561,10.397970565003616,10.166943705825068,9.96994391672265,9.804711926637363,9.651220046194977,9.486229682427881,9.27933325567415,8.969472272048913,8.498635328617361
888,0.1038689903939185,300.0,0.0,0.0,0.0,0.0,0.0,0.036966537434521975,0.4056637791696691,1.132431046614476,2.336772356157856,6.93008595753155,15.05702934427067,24.00882645434175,29.12199990711624,29.808363224639784,28.694348600907812,28.0456926958762,28.342856099768998,28.70904799267946,29.013823233897888,27.32395046227286,24.546585958551503,22.244040967190195,20.46480943836168,19.048116920702338,17.958792369016628,16.846453085606107,15.52171706961315,14.167787541505247,13.121709654475346,12.54688204907177,12.362816805600215,12.140299482598204,11.788011587088532,11.391492279253251,11.030927986821238,10.725628735382944,10.476072948885271,10.26605621961402,10.076714090283334,9.88433139016022,9.642551068062687,9.304204264315143
889,0.5252257419541883,3.0,0.0,0.0,0.0,0.0,0.0,0.11548677308292397,0.8278913955602314,1.7832282369187518,2.931876731420681,6.90097781391537,16.523776544561084,23.756061283395784,32.789116881959316,31.058797593633415,28.47648955903271,27.841276400353948,28.142916244872215,28.67525492270521,33.33431507655989,28.854659065638906,24.880393677715816,23.999099447333755,21.77607461108377,19.224432771183352,19.12891960272001,16.08392369602646,15.266747609857081,14.8511766856119,14.647194885728444,12.64010906591043,12.47101864355823,12.137963665460466,11.933652793831357,11.769778199378278,11.33226365783167,10.817209162702216,10.457984125298516,10.267167416897886,10.214537401769197,10.229620794171984,10.0586595924095,9.428450805352037
890,0.21511795271371764,300.0,0.0,0.0,0.0,0.0,0.0,0.058919568600605654,0.5528281488578414,1.4074989263051876,2.709603039544509,7.210051013749584,14.583038999252175,22.419067132531683,26.930952320831896,28.046283644199136,27.75334922428316,27.229766810905133,27.10358679386437,27.260210158606583,27.19442104768237,25.569990482209814,23.189384161813397,20.895085692509898,18.705466415293692,17.009552659831478,15.990447685536981,15.215649364982387,14.434166680047566,13.525805418046842,12.664332871943795,12.021018424182675,11.61589880474306,11.261646098415065,10.873842981489162,10.496335006472153,10.174978851631407,9.894695144567663,9.633201087790873,9.388374377058891,9.16257075303366,8.968963750578341,8.863573526646343,8.912448067382433
891,0.07086064958299935,300.0,0.0,0.0,0.0,0.0,0.0,0.039266088509003046,0.42199473033249957,1.1636431838704513,2.379385547078956,6.97415465005544,15.061655402219209,23.800321472729014,28.606991806063608,29.19076612578113,28.092912289824127,27.327345667560632,27.457686343514585,27.79827720833497,28.53023474094725,27.129419892292866,24.354604496116245,21.8120131320492,20.038197970887907,18.73620842596207,17.57308151628068,16.241148275890133,14.84420655334731,13.740865850781695,12.912590923914923,12.230259140563616,11.805652541685337,11.490544533111718,11.114873087333349,10.722580735361827,10.387283577596023,10.125369512435737,9.93606696708003,9.802866122051414,9.7068098365283,9.63514843872098,9.59574407621263,9.601560316328868
892,0.4230053653327533,10.0,0.0,0.0,0.0,0.0,0.0,0.08660020636305396,0.6699359300224352,1.520227527015447,2.677026020217872,6.853956207234064,16.13377340409022,23.960178849982213,28.713718964525388,30.34528367560935,28.75535091771807,27.836288770261348,28.62739653947919,28.185781209469575,31.614244329009864,27.324028962748027,23.687957261757894,22.447213878003893,20.63162239703983,19.163570412657283,18.36724955557962,17.159286764555155,15.822556882005847,13.8227755241863,12.676829257281625,12.31537132587211,12.282943386572818,12.522771102553016,12.101847115108102,11.31908662165796,10.704217724028227,10.32992459388261,10.158583127426096,10.084449860626018,9.989967394917164,9.811543871649642,9.68251976951352,9.77897888032512
893,0.2021552584788246,300.0,0.0,0.0,0.0,0.0,0.0,0.033777655334557434,0.3895927488755711,1.1198006934838682,2.359706834578685,7.151620258142152,15.569954298130249,24.52339729788366,29.05091304712876,29.159764519476727,27.98519421047094,27.48660874362003,27.83881073913866,28.30906377345296,28.93343755320952,27.3869352586622,24.77192596455195,22.66762361261087,20.785637791523516,19.03464997350922,17.75539636411683,16.67134313249297,15.547574589187482,14.446792059690036,13.358204366678914,12.560597817441685,12.211008527163898,11.92737480609775,11.582792256856315,11.233349756749103,10.937557112766996,10.699267319769497,10.508910394923804,10.352131245394338,10.214177403071398,10.077181870939336,9.90875355645911,9.675062786803316
894,0.11776383796373914,300.0,0.0,0.0,0.0,0.0,0.0,0.04038720982971742,0.4343694457951476,1.1982733770435667,2.4496889644036366,7.1105722373652,14.932946280967446,22.882140664533576,27.42293068450447,28.62967767432316,28.16391000405565,27.52521776950627,27.177088103407645,27.08336622185342,27.339989935802098,26.00092128769673,23.744532337342605,21.796363434455582,20.010024868341745,18.321897543178107,16.849225737002897,15.584177650083081,14.48333867695361,13.628680660120493,13.017571952385628,12.43105754510867,11.862016260465085,11.405112815274848,11.009077130946533,10.674287319028341,10.41480766670728,10.213756041221611,10.049716318002343,9.906732911632918,9.770729809430987,9.616618093254186,9.375120568810084,8.97468430042458
895,0.223879659106536,300.0,0.0,0.0,0.0,0.0,0.0,0.05008688153247915,0.5015297639022619,1.3266424169050663,2.6301502157788357,7.3932491198627135,15.612229619801095,24.25256065603828,28.88121908620191,29.873408174624778,29.63138196065642,29.181562853301568,28.565254144663296,28.238098989672388,28.777697440825104,27.636211377364152,24.871747171728796,22.255321263199505,20.1111594226878,18.495059365443993,17.301269124606414,16.131849134927133,15.147192210277742,14.346461925806654,13.662622403135963,13.129210694276788,12.790334724289355,12.35495487722598,11.777902678656856,11.180814802829392,10.670810234995947,10.279994250576747,10.016603285386786,9.864388616784371,9.804740915101592,9.827999467006583,9.95008041998635,10.196323932304342
896,0.21234430729378903,300.0,0.0,0.0,0.0,0.0,0.0,0.06109963006682351,0.5843147464303273,1.504478208081716,2.9229086179913177,7.948944072084018,16.4211847953365,25.51591740268693,30.770395719706514,31.97306216831505,31.52384463447651,31.021869756452652,30.81127598860658,30.834550015034306,31.9606467606623,31.164679914467364,28.18514292901297,24.99145235360156,22.549930505101454,20.78667526957296,19.31983295029093,17.87800325598519,16.632567295487643,15.329900886265477,14.1173915681418,13.327153228649514,12.973326925485601,12.760341062396595,12.490598057047373,12.183342392671795,11.892808840148243,11.640855539788285,11.435829636760142,11.266230810776838,11.116601056361587,10.961956118500082,10.73799393699396,10.37673613246129
897,0.13057330896682925,300.0,0.0,0.0,0.0,0.0,0.0,0.04635765835542149,0.48488524685674655,1.3159640833061468,2.6590311649464566,7.633939588951722,16.101020128332703,24.89343385113371,29.727251524035065,30.60022084614328,29.894957918238866,29.113773246622607,28.88626089402153,29.267159832162648,29.942183846353753,28.707833899717837,26.39598417721699,23.544042644744742,21.043761112135815,19.361908602411567,18.121760127009388,16.96719184065265,15.976295091694768,14.904747232066455,13.7996043173572,13.001613980506523,12.52165668961231,12.002393663565616,11.516051051565444,11.156290639941794,10.958997574789654,10.860546720744956,10.788459418535892,10.714472616376291,10.621339353178374,10.498530097050748,10.360351523914062,10.226439883682097
898,0.18569586832753004,300.0,0.0,0.0,0.0,0.0,0.0,0.0325823331807928,0.38656628965888185,1.1296668562327652,2.4086335410107904,7.3539508503092765,15.85460987267331,24.98500960960857,30.160709548977547,30.783118842296066,29.678066971836543,28.933642987862935,28.81022488775598,29.466165306448314,31.353545055453573,29.971472550255324,26.245420001949707,22.984202757981794,20.897158517959568,19.67709799617545,18.471278216352374,16.872971998681066,15.61925734059636,14.72751697284586,14.043187473060637,13.562347926347453,13.296879019008923,13.014863175113815,12.620430670887597,12.166657152138685,11.719007007336865,11.31206397440177,10.964932550705484,10.673783564419493,10.43036796235157,10.235375649845071,10.121186490536196,10.127861883619218
899,0.09015160419892769,300.0,0.0,0.0,0.0,0.0,0.0,0.03994522234905937,0.4267763911525421,1.1726611182231241,2.3880296497352846,6.8456313948527425,14.308864605390008,22.20216934016855,26.893887910497085,28.101057280331638,27.61066806480705,26.980066105453204,26.928686338524596,27.47210980593346,28.670684711390358,27.18420480655012,24.338824021707737,21.817120717605523,19.7297573917197,18.28805304570932,17.37926791012845,16.381115840856623,15.08790324152616,13.805138158478952,12.812058479538447,12.097270194826145,11.662519802088754,11.401732703855135,11.123313106427526,10.833158807319473,10.578099134015353,10.362211691274842,10.179206362574245,10.02066599383228,9.878066373582843,9.745125574641989,9.622911174768582,9.514138401629733
900,0.1387982374497662,300.0,0.0,0.0,0.0,0.0,0.0,0.04883828687971761,0.5076821634169623,1.3728361845326866,2.766673939993798,7.940767163621312,16.957207967553856,26.650269770829137,31.852129917494118,32.340081328366104,31.395270145504465,30.953915986825116,30.63398428215723,30.606099601164775,31.10023193418899,29.573086842207836,26.628692897513194,23.93275099687107,21.77160421649254,20.18185404506828,19.174194321558108,18.085815693402434,16.670049873808534,15.2046041871298,14.049202481618712,13.312445875135214,12.895822505172875,12.498135991296742,12.075637503627858,11.69068085926257,11.38917692979034,11.146970358015723,10.929389933205634,10.71635787343416,10.492136990631657,10.241007522049925,9.944091068873645,9.584229167361093
901,0.14107226840977466,300.0,0.0,0.0,0.0,0.0,0.0,0.05108827664549255,0.49384802697543617,1.279680795319184,2.499770064997061,6.879590868747704,14.28730071104691,22.287765512055923,26.897634358278086,27.680054034743097,26.89621185997838,26.18370258968996,26.0978918642886,26.72594921263629,27.372660412885793,25.765058097755574,23.26720911946063,21.29618458408927,19.940248401969637,19.015933270188984,17.955068552173675,16.282815668702913,14.696472251714576,13.647522651263333,12.986568659514248,12.430795069058236,11.834772310800716,11.293101785488915,10.8626355524525,10.533676857451935,10.285659182240172,10.090488286018239,9.923220172144243,9.772602999650449,9.630964366118967,9.493108846612671,9.362371073072865,9.243896865935953
902,0.08609690674557877,300.0,0.0,0.0,0.0,0.0,0.0,0.05742026482852377,0.5419936915523299,1.3847931559187345,2.674253279082069,7.211539708306887,14.986137194146933,23.683775620040045,28.604525287481337,29.201814021434256,28.441687357237093,27.84329200475304,27.574037589826887,28.174204028668953,30.22857296571802,29.22627898546388,25.951496852797902,22.90383275656431,20.724402141631206,19.570826000744002,18.856086946154978,17.611028768163855,15.889345603920802,14.40835994306423,13.564240536405222,13.089593195566444,12.685246428317267,12.281615805019173,11.850907443190733,11.449968218406502,11.137045856729188,10.913614177581643,10.76406192324741,10.652304320102562,10.538699208610504,10.371762701949685,10.051187768821435,9.481769535129878
903,0.18755088114124227,300.0,0.0,0.0,0.0,0.0,0.0,0.04816881818407185,0.4938591503740244,1.3246100627531563,2.652592112751451,7.527432965790058,15.834945009507875,24.352463651475954,28.9182762351531,30.004003024957132,30.07441389850486,29.826122158359578,29.034376478895147,28.91801830398626,29.82523771077921,28.437271580113734,25.240700150561707,22.281177971972156,20.06495460263807,18.771684956960375,17.920934101101498,16.935798481673192,15.938686977304267,14.980780226748694,14.086585372885349,13.261544291234665,12.503048052526273,11.924468649600385,11.428190307013292,10.99864776071219,10.651922579565305,10.393417148483737,10.221286754521755,10.11318496453492,10.043415027673683,9.975754917424705,9.82852761175928,9.514847933901214
904,0.17929628220833757,300.0,0.0,0.0,0.0,0.0,0.0,0.05401936089773322,0.5355059759263158,1.408214924720775,2.776772057142489,7.601867663794716,15.416125299296338,23.643765671141765,28.51186686448755,29.75678922101096,29.652300864943914,29.301211643674083,28.575638190871,28.485278713047904,29.434059109879023,28.5478875994765,25.835692143346478,23.082625197288195,20.829281048333343,18.985113254093765,17.531411872621078,16.431989250466746,15.5463293102874,14.6069276358635,13.547110339905684,12.712021616644849,12.386341263555627,12.324386794084404,12.153967052925056,11.856720773184566,11.504237162568334,11.149861278487473,10.831179298454282,10.555161317288002,10.321668030365364,10.133187110395744,10.002064903490664,9.94306458303951
905,0.2965287944643184,100.0,0.0,0.0,0.0,0.0,0.0,0.03812275115281068,0.40596209916465725,1.11334383625865,2.26897867796524,6.737488887224581,15.081161927226884,24.229986018461,28.972622972056534,28.991587225340233,28.079213271807106,27.90936246725017,27.584413039734958,27.609306249111818,29.787529756649747,28.595438547262166,25.561523106755338,23.05196185691339,20.537375270523523,19.066242720785844,18.422635350184837,17.61551020962088,16.270385391566588,14.631441730470018,13.369121332508064,12.631488093902757,12.294976043714495,11.933719543097911,11.485509967759775,11.064393247553115,10.762478634552874,10.56965037898499,10.456619873309933,10.400019556358876,10.378712267591016,10.379631203608866,10.419752399720291,10.524152661492877
906,0.04614948798372668,300.0,0.0,0.0,0.0,0.0,0.0,0.044917530119088306,0.4683226150677223,1.2685383857284425,2.556170394537352,7.221277273313639,15.0793261412424,23.729941326509955,28.868637025030477,29.744130013452786,28.897854983180633,28.289009396817647,28.319011337248124,28.440027494793725,29.05547162914359,27.83959417789876,25.273610178420636,22.6692361874179,20.314367466964082,18.806152495287602,17.847819604229926,16.64220934519123,15.259073309273942,14.077281611457453,13.190760995768278,12.591869260249434,12.321189973053864,11.992053198057222,11.550459399737585,11.113535199311528,10.77456623591106,10.526450902423761,10.342753986458634,10.202570686796452,10.087269474314722,9.976583334589494,9.840760958111554,9.649211982368342
907,0.11659869253493187,300.0,0.0,0.0,0.0,0.0,0.0,0.049549661002411524,0.5036379621712851,1.3440074931684916,2.6813183660230346,7.570176334277979,15.999840915183777,25.136143613470786,30.251826713863586,30.919607884373754,29.834564264136937,29.112012517965628,28.964769774542887,29.432833339144764,30.03659878549153,28.131418380883815,25.197172961848782,22.605765985442044,20.652426112915272,19.24417692358011,17.900064739665403,16.410212851154643,15.103205174521765,14.152516043157954,13.407043327202532,12.843018371516436,12.433217165522475,11.999709068992274,11.511893447210777,11.041540553975603,10.651740954463989,10.349756743946918,10.126580482226,9.956390477237086,9.811203357715529,9.668626915206934,9.522407056360741,9.370277814390041
908,0.16860265702146188,300.0,0.0,0.0,0.0,0.0,0.0,0.041741018683999896,0.4424505476727352,1.2102239506271342,2.4590677564185563,7.097831773786892,15.03818819647143,23.52897051951039,28.12509928539196,28.679345814857076,27.98869143444452,27.575577639123907,27.175589838527454,27.274509006725566,28.65225629363199,28.099586470011285,25.56258224248515,22.297804563441634,19.53848885331693,18.25718801790677,17.893805377195072,17.149915701497974,15.728171033515018,14.10432641726278,12.916954997508702,12.33149354528081,12.097424257789866,11.868912994262667,11.590622635737262,11.309893516269597,11.066514296808908,10.85815771149716,10.671393411331318,10.48660372763597,10.28368561506591,10.031685528820667,9.655421005113917,9.08368901042758
909,0.14295074524611276,300.0,0.0,0.0,0.0,0.0,0.0,0.041498163619506756,0.4384205501154826,1.1969073368595537,2.430888626566498,7.10915186102877,15.47179123427038,24.51933774020226,29.122613567222203,29.31087872685556,28.33638280291666,27.9350591516694,27.93502671155678,28.074079650768645,28.61343981376884,27.006379372639522,23.98300457317274,21.302692311767466,19.33412897799067,17.963580403418167,16.998671765639664,16.047819305886716,15.011241974812695,14.0812894971002,13.26330950980842,12.515547678322552,11.942912665729066,11.525714645605422,11.197669094380085,10.919002084911964,10.663422180029551,10.421345470051815,10.18779682696302,9.959654836391914,9.734340252273203,9.506542962490352,9.260191539293421,8.97825572474164
910,0.11364426196533228,100.0,0.0,0.0,0.0,0.0,0.0,0.03374559255260932,0.39248128713725744,1.1333836967141364,2.393155324143245,7.232287440295723,15.682967324922755,24.480682475485068,29.49143968763721,30.38831021591613,29.671761504506414,29.171587720180597,28.7249139699121,28.929918441011147,29.57073940671053,27.668419659327416,24.765428774164473,22.399573209198508,20.5085908067748,19.232636107153876,18.248243823094867,16.878175593836797,15.659701283174487,14.879899892332855,13.808251812254676,12.497373598226238,11.801340210325204,11.71257546286316,11.667576634940898,11.489048953832715,11.15680495519993,10.756554552271618,10.378669652240708,10.059974767307677,9.822807960627374,9.689627743832979,9.689053281082,9.855572048311064
911,0.10183738155922147,300.0,0.0,0.0,0.0,0.0,0.0,0.03890640557899582,0.4223445455024087,1.1714887426455078,2.40448064408606,7.011525029643228,14.832031786678659,23.05479117222299,27.758062265928203,28.568311515754765,27.554870681539125,26.832626235266563,27.077023124826407,27.291846422159658,27.980681458375997,27.044501826813242,24.807069983534223,22.57313034121048,20.428687369582125,18.659735776170915,17.355357774470534,16.082473393149375,14.82200494088412,13.86229059070397,13.005687005866891,12.162120658687973,11.576301780257186,11.30905092391788,11.109235704271496,10.90569622756243,10.695201495977612,10.489207847609633,10.29861145003841,10.121069047502333,9.951269303346216,9.784204717057804,9.61527857164217,9.440191492044397
912,0.0742091129027186,300.0,0.0,0.0,0.0,0.0,0.0,0.05795455719853403,0.5595466424005083,1.4488228262112597,2.825846835288791,7.688842283656655,15.792872597419592,24.463313793425197,29.291309946578746,30.209674330947557,29.685339360684488,29.133744471234447,28.732356677773943,28.903020238575355,29.510384812149606,27.939313378797717,25.168045998180595,22.758619700447394,20.941587459870203,19.591337420728383,18.335366690378482,16.95309905783424,15.78480249881314,14.751084632703982,13.614164780595397,12.662591963743257,12.219840169425831,11.988675157659955,11.683374882091172,11.326313158333129,10.991736093042853,10.702579517067335,10.46406130872007,10.262185817202832,10.079534502665807,9.89266859905933,9.651500926062647,9.304646827699198
913,0.1524424572799068,300.0,0.0,0.0,0.0,0.0,0.0,0.033018766423922215,0.3764670484090681,1.0747945801003964,2.254787730969254,6.830800041671605,14.974881735071978,23.874672051019736,28.781592195541617,29.444805903529367,28.472387944888304,27.74705819232422,27.749191753820337,28.349786780395323,29.637073630149015,28.087032676374402,24.897587569425685,21.975721201504918,19.73654526681699,18.31766103981346,17.41341720202756,16.512418162700847,15.65857129987598,14.774381546316535,13.72604274708353,12.707593579366083,12.063071126826822,11.659063878494782,11.292005299459392,10.95253027689268,10.66658293768885,10.42564332077776,10.214862129767493,10.022803556273049,9.839367479920918,9.65823516907077,9.485781796329274,9.330901334064647
914,0.19964998975673556,300.0,0.0,0.0,0.0,0.0,0.0,0.06365618856610973,0.5967910239664672,1.518772461631711,2.925100555555837,7.860143711327663,16.167150410133758,25.068762140144383,29.98997007379786,30.82848195467958,30.106450474722497,29.414414515617143,29.29002444946739,29.850594588286917,30.87378357337158,28.84158953834229,25.14066539644046,22.547282049497607,21.263853677103537,20.655535971555402,19.771798330451524,18.068125902830293,16.291246990925075,14.893071521632924,13.72623313018124,12.827003726578639,12.403491750929387,12.137888842267282,11.813446089246172,11.482209630339575,11.222918668816192,11.033573833899604,10.892885607804836,10.77341527817291,10.647117710832926,10.490561166554613,10.295004695162454,10.055995491037077
915,0.10586457090088806,300.0,0.0,0.0,0.0,0.0,0.0,0.04434747545779206,0.46537851947126957,1.2654081048858958,2.559087983473133,7.321488121634741,15.411551588609925,23.94750883328495,28.529472940556808,29.209946726859,28.6314355304219,27.95906492020967,27.405278477547228,27.834565594634647,28.904677220669477,27.565991574514257,24.74760583989106,22.36876024307714,20.595114146395236,19.024476349051447,17.618765532980436,16.38032668427585,15.300218002561683,14.241152050666019,13.24970197818469,12.43425239491108,11.913219217730553,11.53493837548564,11.13195468235245,10.747995320183545,10.449668080192879,10.223926222689881,10.04458653396323,9.898426454154425,9.775811741718085,9.668128674618874,9.569017442824878,9.472804296897777
916,0.21362425257354237,100.0,0.0,0.0,0.0,0.0,0.0,0.044880922861637966,0.47111522947978013,1.2809485105887508,2.590107769763538,7.545871327790651,16.680251230064236,26.33842316809545,31.104477172208387,31.53634459782705,30.756363803082927,30.443943328139643,30.180758948917084,30.14593217910118,30.903084897549423,29.10917562974228,26.15167503496896,23.636297891580767,21.326186755624548,19.71147145754615,18.69949546689221,17.395363798596257,16.262437397966913,15.554080925107506,14.568946694769172,13.432731937757369,12.780786162214987,12.182131185195388,11.621376796718618,11.184334461174842,10.9052298295866,10.716965264865603,10.546663464220783,10.372890458585706,10.186928317710795,10.007380078886012,9.957460774425728,10.18835128051046
917,0.09984040148232576,300.0,0.0,0.0,0.0,0.0,0.0,0.04459711278693713,0.4589661801571309,1.2337827977751437,2.474591342459301,7.0203403506842665,14.833671858966357,23.444375316429067,28.241979545515793,28.603278223574694,27.40683132023763,26.915760532471953,27.252667256871575,27.53907973281101,28.644141984553926,27.73626880292001,24.976173791636448,22.288622695641138,20.45123000529872,19.11957739118371,17.826347517233568,16.408761189727592,15.170125929025742,14.078000160915861,13.124567411198234,12.344598206804655,11.835622368164476,11.563065452518757,11.271240037973127,10.951160102426693,10.657032964343825,10.403827610979624,10.192343934614701,10.00558246461499,9.823430235584896,9.623285092727231,9.369341994346042,9.02670789349099
918,0.14374415162605966,300.0,0.0,0.0,0.0,0.0,0.0,0.04807151406242978,0.4900385524585638,1.3099090400276243,2.6153395235320365,7.361538105877314,15.476812859311643,24.159567000199083,28.90326778085779,29.682065939472846,29.344185478495927,29.102803012611098,28.480034941860577,28.28417871333289,28.915644377793733,28.035322080120284,25.777749030240088,23.407454599363795,21.451145891581703,20.140942052601634,19.05637119878001,17.55257227524233,15.85100574013814,14.463877168804213,13.682402182623976,13.24765823090553,12.866784874011996,12.49891504782665,12.06659779769609,11.607905614925384,11.183623608104602,10.823242002195517,10.540245123327432,10.320663427314742,10.14584298647555,10.003753430716607,9.902786783961208,9.856176205257142
919,0.21734090277225546,300.0,0.0,0.0,0.0,0.0,0.0,0.060270863688083105,0.5642677790562749,1.4346940636729686,2.758617123483342,7.338219865449994,14.95539961498458,23.392545835416097,28.628196248430186,29.92900159677434,29.451572130883502,28.915447228627524,28.507780036877858,28.432204398178374,28.856056164210962,27.734701543797694,24.884047179442035,22.38323755311094,21.120508161251795,20.129111405687887,18.583426629580423,16.646505480522105,15.173946083370035,14.086030550602548,13.204257747410756,12.609632225495226,12.291579696072244,11.945727651847406,11.533969554327387,11.140005847086107,10.830782775181083,10.603446441931627,10.44080047366893,10.326880854930197,10.246832589872719,10.187857262485199,10.142686875668563,10.105470677445865
920,0.04635719993022191,300.0,0.0,0.0,0.0,0.0,0.0,0.05037056166167708,0.508082738212305,1.3497724087039515,2.6831922216083166,7.518598716629763,15.78878070659803,24.771269685744294,29.77941782998423,30.20802992892877,29.19500817089574,28.732659655062484,28.520455446577948,28.912677983489065,30.02638722574956,28.48922389850655,25.235842712695053,22.58474054398998,20.85706831113144,19.453482371127837,18.079014773593812,16.678959307457532,15.360951879778355,14.3122731048118,13.544203057060518,13.000487054344513,12.595634663869365,12.131214653937949,11.641715464571721,11.218021948573812,10.916116649239845,10.700000582879968,10.522884297572876,10.36577912363576,10.216807292202917,10.06864771497068,9.929903371450282,9.812502290147586
921,0.17493578348258082,300.0,0.0,0.0,0.0,0.0,0.0,0.04495939322423664,0.45899011147299645,1.2280741242676254,2.4560543316645216,6.9859639167928655,14.81429338841106,23.00970922217334,27.190471501288886,27.72597042272,27.127458695346892,26.663343989837472,26.47850517820612,27.06201127107464,28.491457427332477,27.15122186033525,23.820558415380276,20.743490479369914,18.7729439609175,17.654817718443667,16.80694751985704,15.614342781972386,14.420093627895154,13.512460882978548,12.67181118545221,11.766092882580988,11.147887358394513,10.874814788880048,10.68040031480728,10.488650948070225,10.29248870972348,10.099086055674425,9.915136065768067,9.734059737181852,9.546542879152675,9.342304402824352,9.105677348268166,8.82139751211163
922,0.17050886835028425,300.0,0.0,0.0,0.0,0.0,0.0,0.05238754425925942,0.5123871497041389,1.336682179846548,2.6185335298348638,7.094837545371856,14.395036968629745,22.25315640976522,27.03697203051284,28.322107900263017,27.990291356697853,27.440096089917496,27.24274452078297,27.4702291572719,27.974317158994626,26.370107810481084,23.513436862502818,20.901505289938893,19.13919148438124,17.917167517156464,16.66967245766104,15.347451602738252,14.227432850448226,13.350391009034322,12.501208634991816,11.685835497551139,11.052675048863286,10.682995699294713,10.411610368886297,10.185767755389577,9.997949157931677,9.843856545487801,9.71754673815704,9.60301213765715,9.482388887649247,9.334052438279095,9.11991406039364,8.80215378241285
923,0.08182487723883351,300.0,0.0,0.0,0.0,0.0,0.0,0.05563775517716677,0.5366290557380984,1.38865567600234,2.709447802777433,7.466537937422105,15.71046594939516,24.749353431592176,29.75496636199547,30.507121160433158,29.730078956168427,29.13310018925831,29.10244096009866,29.48956028232257,30.410664251987818,28.81404158195365,25.631883028835173,22.645222795610298,20.251880021057435,18.786135367121073,17.93192166878396,16.878009615559176,15.8010569403665,14.777852237019351,13.731242800735942,12.857299594989025,12.355354458484149,11.993628592638172,11.618720662960092,11.24496988983065,10.90755953140372,10.613669960423184,10.362423116216029,10.147356445257637,9.961220490371131,9.801461611327879,9.681977544361732,9.620285913003947
924,0.23051460614064193,300.0,0.0,0.0,0.0,0.0,0.0,0.05431721596008965,0.5161493479711976,1.3240929039191085,2.568010935703736,7.0388372002049335,14.787124981128052,23.315149166703154,28.1229248482242,28.860412792478463,28.012767293874248,27.365717380431395,27.15142361674594,27.24600173099675,28.163641037458596,27.369105695393724,25.14718523531558,22.898549112549563,20.919398525050767,19.368371447912928,18.204757804755815,17.051285456670467,15.776184446524267,14.641264573048517,13.82469792187525,13.188393066303975,12.56755287634921,12.023168995811929,11.582471937334287,11.25424169382481,11.037911241163162,10.892039619540157,10.774004077360454,10.666359246111483,10.558000982136656,10.44311503572721,10.335570810673078,10.253456631563427
925,0.2411603205730791,100.0,0.0,0.0,0.0,0.0,0.0,0.04342991295769169,0.44339546691645604,1.1862013288247344,2.3705591757070446,6.754383624275124,14.579291259461398,23.35297787403176,28.55480210504831,29.083760449162174,27.796551075028752,27.24883289703206,27.260499604067817,27.67848739413501,29.344018014518923,27.209864202083846,23.60853571660546,21.186843891922138,19.41836752307539,18.20245644845744,17.2307090687831,15.698792125973323,14.108539549358927,13.283031377887651,12.851313068572175,12.435218603114475,12.257516452099193,11.951041185740827,11.470394532986429,10.936990246714124,10.457471194092271,10.095708920176486,9.885393056252898,9.795849808277541,9.785699076390403,9.811766485458879,9.812921983593267,9.723666268290113
926,0.1950516082617724,300.0,0.0,0.0,0.0,0.0,0.0,0.05032167911155666,0.5246304281175598,1.4210238088061202,2.865222500454425,8.167989902908678,17.237441465895646,26.892690147398138,32.161381770245924,33.11000750833289,32.4808908577131,31.68837994706151,31.316819492619707,31.736592355182346,32.852694997191435,31.0013994557597,27.15236693672842,23.97957172664607,22.330877949993166,21.36096560543538,20.30153949128933,18.90913174045794,17.501232110522437,16.17365919032338,14.931681252729948,13.990229842722634,13.422660514953085,12.925228874290942,12.403470457378878,11.943797616508045,11.625206474440413,11.43379108996914,11.336270145606994,11.294094146224987,11.268202512952522,11.214236841605631,11.065594917243663,10.755188168598124
927,0.3456833955674843,10.0,0.0,0.0,0.0,0.0,0.0,0.2301238385745232,1.1192461268834892,1.937602706744335,2.855831770838348,6.784873780139447,16.02235715728896,22.833432280576325,27.144194445093863,28.64772084363538,28.236766672348818,27.23332184105051,27.494929138969283,27.37804944711221,29.814382504454358,28.210179149885764,24.51851512256644,23.40945815747604,20.713409623599397,18.80853010805854,17.789990941976633,15.823409128087192,15.234550424633364,15.113529502653792,13.780827371630377,12.983275988368625,12.605478800911373,12.44463300594972,12.054471360197168,11.491058442442716,10.944209891581949,10.54892245291803,10.373510532146325,10.314688174095732,10.23459682155273,10.024749376620832,9.680759517458144,9.22691995219428
928,0.13395335620765775,300.0,0.0,0.0,0.0,0.0,0.0,0.04516789877002816,0.46650562112659644,1.2566269431791715,2.5230578641873898,7.144799362543721,15.047386386247657,23.680863368188152,28.739666418772792,29.73869827064353,28.905283480774106,28.0626385426127,27.835304317207605,28.113472066474376,28.717653334077234,27.174371672440447,24.285154149857725,22.021574611539542,20.502090070668125,19.285155332753494,18.05108497428349,16.5592382371182,15.210766064538571,14.168245681764349,13.320921436606222,12.584892382279305,12.145099769771594,11.907743276042583,11.648053693687988,11.346027954208024,11.032087444376947,10.71720648666122,10.407723378255197,10.111532804294175,9.836106921469868,9.588043465231813,9.373360249794121,9.197629534833089
929,0.11130367193776665,300.0,0.0,0.0,0.0,0.0,0.0,0.04716457659818446,0.47507364904343247,1.2609710149382718,2.5041437990218918,6.990764324408592,14.58695894017525,22.660807122739268,27.181908518086306,27.956746918395,27.166020480195996,26.408402868800366,26.22731197675527,26.656470799900642,27.83646281790106,26.543028231521994,23.753833869625694,21.444491633338846,20.024188840815953,18.661011039111074,16.96440674702806,15.419999717735397,14.399320106048782,13.686708622995676,12.91584587546914,12.074831404094661,11.41541822368461,11.039027745422679,10.754102976845584,10.508058057139543,10.299344704292272,10.122247740466022,9.969703371931569,9.832262155989339,9.700252948596248,9.559989252926881,9.381025809447634,9.131257776520444
930,0.09690085661758037,300.0,0.0,0.0,0.0,0.0,0.0,0.04945631492047501,0.505535011498427,1.35348566727117,2.7052208608520063,7.622163926753879,16.113218296038983,25.6905404270354,31.270228318992125,31.780085625302846,30.441118393968328,29.62134014035655,29.583210818378422,30.198378287101605,31.23053932410927,29.746664463778323,26.7534923552,23.94597467663787,21.67037207875722,20.004053784493934,18.85743851062134,17.794168245895012,16.536970331435988,15.345387987318253,14.38372456235894,13.61875134503684,13.137852553200695,12.808767023864931,12.40758379889397,11.976125629578222,11.600452123304184,11.29405334168332,11.050093982772534,10.846910713127793,10.660784250436901,10.46936064077884,10.25084169272923,9.98515053061276
931,0.059681703139340826,300.0,0.0,0.0,0.0,0.0,0.0,0.04226996379895874,0.4410525325469922,1.1953104578790648,2.4136885860083686,6.963887764660387,14.866270229004147,23.222730557658515,28.03850140049265,29.2176272682014,28.545306658118644,27.717898605848415,27.659542002517,28.031012976291056,28.9168170081925,27.518578040258447,24.74401551810077,22.237289051974784,20.291405275941308,18.920813934066295,17.833789701746873,16.563828991787908,15.186046532233691,13.984427618921305,13.090392439967177,12.385930883500157,11.862696873147565,11.564394731656233,11.359127076282306,11.166463053122825,10.945129611428877,10.69993022090226,10.444967766443652,10.189526799420761,9.941089077147113,9.70582421401975,9.487233412712978,9.287950280542631
932,0.18687995771384291,300.0,0.0,0.0,0.0,0.0,0.0,0.04936320181603282,0.4928885617716093,1.3016721684636525,2.5775095978361193,7.223239239444833,15.313141535750969,24.306258881788505,29.45371315301,30.115003387719252,29.335236612482053,28.99276960714456,28.73950965135674,28.605379780810946,29.171587463593703,27.78804647516546,24.512399625676554,21.402307120835616,19.342093267566728,18.2079284602559,17.32416387836781,16.025979006089287,14.606151439645304,13.448848156411737,12.75433735197498,12.491819025183752,12.31547561789106,11.943355567810466,11.474525274453892,11.033709412926347,10.693072552418153,10.427790150317275,10.198277807105539,9.982544956791596,9.763764583239919,9.524835999348365,9.2440020351486,8.901125777681024
933,0.08203409607048769,300.0,0.0,0.0,0.0,0.0,0.0,0.04358870276491813,0.44228770313184734,1.179162595670418,2.35173734026288,6.6399494377804915,13.94632215663229,21.786950617243885,26.227920348756758,26.979729426882542,26.432493357925054,25.94558894957071,25.58113859341543,25.971689658905273,27.323304119943995,26.49507521974367,23.77471110016174,21.095428163376397,19.0607647962724,17.638662714407847,16.67837736706665,15.687121611315497,14.529940963818174,13.483294774270489,12.775615580087788,12.18312885859224,11.6358532174305,11.157142147449616,10.723561698311356,10.358688841139424,10.087006893302638,9.889076248624574,9.739657123297038,9.623295743796383,9.527424140998605,9.441904636602374,9.364309149912977,9.294075100061885
934,0.1482802155182869,300.0,0.0,0.0,0.0,0.0,0.0,0.03333164077675769,0.3736450285211174,1.0561030623148908,2.197839696737619,6.567024583504679,14.369627450537092,22.959210129287236,27.527225692841842,28.136376962490615,27.71115358836891,27.35625867318101,26.86130740822396,26.821093626655074,27.785491609292727,26.96462540331073,24.537228035985382,22.048346620879844,20.060913228700464,18.70251047438355,17.487803505968543,15.90621574152306,14.433141107179685,13.485731452953234,12.945949932026421,12.364072474553916,11.659055332749572,11.262411792584023,10.988069456950177,10.738232411784455,10.492511748339789,10.255528026062779,10.034276956910006,9.824149584704571,9.618143882207637,9.40742261322091,9.17480913677225,8.902755415259794
935,0.11302454672627607,300.0,0.0,0.0,0.0,0.0,0.0,0.04442373504484646,0.47710734437675306,1.315094269073463,2.687338805182485,7.829852823258773,16.754203907415857,26.3956355620157,31.63961314314512,31.96705322925251,30.644342080372276,29.93133601837192,30.076428699965884,30.666475276979426,31.518745161319323,29.821193672419923,26.664150429148222,23.929677062279264,21.900841988489518,20.35291142630116,19.038892639765283,17.78544391207891,16.585257249248755,15.511068488262307,14.596390745302438,13.817750574537662,13.186599408579182,12.649708603585147,12.166042401572247,11.77552769131437,11.514851169602814,11.3532617000509,11.24841551263741,11.163502084296631,11.063723946790446,10.903773533789733,10.595946218531349,10.056189299173408
936,0.1585093228015035,300.0,0.0,0.0,0.0,0.0,0.0,0.049242999963835736,0.4881079432570603,1.2834092509785962,2.5297684091226804,6.93930327655214,14.248414167695396,22.160206607921204,26.772204649166838,27.714114457934883,27.154639092297558,26.57333577213209,26.361110782281767,26.800098335524755,27.548694808225015,25.733289356978872,23.104911092728198,21.206279421513234,19.854972406341332,18.45088706708034,17.129775529537905,16.101050064264516,15.221035160536209,14.233728102227458,13.193265108513433,12.397752006545115,11.951822139845586,11.545756734647558,11.064767208962836,10.592822640277529,10.215730670265014,9.946497263266208,9.77785201880158,9.683115688655072,9.632895604789274,9.598590022914001,9.549617453423016,9.45539451296938
937,0.1920225252300736,100.0,0.0,0.0,0.0,0.0,0.0,0.0274317866260658,0.3377010331689268,1.0084137046823822,2.1844246292644387,6.853326390598116,15.125055648659425,23.697634843701085,28.415603440203608,29.22475902662773,28.095537608094077,27.210768491305362,27.388272383447106,27.56657846589124,29.361590242215122,28.6198807824126,25.56506373427309,22.444188969156365,20.09476265735859,19.006362672205803,18.15702218165651,16.430241299432627,14.862655340628384,14.089430220367978,13.499153123370728,12.580260999194662,11.90363196052827,11.444276621513474,11.103512524812382,10.835302740753656,10.607261298971324,10.411157357434254,10.241222707268216,10.078712264943352,9.90270626324037,9.705738602673948,9.528215206507427,9.419358319233412
938,0.13412266950733234,300.0,0.0,0.0,0.0,0.0,0.0,0.05088769461866933,0.5136828654628861,1.3652041801159023,2.7123627674542643,7.510872395091274,15.481283664941582,24.23648042738879,29.608653654044478,30.58494092453245,29.621990308466966,29.030912932035275,28.961448142069923,29.165348879703462,30.17480352323778,29.210140071877802,26.562025791758696,23.838365467433572,21.595850103746056,19.967975977734998,18.658990336221134,17.122613691601906,15.683636832799104,14.548952392753774,13.735541156093433,13.090349164817127,12.603871265514565,12.28489653252789,11.954562341498017,11.580416319689604,11.18554676773295,10.813982342418093,10.500958224517506,10.243466699840873,10.03070864317534,9.8549206436239,9.716440083800826,9.617646735253523
939,0.12339677853927154,300.0,0.0,0.0,0.0,0.0,0.0,0.03917765469773696,0.42280764179557506,1.1686798643129608,2.391334154375777,6.939873370895764,14.804516442140363,23.356301314252804,28.209052837349113,28.982830222668106,28.113492840366415,27.486970566495547,27.37901987752268,27.321577666097546,27.89253088514832,27.146809004826494,25.02244023551968,22.402563347336727,20.099791839642663,18.705306142016763,17.817938888532343,16.723355358018487,15.378194237553767,14.161695784455697,13.173498409134524,12.305566711596413,11.684256428447773,11.316222337085424,10.990306743627581,10.690051524855727,10.449592251158924,10.270643708691274,10.14566000355033,10.058414295004226,9.991221225755408,9.924699415572261,9.830922489870003,9.680891640910112
940,0.1446411554607987,300.0,0.0,0.0,0.0,0.0,0.0,0.047856837119370194,0.4748149444032279,1.2492752347133749,2.467081027831655,6.8693404211029785,14.303424113140489,22.1820364393929,26.69553698618845,27.815577164759166,27.673237830007476,27.240595012921425,26.530491787353252,26.437263827613908,27.248872001437395,26.233291662072006,23.79406552211664,21.525171054150746,19.67647859178367,18.353285070046297,17.402063932056883,16.397138076474715,15.193297149872247,13.93117119245008,12.860958593939007,12.060615031350805,11.414942006162418,10.91965420036551,10.543007118591424,10.280572284064904,10.12752978779277,10.030848245993988,9.936873361687491,9.828038914455623,9.69587775990253,9.532218018738634,9.328760153942842,9.078202996366313
941,0.13182783586670888,300.0,0.0,0.0,0.0,0.0,0.0,0.055550377608875365,0.5449740093535878,1.4242714242467678,2.7943392452541387,7.580668584871078,15.248812100165985,23.118720453496405,27.848022418185433,29.060274869737896,28.389345992403072,27.773415995176993,27.610467899458705,27.838662104236136,29.180486789254683,28.11319960377114,25.048031407509097,22.16927733791046,19.97052799263344,18.637533852582592,17.827612932082907,16.88599135932279,15.77298168960475,14.69355289851097,13.683784807595389,12.705963521840332,11.995698556211302,11.608241724671148,11.322508607877941,11.070153981358471,10.838661324108712,10.620938035941586,10.410859371917429,10.200476408707203,9.981841004616053,9.748657265725535,9.499233340439,9.233154102105253
942,0.07561793239549733,300.0,0.0,0.0,0.0,0.0,0.0,0.03734899482047397,0.4099358969964889,1.1444465186569481,2.3603941934877484,6.952676888624935,14.937637875642109,23.49417474141477,28.164635291971102,28.842185242153985,28.00912828910113,27.529452800853612,27.535629642537653,27.797476192334003,29.090035186767594,28.275158206742244,25.45891479266821,22.577397550621125,20.557595121660665,19.33127792992808,18.349282046642266,17.098911892744752,15.63262290568147,14.230932835318253,13.183645539701434,12.595913676318299,12.23122766346145,11.94120063288316,11.601647172483808,11.25119445118773,10.952663803450523,10.714605866030283,10.528739144157935,10.369168517075643,10.207120283670452,10.003017469310388,9.672211541761426,9.13354655631254
943,0.07517724143971087,300.0,0.0,0.0,0.0,0.0,0.0,0.04712439935796968,0.4827450205391433,1.2942340626068973,2.5917889200299267,7.368570040861536,15.651812920440472,24.828196119597084,30.1127408130525,30.76154269577676,29.540652592299168,28.814726287569272,29.095242416117678,29.401040806327366,29.651189759030174,28.33560594648937,26.088666023411005,23.532644824303915,20.894097096720948,19.164222712009682,18.228543261918833,17.04424367202377,15.677825256758519,14.52423393342761,13.67155380324173,12.96423545064036,12.401733429456032,11.996970629017799,11.624909849485995,11.272789142788744,10.960662973533072,10.6969473216361,10.483798749194056,10.310673702977427,10.164814383995871,10.027937000505517,9.857708387818912,9.608758781291915
944,0.21114202056766573,100.0,0.0,0.0,0.0,0.0,0.0,0.0515964167673185,0.47771514356710754,1.2067095917107402,2.314220188399668,6.387337073349704,14.186138013695572,23.28989133210622,28.09943241586894,27.963315994838208,26.31076315847401,25.868917250297105,26.34909542789812,26.36868486567824,27.772075992153507,26.71425324782864,24.11548462505187,21.746254441837376,19.022449073773963,17.342945758318248,16.61629700195557,15.481603703991604,14.55591829714461,13.72498249309913,12.538933703309125,11.657720169081626,11.497365468415357,11.387212591529137,11.087293515148847,10.705084779105379,10.357120265176354,10.05866562060779,9.800672411896588,9.569606811223377,9.351841870166057,9.153745412686952,9.05548059491512,9.154618632384569
945,0.15304767887984505,300.0,0.0,0.0,0.0,0.0,0.0,0.047076957044094044,0.4890130506144497,1.321686074914292,2.6600327152611234,7.55128235346017,15.945158504865073,25.219957094456518,30.588019135019962,31.317057388855865,30.44810243062753,29.906641500038905,29.560459513121344,29.857634258553205,31.147959013228235,29.679585810412615,26.185211576607557,23.310782265163034,21.50023843029762,19.812133068374255,18.01345586010822,16.72912282571014,15.931635640837362,14.919135390375017,13.745587797852973,12.89750429782791,12.387361343204224,12.031555298103923,11.669548132513945,11.301429945328923,10.958324520465025,10.650478641694454,10.381934350812896,10.153234974230143,9.964212272851066,9.8192323558963,9.739954740868429,9.752575160668567
946,0.260005849137505,300.0,0.0,0.0,0.0,0.0,0.0,0.05286135382062459,0.5152375944221942,1.3415120796202988,2.6278093141820156,7.225200439416998,15.02463497074137,23.579048113479825,28.668191681494957,29.614560567794456,28.472943693443213,27.549433969472055,27.84705138205096,28.461181087637392,29.61276029765722,28.237773472659743,25.68915873693895,23.407347522110893,21.48857893281991,20.310404013287204,19.54527826239013,18.20093112250497,16.692681982061618,15.336658440801559,13.97395748157134,12.840630397263016,12.169959783109558,11.7652633851069,11.402122327240894,11.079114937436152,10.830744664920466,10.63829728229696,10.474814520877,10.324239866020129,10.1736224129175,10.014393951112057,9.85310090606422,9.69943833953673
947,0.1637811649396959,300.0,0.0,0.0,0.0,0.0,0.0,0.05950731627889252,0.5625157536927958,1.4385480165673323,2.781800640077012,7.533702421678593,15.466471682096767,23.64784702089391,28.15266519348905,29.300824281641713,28.984532427492585,28.402003541043275,28.385081540393543,28.961893842085534,30.108194182182288,28.534442248587734,25.457665626170723,22.89758597566118,20.84398979339409,19.255858991040906,18.05189872708854,16.796303964938776,15.447368584351642,14.240965843454397,13.416611272651748,12.876867770481862,12.43946313919166,12.069165240684363,11.741661851433328,11.45472124782672,11.211943395217258,11.011716854188638,10.847674988183304,10.699021980009318,10.542401622902721,10.34972381994496,10.071702819075519,9.660455856643159
948,0.11530841998002418,300.0,0.0,0.0,0.0,0.0,0.0,0.04614335328190549,0.4696306030863729,1.2541977311032773,2.5024255115771377,7.020804912312394,14.673284612085336,23.17547746704589,28.45688691005327,29.494972255760175,28.543450411053556,27.80530845157645,27.775994206448523,28.093707042606397,28.987112663709517,27.8287455324653,25.10496394977269,22.53235424534091,20.340327527041325,18.67363811481472,17.44750287027341,16.247223281230607,15.186296235916348,14.342689221087316,13.617047857627336,12.901732714146819,12.213602242708841,11.694491358161587,11.244804543362115,10.859000288684667,10.559766386561185,10.33104050059367,10.150355791027874,9.998958374894444,9.859772680025268,9.716893331601721,9.55625351042772,9.364989944403783
949,0.13814034979122816,300.0,0.0,0.0,0.0,0.0,0.0,0.052001192916458217,0.5071707675270317,1.3209620644682178,2.5866703448878052,7.05644787895432,14.474765257669924,22.41309718128883,26.960371205234864,28.213835227949748,28.228579926028672,27.66574722369696,27.07576366376926,27.34291939328674,28.22977980803706,26.84320001112265,23.829532199036258,20.957636196579482,19.13446610491051,18.024495922736794,17.0530865801373,15.981370094218823,14.935330686596924,13.822023240743597,12.760732853420668,12.04233323581525,11.732616753704301,11.579121164157648,11.288715073278267,10.917108321536219,10.577620126898493,10.287688429790064,10.039516435576028,9.813540389057938,9.588826131259534,9.338523039616808,9.008894044516579,8.54852478353281
950,0.302870356131601,300.0,0.0,0.0,0.0,0.0,0.0,0.04693573913612996,0.4600886480149917,1.2019277260293253,2.359862372613197,6.4981223852411345,13.501147339044177,21.025040374970587,25.05192217223104,25.462431254129985,24.74419614912792,24.249714566554417,24.282768044485245,24.63909787970133,26.23085272298762,25.62222920385178,23.156315070837838,20.547017078305498,18.16482433386504,16.589453952947398,15.649125995988875,14.615290364299822,13.408801873681503,12.3974255278991,11.789981853039297,11.450422471408872,11.15145599819056,10.739588542054047,10.319995900471136,9.980080834578073,9.760319334776508,9.620421871895541,9.509941890832065,9.401235550853345,9.272799458173008,9.099463221241827,8.839547878983218,8.453756083149
951,0.08797284430400534,300.0,0.0,0.0,0.0,0.0,0.0,0.0471336419865718,0.4742736784619301,1.2582570971125582,2.5018909521381083,7.101974918071606,15.184209566841902,23.941025495009793,28.73344821675797,29.56907304386041,29.111552871954917,28.7627925218773,28.453455717653302,28.349243252491775,28.567789639633784,27.026128008906163,24.312877528208908,21.981933233749828,20.35778338260437,19.101530872031173,17.826870458043256,16.35622998813585,15.033279496174183,14.026218535820238,13.199380929514533,12.578411946930155,12.267703651674633,11.957538537429938,11.561459015323486,11.167428619887565,10.85397382687041,10.609193915704308,10.403625503084095,10.213442975768144,10.017271971661089,9.788875241415194,9.479737150764972,9.043293796032204
952,0.07408214071824311,300.0,0.0,0.0,0.0,0.0,0.0,0.055048202302208714,0.5295222600470412,1.3679813858309875,2.6637333890777932,7.290200865637419,15.291621865384217,24.08913658916808,29.130299560322168,29.93922257159334,29.219839711371915,28.710871376103896,28.48155731931925,28.67423118216238,29.116187886597224,27.521691084126306,24.75127525219536,22.21994542252241,20.384865802498663,19.17049681157949,18.0809434165565,16.55852044526937,15.130224223603328,14.146311963197231,13.48918644957797,13.003319169274882,12.59085285151332,12.120237436360128,11.682634468268498,11.32652428307425,11.063795967574686,10.873800832294792,10.729824199415981,10.604909200071795,10.472890266742043,10.298241714302169,10.006872945717577,9.526314070998566
953,0.2320759903537386,300.0,0.0,0.0,0.0,0.0,0.0,0.0490730252952487,0.48350264890839295,1.2668722295804027,2.4926408485594913,6.878719251408523,14.252263454317312,21.893687094973956,25.943054531750057,26.89297653284367,26.78988966500114,26.411947262056575,26.010026232986647,26.337353404129097,27.28740218871463,25.695719504509817,22.825813207073452,20.744269970840648,19.351957200770023,18.178111795948105,16.884336895066202,15.38179206140424,13.90480085644211,12.729178341434757,11.957302036242847,11.379912744683562,10.899705925794285,10.53056075103396,10.23662759161855,10.015371580053033,9.868070711422817,9.760615769903971,9.655719323919604,9.532504535056447,9.374782397434709,9.16095382098551,8.846223702325304,8.388861534346418
954,0.14060339789782247,300.0,0.0,0.0,0.0,0.0,0.0,0.0525877328851224,0.5175786119399373,1.3553091021019827,2.6639492623502927,7.278213900368361,14.86181177205252,22.898498198077128,27.62472612137958,28.798435231718116,28.373645645835705,27.81455567084713,27.437111665647695,27.899621242255282,29.4247083382548,28.322177084925297,25.019996929047444,21.615458512606924,19.35531589130793,18.104948598475954,17.220917036893457,16.14786708386656,14.922224858271917,13.9993453085746,13.41878533507808,12.866229500931828,12.362317970433935,11.976127633684724,11.585552867328543,11.200432224153316,10.863500227014427,10.58291999610851,10.355464333931407,10.16466472788749,9.992053594274113,9.817863875606113,9.613650153901245,9.351079684567418
955,0.227751480532414,300.0,0.0,0.0,0.0,0.0,0.0,0.04864424956519279,0.4882685533477806,1.2934689809316582,2.5670598489668994,7.205753546821626,15.236254459041975,24.061101217877514,29.02139289291517,29.796530544972736,29.05505648779474,28.380384839679703,28.32969132685883,29.15198088316819,30.85076165839732,29.0055989797051,25.575063927344466,22.81647777103349,20.70312915735437,18.94804099474068,17.409852593968605,16.009426927733006,14.976153362612472,14.36076766332518,13.868383964286279,13.347055076038629,12.86120510326995,12.300404750652593,11.732000087534844,11.239538568613357,10.870388517352175,10.606143838121277,10.419069175601933,10.292131719284384,10.211872154392967,10.176103049225976,10.22430106101767,10.408702078485609
956,0.2147652016296382,300.0,0.0,0.0,0.0,0.0,0.0,0.046079798663274225,0.4851483833143418,1.3216201461071722,2.674648323021595,7.621441135114236,15.961145808080946,24.762883339410585,29.631736608604577,30.59458663222393,30.18559324962575,29.68937835696434,29.483844359604923,29.826545688734054,30.989262550329773,30.209652010578097,27.473852799637374,24.585401483010994,22.3029354435357,20.617890833033286,19.199904298926626,17.672421092249262,16.051639112047937,14.818632786618466,14.06122460289948,13.48274347956923,13.077352690009285,12.844654230577717,12.622933113758512,12.375907757658354,12.11292097080323,11.855560789031397,11.619574352126962,11.391416045254767,11.151637454421039,10.870420976477856,10.475227014144746,9.896298565585772
957,0.19073918689045746,300.0,0.0,0.0,0.0,0.0,0.0,0.05875703281966265,0.5624531372333369,1.4490597784635926,2.8174655306876066,7.6947781849779044,16.031257271119944,25.241316207673645,30.439108576437526,30.825380019249042,29.69325113643124,29.20640546067088,29.00272792419324,28.98924016799211,29.31169294112984,27.604255016369905,24.931963669460817,22.625582286648296,20.56062030667384,19.000087299115254,17.89959390351218,16.74125547936608,15.571499290328946,14.389636290020754,13.275958146557578,12.438655764358572,11.900912391429257,11.413654294095542,10.917781349319808,10.49175774788374,10.199753120453222,10.014256021391004,9.893827189556413,9.810859156396793,9.741751712388782,9.661477944222174,9.537262743643986,9.336300178336332
958,0.14048435490548458,300.0,0.0,0.0,0.0,0.0,0.0,0.04950348289364567,0.4887022718789867,1.2821195149320384,2.5291516298568673,7.134278971618737,15.366111640665839,24.476744816305587,29.282503507488066,29.53793982857858,28.434320678617638,27.86118142009602,27.833947451458307,28.445229802567013,29.67059366296611,28.150549629028504,25.523563444307516,23.466510583164105,21.676039220760476,19.86836073552211,18.158698674505953,16.833124098639942,15.860024774193946,15.00877908647765,14.160729359273098,13.320802795597476,12.557001673845681,11.937008400710415,11.462932926833558,11.117760588722033,10.883278047043015,10.729952553588772,10.627339309101979,10.54491271813909,10.45274848603081,10.308543894769194,10.020679904034845,9.499871561924499
959,0.255789572585778,300.0,0.0,0.0,0.0,0.0,0.0,0.06135255922986776,0.6033803188019191,1.5792695471890938,3.1036386882537945,8.484944613854491,17.229893523065712,26.218885475613604,31.31352779384554,32.484587998370515,32.197667271619785,31.796205473060233,31.027098495739004,30.596960466496274,31.043820541997086,30.13074377173117,27.562492489440494,24.908202826079837,22.38213836828058,20.39177606238789,19.0725274256656,18.056988956900256,16.874761818567436,15.568771486447156,14.449508779209507,13.672867481702509,13.249394944158926,12.973423974714025,12.638296070625827,12.255780546617654,11.88300507227301,11.556797573916247,11.297242033167027,11.086173237026198,10.898100916170057,10.706108033980698,10.472538724296943,10.160308797733322
960,0.10900733406632429,300.0,0.0,0.0,0.0,0.0,0.0,0.05079095009112649,0.5024934797476415,1.3198484804193804,2.6022525284937275,7.2174800650398945,15.036580057560919,23.34646691390247,28.01763997802233,28.793589604613498,27.961514851587573,27.23718099079585,27.03711411175218,27.792083679591894,29.255325605121936,27.490905437241253,24.207314151792303,21.529598799117043,19.587652042651698,18.246297699264225,17.218545610061273,16.17666057571355,15.016291481717516,13.961205601060069,13.071169423599994,12.28079768053068,11.734796853060624,11.42271467145136,11.190561920076252,10.989311355573022,10.805836922253338,10.634186306188449,10.469379944910566,10.303295937547642,10.127403297430591,9.929683277550277,9.68345745434477,9.36153666144819
961,0.18243582823247612,100.0,0.0,0.0,0.0,0.0,0.0,0.04992638620794641,0.4907803381960012,1.284164693756563,2.528347279390206,7.186191164322144,15.774949149151675,25.489504426040817,30.95216954999538,31.19993801170114,29.82803018268463,29.367480488605757,29.32652828130879,29.136282584052008,30.46142109383088,28.425957646681905,24.964789709819204,22.930966461256165,20.83887271293116,18.664163980524272,17.336362978239457,16.489127458499322,15.438250990003585,14.367221381202766,13.483813363150862,12.74416392803612,12.215676974913997,11.964944577566008,11.847461417599067,11.716245934972028,11.476129405888708,11.173629836200083,10.874391707640369,10.59728673015283,10.349377391014816,10.132193681479551,9.928204207199133,9.716598179575126
962,0.19457131143034814,100.0,0.0,0.0,0.0,0.0,0.0,0.041549945018727046,0.4186972833589538,1.1117496538786926,2.214498798566768,6.43807322343161,14.431296645423549,23.32327150981394,28.149673281019478,28.41223133651383,27.352747402159387,27.052664915907492,27.041651695609254,27.308721561431355,28.485940119779013,26.68336181451705,23.739405984960804,21.542447160967836,19.385301338908327,17.733642921932265,16.857524327196657,15.958722370094282,15.091852177388317,14.184279941259653,13.21564192957086,12.352182259219394,11.616706586642549,11.12907221077933,10.782130865210801,10.52928690831682,10.352881486292231,10.215396052675585,10.080137988262086,9.92741508663292,9.742404750115066,9.505996828865504,9.179972925508466,8.728678929431556
963,0.18384738010910853,300.0,0.0,0.0,0.0,0.0,0.0,0.06247310143068162,0.5678274128015002,1.419124074914581,2.6993805206164576,7.18401586369448,14.767891978958277,23.048485445649494,28.01605078938901,29.280414413922706,28.972485378561146,28.466105747427772,27.963432001027805,27.87867044203395,28.765677204429362,27.732686196707697,25.16599374302529,22.876380718147058,20.659411463511802,18.817659499950867,17.4890337544116,16.19641714819111,14.823606706032272,13.71025036717096,12.953242521705361,12.369644427649227,11.8910360432507,11.451929997931881,11.071671271513972,10.758263974403894,10.508404296329168,10.309987575694455,10.150016965743603,10.017112329587206,9.900726255081224,9.792597989394595,9.691901150661467,9.599554987854557
964,0.07554299844864307,300.0,0.0,0.0,0.0,0.0,0.0,0.04668176728929976,0.47035639389584827,1.2487073408849738,2.4798698607540532,6.9047870806381235,14.388803284841645,22.547686237383797,27.37473313826251,28.33406457093455,27.735421002529673,27.168844651653426,26.846782959143948,27.207279323810194,27.978817184942052,26.274223326004567,23.33202596679522,21.045881712409148,19.294484351957006,17.976273466082063,16.93703858400017,15.78286624687829,14.502711494510617,13.398964675524402,12.720599650605058,12.363422626756465,11.962329609088018,11.397540566091518,10.869076312316485,10.447877611565577,10.142271597945808,9.915144211984561,9.727924339346771,9.565508775465384,9.418811458734018,9.274762391319493,9.103306211151631,8.87242533560282
965,0.11117862676277264,300.0,0.0,0.0,0.0,0.0,0.0,0.0434668537061274,0.4450728544419587,1.1928772623072992,2.387794723986426,6.779707475455387,14.376432595967598,22.59722608267702,27.026927111555242,27.45257337469171,26.49049897764365,25.847511835882823,25.792325784985973,26.378879047842627,27.87046666468145,26.430938827905095,23.22868760424937,20.699936095533367,19.053977141453345,18.004784344225012,17.18689490510372,16.07505025265761,14.786243292367766,13.641942289157468,12.805001475613235,12.278275004507433,11.878332849302408,11.47565949859224,11.03352698372325,10.61343420199962,10.274961827512017,10.019293472713612,9.83288741726819,9.692274305257605,9.572958268987724,9.442168599496478,9.231241713183588,8.870009586107777
966,0.11828407550055073,300.0,0.0,0.0,0.0,0.0,0.0,0.053162280934858565,0.5326591344546263,1.4095363678202661,2.794570182212345,7.8152083966710135,16.378469337096703,25.489724401169624,30.454370821634132,31.082395113877684,30.203862963571027,29.688727309013256,29.56663495990331,29.63425492802644,29.934626651965967,28.39283172072948,25.644010360777173,22.84274749710452,20.507833259777268,18.826464670501323,17.763185395356942,16.788649200074392,15.542981449497834,14.501476602241995,13.788179151806103,13.085392904565426,12.447905632739225,11.968834276094816,11.570559966041428,11.246452228539287,11.00815330259518,10.83405201517011,10.698362160495684,10.583970812799857,10.476288432947022,10.357236072879413,10.1936694020901,9.95104618316659
967,0.13433351380870598,300.0,0.0,0.0,0.0,0.0,0.0,0.03859849551485617,0.4153019408330062,1.1460653311062083,2.3457613951658396,6.878307823624541,14.768905310528782,23.40576282417898,28.268095047214008,28.82732316139719,27.984534905201777,27.57109890909733,27.347323839360318,27.12922302561819,26.884048515028635,25.387021945032338,23.096908109316132,21.105728129961644,19.464946270636656,18.373505585762647,17.47528533831836,16.094739136529295,14.556950306897116,13.38727356560093,12.66972210212423,12.099638105015824,11.615666298730405,11.312471019510397,11.007638237720737,10.691149716761942,10.406563028297086,10.166483678374298,9.971469288877083,9.804528077136053,9.645547475627007,9.468593510776186,9.222087004200327,8.854379911028774
968,0.15101910797693363,100.0,0.0,0.0,0.0,0.0,0.0,0.10644530680564919,0.8066685065724051,1.8118488714899783,3.1918427470053685,7.930994658217053,16.46022028111077,25.987953470412396,31.713377637065584,32.681378618213024,31.25815329850083,30.550196621453736,31.04198153123312,31.008853158835066,32.23977167543275,30.93015367095666,27.714690804888797,24.867396653705512,22.529257902703414,20.889928263857698,19.714182231644624,18.519966885676702,17.449256022821128,15.987669174943687,14.717765094543463,13.948123979854207,13.684310999066874,13.500519003595459,13.14751167044553,12.692241317674887,12.245503503072385,11.866156929682791,11.582768984840131,11.367086781062941,11.180361295699756,10.995665994984137,10.82336810909423,10.681923080890487
969,0.25896825757390546,300.0,0.0,0.0,0.0,0.0,0.0,0.04603574027739388,0.44704097317535557,1.1615562759520552,2.274358770554852,6.303983595862007,13.319462963009512,21.283125710846953,25.89719208102816,26.507778463360623,25.806300045018762,25.53330776044447,25.63985756013211,25.69896037814988,26.050930331864933,25.06471910419266,22.79515216068376,20.44905003512652,18.40268343905305,16.859114891215842,15.635328551921711,14.54788025986525,13.761039597615422,13.000663906084888,12.098542037943925,11.303175526594263,10.821822761532903,10.521190573393286,10.245462774687377,9.97862109570845,9.735868206787869,9.530126877319038,9.369015774984211,9.243792564565258,9.14246636174059,9.054534037077676,8.973239585957845,8.892857259920795
970,0.2449895429106943,30.0,0.0,0.0,0.0,0.0,0.0,0.06933544317606734,0.5669701020194291,1.331011337215044,2.429270356728685,6.7954692069401395,15.850796042080285,23.384622347688712,27.489550410312713,29.625111056899343,29.53507577586081,28.65592705063367,28.735911927195943,28.768344386139795,31.992550801187413,29.610117328361934,25.14414696015255,22.73155385169379,21.044579065261942,19.87049232728434,18.65893857219454,16.99670507089748,16.142710432972628,14.83069848993622,13.45584928178168,12.867601226388267,12.585166117566153,12.322520709938422,12.019982821603994,11.686397621639294,11.342099278707192,11.011804855717171,10.713450401133027,10.441627600631163,10.18617666522972,9.95516446255889,9.824206155693549,9.883955130086154
971,0.11450486132994624,300.0,0.0,0.0,0.0,0.0,0.0,0.036910216820968754,0.39879399681810296,1.1030893342666697,2.2597312313571543,6.619884052989899,14.386268794384476,23.104862128246225,27.95300068311931,28.56735292811941,27.593425950133263,26.919312761725894,26.82739987264687,27.34508362895835,28.486332679806164,27.179903440225377,24.413258536274654,21.937687560544394,20.1547008756654,19.022296625799004,18.106584119026362,16.73672216753211,15.230191959835082,14.096037127661857,13.30770966112468,12.643664355653883,12.127999641200638,11.664414297333115,11.225718297751614,10.844235948880659,10.546108572347817,10.317596011483772,10.1365808153322,9.978479599105313,9.819223180410157,9.626665889971443,9.334338785749276,8.877490546368884
972,0.11527854109224146,300.0,0.0,0.0,0.0,0.0,0.0,0.04014304304993858,0.4291535305697888,1.179789630674768,2.4087146837548548,7.1088574693095845,15.608900968150355,24.804389021199786,29.724717161053157,30.157757330281154,28.918126534262743,28.230898726639726,28.319530691529092,28.624383127824483,28.953087154286692,27.107992522256904,24.05048201428796,21.745706095641758,20.241832047368362,19.09310397027996,18.06048213218167,16.804885845525845,15.324746185809571,14.062087560050228,13.15968432013431,12.424299945467109,11.797868901330478,11.414523627253022,11.099808190261262,10.799406896609279,10.515460411027405,10.260230779355714,10.043881951050905,9.862455059046043,9.709115066887923,9.576482601154353,9.453449150461624,9.32841814123082
973,0.24225030791251792,300.0,0.0,0.0,0.0,0.0,0.0,0.04912444331026868,0.483701127095958,1.2669444100127305,2.4930658742484417,6.912694643284904,14.493193091134298,22.759202989243548,27.556434510987394,28.762332971736413,28.331993240322195,27.492154695629758,27.09261736747787,27.150129618111134,28.21972510300837,27.554536840999305,24.858743947658628,22.065490357788054,20.141893065796346,18.825106058534384,17.480245315673017,15.929222704409165,14.54383498120074,13.704511847246422,13.312759539007223,12.937691394989901,12.422978923460596,11.93474540776917,11.512676263051869,11.168954244468207,10.911227721815077,10.713459865711359,10.54657983557498,10.394099559406799,10.243043768043401,10.080816796404017,9.894471532034276,9.67186822929734
974,0.2155077975901644,300.0,0.0,0.0,0.0,0.0,0.0,0.04830132446928342,0.49271527051088715,1.3175873527327902,2.629892955632226,7.321600935884945,15.067977589474918,23.504914806199682,28.64064188191722,29.65174419105004,28.84335807484222,28.111513383922702,27.82137280698399,28.482212515898635,30.58732605078912,29.45343694109792,26.436749750627452,24.072205606831616,22.347790851530252,20.674691941395864,19.053177684302682,17.464750289063787,16.06538756053181,15.027372251522424,14.258865814149575,13.689169496234975,13.421045536605403,13.170596606477117,12.753743272827831,12.257488053373768,11.796379371164216,11.411487671117632,11.11627600958858,10.890214221107945,10.707097305860383,10.541147814967374,10.361369618059845,10.137182858673016
975,0.10374952328603679,300.0,0.0,0.0,0.0,0.0,0.0,0.05826353944277706,0.5430635612488571,1.377300586263629,2.646158327701073,7.111497706339532,14.759970401765925,23.273263251544467,28.311118921153593,29.149222609133343,28.40859148048379,27.878713489552606,27.76926772139232,28.222930567727236,29.41185094035292,28.243820428313317,25.125676187679687,22.291605654335605,20.47898998927993,19.148293670258848,18.034176805587535,16.79724945107678,15.248488412564061,13.963988487515628,13.34136244062898,13.02587057148564,12.534580823749566,11.912183858157466,11.290632925332666,10.765859962620931,10.394844071485796,10.148771175645159,9.987402846229575,9.884009232702951,9.81623560674209,9.76821067482324,9.746100680932138,9.761541961751856
976,0.1294639466714449,300.0,0.0,0.0,0.0,0.0,0.0,0.055049549768212865,0.5325283962862136,1.380466875843627,2.6961131342458358,7.391808642822645,15.39606370612117,24.334666923360583,29.572766979526516,30.16130125169604,28.98509064273937,28.252396394313635,28.28518562012532,29.198107921734056,31.10163144953297,29.78851967613927,26.5748212714502,23.65372135143228,21.436256138961298,19.74807050120614,18.30638465598664,16.97253756700248,15.830835261037127,14.702544375365985,13.714878972345796,12.988539581006153,12.52873058139028,12.207136417695317,11.843806436654427,11.479200389771764,11.186195490925739,10.961313387157066,10.78492160779985,10.638853514761147,10.506021380113447,10.366073609581225,10.183588800732432,9.92205852531001
977,0.07380631937504552,300.0,0.0,0.0,0.0,0.0,0.0,0.03647048497014355,0.4073315739317615,1.1488168087728705,2.3859696436869227,7.05254642227569,15.073415440537646,23.782241702476657,28.6974477454797,29.434339396034204,28.756118938371284,28.24164564016417,28.16448224076636,28.501761170160684,29.314608165434354,27.72442360855122,24.86466535714862,22.332537942832033,20.39284038198256,19.1505710536559,18.082120337040323,16.61474171055264,15.209363361385135,14.381711974252632,13.747045501110598,12.889422818444876,12.086006965849831,11.614988137254317,11.3196453932355,11.116129483679622,10.968984106272815,10.849324763299345,10.731815786359123,10.59673606682947,10.426447409116648,10.200545475858782,9.885186796227869,9.44917815857146
978,0.41050392114803885,3.0,0.0,0.0,0.0,0.0,0.0,0.05989752486818663,0.5540424944570398,1.389560426599895,2.579072113364298,6.9334302613697885,16.495474034746877,23.376912090589613,30.395552731070975,29.568728852278053,31.183655678223257,29.38017362992298,28.981440944434016,28.27889509364836,33.48638520042722,29.928324204770185,27.134295583095252,24.29133440383871,22.113640263998033,20.04776358044229,19.978698193296964,18.151976342403238,15.966675684820439,15.843634667250193,15.054457984282296,13.011765000780096,14.016298150652487,12.423849730918421,11.7411086830861,11.833886838974214,11.494537375485603,11.038597822143277,10.94560546742075,11.069426615235605,11.121809620075952,10.893274085349026,10.507565857093569,10.157755222938832
979,0.22131160105109562,100.0,0.0,0.0,0.0,0.0,0.0,0.04122895133008374,0.42905097972169,1.161184038835747,2.3505585843020103,7.075719659820115,16.00293068209093,25.30054383716248,30.13759150965787,30.822289075169326,29.76048245994943,29.241549507078002,29.661056236855668,29.35536554627499,30.099967616046495,28.78312679560386,25.678257241421782,22.743614684262553,20.940476890515413,19.86174970856844,18.711151288014463,17.480400112294078,16.325660574681674,15.09819827226106,13.788076879609333,12.881463954044477,12.744884760054747,12.73232568436808,12.41295952370758,11.9139535500237,11.435052822125185,11.05382359885196,10.800316513209346,10.645036544563895,10.548079847810007,10.470629686650504,10.368828684077483,10.199014607264468
980,0.11271135389041502,300.0,0.0,0.0,0.0,0.0,0.0,0.04072723393291853,0.43398285150975763,1.1907030746110339,2.4244128885276166,7.014983960698369,14.921216348831027,23.499586344300834,28.395979827184874,29.15390172822296,28.02806904659382,27.13936239852606,27.26362579479518,27.769420938854903,28.522528679884324,27.205169394339233,24.256483817841023,21.52293552443081,19.453625993595566,17.989919810262684,17.05219887996386,16.163986653531147,15.180907460341935,14.22709653010129,13.283848428321296,12.30821826000908,11.585620402026917,11.230932804481686,10.997066143051807,10.796290733803612,10.608286129229045,10.432962975073695,10.271962875666627,10.11567337430022,9.95224354479804,9.757283691707714,9.45710179992941,8.97752294790821
981,0.13568792991521,300.0,0.0,0.0,0.0,0.0,0.0,0.0497034860475468,0.4887673956049532,1.2792124440986956,2.5145611091672704,6.928636552304379,14.42600867404386,22.55267464495591,27.39137640096437,28.47773000117146,27.83561180181985,27.340182337627137,27.30049824987726,27.668551010377577,28.947181251819302,27.81102500884395,24.91048783156081,22.351996576543392,20.526200545884073,18.98531737463744,17.481946341808293,15.9829078111943,14.922447446537157,14.233895129879242,13.64024651084542,13.07031854061653,12.571272133023681,12.15290069536623,11.776569433092739,11.435678617001193,11.132182123605558,10.861729535181219,10.618194961561239,10.393385491491244,10.179083201051998,9.963783909997193,9.721804857889081,9.42645754918326
982,0.1328357650961375,300.0,0.0,0.0,0.0,0.0,0.0,0.045018659721852,0.46004348893821023,1.23149341523501,2.4605243747650793,6.881318718056253,14.203007821032923,22.048494276192116,26.72360641036554,27.624591014049763,26.806629143353412,26.11359967049162,25.991707432461144,26.464874740652228,28.28387794339971,27.360284251019944,24.27826505205623,21.517624593791098,19.834024457185578,18.990083668860148,18.21332440498235,16.64746405384391,14.839005942562084,13.624712317894707,12.920511485323807,12.254760578760553,11.66526845895918,11.230146825512598,10.903193308752112,10.6599822877797,10.486464318149029,10.357029781783694,10.24628596028591,10.137014726913511,10.014379619561678,9.852886396932773,9.584814866081889,9.14193857091546
983,0.08931030233022969,300.0,0.0,0.0,0.0,0.0,0.0,0.050438569110045094,0.48564932091839663,1.2554839150136603,2.4485502559507784,6.776173089166411,14.411040517778359,22.908017493293855,27.894919292306504,28.614521026707678,27.688744263825253,27.2992287434137,27.431970924639398,27.624510886820413,28.67678245634279,27.481792912310937,24.477623490500473,21.664308084890276,19.66963234589088,18.403268112710908,17.34430559099569,16.07659393157519,14.793190122702287,13.711306708324555,12.976184586559038,12.498092654385436,12.096241434229459,11.677768474700708,11.233920442246848,10.826130892675886,10.505382186847664,10.253968558130076,10.043132828498926,9.85452618629895,9.673080911956333,9.490675655470689,9.32299281334543,9.19032081431323
984,0.14097255818168342,300.0,0.0,0.0,0.0,0.0,0.0,0.04598414599763657,0.47323812241666485,1.2721760319130955,2.55194015215599,7.233109777755483,15.174802686364961,23.791706156835264,28.873496350814843,30.031515233632355,29.912622704701512,29.647053679954713,28.74993113977798,28.485150257813732,29.157894088262537,27.774706915409574,24.790967570548652,22.20305894310231,20.467186339580437,19.228152046829265,18.048615819665475,16.732145561214093,15.447146157968534,14.318473186900073,13.437875982594969,12.84597982308452,12.400966356948,11.936579668681096,11.480930097693292,11.082028189198077,10.765834616103584,10.516287198016462,10.3111299371198,10.13554487452477,9.977138713192893,9.822085243584299,9.648760324968865,9.434991668555321
985,0.369941935674287,300.0,0.0,0.0,0.0,0.0,0.0,0.04862090497282049,0.4633213175262308,1.1903764497043965,2.306475846507381,6.167691774139783,12.38336343085309,18.813092058789106,22.712793422246982,23.997690886490755,23.835244207933123,23.144249469850962,22.778113216297797,23.24212327285103,24.48081805267679,23.432631930456065,21.150297503982433,19.110432258343998,17.63452244833277,16.540387338371648,15.318865543225712,13.803220454228388,12.545072090678762,11.711748265415647,11.15201335675461,10.71403745748588,10.37910750213613,10.148100082828206,9.890538034398496,9.612969936194146,9.354466858749088,9.118623719470264,8.90081502440384,8.696340653427653,8.500728636803753,8.313965656739567,8.152234400294086,8.034511019234513
986,0.09063070973737836,300.0,0.0,0.0,0.0,0.0,0.0,0.051108933346337974,0.5090202365658436,1.3421737093472643,2.652328767989365,7.3332639554898,15.161289477152335,23.67260098226162,28.658001745358337,29.372980511638684,28.455003282095227,27.97412983351897,27.938106910319735,28.235947792202726,28.822263006544638,26.958273667291678,23.748197076815245,21.37631947282596,19.881839538102774,18.732728147343607,17.65626143757344,16.380309764694537,14.912877511492457,13.754427879344263,12.995743115281995,12.372097308842687,11.852915914174945,11.493846548135046,11.122880847492764,10.738183388355894,10.384367920799706,10.07141239838533,9.800910285588774,9.573957121877202,9.391617119457859,9.265543263074582,9.248783993849955,9.40734903934005
987,0.24840960024814684,300.0,0.0,0.0,0.0,0.0,0.0,0.03637001527410938,0.393559684592659,1.0896372644764578,2.2347390667426867,6.559959489664608,14.079223457578703,22.09089146382692,26.385352527260483,26.978630251556016,26.350686330693687,25.867178557297592,25.708293715214893,26.0713466756658,26.929601593420394,25.62501096630577,23.178406869346315,21.007723574745242,19.164793646193896,17.61755714881471,16.229236617737744,14.760417839936416,13.473541957015627,12.683137657490686,12.279003377945234,12.038448097061803,11.679020861903341,11.083154143722629,10.478277261540146,9.978357629995546,9.619041541264163,9.352350655460834,9.126913466606721,8.931840523115472,8.765846299709086,8.640241986506382,8.615443953359538,8.76621273002978
988,0.12052871864409392,300.0,0.0,0.0,0.0,0.0,0.0,0.03837843054655741,0.42264118956741725,1.1822406352317378,2.4423159248315622,7.214189609251753,15.465066401708597,24.222124682202256,28.991862065493844,29.83375191754347,29.218861060881437,28.491523881955317,28.22376942271165,28.6730919950918,29.670127266613846,27.93034373468056,25.119050646556342,22.96937631927065,21.234499235955703,19.84920928347453,18.723696719941707,17.314090146372497,15.695226985931717,14.281425190538739,13.21533790762666,12.411003972060666,11.94607053654321,11.738733406156896,11.545112183261114,11.33650892240252,11.141421526639173,10.965872038987465,10.807674497303028,10.654091536871231,10.490396925213782,10.30032512311905,10.059616037178643,9.744695168713298
989,0.11261857220366557,300.0,0.0,0.0,0.0,0.0,0.0,0.037522201311283705,0.416860692680754,1.1720825895933547,2.4290807621138106,7.144846584839219,15.074916910502214,23.298651015717176,27.923233973225408,28.74566679052714,28.039932165020122,27.524983958231104,27.35294769045331,27.828627232988296,28.957810004828865,27.47810452398628,24.86612971737384,22.849932794942443,21.22827567159733,19.751586365574227,18.23268975704879,16.49045218379091,15.07032780964228,14.076888078052216,13.458591094379965,13.042845897347206,12.546596306894868,12.04998647230754,11.635345017973194,11.308710121985138,11.059466428875574,10.859979997787232,10.682921234958362,10.512494593809558,10.336197460524408,10.144077989262417,9.933967467045097,9.705701295268785
990,0.06992812681457783,300.0,0.0,0.0,0.0,0.0,0.0,0.05217147060534294,0.498572046291349,1.2832402654376842,2.494716087935209,6.860264402904563,14.412829873231326,22.52633634217869,27.02078702510352,27.909148420933665,27.540115575857374,27.15240857994868,26.831854530543833,26.981814779040175,27.773551292108586,26.539286424601496,24.067039134166208,21.74007267681789,19.71837918446485,18.368836446760422,17.373965630055018,16.033046589507897,14.669154169963479,13.624454272174482,12.837298956223366,12.090401124069235,11.43852128660832,11.053848264121427,10.770725464972495,10.517903287332182,10.27695420391943,10.046217523674795,9.828455969782683,9.62880508290178,9.452573592393763,9.310976919698334,9.239742229192462,9.280846233649418
991,0.1257297835727523,300.0,0.0,0.0,0.0,0.0,0.0,0.041004093989818045,0.4410498456145812,1.2168328357880949,2.4886823475881554,7.248872451230523,15.361837042499833,23.853228794001385,28.51284600578326,29.35516750028802,28.95070099018859,28.68078127491506,28.153750864628442,27.954779657784496,28.461270691849972,27.18556757841049,24.28147566225925,21.806079728573085,20.34717534450414,19.09518990458792,17.610954139901075,16.205105871080523,15.140906437978986,14.315144283153117,13.607836508409083,12.930788670392145,12.388677982025257,11.942704962709204,11.447518320682025,10.955917241462426,10.549727656538224,10.250999357092242,10.061600768127471,9.956655755387626,9.907257079118777,9.884615559390898,9.854100016760082,9.779920584418317
992,0.1702119641893731,300.0,0.0,0.0,0.0,0.0,0.0,0.044502922029993744,0.44239736622673465,1.165359335106171,2.3046113669703074,6.474494889481424,13.78402503551103,22.10461777971696,27.000376402165084,27.7080666329262,26.791693991317207,26.193659281060828,26.20638754752064,26.508295638855714,28.134770324987855,27.23942794376895,24.02667249381521,21.25829586901932,19.416427985254423,18.255625530259515,17.43110306408279,16.303707377153675,14.968424609976623,13.82100280126802,13.093387813354475,12.713134338769546,12.40565753183081,12.009811267690095,11.506237588424089,10.989929518767353,10.54766897426308,10.192663695188,9.917937886819363,9.701125506719434,9.518296666662916,9.345730300760723,9.15422194196538,8.915246241190014
993,0.16841719500847302,100.0,0.0,0.0,0.0,0.0,0.0,0.04755636753297857,0.4456982096199532,1.134116184405545,2.1907701711108025,6.184967783361508,13.867417703974942,22.20132538198844,26.801137261982834,27.49733447640779,26.60135807340597,26.158130779335615,25.96873346564689,26.40899074220542,27.630216468363056,25.484546385493925,22.591232207544756,20.91452666748481,19.253898785371373,17.81583937029306,16.746505064895814,15.370680282759754,14.143467196912383,13.608156139529823,12.738461721254644,11.58248884319518,11.153705056899192,11.004302308454374,10.751432067198653,10.425002515314166,10.113254328907209,9.845729318549257,9.632437751737939,9.465132451898493,9.332164888885934,9.224614853364752,9.141311566191769,9.083022640353168
994,0.10419426285497252,100.0,0.0,0.0,0.0,0.0,0.0,0.060441018559748934,0.5484785931639808,1.3692891889525824,2.5998353305108846,6.894014984636161,14.456986203773024,23.391185860807,28.509129973245717,28.549164445968888,27.28768733496392,26.796188381926658,26.74673060570132,26.865225097460197,28.888177672261683,27.726440548597786,24.517742399288142,22.029153710257,20.057010919753296,18.717083473653634,17.83090598332408,16.409806308039794,14.763028270980755,13.758607178922485,13.218063056410285,12.724765350221592,12.307714647454358,11.707220647757174,11.130306184677794,10.687278853487978,10.39950355649243,10.202311727172495,10.029221806258294,9.866094860671405,9.711302006597702,9.584125933877182,9.586218693521698,9.84427840688166
995,0.15182520818590745,300.0,0.0,0.0,0.0,0.0,0.0,0.04051390205211507,0.4267641316195209,1.1629908453937123,2.3557259815309473,6.772921265838773,14.535639587368212,23.369737751160052,28.530099531300742,29.22878434776145,28.216599008790983,27.46127381651481,27.362502303875956,27.92192399260045,29.197464904778762,27.8100538081362,25.018301695605974,22.698135783655196,21.03827471623787,19.87104991368428,18.772246937771886,17.315087392927264,15.669419610358073,14.283889605952737,13.355838557665104,12.736252400229985,12.258108744193096,11.862488220113804,11.494183830098091,11.170714364534994,10.915011207695693,10.702974499090896,10.507098891783638,10.323653342300696,10.154432696168255,10.007058778233883,9.912530778330344,9.907116175820397
996,0.10765494362370708,300.0,0.0,0.0,0.0,0.0,0.0,0.03733915168168389,0.41290640487985203,1.1577450643354892,2.39289978388902,6.988583439099271,14.834606243225203,23.481221820313298,28.468679104677186,29.353031124296763,28.870078315419573,28.352314488484538,27.84378287768617,27.872178650809676,28.31022612108244,27.032906252539945,24.620084425396364,22.138962605988958,19.98688685995209,18.51504053539684,17.396045468981615,16.112306090032103,14.873544118644036,13.855177373607212,13.02080341804633,12.42585145712331,12.033207863813779,11.70559991253187,11.381453040412133,11.078086230441823,10.81544666468277,10.576826318048623,10.341153400242158,10.099796014964896,9.847462796754964,9.578622339446964,9.285438489846971,8.96061707136973
997,0.15181448555030067,300.0,0.0,0.0,0.0,0.0,0.0,0.0456456512670149,0.4630543141943131,1.2343315600060978,2.4617967310899145,6.982420065353268,14.79446749408921,23.037259670341687,27.626725570960605,28.524504723210764,27.806859468437676,27.086542546426138,26.910505819408897,27.219918331023944,27.820240808191027,26.231965712577544,23.706133665541063,21.48950934531988,19.58774161197212,18.45293350248067,17.91937272409324,17.10382236032663,15.754517396949273,14.269513874818585,13.0573053211829,12.285193496331894,11.873273749137656,11.423026210837655,10.891943304299662,10.410891057257782,10.078331050958258,9.868367553124875,9.735560670773697,9.650148741637585,9.587018625512247,9.517555822052595,9.396668691059018,9.177851285405387
998,0.07924062779886666,300.0,0.0,0.0,0.0,0.0,0.0,0.04776946010703992,0.4758204322770927,1.2547170949809112,2.4792441449488916,6.851982023029734,14.226080629821793,22.29848655052937,27.02551741878338,27.741819134507637,26.90422301213804,26.3211199454063,26.215961044856954,26.8899216623801,28.563736306081175,27.116653701792735,24.181609700696026,21.925012884712803,20.193883191133562,18.81136153524578,17.604191667212195,16.26219279182815,14.973139495276365,13.818972915045206,12.88788792792397,12.35142016039538,12.159949964986092,11.836153748997317,11.367238959421904,10.882874231711067,10.477410981424041,10.163133228693999,9.93250405330417,9.770146218095308,9.660396338330422,9.589477521179298,9.546062158367368,9.519656410705666
999,0.72372313933907,3.0,0.0,0.0,0.0,0.0,0.0,0.1175746015913162,0.8230414075540676,1.7514519816845875,2.878902722670604,6.952028109989827,17.049575368228528,21.418784583555862,26.00328233594302,30.18918469759479,29.64000530602365,28.500031381043463,29.37969484290765,29.215292353567307,35.579136024057696,30.066759222746512,25.543674742779555,25.524393565401976,23.35004622295181,20.010581159658795,20.523342495211246,17.655687561281884,16.326263281321978,15.569673726099857,15.301221684846285,13.435810139298153,12.583005642756785,12.666787281227998,12.69348844616277,12.468525969902341,12.068027381270145,11.726190520751508,11.610849487905874,11.558723383344285,11.333400250032499,10.821697987377553,10.32444048616301,10.191553979288928
