representative_rank,distance_quantile,replica_id,distance_D,energy_MeV,sigma_mb
0,0.05,560,0.05112270359407836,5.0,0.0
0,0.05,560,0.05112270359407836,5.242070116861436,0.0
0,0.05,560,0.05112270359407836,5.484140233722871,0.0
0,0.05,560,0.05112270359407836,5.726210350584307,0.0
0,0.05,560,0.05112270359407836,5.968280467445743,0.0
0,0.05,560,0.05112270359407836,6.210350584307179,0.0
0,0.05,560,0.05112270359407836,6.452420701168615,0.0
0,0.05,560,0.05112270359407836,6.69449081803005,0.0
0,0.05,560,0.05112270359407836,6.936560934891486,0.0
0,0.05,560,0.05112270359407836,7.178631051752921,0.0
0,0.05,560,0.05112270359407836,7.420701168614357,0.0
0,0.05,560,0.05112270359407836,7.6627712854757934,0.0
0,0.05,560,0.05112270359407836,7.904841402337229,0.0
0,0.05,560,0.05112270359407836,8.146911519198664,0.0
0,0.05,560,0.05112270359407836,8.3889816360601,0.0
0,0.05,560,0.05112270359407836,8.631051752921536,0.0
0,0.05,560,0.05112270359407836,8.873121869782972,0.0
0,0.05,560,0.05112270359407836,9.115191986644408,0.0
0,0.05,560,0.05112270359407836,9.357262103505843,0.0
0,0.05,560,0.05112270359407836,9.599332220367279,0.0
0,0.05,560,0.05112270359407836,9.841402337228715,0.0
0,0.05,560,0.05112270359407836,10.083472454090149,0.0
0,0.05,560,0.05112270359407836,10.325542570951587,0.0
0,0.05,560,0.05112270359407836,10.567612687813021,0.0
0,0.05,560,0.05112270359407836,10.809682804674457,0.0
0,0.05,560,0.05112270359407836,11.051752921535893,0.0
0,0.05,560,0.05112270359407836,11.293823038397328,0.0
0,0.05,560,0.05112270359407836,11.535893155258766,0.0
0,0.05,560,0.05112270359407836,11.7779632721202,0.0
0,0.05,560,0.05112270359407836,12.020033388981636,0.0
0,0.05,560,0.05112270359407836,12.262103505843072,0.0
0,0.05,560,0.05112270359407836,12.504173622704506,0.0
0,0.05,560,0.05112270359407836,12.746243739565944,0.0
0,0.05,560,0.05112270359407836,12.988313856427379,0.0
0,0.05,560,0.05112270359407836,13.230383973288815,0.0
0,0.05,560,0.05112270359407836,13.47245409015025,0.0
0,0.05,560,0.05112270359407836,13.714524207011687,0.0
0,0.05,560,0.05112270359407836,13.956594323873121,0.0
0,0.05,560,0.05112270359407836,14.198664440734557,0.0
0,0.05,560,0.05112270359407836,14.440734557595993,0.753196746879521
0,0.05,560,0.05112270359407836,14.68280467445743,1.3786380895416226
0,0.05,560,0.05112270359407836,14.924874791318866,1.951241997157941
0,0.05,560,0.05112270359407836,15.1669449081803,2.513667730956808
0,0.05,560,0.05112270359407836,15.409015025041736,3.072897223550809
0,0.05,560,0.05112270359407836,15.651085141903172,3.6311073401527687
0,0.05,560,0.05112270359407836,15.893155258764608,4.19191882036731
0,0.05,560,0.05112270359407836,16.135225375626042,4.762280972422572
0,0.05,560,0.05112270359407836,16.377295492487477,5.347221222655435
0,0.05,560,0.05112270359407836,16.619365609348915,5.947994370484821
0,0.05,560,0.05112270359407836,16.861435726210352,6.565971570432802
0,0.05,560,0.05112270359407836,17.103505843071787,7.202987679260273
0,0.05,560,0.05112270359407836,17.34557595993322,7.861498068318859
0,0.05,560,0.05112270359407836,17.587646076794655,8.544712584668003
0,0.05,560,0.05112270359407836,17.829716193656093,9.256722341822897
0,0.05,560,0.05112270359407836,18.07178631051753,10.002617982322011
0,0.05,560,0.05112270359407836,18.313856427378965,10.78752827095057
0,0.05,560,0.05112270359407836,18.5559265442404,11.615505696387013
0,0.05,560,0.05112270359407836,18.797996661101834,12.490893055168504
0,0.05,560,0.05112270359407836,19.040066777963272,13.418552722496406
0,0.05,560,0.05112270359407836,19.28213689482471,14.403942245802325
0,0.05,560,0.05112270359407836,19.524207011686144,15.453199012417953
0,0.05,560,0.05112270359407836,19.76627712854758,16.573236203427175
0,0.05,560,0.05112270359407836,20.008347245409013,17.771852430418836
0,0.05,560,0.05112270359407836,20.25041736227045,19.056465760296913
0,0.05,560,0.05112270359407836,20.49248747913189,20.42986358775629
0,0.05,560,0.05112270359407836,20.734557595993323,21.89282594365869
0,0.05,560,0.05112270359407836,20.976627712854757,23.44488976832793
0,0.05,560,0.05112270359407836,21.218697829716195,25.084112362728685
0,0.05,560,0.05112270359407836,21.46076794657763,26.80682392000475
0,0.05,560,0.05112270359407836,21.702838063439064,28.607376318279982
0,0.05,560,0.05112270359407836,21.9449081803005,30.477897356798067
0,0.05,560,0.05112270359407836,22.186978297161936,32.4086182467991
0,0.05,560,0.05112270359407836,22.429048414023374,34.39202699093072
0,0.05,560,0.05112270359407836,22.671118530884808,36.421514627777626
0,0.05,560,0.05112270359407836,22.913188647746242,38.4894405635123
0,0.05,560,0.05112270359407836,23.15525876460768,40.58710245756695
0,0.05,560,0.05112270359407836,23.397328881469114,42.70473432365608
0,0.05,560,0.05112270359407836,23.639398998330552,44.83152136573145
0,0.05,560,0.05112270359407836,23.881469115191987,46.955633314771006
0,0.05,560,0.05112270359407836,24.12353923205342,49.06441937795987
0,0.05,560,0.05112270359407836,24.36560934891486,51.14759998837114
0,0.05,560,0.05112270359407836,24.607679465776293,53.19791914657845
0,0.05,560,0.05112270359407836,24.84974958263773,55.20858861627535
0,0.05,560,0.05112270359407836,25.091819699499165,57.17322485866498
0,0.05,560,0.05112270359407836,25.3338898163606,59.085899119624905
0,0.05,560,0.05112270359407836,25.575959933222038,60.941180596186506
0,0.05,560,0.05112270359407836,25.818030050083472,62.73417240967446
0,0.05,560,0.05112270359407836,26.06010016694491,64.4605289666023
0,0.05,560,0.05112270359407836,26.302170283806344,66.11506221092782
0,0.05,560,0.05112270359407836,26.54424040066778,67.69019745688257
0,0.05,560,0.05112270359407836,26.786310517529216,69.17825759435203
0,0.05,560,0.05112270359407836,27.02838063439065,70.57182862948706
0,0.05,560,0.05112270359407836,27.27045075125209,71.86381980139764
0,0.05,560,0.05112270359407836,27.512520868113523,73.04752255536424
0,0.05,560,0.05112270359407836,27.754590984974957,74.11666770870985
0,0.05,560,0.05112270359407836,27.996661101836395,75.06548014695413
0,0.05,560,0.05112270359407836,28.23873121869783,75.89098121299614
0,0.05,560,0.05112270359407836,28.480801335559267,76.60033927045835
0,0.05,560,0.05112270359407836,28.7228714524207,77.20418111092997
0,0.05,560,0.05112270359407836,28.964941569282136,77.71402791554561
0,0.05,560,0.05112270359407836,29.207011686143574,78.142131326081
0,0.05,560,0.05112270359407836,29.449081803005008,78.5013254007277
0,0.05,560,0.05112270359407836,29.691151919866446,78.8048973340689
0,0.05,560,0.05112270359407836,29.93322203672788,79.06647917782584
0,0.05,560,0.05112270359407836,30.175292153589314,79.29914952935572
0,0.05,560,0.05112270359407836,30.417362270450752,79.50843623796851
0,0.05,560,0.05112270359407836,30.659432387312187,79.69565290310601
0,0.05,560,0.05112270359407836,30.901502504173624,79.86208904452516
0,0.05,560,0.05112270359407836,31.14357262103506,80.00905178956013
0,0.05,560,0.05112270359407836,31.385642737896493,80.13786295329656
0,0.05,560,0.05112270359407836,31.62771285475793,80.24985631702319
0,0.05,560,0.05112270359407836,31.869782971619365,80.34637511052236
0,0.05,560,0.05112270359407836,32.1118530884808,80.42876970262849
0,0.05,560,0.05112270359407836,32.35392320534224,80.49839550344399
0,0.05,560,0.05112270359407836,32.59599332220367,80.556611080657
0,0.05,560,0.05112270359407836,32.83806343906511,80.60477649155885
0,0.05,560,0.05112270359407836,33.080133555926544,80.64425183160427
0,0.05,560,0.05112270359407836,33.32220367278798,80.67639599970774
0,0.05,560,0.05112270359407836,33.56427378964942,80.70256567991021
0,0.05,560,0.05112270359407836,33.80634390651085,80.72411453859772
0,0.05,560,0.05112270359407836,34.04841402337229,80.74239263608847
0,0.05,560,0.05112270359407836,34.29048414023372,80.7587460511444
0,0.05,560,0.05112270359407836,34.53255425709516,80.7745167167921
0,0.05,560,0.05112270359407836,34.7746243739566,80.79104246576118
0,0.05,560,0.05112270359407836,35.016694490818026,80.80965719191076
0,0.05,560,0.05112270359407836,35.25876460767947,80.83134924708769
0,0.05,560,0.05112270359407836,35.5008347245409,80.85598954502643
0,0.05,560,0.05112270359407836,35.742904841402336,80.88321840902917
0,0.05,560,0.05112270359407836,35.98497495826378,80.91267182820489
0,0.05,560,0.05112270359407836,36.227045075125204,80.94398152487258
0,0.05,560,0.05112270359407836,36.469115191986646,80.9767750272783
0,0.05,560,0.05112270359407836,36.71118530884808,81.01067574897853
0,0.05,560,0.05112270359407836,36.953255425709514,81.04530307616353
0,0.05,560,0.05112270359407836,37.19532554257095,81.08027246412202
0,0.05,560,0.05112270359407836,37.43739565943239,81.11519554398059
0,0.05,560,0.05112270359407836,37.679465776293824,81.14968024078584
0,0.05,560,0.05112270359407836,37.92153589315526,81.1833309039355
0,0.05,560,0.05112270359407836,38.16360601001669,81.2157484509047
0,0.05,560,0.05112270359407836,38.40567612687813,81.24653052515768
0,0.05,560,0.05112270359407836,38.64774624373957,81.27527166907629
0,0.05,560,0.05112270359407836,38.889816360601,81.3015635126826
0,0.05,560,0.05112270359407836,39.13188647746244,81.32499497887704
0,0.05,560,0.05112270359407836,39.37395659432387,81.34515250585808
0,0.05,560,0.05112270359407836,39.616026711185306,81.36162028733412
0,0.05,560,0.05112270359407836,39.85809682804675,81.373980531081
0,0.05,560,0.05112270359407836,40.10016694490818,81.38181656422542
0,0.05,560,0.05112270359407836,40.342237061769616,81.38481178428542
0,0.05,560,0.05112270359407836,40.58430717863105,81.38277561206874
0,0.05,560,0.05112270359407836,40.826377295492485,81.37552461679947
0,0.05,560,0.05112270359407836,41.068447412353926,81.36287465867639
0,0.05,560,0.05112270359407836,41.31051752921536,81.34464107333282
0,0.05,560,0.05112270359407836,41.552587646076795,81.32063885893967
0,0.05,560,0.05112270359407836,41.79465776293823,81.29068286605519
0,0.05,560,0.05112270359407836,42.03672787979966,81.2545879903065
0,0.05,560,0.05112270359407836,42.278797996661105,81.21216936796671
0,0.05,560,0.05112270359407836,42.52086811352254,81.16324257447233
0,0.05,560,0.05112270359407836,42.76293823038397,81.10762382590516
0,0.05,560,0.05112270359407836,43.00500834724541,81.0451301834432
0,0.05,560,0.05112270359407836,43.24707846410684,80.97557976076672
0,0.05,560,0.05112270359407836,43.48914858096828,80.89879193438549
0,0.05,560,0.05112270359407836,43.73121869782972,80.8145875568338
0,0.05,560,0.05112270359407836,43.97328881469115,80.72278917266127
0,0.05,560,0.05112270359407836,44.215358931552586,80.62322123712923
0,0.05,560,0.05112270359407836,44.45742904841402,80.51571033750187
0,0.05,560,0.05112270359407836,44.69949916527546,80.40008541680399
0,0.05,560,0.05112270359407836,44.941569282136896,80.27617799989955
0,0.05,560,0.05112270359407836,45.18363939899833,80.1438655174743
0,0.05,560,0.05112270359407836,45.425709515859765,80.00339199445723
0,0.05,560,0.05112270359407836,45.6677796327212,79.85518428672715
0,0.05,560,0.05112270359407836,45.90984974958264,79.69966923021445
0,0.05,560,0.05112270359407836,46.151919866444075,79.53727190312986
0,0.05,560,0.05112270359407836,46.39398998330551,79.36841530014354
0,0.05,560,0.05112270359407836,46.636060100166944,79.19352002793005
0,0.05,560,0.05112270359407836,46.87813021702838,79.01300402197411
0,0.05,560,0.05112270359407836,47.12020033388982,78.82728228449461
0,0.05,560,0.05112270359407836,47.362270450751254,78.63676664330751
0,0.05,560,0.05112270359407836,47.60434056761269,78.44186553141873
0,0.05,560,0.05112270359407836,47.84641068447412,78.2429837871069
0,0.05,560,0.05112270359407836,48.08848080133556,78.04052247423047
0,0.05,560,0.05112270359407836,48.330550918197,77.83487872246927
0,0.05,560,0.05112270359407836,48.57262103505843,77.62644558719079
0,0.05,560,0.05112270359407836,48.81469115191987,77.41561192861292
0,0.05,560,0.05112270359407836,49.0567612687813,77.2027623099184
0,0.05,560,0.05112270359407836,49.298831385642735,76.98827691396492
0,0.05,560,0.05112270359407836,49.54090150250418,76.77253147822336
0,0.05,560,0.05112270359407836,49.78297161936561,76.55589724756828
0,0.05,560,0.05112270359407836,50.025041736227045,76.33874096207687
0,0.05,560,0.05112270359407836,50.26711185308848,76.12144597849114
0,0.05,560,0.05112270359407836,50.509181969949914,75.90445292295999
0,0.05,560,0.05112270359407836,50.751252086811355,75.68820828195416
0,0.05,560,0.05112270359407836,50.99332220367279,75.47315300423114
0,0.05,560,0.05112270359407836,51.235392320534224,75.25972257590702
0,0.05,560,0.05112270359407836,51.47746243739566,75.04834712020377
0,0.05,560,0.05112270359407836,51.71953255425709,74.83945152130899
0,0.05,560,0.05112270359407836,51.961602671118534,74.63345557180348
0,0.05,560,0.05112270359407836,52.20367278797997,74.43077414313227
0,0.05,560,0.05112270359407836,52.4457429048414,74.23181737862805
0,0.05,560,0.05112270359407836,52.68781302170284,74.03699090862048
0,0.05,560,0.05112270359407836,52.92988313856427,73.8466960872006
0,0.05,560,0.05112270359407836,53.17195325542571,73.66133025024908
0,0.05,560,0.05112270359407836,53.41402337228715,73.4812869943708
0,0.05,560,0.05112270359407836,53.65609348914858,73.3069564764284
0,0.05,560,0.05112270359407836,53.898163606010016,73.13872573340832
0,0.05,560,0.05112270359407836,54.14023372287145,72.97697902240486
0,0.05,560,0.05112270359407836,54.38230383973289,72.82209818055654
0,0.05,560,0.05112270359407836,54.624373956594326,72.67446300482858
0,0.05,560,0.05112270359407836,54.86644407345576,72.53445165158845
0,0.05,560,0.05112270359407836,55.108514190317194,72.40243031805667
0,0.05,560,0.05112270359407836,55.35058430717863,72.27844588226837
0,0.05,560,0.05112270359407836,55.59265442404007,72.16218290667304
0,0.05,560,0.05112270359407836,55.834724540901504,72.05331007543231
0,0.05,560,0.05112270359407836,56.07679465776294,71.95149993089484
0,0.05,560,0.05112270359407836,56.31886477462437,71.85642856960988
0,0.05,560,0.05112270359407836,56.56093489148581,71.76777535336586
0,0.05,560,0.05112270359407836,56.80300500834725,71.68522263489587
0,0.05,560,0.05112270359407836,57.04507512520868,71.608455497928
0,0.05,560,0.05112270359407836,57.28714524207012,71.53716151128666
0,0.05,560,0.05112270359407836,57.52921535893155,71.47103049678017
0,0.05,560,0.05112270359407836,57.771285475792986,71.40975431063796
0,0.05,560,0.05112270359407836,58.01335559265443,71.35302663828462
0,0.05,560,0.05112270359407836,58.25542570951586,71.30054280226297
0,0.05,560,0.05112270359407836,58.497495826377296,71.2519995831399
0,0.05,560,0.05112270359407836,58.73956594323873,71.20709505324997
0,0.05,560,0.05112270359407836,58.981636060100165,71.16552842315012
0,0.05,560,0.05112270359407836,59.223706176961606,71.1269999006779
0,0.05,560,0.05112270359407836,59.46577629382304,71.09121056251998
0,0.05,560,0.05112270359407836,59.707846410684475,71.05786223821521
0,0.05,560,0.05112270359407836,59.94991652754591,71.02665740652688
0,0.05,560,0.05112270359407836,60.19198664440734,70.99732268539287
0,0.05,560,0.05112270359407836,60.434056761268785,70.96976325728096
0,0.05,560,0.05112270359407836,60.67612687813022,70.9439657833132
0,0.05,560,0.05112270359407836,60.91819699499165,70.91991732984167
0,0.05,560,0.05112270359407836,61.16026711185309,70.89760495030616
0,0.05,560,0.05112270359407836,61.40233722871452,70.8770156857887
0,0.05,560,0.05112270359407836,61.644407345575964,70.85813656546075
0,0.05,560,0.05112270359407836,61.8864774624374,70.84095460692747
0,0.05,560,0.05112270359407836,62.12854757929883,70.8254568164731
0,0.05,560,0.05112270359407836,62.37061769616027,70.81163018921264
0,0.05,560,0.05112270359407836,62.6126878130217,70.79946170915214
0,0.05,560,0.05112270359407836,62.85475792988314,70.78893834916333
0,0.05,560,0.05112270359407836,63.09682804674458,70.7800470708753
0,0.05,560,0.05112270359407836,63.33889816360601,70.77277482448652
0,0.05,560,0.05112270359407836,63.580968280467445,70.76710854850236
0,0.05,560,0.05112270359407836,63.82303839732888,70.76303516939878
0,0.05,560,0.05112270359407836,64.06510851419031,70.76054160121839
0,0.05,560,0.05112270359407836,64.30717863105176,70.75961474509923
0,0.05,560,0.05112270359407836,64.5492487479132,70.76024148874143
0,0.05,560,0.05112270359407836,64.79131886477462,70.76240870581289
0,0.05,560,0.05112270359407836,65.03338898163605,70.76610316804567
0,0.05,560,0.05112270359407836,65.27545909849749,70.77126298349137
0,0.05,560,0.05112270359407836,65.51752921535893,70.77769673789778
0,0.05,560,0.05112270359407836,65.75959933222038,70.7851916079402
0,0.05,560,0.05112270359407836,66.0016694490818,70.79353462886678
0,0.05,560,0.05112270359407836,66.24373956594323,70.80251266767957
0,0.05,560,0.05112270359407836,66.48580968280467,70.81191240266674
0,0.05,560,0.05112270359407836,66.72787979966611,70.82152030930094
0,0.05,560,0.05112270359407836,66.96994991652755,70.83112265251985
0,0.05,560,0.05112270359407836,67.21202003338898,70.84050548540733
0,0.05,560,0.05112270359407836,67.45409015025041,70.84945465429055
0,0.05,560,0.05112270359407836,67.69616026711185,70.85775581027278
0,0.05,560,0.05112270359407836,67.93823038397329,70.8651944272154
0,0.05,560,0.05112270359407836,68.18030050083473,70.87155582618556
0,0.05,560,0.05112270359407836,68.42237061769616,70.87662520638214
0,0.05,560,0.05112270359407836,68.66444073455759,70.88018768254969
0,0.05,560,0.05112270359407836,68.90651085141903,70.88202832888743
0,0.05,560,0.05112270359407836,69.14858096828047,70.88193222945907
0,0.05,560,0.05112270359407836,69.3906510851419,70.87968453509995
0,0.05,560,0.05112270359407836,69.63272120200334,70.87507052681845
0,0.05,560,0.05112270359407836,69.87479131886478,70.86787568568107
0,0.05,560,0.05112270359407836,70.11686143572621,70.85789161069049
0,0.05,560,0.05112270359407836,70.35893155258765,70.84505612047148
0,0.05,560,0.05112270359407836,70.60100166944908,70.82945988573174
0,0.05,560,0.05112270359407836,70.84307178631052,70.81120093476738
0,0.05,560,0.05112270359407836,71.08514190317196,70.79037743178668
0,0.05,560,0.05112270359407836,71.32721202003339,70.76708764238262
0,0.05,560,0.05112270359407836,71.56928213689483,70.74142990032693
0,0.05,560,0.05112270359407836,71.81135225375625,70.7135025756925
0,0.05,560,0.05112270359407836,72.0534223706177,70.68340404430883
0,0.05,560,0.05112270359407836,72.29549248747914,70.6512326585556
0,0.05,560,0.05112270359407836,72.53756260434056,70.61708671949678
0,0.05,560,0.05112270359407836,72.779632721202,70.58106445035816
0,0.05,560,0.05112270359407836,73.02170283806343,70.54326397134766
0,0.05,560,0.05112270359407836,73.26377295492487,70.50378327582068
0,0.05,560,0.05112270359407836,73.50584307178632,70.46272020778832
0,0.05,560,0.05112270359407836,73.74791318864774,70.42017244076658
0,0.05,560,0.05112270359407836,73.98998330550918,70.37623745796513
0,0.05,560,0.05112270359407836,74.23205342237061,70.33101253381176
0,0.05,560,0.05112270359407836,74.47412353923205,70.28459471680885
0,0.05,560,0.05112270359407836,74.7161936560935,70.23708081371699
0,0.05,560,0.05112270359407836,74.95826377295492,70.18856737506145
0,0.05,560,0.05112270359407836,75.20033388981636,70.13914038851713
0,0.05,560,0.05112270359407836,75.44240400667779,70.08881595893864
0,0.05,560,0.05112270359407836,75.68447412353923,70.03758128109867
0,0.05,560,0.05112270359407836,75.92654424040067,69.98542348365737
0,0.05,560,0.05112270359407836,76.1686143572621,69.93232972511571
0,0.05,560,0.05112270359407836,76.41068447412354,69.87828719663845
0,0.05,560,0.05112270359407836,76.65275459098497,69.82328312488893
0,0.05,560,0.05112270359407836,76.89482470784641,69.76730477487504
0,0.05,560,0.05112270359407836,77.13689482470785,69.71033945280706
0,0.05,560,0.05112270359407836,77.37896494156928,69.65237450896666
0,0.05,560,0.05112270359407836,77.62103505843072,69.59339734058773
0,0.05,560,0.05112270359407836,77.86310517529215,69.53339539474926
0,0.05,560,0.05112270359407836,78.10517529215359,69.47235617127882
0,0.05,560,0.05112270359407836,78.34724540901503,69.41026722566836
0,0.05,560,0.05112270359407836,78.58931552587646,69.34711617200117
0,0.05,560,0.05112270359407836,78.8313856427379,69.28289068588981
0,0.05,560,0.05112270359407836,79.07345575959933,69.2175785074258
0,0.05,560,0.05112270359407836,79.31552587646077,69.15116744413963
0,0.05,560,0.05112270359407836,79.55759599332221,69.08364537397206
0,0.05,560,0.05112270359407836,79.79966611018364,69.01500024825583
0,0.05,560,0.05112270359407836,80.04173622704508,68.94521999459523
0,0.05,560,0.05112270359407836,80.2838063439065,68.87426157426883
0,0.05,560,0.05112270359407836,80.52587646076795,68.80200736811346
0,0.05,560,0.05112270359407836,80.76794657762939,68.72832926141358
0,0.05,560,0.05112270359407836,81.01001669449082,68.65309975320915
0,0.05,560,0.05112270359407836,81.25208681135226,68.57619198512249
0,0.05,560,0.05112270359407836,81.49415692821368,68.4974797725226
0,0.05,560,0.05112270359407836,81.73622704507513,68.41683763800084
0,0.05,560,0.05112270359407836,81.97829716193657,68.33414084713232
0,0.05,560,0.05112270359407836,82.220367278798,68.24926544649414
0,0.05,560,0.05112270359407836,82.46243739565944,68.16208830391079
0,0.05,560,0.05112270359407836,82.70450751252086,68.07248715089325
0,0.05,560,0.05112270359407836,82.9465776293823,67.98034062723808
0,0.05,560,0.05112270359407836,83.18864774624375,67.88552832774921
0,0.05,560,0.05112270359407836,83.43071786310517,67.78793085104256
0,0.05,560,0.05112270359407836,83.67278797996661,67.68742985039304
0,0.05,560,0.05112270359407836,83.91485809682804,67.58390808657788
0,0.05,560,0.05112270359407836,84.15692821368948,67.4772494826704
0,0.05,560,0.05112270359407836,84.39899833055092,67.36733918073388
0,0.05,560,0.05112270359407836,84.64106844741235,67.25406360036278
0,0.05,560,0.05112270359407836,84.88313856427379,67.13731049901565
0,0.05,560,0.05112270359407836,85.12520868113522,67.01697441775454
0,0.05,560,0.05112270359407836,85.36727879799666,66.89306545756442
0,0.05,560,0.05112270359407836,85.6093489148581,66.76570324249873
0,0.05,560,0.05112270359407836,85.85141903171953,66.63501151009227
0,0.05,560,0.05112270359407836,86.09348914858097,66.50111366911227
0,0.05,560,0.05112270359407836,86.3355592654424,66.36413274440561
0,0.05,560,0.05112270359407836,86.57762938230384,66.22419132386376
0,0.05,560,0.05112270359407836,86.81969949916528,66.08141150750463
0,0.05,560,0.05112270359407836,87.06176961602671,65.93591485867161
0,0.05,560,0.05112270359407836,87.30383973288815,65.78782235734684
0,0.05,560,0.05112270359407836,87.54590984974958,65.63725435557244
0,0.05,560,0.05112270359407836,87.78797996661102,65.4843305349729
0,0.05,560,0.05112270359407836,88.03005008347246,65.32916986636863
0,0.05,560,0.05112270359407836,88.27212020033389,65.17189057146958
0,0.05,560,0.05112270359407836,88.51419031719533,65.0126100866356
0,0.05,560,0.05112270359407836,88.75626043405676,64.85144502868792
0,0.05,560,0.05112270359407836,88.9983305509182,64.68851116275665
0,0.05,560,0.05112270359407836,89.24040066777964,64.52392337214422
0,0.05,560,0.05112270359407836,89.48247078464107,64.35779563018653
0,0.05,560,0.05112270359407836,89.72454090150251,64.19024097409103
0,0.05,560,0.05112270359407836,89.96661101836393,64.02137148072808
0,0.05,560,0.05112270359407836,90.20868113522538,63.85132093547246
0,0.05,560,0.05112270359407836,90.45075125208682,63.68035941779355
0,0.05,560,0.05112270359407836,90.69282136894824,63.508805793798835
0,0.05,560,0.05112270359407836,90.93489148580969,63.33697567953262
0,0.05,560,0.05112270359407836,91.17696160267111,63.16518132677766
0,0.05,560,0.05112270359407836,91.41903171953255,62.99373161755657
0,0.05,560,0.05112270359407836,91.661101836394,62.82293207385313
0,0.05,560,0.05112270359407836,91.90317195325542,62.65308488226535
0,0.05,560,0.05112270359407836,92.14524207011686,62.484488933304384
0,0.05,560,0.05112270359407836,92.38731218697829,62.317439875058085
0,0.05,560,0.05112270359407836,92.62938230383973,62.152230180943555
0,0.05,560,0.05112270359407836,92.87145242070117,61.9891492312821
0,0.05,560,0.05112270359407836,93.1135225375626,61.82848340843953
0,0.05,560,0.05112270359407836,93.35559265442404,61.67051620528711
0,0.05,560,0.05112270359407836,93.59766277128547,61.515528346751665
0,0.05,560,0.05112270359407836,93.83973288814691,61.363797924239144
0,0.05,560,0.05112270359407836,94.08180300500835,61.21560054273225
0,0.05,560,0.05112270359407836,94.32387312186978,61.07120948038132
0,0.05,560,0.05112270359407836,94.56594323873122,60.93089586043045
0,0.05,560,0.05112270359407836,94.80801335559265,60.79492883533744
0,0.05,560,0.05112270359407836,95.05008347245409,60.66357509336468
0,0.05,560,0.05112270359407836,95.29215358931553,60.53696591585654
0,0.05,560,0.05112270359407836,95.53422370617696,60.41493998878777
0,0.05,560,0.05112270359407836,95.7762938230384,60.297299505466945
0,0.05,560,0.05112270359407836,96.01836393989983,60.18384895920978
0,0.05,560,0.05112270359407836,96.26043405676127,60.074395013643134
0,0.05,560,0.05112270359407836,96.50250417362271,59.96874637947239
0,0.05,560,0.05112270359407836,96.74457429048414,59.86671369756297
0,0.05,560,0.05112270359407836,96.98664440734558,59.7681094281978
0,0.05,560,0.05112270359407836,97.228714524207,59.672747746382775
0,0.05,560,0.05112270359407836,97.47078464106845,59.58044444307959
0,0.05,560,0.05112270359407836,97.71285475792989,59.491016832256086
0,0.05,560,0.05112270359407836,97.95492487479132,59.40428366364987
0,0.05,560,0.05112270359407836,98.19699499165276,59.320065041150215
0,0.05,560,0.05112270359407836,98.43906510851419,59.238182346709024
0,0.05,560,0.05112270359407836,98.68113522537563,59.15845816969926
0,0.05,560,0.05112270359407836,98.92320534223707,59.080716241643806
0,0.05,560,0.05112270359407836,99.1652754590985,59.00478137624466
0,0.05,560,0.05112270359407836,99.40734557595994,58.93047941464614
0,0.05,560,0.05112270359407836,99.64941569282136,58.85763717587233
0,0.05,560,0.05112270359407836,99.8914858096828,58.78608241238046
0,0.05,560,0.05112270359407836,100.13355592654425,58.71564789245541
0,0.05,560,0.05112270359407836,100.37562604340567,58.64624234697076
0,0.05,560,0.05112270359407836,100.61769616026712,58.57784052342328
0,0.05,560,0.05112270359407836,100.85976627712854,58.51041951533635
0,0.05,560,0.05112270359407836,101.10183639398998,58.4439565453825
0,0.05,560,0.05112270359407836,101.34390651085143,58.378428962072384
0,0.05,560,0.05112270359407836,101.58597662771285,58.3138142365273
0,0.05,560,0.05112270359407836,101.8280467445743,58.25008995933665
0,0.05,560,0.05112270359407836,102.07011686143572,58.18723383749956
0,0.05,560,0.05112270359407836,102.31218697829716,58.12522369144795
0,0.05,560,0.05112270359407836,102.5542570951586,58.064037452152625
0,0.05,560,0.05112270359407836,102.79632721202003,58.003653158309895
0,0.05,560,0.05112270359407836,103.03839732888147,57.94404895360877
0,0.05,560,0.05112270359407836,103.2804674457429,57.88520308407827
0,0.05,560,0.05112270359407836,103.52253756260434,57.82709389551328
0,0.05,560,0.05112270359407836,103.76460767946578,57.769699830979114
0,0.05,560,0.05112270359407836,104.00667779632721,57.712999428393985
0,0.05,560,0.05112270359407836,104.24874791318865,57.65697131818826
0,0.05,560,0.05112270359407836,104.49081803005008,57.60159422104077
0,0.05,560,0.05112270359407836,104.73288814691152,57.54684694569074
0,0.05,560,0.05112270359407836,104.97495826377296,57.49270838682539
0,0.05,560,0.05112270359407836,105.21702838063439,57.43915752304275
0,0.05,560,0.05112270359407836,105.45909849749583,57.38617341488811
0,0.05,560,0.05112270359407836,105.70116861435726,57.33373520296531
0,0.05,560,0.05112270359407836,105.9432387312187,57.28182210612097
0,0.05,560,0.05112270359407836,106.18530884808014,57.23041341970166
0,0.05,560,0.05112270359407836,106.42737896494157,57.179488513884095
0,0.05,560,0.05112270359407836,106.66944908180301,57.129026832076875
0,0.05,560,0.05112270359407836,106.91151919866444,57.07900788939418
0,0.05,560,0.05112270359407836,107.15358931552588,57.0294112712008
0,0.05,560,0.05112270359407836,107.39565943238732,56.980216631728055
0,0.05,560,0.05112270359407836,107.63772954924875,56.931403692759986
0,0.05,560,0.05112270359407836,107.87979966611019,56.88295224238982
0,0.05,560,0.05112270359407836,108.12186978297161,56.834842133846536
0,0.05,560,0.05112270359407836,108.36393989983306,56.787053284390225
0,0.05,560,0.05112270359407836,108.6060100166945,56.73956567427699
0,0.05,560,0.05112270359407836,108.84808013355592,56.692359345792575
0,0.05,560,0.05112270359407836,109.09015025041737,56.64541440235416
0,0.05,560,0.05112270359407836,109.3322203672788,56.59871100768057
0,0.05,560,0.05112270359407836,109.57429048414023,56.552229385029975
0,0.05,560,0.05112270359407836,109.81636060100168,56.50594981650549
0,0.05,560,0.05112270359407836,110.0584307178631,56.45985263171999
0,0.05,560,0.05112270359407836,110.30050083472455,56.41391680548627
0,0.05,560,0.05112270359407836,110.54257095158597,56.368118567573894
0,0.05,560,0.05112270359407836,110.78464106844741,56.32243388658444
0,0.05,560,0.05112270359407836,111.02671118530886,56.276838802188216
0,0.05,560,0.05112270359407836,111.26878130217028,56.23130942478934
0,0.05,560,0.05112270359407836,111.51085141903172,56.18582193529084
0,0.05,560,0.05112270359407836,111.75292153589315,56.14035258496008
0,0.05,560,0.05112270359407836,111.99499165275459,56.0948776953933
0,0.05,560,0.05112270359407836,112.23706176961603,56.0493736585788
0,0.05,560,0.05112270359407836,112.47913188647746,56.00381693705913
0,0.05,560,0.05112270359407836,112.7212020033389,55.95818406419114
0,0.05,560,0.05112270359407836,112.96327212020033,55.912451644503335
0,0.05,560,0.05112270359407836,113.20534223706177,55.866596354150495
0,0.05,560,0.05112270359407836,113.44741235392321,55.82059494146519
0,0.05,560,0.05112270359407836,113.68948247078464,55.774424227604875
0,0.05,560,0.05112270359407836,113.93155258764608,55.72806110729493
0,0.05,560,0.05112270359407836,114.17362270450751,55.68148254966735
0,0.05,560,0.05112270359407836,114.41569282136895,55.63466559919281
0,0.05,560,0.05112270359407836,114.65776293823039,55.58758737670817
0,0.05,560,0.05112270359407836,114.89983305509182,55.54022508053701
0,0.05,560,0.05112270359407836,115.14190317195326,55.492555987702964
0,0.05,560,0.05112270359407836,115.38397328881469,55.44455745523596
0,0.05,560,0.05112270359407836,115.62604340567613,55.3962069215703
0,0.05,560,0.05112270359407836,115.86811352253757,55.34748190803381
0,0.05,560,0.05112270359407836,116.110183639399,55.29836002042798
0,0.05,560,0.05112270359407836,116.35225375626044,55.24881895069808
0,0.05,560,0.05112270359407836,116.59432387312187,55.19883647869257
0,0.05,560,0.05112270359407836,116.8363939899833,55.14839047401151
0,0.05,560,0.05112270359407836,117.07846410684475,55.09745889794279
0,0.05,560,0.05112270359407836,117.32053422370618,55.046019805486026
0,0.05,560,0.05112270359407836,117.56260434056762,54.99405134746259
0,0.05,560,0.05112270359407836,117.80467445742904,54.941531772712146
0,0.05,560,0.05112270359407836,118.04674457429049,54.88843943037351
0,0.05,560,0.05112270359407836,118.28881469115193,54.83475277225029
0,0.05,560,0.05112270359407836,118.53088480801335,54.780450355259894
0,0.05,560,0.05112270359407836,118.7729549248748,54.72551084396466
0,0.05,560,0.05112270359407836,119.01502504173622,54.669913013185244
0,0.05,560,0.05112270359407836,119.25709515859766,54.61363575069395
0,0.05,560,0.05112270359407836,119.4991652754591,54.55665805998865
0,0.05,560,0.05112270359407836,119.74123539232053,54.498959063144625
0,0.05,560,0.05112270359407836,119.98330550918197,54.44051800374491
0,0.05,560,0.05112270359407836,120.2253756260434,54.381318944915975
0,0.05,560,0.05112270359407836,120.46744574290484,54.321369141140195
0,0.05,560,0.05112270359407836,120.70951585976628,54.26068293575666
0,0.05,560,0.05112270359407836,120.95158597662771,54.199274647297905
0,0.05,560,0.05112270359407836,121.19365609348915,54.13715856588417
0,0.05,560,0.05112270359407836,121.43572621035058,54.07434895156325
0,0.05,560,0.05112270359407836,121.67779632721202,54.01086003268437
0,0.05,560,0.05112270359407836,121.91986644407346,53.946706004307444
0,0.05,560,0.05112270359407836,122.16193656093489,53.88190102664636
0,0.05,560,0.05112270359407836,122.40400667779633,53.81645922354756
0,0.05,560,0.05112270359407836,122.64607679465776,53.75039468100252
0,0.05,560,0.05112270359407836,122.8881469115192,53.683721445695454
0,0.05,560,0.05112270359407836,123.13021702838064,53.6164535235847
0,0.05,560,0.05112270359407836,123.37228714524207,53.54860487851934
0,0.05,560,0.05112270359407836,123.61435726210351,53.48018943088926
0,0.05,560,0.05112270359407836,123.85642737896494,53.41122105630999
0,0.05,560,0.05112270359407836,124.09849749582638,53.34171358434129
0,0.05,560,0.05112270359407836,124.34056761268782,53.27168079723984
0,0.05,560,0.05112270359407836,124.58263772954925,53.20113642874583
0,0.05,560,0.05112270359407836,124.82470784641069,53.13009416290295
0,0.05,560,0.05112270359407836,125.06677796327212,53.05856763291245
0,0.05,560,0.05112270359407836,125.30884808013356,52.9865704200201
0,0.05,560,0.05112270359407836,125.550918196995,52.91411605243677
0,0.05,560,0.05112270359407836,125.79298831385643,52.84121800429203
0,0.05,560,0.05112270359407836,126.03505843071787,52.76788969462073
0,0.05,560,0.05112270359407836,126.2771285475793,52.69414448638206
0,0.05,560,0.05112270359407836,126.51919866444074,52.61999568551183
0,0.05,560,0.05112270359407836,126.76126878130218,52.5454565400065
0,0.05,560,0.05112270359407836,127.0033388981636,52.47054023903997
0,0.05,560,0.05112270359407836,127.24540901502505,52.395259912111825
0,0.05,560,0.05112270359407836,127.48747913188647,52.31962862822807
0,0.05,560,0.05112270359407836,127.72954924874792,52.24365939511291
0,0.05,560,0.05112270359407836,127.97161936560936,52.167365158452284
0,0.05,560,0.05112270359407836,128.21368948247078,52.090758801168406
0,0.05,560,0.05112270359407836,128.45575959933223,52.0138531427254
0,0.05,560,0.05112270359407836,128.69782971619367,51.93666093846558
0,0.05,560,0.05112270359407836,128.9398998330551,51.85919487897627
0,0.05,560,0.05112270359407836,129.18196994991655,51.781467589487036
0,0.05,560,0.05112270359407836,129.42404006677796,51.703491629296636
0,0.05,560,0.05112270359407836,129.6661101836394,51.62527949123021
0,0.05,560,0.05112270359407836,129.90818030050082,51.54684360112558
0,0.05,560,0.05112270359407836,130.15025041736226,51.46819631734928
0,0.05,560,0.05112270359407836,130.3923205342237,51.38934993034128
0,0.05,560,0.05112270359407836,130.63439065108514,51.31031666218896
0,0.05,560,0.05112270359407836,130.87646076794658,51.23110866622895
0,0.05,560,0.05112270359407836,131.11853088480802,51.15173802667806
0,0.05,560,0.05112270359407836,131.36060100166947,51.07221675829163
0,0.05,560,0.05112270359407836,131.6026711185309,50.992556806050075
0,0.05,560,0.05112270359407836,131.84474123539232,50.9127700448726
0,0.05,560,0.05112270359407836,132.08681135225376,50.832868279358365
0,0.05,560,0.05112270359407836,132.32888146911517,50.752863243554536
0,0.05,560,0.05112270359407836,132.57095158597662,50.67276660075118
0,0.05,560,0.05112270359407836,132.81302170283806,50.592589943302414
0,0.05,560,0.05112270359407836,133.0550918196995,50.512344792473826
0,0.05,560,0.05112270359407836,133.29716193656094,50.43204259831575
0,0.05,560,0.05112270359407836,133.53923205342238,50.35169473956216
0,0.05,560,0.05112270359407836,133.7813021702838,50.271312523555004
0,0.05,560,0.05112270359407836,134.02337228714524,50.19090718619344
0,0.05,560,0.05112270359407836,134.26544240400668,50.110489891908074
0,0.05,560,0.05112270359407836,134.50751252086812,50.03007173365959
0,0.05,560,0.05112270359407836,134.74958263772956,49.94966373296166
0,0.05,560,0.05112270359407836,134.99165275459097,49.86927683992784
0,0.05,560,0.05112270359407836,135.23372287145241,49.788923578626644
0,0.05,560,0.05112270359407836,135.47579298831386,49.70862367842943
0,0.05,560,0.05112270359407836,135.7178631051753,49.628398756746456
0,0.05,560,0.05112270359407836,135.95993322203674,49.54827028955703
0,0.05,560,0.05112270359407836,136.20200333889815,49.46825961174322
0,0.05,560,0.05112270359407836,136.4440734557596,49.388387917590514
0,0.05,560,0.05112270359407836,136.68614357262103,49.30867626137933
0,0.05,560,0.05112270359407836,136.92821368948248,49.229145558066115
0,0.05,560,0.05112270359407836,137.17028380634392,49.1498165840535
0,0.05,560,0.05112270359407836,137.41235392320533,49.0707099780474
0,0.05,560,0.05112270359407836,137.65442404006677,48.99184624200159
0,0.05,560,0.05112270359407836,137.8964941569282,48.91324574214692
0,0.05,560,0.05112270359407836,138.13856427378965,48.834928710105785
0,0.05,560,0.05112270359407836,138.3806343906511,48.75691524408968
0,0.05,560,0.05112270359407836,138.6227045075125,48.67922531017947
0,0.05,560,0.05112270359407836,138.86477462437395,48.60187874368702
0,0.05,560,0.05112270359407836,139.1068447412354,48.524895250597744
0,0.05,560,0.05112270359407836,139.34891485809683,48.44829440909259
0,0.05,560,0.05112270359407836,139.59098497495827,48.372095671148585
0,0.05,560,0.05112270359407836,139.8330550918197,48.296318364217626
0,0.05,560,0.05112270359407836,140.07512520868113,48.22098169298157
0,0.05,560,0.05112270359407836,140.31719532554257,48.14610474118416
0,0.05,560,0.05112270359407836,140.559265442404,48.07170647353744
0,0.05,560,0.05112270359407836,140.80133555926545,47.997805737702826
0,0.05,560,0.05112270359407836,141.04340567612687,47.92442126634607
0,0.05,560,0.05112270359407836,141.2854757929883,47.85157167926428
0,0.05,560,0.05112270359407836,141.52754590984975,47.77927548558586
0,0.05,560,0.05112270359407836,141.7696160267112,47.70755108604106
0,0.05,560,0.05112270359407836,142.01168614357263,47.636416775303445
0,0.05,560,0.05112270359407836,142.25375626043405,47.565890744401464
0,0.05,560,0.05112270359407836,142.4958263772955,47.495991083198824
0,0.05,560,0.05112270359407836,142.73789649415693,47.426735782944085
0,0.05,560,0.05112270359407836,142.97996661101837,47.35814273888795
0,0.05,560,0.05112270359407836,143.2220367278798,47.29022975296824
0,0.05,560,0.05112270359407836,143.46410684474122,47.22301453656172
0,0.05,560,0.05112270359407836,143.70617696160267,47.15651471330277
0,0.05,560,0.05112270359407836,143.9482470784641,47.09074782196741
0,0.05,560,0.05112270359407836,144.19031719532555,47.02573131942372
0,0.05,560,0.05112270359407836,144.432387312187,46.96148258364681
0,0.05,560,0.05112270359407836,144.6744574290484,46.89801891679882
0,0.05,560,0.05112270359407836,144.91652754590984,46.835357548373516
0,0.05,560,0.05112270359407836,145.15859766277129,46.77351563840489
0,0.05,560,0.05112270359407836,145.40066777963273,46.71251028073981
0,0.05,560,0.05112270359407836,145.64273789649417,46.652358506374156
0,0.05,560,0.05112270359407836,145.88480801335558,46.59307728685289
0,0.05,560,0.05112270359407836,146.12687813021702,46.53468353773287
0,0.05,560,0.05112270359407836,146.36894824707846,46.47719412210954
0,0.05,560,0.05112270359407836,146.6110183639399,46.42062585420623
0,0.05,560,0.05112270359407836,146.85308848080135,46.36499550302712
0,0.05,560,0.05112270359407836,147.09515859766276,46.31031979607287
0,0.05,560,0.05112270359407836,147.3372287145242,46.256615423119825
0,0.05,560,0.05112270359407836,147.57929883138564,46.20389904006222
0,0.05,560,0.05112270359407836,147.82136894824708,46.152187272818125
0,0.05,560,0.05112270359407836,148.06343906510853,46.10149672129864
0,0.05,560,0.05112270359407836,148.30550918196994,46.05184396344126
0,0.05,560,0.05112270359407836,148.54757929883138,46.003245559307054
0,0.05,560,0.05112270359407836,148.78964941569282,45.95571805524248
0,0.05,560,0.05112270359407836,149.03171953255426,45.90927798810579
0,0.05,560,0.05112270359407836,149.2737896494157,45.86394188955884
0,0.05,560,0.05112270359407836,149.51585976627712,45.8197262904242
0,0.05,560,0.05112270359407836,149.75792988313856,45.77664772510882
0,0.05,560,0.05112270359407836,150.0,45.73472273609407
1,0.16,30,0.07112260953662337,5.0,0.0
1,0.16,30,0.07112260953662337,5.242070116861436,0.0
1,0.16,30,0.07112260953662337,5.484140233722871,0.0
1,0.16,30,0.07112260953662337,5.726210350584307,0.0
1,0.16,30,0.07112260953662337,5.968280467445743,0.0
1,0.16,30,0.07112260953662337,6.210350584307179,0.0
1,0.16,30,0.07112260953662337,6.452420701168615,0.0
1,0.16,30,0.07112260953662337,6.69449081803005,0.0
1,0.16,30,0.07112260953662337,6.936560934891486,0.0
1,0.16,30,0.07112260953662337,7.178631051752921,0.0
1,0.16,30,0.07112260953662337,7.420701168614357,0.0
1,0.16,30,0.07112260953662337,7.6627712854757934,0.0
1,0.16,30,0.07112260953662337,7.904841402337229,0.0
1,0.16,30,0.07112260953662337,8.146911519198664,0.0
1,0.16,30,0.07112260953662337,8.3889816360601,0.0
1,0.16,30,0.07112260953662337,8.631051752921536,0.0
1,0.16,30,0.07112260953662337,8.873121869782972,0.0
1,0.16,30,0.07112260953662337,9.115191986644408,0.0
1,0.16,30,0.07112260953662337,9.357262103505843,0.0
1,0.16,30,0.07112260953662337,9.599332220367279,0.0
1,0.16,30,0.07112260953662337,9.841402337228715,0.0
1,0.16,30,0.07112260953662337,10.083472454090149,0.0
1,0.16,30,0.07112260953662337,10.325542570951587,0.0
1,0.16,30,0.07112260953662337,10.567612687813021,0.0
1,0.16,30,0.07112260953662337,10.809682804674457,0.0
1,0.16,30,0.07112260953662337,11.051752921535893,0.0
1,0.16,30,0.07112260953662337,11.293823038397328,0.0
1,0.16,30,0.07112260953662337,11.535893155258766,0.0
1,0.16,30,0.07112260953662337,11.7779632721202,0.0
1,0.16,30,0.07112260953662337,12.020033388981636,0.0
1,0.16,30,0.07112260953662337,12.262103505843072,0.0
1,0.16,30,0.07112260953662337,12.504173622704506,0.0
1,0.16,30,0.07112260953662337,12.746243739565944,0.0
1,0.16,30,0.07112260953662337,12.988313856427379,0.0
1,0.16,30,0.07112260953662337,13.230383973288815,0.0
1,0.16,30,0.07112260953662337,13.47245409015025,0.0
1,0.16,30,0.07112260953662337,13.714524207011687,0.0
1,0.16,30,0.07112260953662337,13.956594323873121,0.0
1,0.16,30,0.07112260953662337,14.198664440734557,0.0
1,0.16,30,0.07112260953662337,14.440734557595993,0.781715414827113
1,0.16,30,0.07112260953662337,14.68280467445743,1.4132592147780894
1,0.16,30,0.07112260953662337,14.924874791318866,1.9793007008620047
1,0.16,30,0.07112260953662337,15.1669449081803,2.5271179579291454
1,0.16,30,0.07112260953662337,15.409015025041736,3.0659193015399038
1,0.16,30,0.07112260953662337,15.651085141903172,3.59927461519777
1,0.16,30,0.07112260953662337,15.893155258764608,4.131523933749093
1,0.16,30,0.07112260953662337,16.135225375626042,4.669664300030207
1,0.16,30,0.07112260953662337,16.377295492487477,5.2188580417194395
1,0.16,30,0.07112260953662337,16.619365609348915,5.78095748473191
1,0.16,30,0.07112260953662337,16.861435726210352,6.357973431500277
1,0.16,30,0.07112260953662337,17.103505843071787,6.952401384632462
1,0.16,30,0.07112260953662337,17.34557595993322,7.567375486263216
1,0.16,30,0.07112260953662337,17.587646076794655,8.206802268081768
1,0.16,30,0.07112260953662337,17.829716193656093,8.875491257578087
1,0.16,30,0.07112260953662337,18.07178631051753,9.57927998591107
1,0.16,30,0.07112260953662337,18.313856427378965,10.323898104829206
1,0.16,30,0.07112260953662337,18.5559265442404,11.113656939132504
1,0.16,30,0.07112260953662337,18.797996661101834,11.953036859101193
1,0.16,30,0.07112260953662337,19.040066777963272,12.846932146718984
1,0.16,30,0.07112260953662337,19.28213689482471,13.800711223054178
1,0.16,30,0.07112260953662337,19.524207011686144,14.820282281988066
1,0.16,30,0.07112260953662337,19.76627712854758,15.91216577751091
1,0.16,30,0.07112260953662337,20.008347245409013,17.083575208740157
1,0.16,30,0.07112260953662337,20.25041736227045,18.341303346246523
1,0.16,30,0.07112260953662337,20.49248747913189,19.688008952821402
1,0.16,30,0.07112260953662337,20.734557595993323,21.124431745769154
1,0.16,30,0.07112260953662337,20.976627712854757,22.65000613789935
1,0.16,30,0.07112260953662337,21.218697829716195,24.262607838170247
1,0.16,30,0.07112260953662337,21.46076794657763,25.958289107242603
1,0.16,30,0.07112260953662337,21.702838063439064,27.73101080038486
1,0.16,30,0.07112260953662337,21.9449081803005,29.572381619694987
1,0.16,30,0.07112260953662337,22.186978297161936,31.472026893420264
1,0.16,30,0.07112260953662337,22.429048414023374,33.42215519206012
1,0.16,30,0.07112260953662337,22.671118530884808,35.41610380099475
1,0.16,30,0.07112260953662337,22.913188647746242,37.44623547585696
1,0.16,30,0.07112260953662337,23.15525876460768,39.503915883394455
1,0.16,30,0.07112260953662337,23.397328881469114,41.57952006576172
1,0.16,30,0.07112260953662337,23.639398998330552,43.66245485298727
1,0.16,30,0.07112260953662337,23.881469115191987,45.74119863300747
1,0.16,30,0.07112260953662337,24.12353923205342,47.80348831217057
1,0.16,30,0.07112260953662337,24.36560934891486,49.83923030118101
1,0.16,30,0.07112260953662337,24.607679465776293,51.84110433252628
1,0.16,30,0.07112260953662337,24.84974958263773,53.80224906824026
1,0.16,30,0.07112260953662337,25.091819699499165,55.716211458010655
1,0.16,30,0.07112260953662337,25.3338898163606,57.57699815872441
1,0.16,30,0.07112260953662337,25.575959933222038,59.3791198428234
1,0.16,30,0.07112260953662337,25.818030050083472,61.11762810076437
1,0.16,30,0.07112260953662337,26.06010016694491,62.78813532660976
1,0.16,30,0.07112260953662337,26.302170283806344,64.38565029920987
1,0.16,30,0.07112260953662337,26.54424040066778,65.90328811599625
1,0.16,30,0.07112260953662337,26.786310517529216,67.33418900107654
1,0.16,30,0.07112260953662337,27.02838063439065,68.67182603919059
1,0.16,30,0.07112260953662337,27.27045075125209,69.9100551250719
1,0.16,30,0.07112260953662337,27.512520868113523,71.04316231465012
1,0.16,30,0.07112260953662337,27.754590984974957,72.06590806595449
1,0.16,30,0.07112260953662337,27.996661101836395,72.97356788911578
1,0.16,30,0.07112260953662337,28.23873121869783,73.76390209523231
1,0.16,30,0.07112260953662337,28.480801335559267,74.44345808015507
1,0.16,30,0.07112260953662337,28.7228714524207,75.021814548262
1,0.16,30,0.07112260953662337,28.964941569282136,75.50937279359124
1,0.16,30,0.07112260953662337,29.207011686143574,75.91720949931768
1,0.16,30,0.07112260953662337,29.449081803005008,76.2569426249051
1,0.16,30,0.07112260953662337,29.691151919866446,76.54061290768462
1,0.16,30,0.07112260953662337,29.93322203672788,76.78058295995058
1,0.16,30,0.07112260953662337,30.175292153589314,76.98874993809427
1,0.16,30,0.07112260953662337,30.417362270450752,77.17046578444533
1,0.16,30,0.07112260953662337,30.659432387312187,77.32743513641839
1,0.16,30,0.07112260953662337,30.901502504173624,77.46135201642979
1,0.16,30,0.07112260953662337,31.14357262103506,77.57393382935622
1,0.16,30,0.07112260953662337,31.385642737896493,77.6669168124663
1,0.16,30,0.07112260953662337,31.62771285475793,77.74205184913161
1,0.16,30,0.07112260953662337,31.869782971619365,77.80110065591585
1,0.16,30,0.07112260953662337,32.1118530884808,77.84583235028876
1,0.16,30,0.07112260953662337,32.35392320534224,77.87802040409055
1,0.16,30,0.07112260953662337,32.59599332220367,77.89943998598116
1,0.16,30,0.07112260953662337,32.83806343906511,77.91186569445702
1,0.16,30,0.07112260953662337,33.080133555926544,77.91706968160396
1,0.16,30,0.07112260953662337,33.32220367278798,77.91682016658262
1,0.16,30,0.07112260953662337,33.56427378964942,77.91288033690712
1,0.16,30,0.07112260953662337,33.80634390651085,77.90700763488572
1,0.16,30,0.07112260953662337,34.04841402337229,77.90095342612985
1,0.16,30,0.07112260953662337,34.29048414023372,77.89646304680987
1,0.16,30,0.07112260953662337,34.53255425709516,77.89527622633705
1,0.16,30,0.07112260953662337,34.7746243739566,77.89912788237532
1,0.16,30,0.07112260953662337,35.016694490818026,77.90974915520525
1,0.16,30,0.07112260953662337,35.25876460767947,77.92838414866073
1,0.16,30,0.07112260953662337,35.5008347245409,77.95469677339193
1,0.16,30,0.07112260953662337,35.742904841402336,77.98802768044975
1,0.16,30,0.07112260953662337,35.98497495826378,78.0277144289218
1,0.16,30,0.07112260953662337,36.227045075125204,78.07309108223811
1,0.16,30,0.07112260953662337,36.469115191986646,78.12348784783264
1,0.16,30,0.07112260953662337,36.71118530884808,78.17823076192136
1,0.16,30,0.07112260953662337,36.953255425709514,78.23664142114349
1,0.16,30,0.07112260953662337,37.19532554257095,78.2980367627927
1,0.16,30,0.07112260953662337,37.43739565943239,78.36172889534937
1,0.16,30,0.07112260953662337,37.679465776293824,78.4270249809989
1,0.16,30,0.07112260953662337,37.92153589315526,78.49322717179308
1,0.16,30,0.07112260953662337,38.16360601001669,78.55963260107703
1,0.16,30,0.07112260953662337,38.40567612687813,78.62553343175897
1,0.16,30,0.07112260953662337,38.64774624373957,78.69021696295016
1,0.16,30,0.07112260953662337,38.889816360601,78.75296579643621
1,0.16,30,0.07112260953662337,39.13188647746244,78.81305806437027
1,0.16,30,0.07112260953662337,39.37395659432387,78.86976771948959
1,0.16,30,0.07112260953662337,39.616026711185306,78.92236488906019
1,0.16,30,0.07112260953662337,39.85809682804675,78.97011629363797
1,0.16,30,0.07112260953662337,40.10016694490818,79.012292564661
1,0.16,30,0.07112260953662337,40.342237061769616,79.04840728954511
1,0.16,30,0.07112260953662337,40.58430717863105,79.07828011451231
1,0.16,30,0.07112260953662337,40.826377295492485,79.10174955785834
1,0.16,30,0.07112260953662337,41.068447412353926,79.11865378001927
1,0.16,30,0.07112260953662337,41.31051752921536,79.12883077277569
1,0.16,30,0.07112260953662337,41.552587646076795,79.13211855048876
1,0.16,30,0.07112260953662337,41.79465776293823,79.12835534341066
1,0.16,30,0.07112260953662337,42.03672787979966,79.11737979309088
1,0.16,30,0.07112260953662337,42.278797996661105,79.09903114988384
1,0.16,30,0.07112260953662337,42.52086811352254,79.07314947254592
1,0.16,30,0.07112260953662337,42.76293823038397,79.03957582989268
1,0.16,30,0.07112260953662337,43.00500834724541,78.99815250447247
1,0.16,30,0.07112260953662337,43.24707846410684,78.94872319819115
1,0.16,30,0.07112260953662337,43.48914858096828,78.89113323981309
1,0.16,30,0.07112260953662337,43.73121869782972,78.82522979424073
1,0.16,30,0.07112260953662337,43.97328881469115,78.75086207346384
1,0.16,30,0.07112260953662337,44.215358931552586,78.66788154905107
1,0.16,30,0.07112260953662337,44.45742904841402,78.57614216604148
1,0.16,30,0.07112260953662337,44.69949916527546,78.47550055807898
1,0.16,30,0.07112260953662337,44.941569282136896,78.36581626361568
1,0.16,30,0.07112260953662337,45.18363939899833,78.24701393606631
1,0.16,30,0.07112260953662337,45.425709515859765,78.1195446338717
1,0.16,30,0.07112260953662337,45.6677796327212,77.98412159454503
1,0.16,30,0.07112260953662337,45.90984974958264,77.84145710424416
1,0.16,30,0.07112260953662337,46.151919866444075,77.69225985701618
1,0.16,30,0.07112260953662337,46.39398998330551,77.53723437751421
1,0.16,30,0.07112260953662337,46.636060100166944,77.37708050677176
1,0.16,30,0.07112260953662337,46.87813021702838,77.21249295048392
1,0.16,30,0.07112260953662337,47.12020033388982,77.04416088912916
1,0.16,30,0.07112260953662337,47.362270450751254,76.8727676491734
1,0.16,30,0.07112260953662337,47.60434056761269,76.6989904345107
1,0.16,30,0.07112260953662337,47.84641068447412,76.52350011723175
1,0.16,30,0.07112260953662337,48.08848080133556,76.34696108675405
1,0.16,30,0.07112260953662337,48.330550918197,76.17003115631485
1,0.16,30,0.07112260953662337,48.57262103505843,75.99336152579657
1,0.16,30,0.07112260953662337,48.81469115191987,75.8175967998493
1,0.16,30,0.07112260953662337,49.0567612687813,75.64337506027253
1,0.16,30,0.07112260953662337,49.298831385642735,75.47132799163454
1,0.16,30,0.07112260953662337,49.54090150250418,75.30208105913638
1,0.16,30,0.07112260953662337,49.78297161936561,75.13625373776327
1,0.16,30,0.07112260953662337,50.025041736227045,74.9744596338108
1,0.16,30,0.07112260953662337,50.26711185308848,74.81711624058916
1,0.16,30,0.07112260953662337,50.509181969949914,74.66407769740727
1,0.16,30,0.07112260953662337,50.751252086811355,74.51509718913655
1,0.16,30,0.07112260953662337,50.99332220367279,74.36992991280323
1,0.16,30,0.07112260953662337,51.235392320534224,74.2283329707682
1,0.16,30,0.07112260953662337,51.47746243739566,74.09006527112119
1,0.16,30,0.07112260953662337,51.71953255425709,73.95488743521946
1,0.16,30,0.07112260953662337,51.961602671118534,73.82256171230766
1,0.16,30,0.07112260953662337,52.20367278797997,73.69285190116015
1,0.16,30,0.07112260953662337,52.4457429048414,73.56552327869328
1,0.16,30,0.07112260953662337,52.68781302170284,73.44034253549641
1,0.16,30,0.07112260953662337,52.92988313856427,73.31707771823675
1,0.16,30,0.07112260953662337,53.17195325542571,73.19549817889533
1,0.16,30,0.07112260953662337,53.41402337228715,73.07537453079374
1,0.16,30,0.07112260953662337,53.65609348914858,72.95647861137329
1,0.16,30,0.07112260953662337,53.898163606010016,72.8385834516927
1,0.16,30,0.07112260953662337,54.14023372287145,72.72146325260707
1,0.16,30,0.07112260953662337,54.38230383973289,72.60489336759612
1,0.16,30,0.07112260953662337,54.624373956594326,72.4886502922072
1,0.16,30,0.07112260953662337,54.86644407345576,72.37251166008035
1,0.16,30,0.07112260953662337,55.108514190317194,72.25625907353457
1,0.16,30,0.07112260953662337,55.35058430717863,72.13975918605041
1,0.16,30,0.07112260953662337,55.59265442404007,72.02297515067197
1,0.16,30,0.07112260953662337,55.834724540901504,71.90587535944279
1,0.16,30,0.07112260953662337,56.07679465776294,71.78842817198876
1,0.16,30,0.07112260953662337,56.31886477462437,71.67060192494343
1,0.16,30,0.07112260953662337,56.56093489148581,71.55236494130541
1,0.16,30,0.07112260953662337,56.80300500834725,71.43368553973464
1,0.16,30,0.07112260953662337,57.04507512520868,71.31453204379702
1,0.16,30,0.07112260953662337,57.28714524207012,71.19487279116605
1,0.16,30,0.07112260953662337,57.52921535893155,71.074676142788
1,0.16,30,0.07112260953662337,57.771285475792986,70.9539104920182
1,0.16,30,0.07112260953662337,58.01335559265443,70.8325442737352
1,0.16,30,0.07112260953662337,58.25542570951586,70.71054597344
1,0.16,30,0.07112260953662337,58.497495826377296,70.58788413634353
1,0.16,30,0.07112260953662337,58.73956594323873,70.46452737645275
1,0.16,30,0.07112260953662337,58.981636060100165,70.34044438565508
1,0.16,30,0.07112260953662337,59.223706176961606,70.21560394281099
1,0.16,30,0.07112260953662337,59.46577629382304,70.0899749228559
1,0.16,30,0.07112260953662337,59.707846410684475,69.96352630591706
1,0.16,30,0.07112260953662337,59.94991652754591,69.83622718644915
1,0.16,30,0.07112260953662337,60.19198664440734,69.70808221027156
1,0.16,30,0.07112260953662337,60.434056761268785,69.57936310971627
1,0.16,30,0.07112260953662337,60.67612687813022,69.45046137946046
1,0.16,30,0.07112260953662337,60.91819699499165,69.32176610973083
1,0.16,30,0.07112260953662337,61.16026711185309,69.19366336154766
1,0.16,30,0.07112260953662337,61.40233722871452,69.06653619357667
1,0.16,30,0.07112260953662337,61.644407345575964,68.94076471017883
1,0.16,30,0.07112260953662337,61.8864774624374,68.81672613035923
1,0.16,30,0.07112260953662337,62.12854757929883,68.69479487732822
1,0.16,30,0.07112260953662337,62.37061769616027,68.57534268839653
1,0.16,30,0.07112260953662337,62.6126878130217,68.45873874494669
1,0.16,30,0.07112260953662337,62.85475792988314,68.34534982223876
1,0.16,30,0.07112260953662337,63.09682804674458,68.23554045883097
1,0.16,30,0.07112260953662337,63.33889816360601,68.12967314542144
1,0.16,30,0.07112260953662337,63.580968280467445,68.0281085329449
1,0.16,30,0.07112260953662337,63.82303839732888,67.93120565978683
1,0.16,30,0.07112260953662337,64.06510851419031,67.83932219801453
1,0.16,30,0.07112260953662337,64.30717863105176,67.7528147185571
1,0.16,30,0.07112260953662337,64.5492487479132,67.67203897530803
1,0.16,30,0.07112260953662337,64.79131886477462,67.59735020816505
1,0.16,30,0.07112260953662337,65.03338898163605,67.52910315315201
1,0.16,30,0.07112260953662337,65.27545909849749,67.46747895762212
1,0.16,30,0.07112260953662337,65.51752921535893,67.4121978176628
1,0.16,30,0.07112260953662337,65.75959933222038,67.36290656109975
1,0.16,30,0.07112260953662337,66.0016694490818,67.31925456194182
1,0.16,30,0.07112260953662337,66.24373956594323,67.28089344557645
1,0.16,30,0.07112260953662337,66.48580968280467,67.2474768124992
1,0.16,30,0.07112260953662337,66.72787979966611,67.21865998028466
1,0.16,30,0.07112260953662337,66.96994991652755,67.19409974354502
1,0.16,30,0.07112260953662337,67.21202003338898,67.17345415165912
1,0.16,30,0.07112260953662337,67.45409015025041,67.1563823040841
1,0.16,30,0.07112260953662337,67.69616026711185,67.1425441630955
1,0.16,30,0.07112260953662337,67.93823038397329,67.13160038382546
1,0.16,30,0.07112260953662337,68.18030050083473,67.12321216149616
1,0.16,30,0.07112260953662337,68.42237061769616,67.1170410957668
1,0.16,30,0.07112260953662337,68.66444073455759,67.11274907213303
1,0.16,30,0.07112260953662337,68.90651085141903,67.10999816033394
1,0.16,30,0.07112260953662337,69.14858096828047,67.10845052974116
1,0.16,30,0.07112260953662337,69.3906510851419,67.1077683817103
1,0.16,30,0.07112260953662337,69.63272120200334,67.10761389889328
1,0.16,30,0.07112260953662337,69.87479131886478,67.10764921151228
1,0.16,30,0.07112260953662337,70.11686143572621,67.10754280879809
1,0.16,30,0.07112260953662337,70.35893155258765,67.10712365279929
1,0.16,30,0.07112260953662337,70.60100166944908,67.10638856830855
1,0.16,30,0.07112260953662337,70.84307178631052,67.10534222087833
1,0.16,30,0.07112260953662337,71.08514190317196,67.10398921139308
1,0.16,30,0.07112260953662337,71.32721202003339,67.10233407703267
1,0.16,30,0.07112260953662337,71.56928213689483,67.10038129221847
1,0.16,30,0.07112260953662337,71.81135225375625,67.09813526954322
1,0.16,30,0.07112260953662337,72.0534223706177,67.09560036068302
1,0.16,30,0.07112260953662337,72.29549248747914,67.09278085729497
1,0.16,30,0.07112260953662337,72.53756260434056,67.08968099189721
1,0.16,30,0.07112260953662337,72.779632721202,67.08630493873491
1,0.16,30,0.07112260953662337,73.02170283806343,67.08265681462994
1,0.16,30,0.07112260953662337,73.26377295492487,67.07874067981689
1,0.16,30,0.07112260953662337,73.50584307178632,67.07456053876369
1,0.16,30,0.07112260953662337,73.74791318864774,67.07012034097802
1,0.16,30,0.07112260953662337,73.98998330550918,67.0654239818005
1,0.16,30,0.07112260953662337,74.23205342237061,67.06047530318362
1,0.16,30,0.07112260953662337,74.47412353923205,67.05527809445744
1,0.16,30,0.07112260953662337,74.7161936560935,67.04983609308215
1,0.16,30,0.07112260953662337,74.95826377295492,67.04415298538841
1,0.16,30,0.07112260953662337,75.20033388981636,67.03821645835717
1,0.16,30,0.07112260953662337,75.44240400667779,67.03190619951062
1,0.16,30,0.07112260953662337,75.68447412353923,67.02505713670851
1,0.16,30,0.07112260953662337,75.92654424040067,67.01750408253277
1,0.16,30,0.07112260953662337,76.1686143572621,67.00908189463611
1,0.16,30,0.07112260953662337,76.41068447412354,66.99962549592516
1,0.16,30,0.07112260953662337,76.65275459098497,66.98896989880299
1,0.16,30,0.07112260953662337,76.89482470784641,66.97695023346826
1,0.16,30,0.07112260953662337,77.13689482470785,66.96340178026557
1,0.16,30,0.07112260953662337,77.37896494156928,66.94816000608108
1,0.16,30,0.07112260953662337,77.62103505843072,66.93106060477326
1,0.16,30,0.07112260953662337,77.86310517529215,66.91193954162691
1,0.16,30,0.07112260953662337,78.10517529215359,66.8906331018151
1,0.16,30,0.07112260953662337,78.34724540901503,66.86697794285136
1,0.16,30,0.07112260953662337,78.58931552587646,66.84081115100926
1,0.16,30,0.07112260953662337,78.8313856427379,66.81197030168528
1,0.16,30,0.07112260953662337,79.07345575959933,66.78029352367311
1,0.16,30,0.07112260953662337,79.31552587646077,66.74561956731722
1,0.16,30,0.07112260953662337,79.55759599332221,66.7077878765069
1,0.16,30,0.07112260953662337,79.79966611018364,66.66663866446572
1,0.16,30,0.07112260953662337,80.04173622704508,66.62201307632326
1,0.16,30,0.07112260953662337,80.2838063439065,66.57377894674299
1,0.16,30,0.07112260953662337,80.52587646076795,66.5218671181634
1,0.16,30,0.07112260953662337,80.76794657762939,66.46621839979153
1,0.16,30,0.07112260953662337,81.01001669449082,66.4067744146392
1,0.16,30,0.07112260953662337,81.25208681135226,66.34347763592494
1,0.16,30,0.07112260953662337,81.49415692821368,66.27627142380062
1,0.16,30,0.07112260953662337,81.73622704507513,66.2051000623739
1,0.16,30,0.07112260953662337,81.97829716193657,66.12990879700082
1,0.16,30,0.07112260953662337,82.220367278798,66.05064387182043
1,0.16,30,0.07112260953662337,82.46243739565944,65.96725256750265
1,0.16,30,0.07112260953662337,82.70450751252086,65.8796832391796
1,0.16,30,0.07112260953662337,82.9465776293823,65.78788535453019
1,0.16,30,0.07112260953662337,83.18864774624375,65.69180953198611
1,0.16,30,0.07112260953662337,83.43071786310517,65.59140757902732
1,0.16,30,0.07112260953662337,83.67278797996661,65.4866325305334
1,0.16,30,0.07112260953662337,83.91485809682804,65.37743868715798
1,0.16,30,0.07112260953662337,84.15692821368948,65.26378165368936
1,0.16,30,0.07112260953662337,84.39899833055092,65.14561837736441
1,0.16,30,0.07112260953662337,84.64106844741235,65.02290718609733
1,0.16,30,0.07112260953662337,84.88313856427379,64.89560782658664
1,0.16,30,0.07112260953662337,85.12520868113522,64.76368818510146
1,0.16,30,0.07112260953662337,85.36727879799666,64.62725922835284
1,0.16,30,0.07112260953662337,85.6093489148581,64.48656727483794
1,0.16,30,0.07112260953662337,85.85141903171953,64.34186299463315
1,0.16,30,0.07112260953662337,86.09348914858097,64.19339581354852
1,0.16,30,0.07112260953662337,86.3355592654424,64.04141377109893
1,0.16,30,0.07112260953662337,86.57762938230384,63.886163387797424
1,0.16,30,0.07112260953662337,86.81969949916528,63.727889541719996
1,0.16,30,0.07112260953662337,87.06176961602671,63.56683535428098
1,0.16,30,0.07112260953662337,87.30383973288815,63.40324208514396
1,0.16,30,0.07112260953662337,87.54590984974958,63.2373490361836
1,0.16,30,0.07112260953662337,87.78797996661102,63.069393464403504
1,0.16,30,0.07112260953662337,88.03005008347246,62.899610503704665
1,0.16,30,0.07112260953662337,88.27212020033389,62.72823309539251
1,0.16,30,0.07112260953662337,88.51419031719533,62.5554919273018
1,0.16,30,0.07112260953662337,88.75626043405676,62.381615381413724
1,0.16,30,0.07112260953662337,88.9983305509182,62.20682948983168
1,0.16,30,0.07112260953662337,89.24040066777964,62.03135789897908
1,0.16,30,0.07112260953662337,89.48247078464107,61.855421841879384
1,0.16,30,0.07112260953662337,89.72454090150251,61.67924011837215
1,0.16,30,0.07112260953662337,89.96661101836393,61.503029083120765
1,0.16,30,0.07112260953662337,90.20868113522538,61.32700028879812
1,0.16,30,0.07112260953662337,90.45075125208682,61.151348612031306
1,0.16,30,0.07112260953662337,90.69282136894824,60.97626134220013
1,0.16,30,0.07112260953662337,90.93489148580969,60.801923589770894
1,0.16,30,0.07112260953662337,91.17696160267111,60.6285183165998
1,0.16,30,0.07112260953662337,91.41903171953255,60.45622636211556
1,0.16,30,0.07112260953662337,91.661101836394,60.28522647492885
1,0.16,30,0.07112260953662337,91.90317195325542,60.115695349759385
1,0.16,30,0.07112260953662337,92.14524207011686,59.947807669569315
1,0.16,30,0.07112260953662337,92.38731218697829,59.781736152799155
1,0.16,30,0.07112260953662337,92.62938230383973,59.61765160560429
1,0.16,30,0.07112260953662337,92.87145242070117,59.4557229789941
1,0.16,30,0.07112260953662337,93.1135225375626,59.29611743078188
1,0.16,30,0.07112260953662337,93.35559265442404,59.139000392256456
1,0.16,30,0.07112260953662337,93.59766277128547,58.98453563949499
1,0.16,30,0.07112260953662337,93.83973288814691,58.83288536923806
1,0.16,30,0.07112260953662337,94.08180300500835,58.68421027925813
1,0.16,30,0.07112260953662337,94.32387312186978,58.53866965315619
1,0.16,30,0.07112260953662337,94.56594323873122,58.39642144952954
1,0.16,30,0.07112260953662337,94.80801335559265,58.25762239546125
1,0.16,30,0.07112260953662337,95.05008347245409,58.122427691926966
1,0.16,30,0.07112260953662337,95.29215358931553,57.99091537224024
1,0.16,30,0.07112260953662337,95.53422370617696,57.862996955955694
1,0.16,30,0.07112260953662337,95.7762938230384,57.738563240925686
1,0.16,30,0.07112260953662337,96.01836393989983,57.617506396547086
1,0.16,30,0.07112260953662337,96.26043405676127,57.499719906622204
1,0.16,30,0.07112260953662337,96.50250417362271,57.385098514292466
1,0.16,30,0.07112260953662337,96.74457429048414,57.2735381689938
1,0.16,30,0.07112260953662337,96.98664440734558,57.164935975386236
1,0.16,30,0.07112260953662337,97.228714524207,57.05919014421347
1,0.16,30,0.07112260953662337,97.47078464106845,56.95619994504744
1,0.16,30,0.07112260953662337,97.71285475792989,56.85586566087942
1,0.16,30,0.07112260953662337,97.95492487479132,56.75808854451752
1,0.16,30,0.07112260953662337,98.19699499165276,56.66277077675448
1,0.16,30,0.07112260953662337,98.43906510851419,56.56981542627123
1,0.16,30,0.07112260953662337,98.68113522537563,56.47912641124346
1,0.16,30,0.07112260953662337,98.92320534223707,56.39060846261963
1,0.16,30,0.07112260953662337,99.1652754590985,56.30416708904199
1,0.16,30,0.07112260953662337,99.40734557595994,56.21970854338144
1,0.16,30,0.07112260953662337,99.64941569282136,56.137139790861774
1,0.16,30,0.07112260953662337,99.8914858096828,56.056368478747125
1,0.16,30,0.07112260953662337,100.13355592654425,55.97730400548252
1,0.16,30,0.07112260953662337,100.37562604340567,55.899876395710955
1,0.16,30,0.07112260953662337,100.61769616026712,55.824033615342096
1,0.16,30,0.07112260953662337,100.85976627712854,55.74972459088791
1,0.16,30,0.07112260953662337,101.10183639398998,55.67689860655089
1,0.16,30,0.07112260953662337,101.34390651085143,55.60550529150841
1,0.16,30,0.07112260953662337,101.58597662771285,55.535494607658094
1,0.16,30,0.07112260953662337,101.8280467445743,55.466816837818875
1,0.16,30,0.07112260953662337,102.07011686143572,55.39942257438175
1,0.16,30,0.07112260953662337,102.31218697829716,55.333262708403595
1,0.16,30,0.07112260953662337,102.5542570951586,55.268288419140156
1,0.16,30,0.07112260953662337,102.79632721202003,55.20445116401164
1,0.16,30,0.07112260953662337,103.03839732888147,55.14170266899657
1,0.16,30,0.07112260953662337,103.2804674457429,55.07999491944983
1,0.16,30,0.07112260953662337,103.52253756260434,55.01928015133864
1,0.16,30,0.07112260953662337,103.76460767946578,54.95951084289435
1,0.16,30,0.07112260953662337,104.00667779632721,54.900639706674156
1,0.16,30,0.07112260953662337,104.24874791318865,54.84261968202999
1,0.16,30,0.07112260953662337,104.49081803005008,54.785403927980155
1,0.16,30,0.07112260953662337,104.73288814691152,54.72894581648051
1,0.16,30,0.07112260953662337,104.97495826377296,54.67319892609183
1,0.16,30,0.07112260953662337,105.21702838063439,54.61811703603973
1,0.16,30,0.07112260953662337,105.45909849749583,54.56365412066432
1,0.16,30,0.07112260953662337,105.70116861435726,54.50976434425639
1,0.16,30,0.07112260953662337,105.9432387312187,54.45640205627778
1,0.16,30,0.07112260953662337,106.18530884808014,54.403521786962216
1,0.16,30,0.07112260953662337,106.42737896494157,54.35107824329496
1,0.16,30,0.07112260953662337,106.66944908180301,54.29902630536774
1,0.16,30,0.07112260953662337,106.91151919866444,54.247321023107624
1,0.16,30,0.07112260953662337,107.15358931552588,54.195917613376054
1,0.16,30,0.07112260953662337,107.39565943238732,54.14477145743705
1,0.16,30,0.07112260953662337,107.63772954924875,54.09383809879122
1,0.16,30,0.07112260953662337,107.87979966611019,54.04307324137389
1,0.16,30,0.07112260953662337,108.12186978297161,53.99243274811535
1,0.16,30,0.07112260953662337,108.36393989983306,53.9418726398602
1,0.16,30,0.07112260953662337,108.6060100166945,53.89134909464488
1,0.16,30,0.07112260953662337,108.84808013355592,53.840818447330044
1,0.16,30,0.07112260953662337,109.09015025041737,53.79023718958652
1,0.16,30,0.07112260953662337,109.3322203672788,53.73956197023259
1,0.16,30,0.07112260953662337,109.57429048414023,53.688749595920115
1,0.16,30,0.07112260953662337,109.81636060100168,53.63775703216772
1,0.16,30,0.07112260953662337,110.0584307178631,53.58654151911243
1,0.16,30,0.07112260953662337,110.30050083472455,53.535075543888254
1,0.16,30,0.07112260953662337,110.54257095158597,53.48336167125504
1,0.16,30,0.07112260953662337,110.78464106844741,53.431405996401146
1,0.16,30,0.07112260953662337,111.02671118530886,53.37921459080135
1,0.16,30,0.07112260953662337,111.26878130217028,53.32679350205637
1,0.16,30,0.07112260953662337,111.51085141903172,53.274148753737855
1,0.16,30,0.07112260953662337,111.75292153589315,53.221286345239605
1,0.16,30,0.07112260953662337,111.99499165275459,53.16821225163443
1,0.16,30,0.07112260953662337,112.23706176961603,53.11493242353704
1,0.16,30,0.07112260953662337,112.47913188647746,53.06145278697249
1,0.16,30,0.07112260953662337,112.7212020033389,53.007779243250596
1,0.16,30,0.07112260953662337,112.96327212020033,52.95391766884588
1,0.16,30,0.07112260953662337,113.20534223706177,52.899873915283415
1,0.16,30,0.07112260953662337,113.44741235392321,52.8456538090299
1,0.16,30,0.07112260953662337,113.68948247078464,52.791263151390844
1,0.16,30,0.07112260953662337,113.93155258764608,52.73670771841276
1,0.16,30,0.07112260953662337,114.17362270450751,52.68199326079141
1,0.16,30,0.07112260953662337,114.41569282136895,52.62712550378499
1,0.16,30,0.07112260953662337,114.65776293823039,52.57211014713305
1,0.16,30,0.07112260953662337,114.89983305509182,52.51695286498087
1,0.16,30,0.07112260953662337,115.14190317195326,52.46165930580874
1,0.16,30,0.07112260953662337,115.38397328881469,52.40623509236717
1,0.16,30,0.07112260953662337,115.62604340567613,52.35068582161671
1,0.16,30,0.07112260953662337,115.86811352253757,52.29501706467354
1,0.16,30,0.07112260953662337,116.110183639399,52.23923436675976
1,0.16,30,0.07112260953662337,116.35225375626044,52.18334324715916
1,0.16,30,0.07112260953662337,116.59432387312187,52.12734919917791
1,0.16,30,0.07112260953662337,116.8363939899833,52.07125769011039
1,0.16,30,0.07112260953662337,117.07846410684475,52.01507416120978
1,0.16,30,0.07112260953662337,117.32053422370618,51.95880402766408
1,0.16,30,0.07112260953662337,117.56260434056762,51.90245267857632
1,0.16,30,0.07112260953662337,117.80467445742904,51.846025476950594
1,0.16,30,0.07112260953662337,118.04674457429049,51.789527759682024
1,0.16,30,0.07112260953662337,118.28881469115193,51.73296483755198
1,0.16,30,0.07112260953662337,118.53088480801335,51.676341995228114
1,0.16,30,0.07112260953662337,118.7729549248748,51.61966449126874
1,0.16,30,0.07112260953662337,119.01502504173622,51.562937558132205
1,0.16,30,0.07112260953662337,119.25709515859766,51.50616640219073
1,0.16,30,0.07112260953662337,119.4991652754591,51.44935620374878
1,0.16,30,0.07112260953662337,119.74123539232053,51.3925121170661
1,0.16,30,0.07112260953662337,119.98330550918197,51.33563927038516
1,0.16,30,0.07112260953662337,120.2253756260434,51.27874225866865
1,0.16,30,0.07112260953662337,120.46744574290484,51.221823158939905
1,0.16,30,0.07112260953662337,120.70951585976628,51.164883270375
1,0.16,30,0.07112260953662337,120.95158597662771,51.10792388283975
1,0.16,30,0.07112260953662337,121.19365609348915,51.05094627715126
1,0.16,30,0.07112260953662337,121.43572621035058,50.9939517251329
1,0.16,30,0.07112260953662337,121.67779632721202,50.936941489668584
1,0.16,30,0.07112260953662337,121.91986644407346,50.87991682475693
1,0.16,30,0.07112260953662337,122.16193656093489,50.82287897556525
1,0.16,30,0.07112260953662337,122.40400667779633,50.76582917848277
1,0.16,30,0.07112260953662337,122.64607679465776,50.708768661174034
1,0.16,30,0.07112260953662337,122.8881469115192,50.65169864263157
1,0.16,30,0.07112260953662337,123.13021702838064,50.59462033322857
1,0.16,30,0.07112260953662337,123.37228714524207,50.537534934771166
1,0.16,30,0.07112260953662337,123.61435726210351,50.48044364055007
1,0.16,30,0.07112260953662337,123.85642737896494,50.42334763539262
1,0.16,30,0.07112260953662337,124.09849749582638,50.36624809571373
1,0.16,30,0.07112260953662337,124.34056761268782,50.30914618956713
1,0.16,30,0.07112260953662337,124.58263772954925,50.25204307669611
1,0.16,30,0.07112260953662337,124.82470784641069,50.194939908583635
1,0.16,30,0.07112260953662337,125.06677796327212,50.137837828503066
1,0.16,30,0.07112260953662337,125.30884808013356,50.08073797156745
1,0.16,30,0.07112260953662337,125.550918196995,50.023641464779516
1,0.16,30,0.07112260953662337,125.79298831385643,49.96654942708064
1,0.16,30,0.07112260953662337,126.03505843071787,49.90946296940022
1,0.16,30,0.07112260953662337,126.2771285475793,49.852383194704
1,0.16,30,0.07112260953662337,126.51919866444074,49.79531119804293
1,0.16,30,0.07112260953662337,126.76126878130218,49.73824806660106
1,0.16,30,0.07112260953662337,127.0033388981636,49.681194879743714
1,0.16,30,0.07112260953662337,127.24540901502505,49.62415270906483
1,0.16,30,0.07112260953662337,127.48747913188647,49.567122618434766
1,0.16,30,0.07112260953662337,127.72954924874792,49.510105664047
1,0.16,30,0.07112260953662337,127.97161936560936,49.453102894465374
1,0.16,30,0.07112260953662337,128.21368948247078,49.39611535067037
1,0.16,30,0.07112260953662337,128.45575959933223,49.339144066105746
1,0.16,30,0.07112260953662337,128.69782971619367,49.28219006672443
1,0.16,30,0.07112260953662337,128.9398998330551,49.225254371034524
1,0.16,30,0.07112260953662337,129.18196994991655,49.168337990144884
1,0.16,30,0.07112260953662337,129.42404006677796,49.11144192781025
1,0.16,30,0.07112260953662337,129.6661101836394,49.05456718047669
1,0.16,30,0.07112260953662337,129.90818030050082,48.99771473732624
1,0.16,30,0.07112260953662337,130.15025041736226,48.940885580321584
1,0.16,30,0.07112260953662337,130.3923205342237,48.88408068425044
1,0.16,30,0.07112260953662337,130.63439065108514,48.82730101676981
1,0.16,30,0.07112260953662337,130.87646076794658,48.77054753844961
1,0.16,30,0.07112260953662337,131.11853088480802,48.71382120281669
1,0.16,30,0.07112260953662337,131.36060100166947,48.65712295639798
1,0.16,30,0.07112260953662337,131.6026711185309,48.60045373876395
1,0.16,30,0.07112260953662337,131.84474123539232,48.543814482571456
1,0.16,30,0.07112260953662337,132.08681135225376,48.48720611360652
1,0.16,30,0.07112260953662337,132.32888146911517,48.430629550826815
1,0.16,30,0.07112260953662337,132.57095158597662,48.37408570640415
1,0.16,30,0.07112260953662337,132.81302170283806,48.31757548576643
1,0.16,30,0.07112260953662337,133.0550918196995,48.261099787639495
1,0.16,30,0.07112260953662337,133.29716193656094,48.2046595040889
1,0.16,30,0.07112260953662337,133.53923205342238,48.1482555205612
1,0.16,30,0.07112260953662337,133.7813021702838,48.09188871592544
1,0.16,30,0.07112260953662337,134.02337228714524,48.035559962513744
1,0.16,30,0.07112260953662337,134.26544240400668,47.97927012616255
1,0.16,30,0.07112260953662337,134.50751252086812,47.923020066252946
1,0.16,30,0.07112260953662337,134.74958263772956,47.86681063575115
1,0.16,30,0.07112260953662337,134.99165275459097,47.81064268124864
1,0.16,30,0.07112260953662337,135.23372287145241,47.754516131909334
1,0.16,30,0.07112260953662337,135.47579298831386,47.698426877775816
1,0.16,30,0.07112260953662337,135.7178631051753,47.64236970807595
1,0.16,30,0.07112260953662337,135.95993322203674,47.586339434248174
1,0.16,30,0.07112260953662337,136.20200333889815,47.53033088998222
1,0.16,30,0.07112260953662337,136.4440734557596,47.474338931223166
1,0.16,30,0.07112260953662337,136.68614357262103,47.41835843618124
1,0.16,30,0.07112260953662337,136.92821368948248,47.36238430534653
1,0.16,30,0.07112260953662337,137.17028380634392,47.306411461509065
1,0.16,30,0.07112260953662337,137.41235392320533,47.25043484978378
1,0.16,30,0.07112260953662337,137.65442404006677,47.19444943764113
1,0.16,30,0.07112260953662337,137.8964941569282,47.138450214942175
1,0.16,30,0.07112260953662337,138.13856427378965,47.08243219397928
1,0.16,30,0.07112260953662337,138.3806343906511,47.02639040952138
1,0.16,30,0.07112260953662337,138.6227045075125,46.97031991886456
1,0.16,30,0.07112260953662337,138.86477462437395,46.914215801887224
1,0.16,30,0.07112260953662337,139.1068447412354,46.858073161110745
1,0.16,30,0.07112260953662337,139.34891485809683,46.80188712176433
1,0.16,30,0.07112260953662337,139.59098497495827,46.74565283185519
1,0.16,30,0.07112260953662337,139.8330550918197,46.68936546224328
1,0.16,30,0.07112260953662337,140.07512520868113,46.63302020672085
1,0.16,30,0.07112260953662337,140.31719532554257,46.57661228209679
1,0.16,30,0.07112260953662337,140.559265442404,46.52013692828558
1,0.16,30,0.07112260953662337,140.80133555926545,46.463589408400885
1,0.16,30,0.07112260953662337,141.04340567612687,46.40696500885378
1,0.16,30,0.07112260953662337,141.2854757929883,46.350259039455494
1,0.16,30,0.07112260953662337,141.52754590984975,46.293466833524796
1,0.16,30,0.07112260953662337,141.7696160267112,46.236583747999696
1,0.16,30,0.07112260953662337,142.01168614357263,46.17960516355371
1,0.16,30,0.07112260953662337,142.25375626043405,46.12252648471661
1,0.16,30,0.07112260953662337,142.4958263772955,46.06534313999908
1,0.16,30,0.07112260953662337,142.73789649415693,46.00805058202245
1,0.16,30,0.07112260953662337,142.97996661101837,45.950644287652004
1,0.16,30,0.07112260953662337,143.2220367278798,45.893119758134766
1,0.16,30,0.07112260953662337,143.46410684474122,45.83547251924169
1,0.16,30,0.07112260953662337,143.70617696160267,45.77769812141378
1,0.16,30,0.07112260953662337,143.9482470784641,45.719792139912016
1,0.16,30,0.07112260953662337,144.19031719532555,45.661750174972134
1,0.16,30,0.07112260953662337,144.432387312187,45.60356785196251
1,0.16,30,0.07112260953662337,144.6744574290484,45.54524082154664
1,0.16,30,0.07112260953662337,144.91652754590984,45.48676475984922
1,0.16,30,0.07112260953662337,145.15859766277129,45.42813536862632
1,0.16,30,0.07112260953662337,145.40066777963273,45.369348375439046
1,0.16,30,0.07112260953662337,145.64273789649417,45.310399533831244
1,0.16,30,0.07112260953662337,145.88480801335558,45.25128462351097
1,0.16,30,0.07112260953662337,146.12687813021702,45.19199945053536
1,0.16,30,0.07112260953662337,146.36894824707846,45.13253984749929
1,0.16,30,0.07112260953662337,146.6110183639399,45.072901673727664
1,0.16,30,0.07112260953662337,146.85308848080135,45.01308081547103
1,0.16,30,0.07112260953662337,147.09515859766276,44.953073186104895
1,0.16,30,0.07112260953662337,147.3372287145242,44.892874726332316
1,0.16,30,0.07112260953662337,147.57929883138564,44.832481404389696
1,0.16,30,0.07112260953662337,147.82136894824708,44.77188921625633
1,0.16,30,0.07112260953662337,148.06343906510853,44.711094185866706
1,0.16,30,0.07112260953662337,148.30550918196994,44.65009236532638
1,0.16,30,0.07112260953662337,148.54757929883138,44.58887983513077
1,0.16,30,0.07112260953662337,148.78964941569282,44.52745270438711
1,0.16,30,0.07112260953662337,149.03171953255426,44.46580711103939
1,0.16,30,0.07112260953662337,149.2737896494157,44.40393922209649
1,0.16,30,0.07112260953662337,149.51585976627712,44.341845233862735
1,0.16,30,0.07112260953662337,149.75792988313856,44.279521372171864
1,0.16,30,0.07112260953662337,150.0,44.21696389262336
2,0.3,289,0.08918419674784146,5.0,0.0
2,0.3,289,0.08918419674784146,5.242070116861436,0.0
2,0.3,289,0.08918419674784146,5.484140233722871,0.0
2,0.3,289,0.08918419674784146,5.726210350584307,0.0
2,0.3,289,0.08918419674784146,5.968280467445743,0.0
2,0.3,289,0.08918419674784146,6.210350584307179,0.0
2,0.3,289,0.08918419674784146,6.452420701168615,0.0
2,0.3,289,0.08918419674784146,6.69449081803005,0.0
2,0.3,289,0.08918419674784146,6.936560934891486,0.0
2,0.3,289,0.08918419674784146,7.178631051752921,0.0
2,0.3,289,0.08918419674784146,7.420701168614357,0.0
2,0.3,289,0.08918419674784146,7.6627712854757934,0.0
2,0.3,289,0.08918419674784146,7.904841402337229,0.0
2,0.3,289,0.08918419674784146,8.146911519198664,0.0
2,0.3,289,0.08918419674784146,8.3889816360601,0.0
2,0.3,289,0.08918419674784146,8.631051752921536,0.0
2,0.3,289,0.08918419674784146,8.873121869782972,0.0
2,0.3,289,0.08918419674784146,9.115191986644408,0.0
2,0.3,289,0.08918419674784146,9.357262103505843,0.0
2,0.3,289,0.08918419674784146,9.599332220367279,0.0
2,0.3,289,0.08918419674784146,9.841402337228715,0.0
2,0.3,289,0.08918419674784146,10.083472454090149,0.0
2,0.3,289,0.08918419674784146,10.325542570951587,0.0
2,0.3,289,0.08918419674784146,10.567612687813021,0.0
2,0.3,289,0.08918419674784146,10.809682804674457,0.0
2,0.3,289,0.08918419674784146,11.051752921535893,0.0
2,0.3,289,0.08918419674784146,11.293823038397328,0.0
2,0.3,289,0.08918419674784146,11.535893155258766,0.0
2,0.3,289,0.08918419674784146,11.7779632721202,0.0
2,0.3,289,0.08918419674784146,12.020033388981636,0.0
2,0.3,289,0.08918419674784146,12.262103505843072,0.0
2,0.3,289,0.08918419674784146,12.504173622704506,0.0
2,0.3,289,0.08918419674784146,12.746243739565944,0.0
2,0.3,289,0.08918419674784146,12.988313856427379,0.0
2,0.3,289,0.08918419674784146,13.230383973288815,0.0
2,0.3,289,0.08918419674784146,13.47245409015025,0.0
2,0.3,289,0.08918419674784146,13.714524207011687,0.0
2,0.3,289,0.08918419674784146,13.956594323873121,0.0
2,0.3,289,0.08918419674784146,14.198664440734557,0.0
2,0.3,289,0.08918419674784146,14.440734557595993,0.8037022865052784
2,0.3,289,0.08918419674784146,14.68280467445743,1.4487684602250106
2,0.3,289,0.08918419674784146,14.924874791318866,2.023941752122856
2,0.3,289,0.08918419674784146,15.1669449081803,2.5785018099719657
2,0.3,289,0.08918419674784146,15.409015025041736,3.1222892896321213
2,0.3,289,0.08918419674784146,15.651085141903172,3.659155535627516
2,0.3,289,0.08918419674784146,15.893155258764608,4.193539866763085
2,0.3,289,0.08918419674784146,16.135225375626042,4.73239253808293
2,0.3,289,0.08918419674784146,16.377295492487477,5.280749821578197
2,0.3,289,0.08918419674784146,16.619365609348915,5.8403071720891155
2,0.3,289,0.08918419674784146,16.861435726210352,6.4128625416159855
2,0.3,289,0.08918419674784146,17.103505843071787,7.000637313587869
2,0.3,289,0.08918419674784146,17.34557595993322,7.606422798706765
2,0.3,289,0.08918419674784146,17.587646076794655,8.233703239883154
2,0.3,289,0.08918419674784146,17.829716193656093,8.88677195555213
2,0.3,289,0.08918419674784146,18.07178631051753,9.570838855770495
2,0.3,289,0.08918419674784146,18.313856427378965,10.29099866240744
2,0.3,289,0.08918419674784146,18.5559265442404,11.051055783741349
2,0.3,289,0.08918419674784146,18.797996661101834,11.854966289153777
2,0.3,289,0.08918419674784146,19.040066777963272,12.707060396667353
2,0.3,289,0.08918419674784146,19.28213689482471,13.612097823994777
2,0.3,289,0.08918419674784146,19.524207011686144,14.575328080685004
2,0.3,289,0.08918419674784146,19.76627712854758,15.602557109094434
2,0.3,289,0.08918419674784146,20.008347245409013,16.70022168335558
2,0.3,289,0.08918419674784146,20.25041736227045,17.87440623313014
2,0.3,289,0.08918419674784146,20.49248747913189,19.12758484936701
2,0.3,289,0.08918419674784146,20.734557595993323,20.460645187847284
2,0.3,289,0.08918419674784146,20.976627712854757,21.873470539849045
2,0.3,289,0.08918419674784146,21.218697829716195,23.36475091896356
2,0.3,289,0.08918419674784146,21.46076794657763,24.931784310128176
2,0.3,289,0.08918419674784146,21.702838063439064,26.57027318810914
2,0.3,289,0.08918419674784146,21.9449081803005,28.2741228555439
2,0.3,289,0.08918419674784146,22.186978297161936,30.03566517842067
2,0.3,289,0.08918419674784146,22.429048414023374,31.848731623253116
2,0.3,289,0.08918419674784146,22.671118530884808,33.70760768797235
2,0.3,289,0.08918419674784146,22.913188647746242,35.60556513769218
2,0.3,289,0.08918419674784146,23.15525876460768,37.53482113981131
2,0.3,289,0.08918419674784146,23.397328881469114,39.486521132815184
2,0.3,289,0.08918419674784146,23.639398998330552,41.45073769911439
2,0.3,289,0.08918419674784146,23.881469115191987,43.41648764564645
2,0.3,289,0.08918419674784146,24.12353923205342,45.3718692937801
2,0.3,289,0.08918419674784146,24.36560934891486,47.30632318099497
2,0.3,289,0.08918419674784146,24.607679465776293,49.21110971440368
2,0.3,289,0.08918419674784146,24.84974958263773,51.07752915126946
2,0.3,289,0.08918419674784146,25.091819699499165,52.896907179007286
2,0.3,289,0.08918419674784146,25.3338898163606,54.660665826587376
2,0.3,289,0.08918419674784146,25.575959933222038,56.36039438330162
2,0.3,289,0.08918419674784146,25.818030050083472,57.98791946773425
2,0.3,289,0.08918419674784146,26.06010016694491,59.53538293620445
2,0.3,289,0.08918419674784146,26.302170283806344,60.99650204897038
2,0.3,289,0.08918419674784146,26.54424040066778,62.36793687662104
2,0.3,289,0.08918419674784146,26.786310517529216,63.647408302023074
2,0.3,289,0.08918419674784146,27.02838063439065,64.83343026361302
2,0.3,289,0.08918419674784146,27.27045075125209,65.9252908029595
2,0.3,289,0.08918419674784146,27.512520868113523,66.92302501847345
2,0.3,289,0.08918419674784146,27.754590984974957,67.82738097840262
2,0.3,289,0.08918419674784146,27.996661101836395,68.63977969431639
2,0.3,289,0.08918419674784146,28.23873121869783,69.36283947913735
2,0.3,289,0.08918419674784146,28.480801335559267,70.00217392893835
2,0.3,289,0.08918419674784146,28.7228714524207,70.56464448962032
2,0.3,289,0.08918419674784146,28.964941569282136,71.05766459873095
2,0.3,289,0.08918419674784146,29.207011686143574,71.48911396423013
2,0.3,289,0.08918419674784146,29.449081803005008,71.86725993908057
2,0.3,289,0.08918419674784146,29.691151919866446,72.20068730226899
2,0.3,289,0.08918419674784146,29.93322203672788,72.49823751049954
2,0.3,289,0.08918419674784146,30.175292153589314,72.76844419130025
2,0.3,289,0.08918419674784146,30.417362270450752,73.01510154737994
2,0.3,289,0.08918419674784146,30.659432387312187,73.23935761002905
2,0.3,289,0.08918419674784146,30.901502504173624,73.4423590795913
2,0.3,289,0.08918419674784146,31.14357262103506,73.62527639674111
2,0.3,289,0.08918419674784146,31.385642737896493,73.78930066083382
2,0.3,289,0.08918419674784146,31.62771285475793,73.93564071966418
2,0.3,289,0.08918419674784146,31.869782971619365,74.06552043861392
2,0.3,289,0.08918419674784146,32.1118530884808,74.18017615594434
2,0.3,289,0.08918419674784146,32.35392320534224,74.28085432983072
2,0.3,289,0.08918419674784146,32.59599332220367,74.36880938167326
2,0.3,289,0.08918419674784146,32.83806343906511,74.44530173923198
2,0.3,289,0.08918419674784146,33.080133555926544,74.5115960822372
2,0.3,289,0.08918419674784146,33.32220367278798,74.56895979232964
2,0.3,289,0.08918419674784146,33.56427378964942,74.61866160846805
2,0.3,289,0.08918419674784146,33.80634390651085,74.66197048832937
2,0.3,289,0.08918419674784146,34.04841402337229,74.70015467570494
2,0.3,289,0.08918419674784146,34.29048414023372,74.73448097346441
2,0.3,289,0.08918419674784146,34.53255425709516,74.76621422133064
2,0.3,289,0.08918419674784146,34.7746243739566,74.79661697746195
2,0.3,289,0.08918419674784146,35.016694490818026,74.82694932630537
2,0.3,289,0.08918419674784146,35.25876460767947,74.85818476602981
2,0.3,289,0.08918419674784146,35.5008347245409,74.89036836786313
2,0.3,289,0.08918419674784146,35.742904841402336,74.9233531330142
2,0.3,289,0.08918419674784146,35.98497495826378,74.9569880144455
2,0.3,289,0.08918419674784146,36.227045075125204,74.9911180633103
2,0.3,289,0.08918419674784146,36.469115191986646,75.02558456918639
2,0.3,289,0.08918419674784146,36.71118530884808,75.06022519497694
2,0.3,289,0.08918419674784146,36.953255425709514,75.09487410729209
2,0.3,289,0.08918419674784146,37.19532554257095,75.12936210307399
2,0.3,289,0.08918419674784146,37.43739565943239,75.16351673317838
2,0.3,289,0.08918419674784146,37.679465776293824,75.19716242358318
2,0.3,289,0.08918419674784146,37.92153589315526,75.2301205948516
2,0.3,289,0.08918419674784146,38.16360601001669,75.26220978043928
2,0.3,289,0.08918419674784146,38.40567612687813,75.2932457443976
2,0.3,289,0.08918419674784146,38.64774624373957,75.32304159899375
2,0.3,289,0.08918419674784146,38.889816360601,75.35140792273283
2,0.3,289,0.08918419674784146,39.13188647746244,75.37815287923947
2,0.3,289,0.08918419674784146,39.37395659432387,75.40308233742778
2,0.3,289,0.08918419674784146,39.616026711185306,75.42599999335884
2,0.3,289,0.08918419674784146,39.85809682804675,75.44670749416146
2,0.3,289,0.08918419674784146,40.10016694490818,75.46500296693593
2,0.3,289,0.08918419674784146,40.342237061769616,75.48062540851558
2,0.3,289,0.08918419674784146,40.58430717863105,75.49324027377361
2,0.3,289,0.08918419674784146,40.826377295492485,75.50250689667652
2,0.3,289,0.08918419674784146,41.068447412353926,75.50808323400832
2,0.3,289,0.08918419674784146,41.31051752921536,75.50962608213682
2,0.3,289,0.08918419674784146,41.552587646076795,75.50679130776251
2,0.3,289,0.08918419674784146,41.79465776293823,75.49923409288814
2,0.3,289,0.08918419674784146,42.03672787979966,75.48660919420118
2,0.3,289,0.08918419674784146,42.278797996661105,75.46857121702085
2,0.3,289,0.08918419674784146,42.52086811352254,75.44477490391684
2,0.3,289,0.08918419674784146,42.76293823038397,75.41487543805871
2,0.3,289,0.08918419674784146,43.00500834724541,75.37852876131302
2,0.3,289,0.08918419674784146,43.24707846410684,75.33539190705005
2,0.3,289,0.08918419674784146,43.48914858096828,75.28512334757846
2,0.3,289,0.08918419674784146,43.73121869782972,75.22738335606986
2,0.3,289,0.08918419674784146,43.97328881469115,75.16183438278544
2,0.3,289,0.08918419674784146,44.215358931552586,75.08814144536024
2,0.3,289,0.08918419674784146,44.45742904841402,75.00597253284691
2,0.3,289,0.08918419674784146,44.69949916527546,74.91499902316187
2,0.3,289,0.08918419674784146,44.941569282136896,74.81489611352028
2,0.3,289,0.08918419674784146,45.18363939899833,74.7054071436514
2,0.3,289,0.08918419674784146,45.425709515859765,74.5868191918841
2,0.3,289,0.08918419674784146,45.6677796327212,74.45969109518926
2,0.3,289,0.08918419674784146,45.90984974958264,74.32458246058815
2,0.3,289,0.08918419674784146,46.151919866444075,74.18205103926785
2,0.3,289,0.08918419674784146,46.39398998330551,74.03265220182655
2,0.3,289,0.08918419674784146,46.636060100166944,73.87693845382752
2,0.3,289,0.08918419674784146,46.87813021702838,73.71545899150377
2,0.3,289,0.08918419674784146,47.12020033388982,73.54875929737557
2,0.3,289,0.08918419674784146,47.362270450751254,73.37738077545629
2,0.3,289,0.08918419674784146,47.60434056761269,73.20186042565525
2,0.3,289,0.08918419674784146,47.84641068447412,73.02273055691664
2,0.3,289,0.08918419674784146,48.08848080133556,72.8405185385814
2,0.3,289,0.08918419674784146,48.330550918197,72.6557465894071
2,0.3,289,0.08918419674784146,48.57262103505843,72.4689316036409
2,0.3,289,0.08918419674784146,48.81469115191987,72.28058501350566
2,0.3,289,0.08918419674784146,49.0567612687813,72.09121268743239
2,0.3,289,0.08918419674784146,49.298831385642735,71.90131486335281
2,0.3,289,0.08918419674784146,49.54090150250418,71.71138611635203
2,0.3,289,0.08918419674784146,49.78297161936561,71.52191535997443
2,0.3,289,0.08918419674784146,50.025041736227045,71.33338586371808
2,0.3,289,0.08918419674784146,50.26711185308848,71.14625511833358
2,0.3,289,0.08918419674784146,50.509181969949914,70.96091604485851
2,0.3,289,0.08918419674784146,50.751252086811355,70.77774622274707
2,0.3,289,0.08918419674784146,50.99332220367279,70.59711895221629
2,0.3,289,0.08918419674784146,51.235392320534224,70.41940339785491
2,0.3,289,0.08918419674784146,51.47746243739566,70.2449647509534
2,0.3,289,0.08918419674784146,51.71953255425709,70.07416441019272
2,0.3,289,0.08918419674784146,51.961602671118534,69.90736018034892
2,0.3,289,0.08918419674784146,52.20367278797997,69.74490648870525
2,0.3,289,0.08918419674784146,52.4457429048414,69.58715461889295
2,0.3,289,0.08918419674784146,52.68781302170284,69.4344529619149
2,0.3,289,0.08918419674784146,52.92988313856427,69.28714728414495
2,0.3,289,0.08918419674784146,53.17195325542571,69.14558101213208
2,0.3,289,0.08918419674784146,53.41402337228715,69.01009553407974
2,0.3,289,0.08918419674784146,53.65609348914858,68.88103051791587
2,0.3,289,0.08918419674784146,53.898163606010016,68.7587242459114
2,0.3,289,0.08918419674784146,54.14023372287145,68.64351396585468
2,0.3,289,0.08918419674784146,54.38230383973289,68.53573625883912
2,0.3,289,0.08918419674784146,54.624373956594326,68.43572742377292
2,0.3,289,0.08918419674784146,54.86644407345576,68.34382387877486
2,0.3,289,0.08918419674784146,55.108514190317194,68.26035090624015
2,0.3,289,0.08918419674784146,55.35058430717863,68.18528823197398
2,0.3,289,0.08918419674784146,55.59265442404007,68.11822208990608
2,0.3,289,0.08918419674784146,55.834724540901504,68.0587211956683
2,0.3,289,0.08918419674784146,56.07679465776294,68.00635806433043
2,0.3,289,0.08918419674784146,56.31886477462437,67.96070856583098
2,0.3,289,0.08918419674784146,56.56093489148581,67.92135150762944
2,0.3,289,0.08918419674784146,56.80300500834725,67.88786824406394
2,0.3,289,0.08918419674784146,57.04507512520868,67.85984231196854
2,0.3,289,0.08918419674784146,57.28714524207012,67.83685909216514
2,0.3,289,0.08918419674784146,57.52921535893155,67.81850549650548
2,0.3,289,0.08918419674784146,57.771285475792986,67.80436968018998
2,0.3,289,0.08918419674784146,58.01335559265443,67.79404077914327
2,0.3,289,0.08918419674784146,58.25542570951586,67.78710867226752
2,0.3,289,0.08918419674784146,58.497495826377296,67.7831637684388
2,0.3,289,0.08918419674784146,58.73956594323873,67.78179681814805
2,0.3,289,0.08918419674784146,58.981636060100165,67.78259874971997
2,0.3,289,0.08918419674784146,59.223706176961606,67.78516053007243
2,0.3,289,0.08918419674784146,59.46577629382304,67.78907305000484
2,0.3,289,0.08918419674784146,59.707846410684475,67.79392703402205
2,0.3,289,0.08918419674784146,59.94991652754591,67.79931297471913
2,0.3,289,0.08918419674784146,60.19198664440734,67.80484321081515
2,0.3,289,0.08918419674784146,60.434056761268785,67.81029695457815
2,0.3,289,0.08918419674784146,60.67612687813022,67.81552957643409
2,0.3,289,0.08918419674784146,60.91819699499165,67.82039664236613
2,0.3,289,0.08918419674784146,61.16026711185309,67.82475353064928
2,0.3,289,0.08918419674784146,61.40233722871452,67.8284554442427
2,0.3,289,0.08918419674784146,61.644407345575964,67.83135742620667
2,0.3,289,0.08918419674784146,61.8864774624374,67.8333143781591
2,0.3,289,0.08918419674784146,62.12854757929883,67.83418108178132
2,0.3,289,0.08918419674784146,62.37061769616027,67.8338122233847
2,0.3,289,0.08918419674784146,62.6126878130217,67.83206242154658
2,0.3,289,0.08918419674784146,62.85475792988314,67.82878625782209
2,0.3,289,0.08918419674784146,63.09682804674458,67.82383831053771
2,0.3,289,0.08918419674784146,63.33889816360601,67.81707319166843
2,0.3,289,0.08918419674784146,63.580968280467445,67.80834558680016
2,0.3,289,0.08918419674784146,63.82303839732888,67.79751029817437
2,0.3,289,0.08918419674784146,64.06510851419031,67.78442229081124
2,0.3,289,0.08918419674784146,64.30717863105176,67.76893674170385
2,0.3,289,0.08918419674784146,64.5492487479132,67.75090909207258
2,0.3,289,0.08918419674784146,64.79131886477462,67.73019510266525
2,0.3,289,0.08918419674784146,65.03338898163605,67.70665092463749
2,0.3,289,0.08918419674784146,65.27545909849749,67.68014014167454
2,0.3,289,0.08918419674784146,65.51752921535893,67.65054543318556
2,0.3,289,0.08918419674784146,65.75959933222038,67.61775305726654
2,0.3,289,0.08918419674784146,66.0016694490818,67.58164984189996
2,0.3,289,0.08918419674784146,66.24373956594323,67.54212324267816
2,0.3,289,0.08918419674784146,66.48580968280467,67.49906140231121
2,0.3,289,0.08918419674784146,66.72787979966611,67.45235321188537
2,0.3,289,0.08918419674784146,66.96994991652755,67.40188837383708
2,0.3,289,0.08918419674784146,67.21202003338898,67.34755746660336
2,0.3,289,0.08918419674784146,67.45409015025041,67.28925201090681
2,0.3,289,0.08918419674784146,67.69616026711185,67.22686453763063
2,0.3,289,0.08918419674784146,67.93823038397329,67.16028865723433
2,0.3,289,0.08918419674784146,68.18030050083473,67.0894191306601
2,0.3,289,0.08918419674784146,68.42237061769616,67.0141519416739
2,0.3,289,0.08918419674784146,68.66444073455759,66.93438437058369
2,0.3,289,0.08918419674784146,68.90651085141903,66.8500150692727
2,0.3,289,0.08918419674784146,69.14858096828047,66.7609441374844
2,0.3,289,0.08918419674784146,69.3906510851419,66.66707320028806
2,0.3,289,0.08918419674784146,69.63272120200334,66.56830548665575
2,0.3,289,0.08918419674784146,69.87479131886478,66.4645459090742
2,0.3,289,0.08918419674784146,70.11686143572621,66.35571370120897
2,0.3,289,0.08918419674784146,70.35893155258765,66.24204292967059
2,0.3,289,0.08918419674784146,70.60100166944908,66.12409414234968
2,0.3,289,0.08918419674784146,70.84307178631052,66.00244026467227
2,0.3,289,0.08918419674784146,71.08514190317196,65.87765079222561
2,0.3,289,0.08918419674784146,71.32721202003339,65.75029150251353
2,0.3,289,0.08918419674784146,71.56928213689483,65.62092421537936
2,0.3,289,0.08918419674784146,71.81135225375625,65.49010660158329
2,0.3,289,0.08918419674784146,72.0534223706177,65.3583920389719
2,0.3,289,0.08918419674784146,72.29549248747914,65.22632951563526
2,0.3,289,0.08918419674784146,72.53756260434056,65.09446357942237
2,0.3,289,0.08918419674784146,72.779632721202,64.96333433316714
2,0.3,289,0.08918419674784146,73.02170283806343,64.83347747497082
2,0.3,289,0.08918419674784146,73.26377295492487,64.70542438289213
2,0.3,289,0.08918419674784146,73.50584307178632,64.57970224341051
2,0.3,289,0.08918419674784146,73.74791318864774,64.4568342230524
2,0.3,289,0.08918419674784146,73.98998330550918,64.3373396826079
2,0.3,289,0.08918419674784146,74.23205342237061,64.22173443340564
2,0.3,289,0.08918419674784146,74.47412353923205,64.11053103517243
2,0.3,289,0.08918419674784146,74.7161936560935,64.0042391350637
2,0.3,289,0.08918419674784146,74.95826377295492,63.90336584752849
2,0.3,289,0.08918419674784146,75.20033388981636,63.80836070445722
2,0.3,289,0.08918419674784146,75.44240400667779,63.71929691375845
2,0.3,289,0.08918419674784146,75.68447412353923,63.636093438414875
2,0.3,289,0.08918419674784146,75.92654424040067,63.55867061773983
2,0.3,289,0.08918419674784146,76.1686143572621,63.486950608348174
2,0.3,289,0.08918419674784146,76.41068447412354,63.420857324339025
2,0.3,289,0.08918419674784146,76.65275459098497,63.36031637895569
2,0.3,289,0.08918419674784146,76.89482470784641,63.30525502767156
2,0.3,289,0.08918419674784146,77.13689482470785,63.25560211264887
2,0.3,289,0.08918419674784146,77.37896494156928,63.21128800852225
2,0.3,289,0.08918419674784146,77.62103505843072,63.17224456945811
2,0.3,289,0.08918419674784146,77.86310517529215,63.13840507744481
2,0.3,289,0.08918419674784146,78.10517529215359,63.10970419176832
2,0.3,289,0.08918419674784146,78.34724540901503,63.08607789963192
2,0.3,289,0.08918419674784146,78.58931552587646,63.06746346787704
2,0.3,289,0.08918419674784146,78.8313856427379,63.053799395766866
2,0.3,289,0.08918419674784146,79.07345575959933,63.04502536879421
2,0.3,289,0.08918419674784146,79.31552587646077,63.04108221347531
2,0.3,289,0.08918419674784146,79.55759599332221,63.04191185309717
2,0.3,289,0.08918419674784146,79.79966611018364,63.047457264380256
2,0.3,289,0.08918419674784146,80.04173622704508,63.057661949612694
2,0.3,289,0.08918419674784146,80.2838063439065,63.072319656687405
2,0.3,289,0.08918419674784146,80.52587646076795,63.090861281645196
2,0.3,289,0.08918419674784146,80.76794657762939,63.112664076911436
2,0.3,289,0.08918419674784146,81.01001669449082,63.13710497243799
2,0.3,289,0.08918419674784146,81.25208681135226,63.163560284178914
2,0.3,289,0.08918419674784146,81.49415692821368,63.191405484183605
2,0.3,289,0.08918419674784146,81.73622704507513,63.22001503239264
2,0.3,289,0.08918419674784146,81.97829716193657,63.24876227027855
2,0.3,289,0.08918419674784146,82.220367278798,63.277019376509585
2,0.3,289,0.08918419674784146,82.46243739565944,63.304157384838874
2,0.3,289,0.08918419674784146,82.70450751252086,63.32954626442063
2,0.3,289,0.08918419674784146,82.9465776293823,63.352555062745104
2,0.3,289,0.08918419674784146,83.18864774624375,63.3725521113497
2,0.3,289,0.08918419674784146,83.43071786310517,63.38890529441798
2,0.3,289,0.08918419674784146,83.67278797996661,63.40098238030967
2,0.3,289,0.08918419674784146,83.91485809682804,63.408151415981656
2,0.3,289,0.08918419674784146,84.15692821368948,63.40978118416123
2,0.3,289,0.08918419674784146,84.39899833055092,63.405241723009375
2,0.3,289,0.08918419674784146,84.64106844741235,63.393904907881684
2,0.3,289,0.08918419674784146,84.88313856427379,63.37514509463625
2,0.3,289,0.08918419674784146,85.12520868113522,63.34835428493673
2,0.3,289,0.08918419674784146,85.36727879799666,63.313235376626515
2,0.3,289,0.08918419674784146,85.6093489148581,63.26978840446777
2,0.3,289,0.08918419674784146,85.85141903171953,63.21802843151709
2,0.3,289,0.08918419674784146,86.09348914858097,63.15797377858491
2,0.3,289,0.08918419674784146,86.3355592654424,63.089646014006114
2,0.3,289,0.08918419674784146,86.57762938230384,63.01306994129711
2,0.3,289,0.08918419674784146,86.81969949916528,62.92827358470744
2,0.3,289,0.08918419674784146,87.06176961602671,62.835288172678
2,0.3,289,0.08918419674784146,87.30383973288815,62.73414811921855
2,0.3,289,0.08918419674784146,87.54590984974958,62.62489100322086
2,0.3,289,0.08918419674784146,87.78797996661102,62.507557545722605
2,0.3,289,0.08918419674784146,88.03005008347246,62.38219158514304
2,0.3,289,0.08918419674784146,88.27212020033389,62.248840050509536
2,0.3,289,0.08918419674784146,88.51419031719533,62.10755293269823
2,0.3,289,0.08918419674784146,88.75626043405676,61.958383253713116
2,0.3,289,0.08918419674784146,88.9983305509182,61.80138703402993
2,0.3,289,0.08918419674784146,89.24040066777964,61.63662325803146
2,0.3,289,0.08918419674784146,89.48247078464107,61.46415383756584
2,0.3,289,0.08918419674784146,89.72454090150251,61.28404357365703
2,0.3,289,0.08918419674784146,89.96661101836393,61.096360116402224
2,0.3,289,0.08918419674784146,90.20868113522538,60.901244821870925
2,0.3,289,0.08918419674784146,90.45075125208682,60.69927033760717
2,0.3,289,0.08918419674784146,90.69282136894824,60.49116590261351
2,0.3,289,0.08918419674784146,90.93489148580969,60.27765396982206
2,0.3,289,0.08918419674784146,91.17696160267111,60.05944925552614
2,0.3,289,0.08918419674784146,91.41903171953255,59.83725816425738
2,0.3,289,0.08918419674784146,91.661101836394,59.61177829650524
2,0.3,289,0.08918419674784146,91.90317195325542,59.38369803783824
2,0.3,289,0.08918419674784146,92.14524207011686,59.153696227841266
2,0.3,289,0.08918419674784146,92.38731218697829,58.922441907170295
2,0.3,289,0.08918419674784146,92.62938230383973,58.69059414093033
2,0.3,289,0.08918419674784146,92.87145242070117,58.4588019165179
2,0.3,289,0.08918419674784146,93.1135225375626,58.227704114025045
2,0.3,289,0.08918419674784146,93.35559265442404,57.99792954728138
2,0.3,289,0.08918419674784146,93.59766277128547,57.770097073612874
2,0.3,289,0.08918419674784146,93.83973288814691,57.54481577041906
2,0.3,289,0.08918419674784146,94.08180300500835,57.32268517671295
2,0.3,289,0.08918419674784146,94.32387312186978,57.10429559783217
2,0.3,289,0.08918419674784146,94.56594323873122,56.89022847161129
2,0.3,289,0.08918419674784146,94.80801335559265,56.68105679440519
2,0.3,289,0.08918419674784146,95.05008347245409,56.47734453704273
2,0.3,289,0.08918419674784146,95.29215358931553,56.27944119309385
2,0.3,289,0.08918419674784146,95.53422370617696,56.087240633901985
2,0.3,289,0.08918419674784146,95.7762938230384,55.900579563716036
2,0.3,289,0.08918419674784146,96.01836393989983,55.719297785665646
2,0.3,289,0.08918419674784146,96.26043405676127,55.543238072412855
2,0.3,289,0.08918419674784146,96.50250417362271,55.3722460415855
2,0.3,289,0.08918419674784146,96.74457429048414,55.2061700358262
2,0.3,289,0.08918419674784146,96.98664440734558,55.04486100730466
2,0.3,289,0.08918419674784146,97.228714524207,54.88817240654575
2,0.3,289,0.08918419674784146,97.47078464106845,54.73596007543316
2,0.3,289,0.08918419674784146,97.71285475792989,54.588082144258124
2,0.3,289,0.08918419674784146,97.95492487479132,54.44439893268604
2,0.3,289,0.08918419674784146,98.19699499165276,54.304772854523094
2,0.3,289,0.08918419674784146,98.43906510851419,54.16906832616967
2,0.3,289,0.08918419674784146,98.68113522537563,54.03715167865421
2,0.3,289,0.08918419674784146,98.92320534223707,53.90889107314567
2,0.3,289,0.08918419674784146,99.1652754590985,53.78415641984912
2,0.3,289,0.08918419674784146,99.40734557595994,53.66281930019374
2,0.3,289,0.08918419674784146,99.64941569282136,53.544752892227365
2,0.3,289,0.08918419674784146,99.8914858096828,53.42983189913667
2,0.3,289,0.08918419674784146,100.13355592654425,53.3179337042542
2,0.3,289,0.08918419674784146,100.37562604340567,53.20895935099997
2,0.3,289,0.08918419674784146,100.61769616026712,53.102830450134746
2,0.3,289,0.08918419674784146,100.85976627712854,52.99947020710842
2,0.3,289,0.08918419674784146,101.10183639398998,52.898802728542286
2,0.3,289,0.08918419674784146,101.34390651085143,52.800752987466815
2,0.3,289,0.08918419674784146,101.58597662771285,52.70524678968508
2,0.3,289,0.08918419674784146,101.8280467445743,52.61221074123667
2,0.3,289,0.08918419674784146,102.07011686143572,52.521572216938154
2,0.3,289,0.08918419674784146,102.31218697829716,52.43325932997524
2,0.3,289,0.08918419674784146,102.5542570951586,52.34720090252605
2,0.3,289,0.08918419674784146,102.79632721202003,52.26332643739288
2,0.3,289,0.08918419674784146,103.03839732888147,52.18156609062317
2,0.3,289,0.08918419674784146,103.2804674457429,52.10185064509999
2,0.3,289,0.08918419674784146,103.52253756260434,52.02411148508356
2,0.3,289,0.08918419674784146,103.76460767946578,51.948280571686965
2,0.3,289,0.08918419674784146,104.00667779632721,51.87429041926891
2,0.3,289,0.08918419674784146,104.24874791318865,51.80207407272822
2,0.3,289,0.08918419674784146,104.49081803005008,51.73156508568467
2,0.3,289,0.08918419674784146,104.73288814691152,51.66269749953245
2,0.3,289,0.08918419674784146,104.97495826377296,51.59540582335255
2,0.3,289,0.08918419674784146,105.21702838063439,51.52962501467105
2,0.3,289,0.08918419674784146,105.45909849749583,51.46529046105171
2,0.3,289,0.08918419674784146,105.70116861435726,51.40233796251086
2,0.3,289,0.08918419674784146,105.9432387312187,51.34070371474414
2,0.3,289,0.08918419674784146,106.18530884808014,51.28032429315443
2,0.3,289,0.08918419674784146,106.42737896494157,51.22113663767135
2,0.3,289,0.08918419674784146,106.66944908180301,51.16307803835283
2,0.3,289,0.08918419674784146,106.91151919866444,51.1060861217607
2,0.3,289,0.08918419674784146,107.15358931552588,51.05009883810074
2,0.3,289,0.08918419674784146,107.39565943238732,50.995054449120744
2,0.3,289,0.08918419674784146,107.63772954924875,50.940891516757844
2,0.3,289,0.08918419674784146,107.87979966611019,50.88754889252882
2,0.3,289,0.08918419674784146,108.12186978297161,50.83496570765641
2,0.3,289,0.08918419674784146,108.36393989983306,50.7830813639251
2,0.3,289,0.08918419674784146,108.6060100166945,50.731835525260436
2,0.3,289,0.08918419674784146,108.84808013355592,50.681168110026135
2,0.3,289,0.08918419674784146,109.09015025041737,50.631019284033016
2,0.3,289,0.08918419674784146,109.3322203672788,50.58132945425524
2,0.3,289,0.08918419674784146,109.57429048414023,50.53203926324761
2,0.3,289,0.08918419674784146,109.81636060100168,50.48308958426026
2,0.3,289,0.08918419674784146,110.0584307178631,50.434421650171636
2,0.3,289,0.08918419674784146,110.30050083472455,50.38599447530166
2,0.3,289,0.08918419674784146,110.54257095158597,50.33780211351481
2,0.3,289,0.08918419674784146,110.78464106844741,50.289842757190286
2,0.3,289,0.08918419674784146,111.02671118530886,50.24211460050443
2,0.3,289,0.08918419674784146,111.26878130217028,50.19461583945157
2,0.3,289,0.08918419674784146,111.51085141903172,50.14734467186391
2,0.3,289,0.08918419674784146,111.75292153589315,50.10029929743061
2,0.3,289,0.08918419674784146,111.99499165275459,50.053477917716066
2,0.3,289,0.08918419674784146,112.23706176961603,50.0068787361774
2,0.3,289,0.08918419674784146,112.47913188647746,49.96049995818122
2,0.3,289,0.08918419674784146,112.7212020033389,49.914339791019536
2,0.3,289,0.08918419674784146,112.96327212020033,49.868396443925235
2,0.3,289,0.08918419674784146,113.20534223706177,49.82266812808637
2,0.3,289,0.08918419674784146,113.44741235392321,49.77715305666025
2,0.3,289,0.08918419674784146,113.68948247078464,49.73184944478675
2,0.3,289,0.08918419674784146,113.93155258764608,49.686755509600744
2,0.3,289,0.08918419674784146,114.17362270450751,49.64186947024434
2,0.3,289,0.08918419674784146,114.41569282136895,49.59718954787806
2,0.3,289,0.08918419674784146,114.65776293823039,49.552713965691915
2,0.3,289,0.08918419674784146,114.89983305509182,49.50844094891558
2,0.3,289,0.08918419674784146,115.14190317195326,49.46436872482805
2,0.3,289,0.08918419674784146,115.38397328881469,49.42049552276716
2,0.3,289,0.08918419674784146,115.62604340567613,49.376819574138025
2,0.3,289,0.08918419674784146,115.86811352253757,49.33333911242153
2,0.3,289,0.08918419674784146,116.110183639399,49.290052373181965
2,0.3,289,0.08918419674784146,116.35225375626044,49.24695759407447
2,0.3,289,0.08918419674784146,116.59432387312187,49.204053014851844
2,0.3,289,0.08918419674784146,116.8363939899833,49.16133687737116
2,0.3,289,0.08918419674784146,117.07846410684475,49.118807425599854
2,0.3,289,0.08918419674784146,117.32053422370618,49.07646290562129
2,0.3,289,0.08918419674784146,117.56260434056762,49.034301565640284
2,0.3,289,0.08918419674784146,117.80467445742904,48.99232165598799
2,0.3,289,0.08918419674784146,118.04674457429049,48.95052142912665
2,0.3,289,0.08918419674784146,118.28881469115193,48.90889913965382
2,0.3,289,0.08918419674784146,118.53088480801335,48.867453044306465
2,0.3,289,0.08918419674784146,118.7729549248748,48.82618140196465
2,0.3,289,0.08918419674784146,119.01502504173622,48.78508247365497
2,0.3,289,0.08918419674784146,119.25709515859766,48.74415452255379
2,0.3,289,0.08918419674784146,119.4991652754591,48.70339581399011
2,0.3,289,0.08918419674784146,119.74123539232053,48.6628046154482
2,0.3,289,0.08918419674784146,119.98330550918197,48.62237919657013
2,0.3,289,0.08918419674784146,120.2253756260434,48.582117556762576
2,0.3,289,0.08918419674784146,120.46744574290484,48.5420163588105
2,0.3,289,0.08918419674784146,120.70951585976628,48.502071861802726
2,0.3,289,0.08918419674784146,120.95158597662771,48.46228033348014
2,0.3,289,0.08918419674784146,121.19365609348915,48.42263805028546
2,0.3,289,0.08918419674784146,121.43572621035058,48.38314129730385
2,0.3,289,0.08918419674784146,121.67779632721202,48.343786368205855
2,0.3,289,0.08918419674784146,121.91986644407346,48.304569565192395
2,0.3,289,0.08918419674784146,122.16193656093489,48.26548719894182
2,0.3,289,0.08918419674784146,122.40400667779633,48.22653558855921
2,0.3,289,0.08918419674784146,122.64607679465776,48.187711061527516
2,0.3,289,0.08918419674784146,122.8881469115192,48.149009953661334
2,0.3,289,0.08918419674784146,123.13021702838064,48.11042860906213
2,0.3,289,0.08918419674784146,123.37228714524207,48.07196338007619
2,0.3,289,0.08918419674784146,123.61435726210351,48.033610627254326
2,0.3,289,0.08918419674784146,123.85642737896494,47.99536671931392
2,0.3,289,0.08918419674784146,124.09849749582638,47.957228033102865
2,0.3,289,0.08918419674784146,124.34056761268782,47.919190953565945
2,0.3,289,0.08918419674784146,124.58263772954925,47.8812518737131
2,0.3,289,0.08918419674784146,124.82470784641069,47.84340719458993
2,0.3,289,0.08918419674784146,125.06677796327212,47.805653325250304
2,0.3,289,0.08918419674784146,125.30884808013356,47.767986682731184
2,0.3,289,0.08918419674784146,125.550918196995,47.73040369202953
2,0.3,289,0.08918419674784146,125.79298831385643,47.69290078608118
2,0.3,289,0.08918419674784146,126.03505843071787,47.655474405742396
2,0.3,289,0.08918419674784146,126.2771285475793,47.61812099977271
2,0.3,289,0.08918419674784146,126.51919866444074,47.5808370248208
2,0.3,289,0.08918419674784146,126.76126878130218,47.54361894541191
2,0.3,289,0.08918419674784146,127.0033388981636,47.50646323393775
2,0.3,289,0.08918419674784146,127.24540901502505,47.4693663706481
2,0.3,289,0.08918419674784146,127.48747913188647,47.43232484364523
2,0.3,289,0.08918419674784146,127.72954924874792,47.39533514887984
2,0.3,289,0.08918419674784146,127.97161936560936,47.358393790149485
2,0.3,289,0.08918419674784146,128.21368948247078,47.32149727909897
2,0.3,289,0.08918419674784146,128.45575959933223,47.284642135223024
2,0.3,289,0.08918419674784146,128.69782971619367,47.24782488587108
2,0.3,289,0.08918419674784146,128.9398998330551,47.21104206625405
2,0.3,289,0.08918419674784146,129.18196994991655,47.174290219453546
2,0.3,289,0.08918419674784146,129.42404006677796,47.13756589643279
2,0.3,289,0.08918419674784146,129.6661101836394,47.10086565605018
2,0.3,289,0.08918419674784146,129.90818030050082,47.06418606507451
2,0.3,289,0.08918419674784146,130.15025041736226,47.02752369820269
2,0.3,289,0.08918419674784146,130.3923205342237,46.99087513807934
2,0.3,289,0.08918419674784146,130.63439065108514,46.95423697531876
2,0.3,289,0.08918419674784146,130.87646076794658,46.917605808528684
2,0.3,289,0.08918419674784146,131.11853088480802,46.880978244336504
2,0.3,289,0.08918419674784146,131.36060100166947,46.84435089741739
2,0.3,289,0.08918419674784146,131.6026711185309,46.80772039052475
2,0.3,289,0.08918419674784146,131.84474123539232,46.77108335452241
2,0.3,289,0.08918419674784146,132.08681135225376,46.73443642841933
2,0.3,289,0.08918419674784146,132.32888146911517,46.697776259406275
2,0.3,289,0.08918419674784146,132.57095158597662,46.661099502894466
2,0.3,289,0.08918419674784146,132.81302170283806,46.62440282255653
2,0.3,289,0.08918419674784146,133.0550918196995,46.587682890369315
2,0.3,289,0.08918419674784146,133.29716193656094,46.55093638665918
2,0.3,289,0.08918419674784146,133.53923205342238,46.51416000014884
2,0.3,289,0.08918419674784146,133.7813021702838,46.47735042800679
2,0.3,289,0.08918419674784146,134.02337228714524,46.440504375898534
2,0.3,289,0.08918419674784146,134.26544240400668,46.40361855804
2,0.3,289,0.08918419674784146,134.50751252086812,46.36668969725291
2,0.3,289,0.08918419674784146,134.74958263772956,46.32971452502239
2,0.3,289,0.08918419674784146,134.99165275459097,46.292689781556405
2,0.3,289,0.08918419674784146,135.23372287145241,46.25561243046532
2,0.3,289,0.08918419674784146,135.47579298831386,46.218480394856634
2,0.3,289,0.08918419674784146,135.7178631051753,46.181291866505205
2,0.3,289,0.08918419674784146,135.95993322203674,46.14404504155768
2,0.3,289,0.08918419674784146,136.20200333889815,46.10673812057269
2,0.3,289,0.08918419674784146,136.4440734557596,46.0693693085704
2,0.3,289,0.08918419674784146,136.68614357262103,46.031936815083455
2,0.3,289,0.08918419674784146,136.92821368948248,45.994438854207644
2,0.3,289,0.08918419674784146,137.17028380634392,45.956873644653676
2,0.3,289,0.08918419674784146,137.41235392320533,45.91923940979884
2,0.3,289,0.08918419674784146,137.65442404006677,45.88153437773977
2,0.3,289,0.08918419674784146,137.8964941569282,45.84375678134497
2,0.3,289,0.08918419674784146,138.13856427378965,45.805904858308644
2,0.3,289,0.08918419674784146,138.3806343906511,45.76797685120419
2,0.3,289,0.08918419674784146,138.6227045075125,45.729971007538815
2,0.3,289,0.08918419674784146,138.86477462437395,45.69188557980811
2,0.3,289,0.08918419674784146,139.1068447412354,45.65371882555162
2,0.3,289,0.08918419674784146,139.34891485809683,45.61546900740842
2,0.3,289,0.08918419674784146,139.59098497495827,45.577134393173495
2,0.3,289,0.08918419674784146,139.8330550918197,45.538713255854326
2,0.3,289,0.08918419674784146,140.07512520868113,45.500203873728246
2,0.3,289,0.08918419674784146,140.31719532554257,45.46160453039996
2,0.3,289,0.08918419674784146,140.559265442404,45.42291351485982
2,0.3,289,0.08918419674784146,140.80133555926545,45.384129121542266
2,0.3,289,0.08918419674784146,141.04340567612687,45.34524965038507
2,0.3,289,0.08918419674784146,141.2854757929883,45.30627340688872
2,0.3,289,0.08918419674784146,141.52754590984975,45.26719870217656
2,0.3,289,0.08918419674784146,141.7696160267112,45.22802385305506
2,0.3,289,0.08918419674784146,142.01168614357263,45.188747182074906
2,0.3,289,0.08918419674784146,142.25375626043405,45.14936701759232
2,0.3,289,0.08918419674784146,142.4958263772955,45.10988169383079
2,0.3,289,0.08918419674784146,142.73789649415693,45.07028955094348
2,0.3,289,0.08918419674784146,142.97996661101837,45.03058893507592
2,0.3,289,0.08918419674784146,143.2220367278798,44.99077819842906
2,0.3,289,0.08918419674784146,143.46410684474122,44.95085569932301
2,0.3,289,0.08918419674784146,143.70617696160267,44.91081980226119
2,0.3,289,0.08918419674784146,143.9482470784641,44.870668877994426
2,0.3,289,0.08918419674784146,144.19031719532555,44.83040130358643
2,0.3,289,0.08918419674784146,144.432387312187,44.79001546247865
2,0.3,289,0.08918419674784146,144.6744574290484,44.74950974455638
2,0.3,289,0.08918419674784146,144.91652754590984,44.708882546214795
2,0.3,289,0.08918419674784146,145.15859766277129,44.6681322704257
2,0.3,289,0.08918419674784146,145.40066777963273,44.6272573268045
2,0.3,289,0.08918419674784146,145.64273789649417,44.58625613167765
2,0.3,289,0.08918419674784146,145.88480801335558,44.545127108150645
2,0.3,289,0.08918419674784146,146.12687813021702,44.50386868617609
2,0.3,289,0.08918419674784146,146.36894824707846,44.46247930262254
2,0.3,289,0.08918419674784146,146.6110183639399,44.4209574013435
2,0.3,289,0.08918419674784146,146.85308848080135,44.379301433247
2,0.3,289,0.08918419674784146,147.09515859766276,44.3375098563652
2,0.3,289,0.08918419674784146,147.3372287145242,44.295581135924984
2,0.3,289,0.08918419674784146,147.57929883138564,44.253513744418186
2,0.3,289,0.08918419674784146,147.82136894824708,44.211306161672915
2,0.3,289,0.08918419674784146,148.06343906510853,44.16895687492472
2,0.3,289,0.08918419674784146,148.30550918196994,44.12646437888837
2,0.3,289,0.08918419674784146,148.54757929883138,44.08382717582997
2,0.3,289,0.08918419674784146,148.78964941569282,44.04104377563933
2,0.3,289,0.08918419674784146,149.03171953255426,43.99811269590282
2,0.3,289,0.08918419674784146,149.2737896494157,43.955032461976494
2,0.3,289,0.08918419674784146,149.51585976627712,43.91180160705949
2,0.3,289,0.08918419674784146,149.75792988313856,43.86841867226793
2,0.3,289,0.08918419674784146,150.0,43.82488220670896
3,0.4,306,0.09979445076366132,5.0,0.0
3,0.4,306,0.09979445076366132,5.242070116861436,0.0
3,0.4,306,0.09979445076366132,5.484140233722871,0.0
3,0.4,306,0.09979445076366132,5.726210350584307,0.0
3,0.4,306,0.09979445076366132,5.968280467445743,0.0
3,0.4,306,0.09979445076366132,6.210350584307179,0.0
3,0.4,306,0.09979445076366132,6.452420701168615,0.0
3,0.4,306,0.09979445076366132,6.69449081803005,0.0
3,0.4,306,0.09979445076366132,6.936560934891486,0.0
3,0.4,306,0.09979445076366132,7.178631051752921,0.0
3,0.4,306,0.09979445076366132,7.420701168614357,0.0
3,0.4,306,0.09979445076366132,7.6627712854757934,0.0
3,0.4,306,0.09979445076366132,7.904841402337229,0.0
3,0.4,306,0.09979445076366132,8.146911519198664,0.0
3,0.4,306,0.09979445076366132,8.3889816360601,0.0
3,0.4,306,0.09979445076366132,8.631051752921536,0.0
3,0.4,306,0.09979445076366132,8.873121869782972,0.0
3,0.4,306,0.09979445076366132,9.115191986644408,0.0
3,0.4,306,0.09979445076366132,9.357262103505843,0.0
3,0.4,306,0.09979445076366132,9.599332220367279,0.0
3,0.4,306,0.09979445076366132,9.841402337228715,0.0
3,0.4,306,0.09979445076366132,10.083472454090149,0.0
3,0.4,306,0.09979445076366132,10.325542570951587,0.0
3,0.4,306,0.09979445076366132,10.567612687813021,0.0
3,0.4,306,0.09979445076366132,10.809682804674457,0.0
3,0.4,306,0.09979445076366132,11.051752921535893,0.0
3,0.4,306,0.09979445076366132,11.293823038397328,0.0
3,0.4,306,0.09979445076366132,11.535893155258766,0.0
3,0.4,306,0.09979445076366132,11.7779632721202,0.0
3,0.4,306,0.09979445076366132,12.020033388981636,0.0
3,0.4,306,0.09979445076366132,12.262103505843072,0.0
3,0.4,306,0.09979445076366132,12.504173622704506,0.0
3,0.4,306,0.09979445076366132,12.746243739565944,0.0
3,0.4,306,0.09979445076366132,12.988313856427379,0.0
3,0.4,306,0.09979445076366132,13.230383973288815,0.0
3,0.4,306,0.09979445076366132,13.47245409015025,0.0
3,0.4,306,0.09979445076366132,13.714524207011687,0.0
3,0.4,306,0.09979445076366132,13.956594323873121,0.0
3,0.4,306,0.09979445076366132,14.198664440734557,0.0
3,0.4,306,0.09979445076366132,14.440734557595993,0.7131226889631318
3,0.4,306,0.09979445076366132,14.68280467445743,1.2722290341910394
3,0.4,306,0.09979445076366132,14.924874791318866,1.761675978501271
3,0.4,306,0.09979445076366132,15.1669449081803,2.2275464758715433
3,0.4,306,0.09979445076366132,15.409015025041736,2.6800232657153398
3,0.4,306,0.09979445076366132,15.651085141903172,3.1234340548834645
3,0.4,306,0.09979445076366132,15.893155258764608,3.562077973196511
3,0.4,306,0.09979445076366132,16.135225375626042,4.001913470546246
3,0.4,306,0.09979445076366132,16.377295492487477,4.447313237801716
3,0.4,306,0.09979445076366132,16.619365609348915,4.90009439011056
3,0.4,306,0.09979445076366132,16.861435726210352,5.362171164361905
3,0.4,306,0.09979445076366132,17.103505843071787,5.835815849449726
3,0.4,306,0.09979445076366132,17.34557595993322,6.323782330411694
3,0.4,306,0.09979445076366132,17.587646076794655,6.829410546121106
3,0.4,306,0.09979445076366132,17.829716193656093,7.35672689706816
3,0.4,306,0.09979445076366132,18.07178631051753,7.9105402499476
3,0.4,306,0.09979445076366132,18.313856427378965,8.495614912115323
3,0.4,306,0.09979445076366132,18.5559265442404,9.115736211137389
3,0.4,306,0.09979445076366132,18.797996661101834,9.774904912577767
3,0.4,306,0.09979445076366132,19.040066777963272,10.477535591338277
3,0.4,306,0.09979445076366132,19.28213689482471,11.228521402600323
3,0.4,306,0.09979445076366132,19.524207011686144,12.033306202141757
3,0.4,306,0.09979445076366132,19.76627712854758,12.897965852258007
3,0.4,306,0.09979445076366132,20.008347245409013,13.829300662032114
3,0.4,306,0.09979445076366132,20.25041736227045,14.8338137019937
3,0.4,306,0.09979445076366132,20.49248747913189,15.914265452489447
3,0.4,306,0.09979445076366132,20.734557595993323,17.07177637881336
3,0.4,306,0.09979445076366132,20.976627712854757,18.306414465682096
3,0.4,306,0.09979445076366132,21.218697829716195,19.61696640407082
3,0.4,306,0.09979445076366132,21.46076794657763,21.000694461099563
3,0.4,306,0.09979445076366132,21.702838063439064,22.453085827546346
3,0.4,306,0.09979445076366132,21.9449081803005,23.967603489366905
3,0.4,306,0.09979445076366132,22.186978297161936,25.53591861035048
3,0.4,306,0.09979445076366132,22.429048414023374,27.151377002811895
3,0.4,306,0.09979445076366132,22.671118530884808,28.80785715743288
3,0.4,306,0.09979445076366132,22.913188647746242,30.4981271917367
3,0.4,306,0.09979445076366132,23.15525876460768,32.213803198250474
3,0.4,306,0.09979445076366132,23.397328881469114,33.94533704959723
3,0.4,306,0.09979445076366132,23.639398998330552,35.68202541466705
3,0.4,306,0.09979445076366132,23.881469115191987,37.4120428390106
3,0.4,306,0.09979445076366132,24.12353923205342,39.12266547396908
3,0.4,306,0.09979445076366132,24.36560934891486,40.8039730890436
3,0.4,306,0.09979445076366132,24.607679465776293,42.44961469676553
3,0.4,306,0.09979445076366132,24.84974958263773,44.05384204945749
3,0.4,306,0.09979445076366132,25.091819699499165,45.61142322533359
3,0.4,306,0.09979445076366132,25.3338898163606,47.11768571261215
3,0.4,306,0.09979445076366132,25.575959933222038,48.56855027442426
3,0.4,306,0.09979445076366132,25.818030050083472,49.96055560799369
3,0.4,306,0.09979445076366132,26.06010016694491,51.29086704620878
3,0.4,306,0.09979445076366132,26.302170283806344,52.55641234550168
3,0.4,306,0.09979445076366132,26.54424040066778,53.752926752420436
3,0.4,306,0.09979445076366132,26.786310517529216,54.87635386990319
3,0.4,306,0.09979445076366132,27.02838063439065,55.92305692046746
3,0.4,306,0.09979445076366132,27.27045075125209,56.88983748328558
3,0.4,306,0.09979445076366132,27.512520868113523,57.77394973405212
3,0.4,306,0.09979445076366132,27.754590984974957,58.573110180425466
3,0.4,306,0.09979445076366132,27.996661101836395,59.28550294575914
3,0.4,306,0.09979445076366132,28.23873121869783,59.91102228306806
3,0.4,306,0.09979445076366132,28.480801335559267,60.45529526986347
3,0.4,306,0.09979445076366132,28.7228714524207,60.92596446359646
3,0.4,306,0.09979445076366132,28.964941569282136,61.33125805156864
3,0.4,306,0.09979445076366132,29.207011686143574,61.679886948879535
3,0.4,306,0.09979445076366132,29.449081803005008,61.980952362942816
3,0.4,306,0.09979445076366132,29.691151919866446,62.243865498992754
3,0.4,306,0.09979445076366132,29.93322203672788,62.47828072012438
3,0.4,306,0.09979445076366132,30.175292153589314,62.69345923133083
3,0.4,306,0.09979445076366132,30.417362270450752,62.89324440221321
3,0.4,306,0.09979445076366132,30.659432387312187,63.07845083193023
3,0.4,306,0.09979445076366132,30.901502504173624,63.24987284403856
3,0.4,306,0.09979445076366132,31.14357262103506,63.40831514707888
3,0.4,306,0.09979445076366132,31.385642737896493,63.55459141167827
3,0.4,306,0.09979445076366132,31.62771285475793,63.68952293905871
3,0.4,306,0.09979445076366132,31.869782971619365,63.81393742354345
3,0.4,306,0.09979445076366132,32.1118530884808,63.928667811209145
3,0.4,306,0.09979445076366132,32.35392320534224,64.03455125642506
3,0.4,306,0.09979445076366132,32.59599332220367,64.13242817765055
3,0.4,306,0.09979445076366132,32.83806343906511,64.22314141352697
3,0.4,306,0.09979445076366132,33.080133555926544,64.3075354799978
3,0.4,306,0.09979445076366132,33.32220367278798,64.38645592893158
3,0.4,306,0.09979445076366132,33.56427378964942,64.460748808491
3,0.4,306,0.09979445076366132,33.80634390651085,64.53126022530343
3,0.4,306,0.09979445076366132,34.04841402337229,64.5988360083329
3,0.4,306,0.09979445076366132,34.29048414023372,64.66432147423177
3,0.4,306,0.09979445076366132,34.53255425709516,64.7285612938709
3,0.4,306,0.09979445076366132,34.7746243739566,64.79239945969253
3,0.4,306,0.09979445076366132,35.016694490818026,64.85667929006398
3,0.4,306,0.09979445076366132,35.25876460767947,64.92200736621002
3,0.4,306,0.09979445076366132,35.5008347245409,64.98821904193926
3,0.4,306,0.09979445076366132,35.742904841402336,65.05498895253012
3,0.4,306,0.09979445076366132,35.98497495826378,65.12198709279039
3,0.4,306,0.09979445076366132,36.227045075125204,65.18887892748185
3,0.4,306,0.09979445076366132,36.469115191986646,65.25532551135883
3,0.4,306,0.09979445076366132,36.71118530884808,65.32098361997478
3,0.4,306,0.09979445076366132,36.953255425709514,65.38550589234384
3,0.4,306,0.09979445076366132,37.19532554257095,65.4485409864806
3,0.4,306,0.09979445076366132,37.43739565943239,65.50973374878225
3,0.4,306,0.09979445076366132,37.679465776293824,65.56872539815399
3,0.4,306,0.09979445076366132,37.92153589315526,65.62515372572193
3,0.4,306,0.09979445076366132,38.16360601001669,65.6786533109154
3,0.4,306,0.09979445076366132,38.40567612687813,65.72885575464453
3,0.4,306,0.09979445076366132,38.64774624373957,65.77538993023589
3,0.4,306,0.09979445076366132,38.889816360601,65.81788225272891
3,0.4,306,0.09979445076366132,39.13188647746244,65.85595696707374
3,0.4,306,0.09979445076366132,39.37395659432387,65.88923645570792
3,0.4,306,0.09979445076366132,39.616026711185306,65.91734156591976
3,0.4,306,0.09979445076366132,39.85809682804675,65.93989195734399
3,0.4,306,0.09979445076366132,40.10016694490818,65.95651029181853
3,0.4,306,0.09979445076366132,40.342237061769616,65.96695597425358
3,0.4,306,0.09979445076366132,40.58430717863105,65.9711602758489
3,0.4,306,0.09979445076366132,40.826377295492485,65.96906560309951
3,0.4,306,0.09979445076366132,41.068447412353926,65.9606147413503
3,0.4,306,0.09979445076366132,41.31051752921536,65.94575096136312
3,0.4,306,0.09979445076366132,41.552587646076795,65.92441812516466
3,0.4,306,0.09979445076366132,41.79465776293823,65.89656079118237
3,0.4,306,0.09979445076366132,42.03672787979966,65.86212431866699
3,0.4,306,0.09979445076366132,42.278797996661105,65.8210549713958
3,0.4,306,0.09979445076366132,42.52086811352254,65.77330002064458
3,0.4,306,0.09979445076366132,42.76293823038397,65.71880784740816
3,0.4,306,0.09979445076366132,43.00500834724541,65.65752804384782
3,0.4,306,0.09979445076366132,43.24707846410684,65.58941151393431
3,0.4,306,0.09979445076366132,43.48914858096828,65.51441057325354
3,0.4,306,0.09979445076366132,43.73121869782972,65.43247904793469
3,0.4,306,0.09979445076366132,43.97328881469115,65.34357237265641
3,0.4,306,0.09979445076366132,44.215358931552586,65.24764768768367
3,0.4,306,0.09979445076366132,44.45742904841402,65.14466393488122
3,0.4,306,0.09979445076366132,44.69949916527546,65.03458195264633
3,0.4,306,0.09979445076366132,44.941569282136896,64.91736456970098
3,0.4,306,0.09979445076366132,45.18363939899833,64.79301698868134
3,0.4,306,0.09979445076366132,45.425709515859765,64.66188634337912
3,0.4,306,0.09979445076366132,45.6677796327212,64.52448939515044
3,0.4,306,0.09979445076366132,45.90984974958264,64.38134136241966
3,0.4,306,0.09979445076366132,46.151919866444075,64.23295418781267
3,0.4,306,0.09979445076366132,46.39398998330551,64.07983614544281
3,0.4,306,0.09979445076366132,46.636060100166944,63.9224914876366
3,0.4,306,0.09979445076366132,46.87813021702838,63.761420130679944
3,0.4,306,0.09979445076366132,47.12020033388982,63.59711737910015
3,0.4,306,0.09979445076366132,47.362270450751254,63.43007368794071
3,0.4,306,0.09979445076366132,47.60434056761269,63.26077446243575
3,0.4,306,0.09979445076366132,47.84641068447412,63.0896998944485
3,0.4,306,0.09979445076366132,48.08848080133556,62.91732483500442
3,0.4,306,0.09979445076366132,48.330550918197,62.74411870222268
3,0.4,306,0.09979445076366132,48.57262103505843,62.570545423929374
3,0.4,306,0.09979445076366132,48.81469115191987,62.39706341422526
3,0.4,306,0.09979445076366132,49.0567612687813,62.22412558327422
3,0.4,306,0.09979445076366132,49.298831385642735,62.05217937958031
3,0.4,306,0.09979445076366132,49.54090150250418,61.88166686403027
3,0.4,306,0.09979445076366132,49.78297161936561,61.713024814990476
3,0.4,306,0.09979445076366132,50.025041736227045,61.54668479961788
3,0.4,306,0.09979445076366132,50.26711185308848,61.38299600977617
3,0.4,306,0.09979445076366132,50.509181969949914,61.2220765981995
3,0.4,306,0.09979445076366132,50.751252086811355,61.0640018258147
3,0.4,306,0.09979445076366132,50.99332220367279,60.90884598967224
3,0.4,306,0.09979445076366132,51.235392320534224,60.75668247748181
3,0.4,306,0.09979445076366132,51.47746243739566,60.60758382235383
3,0.4,306,0.09979445076366132,51.71953255425709,60.4616217577571
3,0.4,306,0.09979445076366132,51.961602671118534,60.318867272700246
3,0.4,306,0.09979445076366132,52.20367278797997,60.17939066714805
3,0.4,306,0.09979445076366132,52.4457429048414,60.04326160768527
3,0.4,306,0.09979445076366132,52.68781302170284,59.91054918344053
3,0.4,306,0.09979445076366132,52.92988313856427,59.78132196228564
3,0.4,306,0.09979445076366132,53.17195325542571,59.65564804732601
3,0.4,306,0.09979445076366132,53.41402337228715,59.53359513370035
3,0.4,306,0.09979445076366132,53.65609348914858,59.415230565707695
3,0.4,306,0.09979445076366132,53.898163606010016,59.3006213942834
3,0.4,306,0.09979445076366132,54.14023372287145,59.18983443484504
3,0.4,306,0.09979445076366132,54.38230383973289,59.08293632553217
3,0.4,306,0.09979445076366132,54.624373956594326,58.97999358586509
3,0.4,306,0.09979445076366132,54.86644407345576,58.88107267584903
3,0.4,306,0.09979445076366132,55.108514190317194,58.786236134740854
3,0.4,306,0.09979445076366132,55.35058430717863,58.695430230323595
3,0.4,306,0.09979445076366132,55.59265442404007,58.608469078532664
3,0.4,306,0.09979445076366132,55.834724540901504,58.52516107846863
3,0.4,306,0.09979445076366132,56.07679465776294,58.44531612334679
3,0.4,306,0.09979445076366132,56.31886477462437,58.36874549585636
3,0.4,306,0.09979445076366132,56.56093489148581,58.2952617694413
3,0.4,306,0.09979445076366132,56.80300500834725,58.224678715423245
3,0.4,306,0.09979445076366132,57.04507512520868,58.15681121589611
3,0.4,306,0.09979445076366132,57.28714524207012,58.09147518232759
3,0.4,306,0.09979445076366132,57.52921535893155,58.028487479809286
3,0.4,306,0.09979445076366132,57.771285475792986,57.96766585690327
3,0.4,306,0.09979445076366132,58.01335559265443,57.908828881039376
3,0.4,306,0.09979445076366132,58.25542570951586,57.85179587941979
3,0.4,306,0.09979445076366132,58.497495826377296,57.79638688539569
3,0.4,306,0.09979445076366132,58.73956594323873,57.74242259028177
3,0.4,306,0.09979445076366132,58.981636060100165,57.68972430058031
3,0.4,306,0.09979445076366132,59.223706176961606,57.638113900588586
3,0.4,306,0.09979445076366132,59.46577629382304,57.58741382036625
3,0.4,306,0.09979445076366132,59.707846410684475,57.53744700904318
3,0.4,306,0.09979445076366132,59.94991652754591,57.48803691344806
3,0.4,306,0.09979445076366132,60.19198664440734,57.43903080328906
3,0.4,306,0.09979445076366132,60.434056761268785,57.39045256867878
3,0.4,306,0.09979445076366132,60.67612687813022,57.34240635020542
3,0.4,306,0.09979445076366132,60.91819699499165,57.294996232145124
3,0.4,306,0.09979445076366132,61.16026711185309,57.24832584164233
3,0.4,306,0.09979445076366132,61.40233722871452,57.20249836439708
3,0.4,306,0.09979445076366132,61.644407345575964,57.157616562115784
3,0.4,306,0.09979445076366132,61.8864774624374,57.113782791712396
3,0.4,306,0.09979445076366132,62.12854757929883,57.071099026246166
3,0.4,306,0.09979445076366132,62.37061769616027,57.02966687758599
3,0.4,306,0.09979445076366132,62.6126878130217,56.989587620790054
3,0.4,306,0.09979445076366132,62.85475792988314,56.95096222019201
3,0.4,306,0.09979445076366132,63.09682804674458,56.91389135718605
3,0.4,306,0.09979445076366132,63.33889816360601,56.87847545970382
3,0.4,306,0.09979445076366132,63.580968280467445,56.84481473337939
3,0.4,306,0.09979445076366132,63.82303839732888,56.81300919439695
3,0.4,306,0.09979445076366132,64.06510851419031,56.783158704021716
3,0.4,306,0.09979445076366132,64.30717863105176,56.755363004811535
3,0.4,306,0.09979445076366132,64.5492487479132,56.72972175851311
3,0.4,306,0.09979445076366132,64.79131886477462,56.706334585643994
3,0.4,306,0.09979445076366132,65.03338898163605,56.685300964644306
3,0.4,306,0.09979445076366132,65.27545909849749,56.66664120697216
3,0.4,306,0.09979445076366132,65.51752921535893,56.65016504750602
3,0.4,306,0.09979445076366132,65.75959933222038,56.63564795316211
3,0.4,306,0.09979445076366132,66.0016694490818,56.62286575395319
3,0.4,306,0.09979445076366132,66.24373956594323,56.61159457181347
3,0.4,306,0.09979445076366132,66.48580968280467,56.60161075823273
3,0.4,306,0.09979445076366132,66.72787979966611,56.59269084067851
3,0.4,306,0.09979445076366132,66.96994991652755,56.58461147779403
3,0.4,306,0.09979445076366132,67.21202003338898,56.57714942336155
3,0.4,306,0.09979445076366132,67.45409015025041,56.570081499028866
3,0.4,306,0.09979445076366132,67.69616026711185,56.56318457579529
3,0.4,306,0.09979445076366132,67.93823038397329,56.55623556426141
3,0.4,306,0.09979445076366132,68.18030050083473,56.5490114136419
3,0.4,306,0.09979445076366132,68.42237061769616,56.541289119547706
3,0.4,306,0.09979445076366132,68.66444073455759,56.53284574053782
3,0.4,306,0.09979445076366132,68.90651085141903,56.523458423442015
3,0.4,306,0.09979445076366132,69.14858096828047,56.51290443745434
3,0.4,306,0.09979445076366132,69.3906510851419,56.50096121699081
3,0.4,306,0.09979445076366132,69.63272120200334,56.487406413302764
3,0.4,306,0.09979445076366132,69.87479131886478,56.472017954831735
3,0.4,306,0.09979445076366132,70.11686143572621,56.45458126364416
3,0.4,306,0.09979445076366132,70.35893155258765,56.43506061815631
3,0.4,306,0.09979445076366132,70.60100166944908,56.41360709819961
3,0.4,306,0.09979445076366132,70.84307178631052,56.390380488451676
3,0.4,306,0.09979445076366132,71.08514190317196,56.365540433768025
3,0.4,306,0.09979445076366132,71.32721202003339,56.33924639266863
3,0.4,306,0.09979445076366132,71.56928213689483,56.31165759531847
3,0.4,306,0.09979445076366132,71.81135225375625,56.28293300599645
3,0.4,306,0.09979445076366132,72.0534223706177,56.253231290041846
3,0.4,306,0.09979445076366132,72.29549248747914,56.22271078526768
3,0.4,306,0.09979445076366132,72.53756260434056,56.19152947782381
3,0.4,306,0.09979445076366132,72.779632721202,56.15984498249501
3,0.4,306,0.09979445076366132,73.02170283806343,56.127814527414046
3,0.4,306,0.09979445076366132,73.26377295492487,56.09559494317161
3,0.4,306,0.09979445076366132,73.50584307178632,56.06334265630073
3,0.4,306,0.09979445076366132,73.74791318864774,56.03121368711555
3,0.4,306,0.09979445076366132,73.98998330550918,55.99936365188227
3,0.4,306,0.09979445076366132,74.23205342237061,55.96794776930131
3,0.4,306,0.09979445076366132,74.47412353923205,55.93712087127855
3,0.4,306,0.09979445076366132,74.7161936560935,55.907037417966556
3,0.4,306,0.09979445076366132,74.95826377295492,55.877851517055205
3,0.4,306,0.09979445076366132,75.20033388981636,55.84970326249829
3,0.4,306,0.09979445076366132,75.44240400667779,55.82263987962175
3,0.4,306,0.09979445076366132,75.68447412353923,55.79667014196982
3,0.4,306,0.09979445076366132,75.92654424040067,55.77180270305843
3,0.4,306,0.09979445076366132,76.1686143572621,55.74804622277132
3,0.4,306,0.09979445076366132,76.41068447412354,55.72540936994607
3,0.4,306,0.09979445076366132,76.65275459098497,55.70390082495397
3,0.4,306,0.09979445076366132,76.89482470784641,55.68352928227403
3,0.4,306,0.09979445076366132,77.13689482470785,55.66430345306311
3,0.4,306,0.09979445076366132,77.37896494156928,55.646232067721336
3,0.4,306,0.09979445076366132,77.62103505843072,55.62932387845475
3,0.4,306,0.09979445076366132,77.86310517529215,55.61358766183514
3,0.4,306,0.09979445076366132,78.10517529215359,55.59903222135799
3,0.4,306,0.09979445076366132,78.34724540901503,55.58566638999988
3,0.4,306,0.09979445076366132,78.58931552587646,55.57349903277441
3,0.4,306,0.09979445076366132,78.8313856427379,55.562539049289576
3,0.4,306,0.09979445076366132,79.07345575959933,55.55279537630538
3,0.4,306,0.09979445076366132,79.31552587646077,55.54427699029324
3,0.4,306,0.09979445076366132,79.55759599332221,55.53699290999829
3,0.4,306,0.09979445076366132,79.79966611018364,55.53095219900434
3,0.4,306,0.09979445076366132,80.04173622704508,55.52616362442834
3,0.4,306,0.09979445076366132,80.2838063439065,55.52252926063076
3,0.4,306,0.09979445076366132,80.52587646076795,55.51969384143244
3,0.4,306,0.09979445076366132,80.76794657762939,55.51726416630146
3,0.4,306,0.09979445076366132,81.01001669449082,55.51484709122975
3,0.4,306,0.09979445076366132,81.25208681135226,55.51204951435813
3,0.4,306,0.09979445076366132,81.49415692821368,55.50847838943162
3,0.4,306,0.09979445076366132,81.73622704507513,55.50374076708017
3,0.4,306,0.09979445076366132,81.97829716193657,55.497443863917724
3,0.4,306,0.09979445076366132,82.220367278798,55.489195159438715
3,0.4,306,0.09979445076366132,82.46243739565944,55.47860252067679
3,0.4,306,0.09979445076366132,82.70450751252086,55.46527435456619
3,0.4,306,0.09979445076366132,82.9465776293823,55.4488197879218
3,0.4,306,0.09979445076366132,83.18864774624375,55.42884887491715
3,0.4,306,0.09979445076366132,83.43071786310517,55.404972831905134
3,0.4,306,0.09979445076366132,83.67278797996661,55.37680429937894
3,0.4,306,0.09979445076366132,83.91485809682804,55.34395763082453
3,0.4,306,0.09979445076366132,84.15692821368948,55.30604920815926
3,0.4,306,0.09979445076366132,84.39899833055092,55.262697783394756
3,0.4,306,0.09979445076366132,84.64106844741235,55.21352484609423
3,0.4,306,0.09979445076366132,84.88313856427379,55.158155016128646
3,0.4,306,0.09979445076366132,85.12520868113522,55.09622535712189
3,0.4,306,0.09979445076366132,85.36727879799666,55.027565589385745
3,0.4,306,0.09979445076366132,85.6093489148581,54.95218895517958
3,0.4,306,0.09979445076366132,85.85141903171953,54.870118400335926
3,0.4,306,0.09979445076366132,86.09348914858097,54.78137932266666
3,0.4,306,0.09979445076366132,86.3355592654424,54.68599955973956
3,0.4,306,0.09979445076366132,86.57762938230384,54.584009375159134
3,0.4,306,0.09979445076366132,86.81969949916528,54.47544144335875
3,0.4,306,0.09979445076366132,87.06176961602671,54.36033083291515
3,0.4,306,0.09979445076366132,87.30383973288815,54.238714988396225
3,0.4,306,0.09979445076366132,87.54590984974958,54.110633710754634
3,0.4,306,0.09979445076366132,87.78797996661102,53.9761291362811
3,0.4,306,0.09979445076366132,88.03005008347246,53.83524571413259
3,0.4,306,0.09979445076366132,88.27212020033389,53.68803018245155
3,0.4,306,0.09979445076366132,88.51419031719533,53.53453154309375
3,0.4,306,0.09979445076366132,88.75626043405676,53.37480103498331
3,0.4,306,0.09979445076366132,88.9983305509182,53.208892106115314
3,0.4,306,0.09979445076366132,89.24040066777964,53.0368603842264
3,0.4,306,0.09979445076366132,89.48247078464107,52.85876364615607
3,0.4,306,0.09979445076366132,89.72454090150251,52.67466178592185
3,0.4,306,0.09979445076366132,89.96661101836393,52.48461678153274
3,0.4,306,0.09979445076366132,90.20868113522538,52.28876715914157
3,0.4,306,0.09979445076366132,90.45075125208682,52.0877033467735
3,0.4,306,0.09979445076366132,90.69282136894824,51.88217817305624
3,0.4,306,0.09979445076366132,90.93489148580969,51.67293511776449
3,0.4,306,0.09979445076366132,91.17696160267111,51.46070743972877
3,0.4,306,0.09979445076366132,91.41903171953255,51.24621771535075
3,0.4,306,0.09979445076366132,91.661101836394,51.03017747916848
3,0.4,306,0.09979445076366132,91.90317195325542,50.81328696404453
3,0.4,306,0.09979445076366132,92.14524207011686,50.59623493843236
3,0.4,306,0.09979445076366132,92.38731218697829,50.37969863809671
3,0.4,306,0.09979445076366132,92.62938230383973,50.16434378961824
3,0.4,306,0.09979445076366132,92.87145242070117,49.950824723005695
3,0.4,306,0.09979445076366132,93.1135225375626,49.73978457076338
3,0.4,306,0.09979445076366132,93.35559265442404,49.5318555508195
3,0.4,306,0.09979445076366132,93.59766277128547,49.327659330810135
3,0.4,306,0.09979445076366132,93.83973288814691,49.127807471331046
3,0.4,306,0.09979445076366132,94.08180300500835,48.93290194591755
3,0.4,306,0.09979445076366132,94.32387312186978,48.74353573568536
3,0.4,306,0.09979445076366132,94.56594323873122,48.560293496767684
3,0.4,306,0.09979445076366132,94.80801335559265,48.38375229890709
3,0.4,306,0.09979445076366132,95.05008347245409,48.21448121230545
3,0.4,306,0.09979445076366132,95.29215358931553,48.052806640981025
3,0.4,306,0.09979445076366132,95.53422370617696,47.89853654231968
3,0.4,306,0.09979445076366132,95.7762938230384,47.75141570618749
3,0.4,306,0.09979445076366132,96.01836393989983,47.61119446880945
3,0.4,306,0.09979445076366132,96.26043405676127,47.47762839386742
3,0.4,306,0.09979445076366132,96.50250417362271,47.350477967752525
3,0.4,306,0.09979445076366132,96.74457429048414,47.2295083083888
3,0.4,306,0.09979445076366132,96.98664440734558,47.11448888708462
3,0.4,306,0.09979445076366132,97.228714524207,47.00519326290523
3,0.4,306,0.09979445076366132,97.47078464106845,46.901398829092685
3,0.4,306,0.09979445076366132,97.71285475792989,46.80288657109444
3,0.4,306,0.09979445076366132,97.95492487479132,46.70944083579007
3,0.4,306,0.09979445076366132,98.19699499165276,46.62084911153656
3,0.4,306,0.09979445076366132,98.43906510851419,46.53690181867944
3,0.4,306,0.09979445076366132,98.68113522537563,46.45739211020269
3,0.4,306,0.09979445076366132,98.92320534223707,46.38211568221583
3,0.4,306,0.09979445076366132,99.1652754590985,46.310870593998374
3,0.4,306,0.09979445076366132,99.40734557595994,46.243457097345015
3,0.4,306,0.09979445076366132,99.64941569282136,46.17967747497497
3,0.4,306,0.09979445076366132,99.8914858096828,46.119335887787756
3,0.4,306,0.09979445076366132,100.13355592654425,46.06224038711756
3,0.4,306,0.09979445076366132,100.37562604340567,46.008239914098496
3,0.4,306,0.09979445076366132,100.61769616026712,45.957218996533406
3,0.4,306,0.09979445076366132,100.85976627712854,45.90906436414568
3,0.4,306,0.09979445076366132,101.10183639398998,45.863663721759515
3,0.4,306,0.09979445076366132,101.34390651085143,45.82090568343833
3,0.4,306,0.09979445076366132,101.58597662771285,45.78067970947178
3,0.4,306,0.09979445076366132,101.8280467445743,45.74287604615766
3,0.4,306,0.09979445076366132,102.07011686143572,45.70738566832958
3,0.4,306,0.09979445076366132,102.31218697829716,45.67410022458324
3,0.4,306,0.09979445076366132,102.5542570951586,45.64291198516057
3,0.4,306,0.09979445076366132,102.79632721202003,45.61371379245153
3,0.4,306,0.09979445076366132,103.03839732888147,45.58639901407893
3,0.4,306,0.09979445076366132,103.2804674457429,45.560861498534
3,0.4,306,0.09979445076366132,103.52253756260434,45.5369955333326
3,0.4,306,0.09979445076366132,103.76460767946578,45.514695805665966
3,0.4,306,0.09979445076366132,104.00667779632721,45.49385736552185
3,0.4,306,0.09979445076366132,104.24874791318865,45.474375591254315
3,0.4,306,0.09979445076366132,104.49081803005008,45.456146157583156
3,0.4,306,0.09979445076366132,104.73288814691152,45.439065006005016
3,0.4,306,0.09979445076366132,104.97495826377296,45.423028317602075
3,0.4,306,0.09979445076366132,105.21702838063439,45.407932488233534
3,0.4,306,0.09979445076366132,105.45909849749583,45.39367410609952
3,0.4,306,0.09979445076366132,105.70116861435726,45.3801499316655
3,0.4,306,0.09979445076366132,105.9432387312187,45.36725687993978
3,0.4,306,0.09979445076366132,106.18530884808014,45.35489200509531
3,0.4,306,0.09979445076366132,106.42737896494157,45.34295248742928
3,0.4,306,0.09979445076366132,106.66944908180301,45.33133562265489
3,0.4,306,0.09979445076366132,106.91151919866444,45.319938813520096
3,0.4,306,0.09979445076366132,107.15358931552588,45.30865956374873
3,0.4,306,0.09979445076366132,107.39565943238732,45.29739547429994
3,0.4,306,0.09979445076366132,107.63772954924875,45.28604424194266
3,0.4,306,0.09979445076366132,107.87979966611019,45.274503660140695
3,0.4,306,0.09979445076366132,108.12186978297161,45.26267162224576
3,0.4,306,0.09979445076366132,108.36393989983306,45.25044612699417
3,0.4,306,0.09979445076366132,108.6060100166945,45.23772528630344
3,0.4,306,0.09979445076366132,108.84808013355592,45.224407335364326
3,0.4,306,0.09979445076366132,109.09015025041737,45.21039064502328
3,0.4,306,0.09979445076366132,109.3322203672788,45.1955737364501
3,0.4,306,0.09979445076366132,109.57429048414023,45.17985529808322
3,0.4,306,0.09979445076366132,109.81636060100168,45.16313420484624
3,0.4,306,0.09979445076366132,110.0584307178631,45.14530980485482
3,0.4,306,0.09979445076366132,110.30050083472455,45.12631667907676
3,0.4,306,0.09979445076366132,110.54257095158597,45.106159181368405
3,0.4,306,0.09979445076366132,110.78464106844741,45.084849967916874
3,0.4,306,0.09979445076366132,111.02671118530886,45.06240175732404
3,0.4,306,0.09979445076366132,111.26878130217028,45.03882732764971
3,0.4,306,0.09979445076366132,111.51085141903172,45.01413951347964
3,0.4,306,0.09979445076366132,111.75292153589315,44.988351203020585
3,0.4,306,0.09979445076366132,111.99499165275459,44.9614753352219
3,0.4,306,0.09979445076366132,112.23706176961603,44.93352489692473
3,0.4,306,0.09979445076366132,112.47913188647746,44.90451292003908
3,0.4,306,0.09979445076366132,112.7212020033389,44.874452478750015
3,0.4,306,0.09979445076366132,112.96327212020033,44.84335668675208
3,0.4,306,0.09979445076366132,113.20534223706177,44.81123869451411
3,0.4,306,0.09979445076366132,113.44741235392321,44.77811168657353
3,0.4,306,0.09979445076366132,113.68948247078464,44.74398887886162
3,0.4,306,0.09979445076366132,113.93155258764608,44.70888351605923
3,0.4,306,0.09979445076366132,114.17362270450751,44.67280886898434
3,0.4,306,0.09979445076366132,114.41569282136895,44.635778232010985
3,0.4,306,0.09979445076366132,114.65776293823039,44.597804920520666
3,0.4,306,0.09979445076366132,114.89983305509182,44.55890226838603
3,0.4,306,0.09979445076366132,115.14190317195326,44.51908362548738
3,0.4,306,0.09979445076366132,115.38397328881469,44.47836235526269
3,0.4,306,0.09979445076366132,115.62604340567613,44.436751832290625
3,0.4,306,0.09979445076366132,115.86811352253757,44.39426543990785
3,0.4,306,0.09979445076366132,116.110183639399,44.35091656785993
3,0.4,306,0.09979445076366132,116.35225375626044,44.306718609986945
3,0.4,306,0.09979445076366132,116.59432387312187,44.26168496194335
3,0.4,306,0.09979445076366132,116.8363939899833,44.21582901895296
3,0.4,306,0.09979445076366132,117.07846410684475,44.16916417359849
3,0.4,306,0.09979445076366132,117.32053422370618,44.121703813646796
3,0.4,306,0.09979445076366132,117.56260434056762,44.0734613199089
3,0.4,306,0.09979445076366132,117.80467445742904,44.02445006413632
3,0.4,306,0.09979445076366132,118.04674457429049,43.974683406952124
3,0.4,306,0.09979445076366132,118.28881469115193,43.92417469581873
3,0.4,306,0.09979445076366132,118.53088480801335,43.872937263040924
3,0.4,306,0.09979445076366132,118.7729549248748,43.82098442380538
3,0.4,306,0.09979445076366132,119.01502504173622,43.76832947425593
3,0.4,306,0.09979445076366132,119.25709515859766,43.714985689605385
3,0.4,306,0.09979445076366132,119.4991652754591,43.660966322283265
3,0.4,306,0.09979445076366132,119.74123539232053,43.60628460012013
3,0.4,306,0.09979445076366132,119.98330550918197,43.550953724568046
3,0.4,306,0.09979445076366132,120.2253756260434,43.49498753502341
3,0.4,306,0.09979445076366132,120.46744574290484,43.43840311184334
3,0.4,306,0.09979445076366132,120.70951585976628,43.38121848748348
3,0.4,306,0.09979445076366132,120.95158597662771,43.323451634850215
3,0.4,306,0.09979445076366132,121.19365609348915,43.26512046479477
3,0.4,306,0.09979445076366132,121.43572621035058,43.206242823949864
3,0.4,306,0.09979445076366132,121.67779632721202,43.14683649263717
3,0.4,306,0.09979445076366132,121.91986644407346,43.086919182845705
3,0.4,306,0.09979445076366132,122.16193656093489,43.026508536280666
3,0.4,306,0.09979445076366132,122.40400667779633,42.96562212248236
3,0.4,306,0.09979445076366132,122.64607679465776,42.9042774370149
3,0.4,306,0.09979445076366132,122.8881469115192,42.84249189972436
3,0.4,306,0.09979445076366132,123.13021702838064,42.78028285306592
3,0.4,306,0.09979445076366132,123.37228714524207,42.717667560499756
3,0.4,306,0.09979445076366132,123.61435726210351,42.65466320495497
3,0.4,306,0.09979445076366132,123.85642737896494,42.59128688736125
3,0.4,306,0.09979445076366132,124.09849749582638,42.527555625248176
3,0.4,306,0.09979445076366132,124.34056761268782,42.46348635141094
3,0.4,306,0.09979445076366132,124.58263772954925,42.399095912642785
3,0.4,306,0.09979445076366132,124.82470784641069,42.334401068533026
3,0.4,306,0.09979445076366132,125.06677796327212,42.269418490330764
3,0.4,306,0.09979445076366132,125.30884808013356,42.20416475987305
3,0.4,306,0.09979445076366132,125.550918196995,42.13865636857776
3,0.4,306,0.09979445076366132,125.79298831385643,42.072909716499886
3,0.4,306,0.09979445076366132,126.03505843071787,42.00694111145133
3,0.4,306,0.09979445076366132,126.2771285475793,41.940766768183174
3,0.4,306,0.09979445076366132,126.51919866444074,41.87440280763021
3,0.4,306,0.09979445076366132,126.76126878130218,41.80786525621672
3,0.4,306,0.09979445076366132,127.0033388981636,41.74117004522362
3,0.4,306,0.09979445076366132,127.24540901502505,41.67433301021529
3,0.4,306,0.09979445076366132,127.48747913188647,41.607369890527025
3,0.4,306,0.09979445076366132,127.72954924874792,41.54029632881078
3,0.4,306,0.09979445076366132,127.97161936560936,41.47312787064
3,0.4,306,0.09979445076366132,128.21368948247078,41.40587996417217
3,0.4,306,0.09979445076366132,128.45575959933223,41.33856795986873
3,0.4,306,0.09979445076366132,128.69782971619367,41.271207110271675
3,0.4,306,0.09979445076366132,128.9398998330551,41.20381256983622
3,0.4,306,0.09979445076366132,129.18196994991655,41.13639939481905
3,0.4,306,0.09979445076366132,129.42404006677796,41.068982543221146
3,0.4,306,0.09979445076366132,129.6661101836394,41.00157687478518
3,0.4,306,0.09979445076366132,129.90818030050082,40.934197151046185
3,0.4,306,0.09979445076366132,130.15025041736226,40.8668580354354
3,0.4,306,0.09979445076366132,130.3923205342237,40.799574093436405
3,0.4,306,0.09979445076366132,130.63439065108514,40.732359792793105
3,0.4,306,0.09979445076366132,130.87646076794658,40.665229503768494
3,0.4,306,0.09979445076366132,131.11853088480802,40.598197499454365
3,0.4,306,0.09979445076366132,131.36060100166947,40.53127795613071
3,0.4,306,0.09979445076366132,131.6026711185309,40.46448495367429
3,0.4,306,0.09979445076366132,131.84474123539232,40.39783247601623
3,0.4,306,0.09979445076366132,132.08681135225376,40.33133441164721
3,0.4,306,0.09979445076366132,132.32888146911517,40.26500455417071
3,0.4,306,0.09979445076366132,132.57095158597662,40.19885660290274
3,0.4,306,0.09979445076366132,132.81302170283806,40.132904163518134
3,0.4,306,0.09979445076366132,133.0550918196995,40.067160748742346
3,0.4,306,0.09979445076366132,133.29716193656094,40.00163977908883
3,0.4,306,0.09979445076366132,133.53923205342238,39.936354583640565
3,0.4,306,0.09979445076366132,133.7813021702838,39.871318400876085
3,0.4,306,0.09979445076366132,134.02337228714524,39.80654437953853
3,0.4,306,0.09979445076366132,134.26544240400668,39.742045579548396
3,0.4,306,0.09979445076366132,134.50751252086812,39.677834972957875
3,0.4,306,0.09979445076366132,134.74958263772956,39.613925444947895
3,0.4,306,0.09979445076366132,134.99165275459097,39.5503297948661
3,0.4,306,0.09979445076366132,135.23372287145241,39.48706480070363
3,0.4,306,0.09979445076366132,135.47579298831386,39.42416512852847
3,0.4,306,0.09979445076366132,135.7178631051753,39.36167020341643
3,0.4,306,0.09979445076366132,135.95993322203674,39.2996192004846
3,0.4,306,0.09979445076366132,136.20200333889815,39.23805104906189
3,0.4,306,0.09979445076366132,136.4440734557596,39.17700443743133
3,0.4,306,0.09979445076366132,136.68614357262103,39.11651781795534
3,0.4,306,0.09979445076366132,136.92821368948248,39.05662941257954
3,0.4,306,0.09979445076366132,137.17028380634392,38.997377218711264
3,0.4,306,0.09979445076366132,137.41235392320533,38.93879901546915
3,0.4,306,0.09979445076366132,137.65442404006677,38.88093237030032
3,0.4,306,0.09979445076366132,137.8964941569282,38.8238146459617
3,0.4,306,0.09979445076366132,138.13856427378965,38.76748300786226
3,0.4,306,0.09979445076366132,138.3806343906511,38.71197443176343
3,0.4,306,0.09979445076366132,138.6227045075125,38.6573257118348
3,0.4,306,0.09979445076366132,138.86477462437395,38.603573469062376
3,0.4,306,0.09979445076366132,139.1068447412354,38.55075416000774
3,0.4,306,0.09979445076366132,139.34891485809683,38.498904085915306
3,0.4,306,0.09979445076366132,139.59098497495827,38.44805940216622
3,0.4,306,0.09979445076366132,139.8330550918197,38.39825612807745
3,0.4,306,0.09979445076366132,140.07512520868113,38.34953015704467
3,0.4,306,0.09979445076366132,140.31719532554257,38.30191726702781
3,0.4,306,0.09979445076366132,140.559265442404,38.25545313137886
3,0.4,306,0.09979445076366132,140.80133555926545,38.210173330011166
3,0.4,306,0.09979445076366132,141.04340567612687,38.166113360910465
3,0.4,306,0.09979445076366132,141.2854757929883,38.12330865198748
3,0.4,306,0.09979445076366132,141.52754590984975,38.081794573273015
3,0.4,306,0.09979445076366132,141.7696160267112,38.04160644945592
3,0.4,306,0.09979445076366132,142.01168614357263,38.002779572765846
3,0.4,306,0.09979445076366132,142.25375626043405,37.96534921620151
3,0.4,306,0.09979445076366132,142.4958263772955,37.92935064710682
3,0.4,306,0.09979445076366132,142.73789649415693,37.894819141097734
3,0.4,306,0.09979445076366132,142.97996661101837,37.861789996341166
3,0.4,306,0.09979445076366132,143.2220367278798,37.83029854819026
3,0.4,306,0.09979445076366132,143.46410684474122,37.80038018417907
3,0.4,306,0.09979445076366132,143.70617696160267,37.772070359380436
3,0.4,306,0.09979445076366132,143.9482470784641,37.74540461213141
3,0.4,306,0.09979445076366132,144.19031719532555,37.72041858013153
3,0.4,306,0.09979445076366132,144.432387312187,37.697148016918085
3,0.4,306,0.09979445076366132,144.6744574290484,37.67562880872536
3,0.4,306,0.09979445076366132,144.91652754590984,37.655896991732845
3,0.4,306,0.09979445076366132,145.15859766277129,37.63798876971005
3,0.4,306,0.09979445076366132,145.40066777963273,37.62194053206434
3,0.4,306,0.09979445076366132,145.64273789649417,37.60778887229979
3,0.4,306,0.09979445076366132,145.88480801335558,37.59557060689542
3,0.4,306,0.09979445076366132,146.12687813021702,37.58532279461122
3,0.4,306,0.09979445076366132,146.36894824707846,37.57708275623148
3,0.4,306,0.09979445076366132,146.6110183639399,37.57088809475541
3,0.4,306,0.09979445076366132,146.85308848080135,37.566776716045204
3,0.4,306,0.09979445076366132,147.09515859766276,37.564786849943125
3,0.4,306,0.09979445076366132,147.3372287145242,37.56495707186898
3,0.4,306,0.09979445076366132,147.57929883138564,37.56732632491035
3,0.4,306,0.09979445076366132,147.82136894824708,37.571933942419086
3,0.4,306,0.09979445076366132,148.06343906510853,37.57881967112717
3,0.4,306,0.09979445076366132,148.30550918196994,37.58802369479689
3,0.4,306,0.09979445076366132,148.54757929883138,37.59958665842036
3,0.4,306,0.09979445076366132,148.78964941569282,37.61354969298411
3,0.4,306,0.09979445076366132,149.03171953255426,37.62995444081598
3,0.4,306,0.09979445076366132,149.2737896494157,37.648843081531204
3,0.4,306,0.09979445076366132,149.51585976627712,37.67025835859656
3,0.4,306,0.09979445076366132,149.75792988313856,37.69424360653157
3,0.4,306,0.09979445076366132,150.0,37.72084277876692
4,0.5,531,0.11060656606868184,5.0,0.0
4,0.5,531,0.11060656606868184,5.242070116861436,0.0
4,0.5,531,0.11060656606868184,5.484140233722871,0.0
4,0.5,531,0.11060656606868184,5.726210350584307,0.0
4,0.5,531,0.11060656606868184,5.968280467445743,0.0
4,0.5,531,0.11060656606868184,6.210350584307179,0.0
4,0.5,531,0.11060656606868184,6.452420701168615,0.0
4,0.5,531,0.11060656606868184,6.69449081803005,0.0
4,0.5,531,0.11060656606868184,6.936560934891486,0.0
4,0.5,531,0.11060656606868184,7.178631051752921,0.0
4,0.5,531,0.11060656606868184,7.420701168614357,0.0
4,0.5,531,0.11060656606868184,7.6627712854757934,0.0
4,0.5,531,0.11060656606868184,7.904841402337229,0.0
4,0.5,531,0.11060656606868184,8.146911519198664,0.0
4,0.5,531,0.11060656606868184,8.3889816360601,0.0
4,0.5,531,0.11060656606868184,8.631051752921536,0.0
4,0.5,531,0.11060656606868184,8.873121869782972,0.0
4,0.5,531,0.11060656606868184,9.115191986644408,0.0
4,0.5,531,0.11060656606868184,9.357262103505843,0.0
4,0.5,531,0.11060656606868184,9.599332220367279,0.0
4,0.5,531,0.11060656606868184,9.841402337228715,0.0
4,0.5,531,0.11060656606868184,10.083472454090149,0.0
4,0.5,531,0.11060656606868184,10.325542570951587,0.0
4,0.5,531,0.11060656606868184,10.567612687813021,0.0
4,0.5,531,0.11060656606868184,10.809682804674457,0.0
4,0.5,531,0.11060656606868184,11.051752921535893,0.0
4,0.5,531,0.11060656606868184,11.293823038397328,0.0
4,0.5,531,0.11060656606868184,11.535893155258766,0.0
4,0.5,531,0.11060656606868184,11.7779632721202,0.0
4,0.5,531,0.11060656606868184,12.020033388981636,0.0
4,0.5,531,0.11060656606868184,12.262103505843072,0.0
4,0.5,531,0.11060656606868184,12.504173622704506,0.0
4,0.5,531,0.11060656606868184,12.746243739565944,0.0
4,0.5,531,0.11060656606868184,12.988313856427379,0.0
4,0.5,531,0.11060656606868184,13.230383973288815,0.0
4,0.5,531,0.11060656606868184,13.47245409015025,0.0
4,0.5,531,0.11060656606868184,13.714524207011687,0.0
4,0.5,531,0.11060656606868184,13.956594323873121,0.0
4,0.5,531,0.11060656606868184,14.198664440734557,0.0
4,0.5,531,0.11060656606868184,14.440734557595993,0.7146612280113509
4,0.5,531,0.11060656606868184,14.68280467445743,1.2894253472816943
4,0.5,531,0.11060656606868184,14.924874791318866,1.802738575115851
4,0.5,531,0.11060656606868184,15.1669449081803,2.298238612067226
4,0.5,531,0.11060656606868184,15.409015025041736,2.784577149137881
4,0.5,531,0.11060656606868184,15.651085141903172,3.2651341078787746
4,0.5,531,0.11060656606868184,15.893155258764608,3.7438691355860723
4,0.5,531,0.11060656606868184,16.135225375626042,4.227036331235048
4,0.5,531,0.11060656606868184,16.377295492487477,4.719201129000097
4,0.5,531,0.11060656606868184,16.619365609348915,5.221948678667324
4,0.5,531,0.11060656606868184,16.861435726210352,5.7369770462321465
4,0.5,531,0.11060656606868184,17.103505843071787,6.266386839580509
4,0.5,531,0.11060656606868184,17.34557595993322,6.812815237058714
4,0.5,531,0.11060656606868184,17.587646076794655,7.379550086184435
4,0.5,531,0.11060656606868184,17.829716193656093,7.9706391732353294
4,0.5,531,0.11060656606868184,18.07178631051753,8.590995077174394
4,0.5,531,0.11060656606868184,18.313856427378965,9.245621277287135
4,0.5,531,0.11060656606868184,18.5559265442404,9.938727350463806
4,0.5,531,0.11060656606868184,18.797996661101834,10.674874476471377
4,0.5,531,0.11060656606868184,19.040066777963272,11.459184734761278
4,0.5,531,0.11060656606868184,19.28213689482471,12.29742806948217
4,0.5,531,0.11060656606868184,19.524207011686144,13.19612150733263
4,0.5,531,0.11060656606868184,19.76627712854758,14.162643510790787
4,0.5,531,0.11060656606868184,20.008347245409013,15.20536670165133
4,0.5,531,0.11060656606868184,20.25041736227045,16.332418202516806
4,0.5,531,0.11060656606868184,20.49248747913189,17.547432349085035
4,0.5,531,0.11060656606868184,20.734557595993323,18.852150826249403
4,0.5,531,0.11060656606868184,20.976627712854757,20.247163638425448
4,0.5,531,0.11060656606868184,21.218697829716195,21.731642241160753
4,0.5,531,0.11060656606868184,21.46076794657763,23.303053287628764
4,0.5,531,0.11060656606868184,21.702838063439064,24.956860353882018
4,0.5,531,0.11060656606868184,21.9449081803005,26.686223682238534
4,0.5,531,0.11060656606868184,22.186978297161936,28.482172148477094
4,0.5,531,0.11060656606868184,22.429048414023374,30.336970002359802
4,0.5,531,0.11060656606868184,22.671118530884808,32.24297196496712
4,0.5,531,0.11060656606868184,22.913188647746242,34.19097720274575
4,0.5,531,0.11060656606868184,23.15525876460768,36.170161844345174
4,0.5,531,0.11060656606868184,23.397328881469114,38.168050383764246
4,0.5,531,0.11060656606868184,23.639398998330552,40.170520326052674
4,0.5,531,0.11060656606868184,23.881469115191987,42.16184530217332
4,0.5,531,0.11060656606868184,24.12353923205342,44.125008726774
4,0.5,531,0.11060656606868184,24.36560934891486,46.0468484100662
4,0.5,531,0.11060656606868184,24.607679465776293,47.91914413043932
4,0.5,531,0.11060656606868184,24.84974958263773,49.734515516188445
4,0.5,531,0.11060656606868184,25.091819699499165,51.48630147089423
4,0.5,531,0.11060656606868184,25.3338898163606,53.16861780634838
4,0.5,531,0.11060656606868184,25.575959933222038,54.776401024924056
4,0.5,531,0.11060656606868184,25.818030050083472,56.305438337397156
4,0.5,531,0.11060656606868184,26.06010016694491,57.75238193488737
4,0.5,531,0.11060656606868184,26.302170283806344,59.1144561654118
4,0.5,531,0.11060656606868184,26.54424040066778,60.38912693119861
4,0.5,531,0.11060656606868184,26.786310517529216,61.57456633348638
4,0.5,531,0.11060656606868184,27.02838063439065,62.669703003861095
4,0.5,531,0.11060656606868184,27.27045075125209,63.674199920826574
4,0.5,531,0.11060656606868184,27.512520868113523,64.58842489218819
4,0.5,531,0.11060656606868184,27.754590984974957,65.4134147475192
4,0.5,531,0.11060656606868184,27.996661101836395,66.15083431804747
4,0.5,531,0.11060656606868184,28.23873121869783,66.8035000712616
4,0.5,531,0.11060656606868184,28.480801335559267,67.37717413812618
4,0.5,531,0.11060656606868184,28.7228714524207,67.87881422995451
4,0.5,531,0.11060656606868184,28.964941569282136,68.31588001248107
4,0.5,531,0.11060656606868184,29.207011686143574,68.6962506909693
4,0.5,531,0.11060656606868184,29.449081803005008,69.02815027062861
4,0.5,531,0.11060656606868184,29.691151919866446,69.3200816858777
4,0.5,531,0.11060656606868184,29.93322203672788,69.5807707524305
4,0.5,531,0.11060656606868184,30.175292153589314,69.81861326158547
4,0.5,531,0.11060656606868184,30.417362270450752,70.03730706166168
4,0.5,531,0.11060656606868184,30.659432387312187,70.23792675209924
4,0.5,531,0.11060656606868184,30.901502504173624,70.42153693955294
4,0.5,531,0.11060656606868184,31.14357262103506,70.58921781414669
4,0.5,531,0.11060656606868184,31.385642737896493,70.74206291645748
4,0.5,531,0.11060656606868184,31.62771285475793,70.88117705805736
4,0.5,531,0.11060656606868184,31.869782971619365,71.00767440012707
4,0.5,531,0.11060656606868184,32.1118530884808,71.12267669383613
4,0.5,531,0.11060656606868184,32.35392320534224,71.22731168542994
4,0.5,531,0.11060656606868184,32.59599332220367,71.32271168828444
4,0.5,531,0.11060656606868184,32.83806343906511,71.4100123235757
4,0.5,531,0.11060656606868184,33.080133555926544,71.49035143067306
4,0.5,531,0.11060656606868184,33.32220367278798,71.56486814789879
4,0.5,531,0.11060656606868184,33.56427378964942,71.63470216390168
4,0.5,531,0.11060656606868184,33.80634390651085,71.70099313957158
4,0.5,531,0.11060656606868184,34.04841402337229,71.76488030017711
4,0.5,531,0.11060656606868184,34.29048414023372,71.82750219722547
4,0.5,531,0.11060656606868184,34.53255425709516,71.8899966394479
4,0.5,531,0.11060656606868184,34.7746243739566,71.95350079227308
4,0.5,531,0.11060656606868184,35.016694490818026,72.01915135067681
4,0.5,531,0.11060656606868184,35.25876460767947,72.08773315102295
4,0.5,531,0.11060656606868184,35.5008347245409,72.15888342240679
4,0.5,531,0.11060656606868184,35.742904841402336,72.23200115442226
4,0.5,531,0.11060656606868184,35.98497495826378,72.30647939038604
4,0.5,531,0.11060656606868184,36.227045075125204,72.38170523201046
4,0.5,531,0.11060656606868184,36.469115191986646,72.45705988659961
4,0.5,531,0.11060656606868184,36.71118530884808,72.53191875871862
4,0.5,531,0.11060656606868184,36.953255425709514,72.60565158820725
4,0.5,531,0.11060656606868184,37.19532554257095,72.67762263631053
4,0.5,531,0.11060656606868184,37.43739565943239,72.7471909216133
4,0.5,531,0.11060656606868184,37.679465776293824,72.8137105073573
4,0.5,531,0.11060656606868184,37.92153589315526,72.8765308416109
4,0.5,531,0.11060656606868184,38.16360601001669,72.93499715164185
4,0.5,531,0.11060656606868184,38.40567612687813,72.98845089371203
4,0.5,531,0.11060656606868184,38.64774624373957,73.03623025937392
4,0.5,531,0.11060656606868184,38.889816360601,73.07767073919344
4,0.5,531,0.11060656606868184,39.13188647746244,73.11210574465927
4,0.5,531,0.11060656606868184,39.37395659432387,73.13886728886061
4,0.5,531,0.11060656606868184,39.616026711185306,73.15728672632372
4,0.5,531,0.11060656606868184,39.85809682804675,73.16669555218921
4,0.5,531,0.11060656606868184,40.10016694490818,73.16643675330266
4,0.5,531,0.11060656606868184,40.342237061769616,73.15623169901892
4,0.5,531,0.11060656606868184,40.58430717863105,73.13627570721088
4,0.5,531,0.11060656606868184,40.826377295492485,73.10679601021539
4,0.5,531,0.11060656606868184,41.068447412353926,73.06802168985992
4,0.5,531,0.11060656606868184,41.31051752921536,73.02018344983493
4,0.5,531,0.11060656606868184,41.552587646076795,72.96351339323175
4,0.5,531,0.11060656606868184,41.79465776293823,72.89824480542255
4,0.5,531,0.11060656606868184,42.03672787979966,72.82461194244641
4,0.5,531,0.11060656606868184,42.278797996661105,72.74284982504592
4,0.5,531,0.11060656606868184,42.52086811352254,72.65319403848619
4,0.5,531,0.11060656606868184,42.76293823038397,72.55588053827309
4,0.5,531,0.11060656606868184,43.00500834724541,72.45114546187163
4,0.5,531,0.11060656606868184,43.24707846410684,72.33922494651232
4,0.5,531,0.11060656606868184,43.48914858096828,72.22035495316123
4,0.5,531,0.11060656606868184,43.73121869782972,72.09477109671292
4,0.5,531,0.11060656606868184,43.97328881469115,71.96270848245703
4,0.5,531,0.11060656606868184,44.215358931552586,71.82440154885329
4,0.5,531,0.11060656606868184,44.45742904841402,71.68008391664065
4,0.5,531,0.11060656606868184,44.69949916527546,71.5299882442945
4,0.5,531,0.11060656606868184,44.941569282136896,71.37434608983402
4,0.5,531,0.11060656606868184,45.18363939899833,71.21340167427311
4,0.5,531,0.11060656606868184,45.425709515859765,71.04751498148586
4,0.5,531,0.11060656606868184,45.6677796327212,70.87710206787985
4,0.5,531,0.11060656606868184,45.90984974958264,70.70257591792496
4,0.5,531,0.11060656606868184,46.151919866444075,70.52434578646034
4,0.5,531,0.11060656606868184,46.39398998330551,70.34281701253343
4,0.5,531,0.11060656606868184,46.636060100166944,70.158390855811
4,0.5,531,0.11060656606868184,46.87813021702838,69.9714643551941
4,0.5,531,0.11060656606868184,47.12020033388982,69.78243020924693
4,0.5,531,0.11060656606868184,47.362270450751254,69.5916766780333
4,0.5,531,0.11060656606868184,47.60434056761269,69.39958750594037
4,0.5,531,0.11060656606868184,47.84641068447412,69.20654186505966
4,0.5,531,0.11060656606868184,48.08848080133556,69.01291431868414
4,0.5,531,0.11060656606868184,48.330550918197,68.81907480448137
4,0.5,531,0.11060656606868184,48.57262103505843,68.62538863689336
4,0.5,531,0.11060656606868184,48.81469115191987,68.43221652832236
4,0.5,531,0.11060656606868184,49.0567612687813,68.23991462865975
4,0.5,531,0.11060656606868184,49.298831385642735,68.04883458272398
4,0.5,531,0.11060656606868184,49.54090150250418,67.85932360518288
4,0.5,531,0.11060656606868184,49.78297161936561,67.67172457254303
4,0.5,531,0.11060656606868184,50.025041736227045,67.48637612259719
4,0.5,531,0.11060656606868184,50.26711185308848,67.30360167554524
4,0.5,531,0.11060656606868184,50.509181969949914,67.12368820433329
4,0.5,531,0.11060656606868184,50.751252086811355,66.94691338267792
4,0.5,531,0.11060656606868184,50.99332220367279,66.77355174393708
4,0.5,531,0.11060656606868184,51.235392320534224,66.6038748373022
4,0.5,531,0.11060656606868184,51.47746243739566,66.4381513943616
4,0.5,531,0.11060656606868184,51.71953255425709,66.27664750585926
4,0.5,531,0.11060656606868184,51.961602671118534,66.11962680849024
4,0.5,531,0.11060656606868184,52.20367278797997,65.96735068159784
4,0.5,531,0.11060656606868184,52.4457429048414,65.82007845365949
4,0.5,531,0.11060656606868184,52.68781302170284,65.6780676184729
4,0.5,531,0.11060656606868184,52.92988313856427,65.54157406097642
4,0.5,531,0.11060656606868184,53.17195325542571,65.41085229266821
4,0.5,531,0.11060656606868184,53.41402337228715,65.28615569660847
4,0.5,531,0.11060656606868184,53.65609348914858,65.16773678202419
4,0.5,531,0.11060656606868184,53.898163606010016,65.05584744855993
4,0.5,531,0.11060656606868184,54.14023372287145,64.95073926024926
4,0.5,531,0.11060656606868184,54.38230383973289,64.85266372931414
4,0.5,531,0.11060656606868184,54.624373956594326,64.76187260992903
4,0.5,531,0.11060656606868184,54.86644407345576,64.67861820212269
4,0.5,531,0.11060656606868184,55.108514190317194,64.60314153945183
4,0.5,531,0.11060656606868184,55.35058430717863,64.53532483823706
4,0.5,531,0.11060656606868184,55.59265442404007,64.47464148205121
4,0.5,531,0.11060656606868184,55.834724540901504,64.4205464498837
4,0.5,531,0.11060656606868184,56.07679465776294,64.37249838793895
4,0.5,531,0.11060656606868184,56.31886477462437,64.32995909293787
4,0.5,531,0.11060656606868184,56.56093489148581,64.29239304093268
4,0.5,531,0.11060656606868184,56.80300500834725,64.2592669610408
4,0.5,531,0.11060656606868184,57.04507512520868,64.23004945360402
4,0.5,531,0.11060656606868184,57.28714524207012,64.20421065237386
4,0.5,531,0.11060656606868184,57.52921535893155,64.18122193040124
4,0.5,531,0.11060656606868184,57.771285475792986,64.16055564938188
4,0.5,531,0.11060656606868184,58.01335559265443,64.14168495227001
4,0.5,531,0.11060656606868184,58.25542570951586,64.1240835990227
4,0.5,531,0.11060656606868184,58.497495826377296,64.10722584537945
4,0.5,531,0.11060656606868184,58.73956594323873,64.09058636461296
4,0.5,531,0.11060656606868184,58.981636060100165,64.07364021220897
4,0.5,531,0.11060656606868184,59.223706176961606,64.05586283344383
4,0.5,531,0.11060656606868184,59.46577629382304,64.03673011383168
4,0.5,531,0.11060656606868184,59.707846410684475,64.0157184724059
4,0.5,531,0.11060656606868184,59.94991652754591,63.99230499778036
4,0.5,531,0.11060656606868184,60.19198664440734,63.96602960907055
4,0.5,531,0.11060656606868184,60.434056761268785,63.93690133375757
4,0.5,531,0.11060656606868184,60.67612687813022,63.905143235232366
4,0.5,531,0.11060656606868184,60.91819699499165,63.8709792381496
4,0.5,531,0.11060656606868184,61.16026711185309,63.834632943506314
4,0.5,531,0.11060656606868184,61.40233722871452,63.79632755231356
4,0.5,531,0.11060656606868184,61.644407345575964,63.75628579702772
4,0.5,531,0.11060656606868184,61.8864774624374,63.71472988072051
4,0.5,531,0.11060656606868184,62.12854757929883,63.67188142395934
4,0.5,531,0.11060656606868184,62.37061769616027,63.627961419364446
4,0.5,531,0.11060656606868184,62.6126878130217,63.58319019380712
4,0.5,531,0.11060656606868184,62.85475792988314,63.53778737820597
4,0.5,531,0.11060656606868184,63.09682804674458,63.49197188487785
4,0.5,531,0.11060656606868184,63.33889816360601,63.44596189239628
4,0.5,531,0.11060656606868184,63.580968280467445,63.399974837910214
4,0.5,531,0.11060656606868184,63.82303839732888,63.35422741687235
4,0.5,531,0.11060656606868184,64.06510851419031,63.308935590129174
4,0.5,531,0.11060656606868184,64.30717863105176,63.26431459832344
4,0.5,531,0.11060656606868184,64.5492487479132,63.22057898356121
4,0.5,531,0.11060656606868184,64.79131886477462,63.17794261829843
4,0.5,531,0.11060656606868184,65.03338898163605,63.136618589182156
4,0.5,531,0.11060656606868184,65.27545909849749,63.096734580792386
4,0.5,531,0.11060656606868184,65.51752921535893,63.058192355952585
4,0.5,531,0.11060656606868184,65.75959933222038,63.020856809582675
4,0.5,531,0.11060656606868184,66.0016694490818,62.98459313141629
4,0.5,531,0.11060656606868184,66.24373956594323,62.94926678385819
4,0.5,531,0.11060656606868184,66.48580968280467,62.91474348265334
4,0.5,531,0.11060656606868184,66.72787979966611,62.88088918036158
4,0.5,531,0.11060656606868184,66.96994991652755,62.84757005263168
4,0.5,531,0.11060656606868184,67.21202003338898,62.81465248727127
4,0.5,531,0.11060656606868184,67.45409015025041,62.78200307610874
4,0.5,531,0.11060656606868184,67.69616026711185,62.74948860964211
4,0.5,531,0.11060656606868184,67.93823038397329,62.71697607447329
4,0.5,531,0.11060656606868184,68.18030050083473,62.68433265352357
4,0.5,531,0.11060656606868184,68.42237061769616,62.651425729027345
4,0.5,531,0.11060656606868184,68.66444073455759,62.61812288830059
4,0.5,531,0.11060656606868184,68.90651085141903,62.58429193228009
4,0.5,531,0.11060656606868184,69.14858096828047,62.54980088682911
4,0.5,531,0.11060656606868184,69.3906510851419,62.514518016804395
4,0.5,531,0.11060656606868184,69.63272120200334,62.47831184287879
4,0.5,531,0.11060656606868184,69.87479131886478,62.441051161111766
4,0.5,531,0.11060656606868184,70.11686143572621,62.402607589156446
4,0.5,531,0.11060656606868184,70.35893155258765,62.36291605478015
4,0.5,531,0.11060656606868184,70.60100166944908,62.32197751197035
4,0.5,531,0.11060656606868184,70.84307178631052,62.27979602652325
4,0.5,531,0.11060656606868184,71.08514190317196,62.23637567060455
4,0.5,531,0.11060656606868184,71.32721202003339,62.191720523489536
4,0.5,531,0.11060656606868184,71.56928213689483,62.145834672288515
4,0.5,531,0.11060656606868184,71.81135225375625,62.098722212658174
4,0.5,531,0.11060656606868184,72.0534223706177,62.05038724949831
4,0.5,531,0.11060656606868184,72.29549248747914,62.00083389763606
4,0.5,531,0.11060656606868184,72.53756260434056,61.95006628249477
4,0.5,531,0.11060656606868184,72.779632721202,61.898088540750486
4,0.5,531,0.11060656606868184,73.02170283806343,61.844904820974534
4,0.5,531,0.11060656606868184,73.26377295492487,61.790519284263524
4,0.5,531,0.11060656606868184,73.50584307178632,61.73493610485568
4,0.5,531,0.11060656606868184,73.74791318864774,61.67815947073475
4,0.5,531,0.11060656606868184,73.98998330550918,61.620193584221234
4,0.5,531,0.11060656606868184,74.23205342237061,61.5610426625508
4,0.5,531,0.11060656606868184,74.47412353923205,61.50071093844038
4,0.5,531,0.11060656606868184,74.7161936560935,61.439202660642515
4,0.5,531,0.11060656606868184,74.95826377295492,61.37652209448651
4,0.5,531,0.11060656606868184,75.20033388981636,61.31268541912826
4,0.5,531,0.11060656606868184,75.44240400667779,61.247789229970756
4,0.5,531,0.11060656606868184,75.68447412353923,61.18196306414368
4,0.5,531,0.11060656606868184,75.92654424040067,61.11533602489875
4,0.5,531,0.11060656606868184,76.1686143572621,61.04803665681503
4,0.5,531,0.11060656606868184,76.41068447412354,60.980192931388544
4,0.5,531,0.11060656606868184,76.65275459098497,60.9119322353011
4,0.5,531,0.11060656606868184,76.89482470784641,60.843381361346
4,0.5,531,0.11060656606868184,77.13689482470785,60.7746665019887
4,0.5,531,0.11060656606868184,77.37896494156928,60.70591324554073
4,0.5,531,0.11060656606868184,77.62103505843072,60.6372465749228
4,0.5,531,0.11060656606868184,77.86310517529215,60.56879086899544
4,0.5,531,0.11060656606868184,78.10517529215359,60.500669906433174
4,0.5,531,0.11060656606868184,78.34724540901503,60.4330068721212
4,0.5,531,0.11060656606868184,78.58931552587646,60.36592436605042
4,0.5,531,0.11060656606868184,78.8313856427379,60.299544414690466
4,0.5,531,0.11060656606868184,79.07345575959933,60.23398848481906
4,0.5,531,0.11060656606868184,79.31552587646077,60.16937749978613
4,0.5,531,0.11060656606868184,79.55759599332221,60.10583185819618
4,0.5,531,0.11060656606868184,79.79966611018364,60.04347145498621
4,0.5,531,0.11060656606868184,80.04173622704508,59.9824155239386
4,0.5,531,0.11060656606868184,80.2838063439065,59.92272672946688
4,0.5,531,0.11060656606868184,80.52587646076795,59.8643323296798
4,0.5,531,0.11060656606868184,80.76794657762939,59.807139952649514
4,0.5,531,0.11060656606868184,81.01001669449082,59.75105760977585
4,0.5,531,0.11060656606868184,81.25208681135226,59.695993678948184
4,0.5,531,0.11060656606868184,81.49415692821368,59.641856889103025
4,0.5,531,0.11060656606868184,81.73622704507513,59.58855630616413
4,0.5,531,0.11060656606868184,81.97829716193657,59.53600132035832
4,0.5,531,0.11060656606868184,82.220367278798,59.48410163489815
4,0.5,531,0.11060656606868184,82.46243739565944,59.43276725602288
4,0.5,531,0.11060656606868184,82.70450751252086,59.38190848439129
4,0.5,531,0.11060656606868184,82.9465776293823,59.331435907817664
4,0.5,531,0.11060656606868184,83.18864774624375,59.28126039534526
4,0.5,531,0.11060656606868184,83.43071786310517,59.23129309265034
4,0.5,531,0.11060656606868184,83.67278797996661,59.18144541876993
4,0.5,531,0.11060656606868184,83.91485809682804,59.131629064147226
4,0.5,531,0.11060656606868184,84.15692821368948,59.081755989988764
4,0.5,531,0.11060656606868184,84.39899833055092,59.03173842892624
4,0.5,531,0.11060656606868184,84.64106844741235,58.98148888697808
4,0.5,531,0.11060656606868184,84.88313856427379,58.930920146802976
4,0.5,531,0.11060656606868184,85.12520868113522,58.879943320371815
4,0.5,531,0.11060656606868184,85.36727879799666,58.82842839263054
4,0.5,531,0.11060656606868184,85.6093489148581,58.77620623261429
4,0.5,531,0.11060656606868184,85.85141903171953,58.723106731135616
4,0.5,531,0.11060656606868184,86.09348914858097,58.66896041258515
4,0.5,531,0.11060656606868184,86.3355592654424,58.61359846331482
4,0.5,531,0.11060656606868184,86.57762938230384,58.556852764886514
4,0.5,531,0.11060656606868184,86.81969949916528,58.498555932147376
4,0.5,531,0.11060656606868184,87.06176961602671,58.438541356093616
4,0.5,531,0.11060656606868184,87.30383973288815,58.37664325147804
4,0.5,531,0.11060656606868184,87.54590984974958,58.31269670911498
4,0.5,531,0.11060656606868184,87.78797996661102,58.24653775283207
4,0.5,531,0.11060656606868184,88.03005008347246,58.17800340101245
4,0.5,531,0.11060656606868184,88.27212020033389,58.106931732667874
4,0.5,531,0.11060656606868184,88.51419031719533,58.03316195797733
4,0.5,531,0.11060656606868184,88.75626043405676,57.95653449321959
4,0.5,531,0.11060656606868184,88.9983305509182,57.876891040024496
4,0.5,531,0.11060656606868184,89.24040066777964,57.79407466885828
4,0.5,531,0.11060656606868184,89.48247078464107,57.707929906655174
4,0.5,531,0.11060656606868184,89.72454090150251,57.61830282849867
4,0.5,531,0.11060656606868184,89.96661101836393,57.525041153249575
4,0.5,531,0.11060656606868184,90.20868113522538,57.428032739918415
4,0.5,531,0.11060656606868184,90.45075125208682,57.32739997943809
4,0.5,531,0.11060656606868184,90.69282136894824,57.22335259082938
4,0.5,531,0.11060656606868184,90.93489148580969,57.11609968199384
4,0.5,531,0.11060656606868184,91.17696160267111,57.005849476907514
4,0.5,531,0.11060656606868184,91.41903171953255,56.89280920776116
4,0.5,531,0.11060656606868184,91.661101836394,56.77718501448416
4,0.5,531,0.11060656606868184,91.90317195325542,56.65918185161649
4,0.5,531,0.11060656606868184,92.14524207011686,56.539003402485896
4,0.5,531,0.11060656606868184,92.38731218697829,56.41685200063656
4,0.5,531,0.11060656606868184,92.62938230383973,56.292928558449844
4,0.5,531,0.11060656606868184,92.87145242070117,56.167432502888886
4,0.5,531,0.11060656606868184,93.1135225375626,56.040561718292786
4,0.5,531,0.11060656606868184,93.35559265442404,55.912512496140586
4,0.5,531,0.11060656606868184,93.59766277128547,55.78347949170017
4,0.5,531,0.11060656606868184,93.83973288814691,55.653655687471705
4,0.5,531,0.11060656606868184,94.08180300500835,55.52323236333293
4,0.5,531,0.11060656606868184,94.32387312186978,55.392399073289525
4,0.5,531,0.11060656606868184,94.56594323873122,55.26134362873156
4,0.5,531,0.11060656606868184,94.80801335559265,55.13025208809519
4,0.5,531,0.11060656606868184,95.05008347245409,54.999308657697604
4,0.5,531,0.11060656606868184,95.29215358931553,54.86867733160043
4,0.5,531,0.11060656606868184,95.53422370617696,54.73848023355666
4,0.5,531,0.11060656606868184,95.7762938230384,54.60883298988883
4,0.5,531,0.11060656606868184,96.01836393989983,54.479850111597976
4,0.5,531,0.11060656606868184,96.26043405676127,54.3516450075956
4,0.5,531,0.11060656606868184,96.50250417362271,54.22433000030675
4,0.5,531,0.11060656606868184,96.74457429048414,54.09801634360278
4,0.5,531,0.11060656606868184,96.98664440734558,53.97281424302493
4,0.5,531,0.11060656606868184,97.228714524207,53.848832878259955
4,0.5,531,0.11060656606868184,97.47078464106845,53.72618042783107
4,0.5,531,0.11060656606868184,97.71285475792989,53.6049640959685
4,0.5,531,0.11060656606868184,97.95492487479132,53.48529014162512
4,0.5,531,0.11060656606868184,98.19699499165276,53.3672639096053
4,0.5,531,0.11060656606868184,98.43906510851419,53.250989863775565
4,0.5,531,0.11060656606868184,98.68113522537563,53.136571622328816
4,0.5,531,0.11060656606868184,98.92320534223707,53.024111995074804
4,0.5,531,0.11060656606868184,99.1652754590985,52.913713022732054
4,0.5,531,0.11060656606868184,99.40734557595994,52.80547601819901
4,0.5,531,0.11060656606868184,99.64941569282136,52.699501609784086
4,0.5,531,0.11060656606868184,99.8914858096828,52.59588978637647
4,0.5,531,0.11060656606868184,100.13355592654425,52.49473568405757
4,0.5,531,0.11060656606868184,100.37562604340567,52.39605633128372
4,0.5,531,0.11060656606868184,100.61769616026712,52.299801192978194
4,0.5,531,0.11060656606868184,100.85976627712854,52.205918064966205
4,0.5,531,0.11060656606868184,101.10183639398998,52.11435534291065
4,0.5,531,0.11060656606868184,101.34390651085143,52.025062002168866
4,0.5,531,0.11060656606868184,101.58597662771285,51.93798757818542
4,0.5,531,0.11060656606868184,101.8280467445743,51.85308214741027
4,0.5,531,0.11060656606868184,102.07011686143572,51.77029630873062
4,0.5,531,0.11060656606868184,102.31218697829716,51.68958116540471
4,0.5,531,0.11060656606868184,102.5542570951586,51.61088830748837
4,0.5,531,0.11060656606868184,102.79632721202003,51.53416979474265
4,0.5,531,0.11060656606868184,103.03839732888147,51.45937814001385
4,0.5,531,0.11060656606868184,103.2804674457429,51.38646629307642
4,0.5,531,0.11060656606868184,103.52253756260434,51.31538762492944
4,0.5,531,0.11060656606868184,103.76460767946578,51.24609591253831
4,0.5,531,0.11060656606868184,104.00667779632721,51.178545324013626
4,0.5,531,0.11060656606868184,104.24874791318865,51.11269040421906
4,0.5,531,0.11060656606868184,104.49081803005008,51.04848606080068
4,0.5,531,0.11060656606868184,104.73288814691152,50.98588755063092
4,0.5,531,0.11060656606868184,104.97495826377296,50.92485046665986
4,0.5,531,0.11060656606868184,105.21702838063439,50.865330725167475
4,0.5,531,0.11060656606868184,105.45909849749583,50.8072845534102
4,0.5,531,0.11060656606868184,105.70116861435726,50.75066847765643
4,0.5,531,0.11060656606868184,105.9432387312187,50.69543931160459
4,0.5,531,0.11060656606868184,106.18530884808014,50.64155414517858
4,0.5,531,0.11060656606868184,106.42737896494157,50.588970333695386
4,0.5,531,0.11060656606868184,106.66944908180301,50.53764548739947
4,0.5,531,0.11060656606868184,106.91151919866444,50.487537461360255
4,0.5,531,0.11060656606868184,107.15358931552588,50.43860434572645
4,0.5,531,0.11060656606868184,107.39565943238732,50.39080445633484
4,0.5,531,0.11060656606868184,107.63772954924875,50.34409632566794
4,0.5,531,0.11060656606868184,107.87979966611019,50.29843869415743
4,0.5,531,0.11060656606868184,108.12186978297161,50.25379050182937
4,0.5,531,0.11060656606868184,108.36393989983306,50.21011088028783
4,0.5,531,0.11060656606868184,108.6060100166945,50.167359145033295
4,0.5,531,0.11060656606868184,108.84808013355592,50.12549478811348
4,0.5,531,0.11060656606868184,109.09015025041737,50.08447747110213
4,0.5,531,0.11060656606868184,109.3322203672788,50.04426701840469
4,0.5,531,0.11060656606868184,109.57429048414023,50.00482341088657
4,0.5,531,0.11060656606868184,109.81636060100168,49.96610677982266
4,0.5,531,0.11060656606868184,110.0584307178631,49.92807741768899
4,0.5,531,0.11060656606868184,110.30050083472455,49.890697936127644
4,0.5,531,0.11060656606868184,110.54257095158597,49.853935406676385
4,0.5,531,0.11060656606868184,110.78464106844741,49.817757523281855
4,0.5,531,0.11060656606868184,111.02671118530886,49.78213208520445
4,0.5,531,0.11060656606868184,111.26878130217028,49.7470269934969
4,0.5,531,0.11060656606868184,111.51085141903172,49.7124102476887
4,0.5,531,0.11060656606868184,111.75292153589315,49.678249942675684
4,0.5,531,0.11060656606868184,111.99499165275459,49.644514265813626
4,0.5,531,0.11060656606868184,112.23706176961603,49.611171494214574
4,0.5,531,0.11060656606868184,112.47913188647746,49.578189992244916
4,0.5,531,0.11060656606868184,112.7212020033389,49.545538209224574
4,0.5,531,0.11060656606868184,112.96327212020033,49.51318467732573
4,0.5,531,0.11060656606868184,113.20534223706177,49.48109800967077
4,0.5,531,0.11060656606868184,113.44741235392321,49.44924689862798
4,0.5,531,0.11060656606868184,113.68948247078464,49.41760011430506
4,0.5,531,0.11060656606868184,113.93155258764608,49.38612650323843
4,0.5,531,0.11060656606868184,114.17362270450751,49.35479498727862
4,0.5,531,0.11060656606868184,114.41569282136895,49.32357456267016
4,0.5,531,0.11060656606868184,114.65776293823039,49.292434299325855
4,0.5,531,0.11060656606868184,114.89983305509182,49.26134334029423
4,0.5,531,0.11060656606868184,115.14190317195326,49.230270901419594
4,0.5,531,0.11060656606868184,115.38397328881469,49.19918627119402
4,0.5,531,0.11060656606868184,115.62604340567613,49.16805881080033
4,0.5,531,0.11060656606868184,115.86811352253757,49.13685795434581
4,0.5,531,0.11060656606868184,116.110183639399,49.105553209285134
4,0.5,531,0.11060656606868184,116.35225375626044,49.07411415703269
4,0.5,531,0.11060656606868184,116.59432387312187,49.042510453762596
4,0.5,531,0.11060656606868184,116.8363939899833,49.01071183139691
4,0.5,531,0.11060656606868184,117.07846410684475,48.978688098779436
4,0.5,531,0.11060656606868184,117.32053422370618,48.94640914303627
4,0.5,531,0.11060656606868184,117.56260434056762,48.91384493112097
4,0.5,531,0.11060656606868184,117.80467445742904,48.88096551154391
4,0.5,531,0.11060656606868184,118.04674457429049,48.84774101628502
4,0.5,531,0.11060656606868184,118.28881469115193,48.8141416628888
4,0.5,531,0.11060656606868184,118.53088480801335,48.78013775674086
4,0.5,531,0.11060656606868184,118.7729549248748,48.74569969352489
4,0.5,531,0.11060656606868184,119.01502504173622,48.710797961858965
4,0.5,531,0.11060656606868184,119.25709515859766,48.67540314611033
4,0.5,531,0.11060656606868184,119.4991652754591,48.639485929387256
4,0.5,531,0.11060656606868184,119.74123539232053,48.60301709670709
4,0.5,531,0.11060656606868184,119.98330550918197,48.565967538338995
4,0.5,531,0.11060656606868184,120.2253756260434,48.52831261380852
4,0.5,531,0.11060656606868184,120.46744574290484,48.4900492276768
4,0.5,531,0.11060656606868184,120.70951585976628,48.45118089983642
4,0.5,531,0.11060656606868184,120.95158597662771,48.411711164149864
4,0.5,531,0.11060656606868184,121.19365609348915,48.37164356637732
4,0.5,531,0.11060656606868184,121.43572621035058,48.33098166387956
4,0.5,531,0.11060656606868184,121.67779632721202,48.28972902532144
4,0.5,531,0.11060656606868184,121.91986644407346,48.2478892303761
4,0.5,531,0.11060656606868184,122.16193656093489,48.20546586943077
4,0.5,531,0.11060656606868184,122.40400667779633,48.16246254329285
4,0.5,531,0.11060656606868184,122.64607679465776,48.11888286289748
4,0.5,531,0.11060656606868184,122.8881469115192,48.074730449015966
4,0.5,531,0.11060656606868184,123.13021702838064,48.030008931965156
4,0.5,531,0.11060656606868184,123.37228714524207,47.98472195131822
4,0.5,531,0.11060656606868184,123.61435726210351,47.93887315561605
4,0.5,531,0.11060656606868184,123.85642737896494,47.8924662020803
4,0.5,531,0.11060656606868184,124.09849749582638,47.845504756327095
4,0.5,531,0.11060656606868184,124.34056761268782,47.797992492082216
4,0.5,531,0.11060656606868184,124.58263772954925,47.749933090897514
4,0.5,531,0.11060656606868184,124.82470784641069,47.70133024186805
4,0.5,531,0.11060656606868184,125.06677796327212,47.652187641351176
4,0.5,531,0.11060656606868184,125.30884808013356,47.60250899268627
4,0.5,531,0.11060656606868184,125.550918196995,47.552298005915944
4,0.5,531,0.11060656606868184,125.79298831385643,47.50155839750877
4,0.5,531,0.11060656606868184,126.03505843071787,47.45029389008283
4,0.5,531,0.11060656606868184,126.2771285475793,47.39850821213097
4,0.5,531,0.11060656606868184,126.51919866444074,47.34620509774734
4,0.5,531,0.11060656606868184,126.76126878130218,47.29338828635515
4,0.5,531,0.11060656606868184,127.0033388981636,47.24006152243602
4,0.5,531,0.11060656606868184,127.24540901502505,47.18622855526036
4,0.5,531,0.11060656606868184,127.48747913188647,47.13189313861968
4,0.5,531,0.11060656606868184,127.72954924874792,47.07705903055987
4,0.5,531,0.11060656606868184,127.97161936560936,47.02172999311625
4,0.5,531,0.11060656606868184,128.21368948247078,46.96590979204985
4,0.5,531,0.11060656606868184,128.45575959933223,46.90960219658531
4,0.5,531,0.11060656606868184,128.69782971619367,46.852810979150256
4,0.5,531,0.11060656606868184,128.9398998330551,46.79553991511611
4,0.5,531,0.11060656606868184,129.18196994991655,46.73779278254067
4,0.5,531,0.11060656606868184,129.42404006677796,46.679573361911764
4,0.5,531,0.11060656606868184,129.6661101836394,46.620885435893
4,0.5,531,0.11060656606868184,129.90818030050082,46.561732789070675
4,0.5,531,0.11060656606868184,130.15025041736226,46.50211920770251
4,0.5,531,0.11060656606868184,130.3923205342237,46.44204847946791
4,0.5,531,0.11060656606868184,130.63439065108514,46.381524393219806
4,0.5,531,0.11060656606868184,130.87646076794658,46.320550738738056
4,0.5,531,0.11060656606868184,131.11853088480802,46.2591313064847
4,0.5,531,0.11060656606868184,131.36060100166947,46.197269887360676
4,0.5,531,0.11060656606868184,131.6026711185309,46.13497027246421
4,0.5,531,0.11060656606868184,131.84474123539232,46.072236252851035
4,0.5,531,0.11060656606868184,132.08681135225376,46.00907161929599
4,0.5,531,0.11060656606868184,132.32888146911517,45.94548016205672
4,0.5,531,0.11060656606868184,132.57095158597662,45.88146567063875
4,0.5,531,0.11060656606868184,132.81302170283806,45.817031933562376
4,0.5,531,0.11060656606868184,133.0550918196995,45.752182738131296
4,0.5,531,0.11060656606868184,133.29716193656094,45.68692187020314
4,0.5,531,0.11060656606868184,133.53923205342238,45.62125311396125
4,0.5,531,0.11060656606868184,133.7813021702838,45.55518025168898
4,0.5,531,0.11060656606868184,134.02337228714524,45.48870706354488
4,0.5,531,0.11060656606868184,134.26544240400668,45.421837327340505
4,0.5,531,0.11060656606868184,134.50751252086812,45.354574818319236
4,0.5,531,0.11060656606868184,134.74958263772956,45.28692330893764
4,0.5,531,0.11060656606868184,134.99165275459097,45.218886568647896
4,0.5,531,0.11060656606868184,135.23372287145241,45.15046521890059
4,0.5,531,0.11060656606868184,135.47579298831386,45.08164596704242
4,0.5,531,0.11060656606868184,135.7178631051753,45.012411766201176
4,0.5,531,0.11060656606868184,135.95993322203674,44.942745695853574
4,0.5,531,0.11060656606868184,136.20200333889815,44.87263096368218
4,0.5,531,0.11060656606868184,136.4440734557596,44.802050907350036
4,0.5,531,0.11060656606868184,136.68614357262103,44.73098899633579
4,0.5,531,0.11060656606868184,136.92821368948248,44.659428833827995
4,0.5,531,0.11060656606868184,137.17028380634392,44.58735415867777
4,0.5,531,0.11060656606868184,137.41235392320533,44.51474884740836
4,0.5,531,0.11060656606868184,137.65442404006677,44.441596916281036
4,0.5,531,0.11060656606868184,137.8964941569282,44.36788252341562
4,0.5,531,0.11060656606868184,138.13856427378965,44.29358997096484
4,0.5,531,0.11060656606868184,138.3806343906511,44.218703707341106
4,0.5,531,0.11060656606868184,138.6227045075125,44.14320832949471
4,0.5,531,0.11060656606868184,138.86477462437395,44.06708858524199
4,0.5,531,0.11060656606868184,139.1068447412354,43.99032937564259
4,0.5,531,0.11060656606868184,139.34891485809683,43.91291575742383
4,0.5,531,0.11060656606868184,139.59098497495827,43.834832945451666
4,0.5,531,0.11060656606868184,139.8330550918197,43.75606631524652
4,0.5,531,0.11060656606868184,140.07512520868113,43.67660140554227
4,0.5,531,0.11060656606868184,140.31719532554257,43.59642392088801
4,0.5,531,0.11060656606868184,140.559265442404,43.515519734289924
4,0.5,531,0.11060656606868184,140.80133555926545,43.43387488989302
4,0.5,531,0.11060656606868184,141.04340567612687,43.35147560570026
4,0.5,531,0.11060656606868184,141.2854757929883,43.26830827632814
4,0.5,531,0.11060656606868184,141.52754590984975,43.18435947579731
4,0.5,531,0.11060656606868184,141.7696160267112,43.099615960356154
4,0.5,531,0.11060656606868184,142.01168614357263,43.01406467133626
4,0.5,531,0.11060656606868184,142.25375626043405,42.927692738037905
4,0.5,531,0.11060656606868184,142.4958263772955,42.84048748064385
4,0.5,531,0.11060656606868184,142.73789649415693,42.75243641316033
4,0.5,531,0.11060656606868184,142.97996661101837,42.66352724638271
4,0.5,531,0.11060656606868184,143.2220367278798,42.57374789088475
4,0.5,531,0.11060656606868184,143.46410684474122,42.48308646002955
4,0.5,531,0.11060656606868184,143.70617696160267,42.39153127300021
4,0.5,531,0.11060656606868184,143.9482470784641,42.2990708578487
4,0.5,531,0.11060656606868184,144.19031719532555,42.20569395456106
4,0.5,531,0.11060656606868184,144.432387312187,42.11138951813684
4,0.5,531,0.11060656606868184,144.6744574290484,42.01614672168104
4,0.5,531,0.11060656606868184,144.91652754590984,41.91995495950694
4,0.5,531,0.11060656606868184,145.15859766277129,41.82280385024744
4,0.5,531,0.11060656606868184,145.40066777963273,41.72468323997309
4,0.5,531,0.11060656606868184,145.64273789649417,41.62558320531499
4,0.5,531,0.11060656606868184,145.88480801335558,41.52549405659051
4,0.5,531,0.11060656606868184,146.12687813021702,41.42440634092951
4,0.5,531,0.11060656606868184,146.36894824707846,41.322310845399485
4,0.5,531,0.11060656606868184,146.6110183639399,41.21919860012718
4,0.5,531,0.11060656606868184,146.85308848080135,41.11506088141476
4,0.5,531,0.11060656606868184,147.09515859766276,41.009889214848265
4,0.5,531,0.11060656606868184,147.3372287145242,40.90367537839638
4,0.5,531,0.11060656606868184,147.57929883138564,40.796411405497345
4,0.5,531,0.11060656606868184,147.82136894824708,40.688089588131625
4,0.5,531,0.11060656606868184,148.06343906510853,40.57870247987838
4,0.5,531,0.11060656606868184,148.30550918196994,40.46824289895328
4,0.5,531,0.11060656606868184,148.54757929883138,40.35670393122572
4,0.5,531,0.11060656606868184,148.78964941569282,40.24407893321289
4,0.5,531,0.11060656606868184,149.03171953255426,40.13036153504858
4,0.5,531,0.11060656606868184,149.2737896494157,40.01554564342446
4,0.5,531,0.11060656606868184,149.51585976627712,39.89962544450133
4,0.5,531,0.11060656606868184,149.75792988313856,39.78259540678844
4,0.5,531,0.11060656606868184,150.0,39.66445028398803
5,0.6,449,0.1230331953288511,5.0,0.0
5,0.6,449,0.1230331953288511,5.242070116861436,0.0
5,0.6,449,0.1230331953288511,5.484140233722871,0.0
5,0.6,449,0.1230331953288511,5.726210350584307,0.0
5,0.6,449,0.1230331953288511,5.968280467445743,0.0
5,0.6,449,0.1230331953288511,6.210350584307179,0.0
5,0.6,449,0.1230331953288511,6.452420701168615,0.0
5,0.6,449,0.1230331953288511,6.69449081803005,0.0
5,0.6,449,0.1230331953288511,6.936560934891486,0.0
5,0.6,449,0.1230331953288511,7.178631051752921,0.0
5,0.6,449,0.1230331953288511,7.420701168614357,0.0
5,0.6,449,0.1230331953288511,7.6627712854757934,0.0
5,0.6,449,0.1230331953288511,7.904841402337229,0.0
5,0.6,449,0.1230331953288511,8.146911519198664,0.0
5,0.6,449,0.1230331953288511,8.3889816360601,0.0
5,0.6,449,0.1230331953288511,8.631051752921536,0.0
5,0.6,449,0.1230331953288511,8.873121869782972,0.0
5,0.6,449,0.1230331953288511,9.115191986644408,0.0
5,0.6,449,0.1230331953288511,9.357262103505843,0.0
5,0.6,449,0.1230331953288511,9.599332220367279,0.0
5,0.6,449,0.1230331953288511,9.841402337228715,0.0
5,0.6,449,0.1230331953288511,10.083472454090149,0.0
5,0.6,449,0.1230331953288511,10.325542570951587,0.0
5,0.6,449,0.1230331953288511,10.567612687813021,0.0
5,0.6,449,0.1230331953288511,10.809682804674457,0.0
5,0.6,449,0.1230331953288511,11.051752921535893,0.0
5,0.6,449,0.1230331953288511,11.293823038397328,0.0
5,0.6,449,0.1230331953288511,11.535893155258766,0.0
5,0.6,449,0.1230331953288511,11.7779632721202,0.0
5,0.6,449,0.1230331953288511,12.020033388981636,0.0
5,0.6,449,0.1230331953288511,12.262103505843072,0.0
5,0.6,449,0.1230331953288511,12.504173622704506,0.0
5,0.6,449,0.1230331953288511,12.746243739565944,0.0
5,0.6,449,0.1230331953288511,12.988313856427379,0.0
5,0.6,449,0.1230331953288511,13.230383973288815,0.0
5,0.6,449,0.1230331953288511,13.47245409015025,0.0
5,0.6,449,0.1230331953288511,13.714524207011687,0.0
5,0.6,449,0.1230331953288511,13.956594323873121,0.0
5,0.6,449,0.1230331953288511,14.198664440734557,0.0
5,0.6,449,0.1230331953288511,14.440734557595993,0.9503532414905941
5,0.6,449,0.1230331953288511,14.68280467445743,1.6890242489740612
5,0.6,449,0.1230331953288511,14.924874791318866,2.331212164548525
5,0.6,449,0.1230331953288511,15.1669449081803,2.9394341338173593
5,0.6,449,0.1230331953288511,15.409015025041736,3.5278760181313147
5,0.6,449,0.1230331953288511,15.651085141903172,4.102627403748041
5,0.6,449,0.1230331953288511,15.893155258764608,4.66945218577713
5,0.6,449,0.1230331953288511,16.135225375626042,5.23603291019585
5,0.6,449,0.1230331953288511,16.377295492487477,5.8079558713928705
5,0.6,449,0.1230331953288511,16.619365609348915,6.387550011992767
5,0.6,449,0.1230331953288511,16.861435726210352,6.97723400284455
5,0.6,449,0.1230331953288511,17.103505843071787,7.579848370071983
5,0.6,449,0.1230331953288511,17.34557595993322,8.1988106211673
5,0.6,449,0.1230331953288511,17.587646076794655,8.838243302733364
5,0.6,449,0.1230331953288511,17.829716193656093,9.503094489012243
5,0.6,449,0.1230331953288511,18.07178631051753,10.199251726705185
5,0.6,449,0.1230331953288511,18.313856427378965,10.932610223621783
5,0.6,449,0.1230331953288511,18.5559265442404,11.708032334267456
5,0.6,449,0.1230331953288511,18.797996661101834,12.530723798051532
5,0.6,449,0.1230331953288511,19.040066777963272,13.406476249090245
5,0.6,449,0.1230331953288511,19.28213689482471,14.341760920774783
5,0.6,449,0.1230331953288511,19.524207011686144,15.343834558929071
5,0.6,449,0.1230331953288511,19.76627712854758,16.420860548593485
5,0.6,449,0.1230331953288511,20.008347245409013,17.582048552195936
5,0.6,449,0.1230331953288511,20.25041736227045,18.836216082372207
5,0.6,449,0.1230331953288511,20.49248747913189,20.186927411537205
5,0.6,449,0.1230331953288511,20.734557595993323,21.635519024901754
5,0.6,449,0.1230331953288511,20.976627712854757,23.181956503137407
5,0.6,449,0.1230331953288511,21.218697829716195,24.824531060407445
5,0.6,449,0.1230331953288511,21.46076794657763,26.559536835832613
5,0.6,449,0.1230331953288511,21.702838063439064,28.3809382007811
5,0.6,449,0.1230331953288511,21.9449081803005,30.280039476005438
5,0.6,449,0.1230331953288511,22.186978297161936,32.245856142280324
5,0.6,449,0.1230331953288511,22.429048414023374,34.27019680883114
5,0.6,449,0.1230331953288511,22.671118530884808,36.34601244934647
5,0.6,449,0.1230331953288511,22.913188647746242,38.46501599354784
5,0.6,449,0.1230331953288511,23.15525876460768,40.61763345732069
5,0.6,449,0.1230331953288511,23.397328881469114,42.79299023110884
5,0.6,449,0.1230331953288511,23.639398998330552,44.97891904453188
5,0.6,449,0.1230331953288511,23.881469115191987,47.16199239185057
5,0.6,449,0.1230331953288511,24.12353923205342,49.32774106473903
5,0.6,449,0.1230331953288511,24.36560934891486,51.4642499873916
5,0.6,449,0.1230331953288511,24.607679465776293,53.56291439769739
5,0.6,449,0.1230331953288511,24.84974958263773,55.6155809759139
5,0.6,449,0.1230331953288511,25.091819699499165,57.614485312124415
5,0.6,449,0.1230331953288511,25.3338898163606,59.55231721658053
5,0.6,449,0.1230331953288511,25.575959933222038,61.422278784857326
5,0.6,449,0.1230331953288511,25.818030050083472,63.218134663413196
5,0.6,449,0.1230331953288511,26.06010016694491,64.93425220233884
5,0.6,449,0.1230331953288511,26.302170283806344,66.56539415912052
5,0.6,449,0.1230331953288511,26.54424040066778,68.10647956236731
5,0.6,449,0.1230331953288511,26.786310517529216,69.5529900656613
5,0.6,449,0.1230331953288511,27.02838063439065,70.90104185706986
5,0.6,449,0.1230331953288511,27.27045075125209,72.14739835430025
5,0.6,449,0.1230331953288511,27.512520868113523,73.28947583372047
5,0.6,449,0.1230331953288511,27.754590984974957,74.32534226685051
5,0.6,449,0.1230331953288511,27.996661101836395,75.25370972409928
5,0.6,449,0.1230331953288511,28.23873121869783,76.07517054605782
5,0.6,449,0.1230331953288511,28.480801335559267,76.79623492614544
5,0.6,449,0.1230331953288511,28.7228714524207,77.42558148869556
5,0.6,449,0.1230331953288511,28.964941569282136,77.97260542437344
5,0.6,449,0.1230331953288511,29.207011686143574,78.44730110836161
5,0.6,449,0.1230331953288511,29.449081803005008,78.86015519680569
5,0.6,449,0.1230331953288511,29.691151919866446,79.2220521284965
5,0.6,449,0.1230331953288511,29.93322203672788,79.54419357541896
5,0.6,449,0.1230331953288511,30.175292153589314,79.83736797491503
5,0.6,449,0.1230331953288511,30.417362270450752,80.10621910752039
5,0.6,449,0.1230331953288511,30.659432387312187,80.35195694494693
5,0.6,449,0.1230331953288511,30.901502504173624,80.57578081156916
5,0.6,449,0.1230331953288511,31.14357262103506,80.77891288750354
5,0.6,449,0.1230331953288511,31.385642737896493,80.96259524009582
5,0.6,449,0.1230331953288511,31.62771285475793,81.12808702561257
5,0.6,449,0.1230331953288511,31.869782971619365,81.27666186829525
5,0.6,449,0.1230331953288511,32.1118530884808,81.40960542282073
5,0.6,449,0.1230331953288511,32.35392320534224,81.52821312515964
5,0.6,449,0.1230331953288511,32.59599332220367,81.63378813586566
5,0.6,449,0.1230331953288511,32.83806343906511,81.72763947893594
5,0.6,449,0.1230331953288511,33.080133555926544,81.81108037858337
5,0.6,449,0.1230331953288511,33.32220367278798,81.88542679554173
5,0.6,449,0.1230331953288511,33.56427378964942,81.95199616389262
5,0.6,449,0.1230331953288511,33.80634390651085,82.01210632885669
5,0.6,449,0.1230331953288511,34.04841402337229,82.06707468553599
5,0.6,449,0.1230331953288511,34.29048414023372,82.11821751821546
5,0.6,449,0.1230331953288511,34.53255425709516,82.16684953955496
5,0.6,449,0.1230331953288511,34.7746243739566,82.2142836287937
5,0.6,449,0.1230331953288511,35.016694490818026,82.26183067399779
5,0.6,449,0.1230331953288511,35.25876460767947,82.31044999187351
5,0.6,449,0.1230331953288511,35.5008347245409,82.35995906449787
5,0.6,449,0.1230331953288511,35.742904841402336,82.40993892411078
5,0.6,449,0.1230331953288511,35.98497495826378,82.45996539932989
5,0.6,449,0.1230331953288511,36.227045075125204,82.50960927568033
5,0.6,449,0.1230331953288511,36.469115191986646,82.55843646861882
5,0.6,449,0.1230331953288511,36.71118530884808,82.60600821047436
5,0.6,449,0.1230331953288511,36.953255425709514,82.65188125264406
5,0.6,449,0.1230331953288511,37.19532554257095,82.69560808429307
5,0.6,449,0.1230331953288511,37.43739565943239,82.7367371687231
5,0.6,449,0.1230331953288511,37.679465776293824,82.77481319849619
5,0.6,449,0.1230331953288511,37.92153589315526,82.8093773703141
5,0.6,449,0.1230331953288511,38.16360601001669,82.83996768057641
5,0.6,449,0.1230331953288511,38.40567612687813,82.86611924245858
5,0.6,449,0.1230331953288511,38.64774624373957,82.88736462526883
5,0.6,449,0.1230331953288511,38.889816360601,82.90323421676149
5,0.6,449,0.1230331953288511,39.13188647746244,82.91325660899876
5,0.6,449,0.1230331953288511,39.37395659432387,82.91695900826804
5,0.6,449,0.1230331953288511,39.616026711185306,82.91386766947326
5,0.6,449,0.1230331953288511,39.85809682804675,82.90350835532726
5,0.6,449,0.1230331953288511,40.10016694490818,82.88541400223491
5,0.6,449,0.1230331953288511,40.342237061769616,82.85937567006103
5,0.6,449,0.1230331953288511,40.58430717863105,82.82550763265891
5,0.6,449,0.1230331953288511,40.826377295492485,82.78394477102317
5,0.6,449,0.1230331953288511,41.068447412353926,82.73482209923979
5,0.6,449,0.1230331953288511,41.31051752921536,82.67827471403616
5,0.6,449,0.1230331953288511,41.552587646076795,82.61443774485628
5,0.6,449,0.1230331953288511,41.79465776293823,82.54344630451223
5,0.6,449,0.1230331953288511,42.03672787979966,82.46543544046274
5,0.6,449,0.1230331953288511,42.278797996661105,82.38054008675995
5,0.6,449,0.1230331953288511,42.52086811352254,82.28889501670918
5,0.6,449,0.1230331953288511,42.76293823038397,82.19063479627863
5,0.6,449,0.1230331953288511,43.00500834724541,82.08589373829649
5,0.6,449,0.1230331953288511,43.24707846410684,81.9748058574669
5,0.6,449,0.1230331953288511,43.48914858096828,81.85750482623723
5,0.6,449,0.1230331953288511,43.73121869782972,81.7341239315443
5,0.6,449,0.1230331953288511,43.97328881469115,81.60479603246391
5,0.6,449,0.1230331953288511,44.215358931552586,81.46965351879001
5,0.6,449,0.1230331953288511,44.45742904841402,81.3288282705618
5,0.6,449,0.1230331953288511,44.69949916527546,81.18245161856048
5,0.6,449,0.1230331953288511,44.941569282136896,81.03065430579045
5,0.6,449,0.1230331953288511,45.18363939899833,80.87358439943532
5,0.6,449,0.1230331953288511,45.425709515859765,80.71154067018308
5,0.6,449,0.1230331953288511,45.6677796327212,80.54489580831847
5,0.6,449,0.1230331953288511,45.90984974958264,80.37402019576835
5,0.6,449,0.1230331953288511,46.151919866444075,80.19928116732764
5,0.6,449,0.1230331953288511,46.39398998330551,80.02104286715205
5,0.6,449,0.1230331953288511,46.636060100166944,79.83966612097385
5,0.6,449,0.1230331953288511,46.87813021702838,79.65550832380393
5,0.6,449,0.1230331953288511,47.12020033388982,79.46892334287193
5,0.6,449,0.1230331953288511,47.362270450751254,79.2802614355459
5,0.6,449,0.1230331953288511,47.60434056761269,79.08986918196277
5,0.6,449,0.1230331953288511,47.84641068447412,78.89808943209643
5,0.6,449,0.1230331953288511,48.08848080133556,78.70526126698124
5,0.6,449,0.1230331953288511,48.330550918197,78.51171997380928
5,0.6,449,0.1230331953288511,48.57262103505843,78.31779703461277
5,0.6,449,0.1230331953288511,48.81469115191987,78.12382012824699
5,0.6,449,0.1230331953288511,49.0567612687813,77.93011314538664
5,0.6,449,0.1230331953288511,49.298831385642735,77.73699621625289
5,0.6,449,0.1230331953288511,49.54090150250418,77.54478575078986
5,0.6,449,0.1230331953288511,49.78297161936561,77.35379449101754
5,0.6,449,0.1230331953288511,50.025041736227045,77.16433155130159
5,0.6,449,0.1230331953288511,50.26711185308848,76.97667357119812
5,0.6,449,0.1230331953288511,50.509181969949914,76.79100908460201
5,0.6,449,0.1230331953288511,50.751252086811355,76.60750886172241
5,0.6,449,0.1230331953288511,50.99332220367279,76.4263416297111
5,0.6,449,0.1230331953288511,51.235392320534224,76.2476741419436
5,0.6,449,0.1230331953288511,51.47746243739566,76.07167125020986
5,0.6,449,0.1230331953288511,51.71953255425709,75.89849597975538
5,0.6,449,0.1230331953288511,51.961602671118534,75.72830960712217
5,0.6,449,0.1230331953288511,52.20367278797997,75.56127174073679
5,0.6,449,0.1230331953288511,52.4457429048414,75.39754040420625
5,0.6,449,0.1230331953288511,52.68781302170284,75.23727212227942
5,0.6,449,0.1230331953288511,52.92988313856427,75.08062200944057
5,0.6,449,0.1230331953288511,53.17195325542571,74.92774386110666
5,0.6,449,0.1230331953288511,53.41402337228715,74.77879024740363
5,0.6,449,0.1230331953288511,53.65609348914858,74.63391260950337
5,0.6,449,0.1230331953288511,53.898163606010016,74.49326135850814
5,0.6,449,0.1230331953288511,54.14023372287145,74.35698597687498
5,0.6,449,0.1230331953288511,54.38230383973289,74.2252351223783
5,0.6,449,0.1230331953288511,54.624373956594326,74.09815673461411
5,0.6,449,0.1230331953288511,54.86644407345576,73.97589814405643
5,0.6,449,0.1230331953288511,55.108514190317194,73.858601476392
5,0.6,449,0.1230331953288511,55.35058430717863,73.74626880356935
5,0.6,449,0.1230331953288511,55.59265442404007,73.63874310482727
5,0.6,449,0.1230331953288511,55.834724540901504,73.53586010042707
5,0.6,449,0.1230331953288511,56.07679465776294,73.43745695110667
5,0.6,449,0.1230331953288511,56.31886477462437,73.34337217089012
5,0.6,449,0.1230331953288511,56.56093489148581,73.25344554322413
5,0.6,449,0.1230331953288511,56.80300500834725,73.16751804039386
5,0.6,449,0.1230331953288511,57.04507512520868,73.08543174617124
5,0.6,449,0.1230331953288511,57.28714524207012,73.00702978165599
5,0.6,449,0.1230331953288511,57.52921535893155,72.93215623427032
5,0.6,449,0.1230331953288511,57.771285475792986,72.86065608987255
5,0.6,449,0.1230331953288511,58.01335559265443,72.79237516795864
5,0.6,449,0.1230331953288511,58.25542570951586,72.72716005992208
5,0.6,449,0.1230331953288511,58.497495826377296,72.66485807034647
5,0.6,449,0.1230331953288511,58.73956594323873,72.6053171613084
5,0.6,449,0.1230331953288511,58.981636060100165,72.548385899669
5,0.6,449,0.1230331953288511,59.223706176961606,72.49391340733645
5,0.6,449,0.1230331953288511,59.46577629382304,72.44174931448416
5,0.6,449,0.1230331953288511,59.707846410684475,72.39174371570931
5,0.6,449,0.1230331953288511,59.94991652754591,72.34374712912248
5,0.6,449,0.1230331953288511,60.19198664440734,72.29762038021146
5,0.6,449,0.1230331953288511,60.434056761268785,72.2532995490825
5,0.6,449,0.1230331953288511,60.67612687813022,72.21075505246236
5,0.6,449,0.1230331953288511,60.91819699499165,72.16995751319276
5,0.6,449,0.1230331953288511,61.16026711185309,72.13087758107015
5,0.6,449,0.1230331953288511,61.40233722871452,72.09348592991414
5,0.6,449,0.1230331953288511,61.644407345575964,72.05775325461781
5,0.6,449,0.1230331953288511,61.8864774624374,72.0236502681842
5,0.6,449,0.1230331953288511,62.12854757929883,71.99114769875148
5,0.6,449,0.1230331953288511,62.37061769616027,71.96021628661451
5,0.6,449,0.1230331953288511,62.6126878130217,71.93082678124397
5,0.6,449,0.1230331953288511,62.85475792988314,71.90294993830965
5,0.6,449,0.1230331953288511,63.09682804674458,71.8765565167096
5,0.6,449,0.1230331953288511,63.33889816360601,71.85161727561098
5,0.6,449,0.1230331953288511,63.580968280467445,71.8281029715057
5,0.6,449,0.1230331953288511,63.82303839732888,71.8059843552829
5,0.6,449,0.1230331953288511,64.06510851419031,71.78523216932469
5,0.6,449,0.1230331953288511,64.30717863105176,71.765817144626
5,0.6,449,0.1230331953288511,64.5492487479132,71.74770999794345
5,0.6,449,0.1230331953288511,64.79131886477462,71.7308814289746
5,0.6,449,0.1230331953288511,65.03338898163605,71.71530209416908
5,0.6,449,0.1230331953288511,65.27545909849749,71.70092958147497
5,0.6,449,0.1230331953288511,65.51752921535893,71.687686748183
5,0.6,449,0.1230331953288511,65.75959933222038,71.6754907437761
5,0.6,449,0.1230331953288511,66.0016694490818,71.66425871485583
5,0.6,449,0.1230331953288511,66.24373956594323,71.6539077956512
5,0.6,449,0.1230331953288511,66.48580968280467,71.64435509941819
5,0.6,449,0.1230331953288511,66.72787979966611,71.63551771073485
5,0.6,449,0.1230331953288511,66.96994991652755,71.62731267869248
5,0.6,449,0.1230331953288511,67.21202003338898,71.61965701099057
5,0.6,449,0.1230331953288511,67.45409015025041,71.61246766893665
5,0.6,449,0.1230331953288511,67.69616026711185,71.60566156335685
5,0.6,449,0.1230331953288511,67.93823038397329,71.59915555141927
5,0.6,449,0.1230331953288511,68.18030050083473,71.59286643437726
5,0.6,449,0.1230331953288511,68.42237061769616,71.58671095623295
5,0.6,449,0.1230331953288511,68.66444073455759,71.58060580332912
5,0.6,449,0.1230331953288511,68.90651085141903,71.5744676048693
5,0.6,449,0.1230331953288511,69.14858096828047,71.56821293437395
5,0.6,449,0.1230331953288511,69.3906510851419,71.56175831207308
5,0.6,449,0.1230331953288511,69.63272120200334,71.55502020824217
5,0.6,449,0.1230331953288511,69.87479131886478,71.54791504748174
5,0.6,449,0.1230331953288511,70.11686143572621,71.54036191965805
5,0.6,449,0.1230331953288511,70.35893155258765,71.53234744630166
5,0.6,449,0.1230331953288511,70.60100166944908,71.52392885538777
5,0.6,449,0.1230331953288511,70.84307178631052,71.51516660775037
5,0.6,449,0.1230331953288511,71.08514190317196,71.50612106698375
5,0.6,449,0.1230331953288511,71.32721202003339,71.49685249808974
5,0.6,449,0.1230331953288511,71.56928213689483,71.48742106661136
5,0.6,449,0.1230331953288511,71.81135225375625,71.47788683824922
5,0.6,449,0.1230331953288511,72.0534223706177,71.46830977896015
5,0.6,449,0.1230331953288511,72.29549248747914,71.45874975553627
5,0.6,449,0.1230331953288511,72.53756260434056,71.44926653666096
5,0.6,449,0.1230331953288511,72.779632721202,71.43991979444267
5,0.6,449,0.1230331953288511,73.02170283806343,71.43076910642158
5,0.6,449,0.1230331953288511,73.26377295492487,71.4218739580511
5,0.6,449,0.1230331953288511,73.50584307178632,71.41329374564862
5,0.6,449,0.1230331953288511,73.74791318864774,71.4050877798171
5,0.6,449,0.1230331953288511,73.98998330550918,71.39731528933395
5,0.6,449,0.1230331953288511,74.23205342237061,71.39003542550746
5,0.6,449,0.1230331953288511,74.47412353923205,71.38330726699765
5,0.6,449,0.1230331953288511,74.7161936560935,71.37718982510201
5,0.6,449,0.1230331953288511,74.95826377295492,71.3717420495041
5,0.6,449,0.1230331953288511,75.20033388981636,71.36699735522454
5,0.6,449,0.1230331953288511,75.44240400667779,71.3628166433466
5,0.6,449,0.1230331953288511,75.68447412353923,71.35898929760909
5,0.6,449,0.1230331953288511,75.92654424040067,71.35530447195585
5,0.6,449,0.1230331953288511,76.1686143572621,71.35155131445435
5,0.6,449,0.1230331953288511,76.41068447412354,71.34751896702143
5,0.6,449,0.1230331953288511,76.65275459098497,71.34299657136468
5,0.6,449,0.1230331953288511,76.89482470784641,71.33777328114205
5,0.6,449,0.1230331953288511,77.13689482470785,71.33163828034243
5,0.6,449,0.1230331953288511,77.37896494156928,71.32438080788758
5,0.6,449,0.1230331953288511,77.62103505843072,71.31579018845456
5,0.6,449,0.1230331953288511,77.86310517529215,71.30565586951501
5,0.6,449,0.1230331953288511,78.10517529215359,71.29376746458573
5,0.6,449,0.1230331953288511,78.34724540901503,71.27991480267991
5,0.6,449,0.1230331953288511,78.58931552587646,71.26388798394649
5,0.6,449,0.1230331953288511,78.8313856427379,71.24547744147888
5,0.6,449,0.1230331953288511,79.07345575959933,71.22447400927075
5,0.6,449,0.1230331953288511,79.31552587646077,71.20066899629009
5,0.6,449,0.1230331953288511,79.55759599332221,71.17385426663822
5,0.6,449,0.1230331953288511,79.79966611018364,71.1438223257517
5,0.6,449,0.1230331953288511,80.04173622704508,71.11036654413726
5,0.6,449,0.1230331953288511,80.2838063439065,71.07332193543999
5,0.6,449,0.1230331953288511,80.52587646076795,71.03262272133249
5,0.6,449,0.1230331953288511,80.76794657762939,70.98821832688647
5,0.6,449,0.1230331953288511,81.01001669449082,70.94005885538844
5,0.6,449,0.1230331953288511,81.25208681135226,70.88809511705496
5,0.6,449,0.1230331953288511,81.49415692821368,70.83227865794728
5,0.6,449,0.1230331953288511,81.73622704507513,70.77256178906491
5,0.6,449,0.1230331953288511,81.97829716193657,70.70889761560278
5,0.6,449,0.1230331953288511,82.220367278798,70.64124006634977
5,0.6,449,0.1230331953288511,82.46243739565944,70.56954392321197
5,0.6,449,0.1230331953288511,82.70450751252086,70.49376485083907
5,0.6,449,0.1230331953288511,82.9465776293823,70.41385942633342
5,0.6,449,0.1230331953288511,83.18864774624375,70.3297851690215
5,0.6,449,0.1230331953288511,83.43071786310517,70.24150057026536
5,0.6,449,0.1230331953288511,83.67278797996661,70.1489651232917
5,0.6,449,0.1230331953288511,83.91485809682804,70.05213935301711
5,0.6,449,0.1230331953288511,84.15692821368948,69.95098484584538
5,0.6,449,0.1230331953288511,84.39899833055092,69.84546427941265
5,0.6,449,0.1230331953288511,84.64106844741235,69.73554145225818
5,0.6,449,0.1230331953288511,84.88313856427379,69.62118131339453
5,0.6,449,0.1230331953288511,85.12520868113522,69.50235310308429
5,0.6,449,0.1230331953288511,85.36727879799666,69.3790932152609
5,0.6,449,0.1230331953288511,85.6093489148581,69.25150172124346
5,0.6,449,0.1230331953288511,85.85141903171953,69.11968144125069
5,0.6,449,0.1230331953288511,86.09348914858097,68.98373535487964
5,0.6,449,0.1230331953288511,86.3355592654424,68.84376654675833
5,0.6,449,0.1230331953288511,86.57762938230384,68.69987815343917
5,0.6,449,0.1230331953288511,86.81969949916528,68.55217331154995
5,0.6,449,0.1230331953288511,87.06176961602671,68.4007551072208
5,0.6,449,0.1230331953288511,87.30383973288815,68.24572652679983
5,0.6,449,0.1230331953288511,87.54590984974958,68.08719040887019
5,0.6,449,0.1230331953288511,87.78797996661102,67.92524939758074
5,0.6,449,0.1230331953288511,88.03005008347246,67.76000589729794
5,0.6,449,0.1230331953288511,88.27212020033389,67.59156202858863
5,0.6,449,0.1230331953288511,88.51419031719533,67.42001958553763
5,0.6,449,0.1230331953288511,88.75626043405676,67.24547999440662
5,0.6,449,0.1230331953288511,88.9983305509182,67.06804427363717
5,0.6,449,0.1230331953288511,89.24040066777964,66.88781299519799
5,0.6,449,0.1230331953288511,89.48247078464107,66.70488624727915
5,0.6,449,0.1230331953288511,89.72454090150251,66.51936359833022
5,0.6,449,0.1230331953288511,89.96661101836393,66.33134406244135
5,0.6,449,0.1230331953288511,90.20868113522538,66.14093589306955
5,0.6,449,0.1230331953288511,90.45075125208682,65.9483061611557
5,0.6,449,0.1230331953288511,90.69282136894824,65.75364277551904
5,0.6,449,0.1230331953288511,90.93489148580969,65.55713189649305
5,0.6,449,0.1230331953288511,91.17696160267111,65.3589578436884
5,0.6,449,0.1230331953288511,91.41903171953255,65.1593030492631
5,0.6,449,0.1230331953288511,91.661101836394,64.95834801625827
5,0.6,449,0.1230331953288511,91.90317195325542,64.7562712819175
5,0.6,449,0.1230331953288511,92.14524207011686,64.55324938590825
5,0.6,449,0.1230331953288511,92.38731218697829,64.34945684335977
5,0.6,449,0.1230331953288511,92.62938230383973,64.14506612262998
5,0.6,449,0.1230331953288511,92.87145242070117,63.94024762771228
5,0.6,449,0.1230331953288511,93.1135225375626,63.73516968519173
5,0.6,449,0.1230331953288511,93.35559265442404,63.52999853565842
5,0.6,449,0.1230331953288511,93.59766277128547,63.324898329486494
5,0.6,449,0.1230331953288511,93.83973288814691,63.12003112688469
5,0.6,449,0.1230331953288511,94.08180300500835,62.91555690212612
5,0.6,449,0.1230331953288511,94.32387312186978,62.71163355186442
5,0.6,449,0.1230331953288511,94.56594323873122,62.50841690744296
5,0.6,449,0.1230331953288511,94.80801335559265,62.30606075110728
5,0.6,449,0.1230331953288511,95.05008347245409,62.1047168200266
5,0.6,449,0.1230331953288511,95.29215358931553,61.90453174415247
5,0.6,449,0.1230331953288511,95.53422370617696,61.70564344850973
5,0.6,449,0.1230331953288511,95.7762938230384,61.50818714438883
5,0.6,449,0.1230331953288511,96.01836393989983,61.31229626516558
5,0.6,449,0.1230331953288511,96.26043405676127,61.118102500786705
5,0.6,449,0.1230331953288511,96.50250417362271,60.92573583509408
5,0.6,449,0.1230331953288511,96.74457429048414,60.7353245859192
5,0.6,449,0.1230331953288511,96.98664440734558,60.5469954478865
5,0.6,449,0.1230331953288511,97.228714524207,60.36087353786281
5,0.6,449,0.1230331953288511,97.47078464106845,60.17708244299605
5,0.6,449,0.1230331953288511,97.71285475792989,59.995744271286966
5,0.6,449,0.1230331953288511,97.95492487479132,59.81697970464201
5,0.6,449,0.1230331953288511,98.19699499165276,59.64090805435846
5,0.6,449,0.1230331953288511,98.43906510851419,59.46764731899654
5,0.6,449,0.1230331953288511,98.68113522537563,59.29731424459532
5,0.6,449,0.1230331953288511,98.92320534223707,59.13002438719513
5,0.6,449,0.1230331953288511,99.1652754590985,58.96589217763081
5,0.6,449,0.1230331953288511,99.40734557595994,58.80503098856542
5,0.6,449,0.1230331953288511,99.64941569282136,58.64755320373743
5,0.6,449,0.1230331953288511,99.8914858096828,58.49357028939846
5,0.6,449,0.1230331953288511,100.13355592654425,58.34318751078802
5,0.6,449,0.1230331953288511,100.37562604340567,58.19641191142075
5,0.6,449,0.1230331953288511,100.61769616026712,58.0531658724551
5,0.6,449,0.1230331953288511,100.85976627712854,57.91337007247058
5,0.6,449,0.1230331953288511,101.10183639398998,57.77694632865954
5,0.6,449,0.1230331953288511,101.34390651085143,57.643817558308555
5,0.6,449,0.1230331953288511,101.58597662771285,57.51390774138816
5,0.6,449,0.1230331953288511,101.8280467445743,57.387141884221904
5,0.6,449,0.1230331953288511,102.07011686143572,57.263445984206996
5,0.6,449,0.1230331953288511,102.31218697829716,57.14274699555904
5,0.6,449,0.1230331953288511,102.5542570951586,57.024972796055025
5,0.6,449,0.1230331953288511,102.79632721202003,56.91005215475059
5,0.6,449,0.1230331953288511,103.03839732888147,56.79791470064653
5,0.6,449,0.1230331953288511,103.2804674457429,56.68849089228335
5,0.6,449,0.1230331953288511,103.52253756260434,56.58171198823968
5,0.6,449,0.1230331953288511,103.76460767946578,56.47751001851654
5,0.6,449,0.1230331953288511,104.00667779632721,56.375817756784784
5,0.6,449,0.1230331953288511,104.24874791318865,56.27656869347819
5,0.6,449,0.1230331953288511,104.49081803005008,56.17969700971338
5,0.6,449,0.1230331953288511,104.73288814691152,56.08513755201806
5,0.6,449,0.1230331953288511,104.97495826377296,55.992825807852775
5,0.6,449,0.1230331953288511,105.21702838063439,55.90269788190782
5,0.6,449,0.1230331953288511,105.45909849749583,55.814690473161804
5,0.6,449,0.1230331953288511,105.70116861435726,55.72874085268559
5,0.6,449,0.1230331953288511,105.9432387312187,55.64478684217916
5,0.6,449,0.1230331953288511,106.18530884808014,55.56276679322653
5,0.6,449,0.1230331953288511,106.42737896494157,55.48261956725709
5,0.6,449,0.1230331953288511,106.66944908180301,55.40428451619995
5,0.6,449,0.1230331953288511,106.91151919866444,55.32770146382117
5,0.6,449,0.1230331953288511,107.15358931552588,55.25281068773121
5,0.6,449,0.1230331953288511,107.39565943238732,55.1795529020533
5,0.6,449,0.1230331953288511,107.63772954924875,55.107869240741465
5,0.6,449,0.1230331953288511,107.87979966611019,55.03770124153976
5,0.6,449,0.1230331953288511,108.12186978297161,54.968990830572636
5,0.6,449,0.1230331953288511,108.36393989983306,54.90168030755828
5,0.6,449,0.1230331953288511,108.6060100166945,54.835712331636266
5,0.6,449,0.1230331953288511,108.84808013355592,54.77102990780199
5,0.6,449,0.1230331953288511,109.09015025041737,54.70757637394025
5,0.6,449,0.1230331953288511,109.3322203672788,54.64529538845049
5,0.6,449,0.1230331953288511,109.57429048414023,54.58413091845745
5,0.6,449,0.1230331953288511,109.81636060100168,54.5240272286006
5,0.6,449,0.1230331953288511,110.0584307178631,54.464928904590906
5,0.6,449,0.1230331953288511,110.30050083472455,54.40678531851314
5,0.6,449,0.1230331953288511,110.54257095158597,54.3495550499308
5,0.6,449,0.1230331953288511,110.78464106844741,54.29319793935701
5,0.6,449,0.1230331953288511,111.02671118530886,54.237674019297714
5,0.6,449,0.1230331953288511,111.26878130217028,54.182943508281205
5,0.6,449,0.1230331953288511,111.51085141903172,54.12896680517954
5,0.6,449,0.1230331953288511,111.75292153589315,54.075704483819315
5,0.6,449,0.1230331953288511,111.99499165275459,54.023117287879614
5,0.6,449,0.1230331953288511,112.23706176961603,53.97116612607456
5,0.6,449,0.1230331953288511,112.47913188647746,53.91981206761801
5,0.6,449,0.1230331953288511,112.7212020033389,53.86901633796892
5,0.6,449,0.1230331953288511,112.96327212020033,53.81874031485476
5,0.6,449,0.1230331953288511,113.20534223706177,53.76894552457096
5,0.6,449,0.1230331953288511,113.44741235392321,53.719593638554954
5,0.6,449,0.1230331953288511,113.68948247078464,53.67064647023273
5,0.6,449,0.1230331953288511,113.93155258764608,53.622065972135694
5,0.6,449,0.1230331953288511,114.17362270450751,53.57381423328684
5,0.6,449,0.1230331953288511,114.41569282136895,53.52585347685407
5,0.6,449,0.1230331953288511,114.65776293823039,53.478146058069385
5,0.6,449,0.1230331953288511,114.89983305509182,53.43065446241188
5,0.6,449,0.1230331953288511,115.14190317195326,53.38334130405328
5,0.6,449,0.1230331953288511,115.38397328881469,53.336169324564956
5,0.6,449,0.1230331953288511,115.62604340567613,53.28910139188386
5,0.6,449,0.1230331953288511,115.86811352253757,53.24210049953702
5,0.6,449,0.1230331953288511,116.110183639399,53.19512976612215
5,0.6,449,0.1230331953288511,116.35225375626044,53.148152435044075
5,0.6,449,0.1230331953288511,116.59432387312187,53.10113187450417
5,0.6,449,0.1230331953288511,116.8363939899833,53.05403157774282
5,0.6,449,0.1230331953288511,117.07846410684475,53.00681516353182
5,0.6,449,0.1230331953288511,117.32053422370618,52.95944637691734
5,0.6,449,0.1230331953288511,117.56260434056762,52.9118890902096
5,0.6,449,0.1230331953288511,117.80467445742904,52.86410730422016
5,0.6,449,0.1230331953288511,118.04674457429049,52.81606514974321
5,0.6,449,0.1230331953288511,118.28881469115193,52.76772688928088
5,0.6,449,0.1230331953288511,118.53088480801335,52.71905691901027
5,0.6,449,0.1230331953288511,118.7729549248748,52.67001977099061
5,0.6,449,0.1230331953288511,119.01502504173622,52.62058011560926
5,0.6,449,0.1230331953288511,119.25709515859766,52.57070276426445
5,0.6,449,0.1230331953288511,119.4991652754591,52.52035267228341
5,0.6,449,0.1230331953288511,119.74123539232053,52.46949494207372
5,0.6,449,0.1230331953288511,119.98330550918197,52.41809482650653
5,0.6,449,0.1230331953288511,120.2253756260434,52.366124985159104
5,0.6,449,0.1230331953288511,120.46744574290484,52.31359386959632
5,0.6,449,0.1230331953288511,120.70951585976628,52.26052086169744
5,0.6,449,0.1230331953288511,120.95158597662771,52.206925287702994
5,0.6,449,0.1230331953288511,121.19365609348915,52.152826413438795
5,0.6,449,0.1230331953288511,121.43572621035058,52.09824344256065
5,0.6,449,0.1230331953288511,121.67779632721202,52.043195514868444
5,0.6,449,0.1230331953288511,121.91986644407346,51.98770170468964
5,0.6,449,0.1230331953288511,122.16193656093489,51.93178101933183
5,0.6,449,0.1230331953288511,122.40400667779633,51.87545239760351
5,0.6,449,0.1230331953288511,122.64607679465776,51.81873470840373
5,0.6,449,0.1230331953288511,122.8881469115192,51.761646749378876
5,0.6,449,0.1230331953288511,123.13021702838064,51.704207245647616
5,0.6,449,0.1230331953288511,123.37228714524207,51.64643484859269
5,0.6,449,0.1230331953288511,123.61435726210351,51.58834813471905
5,0.6,449,0.1230331953288511,123.85642737896494,51.529965604579075
5,0.6,449,0.1230331953288511,124.09849749582638,51.471305681762836
5,0.6,449,0.1230331953288511,124.34056761268782,51.412386711954305
5,0.6,449,0.1230331953288511,124.58263772954925,51.353226962052275
5,0.6,449,0.1230331953288511,124.82470784641069,51.2938446193558
5,0.6,449,0.1230331953288511,125.06677796327212,51.234257790814006
5,0.6,449,0.1230331953288511,125.30884808013356,51.174484502338956
5,0.6,449,0.1230331953288511,125.550918196995,51.11454269818204
5,0.6,449,0.1230331953288511,125.79298831385643,51.05445024037285
5,0.6,449,0.1230331953288511,126.03505843071787,50.994224908220104
5,0.6,449,0.1230331953288511,126.2771285475793,50.93388439787439
5,0.6,449,0.1230331953288511,126.51919866444074,50.873446321951874
5,0.6,449,0.1230331953288511,126.76126878130218,50.812928209218775
5,0.6,449,0.1230331953288511,127.0033388981636,50.75234750433604
5,0.6,449,0.1230331953288511,127.24540901502505,50.691721567663336
5,0.6,449,0.1230331953288511,127.48747913188647,50.631067675122665
5,0.6,449,0.1230331953288511,127.72954924874792,50.57040301812009
5,0.6,449,0.1230331953288511,127.97161936560936,50.50974470352601
5,0.6,449,0.1230331953288511,128.21368948247078,50.449109753712825
5,0.6,449,0.1230331953288511,128.45575959933223,50.38851510664952
5,0.6,449,0.1230331953288511,128.69782971619367,50.327977616053325
5,0.6,449,0.1230331953288511,128.9398998330551,50.26751405159695
5,0.6,449,0.1230331953288511,129.18196994991655,50.20714109917176
5,0.6,449,0.1230331953288511,129.42404006677796,50.14687536120572
5,0.6,449,0.1230331953288511,129.6661101836394,50.08673335703629
5,0.6,449,0.1230331953288511,129.90818030050082,50.02673152333697
5,0.6,449,0.1230331953288511,130.15025041736226,49.966886214597785
5,0.6,449,0.1230331953288511,130.3923205342237,49.90721370365875
5,0.6,449,0.1230331953288511,130.63439065108514,49.84773018229591
5,0.6,449,0.1230331953288511,130.87646076794658,49.788451761859484
5,0.6,449,0.1230331953288511,131.11853088480802,49.72939447396398
5,0.6,449,0.1230331953288511,131.36060100166947,49.67057427122909
5,0.6,449,0.1230331953288511,131.6026711185309,49.612007028071794
5,0.6,449,0.1230331953288511,131.84474123539232,49.55370854154824
5,0.6,449,0.1230331953288511,132.08681135225376,49.4956945322461
5,0.6,449,0.1230331953288511,132.32888146911517,49.43798064522576
5,0.6,449,0.1230331953288511,132.57095158597662,49.38058245101103
5,0.6,449,0.1230331953288511,132.81302170283806,49.323515446628114
5,0.6,449,0.1230331953288511,133.0550918196995,49.26679505669283
5,0.6,449,0.1230331953288511,133.29716193656094,49.210436634545765
5,0.6,449,0.1230331953288511,133.53923205342238,49.15445546343448
5,0.6,449,0.1230331953288511,133.7813021702838,49.09886675774331
5,0.6,449,0.1230331953288511,134.02337228714524,49.04368566426915
5,0.6,449,0.1230331953288511,134.26544240400668,48.988927263544156
5,0.6,449,0.1230331953288511,134.50751252086812,48.934606571203965
5,0.6,449,0.1230331953288511,134.74958263772956,48.88073853940181
5,0.6,449,0.1230331953288511,134.99165275459097,48.82733805826793
5,0.6,449,0.1230331953288511,135.23372287145241,48.774427771398805
5,0.6,449,0.1230331953288511,135.47579298831386,48.72206485755932
5,0.6,449,0.1230331953288511,135.7178631051753,48.67031584702487
5,0.6,449,0.1230331953288511,135.95993322203674,48.61924699962124
5,0.6,449,0.1230331953288511,136.20200333889815,48.56892431333927
5,0.6,449,0.1230331953288511,136.4440734557596,48.51941353420446
5,0.6,449,0.1230331953288511,136.68614357262103,48.47078016704008
5,0.6,449,0.1230331953288511,136.92821368948248,48.42308948711824
5,0.6,449,0.1230331953288511,137.17028380634392,48.37640655269439
5,0.6,449,0.1230331953288511,137.41235392320533,48.3307962184207
5,0.6,449,0.1230331953288511,137.65442404006677,48.28632314963498
5,0.6,449,0.1230331953288511,137.8964941569282,48.243051837521286
5,0.6,449,0.1230331953288511,138.13856427378965,48.20104661514014
5,0.6,449,0.1230331953288511,138.3806343906511,48.160371674325816
5,0.6,449,0.1230331953288511,138.6227045075125,48.12109108344939
5,0.6,449,0.1230331953288511,138.86477462437395,48.08326880604688
5,0.6,449,0.1230331953288511,139.1068447412354,48.04696872031238
5,0.6,449,0.1230331953288511,139.34891485809683,48.01225463945647
5,0.6,449,0.1230331953288511,139.59098497495827,47.9791903329319
5,0.6,449,0.1230331953288511,139.8330550918197,47.947839548528194
5,0.6,449,0.1230331953288511,140.07512520868113,47.918266035338526
5,0.6,449,0.1230331953288511,140.31719532554257,47.89053356760303
5,0.6,449,0.1230331953288511,140.559265442404,47.86470596943235
5,0.6,449,0.1230331953288511,140.80133555926545,47.84084714041869
5,0.6,449,0.1230331953288511,141.04340567612687,47.819021082139656
5,0.6,449,0.1230331953288511,141.2854757929883,47.79929192556342
5,0.6,449,0.1230331953288511,141.52754590984975,47.78172395936391
5,0.6,449,0.1230331953288511,141.7696160267112,47.76638165915559
5,0.6,449,0.1230331953288511,142.01168614357263,47.75332971765911
5,0.6,449,0.1230331953288511,142.25375626043405,47.742633075809835
5,0.6,449,0.1230331953288511,142.4958263772955,47.73435695482236
5,0.6,449,0.1230331953288511,142.73789649415693,47.728566889226464
5,0.6,449,0.1230331953288511,142.97996661101837,47.72532876088918
5,0.6,449,0.1230331953288511,143.2220367278798,47.724708834040996
5,0.6,449,0.1230331953288511,143.46410684474122,47.72677379132473
5,0.6,449,0.1230331953288511,143.70617696160267,47.73159077088686
5,0.6,449,0.1230331953288511,143.9482470784641,47.73922740453271
5,0.6,449,0.1230331953288511,144.19031719532555,47.74975185696903
5,0.6,449,0.1230331953288511,144.432387312187,47.76323286615787
5,0.6,449,0.1230331953288511,144.6744574290484,47.77973978480852
5,0.6,449,0.1230331953288511,144.91652754590984,47.799342623035315
5,0.6,449,0.1230331953288511,145.15859766277129,47.82211209221066
5,0.6,449,0.1230331953288511,145.40066777963273,47.84811965004526
5,0.6,449,0.1230331953288511,145.64273789649417,47.877437546928135
5,0.6,449,0.1230331953288511,145.88480801335558,47.910138873563
5,0.6,449,0.1230331953288511,146.12687813021702,47.94629760993662
5,0.6,449,0.1230331953288511,146.36894824707846,47.98598867566011
5,0.6,449,0.1230331953288511,146.6110183639399,48.02928798172354
5,0.6,449,0.1230331953288511,146.85308848080135,48.07627248370851
5,0.6,449,0.1230331953288511,147.09515859766276,48.12702023650392
5,0.6,449,0.1230331953288511,147.3372287145242,48.1816104505746
5,0.6,449,0.1230331953288511,147.57929883138564,48.24012354983223
5,0.6,449,0.1230331953288511,147.82136894824708,48.302641231164024
5,0.6,449,0.1230331953288511,148.06343906510853,48.36924652567394
5,0.6,449,0.1230331953288511,148.30550918196994,48.440023861696076
5,0.6,449,0.1230331953288511,148.54757929883138,48.515059129642864
5,0.6,449,0.1230331953288511,148.78964941569282,48.59443974875181
5,0.6,449,0.1230331953288511,149.03171953255426,48.67825473580026
5,0.6,449,0.1230331953288511,149.2737896494157,48.76659477585901
5,0.6,449,0.1230331953288511,149.51585976627712,48.859552295159354
5,0.6,449,0.1230331953288511,149.75792988313856,48.957221536152936
5,0.6,449,0.1230331953288511,150.0,49.05969863484552
6,0.7,715,0.13591379554530972,5.0,0.0
6,0.7,715,0.13591379554530972,5.242070116861436,0.0
6,0.7,715,0.13591379554530972,5.484140233722871,0.0
6,0.7,715,0.13591379554530972,5.726210350584307,0.0
6,0.7,715,0.13591379554530972,5.968280467445743,0.0
6,0.7,715,0.13591379554530972,6.210350584307179,0.0
6,0.7,715,0.13591379554530972,6.452420701168615,0.0
6,0.7,715,0.13591379554530972,6.69449081803005,0.0
6,0.7,715,0.13591379554530972,6.936560934891486,0.0
6,0.7,715,0.13591379554530972,7.178631051752921,0.0
6,0.7,715,0.13591379554530972,7.420701168614357,0.0
6,0.7,715,0.13591379554530972,7.6627712854757934,0.0
6,0.7,715,0.13591379554530972,7.904841402337229,0.0
6,0.7,715,0.13591379554530972,8.146911519198664,0.0
6,0.7,715,0.13591379554530972,8.3889816360601,0.0
6,0.7,715,0.13591379554530972,8.631051752921536,0.0
6,0.7,715,0.13591379554530972,8.873121869782972,0.0
6,0.7,715,0.13591379554530972,9.115191986644408,0.0
6,0.7,715,0.13591379554530972,9.357262103505843,0.0
6,0.7,715,0.13591379554530972,9.599332220367279,0.0
6,0.7,715,0.13591379554530972,9.841402337228715,0.0
6,0.7,715,0.13591379554530972,10.083472454090149,0.0
6,0.7,715,0.13591379554530972,10.325542570951587,0.0
6,0.7,715,0.13591379554530972,10.567612687813021,0.0
6,0.7,715,0.13591379554530972,10.809682804674457,0.0
6,0.7,715,0.13591379554530972,11.051752921535893,0.0
6,0.7,715,0.13591379554530972,11.293823038397328,0.0
6,0.7,715,0.13591379554530972,11.535893155258766,0.0
6,0.7,715,0.13591379554530972,11.7779632721202,0.0
6,0.7,715,0.13591379554530972,12.020033388981636,0.0
6,0.7,715,0.13591379554530972,12.262103505843072,0.0
6,0.7,715,0.13591379554530972,12.504173622704506,0.0
6,0.7,715,0.13591379554530972,12.746243739565944,0.0
6,0.7,715,0.13591379554530972,12.988313856427379,0.0
6,0.7,715,0.13591379554530972,13.230383973288815,0.0
6,0.7,715,0.13591379554530972,13.47245409015025,0.0
6,0.7,715,0.13591379554530972,13.714524207011687,0.0
6,0.7,715,0.13591379554530972,13.956594323873121,0.0
6,0.7,715,0.13591379554530972,14.198664440734557,0.0
6,0.7,715,0.13591379554530972,14.440734557595993,0.5579779791189192
6,0.7,715,0.13591379554530972,14.68280467445743,1.0490519123352209
6,0.7,715,0.13591379554530972,14.924874791318866,1.519147833029053
6,0.7,715,0.13591379554530972,15.1669449081803,1.9957240986279674
6,0.7,715,0.13591379554530972,15.409015025041736,2.481208966903433
6,0.7,715,0.13591379554530972,15.651085141903172,2.9754553235112136
6,0.7,715,0.13591379554530972,15.893155258764608,3.4806473965182727
6,0.7,715,0.13591379554530972,16.135225375626042,4.002941936746124
6,0.7,715,0.13591379554530972,16.377295492487477,4.5469683963648855
6,0.7,715,0.13591379554530972,16.619365609348915,5.113630230313405
6,0.7,715,0.13591379554530972,16.861435726210352,5.703978926933204
6,0.7,715,0.13591379554530972,17.103505843071787,6.319555865132729
6,0.7,715,0.13591379554530972,17.34557595993322,6.962555522737188
6,0.7,715,0.13591379554530972,17.587646076794655,7.635974503943635
6,0.7,715,0.13591379554530972,17.829716193656093,8.343758975858362
6,0.7,715,0.13591379554530972,18.07178631051753,9.090946141433658
6,0.7,715,0.13591379554530972,18.313856427378965,9.882574138134133
6,0.7,715,0.13591379554530972,18.5559265442404,10.7223587292092
6,0.7,715,0.13591379554530972,18.797996661101834,11.614185697425773
6,0.7,715,0.13591379554530972,19.040066777963272,12.56234304864294
6,0.7,715,0.13591379554530972,19.28213689482471,13.571576985062269
6,0.7,715,0.13591379554530972,19.524207011686144,14.64715342300707
6,0.7,715,0.13591379554530972,19.76627712854758,15.794926330828888
6,0.7,715,0.13591379554530972,20.008347245409013,17.021414207189252
6,0.7,715,0.13591379554530972,20.25041736227045,18.332711902981462
6,0.7,715,0.13591379554530972,20.49248747913189,19.73084266969408
6,0.7,715,0.13591379554530972,20.734557595993323,21.215878639021717
6,0.7,715,0.13591379554530972,20.976627712854757,22.786544143526086
6,0.7,715,0.13591379554530972,21.218697829716195,24.439985105534138
6,0.7,715,0.13591379554530972,21.46076794657763,26.171533541885992
6,0.7,715,0.13591379554530972,21.702838063439064,27.974475235454218
6,0.7,715,0.13591379554530972,21.9449081803005,29.839830481177422
6,0.7,715,0.13591379554530972,22.186978297161936,31.756792451195334
6,0.7,715,0.13591379554530972,22.429048414023374,33.717523784489785
6,0.7,715,0.13591379554530972,22.671118530884808,35.715691606730495
6,0.7,715,0.13591379554530972,22.913188647746242,37.74431883260933
6,0.7,715,0.13591379554530972,23.15525876460768,39.795790211284334
6,0.7,715,0.13591379554530972,23.397328881469114,41.861882258961515
6,0.7,715,0.13591379554530972,23.639398998330552,43.93380205433981
6,0.7,715,0.13591379554530972,23.881469115191987,46.00223495265447
6,0.7,715,0.13591379554530972,24.12353923205342,48.05743914446832
6,0.7,715,0.13591379554530972,24.36560934891486,50.09014765105772
6,0.7,715,0.13591379554530972,24.607679465776293,52.09179073615607
6,0.7,715,0.13591379554530972,24.84974958263773,54.053860078958
6,0.7,715,0.13591379554530972,25.091819699499165,55.96794439572723
6,0.7,715,0.13591379554530972,25.3338898163606,57.82579647049974
6,0.7,715,0.13591379554530972,25.575959933222038,59.61939865503655
6,0.7,715,0.13591379554530972,25.818030050083472,61.3410260640888
6,0.7,715,0.13591379554530972,26.06010016694491,62.983308706712535
6,0.7,715,0.13591379554530972,26.302170283806344,64.53953505752239
6,0.7,715,0.13591379554530972,26.54424040066778,66.00397453561112
6,0.7,715,0.13591379554530972,26.786310517529216,67.371523898551
6,0.7,715,0.13591379554530972,27.02838063439065,68.63768298807203
6,0.7,715,0.13591379554530972,27.27045075125209,69.7985770377462
6,0.7,715,0.13591379554530972,27.512520868113523,70.8509721687688
6,0.7,715,0.13591379554530972,27.754590984974957,71.7922841448031
6,0.7,715,0.13591379554530972,27.996661101836395,72.62058054986247
6,0.7,715,0.13591379554530972,28.23873121869783,73.33619597185532
6,0.7,715,0.13591379554530972,28.480801335559267,73.94696264621548
6,0.7,715,0.13591379554530972,28.7228714524207,74.46333462189286
6,0.7,715,0.13591379554530972,28.964941569282136,74.89650833245797
6,0.7,715,0.13591379554530972,29.207011686143574,75.25827830023604
6,0.7,715,0.13591379554530972,29.449081803005008,75.56090887399692
6,0.7,715,0.13591379554530972,29.691151919866446,75.81702427632074
6,0.7,715,0.13591379554530972,29.93322203672788,76.0395186905522
6,0.7,715,0.13591379554530972,30.175292153589314,76.2407126477988
6,0.7,715,0.13591379554530972,30.417362270450752,76.42569502326245
6,0.7,715,0.13591379554530972,30.659432387312187,76.59551965549947
6,0.7,715,0.13591379554530972,30.901502504173624,76.75120546176677
6,0.7,715,0.13591379554530972,31.14357262103506,76.89377767532518
6,0.7,715,0.13591379554530972,31.385642737896493,77.02426646842139
6,0.7,715,0.13591379554530972,31.62771285475793,77.1437056958924
6,0.7,715,0.13591379554530972,31.869782971619365,77.25313176086652
6,0.7,715,0.13591379554530972,32.1118530884808,77.35358260361743
6,0.7,715,0.13591379554530972,32.35392320534224,77.44609681425189
6,0.7,715,0.13591379554530972,32.59599332220367,77.53171286959007
6,0.7,715,0.13591379554530972,32.83806343906511,77.61146849431384
6,0.7,715,0.13591379554530972,33.080133555926544,77.68640014622632
6,0.7,715,0.13591379554530972,33.32220367278798,77.75754262527626
6,0.7,715,0.13591379554530972,33.56427378964942,77.82592880585383
6,0.7,715,0.13591379554530972,33.80634390651085,77.89258949176677
6,0.7,715,0.13591379554530972,34.04841402337229,77.9585533932458
6,0.7,715,0.13591379554530972,34.29048414023372,78.02484722531221
6,0.7,715,0.13591379554530972,34.53255425709516,78.09249592686994
6,0.7,715,0.13591379554530972,34.7746243739566,78.16252299994862
6,0.7,715,0.13591379554530972,35.016694490818026,78.23595087481031
6,0.7,715,0.13591379554530972,35.25876460767947,78.31345221926863
6,0.7,715,0.13591379554530972,35.5008347245409,78.3945599465299
6,0.7,715,0.13591379554530972,35.742904841402336,78.47856978871168
6,0.7,715,0.13591379554530972,35.98497495826378,78.56477079630187
6,0.7,715,0.13591379554530972,36.227045075125204,78.65244526258505
6,0.7,715,0.13591379554530972,36.469115191986646,78.74086870289268
6,0.7,715,0.13591379554530972,36.71118530884808,78.82930989098166
6,0.7,715,0.13591379554530972,36.953255425709514,78.91703095477055
6,0.7,715,0.13591379554530972,37.19532554257095,79.00328753356928
6,0.7,715,0.13591379554530972,37.43739565943239,79.08732899884765
6,0.7,715,0.13591379554530972,37.679465776293824,79.16839874047479
6,0.7,715,0.13591379554530972,37.92153589315526,79.24573452024376
6,0.7,715,0.13591379554530972,38.16360601001669,79.31856889436402
6,0.7,715,0.13591379554530972,38.40567612687813,79.38612970645265
6,0.7,715,0.13591379554530972,38.64774624373957,79.447640652394
6,0.7,715,0.13591379554530972,38.889816360601,79.50232191825677
6,0.7,715,0.13591379554530972,39.13188647746244,79.5493908922577
6,0.7,715,0.13591379554530972,39.37395659432387,79.58806295154686
6,0.7,715,0.13591379554530972,39.616026711185306,79.61755232435412
6,0.7,715,0.13591379554530972,39.85809682804675,79.63707302777921
6,0.7,715,0.13591379554530972,40.10016694490818,79.64585120026362
6,0.7,715,0.13591379554530972,40.342237061769616,79.6435210382526
6,0.7,715,0.13591379554530972,40.58430717863105,79.63022823673982
6,0.7,715,0.13591379554530972,40.826377295492485,79.6061533461333
6,0.7,715,0.13591379554530972,41.068447412353926,79.57147941724185
6,0.7,715,0.13591379554530972,41.31051752921536,79.52639182629666
6,0.7,715,0.13591379554530972,41.552587646076795,79.47107810181664
6,0.7,715,0.13591379554530972,41.79465776293823,79.40572775348711
6,0.7,715,0.13591379554530972,42.03672787979966,79.33053210321161
6,0.7,715,0.13591379554530972,42.278797996661105,79.24568411848989
6,0.7,715,0.13591379554530972,42.52086811352254,79.1513782482647
6,0.7,715,0.13591379554530972,42.76293823038397,79.0478102613722
6,0.7,715,0.13591379554530972,43.00500834724541,78.93517708772431
6,0.7,715,0.13591379554530972,43.24707846410684,78.81367666233784
6,0.7,715,0.13591379554530972,43.48914858096828,78.68350777232507
6,0.7,715,0.13591379554530972,43.73121869782972,78.54486990694454
6,0.7,715,0.13591379554530972,43.97328881469115,78.39796311080734
6,0.7,715,0.13591379554530972,44.215358931552586,78.2429878403271
6,0.7,715,0.13591379554530972,44.45742904841402,78.08014482349017
6,0.7,715,0.13591379554530972,44.69949916527546,77.90963492302043
6,0.7,715,0.13591379554530972,44.941569282136896,77.73165900300165
6,0.7,715,0.13591379554530972,45.18363939899833,77.54645263897622
6,0.7,715,0.13591379554530972,45.425709515859765,77.35454474701501
6,0.7,715,0.13591379554530972,45.6677796327212,77.1566078951045
6,0.7,715,0.13591379554530972,45.90984974958264,76.95331005919948
6,0.7,715,0.13591379554530972,46.151919866444075,76.74531305835195
6,0.7,715,0.13591379554530972,46.39398998330551,76.53327217094632
6,0.7,715,0.13591379554530972,46.636060100166944,76.31783580622519
6,0.7,715,0.13591379554530972,46.87813021702838,76.09964523018158
6,0.7,715,0.13591379554530972,47.12020033388982,75.87933434482945
6,0.7,715,0.13591379554530972,47.362270450751254,75.65752951981194
6,0.7,715,0.13591379554530972,47.60434056761269,75.43484947527085
6,0.7,715,0.13591379554530972,47.84641068447412,75.21190521486893
6,0.7,715,0.13591379554530972,48.08848080133556,74.98930000784456
6,0.7,715,0.13591379554530972,48.330550918197,74.76762941897094
6,0.7,715,0.13591379554530972,48.57262103505843,74.54748138529729
6,0.7,715,0.13591379554530972,48.81469115191987,74.32943633856782
6,0.7,715,0.13591379554530972,49.0567612687813,74.114067372238
6,0.7,715,0.13591379554530972,49.298831385642735,73.90194045204206
6,0.7,715,0.13591379554530972,49.54090150250418,73.69361466911388
6,0.7,715,0.13591379554530972,49.78297161936561,73.48964253471289
6,0.7,715,0.13591379554530972,50.025041736227045,73.29057022005651
6,0.7,715,0.13591379554530972,50.26711185308848,73.09682267485816
6,0.7,715,0.13591379554530972,50.509181969949914,72.90848213679526
6,0.7,715,0.13591379554530972,50.751252086811355,72.72556855218957
6,0.7,715,0.13591379554530972,50.99332220367279,72.54810203502237
6,0.7,715,0.13591379554530972,51.235392320534224,72.37610291407445
6,0.7,715,0.13591379554530972,51.47746243739566,72.20959177935583
6,0.7,715,0.13591379554530972,51.71953255425709,72.0485895278794
6,0.7,715,0.13591379554530972,51.961602671118534,71.89311740883079
6,0.7,715,0.13591379554530972,52.20367278797997,71.74319706818524
6,0.7,715,0.13591379554530972,52.4457429048414,71.59885059282435
6,0.7,715,0.13591379554530972,52.68781302170284,71.46010055420132
6,0.7,715,0.13591379554530972,52.92988313856427,71.32697005160324
6,0.7,715,0.13591379554530972,53.17195325542571,71.199482755061
6,0.7,715,0.13591379554530972,53.41402337228715,71.07766294795242
6,0.7,715,0.13591379554530972,53.65609348914858,70.96153556934668
6,0.7,715,0.13591379554530972,53.898163606010016,70.85112625613712
6,0.7,715,0.13591379554530972,54.14023372287145,70.746461385008
6,0.7,715,0.13591379554530972,54.38230383973289,70.64756811428076
6,0.7,715,0.13591379554530972,54.624373956594326,70.55447442568659
6,0.7,715,0.13591379554530972,54.86644407345576,70.46720916610812
6,0.7,715,0.13591379554530972,55.108514190317194,70.38579551489295
6,0.7,715,0.13591379554530972,55.35058430717863,70.3100624303847
6,0.7,715,0.13591379554530972,55.59265442404007,70.23961746519286
6,0.7,715,0.13591379554530972,55.834724540901504,70.17405845049971
6,0.7,715,0.13591379554530972,56.07679465776294,70.11298548895593
6,0.7,715,0.13591379554530972,56.31886477462437,70.05600069902299
6,0.7,715,0.13591379554530972,56.56093489148581,70.00270798181928
6,0.7,715,0.13591379554530972,56.80300500834725,69.95271281024556
6,0.7,715,0.13591379554530972,57.04507512520868,69.90562204020047
6,0.7,715,0.13591379554530972,57.28714524207012,69.86104374372695
6,0.7,715,0.13591379554530972,57.52921535893155,69.81858706395515
6,0.7,715,0.13591379554530972,57.771285475792986,69.77786209173186
6,0.7,715,0.13591379554530972,58.01335559265443,69.73847976384621
6,0.7,715,0.13591379554530972,58.25542570951586,69.7000517827753
6,0.7,715,0.13591379554530972,58.497495826377296,69.66219055788991
6,0.7,715,0.13591379554530972,58.73956594323873,69.62450916806876
6,0.7,715,0.13591379554530972,58.981636060100165,69.58662134567452
6,0.7,715,0.13591379554530972,59.223706176961606,69.54814148185132
6,0.7,715,0.13591379554530972,59.46577629382304,69.50868465310076
6,0.7,715,0.13591379554530972,59.707846410684475,69.46786666909162
6,0.7,715,0.13591379554530972,59.94991652754591,69.42530414165135
6,0.7,715,0.13591379554530972,60.19198664440734,69.38066193779285
6,0.7,715,0.13591379554530972,60.434056761268785,69.33396345569568
6,0.7,715,0.13591379554530972,60.67612687813022,69.28539537760572
6,0.7,715,0.13591379554530972,60.91819699499165,69.23514471737943
6,0.7,715,0.13591379554530972,61.16026711185309,69.18339793547203
6,0.7,715,0.13591379554530972,61.40233722871452,69.13034090027053
6,0.7,715,0.13591379554530972,61.644407345575964,69.07615885437538
6,0.7,715,0.13591379554530972,61.8864774624374,69.0210363857986
6,0.7,715,0.13591379554530972,62.12854757929883,68.96515740404911
6,0.7,715,0.13591379554530972,62.37061769616027,68.90870512106832
6,0.7,715,0.13591379554530972,62.6126878130217,68.85186203698535
6,0.7,715,0.13591379554530972,62.85475792988314,68.7948099306518
6,0.7,715,0.13591379554530972,63.09682804674458,68.73772985492222
6,0.7,715,0.13591379554530972,63.33889816360601,68.68080213664204
6,0.7,715,0.13591379554530972,63.580968280467445,68.62420638130648
6,0.7,715,0.13591379554530972,63.82303839732888,68.56812148235286
6,0.7,715,0.13591379554530972,64.06510851419031,68.51272563505142
6,0.7,715,0.13591379554530972,64.30717863105176,68.4581963549588
6,0.7,715,0.13591379554530972,64.5492487479132,68.40471050090069
6,0.7,715,0.13591379554530972,64.79131886477462,68.35244430245189
6,0.7,715,0.13591379554530972,65.03338898163605,68.3015733104904
6,0.7,715,0.13591379554530972,65.27545909849749,68.25222717050306
6,0.7,715,0.13591379554530972,65.51752921535893,68.20441453541613
6,0.7,715,0.13591379554530972,65.75959933222038,68.1581241942294
6,0.7,715,0.13591379554530972,66.0016694490818,68.11334495814765
6,0.7,715,0.13591379554530972,66.24373956594323,68.07006566068354
6,0.7,715,0.13591379554530972,66.48580968280467,68.02827515770404
6,0.7,715,0.13591379554530972,66.72787979966611,67.98796232742163
6,0.7,715,0.13591379554530972,66.96994991652755,67.94911607033374
6,0.7,715,0.13591379554530972,67.21202003338898,67.91172530911176
6,0.7,715,0.13591379554530972,67.45409015025041,67.875778988442
6,0.7,715,0.13591379554530972,67.69616026711185,67.84126607482051
6,0.7,715,0.13591379554530972,67.93823038397329,67.808175556304
6,0.7,715,0.13591379554530972,68.18030050083473,67.77649644221847
6,0.7,715,0.13591379554530972,68.42237061769616,67.74621776282707
6,0.7,715,0.13591379554530972,68.66444073455759,67.71732856896011
6,0.7,715,0.13591379554530972,68.90651085141903,67.68981793160675
6,0.7,715,0.13591379554530972,69.14858096828047,67.66367494147276
6,0.7,715,0.13591379554530972,69.3906510851419,67.63888870850356
6,0.7,715,0.13591379554530972,69.63272120200334,67.61544836137483
6,0.7,715,0.13591379554530972,69.87479131886478,67.59334304695331
6,0.7,715,0.13591379554530972,70.11686143572621,67.57256362481426
6,0.7,715,0.13591379554530972,70.35893155258765,67.55314329198976
6,0.7,715,0.13591379554530972,70.60100166944908,67.53515947273249
6,0.7,715,0.13591379554530972,70.84307178631052,67.5186916088108
6,0.7,715,0.13591379554530972,71.08514190317196,67.50381909277144
6,0.7,715,0.13591379554530972,71.32721202003339,67.49062128762064
6,0.7,715,0.13591379554530972,71.56928213689483,67.47917754740193
6,0.7,715,0.13591379554530972,71.81135225375625,67.46956723867099
6,0.7,715,0.13591379554530972,72.0534223706177,67.46186976287103
6,0.7,715,0.13591379554530972,72.29549248747914,67.45616457961225
6,0.7,715,0.13591379554530972,72.53756260434056,67.45253123085857
6,0.7,715,0.13591379554530972,72.779632721202,67.45104936602759
6,0.7,715,0.13591379554530972,73.02170283806343,67.45179876800873
6,0.7,715,0.13591379554530972,73.26377295492487,67.45485938010658
6,0.7,715,0.13591379554530972,73.50584307178632,67.46031133391666
6,0.7,715,0.13591379554530972,73.74791318864774,67.46823497814161
6,0.7,715,0.13591379554530972,73.98998330550918,67.47871090835824
6,0.7,715,0.13591379554530972,74.23205342237061,67.49181999774379
6,0.7,715,0.13591379554530972,74.47412353923205,67.50764342877478
6,0.7,715,0.13591379554530972,74.7161936560935,67.52626272590898
6,0.7,715,0.13591379554530972,74.95826377295492,67.54775978926482
6,0.7,715,0.13591379554530972,75.20033388981636,67.57217061872105
6,0.7,715,0.13591379554530972,75.44240400667779,67.59921796127828
6,0.7,715,0.13591379554530972,75.68447412353923,67.62849429379791
6,0.7,715,0.13591379554530972,75.92654424040067,67.65959116289646
6,0.7,715,0.13591379554530972,76.1686143572621,67.6920994815176
6,0.7,715,0.13591379554530972,76.41068447412354,67.72560943159772
6,0.7,715,0.13591379554530972,76.65275459098497,67.75971039149229
6,0.7,715,0.13591379554530972,76.89482470784641,67.79399088824265
6,0.7,715,0.13591379554530972,77.13689482470785,67.82803857477349
6,0.7,715,0.13591379554530972,77.37896494156928,67.86144023211658
6,0.7,715,0.13591379554530972,77.62103505843072,67.89378179675816
6,0.7,715,0.13591379554530972,77.86310517529215,67.92464841320651
6,0.7,715,0.13591379554530972,78.10517529215359,67.9536245118656
6,0.7,715,0.13591379554530972,78.34724540901503,67.980293912293
6,0.7,715,0.13591379554530972,78.58931552587646,68.00423995190334
6,0.7,715,0.13591379554530972,78.8313856427379,68.02504564015761
6,0.7,715,0.13591379554530972,79.07345575959933,68.04229383825708
6,0.7,715,0.13591379554530972,79.31552587646077,68.05556746432778
6,0.7,715,0.13591379554530972,79.55759599332221,68.06444972405419
6,0.7,715,0.13591379554530972,79.79966611018364,68.06852436667701
6,0.7,715,0.13591379554530972,80.04173622704508,68.06737626585618
6,0.7,715,0.13591379554530972,80.2838063439065,68.06068442949977
6,0.7,715,0.13591379554530972,80.52587646076795,68.04835350687547
6,0.7,715,0.13591379554530972,80.76794657762939,68.03032268410318
6,0.7,715,0.13591379554530972,81.01001669449082,68.00653260024889
6,0.7,715,0.13591379554530972,81.25208681135226,67.97692539980285
6,0.7,715,0.13591379554530972,81.49415692821368,67.94144478507569
6,0.7,715,0.13591379554530972,81.73622704507513,67.90003606846199
6,0.7,715,0.13591379554530972,81.97829716193657,67.85264622452364
6,0.7,715,0.13591379554530972,82.220367278798,67.79922394184247
6,0.7,715,0.13591379554530972,82.46243739565944,67.73971967459079
6,0.7,715,0.13591379554530972,82.70450751252086,67.67408569376892
6,0.7,715,0.13591379554530972,82.9465776293823,67.60227613805633
6,0.7,715,0.13591379554530972,83.18864774624375,67.52424706422326
6,0.7,715,0.13591379554530972,83.43071786310517,67.43995649704883
6,0.7,715,0.13591379554530972,83.67278797996661,67.34936447869082
6,0.7,715,0.13591379554530972,83.91485809682804,67.25243311745216
6,0.7,715,0.13591379554530972,84.15692821368948,67.14912663588721
6,0.7,715,0.13591379554530972,84.39899833055092,67.03941141819313
6,0.7,715,0.13591379554530972,84.64106844741235,66.92325605682827
6,0.7,715,0.13591379554530972,84.88313856427379,66.80063139830041
6,0.7,715,0.13591379554530972,85.12520868113522,66.67151927958625
6,0.7,715,0.13591379554530972,85.36727879799666,66.53608803986101
6,0.7,715,0.13591379554530972,85.6093489148581,66.39468250619863
6,0.7,715,0.13591379554530972,85.85141903171953,66.2476535632774
6,0.7,715,0.13591379554530972,86.09348914858097,66.09535078380308
6,0.7,715,0.13591379554530972,86.3355592654424,65.93812215681741
6,0.7,715,0.13591379554530972,86.57762938230384,65.77631383368029
6,0.7,715,0.13591379554530972,86.81969949916528,65.61026989168803
6,0.7,715,0.13591379554530972,87.06176961602671,65.44033211525453
6,0.7,715,0.13591379554530972,87.30383973288815,65.26683979455214
6,0.7,715,0.13591379554530972,87.54590984974958,65.09012954147968
6,0.7,715,0.13591379554530972,87.78797996661102,64.91053512279761
6,0.7,715,0.13591379554530972,88.03005008347246,64.72838731024837
6,0.7,715,0.13591379554530972,88.27212020033389,64.54401374745528
6,0.7,715,0.13591379554530972,88.51419031719533,64.35773883337659
6,0.7,715,0.13591379554530972,88.75626043405676,64.16988362207263
6,0.7,715,0.13591379554530972,88.9983305509182,63.98076573853068
6,0.7,715,0.13591379554530972,89.24040066777964,63.790699310276906
6,0.7,715,0.13591379554530972,89.48247078464107,63.59999491449876
6,0.7,715,0.13591379554530972,89.72454090150251,63.40895954038899
6,0.7,715,0.13591379554530972,89.96661101836393,63.21789656641808
6,0.7,715,0.13591379554530972,90.20868113522538,63.02708848176096
6,0.7,715,0.13591379554530972,90.45075125208682,62.83670972380325
6,0.7,715,0.13591379554530972,90.69282136894824,62.64689340633533
6,0.7,715,0.13591379554530972,90.93489148580969,62.45777093810291
6,0.7,715,0.13591379554530972,91.17696160267111,62.26947210763355
6,0.7,715,0.13591379554530972,91.41903171953255,62.08212509981781
6,0.7,715,0.13591379554530972,91.661101836394,61.89585651514246
6,0.7,715,0.13591379554530972,91.90317195325542,61.71079139151437
6,0.7,715,0.13591379554530972,92.14524207011686,61.5270532286188
6,0.7,715,0.13591379554530972,92.38731218697829,61.34476401475588
6,0.7,715,0.13591379554530972,92.62938230383973,61.16404425610013
6,0.7,715,0.13591379554530972,92.87145242070117,60.98501300833048
6,0.7,715,0.13591379554530972,93.1135225375626,60.807787910578995
6,0.7,715,0.13591379554530972,93.35559265442404,60.63248522164968
6,0.7,715,0.13591379554530972,93.59766277128547,60.459219858459676
6,0.7,715,0.13591379554530972,93.83973288814691,60.28810543665787
6,0.7,715,0.13591379554530972,94.08180300500835,60.11925431337794
6,0.7,715,0.13591379554530972,94.32387312186978,59.952777632085336
6,0.7,715,0.13591379554530972,94.56594323873122,59.788785369480124
6,0.7,715,0.13591379554530972,94.80801335559265,59.62738638442129
6,0.7,715,0.13591379554530972,95.05008347245409,59.46868829561424
6,0.7,715,0.13591379554530972,95.29215358931553,59.31276410665151
6,0.7,715,0.13591379554530972,95.53422370617696,59.159612861220815
6,0.7,715,0.13591379554530972,95.7762938230384,59.009224095237634
6,0.7,715,0.13591379554530972,96.01836393989983,58.86158762078382
6,0.7,715,0.13591379554530972,96.26043405676127,58.716693526569664
6,0.7,715,0.13591379554530972,96.50250417362271,58.57453217842561
6,0.7,715,0.13591379554530972,96.74457429048414,58.435094219822304
6,0.7,715,0.13591379554530972,96.98664440734558,58.29837057242154
6,0.7,715,0.13591379554530972,97.228714524207,58.16435243665768
6,0.7,715,0.13591379554530972,97.47078464106845,58.03303129235199
6,0.7,715,0.13591379554530972,97.71285475792989,57.90439889935895
6,0.7,715,0.13591379554530972,97.95492487479132,57.77844729824746
6,0.7,715,0.13591379554530972,98.19699499165276,57.65516881101565
6,0.7,715,0.13591379554530972,98.43906510851419,57.53455604184286
6,0.7,715,0.13591379554530972,98.68113522537563,57.41660187787697
6,0.7,715,0.13591379554530972,98.92320534223707,57.3012994900603
6,0.7,715,0.13591379554530972,99.1652754590985,57.18864233399341
6,0.7,715,0.13591379554530972,99.40734557595994,57.078624150838586
6,0.7,715,0.13591379554530972,99.64941569282136,56.97123896826401
6,0.7,715,0.13591379554530972,99.8914858096828,56.86648110142916
6,0.7,715,0.13591379554530972,100.13355592654425,56.76434322403674
6,0.7,715,0.13591379554530972,100.37562604340567,56.66478315779915
6,0.7,715,0.13591379554530972,100.61769616026712,56.56772860658188
6,0.7,715,0.13591379554530972,100.85976627712854,56.47310697789171
6,0.7,715,0.13591379554530972,101.10183639398998,56.380846391245626
6,0.7,715,0.13591379554530972,101.34390651085143,56.29087565043813
6,0.7,715,0.13591379554530972,101.58597662771285,56.203124216744854
6,0.7,715,0.13591379554530972,101.8280467445743,56.1175221830435
6,0.7,715,0.13591379554530972,102.07011686143572,56.034000248836485
6,0.7,715,0.13591379554530972,102.31218697829716,55.95248969615755
6,0.7,715,0.13591379554530972,102.5542570951586,55.87292236634699
6,0.7,715,0.13591379554530972,102.79632721202003,55.795230637681236
6,0.7,715,0.13591379554530972,103.03839732888147,55.71934740384163
6,0.7,715,0.13591379554530972,103.2804674457429,55.645206053210046
6,0.7,715,0.13591379554530972,103.52253756260434,55.57274044897748
6,0.7,715,0.13591379554530972,103.76460767946578,55.50188491005432
6,0.7,715,0.13591379554530972,104.00667779632721,55.43257419277035
6,0.7,715,0.13591379554530972,104.24874791318865,55.364743473353236
6,0.7,715,0.13591379554530972,104.49081803005008,55.29832833117613
6,0.7,715,0.13591379554530972,104.73288814691152,55.233264732763026
6,0.7,715,0.13591379554530972,104.97495826377296,55.169489016543956
6,0.7,715,0.13591379554530972,105.21702838063439,55.10693787835023
6,0.7,715,0.13591379554530972,105.45909849749583,55.04554835764137
6,0.7,715,0.13591379554530972,105.70116861435726,54.98525782445636
6,0.7,715,0.13591379554530972,105.9432387312187,54.926003967080945
6,0.7,715,0.13591379554530972,106.18530884808014,54.867724780423885
6,0.7,715,0.13591379554530972,106.42737896494157,54.81035855509592
6,0.7,715,0.13591379554530972,106.66944908180301,54.75384386718409
6,0.7,715,0.13591379554530972,106.91151919866444,54.69811956871608
6,0.7,715,0.13591379554530972,107.15358931552588,54.6431247788078
6,0.7,715,0.13591379554530972,107.39565943238732,54.58879887548976
6,0.7,715,0.13591379554530972,107.63772954924875,54.535081488205684
6,0.7,715,0.13591379554530972,107.87979966611019,54.48191249097916
6,0.7,715,0.13591379554530972,108.12186978297161,54.42923199624301
6,0.7,715,0.13591379554530972,108.36393989983306,54.376980349326914
6,0.7,715,0.13591379554530972,108.6060100166945,54.325098123598195
6,0.7,715,0.13591379554530972,108.84808013355592,54.27352611625251
6,0.7,715,0.13591379554530972,109.09015025041737,54.22220534474898
6,0.7,715,0.13591379554530972,109.3322203672788,54.17107704388649
6,0.7,715,0.13591379554530972,109.57429048414023,54.120082663516634
6,0.7,715,0.13591379554530972,109.81636060100168,54.06916386688967
6,0.7,715,0.13591379554530972,110.0584307178631,54.01826261597514
6,0.7,715,0.13591379554530972,110.30050083472455,53.967332473283776
6,0.7,715,0.13591379554530972,110.54257095158597,53.91634979849792
6,0.7,715,0.13591379554530972,110.78464106844741,53.86529370776975
6,0.7,715,0.13591379554530972,111.02671118530886,53.81414339104408
6,0.7,715,0.13591379554530972,111.26878130217028,53.762878112479136
6,0.7,715,0.13591379554530972,111.51085141903172,53.71147721094569
6,0.7,715,0.13591379554530972,111.75292153589315,53.659920100605405
6,0.7,715,0.13591379554530972,111.99499165275459,53.60818627156698
6,0.7,715,0.13591379554530972,112.23706176961603,53.556255290620136
6,0.7,715,0.13591379554530972,112.47913188647746,53.50410680204664
6,0.7,715,0.13591379554530972,112.7212020033389,53.45172052850832
6,0.7,715,0.13591379554530972,112.96327212020033,53.39907627201097
6,0.7,715,0.13591379554530972,113.20534223706177,53.34615391494419
6,0.7,715,0.13591379554530972,113.44741235392321,53.29293342119626
6,0.7,715,0.13591379554530972,113.68948247078464,53.239394837343816
6,0.7,715,0.13591379554530972,113.93155258764608,53.1855182939153
6,0.7,715,0.13591379554530972,114.17362270450751,53.13128400672841
6,0.7,715,0.13591379554530972,114.41569282136895,53.0766722782998
6,0.7,715,0.13591379554530972,114.65776293823039,53.02166349932797
6,0.7,715,0.13591379554530972,114.89983305509182,52.966238150247165
6,0.7,715,0.13591379554530972,115.14190317195326,52.91037680285268
6,0.7,715,0.13591379554530972,115.38397328881469,52.85406012199672
6,0.7,715,0.13591379554530972,115.62604340567613,52.797268867353765
6,0.7,715,0.13591379554530972,115.86811352253757,52.739983895255456
6,0.7,715,0.13591379554530972,116.110183639399,52.68218616059328
6,0.7,715,0.13591379554530972,116.35225375626044,52.6238567187896
6,0.7,715,0.13591379554530972,116.59432387312187,52.56497672783502
6,0.7,715,0.13591379554530972,116.8363939899833,52.50552745039242
6,0.7,715,0.13591379554530972,117.07846410684475,52.44549025596596
6,0.7,715,0.13591379554530972,117.32053422370618,52.38484662313481
6,0.7,715,0.13591379554530972,117.56260434056762,52.32357814185057
6,0.7,715,0.13591379554530972,117.80467445742904,52.2616665157977
6,0.7,715,0.13591379554530972,118.04674457429049,52.199093564815534
6,0.7,715,0.13591379554530972,118.28881469115193,52.135841227381704
6,0.7,715,0.13591379554530972,118.53088480801335,52.071891563155596
6,0.7,715,0.13591379554530972,118.7729549248748,52.007226755580774
6,0.7,715,0.13591379554530972,119.01502504173622,51.94182911454578
6,0.7,715,0.13591379554530972,119.25709515859766,51.875681079102
6,0.7,715,0.13591379554530972,119.4991652754591,51.80876522023749
6,0.7,715,0.13591379554530972,119.74123539232053,51.74106424370593
6,0.7,715,0.13591379554530972,119.98330550918197,51.67256099290953
6,0.7,715,0.13591379554530972,120.2253756260434,51.60324427732125
6,0.7,715,0.13591379554530972,120.46744574290484,51.53313165365233
6,0.7,715,0.13591379554530972,120.70951585976628,51.46224941849858
6,0.7,715,0.13591379554530972,120.95158597662771,51.39062377585779
6,0.7,715,0.13591379554530972,121.19365609348915,51.31828083120364
6,0.7,715,0.13591379554530972,121.43572621035058,51.24524658805938
6,0.7,715,0.13591379554530972,121.67779632721202,51.171546944699315
6,0.7,715,0.13591379554530972,121.91986644407346,51.09720769097799
6,0.7,715,0.13591379554530972,122.16193656093489,51.02225450528613
6,0.7,715,0.13591379554530972,122.40400667779633,50.94671295163274
6,0.7,715,0.13591379554530972,122.64607679465776,50.870608476852894
6,0.7,715,0.13591379554530972,122.8881469115192,50.79396640793981
6,0.7,715,0.13591379554530972,123.13021702838064,50.7168119495012
6,0.7,715,0.13591379554530972,123.37228714524207,50.639170181338564
6,0.7,715,0.13591379554530972,123.61435726210351,50.56106605614873
6,0.7,715,0.13591379554530972,123.85642737896494,50.48252439734683
6,0.7,715,0.13591379554530972,124.09849749582638,50.40356989700938
6,0.7,715,0.13591379554530972,124.34056761268782,50.32422711393739
6,0.7,715,0.13591379554530972,124.58263772954925,50.24452047183756
6,0.7,715,0.13591379554530972,124.82470784641069,50.164474257621144
6,0.7,715,0.13591379554530972,125.06677796327212,50.084112619819294
6,0.7,715,0.13591379554530972,125.30884808013356,50.003459567114106
6,0.7,715,0.13591379554530972,125.550918196995,49.9225389669837
6,0.7,715,0.13591379554530972,125.79298831385643,49.84137454446108
6,0.7,715,0.13591379554530972,126.03505843071787,49.759989881004905
6,0.7,715,0.13591379554530972,126.2771285475793,49.67840841348159
6,0.7,715,0.13591379554530972,126.51919866444074,49.5966534332576
6,0.7,715,0.13591379554530972,126.76126878130218,49.51474808540036
6,0.7,715,0.13591379554530972,127.0033388981636,49.432715367987285
6,0.7,715,0.13591379554530972,127.24540901502505,49.350578131520926
6,0.7,715,0.13591379554530972,127.48747913188647,49.2683590784505
6,0.7,715,0.13591379554530972,127.72954924874792,49.18608076279666
6,0.7,715,0.13591379554530972,127.97161936560936,49.10376558988032
6,0.7,715,0.13591379554530972,128.21368948247078,49.02143581615297
6,0.7,715,0.13591379554530972,128.45575959933223,48.939113549127924
6,0.7,715,0.13591379554530972,128.69782971619367,48.856820747411284
6,0.7,715,0.13591379554530972,128.9398998330551,48.77457922083142
6,0.7,715,0.13591379554530972,129.18196994991655,48.692410630665535
6,0.7,715,0.13591379554530972,129.42404006677796,48.6103364899625
6,0.7,715,0.13591379554530972,129.6661101836394,48.52837816396077
6,0.7,715,0.13591379554530972,129.90818030050082,48.44655687059994
6,0.7,715,0.13591379554530972,130.15025041736226,48.36489368112499
6,0.7,715,0.13591379554530972,130.3923205342237,48.283409520782044
6,0.7,715,0.13591379554530972,130.63439065108514,48.20212516960476
6,0.7,715,0.13591379554530972,130.87646076794658,48.12106126328941
6,0.7,715,0.13591379554530972,131.11853088480802,48.04023829415869
6,0.7,715,0.13591379554530972,131.36060100166947,47.959676612212164
6,0.7,715,0.13591379554530972,131.6026711185309,47.87939642626286
6,0.7,715,0.13591379554530972,131.84474123539232,47.799417805158555
6,0.7,715,0.13591379554530972,132.08681135225376,47.71976067908699
6,0.7,715,0.13591379554530972,132.32888146911517,47.64044484096375
6,0.7,715,0.13591379554530972,132.57095158597662,47.56148994790191
6,0.7,715,0.13591379554530972,132.81302170283806,47.48291552276243
6,0.7,715,0.13591379554530972,133.0550918196995,47.40474095578391
6,0.7,715,0.13591379554530972,133.29716193656094,47.32698550629174
6,0.7,715,0.13591379554530972,133.53923205342238,47.2496683044843
6,0.7,715,0.13591379554530972,133.7813021702838,47.17280835329652
6,0.7,715,0.13591379554530972,134.02337228714524,47.096424530339
6,0.7,715,0.13591379554530972,134.26544240400668,47.02053558991259
6,0.7,715,0.13591379554530972,134.50751252086812,46.945160165096695
6,0.7,715,0.13591379554530972,134.74958263772956,46.870316769911206
6,0.7,715,0.13591379554530972,134.99165275459097,46.7960238015508
6,0.7,715,0.13591379554530972,135.23372287145241,46.72230248391264
6,0.7,715,0.13591379554530972,135.47579298831386,46.64918693796968
6,0.7,715,0.13591379554530972,135.7178631051753,46.57671468175295
6,0.7,715,0.13591379554530972,135.95993322203674,46.504923007236066
6,0.7,715,0.13591379554530972,136.20200333889815,46.43384898574819
6,0.7,715,0.13591379554530972,136.4440734557596,46.3635294738174
6,0.7,715,0.13591379554530972,136.68614357262103,46.294001119307396
6,0.7,715,0.13591379554530972,136.92821368948248,46.22530036784559
6,0.7,715,0.13591379554530972,137.17028380634392,46.157463469538996
6,0.7,715,0.13591379554530972,137.41235392320533,46.09052648597606
6,0.7,715,0.13591379554530972,137.65442404006677,46.02452529751242
6,0.7,715,0.13591379554530972,137.8964941569282,45.9594956108377
6,0.7,715,0.13591379554530972,138.13856427378965,45.89547296682252
6,0.7,715,0.13591379554530972,138.3806343906511,45.8324927486429
6,0.7,715,0.13591379554530972,138.6227045075125,45.7705901901814
6,0.7,715,0.13591379554530972,138.86477462437395,45.70980038470297
6,0.7,715,0.13591379554530972,139.1068447412354,45.650158293804964
6,0.7,715,0.13591379554530972,139.34891485809683,45.59169875663982
6,0.7,715,0.13591379554530972,139.59098497495827,45.53445649940984
6,0.7,715,0.13591379554530972,139.8330550918197,45.478466145133865
6,0.7,715,0.13591379554530972,140.07512520868113,45.42376222368485
6,0.7,715,0.13591379554530972,140.31719532554257,45.37037918209905
6,0.7,715,0.13591379554530972,140.559265442404,45.318351395156306
6,0.7,715,0.13591379554530972,140.80133555926545,45.267713176232014
6,0.7,715,0.13591379554530972,141.04340567612687,45.218498788421854
6,0.7,715,0.13591379554530972,141.2854757929883,45.170742455939184
6,0.7,715,0.13591379554530972,141.52754590984975,45.1244783757874
6,0.7,715,0.13591379554530972,141.7696160267112,45.07974072970767
6,0.7,715,0.13591379554530972,142.01168614357263,45.036563696404464
6,0.7,715,0.13591379554530972,142.25375626043405,44.994981464050326
6,0.7,715,0.13591379554530972,142.4958263772955,44.95502824307221
6,0.7,715,0.13591379554530972,142.73789649415693,44.916738279222464
6,0.7,715,0.13591379554530972,142.97996661101837,44.88014586693637
6,0.7,715,0.13591379554530972,143.2220367278798,44.84528536298001
6,0.7,715,0.13591379554530972,143.46410684474122,44.81219120039196
6,0.7,715,0.13591379554530972,143.70617696160267,44.78089790272218
6,0.7,715,0.13591379554530972,143.9482470784641,44.75144009857229
6,0.7,715,0.13591379554530972,144.19031719532555,44.72385253644225
6,0.7,715,0.13591379554530972,144.432387312187,44.69817009988724
6,0.7,715,0.13591379554530972,144.6744574290484,44.67442782299076
6,0.7,715,0.13591379554530972,144.91652754590984,44.65266090615899
6,0.7,715,0.13591379554530972,145.15859766277129,44.632904732242515
6,0.7,715,0.13591379554530972,145.40066777963273,44.615194882991396
6,0.7,715,0.13591379554530972,145.64273789649417,44.59956715585056
6,0.7,715,0.13591379554530972,145.88480801335558,44.586057581102494
6,0.7,715,0.13591379554530972,146.12687813021702,44.574702439364444
6,0.7,715,0.13591379554530972,146.36894824707846,44.565538279448376
6,0.7,715,0.13591379554530972,146.6110183639399,44.55860193659188
6,0.7,715,0.13591379554530972,146.85308848080135,44.553930551068675
6,0.7,715,0.13591379554530972,147.09515859766276,44.551561587188324
6,0.7,715,0.13591379554530972,147.3372287145242,44.55153285269423
6,0.7,715,0.13591379554530972,147.57929883138564,44.5538825185708
6,0.7,715,0.13591379554530972,147.82136894824708,44.55864913927016
6,0.7,715,0.13591379554530972,148.06343906510853,44.565871673369564
6,0.7,715,0.13591379554530972,148.30550918196994,44.57558950467121
6,0.7,715,0.13591379554530972,148.54757929883138,44.58784246375713
6,0.7,715,0.13591379554530972,148.78964941569282,44.602670850011556
6,0.7,715,0.13591379554530972,149.03171953255426,44.620115454124296
6,0.7,715,0.13591379554530972,149.2737896494157,44.640217581089445
6,0.7,715,0.13591379554530972,149.51585976627712,44.66301907371339
6,0.7,715,0.13591379554530972,149.75792988313856,44.688562336648396
6,0.7,715,0.13591379554530972,150.0,44.71689036096651
7,0.84,805,0.16105986964758123,5.0,0.0
7,0.84,805,0.16105986964758123,5.242070116861436,0.0
7,0.84,805,0.16105986964758123,5.484140233722871,0.0
7,0.84,805,0.16105986964758123,5.726210350584307,0.0
7,0.84,805,0.16105986964758123,5.968280467445743,0.0
7,0.84,805,0.16105986964758123,6.210350584307179,0.0
7,0.84,805,0.16105986964758123,6.452420701168615,0.0
7,0.84,805,0.16105986964758123,6.69449081803005,0.0
7,0.84,805,0.16105986964758123,6.936560934891486,0.0
7,0.84,805,0.16105986964758123,7.178631051752921,0.0
7,0.84,805,0.16105986964758123,7.420701168614357,0.0
7,0.84,805,0.16105986964758123,7.6627712854757934,0.0
7,0.84,805,0.16105986964758123,7.904841402337229,0.0
7,0.84,805,0.16105986964758123,8.146911519198664,0.0
7,0.84,805,0.16105986964758123,8.3889816360601,0.0
7,0.84,805,0.16105986964758123,8.631051752921536,0.0
7,0.84,805,0.16105986964758123,8.873121869782972,0.0
7,0.84,805,0.16105986964758123,9.115191986644408,0.0
7,0.84,805,0.16105986964758123,9.357262103505843,0.0
7,0.84,805,0.16105986964758123,9.599332220367279,0.0
7,0.84,805,0.16105986964758123,9.841402337228715,0.0
7,0.84,805,0.16105986964758123,10.083472454090149,0.0
7,0.84,805,0.16105986964758123,10.325542570951587,0.0
7,0.84,805,0.16105986964758123,10.567612687813021,0.0
7,0.84,805,0.16105986964758123,10.809682804674457,0.0
7,0.84,805,0.16105986964758123,11.051752921535893,0.0
7,0.84,805,0.16105986964758123,11.293823038397328,0.0
7,0.84,805,0.16105986964758123,11.535893155258766,0.0
7,0.84,805,0.16105986964758123,11.7779632721202,0.0
7,0.84,805,0.16105986964758123,12.020033388981636,0.0
7,0.84,805,0.16105986964758123,12.262103505843072,0.0
7,0.84,805,0.16105986964758123,12.504173622704506,0.0
7,0.84,805,0.16105986964758123,12.746243739565944,0.0
7,0.84,805,0.16105986964758123,12.988313856427379,0.0
7,0.84,805,0.16105986964758123,13.230383973288815,0.0
7,0.84,805,0.16105986964758123,13.47245409015025,0.0
7,0.84,805,0.16105986964758123,13.714524207011687,0.0
7,0.84,805,0.16105986964758123,13.956594323873121,0.0
7,0.84,805,0.16105986964758123,14.198664440734557,0.0
7,0.84,805,0.16105986964758123,14.440734557595993,0.6190683036535941
7,0.84,805,0.16105986964758123,14.68280467445743,1.1410367238043218
7,0.84,805,0.16105986964758123,14.924874791318866,1.624603276271054
7,0.84,805,0.16105986964758123,15.1669449081803,2.1036314690631435
7,0.84,805,0.16105986964758123,15.409015025041736,2.5831243603319374
7,0.84,805,0.16105986964758123,15.651085141903172,3.064452427968585
7,0.84,805,0.16105986964758123,15.893155258764608,3.5505475671318476
7,0.84,805,0.16105986964758123,16.135225375626042,4.047506890375493
7,0.84,805,0.16105986964758123,16.377295492487477,4.559829841114311
7,0.84,805,0.16105986964758123,16.619365609348915,5.088676482175635
7,0.84,805,0.16105986964758123,16.861435726210352,5.63534097309815
7,0.84,805,0.16105986964758123,17.103505843071787,6.20156182709364
7,0.84,805,0.16105986964758123,17.34557595993322,6.789666075847925
7,0.84,805,0.16105986964758123,17.587646076794655,7.4026965786542185
7,0.84,805,0.16105986964758123,17.829716193656093,8.04453596162784
7,0.84,805,0.16105986964758123,18.07178631051753,8.72002303323537
7,0.84,805,0.16105986964758123,18.313856427378965,9.433854580588493
7,0.84,805,0.16105986964758123,18.5559265442404,10.189289354694491
7,0.84,805,0.16105986964758123,18.797996661101834,10.989630235142204
7,0.84,805,0.16105986964758123,19.040066777963272,11.838437072931042
7,0.84,805,0.16105986964758123,19.28213689482471,12.739561103134783
7,0.84,805,0.16105986964758123,19.524207011686144,13.69718132965085
7,0.84,805,0.16105986964758123,19.76627712854758,14.715843604831312
7,0.84,805,0.16105986964758123,20.008347245409013,15.800503054079275
7,0.84,805,0.16105986964758123,20.25041736227045,16.955681374431638
7,0.84,805,0.16105986964758123,20.49248747913189,18.182708728869056
7,0.84,805,0.16105986964758123,20.734557595993323,19.4813592263104
7,0.84,805,0.16105986964758123,20.976627712854757,20.85031222766974
7,0.84,805,0.16105986964758123,21.218697829716195,22.286978701809097
7,0.84,805,0.16105986964758123,21.46076794657763,23.787324889734002
7,0.84,805,0.16105986964758123,21.702838063439064,25.345699191150576
7,0.84,805,0.16105986964758123,21.9449081803005,26.954669452130876
7,0.84,805,0.16105986964758123,22.186978297161936,28.605388293349165
7,0.84,805,0.16105986964758123,22.429048414023374,30.29144596967809
7,0.84,805,0.16105986964758123,22.671118530884808,32.00765013964823
7,0.84,805,0.16105986964758123,22.913188647746242,33.74828356542899
7,0.84,805,0.16105986964758123,23.15525876460768,35.507105751241404
7,0.84,805,0.16105986964758123,23.397328881469114,37.27737359785067
7,0.84,805,0.16105986964758123,23.639398998330552,39.05186903097597
7,0.84,805,0.16105986964758123,23.881469115191987,40.82293374331608
7,0.84,805,0.16105986964758123,24.12353923205342,42.58258239931605
7,0.84,805,0.16105986964758123,24.36560934891486,44.3241190045638
7,0.84,805,0.16105986964758123,24.607679465776293,46.04246206008771
7,0.84,805,0.16105986964758123,24.84974958263773,47.73286030534501
7,0.84,805,0.16105986964758123,25.091819699499165,49.39086843186683
7,0.84,805,0.16105986964758123,25.3338898163606,51.012378766148274
7,0.84,805,0.16105986964758123,25.575959933222038,52.59364834414436
7,0.84,805,0.16105986964758123,25.818030050083472,54.131321269932975
7,0.84,805,0.16105986964758123,26.06010016694491,55.62243625122732
7,0.84,805,0.16105986964758123,26.302170283806344,57.06317511965981
7,0.84,805,0.16105986964758123,26.54424040066778,58.44747549423716
7,0.84,805,0.16105986964758123,26.786310517529216,59.76906075134029
7,0.84,805,0.16105986964758123,27.02838063439065,61.02175669209445
7,0.84,805,0.16105986964758123,27.27045075125209,62.19953679597635
7,0.84,805,0.16105986964758123,27.512520868113523,63.29656804156817
7,0.84,805,0.16105986964758123,27.754590984974957,64.3072568500685
7,0.84,805,0.16105986964758123,27.996661101836395,65.22629468469684
7,0.84,805,0.16105986964758123,28.23873121869783,66.05027425028784
7,0.84,805,0.16105986964758123,28.480801335559267,66.78285408266832
7,0.84,805,0.16105986964758123,28.7228714524207,67.43014675577788
7,0.84,805,0.16105986964758123,28.964941569282136,67.99895663608675
7,0.84,805,0.16105986964758123,29.207011686143574,68.49668287589981
7,0.84,805,0.16105986964758123,29.449081803005008,68.93122780020757
7,0.84,805,0.16105986964758123,29.691151919866446,69.31091247699604
7,0.84,805,0.16105986964758123,29.93322203672788,69.64440096945359
7,0.84,805,0.16105986964758123,30.175292153589314,69.94016392764979
7,0.84,805,0.16105986964758123,30.417362270450752,70.20240094574028
7,0.84,805,0.16105986964758123,30.659432387312187,70.43293613629913
7,0.84,805,0.16105986964758123,30.901502504173624,70.63363046693325
7,0.84,805,0.16105986964758123,31.14357262103506,70.8063993105022
7,0.84,805,0.16105986964758123,31.385642737896493,70.95320453561975
7,0.84,805,0.16105986964758123,31.62771285475793,71.07604708118788
7,0.84,805,0.16105986964758123,31.869782971619365,71.17696004767492
7,0.84,805,0.16105986964758123,32.1118530884808,71.25800233233404
7,0.84,805,0.16105986964758123,32.35392320534224,71.3212528304129
7,0.84,805,0.16105986964758123,32.59599332220367,71.36880521967305
7,0.84,805,0.16105986964758123,32.83806343906511,71.40276334123749
7,0.84,805,0.16105986964758123,33.080133555926544,71.42523718594933
7,0.84,805,0.16105986964758123,33.32220367278798,71.43833949206787
7,0.84,805,0.16105986964758123,33.56427378964942,71.44418295725364
7,0.84,805,0.16105986964758123,33.80634390651085,71.44487806542631
7,0.84,805,0.16105986964758123,34.04841402337229,71.44253152719729
7,0.84,805,0.16105986964758123,34.29048414023372,71.4392453312008
7,0.84,805,0.16105986964758123,34.53255425709516,71.43711640276237
7,0.84,805,0.16105986964758123,34.7746243739566,71.438236865947
7,0.84,805,0.16105986964758123,35.016694490818026,71.44469475778872
7,0.84,805,0.16105986964758123,35.25876460767947,71.45802749855521
7,0.84,805,0.16105986964758123,35.5008347245409,71.47798635328594
7,0.84,805,0.16105986964758123,35.742904841402336,71.50395760803798
7,0.84,805,0.16105986964758123,35.98497495826378,71.53532463361742
7,0.84,805,0.16105986964758123,36.227045075125204,71.57146754638963
7,0.84,805,0.16105986964758123,36.469115191986646,71.61176291056975
7,0.84,805,0.16105986964758123,36.71118530884808,71.65558348364057
7,0.84,805,0.16105986964758123,36.953255425709514,71.70229800652365
7,0.84,805,0.16105986964758123,37.19532554257095,71.75127104010615
7,0.84,805,0.16105986964758123,37.43739565943239,71.80186284970208
7,0.84,805,0.16105986964758123,37.679465776293824,71.85342933899427
7,0.84,805,0.16105986964758123,37.92153589315526,71.90532203497102
7,0.84,805,0.16105986964758123,38.16360601001669,71.95688812532319
7,0.84,805,0.16105986964758123,38.40567612687813,72.00747054972463
7,0.84,805,0.16105986964758123,38.64774624373957,72.05640814635053
7,0.84,805,0.16105986964758123,38.889816360601,72.10303585492503
7,0.84,805,0.16105986964758123,39.13188647746244,72.14668497750456
7,0.84,805,0.16105986964758123,39.37395659432387,72.18668349811189
7,0.84,805,0.16105986964758123,39.616026711185306,72.22235646222983
7,0.84,805,0.16105986964758123,39.85809682804675,72.25302641704515
7,0.84,805,0.16105986964758123,40.10016694490818,72.27801886045106
7,0.84,805,0.16105986964758123,40.342237061769616,72.29683544011105
7,0.84,805,0.16105986964758123,40.58430717863105,72.30919961877113
7,0.84,805,0.16105986964758123,40.826377295492485,72.31484880895272
7,0.84,805,0.16105986964758123,41.068447412353926,72.31352060689139
7,0.84,805,0.16105986964758123,41.31051752921536,72.30495309572258
7,0.84,805,0.16105986964758123,41.552587646076795,72.28888515687736
7,0.84,805,0.16105986964758123,41.79465776293823,72.2650567896287
7,0.84,805,0.16105986964758123,42.03672787979966,72.23320943869132
7,0.84,805,0.16105986964758123,42.278797996661105,72.19308632973508
7,0.84,805,0.16105986964758123,42.52086811352254,72.14443281263245
7,0.84,805,0.16105986964758123,42.76293823038397,72.08699671221943
7,0.84,805,0.16105986964758123,43.00500834724541,72.02052868630736
7,0.84,805,0.16105986964758123,43.24707846410684,71.94478259063959
7,0.84,805,0.16105986964758123,43.48914858096828,71.85951585044928
7,0.84,805,0.16105986964758123,43.73121869782972,71.76448983822763
7,0.84,805,0.16105986964758123,43.97328881469115,71.65947025727249
7,0.84,805,0.16105986964758123,44.215358931552586,71.54422753054469
7,0.84,805,0.16105986964758123,44.45742904841402,71.41853719431703
7,0.84,805,0.16105986964758123,44.69949916527546,71.28218029605843
7,0.84,805,0.16105986964758123,44.941569282136896,71.13494379595646
7,0.84,805,0.16105986964758123,45.18363939899833,70.97669088339684
7,0.84,805,0.16105986964758123,45.425709515859765,70.80788069911527
7,0.84,805,0.16105986964758123,45.6677796327212,70.62926861214704
7,0.84,805,0.16105986964758123,45.90984974958264,70.44160885437496
7,0.84,805,0.16105986964758123,46.151919866444075,70.24565133902705
7,0.84,805,0.16105986964758123,46.39398998330551,70.0421408135342
7,0.84,805,0.16105986964758123,46.636060100166944,69.83181608930853
7,0.84,805,0.16105986964758123,46.87813021702838,69.61540934785192
7,0.84,805,0.16105986964758123,47.12020033388982,69.39364552240657
7,0.84,805,0.16105986964758123,47.362270450751254,69.16724175418321
7,0.84,805,0.16105986964758123,47.60434056761269,68.93690692204456
7,0.84,805,0.16105986964758123,47.84641068447412,68.70334124439103
7,0.84,805,0.16105986964758123,48.08848080133556,68.46723595187677
7,0.84,805,0.16105986964758123,48.330550918197,68.22927302949317
7,0.84,805,0.16105986964758123,48.57262103505843,67.99012502648203
7,0.84,805,0.16105986964758123,48.81469115191987,67.75045493248224
7,0.84,805,0.16105986964758123,49.0567612687813,67.5109161182793
7,0.84,805,0.16105986964758123,49.298831385642735,67.27215233950588
7,0.84,805,0.16105986964758123,49.54090150250418,67.03479780163804
7,0.84,805,0.16105986964758123,49.78297161936561,66.79947728464693
7,0.84,805,0.16105986964758123,50.025041736227045,66.56680629381451
7,0.84,805,0.16105986964758123,50.26711185308848,66.33735290163213
7,0.84,805,0.16105986964758123,50.509181969949914,66.111564336475
7,0.84,805,0.16105986964758123,50.751252086811355,65.88986093118206
7,0.84,805,0.16105986964758123,50.99332220367279,65.6726572229552
7,0.84,805,0.16105986964758123,51.235392320534224,65.46036225372815
7,0.84,805,0.16105986964758123,51.47746243739566,65.25337989539558
7,0.84,805,0.16105986964758123,51.71953255425709,65.05210919937554
7,0.84,805,0.16105986964758123,51.961602671118534,64.85694477003968
7,0.84,805,0.16105986964758123,52.20367278797997,64.6682771616147
7,0.84,805,0.16105986964758123,52.4457429048414,64.486493298228
7,0.84,805,0.16105986964758123,52.68781302170284,64.31197691684477
7,0.84,805,0.16105986964758123,52.92988313856427,64.14510903292229
7,0.84,805,0.16105986964758123,53.17195325542571,63.986268428690735
7,0.84,805,0.16105986964758123,53.41402337228715,63.835832164053095
7,0.84,805,0.16105986964758123,53.65609348914858,63.69417611018922
7,0.84,805,0.16105986964758123,53.898163606010016,63.56167550604132
7,0.84,805,0.16105986964758123,54.14023372287145,63.438705537957645
7,0.84,805,0.16105986964758123,54.38230383973289,63.32564194287162
7,0.84,805,0.16105986964758123,54.624373956594326,63.222861635502106
7,0.84,805,0.16105986964758123,54.86644407345576,63.13074336017078
7,0.84,805,0.16105986964758123,55.108514190317194,63.04965624889345
7,0.84,805,0.16105986964758123,55.35058430717863,62.97961288964381
7,0.84,805,0.16105986964758123,55.59265442404007,62.920219737284164
7,0.84,805,0.16105986964758123,55.834724540901504,62.87106736271269
7,0.84,805,0.16105986964758123,56.07679465776294,62.83175242767347
7,0.84,805,0.16105986964758123,56.31886477462437,62.801877065703884
7,0.84,805,0.16105986964758123,56.56093489148581,62.78104829148015
7,0.84,805,0.16105986964758123,56.80300500834725,62.76887743757499
7,0.84,805,0.16105986964758123,57.04507512520868,62.764979617743556
7,0.84,805,0.16105986964758123,57.28714524207012,62.76897321594627
7,0.84,805,0.16105986964758123,57.52921535893155,62.78047940040981
7,0.84,805,0.16105986964758123,57.771285475792986,62.79912166210833
7,0.84,805,0.16105986964758123,58.01335559265443,62.824525377131415
7,0.84,805,0.16105986964758123,58.25542570951586,62.856317392476726
7,0.84,805,0.16105986964758123,58.497495826377296,62.89412563487977
7,0.84,805,0.16105986964758123,58.73956594323873,62.93757874235862
7,0.84,805,0.16105986964758123,58.981636060100165,62.98630571821486
7,0.84,805,0.16105986964758123,59.223706176961606,63.039935607291675
7,0.84,805,0.16105986964758123,59.46577629382304,63.09809719434529
7,0.84,805,0.16105986964758123,59.707846410684475,63.16041872443708
7,0.84,805,0.16105986964758123,59.94991652754591,63.22652764530252
7,0.84,805,0.16105986964758123,60.19198664440734,63.29605334875755
7,0.84,805,0.16105986964758123,60.434056761268785,63.36864651562295
7,0.84,805,0.16105986964758123,60.67612687813022,63.44396681389071
7,0.84,805,0.16105986964758123,60.91819699499165,63.52167253867619
7,0.84,805,0.16105986964758123,61.16026711185309,63.601420421980606
7,0.84,805,0.16105986964758123,61.40233722871452,63.682865513641715
7,0.84,805,0.16105986964758123,61.644407345575964,63.765661080828245
7,0.84,805,0.16105986964758123,61.8864774624374,63.84945852624897
7,0.84,805,0.16105986964758123,62.12854757929883,63.9339073252553
7,0.84,805,0.16105986964758123,62.37061769616027,64.01865498203087
7,0.84,805,0.16105986964758123,62.6126878130217,64.10334700506826
7,0.84,805,0.16105986964758123,62.85475792988314,64.18762690213676
7,0.84,805,0.16105986964758123,63.09682804674458,64.27113619495051
7,0.84,805,0.16105986964758123,63.33889816360601,64.35351445373936
7,0.84,805,0.16105986964758123,63.580968280467445,64.43439935192904
7,0.84,805,0.16105986964758123,63.82303839732888,64.51342674111989
7,0.84,805,0.16105986964758123,64.06510851419031,64.59023074655325
7,0.84,805,0.16105986964758123,64.30717863105176,64.6644438832325
7,0.84,805,0.16105986964758123,64.5492487479132,64.73569719285456
7,0.84,805,0.16105986964758123,64.79131886477462,64.80362040168407
7,0.84,805,0.16105986964758123,65.03338898163605,64.86784219761991
7,0.84,805,0.16105986964758123,65.27545909849749,64.92804509714938
7,0.84,805,0.16105986964758123,65.51752921535893,64.98405697036196
7,0.84,805,0.16105986964758123,65.75959933222038,65.0357298465721
7,0.84,805,0.16105986964758123,66.0016694490818,65.08291607334995
7,0.84,805,0.16105986964758123,66.24373956594323,65.12546841460812
7,0.84,805,0.16105986964758123,66.48580968280467,65.16324015175928
7,0.84,805,0.16105986964758123,66.72787979966611,65.19608518789194
7,0.84,805,0.16105986964758123,66.96994991652755,65.22385815490694
7,0.84,805,0.16105986964758123,67.21202003338898,65.24641452354902
7,0.84,805,0.16105986964758123,67.45409015025041,65.26361071626316
7,0.84,805,0.16105986964758123,67.69616026711185,65.2753042227969
7,0.84,805,0.16105986964758123,67.93823038397329,65.2813537184652
7,0.84,805,0.16105986964758123,68.18030050083473,65.28161918498486
7,0.84,805,0.16105986964758123,68.42237061769616,65.27596203378106
7,0.84,805,0.16105986964758123,68.66444073455759,65.26424523166045
7,0.84,805,0.16105986964758123,68.90651085141903,65.24633342873665
7,0.84,805,0.16105986964758123,69.14858096828047,65.22209308849003
7,0.84,805,0.16105986964758123,69.3906510851419,65.19139261983348
7,0.84,805,0.16105986964758123,69.63272120200334,65.15410251104892
7,0.84,805,0.16105986964758123,69.87479131886478,65.11009546545502
7,0.84,805,0.16105986964758123,70.11686143572621,65.05925344560517
7,0.84,805,0.16105986964758123,70.35893155258765,65.00163322755232
7,0.84,805,0.16105986964758123,70.60100166944908,64.9374735996217
7,0.84,805,0.16105986964758123,70.84307178631052,64.86702289925414
7,0.84,805,0.16105986964758123,71.08514190317196,64.79053027678226
7,0.84,805,0.16105986964758123,71.32721202003339,64.7082454697397
7,0.84,805,0.16105986964758123,71.56928213689483,64.62041858596825
7,0.84,805,0.16105986964758123,71.81135225375625,64.52729989565363
7,0.84,805,0.16105986964758123,72.0534223706177,64.429139632398
7,0.84,805,0.16105986964758123,72.29549248747914,64.32618780341694
7,0.84,805,0.16105986964758123,72.53756260434056,64.2186940089292
7,0.84,805,0.16105986964758123,72.779632721202,64.10690727078894
7,0.84,805,0.16105986964758123,73.02170283806343,63.99107587039133
7,0.84,805,0.16105986964758123,73.26377295492487,63.87144719586685
7,0.84,805,0.16105986964758123,73.50584307178632,63.74826759856218
7,0.84,805,0.16105986964758123,73.74791318864774,63.62178225879101
7,0.84,805,0.16105986964758123,73.98998330550918,63.49223506082518
7,0.84,805,0.16105986964758123,74.23205342237061,63.35986847708078
7,0.84,805,0.16105986964758123,74.47412353923205,63.22492346144429
7,0.84,805,0.16105986964758123,74.7161936560935,63.087639351671164
7,0.84,805,0.16105986964758123,74.95826377295492,62.94825378077855
7,0.84,805,0.16105986964758123,75.20033388981636,62.80701000557587
7,0.84,805,0.16105986964758123,75.44240400667779,62.66419939580036
7,0.84,805,0.16105986964758123,75.68447412353923,62.52013157413059
7,0.84,805,0.16105986964758123,75.92654424040067,62.375113527504475
7,0.84,805,0.16105986964758123,76.1686143572621,62.22944948772518
7,0.84,805,0.16105986964758123,76.41068447412354,62.08344089411641
7,0.84,805,0.16105986964758123,76.65275459098497,61.93738637085736
7,0.84,805,0.16105986964758123,76.89482470784641,61.79158171876198
7,0.84,805,0.16105986964758123,77.13689482470785,61.64631992126357
7,0.84,805,0.16105986964758123,77.37896494156928,61.50189116436834
7,0.84,805,0.16105986964758123,77.62103505843072,61.35858287034106
7,0.84,805,0.16105986964758123,77.86310517529215,61.21667974489057
7,0.84,805,0.16105986964758123,78.10517529215359,61.07646383762855
7,0.84,805,0.16105986964758123,78.34724540901503,60.93821461558224
7,0.84,805,0.16105986964758123,78.58931552587646,60.80220904955004
7,0.84,805,0.16105986964758123,78.8313856427379,60.66872171309944
7,0.84,805,0.16105986964758123,79.07345575959933,60.53802489402136
7,0.84,805,0.16105986964758123,79.31552587646077,60.41038871806405
7,0.84,805,0.16105986964758123,79.55759599332221,60.28608128479017
7,0.84,805,0.16105986964758123,79.79966611018364,60.165368815413956
7,0.84,805,0.16105986964758123,80.04173622704508,60.04851535646876
7,0.84,805,0.16105986964758123,80.2838063439065,59.935642111362306
7,0.84,805,0.16105986964758123,80.52587646076795,59.82652980389448
7,0.84,805,0.16105986964758123,80.76794657762939,59.72091114193853
7,0.84,805,0.16105986964758123,81.01001669449082,59.61852119334567
7,0.84,805,0.16105986964758123,81.25208681135226,59.51909724270142
7,0.84,805,0.16105986964758123,81.49415692821368,59.422378659796635
7,0.84,805,0.16105986964758123,81.73622704507513,59.32810677962205
7,0.84,805,0.16105986964758123,81.97829716193657,59.23602479371388
7,0.84,805,0.16105986964758123,82.220367278798,59.145877652688505
7,0.84,805,0.16105986964758123,82.46243739565944,59.05741197981816
7,0.84,805,0.16105986964758123,82.70450751252086,58.97037599551028
7,0.84,805,0.16105986964758123,82.9465776293823,58.884519452561136
7,0.84,805,0.16105986964758123,83.18864774624375,58.79959358206464
7,0.84,805,0.16105986964758123,83.43071786310517,58.7153510498625
7,0.84,805,0.16105986964758123,83.67278797996661,58.6315459234287
7,0.84,805,0.16105986964758123,83.91485809682804,58.5479336490839
7,0.84,805,0.16105986964758123,84.15692821368948,58.464271039441485
7,0.84,805,0.16105986964758123,84.39899833055092,58.38031627098603
7,0.84,805,0.16105986964758123,84.64106844741235,58.29582889168719
7,0.84,805,0.16105986964758123,84.88313856427379,58.21056983855171
7,0.84,805,0.16105986964758123,85.12520868113522,58.12430323916158
7,0.84,805,0.16105986964758123,85.36727879799666,58.03683228960919
7,0.84,805,0.16105986964758123,85.6093489148581,57.94799736018676
7,0.84,805,0.16105986964758123,85.85141903171953,57.85764133643364
7,0.84,805,0.16105986964758123,86.09348914858097,57.76560821494105
7,0.84,805,0.16105986964758123,86.3355592654424,57.67174314795017
7,0.84,805,0.16105986964758123,86.57762938230384,57.57589249209378
7,0.84,805,0.16105986964758123,86.81969949916528,57.47790386121668
7,0.84,805,0.16105986964758123,87.06176961602671,57.377626183206175
7,0.84,805,0.16105986964758123,87.30383973288815,57.27490976075817
7,0.84,805,0.16105986964758123,87.54590984974958,57.16960633600263
7,0.84,805,0.16105986964758123,87.78797996661102,57.061569158904824
7,0.84,805,0.16105986964758123,88.03005008347246,56.95065305935465
7,0.84,805,0.16105986964758123,88.27212020033389,56.83671452285211
7,0.84,805,0.16105986964758123,88.51419031719533,56.71961176968936
7,0.84,805,0.16105986964758123,88.75626043405676,56.59920483752518
7,0.84,805,0.16105986964758123,88.9983305509182,56.47535566724308
7,0.84,805,0.16105986964758123,89.24040066777964,56.34792819197393
7,0.84,805,0.16105986964758123,89.48247078464107,56.21678842916266
7,0.84,805,0.16105986964758123,89.72454090150251,56.08180457554906
7,0.84,805,0.16105986964758123,89.96661101836393,55.94284710492505
7,0.84,805,0.16105986964758123,90.20868113522538,55.79985172661551
7,0.84,805,0.16105986964758123,90.45075125208682,55.65313699381604
7,0.84,805,0.16105986964758123,90.69282136894824,55.50316198578824
7,0.84,805,0.16105986964758123,90.93489148580969,55.35038201782039
7,0.84,805,0.16105986964758123,91.17696160267111,55.19524814170144
7,0.84,805,0.16105986964758123,91.41903171953255,55.03820694110978
7,0.84,805,0.16105986964758123,91.661101836394,54.87970036324943
7,0.84,805,0.16105986964758123,91.90317195325542,54.72016558615145
7,0.84,805,0.16105986964758123,92.14524207011686,54.56003492102427
7,0.84,805,0.16105986964758123,92.38731218697829,54.39973574901388
7,0.84,805,0.16105986964758123,92.62938230383973,54.23969049171386
7,0.84,805,0.16105986964758123,92.87145242070117,54.080316614757926
7,0.84,805,0.16105986964758123,93.1135225375626,53.92202666382356
7,0.84,805,0.16105986964758123,93.35559265442404,53.765228332379486
7,0.84,805,0.16105986964758123,93.59766277128547,53.61032456052218
7,0.84,805,0.16105986964758123,93.83973288814691,53.45771366426307
7,0.84,805,0.16105986964758123,94.08180300500835,53.30778949465357
7,0.84,805,0.16105986964758123,94.32387312186978,53.160941626165325
7,0.84,805,0.16105986964758123,94.56594323873122,53.01755557378005
7,0.84,805,0.16105986964758123,94.80801335559265,52.87801303828667
7,0.84,805,0.16105986964758123,95.05008347245409,52.74269142877958
7,0.84,805,0.16105986964758123,95.29215358931553,52.6118193043393
7,0.84,805,0.16105986964758123,95.53422370617696,52.485305799490085
7,0.84,805,0.16105986964758123,95.7762938230384,52.36301972557303
7,0.84,805,0.16105986964758123,96.01836393989983,52.24483186256858
7,0.84,805,0.16105986964758123,96.26043405676127,52.13061486831539
7,0.84,805,0.16105986964758123,96.50250417362271,52.020243191088746
7,0.84,805,0.16105986964758123,96.74457429048414,51.913592985439834
7,0.84,805,0.16105986964758123,96.98664440734558,51.8105420312038
7,0.84,805,0.16105986964758123,97.228714524207,51.71096965558939
7,0.84,805,0.16105986964758123,97.47078464106845,51.614756658267424
7,0.84,805,0.16105986964758123,97.71285475792989,51.5217852393803
7,0.84,805,0.16105986964758123,97.95492487479132,51.43193893039899
7,0.84,805,0.16105986964758123,98.19699499165276,51.34510252775837
7,0.84,805,0.16105986964758123,98.43906510851419,51.261162029205046
7,0.84,805,0.16105986964758123,98.68113522537563,51.180004572797216
7,0.84,805,0.16105986964758123,98.92320534223707,51.10151837849772
7,0.84,805,0.16105986964758123,99.1652754590985,51.02559269230666
7,0.84,805,0.16105986964758123,99.40734557595994,50.95211773288175
7,0.84,805,0.16105986964758123,99.64941569282136,50.880984640599934
7,0.84,805,0.16105986964758123,99.8914858096828,50.81208542901365
7,0.84,805,0.16105986964758123,100.13355592654425,50.74531381128408
7,0.84,805,0.16105986964758123,100.37562604340567,50.68058018194566
7,0.84,805,0.16105986964758123,100.61769616026712,50.61780947082444
7,0.84,805,0.16105986964758123,100.85976627712854,50.55692763253371
7,0.84,805,0.16105986964758123,101.10183639398998,50.4978611511716
7,0.84,805,0.16105986964758123,101.34390651085143,50.44053701478864
7,0.84,805,0.16105986964758123,101.58597662771285,50.384882690936394
7,0.84,805,0.16105986964758123,101.8280467445743,50.33082610328253
7,0.84,805,0.16105986964758123,102.07011686143572,50.278295609277485
7,0.84,805,0.16105986964758123,102.31218697829716,50.22721997885817
7,0.84,805,0.16105986964758123,102.5542570951586,50.17752837417656
7,0.84,805,0.16105986964758123,102.79632721202003,50.12915033034059
7,0.84,805,0.16105986964758123,103.03839732888147,50.08201573715563
7,0.84,805,0.16105986964758123,103.2804674457429,50.03605482185657
7,0.84,805,0.16105986964758123,103.52253756260434,49.99119813281923
7,0.84,805,0.16105986964758123,103.76460767946578,49.94737652424298
7,0.84,805,0.16105986964758123,104.00667779632721,49.90452114179467
7,0.84,805,0.16105986964758123,104.24874791318865,49.862563409206146
7,0.84,805,0.16105986964758123,104.49081803005008,49.82143501581739
7,0.84,805,0.16105986964758123,104.73288814691152,49.78106790505781
7,0.84,805,0.16105986964758123,104.97495826377296,49.741394263859355
7,0.84,805,0.16105986964758123,105.21702838063439,49.70234651299445
7,0.84,805,0.16105986964758123,105.45909849749583,49.66385729833297
7,0.84,805,0.16105986964758123,105.70116861435726,49.625859483012455
7,0.84,805,0.16105986964758123,105.9432387312187,49.58828614051628
7,0.84,805,0.16105986964758123,106.18530884808014,49.55107054865455
7,0.84,805,0.16105986964758123,106.42737896494157,49.51414618444277
7,0.84,805,0.16105986964758123,106.66944908180301,49.47744671987334
7,0.84,805,0.16105986964758123,106.91151919866444,49.440906018576335
7,0.84,805,0.16105986964758123,107.15358931552588,49.404458133363704
7,0.84,805,0.16105986964758123,107.39565943238732,49.36803730465389
7,0.84,805,0.16105986964758123,107.63772954924875,49.331577959771884
7,0.84,805,0.16105986964758123,107.87979966611019,49.295014713120864
7,0.84,805,0.16105986964758123,108.12186978297161,49.258282367221184
7,0.84,805,0.16105986964758123,108.36393989983306,49.22131591461246
7,0.84,805,0.16105986964758123,108.6060100166945,49.1840505406144
7,0.84,805,0.16105986964758123,108.84808013355592,49.14642162694245
7,0.84,805,0.16105986964758123,109.09015025041737,49.10836475617314
7,0.84,805,0.16105986964758123,109.3322203672788,49.069815717055185
7,0.84,805,0.16105986964758123,109.57429048414023,49.03071051066087
7,0.84,805,0.16105986964758123,109.81636060100168,48.99098535737344
7,0.84,805,0.16105986964758123,110.0584307178631,48.950576883701345
7,0.84,805,0.16105986964758123,110.30050083472455,48.90944556324381
7,0.84,805,0.16105986964758123,110.54257095158597,48.86759895148579
7,0.84,805,0.16105986964758123,110.78464106844741,48.82505015253441
7,0.84,805,0.16105986964758123,111.02671118530886,48.78181225611224
7,0.84,805,0.16105986964758123,111.26878130217028,48.737898335906685
7,0.84,805,0.16105986964758123,111.51085141903172,48.693321447951476
7,0.84,805,0.16105986964758123,111.75292153589315,48.64809462904089
7,0.84,805,0.16105986964758123,111.99499165275459,48.60223089517617
7,0.84,805,0.16105986964758123,112.23706176961603,48.555743240044954
7,0.84,805,0.16105986964758123,112.47913188647746,48.508644633532526
7,0.84,805,0.16105986964758123,112.7212020033389,48.460948020266365
7,0.84,805,0.16105986964758123,112.96327212020033,48.4126663181926
7,0.84,805,0.16105986964758123,113.20534223706177,48.363812417185095
7,0.84,805,0.16105986964758123,113.44741235392321,48.31439917768701
7,0.84,805,0.16105986964758123,113.68948247078464,48.26443942938477
7,0.84,805,0.16105986964758123,113.93155258764608,48.21394596991407
7,0.84,805,0.16105986964758123,114.17362270450751,48.162931563598505
7,0.84,805,0.16105986964758123,114.41569282136895,48.111408940219896
7,0.84,805,0.16105986964758123,114.65776293823039,48.05939079382125
7,0.84,805,0.16105986964758123,114.89983305509182,48.006889781541254
7,0.84,805,0.16105986964758123,115.14190317195326,47.95391852248084
7,0.84,805,0.16105986964758123,115.38397328881469,47.90048959660152
7,0.84,805,0.16105986964758123,115.62604340567613,47.846615543655446
7,0.84,805,0.16105986964758123,115.86811352253757,47.79230886214694
7,0.84,805,0.16105986964758123,116.110183639399,47.73758200832543
7,0.84,805,0.16105986964758123,116.35225375626044,47.6824473952098
7,0.84,805,0.16105986964758123,116.59432387312187,47.62691739164365
7,0.84,805,0.16105986964758123,116.8363939899833,47.571004321381984
7,0.84,805,0.16105986964758123,117.07846410684475,47.51472046220821
7,0.84,805,0.16105986964758123,117.32053422370618,47.45807804508229
7,0.84,805,0.16105986964758123,117.56260434056762,47.401089253319
7,0.84,805,0.16105986964758123,117.80467445742904,47.34376622179717
7,0.84,805,0.16105986964758123,118.04674457429049,47.28612103619827
7,0.84,805,0.16105986964758123,118.28881469115193,47.228165732275734
7,0.84,805,0.16105986964758123,118.53088480801335,47.16991229515378
7,0.84,805,0.16105986964758123,118.7729549248748,47.11137265865584
7,0.84,805,0.16105986964758123,119.01502504173622,47.052558704662545
7,0.84,805,0.16105986964758123,119.25709515859766,46.99348226249888
7,0.84,805,0.16105986964758123,119.4991652754591,46.9341551083504
7,0.84,805,0.16105986964758123,119.74123539232053,46.87458896470843
7,0.84,805,0.16105986964758123,119.98330550918197,46.8147954998435
7,0.84,805,0.16105986964758123,120.2253756260434,46.75478589310519
7,0.84,805,0.16105986964758123,120.46744574290484,46.69456913640458
7,0.84,805,0.16105986964758123,120.70951585976628,46.63415352454058
7,0.84,805,0.16105986964758123,120.95158597662771,46.5735473128981
7,0.84,805,0.16105986964758123,121.19365609348915,46.51275871735371
7,0.84,805,0.16105986964758123,121.43572621035058,46.45179591401843
7,0.84,805,0.16105986964758123,121.67779632721202,46.39066703899441
7,0.84,805,0.16105986964758123,121.91986644407346,46.32938018814511
7,0.84,805,0.16105986964758123,122.16193656093489,46.26794341687934
7,0.84,805,0.16105986964758123,122.40400667779633,46.20636473994848
7,0.84,805,0.16105986964758123,122.64607679465776,46.144652131257175
7,0.84,805,0.16105986964758123,122.8881469115192,46.082813523687264
7,0.84,805,0.16105986964758123,123.13021702838064,46.02085680893479
7,0.84,805,0.16105986964758123,123.37228714524207,45.958789837360115
7,0.84,805,0.16105986964758123,123.61435726210351,45.89662041785068
7,0.84,805,0.16105986964758123,123.85642737896494,45.834356317696944
7,0.84,805,0.16105986964758123,124.09849749582638,45.772005262480455
7,0.84,805,0.16105986964758123,124.34056761268782,45.70957493597494
7,0.84,805,0.16105986964758123,124.58263772954925,45.64707298005964
7,0.84,805,0.16105986964758123,124.82470784641069,45.58450699464468
7,0.84,805,0.16105986964758123,125.06677796327212,45.521884537609225
7,0.84,805,0.16105986964758123,125.30884808013356,45.45921312475112
7,0.84,805,0.16105986964758123,125.550918196995,45.396500229748824
7,0.84,805,0.16105986964758123,125.79298831385643,45.33375328413498
7,0.84,805,0.16105986964758123,126.03505843071787,45.27097967728194
7,0.84,805,0.16105986964758123,126.2771285475793,45.20818675639858
7,0.84,805,0.16105986964758123,126.51919866444074,45.14538182653899
7,0.84,805,0.16105986964758123,126.76126878130218,45.082572150622035
7,0.84,805,0.16105986964758123,127.0033388981636,45.01976494946263
7,0.84,805,0.16105986964758123,127.24540901502505,44.956967401813806
7,0.84,805,0.16105986964758123,127.48747913188647,44.89418664442006
7,0.84,805,0.16105986964758123,127.72954924874792,44.83142977208124
7,0.84,805,0.16105986964758123,127.97161936560936,44.76870383772769
7,0.84,805,0.16105986964758123,128.21368948247078,44.70601585250564
7,0.84,805,0.16105986964758123,128.45575959933223,44.64337278587324
7,0.84,805,0.16105986964758123,128.69782971619367,44.58078156570726
7,0.84,805,0.16105986964758123,128.9398998330551,44.51824907841981
7,0.84,805,0.16105986964758123,129.18196994991655,44.45578216908538
7,0.84,805,0.16105986964758123,129.42404006677796,44.393387641578
7,0.84,805,0.16105986964758123,129.6661101836394,44.33107225871838
7,0.84,805,0.16105986964758123,129.90818030050082,44.26884274243085
7,0.84,805,0.16105986964758123,130.15025041736226,44.20670577391002
7,0.84,805,0.16105986964758123,130.3923205342237,44.144667993797306
7,0.84,805,0.16105986964758123,130.63439065108514,44.08273600236675
7,0.84,805,0.16105986964758123,130.87646076794658,44.020916359720324
7,0.84,805,0.16105986964758123,131.11853088480802,43.95921558599263
7,0.84,805,0.16105986964758123,131.36060100166947,43.89764016156474
7,0.84,805,0.16105986964758123,131.6026711185309,43.83619652728724
7,0.84,805,0.16105986964758123,131.84474123539232,43.77489108471207
7,0.84,805,0.16105986964758123,132.08681135225376,43.71373019633348
7,0.84,805,0.16105986964758123,132.32888146911517,43.65272018583762
7,0.84,805,0.16105986964758123,132.57095158597662,43.59186733836101
7,0.84,805,0.16105986964758123,132.81302170283806,43.531177900757406
7,0.84,805,0.16105986964758123,133.0550918196995,43.470658081873175
7,0.84,805,0.16105986964758123,133.29716193656094,43.410314052831275
7,0.84,805,0.16105986964758123,133.53923205342238,43.350151947323205
7,0.84,805,0.16105986964758123,133.7813021702838,43.290177861909605
7,0.84,805,0.16105986964758123,134.02337228714524,43.230397856328324
7,0.84,805,0.16105986964758123,134.26544240400668,43.17081795381121
7,0.84,805,0.16105986964758123,134.50751252086812,43.11144414140831
7,0.84,805,0.16105986964758123,134.74958263772956,43.05228237032016
7,0.84,805,0.16105986964758123,134.99165275459097,42.99333855623764
7,0.84,805,0.16105986964758123,135.23372287145241,42.9346146415203
7,0.84,805,0.16105986964758123,135.47579298831386,42.87609510821018
7,0.84,805,0.16105986964758123,135.7178631051753,42.8177596901795
7,0.84,805,0.16105986964758123,135.95993322203674,42.75958822841344
7,0.84,805,0.16105986964758123,136.20200333889815,42.70156067041418
7,0.84,805,0.16105986964758123,136.4440734557596,42.643657069519364
7,0.84,805,0.16105986964758123,136.68614357262103,42.58585758431373
7,0.84,805,0.16105986964758123,136.92821368948248,42.528142478132885
7,0.84,805,0.16105986964758123,137.17028380634392,42.47049211865891
7,0.84,805,0.16105986964758123,137.41235392320533,42.41288697760608
7,0.84,805,0.16105986964758123,137.65442404006677,42.35530763049697
7,0.84,805,0.16105986964758123,137.8964941569282,42.29773475652706
7,0.84,805,0.16105986964758123,138.13856427378965,42.24014913851809
7,0.84,805,0.16105986964758123,138.3806343906511,42.1825316629582
7,0.84,805,0.16105986964758123,138.6227045075125,42.124863320129236
7,0.84,805,0.16105986964758123,138.86477462437395,42.06712520431912
7,0.84,805,0.16105986964758123,139.1068447412354,42.00929851412006
7,0.84,805,0.16105986964758123,139.34891485809683,41.951364552810105
7,0.84,805,0.16105986964758123,139.59098497495827,41.893304728818215
7,0.84,805,0.16105986964758123,139.8330550918197,41.835100556272124
7,0.84,805,0.16105986964758123,140.07512520868113,41.77673365562728
7,0.84,805,0.16105986964758123,140.31719532554257,41.71818575437711
7,0.84,805,0.16105986964758123,140.559265442404,41.65943868784275
7,0.84,805,0.16105986964758123,140.80133555926545,41.60047440004217
7,0.84,805,0.16105986964758123,141.04340567612687,41.541274944637344
7,0.84,805,0.16105986964758123,141.2854757929883,41.48182248595868
7,0.84,805,0.16105986964758123,141.52754590984975,41.42209930010603
7,0.84,805,0.16105986964758123,141.7696160267112,41.36208777612493
7,0.84,805,0.16105986964758123,142.01168614357263,41.301770417257636
7,0.84,805,0.16105986964758123,142.25375626043405,41.24112984226782
7,0.84,805,0.16105986964758123,142.4958263772955,41.180148786837535
7,0.84,805,0.16105986964758123,142.73789649415693,41.11881010503636
7,0.84,805,0.16105986964758123,142.97996661101837,41.05709677086109
7,0.84,805,0.16105986964758123,143.2220367278798,40.994991879844775
7,0.84,805,0.16105986964758123,143.46410684474122,40.932478650734964
7,0.84,805,0.16105986964758123,143.70617696160267,40.86954042723929
7,0.84,805,0.16105986964758123,143.9482470784641,40.806160679837326
7,0.84,805,0.16105986964758123,144.19031719532555,40.74232300765848
7,0.84,805,0.16105986964758123,144.432387312187,40.67801114042371
7,0.84,805,0.16105986964758123,144.6744574290484,40.613208940450605
7,0.84,805,0.16105986964758123,144.91652754590984,40.54790040472052
7,0.84,805,0.16105986964758123,145.15859766277129,40.482069667006606
7,0.84,805,0.16105986964758123,145.40066777963273,40.41570100006134
7,0.84,805,0.16105986964758123,145.64273789649417,40.348778817862325
7,0.84,805,0.16105986964758123,145.88480801335558,40.281287677915806
7,0.84,805,0.16105986964758123,146.12687813021702,40.21321228361518
7,0.84,805,0.16105986964758123,146.36894824707846,40.14453748665474
7,0.84,805,0.16105986964758123,146.6110183639399,40.07524828949625
7,0.84,805,0.16105986964758123,146.85308848080135,40.00532984788744
7,0.84,805,0.16105986964758123,147.09515859766276,39.93476747343081
7,0.84,805,0.16105986964758123,147.3372287145242,39.86354663620163
7,0.84,805,0.16105986964758123,147.57929883138564,39.79165296741309
7,0.84,805,0.16105986964758123,147.82136894824708,39.719072262127916
7,0.84,805,0.16105986964758123,148.06343906510853,39.64579048201422
7,0.84,805,0.16105986964758123,148.30550918196994,39.57179375814436
7,0.84,805,0.16105986964758123,148.54757929883138,39.497068393835214
7,0.84,805,0.16105986964758123,148.78964941569282,39.421600867528255
7,0.84,805,0.16105986964758123,149.03171953255426,39.34537783570772
7,0.84,805,0.16105986964758123,149.2737896494157,39.26838613585534
7,0.84,805,0.16105986964758123,149.51585976627712,39.19061278943949
7,0.84,805,0.16105986964758123,149.75792988313856,39.11204500493795
7,0.84,805,0.16105986964758123,150.0,39.03267018089135
8,0.95,358,0.2075390054897843,5.0,0.0
8,0.95,358,0.2075390054897843,5.242070116861436,0.0
8,0.95,358,0.2075390054897843,5.484140233722871,0.0
8,0.95,358,0.2075390054897843,5.726210350584307,0.0
8,0.95,358,0.2075390054897843,5.968280467445743,0.0
8,0.95,358,0.2075390054897843,6.210350584307179,0.0
8,0.95,358,0.2075390054897843,6.452420701168615,0.0
8,0.95,358,0.2075390054897843,6.69449081803005,0.0
8,0.95,358,0.2075390054897843,6.936560934891486,0.0
8,0.95,358,0.2075390054897843,7.178631051752921,0.0
8,0.95,358,0.2075390054897843,7.420701168614357,0.0
8,0.95,358,0.2075390054897843,7.6627712854757934,0.0
8,0.95,358,0.2075390054897843,7.904841402337229,0.0
8,0.95,358,0.2075390054897843,8.146911519198664,0.0
8,0.95,358,0.2075390054897843,8.3889816360601,0.0
8,0.95,358,0.2075390054897843,8.631051752921536,0.0
8,0.95,358,0.2075390054897843,8.873121869782972,0.0
8,0.95,358,0.2075390054897843,9.115191986644408,0.0
8,0.95,358,0.2075390054897843,9.357262103505843,0.0
8,0.95,358,0.2075390054897843,9.599332220367279,0.0
8,0.95,358,0.2075390054897843,9.841402337228715,0.0
8,0.95,358,0.2075390054897843,10.083472454090149,0.0
8,0.95,358,0.2075390054897843,10.325542570951587,0.0
8,0.95,358,0.2075390054897843,10.567612687813021,0.0
8,0.95,358,0.2075390054897843,10.809682804674457,0.0
8,0.95,358,0.2075390054897843,11.051752921535893,0.0
8,0.95,358,0.2075390054897843,11.293823038397328,0.0
8,0.95,358,0.2075390054897843,11.535893155258766,0.0
8,0.95,358,0.2075390054897843,11.7779632721202,0.0
8,0.95,358,0.2075390054897843,12.020033388981636,0.0
8,0.95,358,0.2075390054897843,12.262103505843072,0.0
8,0.95,358,0.2075390054897843,12.504173622704506,0.0
8,0.95,358,0.2075390054897843,12.746243739565944,0.0
8,0.95,358,0.2075390054897843,12.988313856427379,0.0
8,0.95,358,0.2075390054897843,13.230383973288815,0.0
8,0.95,358,0.2075390054897843,13.47245409015025,0.0
8,0.95,358,0.2075390054897843,13.714524207011687,0.0
8,0.95,358,0.2075390054897843,13.956594323873121,0.0
8,0.95,358,0.2075390054897843,14.198664440734557,0.0
8,0.95,358,0.2075390054897843,14.440734557595993,1.0675672530693292
8,0.95,358,0.2075390054897843,14.68280467445743,1.845805313319661
8,0.95,358,0.2075390054897843,14.924874791318866,2.488383222409769
8,0.95,358,0.2075390054897843,15.1669449081803,3.075157477759562
8,0.95,358,0.2075390054897843,15.409015025041736,3.6274788321534155
8,0.95,358,0.2075390054897843,15.651085141903172,4.155262357347175
8,0.95,358,0.2075390054897843,15.893155258764608,4.665960261541929
8,0.95,358,0.2075390054897843,16.135225375626042,5.167185539725559
8,0.95,358,0.2075390054897843,16.377295492487477,5.664411341545796
8,0.95,358,0.2075390054897843,16.619365609348915,6.160533308774451
8,0.95,358,0.2075390054897843,16.861435726210352,6.658332082219085
8,0.95,358,0.2075390054897843,17.103505843071787,7.160764731735148
8,0.95,358,0.2075390054897843,17.34557595993322,7.671105154096523
8,0.95,358,0.2075390054897843,17.587646076794655,8.193050073743894
8,0.95,358,0.2075390054897843,17.829716193656093,8.730810714556467
8,0.95,358,0.2075390054897843,18.07178631051753,9.289194050769254
8,0.95,358,0.2075390054897843,18.313856427378965,9.87295355774509
8,0.95,358,0.2075390054897843,18.5559265442404,10.486098457106353
8,0.95,358,0.2075390054897843,18.797996661101834,11.13288935387465
8,0.95,358,0.2075390054897843,19.040066777963272,11.818018627688259
8,0.95,358,0.2075390054897843,19.28213689482471,12.546685636639324
8,0.95,358,0.2075390054897843,19.524207011686144,13.324681020448333
8,0.95,358,0.2075390054897843,19.76627712854758,14.158482647438365
8,0.95,358,0.2075390054897843,20.008347245409013,15.055365945449733
8,0.95,358,0.2075390054897843,20.25041736227045,16.02230594451594
8,0.95,358,0.2075390054897843,20.49248747913189,17.06232208914181
8,0.95,358,0.2075390054897843,20.734557595993323,18.176923930230167
8,0.95,358,0.2075390054897843,20.976627712854757,19.36682685253853
8,0.95,358,0.2075390054897843,21.218697829716195,20.63176862086363
8,0.95,358,0.2075390054897843,21.46076794657763,21.970310314992165
8,0.95,358,0.2075390054897843,21.702838063439064,23.379625625933983
8,0.95,358,0.2075390054897843,21.9449081803005,24.855284034526726
8,0.95,358,0.2075390054897843,22.186978297161936,26.391471440660585
8,0.95,358,0.2075390054897843,22.429048414023374,27.984192396727522
8,0.95,358,0.2075390054897843,22.671118530884808,29.63014565143577
8,0.95,358,0.2075390054897843,22.913188647746242,31.325162091943696
8,0.95,358,0.2075390054897843,23.15525876460768,33.064136700256675
8,0.95,358,0.2075390054897843,23.397328881469114,34.840978680066776
8,0.95,358,0.2075390054897843,23.639398998330552,36.64857152827845
8,0.95,358,0.2075390054897843,23.881469115191987,38.47874545261784
8,0.95,358,0.2075390054897843,24.12353923205342,40.32232132866636
8,0.95,358,0.2075390054897843,24.36560934891486,42.17036934107131
8,0.95,358,0.2075390054897843,24.607679465776293,44.01448081778566
8,0.95,358,0.2075390054897843,24.84974958263773,45.84576361818286
8,0.95,358,0.2075390054897843,25.091819699499165,47.65484266971768
8,0.95,358,0.2075390054897843,25.3338898163606,49.43191822765076
8,0.95,358,0.2075390054897843,25.575959933222038,51.16683400293339
8,0.95,358,0.2075390054897843,25.818030050083472,52.84915493295992
8,0.95,358,0.2075390054897843,26.06010016694491,54.46826168165267
8,0.95,358,0.2075390054897843,26.302170283806344,56.014390228639435
8,0.95,358,0.2075390054897843,26.54424040066778,57.47978728114888
8,0.95,358,0.2075390054897843,26.786310517529216,58.85730792876706
8,0.95,358,0.2075390054897843,27.02838063439065,60.140273559553215
8,0.95,358,0.2075390054897843,27.27045075125209,61.32252731859469
8,0.95,358,0.2075390054897843,27.512520868113523,62.398484203669746
8,0.95,358,0.2075390054897843,27.754590984974957,63.363175231845226
8,0.95,358,0.2075390054897843,27.996661101836395,64.21228520142088
8,0.95,358,0.2075390054897843,28.23873121869783,64.94407339608493
8,0.95,358,0.2075390054897843,28.480801335559267,65.56553215397602
8,0.95,358,0.2075390054897843,28.7228714524207,66.08674984605982
8,0.95,358,0.2075390054897843,28.964941569282136,66.51872175000787
8,0.95,358,0.2075390054897843,29.207011686143574,66.87317630743507
8,0.95,358,0.2075390054897843,29.449081803005008,67.16241809950857
8,0.95,358,0.2075390054897843,29.691151919866446,67.39919081063266
8,0.95,358,0.2075390054897843,29.93322203672788,67.59656268671358
8,0.95,358,0.2075390054897843,30.175292153589314,67.76705948491804
8,0.95,358,0.2075390054897843,30.417362270450752,67.91597493534412
8,0.95,358,0.2075390054897843,30.659432387312187,68.04457061205528
8,0.95,358,0.2075390054897843,30.901502504173624,68.15408423340317
8,0.95,358,0.2075390054897843,31.14357262103506,68.24576925645935
8,0.95,358,0.2075390054897843,31.385642737896493,68.32089184024294
8,0.95,358,0.2075390054897843,31.62771285475793,68.3807280242886
8,0.95,358,0.2075390054897843,31.869782971619365,68.42656112814248
8,0.95,358,0.2075390054897843,32.1118530884808,68.45967937607455
8,0.95,358,0.2075390054897843,32.35392320534224,68.48137375009924
8,0.95,358,0.2075390054897843,32.59599332220367,68.49293607332046
8,0.95,358,0.2075390054897843,32.83806343906511,68.4956573246503
8,0.95,358,0.2075390054897843,33.080133555926544,68.4908261851065
8,0.95,358,0.2075390054897843,33.32220367278798,68.47972781516081
8,0.95,358,0.2075390054897843,33.56427378964942,68.46364286199747
8,0.95,358,0.2075390054897843,33.80634390651085,68.44384669504397
8,0.95,358,0.2075390054897843,34.04841402337229,68.42160886775291
8,0.95,358,0.2075390054897843,34.29048414023372,68.3981928033428
8,0.95,358,0.2075390054897843,34.53255425709516,68.37485570204763
8,0.95,358,0.2075390054897843,34.7746243739566,68.35284866737365
8,0.95,358,0.2075390054897843,35.016694490818026,68.33341696886058
8,0.95,358,0.2075390054897843,35.25876460767947,68.31750294378944
8,0.95,358,0.2075390054897843,35.5008347245409,68.30507555176284
8,0.95,358,0.2075390054897843,35.742904841402336,68.29590380542253
8,0.95,358,0.2075390054897843,35.98497495826378,68.28975385166653
8,0.95,358,0.2075390054897843,36.227045075125204,68.28638902118593
8,0.95,358,0.2075390054897843,36.469115191986646,68.28556987541444
8,0.95,358,0.2075390054897843,36.71118530884808,68.28705425192237
8,0.95,358,0.2075390054897843,36.953255425709514,68.29059730922107
8,0.95,358,0.2075390054897843,37.19532554257095,68.2959515718834
8,0.95,358,0.2075390054897843,37.43739565943239,68.30286697683468
8,0.95,358,0.2075390054897843,37.679465776293824,68.31109092161171
8,0.95,358,0.2075390054897843,37.92153589315526,68.32036831534755
8,0.95,358,0.2075390054897843,38.16360601001669,68.33044163319126
8,0.95,358,0.2075390054897843,38.40567612687813,68.34105097483463
8,0.95,358,0.2075390054897843,38.64774624373957,68.35193412777767
8,0.95,358,0.2075390054897843,38.889816360601,68.3628266359308
8,0.95,358,0.2075390054897843,39.13188647746244,68.37346187411676
8,0.95,358,0.2075390054897843,39.37395659432387,68.38357112900304
8,0.95,358,0.2075390054897843,39.616026711185306,68.39288368696549
8,0.95,358,0.2075390054897843,39.85809682804675,68.40112692935149
8,0.95,358,0.2075390054897843,40.10016694490818,68.40802654385173
8,0.95,358,0.2075390054897843,40.342237061769616,68.41331041305581
8,0.95,358,0.2075390054897843,40.58430717863105,68.4167097176104
8,0.95,358,0.2075390054897843,40.826377295492485,68.41795450429753
8,0.95,358,0.2075390054897843,41.068447412353926,68.41677351312603
8,0.95,358,0.2075390054897843,41.31051752921536,68.41289432108898
8,0.95,358,0.2075390054897843,41.552587646076795,68.40604349506283
8,0.95,358,0.2075390054897843,41.79465776293823,68.39594675408736
8,0.95,358,0.2075390054897843,42.03672787979966,68.38232914123752
8,0.95,358,0.2075390054897843,42.278797996661105,68.36491520526911
8,0.95,358,0.2075390054897843,42.52086811352254,68.34342919219311
8,0.95,358,0.2075390054897843,42.76293823038397,68.31759524690035
8,0.95,358,0.2075390054897843,43.00500834724541,68.28713762493389
8,0.95,358,0.2075390054897843,43.24707846410684,68.25178091446746
8,0.95,358,0.2075390054897843,43.48914858096828,68.21125026852536
8,0.95,358,0.2075390054897843,43.73121869782972,68.1652716474395
8,0.95,358,0.2075390054897843,43.97328881469115,68.11357207150888
8,0.95,358,0.2075390054897843,44.215358931552586,68.05587988379416
8,0.95,358,0.2075390054897843,44.45742904841402,67.99192502294082
8,0.95,358,0.2075390054897843,44.69949916527546,67.92143930589197
8,0.95,358,0.2075390054897843,44.941569282136896,67.84415672031375
8,0.95,358,0.2075390054897843,45.18363939899833,67.75986465410885
8,0.95,358,0.2075390054897843,45.425709515859765,67.66878316048232
8,0.95,358,0.2075390054897843,45.6677796327212,67.57134854838694
8,0.95,358,0.2075390054897843,45.90984974958264,67.46799753207422
8,0.95,358,0.2075390054897843,46.151919866444075,67.35916523220445
8,0.95,358,0.2075390054897843,46.39398998330551,67.24528484673317
8,0.95,358,0.2075390054897843,46.636060100166944,67.12678734891946
8,0.95,358,0.2075390054897843,46.87813021702838,67.00410121230395
8,0.95,358,0.2075390054897843,47.12020033388982,66.87765216245516
8,0.95,358,0.2075390054897843,47.362270450751254,66.74786295524473
8,0.95,358,0.2075390054897843,47.60434056761269,66.61515318137046
8,0.95,358,0.2075390054897843,47.84641068447412,66.4799390968169
8,0.95,358,0.2075390054897843,48.08848080133556,66.34263347891172
8,0.95,358,0.2075390054897843,48.330550918197,66.20364550761414
8,0.95,358,0.2075390054897843,48.57262103505843,66.06338067165136
8,0.95,358,0.2075390054897843,48.81469115191987,65.92224069910205
8,0.95,358,0.2075390054897843,49.0567612687813,65.78062351201761
8,0.95,358,0.2075390054897843,49.298831385642735,65.63892320466024
8,0.95,358,0.2075390054897843,49.54090150250418,65.497530044938
8,0.95,358,0.2075390054897843,49.78297161936561,65.35683049861306
8,0.95,358,0.2075390054897843,50.025041736227045,65.21720721533563
8,0.95,358,0.2075390054897843,50.26711185308848,65.07896609349525
8,0.95,358,0.2075390054897843,50.509181969949914,64.94219557574903
8,0.95,358,0.2075390054897843,50.751252086811355,64.8069438351506
8,0.95,358,0.2075390054897843,50.99332220367279,64.67325828971283
8,0.95,358,0.2075390054897843,51.235392320534224,64.54118562902165
8,0.95,358,0.2075390054897843,51.47746243739566,64.41077184059624
8,0.95,358,0.2075390054897843,51.71953255425709,64.2820622360088
8,0.95,358,0.2075390054897843,51.961602671118534,64.15510147677165
8,0.95,358,0.2075390054897843,52.20367278797997,64.02993360000072
8,0.95,358,0.2075390054897843,52.4457429048414,63.90660204386663
8,0.95,358,0.2075390054897843,52.68781302170284,63.785149672841584
8,0.95,358,0.2075390054897843,52.92988313856427,63.6656188027511
8,0.95,358,0.2075390054897843,53.17195325542571,63.54805122564074
8,0.95,358,0.2075390054897843,53.41402337228715,63.43248823446615
8,0.95,358,0.2075390054897843,53.65609348914858,63.31897064761584
8,0.95,358,0.2075390054897843,53.898163606010016,63.20753883327602
8,0.95,358,0.2075390054897843,54.14023372287145,63.09823273364635
8,0.95,358,0.2075390054897843,54.38230383973289,62.99109188901552
8,0.95,358,0.2075390054897843,54.624373956594326,62.88615546170628
8,0.95,358,0.2075390054897843,54.86644407345576,62.78346225989824
8,0.95,358,0.2075390054897843,55.108514190317194,62.68304751580086
8,0.95,358,0.2075390054897843,55.35058430717863,62.584849861154765
8,0.95,358,0.2075390054897843,55.59265442404007,62.488698184235055
8,0.95,358,0.2075390054897843,55.834724540901504,62.39441632722714
8,0.95,358,0.2075390054897843,56.07679465776294,62.301829100020484
8,0.95,358,0.2075390054897843,56.31886477462437,62.21076223810955
8,0.95,358,0.2075390054897843,56.56093489148581,62.12104236511955
8,0.95,358,0.2075390054897843,56.80300500834725,62.03249695992629
8,0.95,358,0.2075390054897843,57.04507512520868,61.94495432834471
8,0.95,358,0.2075390054897843,57.28714524207012,61.858243579360945
8,0.95,358,0.2075390054897843,57.52921535893155,61.77219460588196
8,0.95,358,0.2075390054897843,57.771285475792986,61.68663806998308
8,0.95,358,0.2075390054897843,58.01335559265443,61.60140539262742
8,0.95,358,0.2075390054897843,58.25542570951586,61.51632874783729
8,0.95,358,0.2075390054897843,58.497495826377296,61.43124106129488
8,0.95,358,0.2075390054897843,58.73956594323873,61.345976013349244
8,0.95,358,0.2075390054897843,58.981636060100165,61.260368046407564
8,0.95,358,0.2075390054897843,59.223706176961606,61.174252376685004
8,0.95,358,0.2075390054897843,59.46577629382304,61.08746501029004
8,0.95,358,0.2075390054897843,59.707846410684475,60.999842763616854
8,0.95,358,0.2075390054897843,59.94991652754591,60.91122328801676
8,0.95,358,0.2075390054897843,60.19198664440734,60.82147483442129
8,0.95,358,0.2075390054897843,60.434056761268785,60.73069073495508
8,0.95,358,0.2075390054897843,60.67612687813022,60.639066075887705
8,0.95,358,0.2075390054897843,60.91819699499165,60.54679522293622
8,0.95,358,0.2075390054897843,61.16026711185309,60.45407127286295
8,0.95,358,0.2075390054897843,61.40233722871452,60.36108603985675
8,0.95,358,0.2075390054897843,61.644407345575964,60.26803004794878
8,0.95,358,0.2075390054897843,61.8864774624374,60.17509252938903
8,0.95,358,0.2075390054897843,62.12854757929883,60.082461428906136
8,0.95,358,0.2075390054897843,62.37061769616027,59.990323413777865
8,0.95,358,0.2075390054897843,62.6126878130217,59.89886388963685
8,0.95,358,0.2075390054897843,62.85475792988314,59.8082670219402
8,0.95,358,0.2075390054897843,63.09682804674458,59.71871576303108
8,0.95,358,0.2075390054897843,63.33889816360601,59.630391884724105
8,0.95,358,0.2075390054897843,63.580968280467445,59.543476016349416
8,0.95,358,0.2075390054897843,63.82303839732888,59.45814768819205
8,0.95,358,0.2075390054897843,64.06510851419031,59.374585380268094
8,0.95,358,0.2075390054897843,64.30717863105176,59.29296657638258
8,0.95,358,0.2075390054897843,64.5492487479132,59.21346782341974
8,0.95,358,0.2075390054897843,64.79131886477462,59.13626479581873
8,0.95,358,0.2075390054897843,65.03338898163605,59.06153224195374
8,0.95,358,0.2075390054897843,65.27545909849749,58.98937555670083
8,0.95,358,0.2075390054897843,65.51752921535893,58.91971737929347
8,0.95,358,0.2075390054897843,65.75959933222038,58.85245092249837
8,0.95,358,0.2075390054897843,66.0016694490818,58.78747005904495
8,0.95,358,0.2075390054897843,66.24373956594323,58.72466928321085
8,0.95,358,0.2075390054897843,66.48580968280467,58.66394367425276
8,0.95,358,0.2075390054897843,66.72787979966611,58.60518886166162
8,0.95,358,0.2075390054897843,66.96994991652755,58.5483009922255
8,0.95,358,0.2075390054897843,67.21202003338898,58.49317669888189
8,0.95,358,0.2075390054897843,67.45409015025041,58.43971307134396
8,0.95,358,0.2075390054897843,67.69616026711185,58.38780762848767
8,0.95,358,0.2075390054897843,67.93823038397329,58.33735829248497
8,0.95,358,0.2075390054897843,68.18030050083473,58.28826336467242
8,0.95,358,0.2075390054897843,68.42237061769616,58.24042150314346
8,0.95,358,0.2075390054897843,68.66444073455759,58.19373170205581
8,0.95,358,0.2075390054897843,68.90651085141903,58.148093272642654
8,0.95,358,0.2075390054897843,69.14858096828047,58.10340582592197
8,0.95,358,0.2075390054897843,69.3906510851419,58.05956925709494
8,0.95,358,0.2075390054897843,69.63272120200334,58.016483731626685
8,0.95,358,0.2075390054897843,69.87479131886478,57.97404967300463
8,0.95,358,0.2075390054897843,70.11686143572621,57.93217277550404
8,0.95,358,0.2075390054897843,70.35893155258765,57.89088432515541
8,0.95,358,0.2075390054897843,70.60100166944908,57.8503465150232
8,0.95,358,0.2075390054897843,70.84307178631052,57.81072721080265
8,0.95,358,0.2075390054897843,71.08514190317196,57.77219379344043
8,0.95,358,0.2075390054897843,71.32721202003339,57.734913189526665
8,0.95,358,0.2075390054897843,71.56928213689483,57.699051906483156
8,0.95,358,0.2075390054897843,71.81135225375625,57.664776072527786
8,0.95,358,0.2075390054897843,72.0534223706177,57.632251481397034
8,0.95,358,0.2075390054897843,72.29549248747914,57.60164364181353
8,0.95,358,0.2075390054897843,72.53756260434056,57.57311783168701
8,0.95,358,0.2075390054897843,72.779632721202,57.5468391570451
8,0.95,358,0.2075390054897843,73.02170283806343,57.52297261569099
8,0.95,358,0.2075390054897843,73.26377295492487,57.50168316559217
8,0.95,358,0.2075390054897843,73.50584307178632,57.48313579801039
8,0.95,358,0.2075390054897843,73.74791318864774,57.46749561538638
8,0.95,358,0.2075390054897843,73.98998330550918,57.45492791400201
8,0.95,358,0.2075390054897843,74.23205342237061,57.445598271446464
8,0.95,358,0.2075390054897843,74.47412353923205,57.43967263892177
8,0.95,358,0.2075390054897843,74.7161936560935,57.43731743842951
8,0.95,358,0.2075390054897843,74.95826377295492,57.43869966488826
8,0.95,358,0.2075390054897843,75.20033388981636,57.44393898455327
8,0.95,358,0.2075390054897843,75.44240400667779,57.452830780889364
8,0.95,358,0.2075390054897843,75.68447412353923,57.46503618054034
8,0.95,358,0.2075390054897843,75.92654424040067,57.480216158706526
8,0.95,358,0.2075390054897843,76.1686143572621,57.49803178777105
8,0.95,358,0.2075390054897843,76.41068447412354,57.518144071930266
8,0.95,358,0.2075390054897843,76.65275459098497,57.54021380185818
8,0.95,358,0.2075390054897843,76.89482470784641,57.563901429389794
8,0.95,358,0.2075390054897843,77.13689482470785,57.58886696223248
8,0.95,358,0.2075390054897843,77.37896494156928,57.61476987873367
8,0.95,358,0.2075390054897843,77.62103505843072,57.64126906274745
8,0.95,358,0.2075390054897843,77.86310517529215,57.66802275865698
8,0.95,358,0.2075390054897843,78.10517529215359,57.69468854661618
8,0.95,358,0.2075390054897843,78.34724540901503,57.72092333808306
8,0.95,358,0.2075390054897843,78.58931552587646,57.74638339171574
8,0.95,358,0.2075390054897843,78.8313856427379,57.77072434970443
8,0.95,358,0.2075390054897843,79.07345575959933,57.793601294606326
8,0.95,358,0.2075390054897843,79.31552587646077,57.81466882674272
8,0.95,358,0.2075390054897843,79.55759599332221,57.833581162207466
8,0.95,358,0.2075390054897843,79.79966611018364,57.849992251519495
8,0.95,358,0.2075390054897843,80.04173622704508,57.86355601696071
8,0.95,358,0.2075390054897843,80.2838063439065,57.87395685029244
8,0.95,358,0.2075390054897843,80.52587646076795,57.880952780635894
8,0.95,358,0.2075390054897843,80.76794657762939,57.88431310792756
8,0.95,358,0.2075390054897843,81.01001669449082,57.88380770499379
8,0.95,358,0.2075390054897843,81.25208681135226,57.87920716689185
8,0.95,358,0.2075390054897843,81.49415692821368,57.87028296913477
8,0.95,358,0.2075390054897843,81.73622704507513,57.85680763468782
8,0.95,358,0.2075390054897843,81.97829716193657,57.83855490960844
8,0.95,358,0.2075390054897843,82.220367278798,57.81529994718066
8,0.95,358,0.2075390054897843,82.46243739565944,57.786819500378165
8,0.95,358,0.2075390054897843,82.70450751252086,57.75289212246635
8,0.95,358,0.2075390054897843,82.9465776293823,57.71329837553515
8,0.95,358,0.2075390054897843,83.18864774624375,57.6678210467305
8,0.95,358,0.2075390054897843,83.43071786310517,57.61624537193076
8,0.95,358,0.2075390054897843,83.67278797996661,57.558359266591
8,0.95,358,0.2075390054897843,83.91485809682804,57.49395356345233
8,0.95,358,0.2075390054897843,84.15692821368948,57.422822256791925
8,0.95,358,0.2075390054897843,84.39899833055092,57.34476275286226
8,0.95,358,0.2075390054897843,84.64106844741235,57.259576126143514
8,0.95,358,0.2075390054897843,84.88313856427379,57.167067381007165
8,0.95,358,0.2075390054897843,85.12520868113522,57.067058700128975
8,0.95,358,0.2075390054897843,85.36727879799666,56.959651845137344
8,0.95,358,0.2075390054897843,85.6093489148581,56.845213555643966
8,0.95,358,0.2075390054897843,85.85141903171953,56.7241211130539
8,0.95,358,0.2075390054897843,86.09348914858097,56.59675133906661
8,0.95,358,0.2075390054897843,86.3355592654424,56.463480190684834
8,0.95,358,0.2075390054897843,86.57762938230384,56.324682378756
8,0.95,358,0.2075390054897843,86.81969949916528,56.18073101015492
8,0.95,358,0.2075390054897843,87.06176961602671,56.03199725365255
8,0.95,358,0.2075390054897843,87.30383973288815,55.878850029454725
8,0.95,358,0.2075390054897843,87.54590984974958,55.72165572234072
8,0.95,358,0.2075390054897843,87.78797996661102,55.56077791827825
8,0.95,358,0.2075390054897843,88.03005008347246,55.39657716434422
8,0.95,358,0.2075390054897843,88.27212020033389,55.229410751737824
8,0.95,358,0.2075390054897843,88.51419031719533,55.05963252163167
8,0.95,358,0.2075390054897843,88.75626043405676,54.8875926935722
8,0.95,358,0.2075390054897843,88.9983305509182,54.713637716109446
8,0.95,358,0.2075390054897843,89.24040066777964,54.53811013930686
8,0.95,358,0.2075390054897843,89.48247078464107,54.36134850876121
8,0.95,358,0.2075390054897843,89.72454090150251,54.1836872807395
8,0.95,358,0.2075390054897843,89.96661101836393,54.00545675802597
8,0.95,358,0.2075390054897843,90.20868113522538,53.826985333685435
8,0.95,358,0.2075390054897843,90.45075125208682,53.64861100653154
8,0.95,358,0.2075390054897843,90.69282136894824,53.470672524828615
8,0.95,358,0.2075390054897843,90.93489148580969,53.29350415413768
8,0.95,358,0.2075390054897843,91.17696160267111,53.11743570618923
8,0.95,358,0.2075390054897843,91.41903171953255,52.94279259776347
8,0.95,358,0.2075390054897843,91.661101836394,52.7698959296938
8,0.95,358,0.2075390054897843,91.90317195325542,52.599062585522745
8,0.95,358,0.2075390054897843,92.14524207011686,52.43060534935337
8,0.95,358,0.2075390054897843,92.38731218697829,52.26483304246089
8,0.95,358,0.2075390054897843,92.62938230383973,52.10205067824775
8,0.95,358,0.2075390054897843,92.87145242070117,51.9425596351535
8,0.95,358,0.2075390054897843,93.1135225375626,51.78665784715709
8,0.95,358,0.2075390054897843,93.35559265442404,51.634640011540114
8,0.95,358,0.2075390054897843,93.59766277128547,51.48679781361496
8,0.95,358,0.2075390054897843,93.83973288814691,51.34342016815588
8,0.95,358,0.2075390054897843,94.08180300500835,51.204793477312414
8,0.95,358,0.2075390054897843,94.32387312186978,51.07120190482467
8,0.95,358,0.2075390054897843,94.56594323873122,50.94292766640662
8,0.95,358,0.2075390054897843,94.80801335559265,50.82025133620857
8,0.95,358,0.2075390054897843,95.05008347245409,50.70345127817078
8,0.95,358,0.2075390054897843,95.29215358931553,50.59263193745768
8,0.95,358,0.2075390054897843,95.53422370617696,50.48752086616833
8,0.95,358,0.2075390054897843,95.7762938230384,50.387799655845754
8,0.95,358,0.2075390054897843,96.01836393989983,50.29315392009793
8,0.95,358,0.2075390054897843,96.26043405676127,50.203272984750065
8,0.95,358,0.2075390054897843,96.50250417362271,50.11784959797137
8,0.95,358,0.2075390054897843,96.74457429048414,50.03657965987443
8,0.95,358,0.2075390054897843,96.98664440734558,49.95916197113311
8,0.95,358,0.2075390054897843,97.228714524207,49.885298000206774
8,0.95,358,0.2075390054897843,97.47078464106845,49.8146916687995
8,0.95,358,0.2075390054897843,97.71285475792989,49.74704915521827
8,0.95,358,0.2075390054897843,97.95492487479132,49.68207871532841
8,0.95,358,0.2075390054897843,98.19699499165276,49.619490520834184
8,0.95,358,0.2075390054897843,98.43906510851419,49.558996514640796
8,0.95,358,0.2075390054897843,98.68113522537563,49.50031028307779
8,0.95,358,0.2075390054897843,98.92320534223707,49.44314694478613
8,0.95,358,0.2075390054897843,99.1652754590985,49.38722305609056
8,0.95,358,0.2075390054897843,99.40734557595994,49.332256532694046
8,0.95,358,0.2075390054897843,99.64941569282136,49.27796658754682
8,0.95,358,0.2075390054897843,99.8914858096828,49.2240736847519
8,0.95,358,0.2075390054897843,100.13355592654425,49.17030709540814
8,0.95,358,0.2075390054897843,100.37562604340567,49.116535537017896
8,0.95,358,0.2075390054897843,100.61769616026712,49.062748966316896
8,0.95,358,0.2075390054897843,100.85976627712854,49.008941431010875
8,0.95,358,0.2075390054897843,101.10183639398998,48.95510699652878
8,0.95,358,0.2075390054897843,101.34390651085143,48.901239746202606
8,0.95,358,0.2075390054897843,101.58597662771285,48.847333781451994
8,0.95,358,0.2075390054897843,101.8280467445743,48.79338322197406
8,0.95,358,0.2075390054897843,102.07011686143572,48.73938220593898
8,0.95,358,0.2075390054897843,102.31218697829716,48.68532489018978
8,0.95,358,0.2075390054897843,102.5542570951586,48.631205450448256
8,0.95,358,0.2075390054897843,102.79632721202003,48.57701808152552
8,0.95,358,0.2075390054897843,103.03839732888147,48.52275699753792
8,0.95,358,0.2075390054897843,103.2804674457429,48.468416432128436
8,0.95,358,0.2075390054897843,103.52253756260434,48.41399063869271
8,0.95,358,0.2075390054897843,103.76460767946578,48.359473890610815
8,0.95,358,0.2075390054897843,104.00667779632721,48.30486048148395
8,0.95,358,0.2075390054897843,104.24874791318865,48.25014472537646
8,0.95,358,0.2075390054897843,104.49081803005008,48.19532095706291
8,0.95,358,0.2075390054897843,104.73288814691152,48.14038353228042
8,0.95,358,0.2075390054897843,104.97495826377296,48.08532682798636
8,0.95,358,0.2075390054897843,105.21702838063439,48.03014524262068
8,0.95,358,0.2075390054897843,105.45909849749583,47.97483319637406
8,0.95,358,0.2075390054897843,105.70116861435726,47.91938513146062
8,0.95,358,0.2075390054897843,105.9432387312187,47.863795512396095
8,0.95,358,0.2075390054897843,106.18530884808014,47.80805882628097
8,0.95,358,0.2075390054897843,106.42737896494157,47.7521695830887
8,0.95,358,0.2075390054897843,106.66944908180301,47.69612231595887
8,0.95,358,0.2075390054897843,106.91151919866444,47.6399115814958
8,0.95,358,0.2075390054897843,107.15358931552588,47.58353196007148
8,0.95,358,0.2075390054897843,107.39565943238732,47.52697805613417
8,0.95,358,0.2075390054897843,107.63772954924875,47.470244498521495
8,0.95,358,0.2075390054897843,107.87979966611019,47.41332594077849
8,0.95,358,0.2075390054897843,108.12186978297161,47.356217061480955
8,0.95,358,0.2075390054897843,108.36393989983306,47.29891256456294
8,0.95,358,0.2075390054897843,108.6060100166945,47.2414071796498
8,0.95,358,0.2075390054897843,108.84808013355592,47.18369566239551
8,0.95,358,0.2075390054897843,109.09015025041737,47.125772794824755
8,0.95,358,0.2075390054897843,109.3322203672788,47.06763338568017
8,0.95,358,0.2075390054897843,109.57429048414023,47.009272270773685
8,0.95,358,0.2075390054897843,109.81636060100168,46.9506843133427
8,0.95,358,0.2075390054897843,110.0584307178631,46.89186443661886
8,0.95,358,0.2075390054897843,110.30050083472455,46.83281183865373
8,0.95,358,0.2075390054897843,110.54257095158597,46.773534159584955
8,0.95,358,0.2075390054897843,110.78464106844741,46.71403999968806
8,0.95,358,0.2075390054897843,111.02671118530886,46.65433791797615
8,0.95,358,0.2075390054897843,111.26878130217028,46.59443643192075
8,0.95,358,0.2075390054897843,111.51085141903172,46.53434401718665
8,0.95,358,0.2075390054897843,111.75292153589315,46.4740691073817
8,0.95,358,0.2075390054897843,111.99499165275459,46.41362009382053
8,0.95,358,0.2075390054897843,112.23706176961603,46.35300532530298
8,0.95,358,0.2075390054897843,112.47913188647746,46.29223310790616
8,0.95,358,0.2075390054897843,112.7212020033389,46.23131170479086
8,0.95,358,0.2075390054897843,112.96327212020033,46.17024933602185
8,0.95,358,0.2075390054897843,113.20534223706177,46.10905417840159
8,0.95,358,0.2075390054897843,113.44741235392321,46.047734365317964
8,0.95,358,0.2075390054897843,113.68948247078464,45.9862979866053
8,0.95,358,0.2075390054897843,113.93155258764608,45.92475308841885
8,0.95,358,0.2075390054897843,114.17362270450751,45.86310767312243
8,0.95,358,0.2075390054897843,114.41569282136895,45.80136969918933
8,0.95,358,0.2075390054897843,114.65776293823039,45.73954708111617
8,0.95,358,0.2075390054897843,114.89983305509182,45.67764768934956
8,0.95,358,0.2075390054897843,115.14190317195326,45.615679350225676
8,0.95,358,0.2075390054897843,115.38397328881469,45.55364984592225
8,0.95,358,0.2075390054897843,115.62604340567613,45.49156691442324
8,0.95,358,0.2075390054897843,115.86811352253757,45.42943824949588
8,0.95,358,0.2075390054897843,116.110183639399,45.367271500679706
8,0.95,358,0.2075390054897843,116.35225375626044,45.305074273288085
8,0.95,358,0.2075390054897843,116.59432387312187,45.24285412842148
8,0.95,358,0.2075390054897843,116.8363939899833,45.18061858299265
8,0.95,358,0.2075390054897843,117.07846410684475,45.118375109763605
8,0.95,358,0.2075390054897843,117.32053422370618,45.05613113739415
8,0.95,358,0.2075390054897843,117.56260434056762,44.993894050501915
8,0.95,358,0.2075390054897843,117.80467445742904,44.93167118973391
8,0.95,358,0.2075390054897843,118.04674457429049,44.86946985184894
8,0.95,358,0.2075390054897843,118.28881469115193,44.807297289811615
8,0.95,358,0.2075390054897843,118.53088480801335,44.745160712896954
8,0.95,358,0.2075390054897843,118.7729549248748,44.68306728680616
8,0.95,358,0.2075390054897843,119.01502504173622,44.62102413379282
8,0.95,358,0.2075390054897843,119.25709515859766,44.559038332800135
8,0.95,358,0.2075390054897843,119.4991652754591,44.49711691960826
8,0.95,358,0.2075390054897843,119.74123539232053,44.435266886992316
8,0.95,358,0.2075390054897843,119.98330550918197,44.3734951848905
8,0.95,358,0.2075390054897843,120.2253756260434,44.31180764237179
8,0.95,358,0.2075390054897843,120.46744574290484,44.25020475222049
8,0.95,358,0.2075390054897843,120.70951585976628,44.18868537475618
8,0.95,358,0.2075390054897843,120.95158597662771,44.12724837213898
8,0.95,358,0.2075390054897843,121.19365609348915,44.065892608846326
8,0.95,358,0.2075390054897843,121.43572621035058,44.00461695171033
8,0.95,358,0.2075390054897843,121.67779632721202,43.943420269954736
8,0.95,358,0.2075390054897843,121.91986644407346,43.88230143523143
8,0.95,358,0.2075390054897843,122.16193656093489,43.82125932165661
8,0.95,358,0.2075390054897843,122.40400667779633,43.76029280584654
8,0.95,358,0.2075390054897843,122.64607679465776,43.699400766952685
8,0.95,358,0.2075390054897843,122.8881469115192,43.63858208669682
8,0.95,358,0.2075390054897843,123.13021702838064,43.57783564940548
8,0.95,358,0.2075390054897843,123.37228714524207,43.51716034204424
8,0.95,358,0.2075390054897843,123.61435726210351,43.45655505425145
8,0.95,358,0.2075390054897843,123.85642737896494,43.3960186783718
8,0.95,358,0.2075390054897843,124.09849749582638,43.335550109489304
8,0.95,358,0.2075390054897843,124.34056761268782,43.275148245460294
8,0.95,358,0.2075390054897843,124.58263772954925,43.21481198694578
8,0.95,358,0.2075390054897843,124.82470784641069,43.15454023744357
8,0.95,358,0.2075390054897843,125.06677796327212,43.09433190332034
8,0.95,358,0.2075390054897843,125.30884808013356,43.03418589384281
8,0.95,358,0.2075390054897843,125.550918196995,42.97410112120945
8,0.95,358,0.2075390054897843,125.79298831385643,42.91407650058106
8,0.95,358,0.2075390054897843,126.03505843071787,42.854110950111725
8,0.95,358,0.2075390054897843,126.2771285475793,42.794203390979035
8,0.95,358,0.2075390054897843,126.51919866444074,42.734352747414405
8,0.95,358,0.2075390054897843,126.76126878130218,42.674557946732875
8,0.95,358,0.2075390054897843,127.0033388981636,42.61481791936282
8,0.95,358,0.2075390054897843,127.24540901502505,42.55513159887525
8,0.95,358,0.2075390054897843,127.48747913188647,42.49549792201308
8,0.95,358,0.2075390054897843,127.72954924874792,42.43591582871996
8,0.95,358,0.2075390054897843,127.97161936560936,42.37638426216911
8,0.95,358,0.2075390054897843,128.21368948247078,42.316902168791614
8,0.95,358,0.2075390054897843,128.45575959933223,42.25746849830485
8,0.95,358,0.2075390054897843,128.69782971619367,42.19808220374046
8,0.95,358,0.2075390054897843,128.9398998330551,42.138742241472265
8,0.95,358,0.2075390054897843,129.18196994991655,42.07944757124391
8,0.95,358,0.2075390054897843,129.42404006677796,42.02019715619618
8,0.95,358,0.2075390054897843,129.6661101836394,41.96098996289457
8,0.95,358,0.2075390054897843,129.90818030050082,41.901824961356034
8,0.95,358,0.2075390054897843,130.15025041736226,41.842701125076225
8,0.95,358,0.2075390054897843,130.3923205342237,41.78361743105601
8,0.95,358,0.2075390054897843,130.63439065108514,41.72457285982813
8,0.95,358,0.2075390054897843,130.87646076794658,41.66556639548365
8,0.95,358,0.2075390054897843,131.11853088480802,41.6065970256981
8,0.95,358,0.2075390054897843,131.36060100166947,41.5476637417577
8,0.95,358,0.2075390054897843,131.6026711185309,41.48876553858523
8,0.95,358,0.2075390054897843,131.84474123539232,41.429901414765844
8,0.95,358,0.2075390054897843,132.08681135225376,41.371070372572724
8,0.95,358,0.2075390054897843,132.32888146911517,41.31227141799261
8,0.95,358,0.2075390054897843,132.57095158597662,41.253503560751255
8,0.95,358,0.2075390054897843,132.81302170283806,41.19476581433855
8,0.95,358,0.2075390054897843,133.0550918196995,41.13605719603373
8,0.95,358,0.2075390054897843,133.29716193656094,41.07737672693043
8,0.95,358,0.2075390054897843,133.53923205342238,41.01872343196138
8,0.95,358,0.2075390054897843,133.7813021702838,40.96009633992346
8,0.95,358,0.2075390054897843,134.02337228714524,40.901494483502084
8,0.95,358,0.2075390054897843,134.26544240400668,40.84291689929596
8,0.95,358,0.2075390054897843,134.50751252086812,40.78436262784136
8,0.95,358,0.2075390054897843,134.74958263772956,40.725830713636554
8,0.95,358,0.2075390054897843,134.99165275459097,40.667320205166
8,0.95,358,0.2075390054897843,135.23372287145241,40.60883147439896
8,0.95,358,0.2075390054897843,135.47579298831386,40.55037073485761
8,0.95,358,0.2075390054897843,135.7178631051753,40.49194578082239
8,0.95,358,0.2075390054897843,135.95993322203674,40.433564360151024
8,0.95,358,0.2075390054897843,136.20200333889815,40.375234174323005
8,0.95,358,0.2075390054897843,136.4440734557596,40.316962878558286
8,0.95,358,0.2075390054897843,136.68614357262103,40.25875808195035
8,0.95,358,0.2075390054897843,136.92821368948248,40.20062734761354
8,0.95,358,0.2075390054897843,137.17028380634392,40.14257819284425
8,0.95,358,0.2075390054897843,137.41235392320533,40.084618089295674
8,0.95,358,0.2075390054897843,137.65442404006677,40.026754463166704
8,0.95,358,0.2075390054897843,137.8964941569282,39.96899469540387
8,0.95,358,0.2075390054897843,138.13856427378965,39.911346121916814
8,0.95,358,0.2075390054897843,138.3806343906511,39.853816033806964
8,0.95,358,0.2075390054897843,138.6227045075125,39.79641167760919
8,0.95,358,0.2075390054897843,138.86477462437395,39.739140255546346
8,0.95,358,0.2075390054897843,139.1068447412354,39.68200892579673
8,0.95,358,0.2075390054897843,139.34891485809683,39.62502480277389
8,0.95,358,0.2075390054897843,139.59098497495827,39.568194957419074
8,0.95,358,0.2075390054897843,139.8330550918197,39.51152641750602
8,0.95,358,0.2075390054897843,140.07512520868113,39.4550261679576
8,0.95,358,0.2075390054897843,140.31719532554257,39.39870115117519
8,0.95,358,0.2075390054897843,140.559265442404,39.34255826737908
8,0.95,358,0.2075390054897843,140.80133555926545,39.28660437496146
8,0.95,358,0.2075390054897843,141.04340567612687,39.23084629085044
8,0.95,358,0.2075390054897843,141.2854757929883,39.1752907908859
8,0.95,358,0.2075390054897843,141.52754590984975,39.11994461020676
8,0.95,358,0.2075390054897843,141.7696160267112,39.064814443649176
8,0.95,358,0.2075390054897843,142.01168614357263,39.00990694615623
8,0.95,358,0.2075390054897843,142.25375626043405,38.95522873319845
8,0.95,358,0.2075390054897843,142.4958263772955,38.90078638120515
8,0.95,358,0.2075390054897843,142.73789649415693,38.846586428006766
8,0.95,358,0.2075390054897843,142.97996661101837,38.79263537328758
8,0.95,358,0.2075390054897843,143.2220367278798,38.73893967904921
8,0.95,358,0.2075390054897843,143.46410684474122,38.68550577008429
8,0.95,358,0.2075390054897843,143.70617696160267,38.63234003446073
8,0.95,358,0.2075390054897843,143.9482470784641,38.57944882401598
8,0.95,358,0.2075390054897843,144.19031719532555,38.526838454861526
8,0.95,358,0.2075390054897843,144.432387312187,38.47451520789729
8,0.95,358,0.2075390054897843,144.6744574290484,38.422485329336006
8,0.95,358,0.2075390054897843,144.91652754590984,38.370755031237444
8,0.95,358,0.2075390054897843,145.15859766277129,38.319330492052224
8,0.95,358,0.2075390054897843,145.40066777963273,38.26821785717541
8,0.95,358,0.2075390054897843,145.64273789649417,38.217423239509415
8,0.95,358,0.2075390054897843,145.88480801335558,38.166952720036754
8,0.95,358,0.2075390054897843,146.12687813021702,38.11681234840165
8,0.95,358,0.2075390054897843,146.36894824707846,38.067008143501425
8,0.95,358,0.2075390054897843,146.6110183639399,38.01754609408668
8,0.95,358,0.2075390054897843,146.85308848080135,37.96843215937105
8,0.95,358,0.2075390054897843,147.09515859766276,37.91967226964959
8,0.95,358,0.2075390054897843,147.3372287145242,37.871272326926466
8,0.95,358,0.2075390054897843,147.57929883138564,37.8232382055515
8,0.95,358,0.2075390054897843,147.82136894824708,37.77557575286551
8,0.95,358,0.2075390054897843,148.06343906510853,37.728290789854576
8,0.95,358,0.2075390054897843,148.30550918196994,37.681389111813104
8,0.95,358,0.2075390054897843,148.54757929883138,37.63487648901539
8,0.95,358,0.2075390054897843,148.78964941569282,37.58875866739601
8,0.95,358,0.2075390054897843,149.03171953255426,37.54304136923887
8,0.95,358,0.2075390054897843,149.2737896494157,37.49773029387474
8,0.95,358,0.2075390054897843,149.51585976627712,37.45283111838721
8,0.95,358,0.2075390054897843,149.75792988313856,37.40834949832742
8,0.95,358,0.2075390054897843,150.0,37.36429106843711
