representative_rank,distance_quantile,replica_id,distance_D,energy_MeV,sigma_mb
0,0.05,436,0.01639432833219244,5.0,0.0
0,0.05,436,0.01639432833219244,5.242070116861436,0.0
0,0.05,436,0.01639432833219244,5.484140233722871,0.0
0,0.05,436,0.01639432833219244,5.726210350584307,0.0007586494490236815
0,0.05,436,0.01639432833219244,5.968280467445743,0.010400857056028012
0,0.05,436,0.01639432833219244,6.210350584307179,0.05488629135991053
0,0.05,436,0.01639432833219244,6.452420701168615,0.21666550773467494
0,0.05,436,0.01639432833219244,6.69449081803005,0.6822086269728435
0,0.05,436,0.01639432833219244,6.936560934891486,1.7886740549429645
0,0.05,436,0.01639432833219244,7.178631051752921,4.037880350061364
0,0.05,436,0.01639432833219244,7.420701168614357,7.906113863418576
0,0.05,436,0.01639432833219244,7.6627712854757934,13.339298829013035
0,0.05,436,0.01639432833219244,7.904841402337229,19.248636146842443
0,0.05,436,0.01639432833219244,8.146911519198664,23.61346193539443
0,0.05,436,0.01639432833219244,8.3889816360601,25.215759498478306
0,0.05,436,0.01639432833219244,8.631051752921536,24.543387729890355
0,0.05,436,0.01639432833219244,8.873121869782972,22.809549733794235
0,0.05,436,0.01639432833219244,9.115191986644408,21.18400333309197
0,0.05,436,0.01639432833219244,9.357262103505843,20.17647474303225
0,0.05,436,0.01639432833219244,9.599332220367279,19.80470638025268
0,0.05,436,0.01639432833219244,9.841402337228715,20.112000980576315
0,0.05,436,0.01639432833219244,10.083472454090149,21.20829103307763
0,0.05,436,0.01639432833219244,10.325542570951587,23.126828555618097
0,0.05,436,0.01639432833219244,10.567612687813021,25.667083040258447
0,0.05,436,0.01639432833219244,10.809682804674457,28.506769180149263
0,0.05,436,0.01639432833219244,11.051752921535893,31.153040023071934
0,0.05,436,0.01639432833219244,11.293823038397328,33.15589769913063
0,0.05,436,0.01639432833219244,11.535893155258766,34.498260798126665
0,0.05,436,0.01639432833219244,11.7779632721202,35.29141439561503
0,0.05,436,0.01639432833219244,12.020033388981636,35.69702795335714
0,0.05,436,0.01639432833219244,12.262103505843072,35.863320262449
0,0.05,436,0.01639432833219244,12.504173622704506,35.822805220378505
0,0.05,436,0.01639432833219244,12.746243739565944,35.58729054493714
0,0.05,436,0.01639432833219244,12.988313856427379,35.17143955553836
0,0.05,436,0.01639432833219244,13.230383973288815,34.59212409401059
0,0.05,436,0.01639432833219244,13.47245409015025,33.86777716356642
0,0.05,436,0.01639432833219244,13.714524207011687,33.01777136455084
0,0.05,436,0.01639432833219244,13.956594323873121,32.061844198564486
0,0.05,436,0.01639432833219244,14.198664440734557,31.02013182851352
0,0.05,436,0.01639432833219244,14.440734557595993,29.91574810438595
0,0.05,436,0.01639432833219244,14.68280467445743,28.771694077019188
0,0.05,436,0.01639432833219244,14.924874791318866,27.608826545835896
0,0.05,436,0.01639432833219244,15.1669449081803,26.445657980279083
0,0.05,436,0.01639432833219244,15.409015025041736,25.298286436463187
0,0.05,436,0.01639432833219244,15.651085141903172,24.180428653953985
0,0.05,436,0.01639432833219244,15.893155258764608,23.10353493617446
0,0.05,436,0.01639432833219244,16.135225375626042,22.076702477125142
0,0.05,436,0.01639432833219244,16.377295492487477,21.102749618195414
0,0.05,436,0.01639432833219244,16.619365609348915,20.180024664594132
0,0.05,436,0.01639432833219244,16.861435726210352,19.30669794752494
0,0.05,436,0.01639432833219244,17.103505843071787,18.48091771750203
0,0.05,436,0.01639432833219244,17.34557595993322,17.700827592610736
0,0.05,436,0.01639432833219244,17.587646076794655,16.964581555169026
0,0.05,436,0.01639432833219244,17.829716193656093,16.270356749113592
0,0.05,436,0.01639432833219244,18.07178631051753,15.61636211806471
0,0.05,436,0.01639432833219244,18.313856427378965,15.000682177608397
0,0.05,436,0.01639432833219244,18.5559265442404,14.42120218762896
0,0.05,436,0.01639432833219244,18.797996661101834,13.875902184284813
0,0.05,436,0.01639432833219244,19.040066777963272,13.362882057838124
0,0.05,436,0.01639432833219244,19.28213689482471,12.880356129441669
0,0.05,436,0.01639432833219244,19.524207011686144,12.426647813299791
0,0.05,436,0.01639432833219244,19.76627712854758,12.000184401761366
0,0.05,436,0.01639432833219244,20.008347245409013,11.599491996176654
0,0.05,436,0.01639432833219244,20.25041736227045,11.223012699243274
0,0.05,436,0.01639432833219244,20.49248747913189,10.868678659092579
0,0.05,436,0.01639432833219244,20.734557595993323,10.53446616594301
0,0.05,436,0.01639432833219244,20.976627712854757,10.218529342389012
0,0.05,436,0.01639432833219244,21.218697829716195,9.919181700824568
0,0.05,436,0.01639432833219244,21.46076794657763,9.634879953451183
0,0.05,436,0.01639432833219244,21.702838063439064,9.364209800297422
0,0.05,436,0.01639432833219244,21.9449081803005,9.105873457225902
0,0.05,436,0.01639432833219244,22.186978297161936,8.529632793639129
0,0.05,436,0.01639432833219244,22.429048414023374,7.840205333793906
0,0.05,436,0.01639432833219244,22.671118530884808,7.142015659406622
0,0.05,436,0.01639432833219244,22.913188647746242,6.446777704304385
0,0.05,436,0.01639432833219244,23.15525876460768,5.7656024773105985
0,0.05,436,0.01639432833219244,23.397328881469114,5.108550130033964
0,0.05,436,0.01639432833219244,23.639398998330552,4.484269884462699
0,0.05,436,0.01639432833219244,23.881469115191987,3.899746699556119
0,0.05,436,0.01639432833219244,24.12353923205342,3.5117051635079686
0,0.05,436,0.01639432833219244,24.36560934891486,3.2923158038535947
0,0.05,436,0.01639432833219244,24.607679465776293,3.0881661145538186
0,0.05,436,0.01639432833219244,24.84974958263773,2.898776554522253
0,0.05,436,0.01639432833219244,25.091819699499165,2.7235973770896122
0,0.05,436,0.01639432833219244,25.3338898163606,2.562030425237839
0,0.05,436,0.01639432833219244,25.575959933222038,2.4134481011141626
0,0.05,436,0.01639432833219244,25.818030050083472,2.2772096692704364
0,0.05,436,0.01639432833219244,26.06010016694491,2.152675999477673
0,0.05,436,0.01639432833219244,26.302170283806344,2.0393245157207276
0,0.05,436,0.01639432833219244,26.54424040066778,1.9368269492842658
0,0.05,436,0.01639432833219244,26.786310517529216,1.8448534882202927
0,0.05,436,0.01639432833219244,27.02838063439065,1.763068879799473
0,0.05,436,0.01639432833219244,27.27045075125209,1.6911523894961578
0,0.05,436,0.01639432833219244,27.512520868113523,1.6288158343779153
0,0.05,436,0.01639432833219244,27.754590984974957,1.575820282646325
0,0.05,436,0.01639432833219244,27.996661101836395,1.5319920930154438
0,0.05,436,0.01639432833219244,28.23873121869783,1.4970337794639876
0,0.05,436,0.01639432833219244,28.480801335559267,1.4699201637173502
0,0.05,436,0.01639432833219244,28.7228714524207,1.4495730198504027
0,0.05,436,0.01639432833219244,28.964941569282136,1.4350524148421415
0,0.05,436,0.01639432833219244,29.207011686143574,1.4255217460066434
0,0.05,436,0.01639432833219244,29.449081803005008,1.420219365491569
0,0.05,436,0.01639432833219244,29.691151919866446,1.4184354742552558
0,0.05,436,0.01639432833219244,29.93322203672788,1.4194933588424488
0,0.05,436,0.01639432833219244,30.175292153589314,1.4227715373807883
0,0.05,436,0.01639432833219244,30.417362270450752,1.428009840112218
0,0.05,436,0.01639432833219244,30.659432387312187,1.435149804042284
0,0.05,436,0.01639432833219244,30.901502504173624,1.4441412348224236
0,0.05,436,0.01639432833219244,31.14357262103506,1.454939313407161
0,0.05,436,0.01639432833219244,31.385642737896493,1.4675038089039574
0,0.05,436,0.01639432833219244,31.62771285475793,1.481798336626623
0,0.05,436,0.01639432833219244,31.869782971619365,1.4977896530046104
0,0.05,436,0.01639432833219244,32.1118530884808,1.515446980058696
0,0.05,436,0.01639432833219244,32.35392320534224,1.5347413531051546
0,0.05,436,0.01639432833219244,32.59599332220367,1.5556449862172963
0,0.05,436,0.01639432833219244,32.83806343906511,1.5781306507740704
0,0.05,436,0.01639432833219244,33.080133555926544,1.602171063176585
0,0.05,436,0.01639432833219244,33.32220367278798,1.6277382785291326
0,0.05,436,0.01639432833219244,33.56427378964942,1.6548030877736883
0,0.05,436,0.01639432833219244,33.80634390651085,1.6833344164464517
0,0.05,436,0.01639432833219244,34.04841402337229,1.7132987239004855
0,0.05,436,0.01639432833219244,34.29048414023372,1.7446594025172057
0,0.05,436,0.01639432833219244,34.53255425709516,1.7773761771170145
0,0.05,436,0.01639432833219244,34.7746243739566,1.8114045054798398
0,0.05,436,0.01639432833219244,35.016694490818026,1.8466949852390686
0,0.05,436,0.01639432833219244,35.25876460767947,1.8832065539774117
0,0.05,436,0.01639432833219244,35.5008347245409,1.920939025424972
0,0.05,436,0.01639432833219244,35.742904841402336,1.9598999925880143
0,0.05,436,0.01639432833219244,35.98497495826378,2.000095899035175
0,0.05,436,0.01639432833219244,36.227045075125204,2.0415318806642473
0,0.05,436,0.01639432833219244,36.469115191986646,2.084211601577179
0,0.05,436,0.01639432833219244,36.71118530884808,2.128137084129188
0,0.05,436,0.01639432833219244,36.953255425709514,2.173308533277813
0,0.05,436,0.01639432833219244,37.19532554257095,2.2197241554220306
0,0.05,436,0.01639432833219244,37.43739565943239,2.2673799719906182
0,0.05,436,0.01639432833219244,37.679465776293824,2.316269628112758
0,0.05,436,0.01639432833219244,37.92153589315526,2.3663841967823016
0,0.05,436,0.01639432833219244,38.16360601001669,2.417711979010252
0,0.05,436,0.01639432833219244,38.40567612687813,2.4702383005476727
0,0.05,436,0.01639432833219244,38.64774624373957,2.5239453058531676
0,0.05,436,0.01639432833219244,38.889816360601,2.578811750075076
0,0.05,436,0.01639432833219244,39.13188647746244,2.6348127899182128
0,0.05,436,0.01639432833219244,39.37395659432387,2.6919197743678276
0,0.05,436,0.01639432833219244,39.616026711185306,2.750100036349044
0,0.05,436,0.01639432833219244,39.85809682804675,2.809316686507614
0,0.05,436,0.01639432833219244,40.10016694490818,2.869528524750404
0,0.05,436,0.01639432833219244,40.342237061769616,2.930693928333974
0,0.05,436,0.01639432833219244,40.58430717863105,2.9927721861194856
0,0.05,436,0.01639432833219244,40.826377295492485,3.0557187633053706
0,0.05,436,0.01639432833219244,41.068447412353926,3.1194848353718423
0,0.05,436,0.01639432833219244,41.31051752921536,3.1840171476657533
0,0.05,436,0.01639432833219244,41.552587646076795,3.2492578836684114
0,0.05,436,0.01639432833219244,41.79465776293823,3.3151445433293825
0,0.05,436,0.01639432833219244,42.03672787979966,3.3816098329079076
0,0.05,436,0.01639432833219244,42.278797996661105,3.4485815678163254
0,0.05,436,0.01639432833219244,42.52086811352254,3.5159825900059727
0,0.05,436,0.01639432833219244,42.76293823038397,3.583730701474325
0,0.05,436,0.01639432833219244,43.00500834724541,3.6517386155013702
0,0.05,436,0.01639432833219244,43.24707846410684,3.719913927242495
0,0.05,436,0.01639432833219244,43.48914858096828,3.788159105313048
0,0.05,436,0.01639432833219244,43.73121869782972,3.856371505995281
0,0.05,436,0.01639432833219244,43.97328881469115,3.9244434116802824
0,0.05,436,0.01639432833219244,44.215358931552586,3.992262095124688
0,0.05,436,0.01639432833219244,44.45742904841402,4.0597099110533685
0,0.05,436,0.01639432833219244,44.69949916527546,4.126664416573813
0,0.05,436,0.01639432833219244,44.941569282136896,4.192998521784675
0,0.05,436,0.01639432833219244,45.18363939899833,4.258586057424392
0,0.05,436,0.01639432833219244,45.425709515859765,4.3233431739634725
0,0.05,436,0.01639432833219244,45.6677796327212,4.38720865840259
0,0.05,436,0.01639432833219244,45.90984974958264,4.450122024234385
0,0.05,436,0.01639432833219244,46.151919866444075,4.5120234425777825
0,0.05,436,0.01639432833219244,46.39398998330551,4.572853843207949
0,0.05,436,0.01639432833219244,46.636060100166944,4.632555014419012
0,0.05,436,0.01639432833219244,46.87813021702838,4.691069701471665
0,0.05,436,0.01639432833219244,47.12020033388982,4.7483417033818585
0,0.05,436,0.01639432833219244,47.362270450751254,4.804315967811809
0,0.05,436,0.01639432833219244,47.60434056761269,4.85893868383036
0,0.05,436,0.01639432833219244,47.84641068447412,4.9121573723161935
0,0.05,436,0.01639432833219244,48.08848080133556,4.96392097378471
0,0.05,436,0.01639432833219244,48.330550918197,5.014179933427269
0,0.05,436,0.01639432833219244,48.57262103505843,5.062886283160147
0,0.05,436,0.01639432833219244,48.81469115191987,5.109993720489727
0,0.05,436,0.01639432833219244,49.0567612687813,5.155457684010274
0,0.05,436,0.01639432833219244,49.298831385642735,5.199235425360972
0,0.05,436,0.01639432833219244,49.54090150250418,5.241286077479766
0,0.05,436,0.01639432833219244,49.78297161936561,5.2815707190028265
0,0.05,436,0.01639432833219244,50.025041736227045,5.320052443916579
0,0.05,436,0.01639432833219244,50.26711185308848,5.356707670608577
0,0.05,436,0.01639432833219244,50.509181969949914,5.391548567107019
0,0.05,436,0.01639432833219244,50.751252086811355,5.42459667018331
0,0.05,436,0.01639432833219244,50.99332220367279,5.455876778970165
0,0.05,436,0.01639432833219244,51.235392320534224,5.485416819798434
0,0.05,436,0.01639432833219244,51.47746243739566,5.513247707537938
0,0.05,436,0.01639432833219244,51.71953255425709,5.539403204225306
0,0.05,436,0.01639432833219244,51.961602671118534,5.563919775740081
0,0.05,436,0.01639432833219244,52.20367278797997,5.586836447265734
0,0.05,436,0.01639432833219244,52.4457429048414,5.608194658244992
0,0.05,436,0.01639432833219244,52.68781302170284,5.6280381175095
0,0.05,436,0.01639432833219244,52.92988313856427,5.646412659232562
0,0.05,436,0.01639432833219244,53.17195325542571,5.663366100320916
0,0.05,436,0.01639432833219244,53.41402337228715,5.678948099827517
0,0.05,436,0.01639432833219244,53.65609348914858,5.693210020932487
0,0.05,436,0.01639432833219244,53.898163606010016,5.706204796003995
0,0.05,436,0.01639432833219244,54.14023372287145,5.717986795215165
0,0.05,436,0.01639432833219244,54.38230383973289,5.728611699157458
0,0.05,436,0.01639432833219244,54.624373956594326,5.738136375855639
0,0.05,436,0.01639432833219244,54.86644407345576,5.746618762554475
0,0.05,436,0.01639432833219244,55.108514190317194,5.75411752031864
0,0.05,436,0.01639432833219244,55.35058430717863,5.76068524534356
0,0.05,436,0.01639432833219244,55.59265442404007,5.766367332764892
0,0.05,436,0.01639432833219244,55.834724540901504,5.771209348984475
0,0.05,436,0.01639432833219244,56.07679465776294,5.775257394205091
0,0.05,436,0.01639432833219244,56.31886477462437,5.778558035831109
0,0.05,436,0.01639432833219244,56.56093489148581,5.781158245372396
0,0.05,436,0.01639432833219244,56.80300500834725,5.783105338957603
0,0.05,436,0.01639432833219244,57.04507512520868,5.784446921549075
0,0.05,436,0.01639432833219244,57.28714524207012,5.785230834938422
0,0.05,436,0.01639432833219244,57.52921535893155,5.785505109589456
0,0.05,436,0.01639432833219244,57.771285475792986,5.7853179203836405
0,0.05,436,0.01639432833219244,58.01335559265443,5.784717546312525
0,0.05,436,0.01639432833219244,58.25542570951586,5.783752334151864
0,0.05,436,0.01639432833219244,58.497495826377296,5.782470666143216
0,0.05,436,0.01639432833219244,58.73956594323873,5.78092093170083
0,0.05,436,0.01639432833219244,58.981636060100165,5.77915150315463
0,0.05,436,0.01639432833219244,59.223706176961606,5.777210715533955
0,0.05,436,0.01639432833219244,59.46577629382304,5.7751468503915975
0,0.05,436,0.01639432833219244,59.707846410684475,5.773008123663412
0,0.05,436,0.01639432833219244,59.94991652754591,5.770842677555521
0,0.05,436,0.01639432833219244,60.19198664440734,5.76869530710214
0,0.05,436,0.01639432833219244,60.434056761268785,5.7665860382885885
0,0.05,436,0.01639432833219244,60.67612687813022,5.764523581214561
0,0.05,436,0.01639432833219244,60.91819699499165,5.762516569945442
0,0.05,436,0.01639432833219244,61.16026711185309,5.76057362146826
0,0.05,436,0.01639432833219244,61.40233722871452,5.758703336711044
0,0.05,436,0.01639432833219244,61.644407345575964,5.756914301687206
0,0.05,436,0.01639432833219244,61.8864774624374,5.755215088764555
0,0.05,436,0.01639432833219244,62.12854757929883,5.75361425805857
0,0.05,436,0.01639432833219244,62.37061769616027,5.752120358949647
0,0.05,436,0.01639432833219244,62.6126878130217,5.750741931724053
0,0.05,436,0.01639432833219244,62.85475792988314,5.749487509338479
0,0.05,436,0.01639432833219244,63.09682804674458,5.748365619308002
0,0.05,436,0.01639432833219244,63.33889816360601,5.747384785717538
0,0.05,436,0.01639432833219244,63.580968280467445,5.746553531356755
0,0.05,436,0.01639432833219244,63.82303839732888,5.745880379978679
0,0.05,436,0.01639432833219244,64.06510851419031,5.745373858682171
0,0.05,436,0.01639432833219244,64.30717863105176,5.74504250041865
0,0.05,436,0.01639432833219244,64.5492487479132,5.744894846623499
0,0.05,436,0.01639432833219244,64.79131886477462,5.744939449972695
0,0.05,436,0.01639432833219244,65.03338898163605,5.745184867211101
0,0.05,436,0.01639432833219244,65.27545909849749,5.745634066372637
0,0.05,436,0.01639432833219244,65.51752921535893,5.746275111694601
0,0.05,436,0.01639432833219244,65.75959933222038,5.7470936219904045
0,0.05,436,0.01639432833219244,66.0016694490818,5.748075220635622
0,0.05,436,0.01639432833219244,66.24373956594323,5.749205531367327
0,0.05,436,0.01639432833219244,66.48580968280467,5.750470174441757
0,0.05,436,0.01639432833219244,66.72787979966611,5.751854763150016
0,0.05,436,0.01639432833219244,66.96994991652755,5.75334490069192
0,0.05,436,0.01639432833219244,67.21202003338898,5.754926177408195
0,0.05,436,0.01639432833219244,67.45409015025041,5.756584168371481
0,0.05,436,0.01639432833219244,67.69616026711185,5.758304431336801
0,0.05,436,0.01639432833219244,67.93823038397329,5.76007250505225
0,0.05,436,0.01639432833219244,68.18030050083473,5.7618739079308225
0,0.05,436,0.01639432833219244,68.42237061769616,5.763694137084398
0,0.05,436,0.01639432833219244,68.66444073455759,5.765518667720944
0,0.05,436,0.01639432833219244,68.90651085141903,5.767332952906111
0,0.05,436,0.01639432833219244,69.14858096828047,5.769122423690339
0,0.05,436,0.01639432833219244,69.3906510851419,5.770872489602661
0,0.05,436,0.01639432833219244,69.63272120200334,5.77256853951235
0,0.05,436,0.01639432833219244,69.87479131886478,5.774195942859443
0,0.05,436,0.01639432833219244,70.11686143572621,5.7757403666917995
0,0.05,436,0.01639432833219244,70.35893155258765,5.77719534247761
0,0.05,436,0.01639432833219244,70.60100166944908,5.778562640232152
0,0.05,436,0.01639432833219244,70.84307178631052,5.779844420632125
0,0.05,436,0.01639432833219244,71.08514190317196,5.781042846863746
0,0.05,436,0.01639432833219244,71.32721202003339,5.7821600843479635
0,0.05,436,0.01639432833219244,71.56928213689483,5.783198300473394
0,0.05,436,0.01639432833219244,71.81135225375625,5.7841596643369515
0,0.05,436,0.01639432833219244,72.0534223706177,5.785046346492294
0,0.05,436,0.01639432833219244,72.29549248747914,5.78586051870595
0,0.05,436,0.01639432833219244,72.53756260434056,5.7866043537213
0,0.05,436,0.01639432833219244,72.779632721202,5.787280025030291
0,0.05,436,0.01639432833219244,73.02170283806343,5.787889706652976
0,0.05,436,0.01639432833219244,73.26377295492487,5.788435572924859
0,0.05,436,0.01639432833219244,73.50584307178632,5.788919798292018
0,0.05,436,0.01639432833219244,73.74791318864774,5.789344557114096
0,0.05,436,0.01639432833219244,73.98998330550918,5.789712023475039
0,0.05,436,0.01639432833219244,74.23205342237061,5.790024371001697
0,0.05,436,0.01639432833219244,74.47412353923205,5.790283772690203
0,0.05,436,0.01639432833219244,74.7161936560935,5.790492400740177
0,0.05,436,0.01639432833219244,74.95826377295492,5.790652426396712
0,0.05,436,0.01639432833219244,75.20033388981636,5.790766267493799
0,0.05,436,0.01639432833219244,75.44240400667779,5.790838017402641
0,0.05,436,0.01639432833219244,75.68447412353923,5.790872463432199
0,0.05,436,0.01639432833219244,75.92654424040067,5.790874393531772
0,0.05,436,0.01639432833219244,76.1686143572621,5.790848593796933
0,0.05,436,0.01639432833219244,76.41068447412354,5.790799848254302
0,0.05,436,0.01639432833219244,76.65275459098497,5.790732938685434
0,0.05,436,0.01639432833219244,76.89482470784641,5.79065264448981
0,0.05,436,0.01639432833219244,77.13689482470785,5.790563742586831
0,0.05,436,0.01639432833219244,77.37896494156928,5.790471007356772
0,0.05,436,0.01639432833219244,77.62103505843072,5.790379210620645
0,0.05,436,0.01639432833219244,77.86310517529215,5.79029312165892
0,0.05,436,0.01639432833219244,78.10517529215359,5.790217507269005
0,0.05,436,0.01639432833219244,78.34724540901503,5.790157131861469
0,0.05,436,0.01639432833219244,78.58931552587646,5.790116757594945
0,0.05,436,0.01639432833219244,78.8313856427379,5.79010114454964
0,0.05,436,0.01639432833219244,79.07345575959933,5.790115050939418
0,0.05,436,0.01639432833219244,79.31552587646077,5.790163233362432
0,0.05,436,0.01639432833219244,79.55759599332221,5.790250447090208
0,0.05,436,0.01639432833219244,79.79966611018364,5.790381446395238
0,0.05,436,0.01639432833219244,80.04173622704508,5.790560988160828
0,0.05,436,0.01639432833219244,80.2838063439065,5.790794836079392
0,0.05,436,0.01639432833219244,80.52587646076795,5.791091182989769
0,0.05,436,0.01639432833219244,80.76794657762939,5.791458582152499
0,0.05,436,0.01639432833219244,81.01001669449082,5.79190558952623
0,0.05,436,0.01639432833219244,81.25208681135226,5.792440764903301
0,0.05,436,0.01639432833219244,81.49415692821368,5.7930726731712525
0,0.05,436,0.01639432833219244,81.73622704507513,5.793809885700415
0,0.05,436,0.01639432833219244,81.97829716193657,5.794660981857875
0,0.05,436,0.01639432833219244,82.220367278798,5.795634550648019
0,0.05,436,0.01639432833219244,82.46243739565944,5.796739192480104
0,0.05,436,0.01639432833219244,82.70450751252086,5.797983521063197
0,0.05,436,0.01639432833219244,82.9465776293823,5.79937616542909
0,0.05,436,0.01639432833219244,83.18864774624375,5.800925772083655
0,0.05,436,0.01639432833219244,83.43071786310517,5.802641007287446
0,0.05,436,0.01639432833219244,83.67278797996661,5.804530559466181
0,0.05,436,0.01639432833219244,83.91485809682804,5.80660314175208
0,0.05,436,0.01639432833219244,84.15692821368948,5.808867494656986
0,0.05,436,0.01639432833219244,84.39899833055092,5.811332388878283
0,0.05,436,0.01639432833219244,84.64106844741235,5.814006628238918
0,0.05,436,0.01639432833219244,84.88313856427379,5.816899052762763
0,0.05,436,0.01639432833219244,85.12520868113522,5.820018146844071
0,0.05,436,0.01639432833219244,85.36727879799666,5.82336404131053
0,0.05,436,0.01639432833219244,85.6093489148581,5.826928860428811
0,0.05,436,0.01639432833219244,85.85141903171953,5.830704410307696
0,0.05,436,0.01639432833219244,86.09348914858097,5.834682496829039
0,0.05,436,0.01639432833219244,86.3355592654424,5.838854922684577
0,0.05,436,0.01639432833219244,86.57762938230384,5.843213484530441
0,0.05,436,0.01639432833219244,86.81969949916528,5.847749970258941
0,0.05,436,0.01639432833219244,87.06176961602671,5.852456156387464
0,0.05,436,0.01639432833219244,87.30383973288815,5.857323805564329
0,0.05,436,0.01639432833219244,87.54590984974958,5.862344664191594
0,0.05,436,0.01639432833219244,87.78797996661102,5.867510460164902
0,0.05,436,0.01639432833219244,88.03005008347246,5.872812900730507
0,0.05,436,0.01639432833219244,88.27212020033389,5.878243670459816
0,0.05,436,0.01639432833219244,88.51419031719533,5.8837944293417
0,0.05,436,0.01639432833219244,88.75626043405676,5.889456810993064
0,0.05,436,0.01639432833219244,88.9983305509182,5.895222420988168
0,0.05,436,0.01639432833219244,89.24040066777964,5.901082835307236
0,0.05,436,0.01639432833219244,89.48247078464107,5.907029598905021
0,0.05,436,0.01639432833219244,89.72454090150251,5.913054224400015
0,0.05,436,0.01639432833219244,89.96661101836393,5.919148190885034
0,0.05,436,0.01639432833219244,90.20868113522538,5.925302623651422
0,0.05,436,0.01639432833219244,90.45075125208682,5.931506669031779
0,0.05,436,0.01639432833219244,90.69282136894824,5.937748696990184
0,0.05,436,0.01639432833219244,90.93489148580969,5.944017026386641
0,0.05,436,0.01639432833219244,91.17696160267111,5.950299925655166
0,0.05,436,0.01639432833219244,91.41903171953255,5.956585612406397
0,0.05,436,0.01639432833219244,91.661101836394,5.962862253262582
0,0.05,436,0.01639432833219244,91.90317195325542,5.969117963926777
0,0.05,436,0.01639432833219244,92.14524207011686,5.975340809488093
0,0.05,436,0.01639432833219244,92.38731218697829,5.981518804964708
0,0.05,436,0.01639432833219244,92.62938230383973,5.987639916086518
0,0.05,436,0.01639432833219244,92.87145242070117,5.993692060319085
0,0.05,436,0.01639432833219244,93.1135225375626,5.999663108130601
0,0.05,436,0.01639432833219244,93.35559265442404,6.005540884503506
0,0.05,436,0.01639432833219244,93.59766277128547,6.011313170692246
0,0.05,436,0.01639432833219244,93.83973288814691,6.016967706228689
0,0.05,436,0.01639432833219244,94.08180300500835,6.022492191176494
0,0.05,436,0.01639432833219244,94.32387312186978,6.027874288635688
0,0.05,436,0.01639432833219244,94.56594323873122,6.0331016274985
0,0.05,436,0.01639432833219244,94.80801335559265,6.038161805457453
0,0.05,436,0.01639432833219244,95.05008347245409,6.043042402979361
0,0.05,436,0.01639432833219244,95.29215358931553,6.04773306137029
0,0.05,436,0.01639432833219244,95.53422370617696,6.052227974362707
0,0.05,436,0.01639432833219244,95.7762938230384,6.056521942262429
0,0.05,436,0.01639432833219244,96.01836393989983,6.060609770630209
0,0.05,436,0.01639432833219244,96.26043405676127,6.064486271962053
0,0.05,436,0.01639432833219244,96.50250417362271,6.0681462674105635
0,0.05,436,0.01639432833219244,96.74457429048414,6.071584588546803
0,0.05,436,0.01639432833219244,96.98664440734558,6.074796079162342
0,0.05,436,0.01639432833219244,97.228714524207,6.077775597110883
0,0.05,436,0.01639432833219244,97.47078464106845,6.080518016189039
0,0.05,436,0.01639432833219244,97.71285475792989,6.083018228055556
0,0.05,436,0.01639432833219244,97.95492487479132,6.085271144188536
0,0.05,436,0.01639432833219244,98.19699499165276,6.087271697879824
0,0.05,436,0.01639432833219244,98.43906510851419,6.089014846266006
0,0.05,436,0.01639432833219244,98.68113522537563,6.090495572395132
0,0.05,436,0.01639432833219244,98.92320534223707,6.091708887328509
0,0.05,436,0.01639432833219244,99.1652754590985,6.092649832276615
0,0.05,436,0.01639432833219244,99.40734557595994,6.093313480768312
0,0.05,436,0.01639432833219244,99.64941569282136,6.0936949408523935
0,0.05,436,0.01639432833219244,99.8914858096828,6.093789357330521
0,0.05,436,0.01639432833219244,100.13355592654425,6.093592233558972
0,0.05,436,0.01639432833219244,100.37562604340567,6.093104944349082
0,0.05,436,0.01639432833219244,100.61769616026712,6.092333998027214
0,0.05,436,0.01639432833219244,100.85976627712854,6.091286110434622
0,0.05,436,0.01639432833219244,101.10183639398998,6.089968030472089
0,0.05,436,0.01639432833219244,101.34390651085143,6.0883865371093515
0,0.05,436,0.01639432833219244,101.58597662771285,6.086548436462032
0,0.05,436,0.01639432833219244,101.8280467445743,6.084460558937248
0,0.05,436,0.01639432833219244,102.07011686143572,6.082129756449005
0,0.05,436,0.01639432833219244,102.31218697829716,6.079562899704448
0,0.05,436,0.01639432833219244,102.5542570951586,6.076766875561867
0,0.05,436,0.01639432833219244,102.79632721202003,6.073748584461329
0,0.05,436,0.01639432833219244,103.03839732888147,6.070514937928754
0,0.05,436,0.01639432833219244,103.2804674457429,6.067072856154119
0,0.05,436,0.01639432833219244,103.52253756260434,6.063429265644388
0,0.05,436,0.01639432833219244,103.76460767946578,6.059591096951827
0,0.05,436,0.01639432833219244,104.00667779632721,6.055565282478064
0,0.05,436,0.01639432833219244,104.24874791318865,6.051358754354414
0,0.05,436,0.01639432833219244,104.49081803005008,6.046978442398789
0,0.05,436,0.01639432833219244,104.73288814691152,6.042431272149472
0,0.05,436,0.01639432833219244,104.97495826377296,6.03772416297599
0,0.05,436,0.01639432833219244,105.21702838063439,6.0328640262672675
0,0.05,436,0.01639432833219244,105.45909849749583,6.02785776369715
0,0.05,436,0.01639432833219244,105.70116861435726,6.022712265567376
0,0.05,436,0.01639432833219244,105.9432387312187,6.017434409227993
0,0.05,436,0.01639432833219244,106.18530884808014,6.012031057575152
0,0.05,436,0.01639432833219244,106.42737896494157,6.006509057626214
0,0.05,436,0.01639432833219244,106.66944908180301,6.000875239172045
0,0.05,436,0.01639432833219244,106.91151919866444,5.995136413506257
0,0.05,436,0.01639432833219244,107.15358931552588,5.98929937223123
0,0.05,436,0.01639432833219244,107.39565943238732,5.983370886140638
0,0.05,436,0.01639432833219244,107.63772954924875,5.977357704178179
0,0.05,436,0.01639432833219244,107.87979966611019,5.971266552472193
0,0.05,436,0.01639432833219244,108.12186978297161,5.965104133445769
0,0.05,436,0.01639432833219244,108.36393989983306,5.958877125002029
0,0.05,436,0.01639432833219244,108.6060100166945,5.952592179784106
0,0.05,436,0.01639432833219244,108.84808013355592,5.946255924509395
0,0.05,436,0.01639432833219244,109.09015025041737,5.939874959377662
0,0.05,436,0.01639432833219244,109.3322203672788,5.933455857552454
0,0.05,436,0.01639432833219244,109.57429048414023,5.927005164715406
0,0.05,436,0.01639432833219244,109.81636060100168,5.920529398692846
0,0.05,436,0.01639432833219244,110.0584307178631,5.9140350371328445
0,0.05,436,0.01639432833219244,110.30050083472455,5.907526943988348
0,0.05,436,0.01639432833219244,110.54257095158597,5.901006812289162
0,0.05,436,0.01639432833219244,110.78464106844741,5.894475955455773
0,0.05,436,0.01639432833219244,111.02671118530886,5.887935680881166
0,0.05,436,0.01639432833219244,111.26878130217028,5.8813872899160655
0,0.05,436,0.01639432833219244,111.51085141903172,5.87483207785698
0,0.05,436,0.01639432833219244,111.75292153589315,5.868271333937051
0,0.05,436,0.01639432833219244,111.99499165275459,5.861706341319648
0,0.05,436,0.01639432833219244,112.23706176961603,5.855138377094716
0,0.05,436,0.01639432833219244,112.47913188647746,5.848568712277843
0,0.05,436,0.01639432833219244,112.7212020033389,5.841998611812008
0,0.05,436,0.01639432833219244,112.96327212020033,5.83542933457203
0,0.05,436,0.01639432833219244,113.20534223706177,5.828862133371615
0,0.05,436,0.01639432833219244,113.44741235392321,5.822298254973086
0,0.05,436,0.01639432833219244,113.68948247078464,5.815738940099662
0,0.05,436,0.01639432833219244,113.93155258764608,5.8091854234503515
0,0.05,436,0.01639432833219244,114.17362270450751,5.80263893371738
0,0.05,436,0.01639432833219244,114.41569282136895,5.796100693606151
0,0.05,436,0.01639432833219244,114.65776293823039,5.789571919857737
0,0.05,436,0.01639432833219244,114.89983305509182,5.783053823273813
0,0.05,436,0.01639432833219244,115.14190317195326,5.776547608744106
0,0.05,436,0.01639432833219244,115.38397328881469,5.770054475276244
0,0.05,436,0.01639432833219244,115.62604340567613,5.7635756160280405
0,0.05,436,0.01639432833219244,115.86811352253757,5.757112218342183
0,0.05,436,0.01639432833219244,116.110183639399,5.750665463783283
0,0.05,436,0.01639432833219244,116.35225375626044,5.744236528177287
0,0.05,436,0.01639432833219244,116.59432387312187,5.7378265816532155
0,0.05,436,0.01639432833219244,116.8363939899833,5.731436788687217
0,0.05,436,0.01639432833219244,117.07846410684475,5.725068308148921
0,0.05,436,0.01639432833219244,117.32053422370618,5.718722293350039
0,0.05,436,0.01639432833219244,117.56260434056762,5.712399892095231
0,0.05,436,0.01639432833219244,117.80467445742904,5.706102246735206
0,0.05,436,0.01639432833219244,118.04674457429049,5.6998304942220255
0,0.05,436,0.01639432833219244,118.28881469115193,5.693585766166597
0,0.05,436,0.01639432833219244,118.53088480801335,5.687369188898339
0,0.05,436,0.01639432833219244,118.7729549248748,5.6811818835270085
0,0.05,436,0.01639432833219244,119.01502504173622,5.675024966006661
0,0.05,436,0.01639432833219244,119.25709515859766,5.668899547201716
0,0.05,436,0.01639432833219244,119.4991652754591,5.662806732955151
0,0.05,436,0.01639432833219244,119.74123539232053,5.656747624158739
0,0.05,436,0.01639432833219244,119.98330550918197,5.650723316825396
0,0.05,436,0.01639432833219244,120.2253756260434,5.64473466021542
0,0.05,436,0.01639432833219244,120.46744574290484,5.638781310216191
0,0.05,436,0.01639432833219244,120.70951585976628,5.632862559027492
0,0.05,436,0.01639432833219244,120.95158597662771,5.62697770161081
0,0.05,436,0.01639432833219244,121.19365609348915,5.62112603575271
0,0.05,436,0.01639432833219244,121.43572621035058,5.615306862030563
0,0.05,436,0.01639432833219244,121.67779632721202,5.609519483779065
0,0.05,436,0.01639432833219244,121.91986644407346,5.603763207057569
0,0.05,436,0.01639432833219244,122.16193656093489,5.5980373406181965
0,0.05,436,0.01639432833219244,122.40400667779633,5.592341195874723
0,0.05,436,0.01639432833219244,122.64607679465776,5.586674086872281
0,0.05,436,0.01639432833219244,122.8881469115192,5.5810353302577855
0,0.05,436,0.01639432833219244,123.13021702838064,5.575424245251197
0,0.05,436,0.01639432833219244,123.37228714524207,5.569840153617488
0,0.05,436,0.01639432833219244,123.61435726210351,5.56428237963942
0,0.05,436,0.01639432833219244,123.85642737896494,5.5587502500910535
0,0.05,436,0.01639432833219244,124.09849749582638,5.553243094212041
0,0.05,436,0.01639432833219244,124.34056761268782,5.5477602436826325
0,0.05,436,0.01639432833219244,124.58263772954925,5.542301032599465
0,0.05,436,0.01639432833219244,124.82470784641069,5.536864797452078
0,0.05,436,0.01639432833219244,125.06677796327212,5.531450877100175
0,0.05,436,0.01639432833219244,125.30884808013356,5.5260586127516085
0,0.05,436,0.01639432833219244,125.550918196995,5.520687347941119
0,0.05,436,0.01639432833219244,125.79298831385643,5.515336428509788
0,0.05,436,0.01639432833219244,126.03505843071787,5.510005202585211
0,0.05,436,0.01639432833219244,126.2771285475793,5.504693020562419
0,0.05,436,0.01639432833219244,126.51919866444074,5.499399235085466
0,0.05,436,0.01639432833219244,126.76126878130218,5.4941232010298
0,0.05,436,0.01639432833219244,127.0033388981636,5.488864275485282
0,0.05,436,0.01639432833219244,127.24540901502505,5.483621817739949
0,0.05,436,0.01639432833219244,127.48747913188647,5.478395189264472
0,0.05,436,0.01639432833219244,127.72954924874792,5.4731837536973025
0,0.05,436,0.01639432833219244,127.97161936560936,5.467986876830536
0,0.05,436,0.01639432833219244,128.21368948247078,5.462803926596453
0,0.05,436,0.01639432833219244,128.45575959933223,5.457634273054762
0,0.05,436,0.01639432833219244,128.69782971619367,5.452477288380516
0,0.05,436,0.01639432833219244,128.9398998330551,5.447332346852726
0,0.05,436,0.01639432833219244,129.18196994991655,5.442198824843667
0,0.05,436,0.01639432833219244,129.42404006677796,5.437076100808801
0,0.05,436,0.01639432833219244,129.6661101836394,5.431963555277458
0,0.05,436,0.01639432833219244,129.90818030050082,5.426860570844138
0,0.05,436,0.01639432833219244,130.15025041736226,5.421766532160477
0,0.05,436,0.01639432833219244,130.3923205342237,5.416680825927904
0,0.05,436,0.01639432833219244,130.63439065108514,5.411602840890941
0,0.05,436,0.01639432833219244,130.87646076794658,5.406531967831166
0,0.05,436,0.01639432833219244,131.11853088480802,5.4014675995618315
0,0.05,436,0.01639432833219244,131.36060100166947,5.3964091309231375
0,0.05,436,0.01639432833219244,131.6026711185309,5.3913559587781545
0,0.05,436,0.01639432833219244,131.84474123539232,5.386307482009371
0,0.05,436,0.01639432833219244,132.08681135225376,5.381263101515921
0,0.05,436,0.01639432833219244,132.32888146911517,5.376222220211424
0,0.05,436,0.01639432833219244,132.57095158597662,5.371184243022459
0,0.05,436,0.01639432833219244,132.81302170283806,5.366148576887692
0,0.05,436,0.01639432833219244,133.0550918196995,5.36111463075762
0,0.05,436,0.01639432833219244,133.29716193656094,5.3560818155949335
0,0.05,436,0.01639432833219244,133.53923205342238,5.35104954437553
0,0.05,436,0.01639432833219244,133.7813021702838,5.346017232090112
0,0.05,436,0.01639432833219244,134.02337228714524,5.340984295746432
0,0.05,436,0.01639432833219244,134.26544240400668,5.335950154372136
0,0.05,436,0.01639432833219244,134.50751252086812,5.3309142290182185
0,0.05,436,0.01639432833219244,134.74958263772956,5.325875942763093
0,0.05,436,0.01639432833219244,134.99165275459097,5.320834720717259
0,0.05,436,0.01639432833219244,135.23372287145241,5.315789646599367
0,0.05,436,0.01639432833219244,135.47579298831386,5.310738285379042
0,0.05,436,0.01639432833219244,135.7178631051753,5.305677789645264
0,0.05,436,0.01639432833219244,135.95993322203674,5.300605322776235
0,0.05,436,0.01639432833219244,136.20200333889815,5.295518059014039
0,0.05,436,0.01639432833219244,136.4440734557596,5.290413183538716
0,0.05,436,0.01639432833219244,136.68614357262103,5.2852878925573465
0,0.05,436,0.01639432833219244,136.92821368948248,5.280139393407993
0,0.05,436,0.01639432833219244,137.17028380634392,5.274964904678426
0,0.05,436,0.01639432833219244,137.41235392320533,5.269761656339526
0,0.05,436,0.01639432833219244,137.65442404006677,5.264526889893243
0,0.05,436,0.01639432833219244,137.8964941569282,5.259257858535018
0,0.05,436,0.01639432833219244,138.13856427378965,5.253951827330522
0,0.05,436,0.01639432833219244,138.3806343906511,5.248606073406634
0,0.05,436,0.01639432833219244,138.6227045075125,5.2432178861565175
0,0.05,436,0.01639432833219244,138.86477462437395,5.23778456745868
0,0.05,436,0.01639432833219244,139.1068447412354,5.232303431909881
0,0.05,436,0.01639432833219244,139.34891485809683,5.226771807071797
0,0.05,436,0.01639432833219244,139.59098497495827,5.221187033731242
0,0.05,436,0.01639432833219244,139.8330550918197,5.2155464661739
0,0.05,436,0.01639432833219244,140.07512520868113,5.209847472471328
0,0.05,436,0.01639432833219244,140.31719532554257,5.204087434781187
0,0.05,436,0.01639432833219244,140.559265442404,5.19826374966048
0,0.05,436,0.01639432833219244,140.80133555926545,5.192373828391662
0,0.05,436,0.01639432833219244,141.04340567612687,5.186415097321507
0,0.05,436,0.01639432833219244,141.2854757929883,5.180384998212503
0,0.05,436,0.01639432833219244,141.52754590984975,5.174280988606648
0,0.05,436,0.01639432833219244,141.7696160267112,5.16810054220149
0,0.05,436,0.01639432833219244,142.01168614357263,5.161841149238189
0,0.05,436,0.01639432833219244,142.25375626043405,5.155500316901447
0,0.05,436,0.01639432833219244,142.4958263772955,5.149075569731124
0,0.05,436,0.01639432833219244,142.73789649415693,5.142564450045324
0,0.05,436,0.01639432833219244,142.97996661101837,5.135964518374746
0,0.05,436,0.01639432833219244,143.2220367278798,5.129273353908156
0,0.05,436,0.01639432833219244,143.46410684474122,5.1224885549486565
0,0.05,436,0.01639432833219244,143.70617696160267,5.115607739380657
0,0.05,436,0.01639432833219244,143.9482470784641,5.1086285451472255
0,0.05,436,0.01639432833219244,144.19031719532555,5.10154863073763
0,0.05,436,0.01639432833219244,144.432387312187,5.094365675684851
0,0.05,436,0.01639432833219244,144.6744574290484,5.08707738107276
0,0.05,436,0.01639432833219244,144.91652754590984,5.079681470052775
0,0.05,436,0.01639432833219244,145.15859766277129,5.072175688369696
0,0.05,436,0.01639432833219244,145.40066777963273,5.064557804896461
0,0.05,436,0.01639432833219244,145.64273789649417,5.056825612177574
0,0.05,436,0.01639432833219244,145.88480801335558,5.048976926980861
0,0.05,436,0.01639432833219244,146.12687813021702,5.041009590857355
0,0.05,436,0.01639432833219244,146.36894824707846,5.032921470708942
0,0.05,436,0.01639432833219244,146.6110183639399,5.024710459363497
0,0.05,436,0.01639432833219244,146.85308848080135,5.016374476157195
0,0.05,436,0.01639432833219244,147.09515859766276,5.007911467523681
0,0.05,436,0.01639432833219244,147.3372287145242,4.999319407589772
0,0.05,436,0.01639432833219244,147.57929883138564,4.990596298777355
0,0.05,436,0.01639432833219244,147.82136894824708,4.981740172411145
0,0.05,436,0.01639432833219244,148.06343906510853,4.972749089331977
0,0.05,436,0.01639432833219244,148.30550918196994,4.963621140515207
0,0.05,436,0.01639432833219244,148.54757929883138,4.954354447693962
0,0.05,436,0.01639432833219244,148.78964941569282,4.944947163986779
0,0.05,436,0.01639432833219244,149.03171953255426,4.935397474529299
0,0.05,436,0.01639432833219244,149.2737896494157,4.925703597109638
0,0.05,436,0.01639432833219244,149.51585976627712,4.915863782807012
0,0.05,436,0.01639432833219244,149.75792988313856,4.905876316633231
0,0.05,436,0.01639432833219244,150.0,4.8957395181766765
1,0.16,363,0.021151610946484642,5.0,0.0
1,0.16,363,0.021151610946484642,5.242070116861436,0.0
1,0.16,363,0.021151610946484642,5.484140233722871,0.0
1,0.16,363,0.021151610946484642,5.726210350584307,0.0008264534953197956
1,0.16,363,0.021151610946484642,5.968280467445743,0.011037943225087936
1,0.16,363,0.021151610946484642,6.210350584307179,0.05726900748084843
1,0.16,363,0.021151610946484642,6.452420701168615,0.22296084014782244
1,0.16,363,0.021151610946484642,6.69449081803005,0.6945230075218342
1,0.16,363,0.021151610946484642,6.936560934891486,1.8071085720418467
1,0.16,363,0.021151610946484642,7.178631051752921,4.060955516686953
1,0.16,363,0.021151610946484642,7.420701168614357,7.935954667512816
1,0.16,363,0.021151610946484642,7.6627712854757934,13.389787670385157
1,0.16,363,0.021151610946484642,7.904841402337229,19.346002283211394
1,0.16,363,0.021151610946484642,8.146911519198664,23.777015220685808
1,0.16,363,0.021151610946484642,8.3889816360601,25.44159921771277
1,0.16,363,0.021151610946484642,8.631051752921536,24.810749354030424
1,0.16,363,0.021151610946484642,8.873121869782972,23.094332824700714
1,0.16,363,0.021151610946484642,9.115191986644408,21.4696753188629
1,0.16,363,0.021151610946484642,9.357262103505843,20.455598531855195
1,0.16,363,0.021151610946484642,9.599332220367279,20.07549691762928
1,0.16,363,0.021151610946484642,9.841402337228715,20.376549804244398
1,0.16,363,0.021151610946484642,10.083472454090149,21.471851251250246
1,0.16,363,0.021151610946484642,10.325542570951587,23.39475517000699
1,0.16,363,0.021151610946484642,10.567612687813021,25.93993347411713
1,0.16,363,0.021151610946484642,10.809682804674457,28.779257267863176
1,0.16,363,0.021151610946484642,11.051752921535893,31.41366254721563
1,0.16,363,0.021151610946484642,11.293823038397328,33.389380625559305
1,0.16,363,0.021151610946484642,11.535893155258766,34.690246193003794
1,0.16,363,0.021151610946484642,11.7779632721202,35.42947029586565
1,0.16,363,0.021151610946484642,12.020033388981636,35.77054060129973
1,0.16,363,0.021151610946484642,12.262103505843072,35.863347363853244
1,0.16,363,0.021151610946484642,12.504173622704506,35.74326499445288
1,0.16,363,0.021151610946484642,12.746243739565944,35.42532952537411
1,0.16,363,0.021151610946484642,12.988313856427379,34.92739018248742
1,0.16,363,0.021151610946484642,13.230383973288815,34.26932398804955
1,0.16,363,0.021151610946484642,13.47245409015025,33.472275864087685
1,0.16,363,0.021151610946484642,13.714524207011687,32.55795350261799
1,0.16,363,0.021151610946484642,13.956594323873121,31.547998849064253
1,0.16,363,0.021151610946484642,14.198664440734557,30.463738700196423
1,0.16,363,0.021151610946484642,14.440734557595993,29.327333306204594
1,0.16,363,0.021151610946484642,14.68280467445743,28.159988239278828
1,0.16,363,0.021151610946484642,14.924874791318866,26.9807949652225
1,0.16,363,0.021151610946484642,15.1669449081803,25.806589028345726
1,0.16,363,0.021151610946484642,15.409015025041736,24.651916837343343
1,0.16,363,0.021151610946484642,15.651085141903172,23.529089135586798
1,0.16,363,0.021151610946484642,15.893155258764608,22.44830233112828
1,0.16,363,0.021151610946484642,16.135225375626042,21.417585152831517
1,0.16,363,0.021151610946484642,16.377295492487477,20.4394679720097
1,0.16,363,0.021151610946484642,16.619365609348915,19.512573857281915
1,0.16,363,0.021151610946484642,16.861435726210352,18.635311144090675
1,0.16,363,0.021151610946484642,17.103505843071787,17.806016920963746
1,0.16,363,0.021151610946484642,17.34557595993322,17.022981054551416
1,0.16,363,0.021151610946484642,17.587646076794655,16.284467235898678
1,0.16,363,0.021151610946484642,17.829716193656093,15.58873129992706
1,0.16,363,0.021151610946484642,18.07178631051753,14.934033446818663
1,0.16,363,0.021151610946484642,18.313856427378965,14.318380025697213
1,0.16,363,0.021151610946484642,18.5559265442404,13.739402469350685
1,0.16,363,0.021151610946484642,18.797996661101834,13.194842391973477
1,0.16,363,0.021151610946484642,19.040066777963272,12.682591914901659
1,0.16,363,0.021151610946484642,19.28213689482471,12.200684121107631
1,0.16,363,0.021151610946484642,19.524207011686144,11.747284040632236
1,0.16,363,0.021151610946484642,19.76627712854758,11.320680156571063
1,0.16,363,0.021151610946484642,20.008347245409013,10.919276412263162
1,0.16,363,0.021151610946484642,20.25041736227045,10.541449622664326
1,0.16,363,0.021151610946484642,20.49248747913189,10.185224886102302
1,0.16,363,0.021151610946484642,20.734557595993323,9.848696671463783
1,0.16,363,0.021151610946484642,20.976627712854757,9.530127549760294
1,0.16,363,0.021151610946484642,21.218697829716195,9.227931238141025
1,0.16,363,0.021151610946484642,21.46076794657763,8.940657652713725
1,0.16,363,0.021151610946484642,21.702838063439064,8.666979728029427
1,0.16,363,0.021151610946484642,21.9449081803005,8.405681792391078
1,0.16,363,0.021151610946484642,22.186978297161936,7.792101009708136
1,0.16,363,0.021151610946484642,22.429048414023374,7.089632559409003
1,0.16,363,0.021151610946484642,22.671118530884808,6.410945201257362
1,0.16,363,0.021151610946484642,22.913188647746242,5.760731388366686
1,0.16,363,0.021151610946484642,23.15525876460768,5.143195834171197
1,0.16,363,0.021151610946484642,23.397328881469114,4.561898711738877
1,0.16,363,0.021151610946484642,23.639398998330552,4.019640768597195
1,0.16,363,0.021151610946484642,23.881469115191987,3.518393244139701
1,0.16,363,0.021151610946484642,24.12353923205342,3.195177567939316
1,0.16,363,0.021151610946484642,24.36560934891486,3.020618675336292
1,0.16,363,0.021151610946484642,24.607679465776293,2.856460233477513
1,0.16,363,0.021151610946484642,24.84974958263773,2.702589613490366
1,0.16,363,0.021151610946484642,25.091819699499165,2.5588209595757414
1,0.16,363,0.021151610946484642,25.3338898163606,2.424910820796312
1,0.16,363,0.021151610946484642,25.575959933222038,2.3005723187667715
1,0.16,363,0.021151610946484642,25.818030050083472,2.185487846657809
1,0.16,363,0.021151610946484642,26.06010016694491,2.0793212515959727
1,0.16,363,0.021151610946484642,26.302170283806344,1.9818334118329712
1,0.16,363,0.021151610946484642,26.54424040066778,1.8929639352093603
1,0.16,363,0.021151610946484642,26.786310517529216,1.8126322693647396
1,0.16,363,0.021151610946484642,27.02838063439065,1.7407313795911958
1,0.16,363,0.021151610946484642,27.27045075125209,1.677146426141428
1,0.16,363,0.021151610946484642,27.512520868113523,1.6217721672408076
1,0.16,363,0.021151610946484642,27.754590984974957,1.5745294585990384
1,0.16,363,0.021151610946484642,27.996661101836395,1.535381317561713
1,0.16,363,0.021151610946484642,28.23873121869783,1.5041577790158178
1,0.16,363,0.021151610946484642,28.480801335559267,1.479990956097942
1,0.16,363,0.021151610946484642,28.7228714524207,1.4619417654950864
1,0.16,363,0.021151610946484642,28.964941569282136,1.4491830063122668
1,0.16,363,0.021151610946484642,29.207011686143574,1.4409712857148542
1,0.16,363,0.021151610946484642,29.449081803005008,1.4366240349247341
1,0.16,363,0.021151610946484642,29.691151919866446,1.4355006540283877
1,0.16,363,0.021151610946484642,29.93322203672788,1.4369871064815234
1,0.16,363,0.021151610946484642,30.175292153589314,1.4405174853719012
1,0.16,363,0.021151610946484642,30.417362270450752,1.4458546856418308
1,0.16,363,0.021151610946484642,30.659432387312187,1.4529451815092131
1,0.16,363,0.021151610946484642,30.901502504173624,1.4617424375736499
1,0.16,363,0.021151610946484642,31.14357262103506,1.4722043280007622
1,0.16,363,0.021151610946484642,31.385642737896493,1.4842924728035956
1,0.16,363,0.021151610946484642,31.62771285475793,1.497971609941413
1,0.16,363,0.021151610946484642,31.869782971619365,1.5132089969229046
1,0.16,363,0.021151610946484642,32.1118530884808,1.5299738364047786
1,0.16,363,0.021151610946484642,32.35392320534224,1.548236721005698
1,0.16,363,0.021151610946484642,32.59599332220367,1.5679690932246173
1,0.16,363,0.021151610946484642,32.83806343906511,1.589142716974766
1,0.16,363,0.021151610946484642,33.080133555926544,1.6117291578310857
1,0.16,363,0.021151610946484642,33.32220367278798,1.6356992696496955
1,0.16,363,0.021151610946484642,33.56427378964942,1.6610226857611827
1,0.16,363,0.021151610946484642,33.80634390651085,1.6876673134724582
1,0.16,363,0.021151610946484642,34.04841402337229,1.7155988311404173
1,0.16,363,0.021151610946484642,34.29048414023372,1.74478018760954
1,0.16,363,0.021151610946484642,34.53255425709516,1.7751711043386056
1,0.16,363,0.021151610946484642,34.7746243739566,1.8067275810813272
1,0.16,363,0.021151610946484642,35.016694490818026,1.8394014099664022
1,0.16,363,0.021151610946484642,35.25876460767947,1.8731526939094858
1,0.16,363,0.021151610946484642,35.5008347245409,1.9079804580050466
1,0.16,363,0.021151610946484642,35.742904841402336,1.943891298743285
1,0.16,363,0.021151610946484642,35.98497495826378,1.9808909778524126
1,0.16,363,0.021151610946484642,36.227045075125204,2.0189843080997636
1,0.16,363,0.021151610946484642,36.469115191986646,2.058175035010293
1,0.16,363,0.021151610946484642,36.71118530884808,2.0984657145224426
1,0.16,363,0.021151610946484642,36.953255425709514,2.1398575866363814
1,0.16,363,0.021151610946484642,37.19532554257095,2.1823504451470437
1,0.16,363,0.021151610946484642,37.43739565943239,2.2259425035946108
1,0.16,363,0.021151610946484642,37.679465776293824,2.2706302576079374
1,0.16,363,0.021151610946484642,37.92153589315526,2.3164083438620557
1,0.16,363,0.021151610946484642,38.16360601001669,2.3632693959191915
1,0.16,363,0.021151610946484642,38.40567612687813,2.411203897273779
1,0.16,363,0.021151610946484642,38.64774624373957,2.460200031975591
1,0.16,363,0.021151610946484642,38.889816360601,2.5102435332612383
1,0.16,363,0.021151610946484642,39.13188647746244,2.561317530682861
1,0.16,363,0.021151610946484642,39.37395659432387,2.6134023962834587
1,0.16,363,0.021151610946484642,39.616026711185306,2.666475590431021
1,0.16,363,0.021151610946484642,39.85809682804675,2.720511507987886
1,0.16,363,0.021151610946484642,40.10016694490818,2.775481397986706
1,0.16,363,0.021151610946484642,40.342237061769616,2.8313557976032344
1,0.16,363,0.021151610946484642,40.58430717863105,2.8881053336450417
1,0.16,363,0.021151610946484642,40.826377295492485,2.945697686676833
1,0.16,363,0.021151610946484642,41.068447412353926,3.00409726669674
1,0.16,363,0.021151610946484642,41.31051752921536,3.063265094498461
1,0.16,363,0.021151610946484642,41.552587646076795,3.123158687711912
1,0.16,363,0.021151610946484642,41.79465776293823,3.183731952412371
1,0.16,363,0.021151610946484642,42.03672787979966,3.244935081233233
1,0.16,363,0.021151610946484642,42.278797996661105,3.306714458960037
1,0.16,363,0.021151610946484642,42.52086811352254,3.3690125766230743
1,0.16,363,0.021151610946484642,42.76293823038397,3.431767955141856
1,0.16,363,0.021151610946484642,43.00500834724541,3.4949150796064004
1,0.16,363,0.021151610946484642,43.24707846410684,3.5583843453071458
1,0.16,363,0.021151610946484642,43.48914858096828,3.6221020166464117
1,0.16,363,0.021151610946484642,43.73121869782972,3.6859902000791984
1,0.16,363,0.021151610946484642,43.97328881469115,3.7499668322389335
1,0.16,363,0.021151610946484642,44.215358931552586,3.8139456844037762
1,0.16,363,0.021151610946484642,44.45742904841402,3.877836384450727
1,0.16,363,0.021151610946484642,44.69949916527546,3.94154445742712
1,0.16,363,0.021151610946484642,44.941569282136896,4.004971385841636
1,0.16,363,0.021151610946484642,45.18363939899833,4.0680188502037185
1,0.16,363,0.021151610946484642,45.425709515859765,4.130620649593612
1,0.16,363,0.021151610946484642,45.6677796327212,4.192727477491443
1,0.16,363,0.021151610946484642,45.90984974958264,4.254289986190123
1,0.16,363,0.021151610946484642,46.151919866444075,4.315258719601012
1,0.16,363,0.021151610946484642,46.39398998330551,4.375584178973824
1,0.16,363,0.021151610946484642,46.636060100166944,4.4352168894988635
1,0.16,363,0.021151610946484642,46.87813021702838,4.494107467667097
1,0.16,363,0.021151610946484642,47.12020033388982,4.552206689260264
1,0.16,363,0.021151610946484642,47.362270450751254,4.609465557840401
1,0.16,363,0.021151610946484642,47.60434056761269,4.665835373605579
1,0.16,363,0.021151610946484642,47.84641068447412,4.721267802476404
1,0.16,363,0.021151610946484642,48.08848080133556,4.775714945275986
1,0.16,363,0.021151610946484642,48.330550918197,4.8291294068644985
1,0.16,363,0.021151610946484642,48.57262103505843,4.8814643650883065
1,0.16,363,0.021151610946484642,48.81469115191987,4.9326736394028305
1,0.16,363,0.021151610946484642,49.0567612687813,4.982711759027855
1,0.16,363,0.021151610946484642,49.298831385642735,5.0315340304939085
1,0.16,363,0.021151610946484642,49.54090150250418,5.0790966044387345
1,0.16,363,0.021151610946484642,49.78297161936561,5.125356541513469
1,0.16,363,0.021151610946484642,50.025041736227045,5.170271883901988
1,0.16,363,0.021151610946484642,50.26711185308848,5.213809815487678
1,0.16,363,0.021151610946484642,50.509181969949914,5.255962910860497
1,0.16,363,0.021151610946484642,50.751252086811355,5.296730320680704
1,0.16,363,0.021151610946484642,50.99332220367279,5.336113443893758
1,0.16,363,0.021151610946484642,51.235392320534224,5.37411588259159
1,0.16,363,0.021151610946484642,51.47746243739566,5.4107433932276985
1,0.16,363,0.021151610946484642,51.71953255425709,5.446003834488496
1,0.16,363,0.021151610946484642,51.961602671118534,5.4799071121249785
1,0.16,363,0.021151610946484642,52.20367278797997,5.512465121049116
1,0.16,363,0.021151610946484642,52.4457429048414,5.543691684998303
1,0.16,363,0.021151610946484642,52.68781302170284,5.573602494068952
1,0.16,363,0.021151610946484642,52.92988313856427,5.602215040416889
1,0.16,363,0.021151610946484642,53.17195325542571,5.629548552417758
1,0.16,363,0.021151610946484642,53.41402337228715,5.655623927575083
1,0.16,363,0.021151610946484642,53.65609348914858,5.680463664457275
1,0.16,363,0.021151610946484642,53.898163606010016,5.704091793937608
1,0.16,363,0.021151610946484642,54.14023372287145,5.7265338100032706
1,0.16,363,0.021151610946484642,54.38230383973289,5.747816600390841
1,0.16,363,0.021151610946484642,54.624373956594326,5.767968377296477
1,0.16,363,0.021151610946484642,54.86644407345576,5.78701860839927
1,0.16,363,0.021151610946484642,55.108514190317194,5.804997891939799
1,0.16,363,0.021151610946484642,55.35058430717863,5.821936261064623
1,0.16,363,0.021151610946484642,55.59265442404007,5.837862850070033
1,0.16,363,0.021151610946484642,55.834724540901504,5.852807638319253
1,0.16,363,0.021151610946484642,56.07679465776294,5.866801497054846
1,0.16,363,0.021151610946484642,56.31886477462437,5.879876132309124
1,0.16,363,0.021151610946484642,56.56093489148581,5.892064029042997
1,0.16,363,0.021151610946484642,56.80300500834725,5.903398396650123
1,0.16,363,0.021151610946484642,57.04507512520868,5.913913115954241
1,0.16,363,0.021151610946484642,57.28714524207012,5.923642687818889
1,0.16,363,0.021151610946484642,57.52921535893155,5.932622183479999
1,0.16,363,0.021151610946484642,57.771285475792986,5.940887196703405
1,0.16,363,0.021151610946484642,58.01335559265443,5.948473797861016
1,0.16,363,0.021151610946484642,58.25542570951586,5.95541849001135
1,0.16,363,0.021151610946484642,58.497495826377296,5.961758167062378
1,0.16,363,0.021151610946484642,58.73956594323873,5.967530074087063
1,0.16,363,0.021151610946484642,58.981636060100165,5.972771769854917
1,0.16,363,0.021151610946484642,59.223706176961606,5.977521091635974
1,0.16,363,0.021151610946484642,59.46577629382304,5.981816122327173
1,0.16,363,0.021151610946484642,59.707846410684475,5.985695159945058
1,0.16,363,0.021151610946484642,59.94991652754591,5.989196689522952
1,0.16,363,0.021151610946484642,60.19198664440734,5.9923575913964955
1,0.16,363,0.021151610946484642,60.434056761268785,5.9952015291755645
1,0.16,363,0.021151610946484642,60.67612687813022,5.997746155002637
1,0.16,363,0.021151610946484642,60.91819699499165,6.00000916022823
1,0.16,363,0.021151610946484642,61.16026711185309,6.002008298192489
1,0.16,363,0.021151610946484642,61.40233722871452,6.003761376187262
1,0.16,363,0.021151610946484642,61.644407345575964,6.0052862479393125
1,0.16,363,0.021151610946484642,61.8864774624374,6.006600806618655
1,0.16,363,0.021151610946484642,62.12854757929883,6.007722978375344
1,0.16,363,0.021151610946484642,62.37061769616027,6.008670716407566
1,0.16,363,0.021151610946484642,62.6126878130217,6.009461995563301
1,0.16,363,0.021151610946484642,62.85475792988314,6.010114807477455
1,0.16,363,0.021151610946484642,63.09682804674458,6.0106471562457875
1,0.16,363,0.021151610946484642,63.33889816360601,6.011077054636758
1,0.16,363,0.021151610946484642,63.580968280467445,6.011422520841934
1,0.16,363,0.021151610946484642,63.82303839732888,6.011701575765408
1,0.16,363,0.021151610946484642,64.06510851419031,6.011932240852378
1,0.16,363,0.021151610946484642,64.30717863105176,6.012132536456873
1,0.16,363,0.021151610946484642,64.5492487479132,6.012320480748451
1,0.16,363,0.021151610946484642,64.79131886477462,6.012514089157561
1,0.16,363,0.021151610946484642,65.03338898163605,6.012731363838025
1,0.16,363,0.021151610946484642,65.27545909849749,6.0129844387113325
1,0.16,363,0.021151610946484642,65.51752921535893,6.013269832369991
1,0.16,363,0.021151610946484642,65.75959933222038,6.0135814894147055
1,0.16,363,0.021151610946484642,66.0016694490818,6.013913348802337
1,0.16,363,0.021151610946484642,66.24373956594323,6.01425934368705
1,0.16,363,0.021151610946484642,66.48580968280467,6.014613401320863
1,0.16,363,0.021151610946484642,66.72787979966611,6.014969443013821
1,0.16,363,0.021151610946484642,66.96994991652755,6.015321384154036
1,0.16,363,0.021151610946484642,67.21202003338898,6.015663134287817
1,0.16,363,0.021151610946484642,67.45409015025041,6.01598859726008
1,0.16,363,0.021151610946484642,67.69616026711185,6.016291671415254
1,0.16,363,0.021151610946484642,67.93823038397329,6.016566249858923
1,0.16,363,0.021151610946484642,68.18030050083473,6.016806220780331
1,0.16,363,0.021151610946484642,68.42237061769616,6.017005467835991
1,0.16,363,0.021151610946484642,68.66444073455759,6.01715787059453
1,0.16,363,0.021151610946484642,68.90651085141903,6.01725730504296
1,0.16,363,0.021151610946484642,69.14858096828047,6.017297644154472
1,0.16,363,0.021151610946484642,69.3906510851419,6.0172727585179135
1,0.16,363,0.021151610946484642,69.63272120200334,6.01717651702904
1,0.16,363,0.021151610946484642,69.87479131886478,6.0170027876436
1,0.16,363,0.021151610946484642,70.11686143572621,6.016745686183929
1,0.16,363,0.021151610946484642,70.35893155258765,6.016405522366645
1,0.16,363,0.021151610946484642,70.60100166944908,6.015989083413118
1,0.16,363,0.021151610946484642,70.84307178631052,6.015503459192816
1,0.16,363,0.021151610946484642,71.08514190317196,6.0149557363885355
1,0.16,363,0.021151610946484642,71.32721202003339,6.014352997776389
1,0.16,363,0.021151610946484642,71.56928213689483,6.013702321588716
1,0.16,363,0.021151610946484642,71.81135225375625,6.013010780959749
1,0.16,363,0.021151610946484642,72.0534223706177,6.012285443454006
1,0.16,363,0.021151610946484642,72.29549248747914,6.011533370677138
1,0.16,363,0.021151610946484642,72.53756260434056,6.0107616179691865
1,0.16,363,0.021151610946484642,72.779632721202,6.009977234180021
1,0.16,363,0.021151610946484642,73.02170283806343,6.00918726152679
1,0.16,363,0.021151610946484642,73.26377295492487,6.008398735533242
1,0.16,363,0.021151610946484642,73.50584307178632,6.007618685050662
1,0.16,363,0.021151610946484642,73.74791318864774,6.006854132360355
1,0.16,363,0.021151610946484642,73.98998330550918,6.006112093357361
1,0.16,363,0.021151610946484642,74.23205342237061,6.005399577815345
1,0.16,363,0.021151610946484642,74.47412353923205,6.004723589732438
1,0.16,363,0.021151610946484642,74.7161936560935,6.004091127757909
1,0.16,363,0.021151610946484642,74.95826377295492,6.00350918569947
1,0.16,363,0.021151610946484642,75.20033388981636,6.002983670892838
1,0.16,363,0.021151610946484642,75.44240400667779,6.002513161959045
1,0.16,363,0.021151610946484642,75.68447412353923,6.002093199531745
1,0.16,363,0.021151610946484642,75.92654424040067,6.001719314469624
1,0.16,363,0.021151610946484642,76.1686143572621,6.001387037320122
1,0.16,363,0.021151610946484642,76.41068447412354,6.001091898029041
1,0.16,363,0.021151610946484642,76.65275459098497,6.000829425682562
1,0.16,363,0.021151610946484642,76.89482470784641,6.0005951482818
1,0.16,363,0.021151610946484642,77.13689482470785,6.000384592549889
1,0.16,363,0.021151610946484642,77.37896494156928,6.000193283771665
1,0.16,363,0.021151610946484642,77.62103505843072,6.0000167456660325
1,0.16,363,0.021151610946484642,77.86310517529215,5.999850500291051
1,0.16,363,0.021151610946484642,78.10517529215359,5.999690067981801
1,0.16,363,0.021151610946484642,78.34724540901503,5.9995309673211175
1,0.16,363,0.021151610946484642,78.58931552587646,5.999368715143223
1,0.16,363,0.021151610946484642,78.8313856427379,5.999198826570353
1,0.16,363,0.021151610946484642,79.07345575959933,5.999016815082406
1,0.16,363,0.021151610946484642,79.31552587646077,5.998818192619715
1,0.16,363,0.021151610946484642,79.55759599332221,5.998598469718928
1,0.16,363,0.021151610946484642,79.79966611018364,5.9983531556821665
1,0.16,363,0.021151610946484642,80.04173622704508,5.99807775750504
1,0.16,363,0.021151610946484642,80.2838063439065,5.997767385812599
1,0.16,363,0.021151610946484642,80.52587646076795,5.997416196870778
1,0.16,363,0.021151610946484642,80.76794657762939,5.997018206187958
1,0.16,363,0.021151610946484642,81.01001669449082,5.99656742991632
1,0.16,363,0.021151610946484642,81.25208681135226,5.996057885374762
1,0.16,363,0.021151610946484642,81.49415692821368,5.99548359163133
1,0.16,363,0.021151610946484642,81.73622704507513,5.9948385701450615
1,0.16,363,0.021151610946484642,81.97829716193657,5.994116845467315
1,0.16,363,0.021151610946484642,82.220367278798,5.993312446002424
1,0.16,363,0.021151610946484642,82.46243739565944,5.992419404827664
1,0.16,363,0.021151610946484642,82.70450751252086,5.99143176057242
1,0.16,363,0.021151610946484642,82.9465776293823,5.990343558356445
1,0.16,363,0.021151610946484642,83.18864774624375,5.989148850787009
1,0.16,363,0.021151610946484642,83.43071786310517,5.987841699014852
1,0.16,363,0.021151610946484642,83.67278797996661,5.986416173848623
1,0.16,363,0.021151610946484642,83.91485809682804,5.984866356927693
1,0.16,363,0.021151610946484642,84.15692821368948,5.983186341952964
1,0.16,363,0.021151610946484642,84.39899833055092,5.981370235975429
1,0.16,363,0.021151610946484642,84.64106844741235,5.979412160742131
1,0.16,363,0.021151610946484642,84.88313856427379,5.977306254099157
1,0.16,363,0.021151610946484642,85.12520868113522,5.97504701942474
1,0.16,363,0.021151610946484642,85.36727879799666,5.972636366476217
1,0.16,363,0.021151610946484642,85.6093489148581,5.970083272171315
1,0.16,363,0.021151610946484642,85.85141903171953,5.967396990049028
1,0.16,363,0.021151610946484642,86.09348914858097,5.964586765153496
1,0.16,363,0.021151610946484642,86.3355592654424,5.961661832082608
1,0.16,363,0.021151610946484642,86.57762938230384,5.958631413178979
1,0.16,363,0.021151610946484642,86.81969949916528,5.955504716863121
1,0.16,363,0.021151610946484642,87.06176961602671,5.952290936108596
1,0.16,363,0.021151610946484642,87.30383973288815,5.948999247058848
1,0.16,363,0.021151610946484642,87.54590984974958,5.945638807785382
1,0.16,363,0.021151610946484642,87.78797996661102,5.942218757186858
1,0.16,363,0.021151610946484642,88.03005008347246,5.938748214028645
1,0.16,363,0.021151610946484642,88.27212020033389,5.935236276122356
1,0.16,363,0.021151610946484642,88.51419031719533,5.931692019644797
1,0.16,363,0.021151610946484642,88.75626043405676,5.928124498595777
1,0.16,363,0.021151610946484642,88.9983305509182,5.924542744394176
1,0.16,363,0.021151610946484642,89.24040066777964,5.920955765611672
1,0.16,363,0.021151610946484642,89.48247078464107,5.917372547843457
1,0.16,363,0.021151610946484642,89.72454090150251,5.91380205371537
1,0.16,363,0.021151610946484642,89.96661101836393,5.910253223026761
1,0.16,363,0.021151610946484642,90.20868113522538,5.906734853560048
1,0.16,363,0.021151610946484642,90.45075125208682,5.903254995578216
1,0.16,363,0.021151610946484642,90.69282136894824,5.899821407217079
1,0.16,363,0.021151610946484642,90.93489148580969,5.896441827715821
1,0.16,363,0.021151610946484642,91.17696160267111,5.893123978584447
1,0.16,363,0.021151610946484642,91.41903171953255,5.889875564382593
1,0.16,363,0.021151610946484642,91.661101836394,5.886704273598859
1,0.16,363,0.021151610946484642,91.90317195325542,5.883617779630388
1,0.16,363,0.021151610946484642,92.14524207011686,5.880623741862356
1,0.16,363,0.021151610946484642,92.38731218697829,5.877729806847066
1,0.16,363,0.021151610946484642,92.62938230383973,5.874943609582442
1,0.16,363,0.021151610946484642,92.87145242070117,5.872272774889734
1,0.16,363,0.021151610946484642,93.1135225375626,5.869724918890248
1,0.16,363,0.021151610946484642,93.35559265442404,5.867307650581086
1,0.16,363,0.021151610946484642,93.59766277128547,5.865028573509788
1,0.16,363,0.021151610946484642,93.83973288814691,5.862895287547954
1,0.16,363,0.021151610946484642,94.08180300500835,5.860915390763922
1,0.16,363,0.021151610946484642,94.32387312186978,5.8590964813946655
1,0.16,363,0.021151610946484642,94.56594323873122,5.857446159917107
1,0.16,363,0.021151610946484642,94.80801335559265,5.855972031219215
1,0.16,363,0.021151610946484642,95.05008347245409,5.854681669244396
1,0.16,363,0.021151610946484642,95.29215358931553,5.85357534015392
1,0.16,363,0.021151610946484642,95.53422370617696,5.852637315989964
1,0.16,363,0.021151610946484642,95.7762938230384,5.851849774894704
1,0.16,363,0.021151610946484642,96.01836393989983,5.8511949162156975
1,0.16,363,0.021151610946484642,96.26043405676127,5.850654956216644
1,0.16,363,0.021151610946484642,96.50250417362271,5.850212124329739
1,0.16,363,0.021151610946484642,96.74457429048414,5.8498486599483845
1,0.16,363,0.021151610946484642,96.98664440734558,5.84954680975945
1,0.16,363,0.021151610946484642,97.228714524207,5.849288825614406
1,0.16,363,0.021151610946484642,97.47078464106845,5.849056962938958
1,0.16,363,0.021151610946484642,97.71285475792989,5.848833479680854
1,0.16,363,0.021151610946484642,97.95492487479132,5.848600635795812
1,0.16,363,0.021151610946484642,98.19699499165276,5.848340693271362
1,0.16,363,0.021151610946484642,98.43906510851419,5.848035916688656
1,0.16,363,0.021151610946484642,98.68113522537563,5.847668574322044
1,0.16,363,0.021151610946484642,98.92320534223707,5.847220939776348
1,0.16,363,0.021151610946484642,99.1652754590985,5.846675294161491
1,0.16,363,0.021151610946484642,99.40734557595994,5.8460139288040684
1,0.16,363,0.021151610946484642,99.64941569282136,5.845219148495198
1,0.16,363,0.021151610946484642,99.8914858096828,5.84427327527375
1,0.16,363,0.021151610946484642,100.13355592654425,5.843159200883372
1,0.16,363,0.021151610946484642,100.37562604340567,5.841869842855716
1,0.16,363,0.021151610946484642,100.61769616026712,5.840406874189631
1,0.16,363,0.021151610946484642,100.85976627712854,5.838772274939976
1,0.16,363,0.021151610946484642,101.10183639398998,5.836968037594596
1,0.16,363,0.021151610946484642,101.34390651085143,5.834996166521524
1,0.16,363,0.021151610946484642,101.58597662771285,5.8328586774210605
1,0.16,363,0.021151610946484642,101.8280467445743,5.830557596782855
1,0.16,363,0.021151610946484642,102.07011686143572,5.82809496134812
1,0.16,363,0.021151610946484642,102.31218697829716,5.825472817577134
1,0.16,363,0.021151610946484642,102.5542570951586,5.822693221122151
1,0.16,363,0.021151610946484642,102.79632721202003,5.819758236305824
1,0.16,363,0.021151610946484642,103.03839732888147,5.81666993560529
1,0.16,363,0.021151610946484642,103.2804674457429,5.813430399142027
1,0.16,363,0.021151610946484642,103.52253756260434,5.810041714177555
1,0.16,363,0.021151610946484642,103.76460767946578,5.806505974615151
1,0.16,363,0.021151610946484642,104.00667779632721,5.8028252805076335
1,0.16,363,0.021151610946484642,104.24874791318865,5.799001737571299
1,0.16,363,0.021151610946484642,104.49081803005008,5.79503745670618
1,0.16,363,0.021151610946484642,104.73288814691152,5.79093455352263
1,0.16,363,0.021151610946484642,104.97495826377296,5.7866951478743545
1,0.16,363,0.021151610946484642,105.21702838063439,5.78232136339798
1,0.16,363,0.021151610946484642,105.45909849749583,5.777815327059211
1,0.16,363,0.021151610946484642,105.70116861435726,5.773179168705676
1,0.16,363,0.021151610946484642,105.9432387312187,5.768415020626495
1,0.16,363,0.021151610946484642,106.18530884808014,5.76352501711867
1,0.16,363,0.021151610946484642,106.42737896494157,5.7585112940603125
1,0.16,363,0.021151610946484642,106.66944908180301,5.753375988490831
1,0.16,363,0.021151610946484642,106.91151919866444,5.748121238198056
1,0.16,363,0.021151610946484642,107.15358931552588,5.742749181312408
1,0.16,363,0.021151610946484642,107.39565943238732,5.737261955908104
1,0.16,363,0.021151610946484642,107.63772954924875,5.731661699611507
1,0.16,363,0.021151610946484642,107.87979966611019,5.725950549216596
1,0.16,363,0.021151610946484642,108.12186978297161,5.7201306403076
1,0.16,363,0.021151610946484642,108.36393989983306,5.714204106888875
1,0.16,363,0.021151610946484642,108.6060100166945,5.708173081021992
1,0.16,363,0.021151610946484642,108.84808013355592,5.70203969247007
1,0.16,363,0.021151610946484642,109.09015025041737,5.695806068349424
1,0.16,363,0.021151610946484642,109.3322203672788,5.689474332788475
1,0.16,363,0.021151610946484642,109.57429048414023,5.683046606593975
1,0.16,363,0.021151610946484642,109.81636060100168,5.676525006924561
1,0.16,363,0.021151610946484642,110.0584307178631,5.6699116520063235
1,0.16,363,0.021151610946484642,110.30050083472455,5.663209319674108
1,0.16,363,0.021151610946484642,110.54257095158597,5.656422098749079
1,0.16,363,0.021151610946484642,110.78464106844741,5.64955421919135
1,0.16,363,0.021151610946484642,111.02671118530886,5.64260989503229
1,0.16,363,0.021151610946484642,111.26878130217028,5.635593323816038
1,0.16,363,0.021151610946484642,111.51085141903172,5.628508686071977
1,0.16,363,0.021151610946484642,111.75292153589315,5.621360144817981
1,0.16,363,0.021151610946484642,111.99499165275459,5.614151845094278
1,0.16,363,0.021151610946484642,112.23706176961603,5.606887913527725
1,0.16,363,0.021151610946484642,112.47913188647746,5.599572457926295
1,0.16,363,0.021151610946484642,112.7212020033389,5.59220956690355
1,0.16,363,0.021151610946484642,112.96327212020033,5.584803309532945
1,0.16,363,0.021151610946484642,113.20534223706177,5.57735773503163
1,0.16,363,0.021151610946484642,113.44741235392321,5.569876872473657
1,0.16,363,0.021151610946484642,113.68948247078464,5.5623647305322335
1,0.16,363,0.021151610946484642,113.93155258764608,5.554825297250854
1,0.16,363,0.021151610946484642,114.17362270450751,5.547262539843034
1,0.16,363,0.021151610946484642,114.41569282136895,5.539680404520416
1,0.16,363,0.021151610946484642,114.65776293823039,5.532082816348977
1,0.16,363,0.021151610946484642,114.89983305509182,5.52447367913308
1,0.16,363,0.021151610946484642,115.14190317195326,5.51685687532713
1,0.16,363,0.021151610946484642,115.38397328881469,5.509236265974562
1,0.16,363,0.021151610946484642,115.62604340567613,5.501615690673871
1,0.16,363,0.021151610946484642,115.86811352253757,5.493998967571497
1,0.16,363,0.021151610946484642,116.110183639399,5.486389893381205
1,0.16,363,0.021151610946484642,116.35225375626044,5.478792243429783
1,0.16,363,0.021151610946484642,116.59432387312187,5.471209771728719
1,0.16,363,0.021151610946484642,116.8363939899833,5.46364621107167
1,0.16,363,0.021151610946484642,117.07846410684475,5.456105273157415
1,0.16,363,0.021151610946484642,117.32053422370618,5.448590648738043
1,0.16,363,0.021151610946484642,117.56260434056762,5.441106007792124
1,0.16,363,0.021151610946484642,117.80467445742904,5.433654999722634
1,0.16,363,0.021151610946484642,118.04674457429049,5.42624125357934
1,0.16,363,0.021151610946484642,118.28881469115193,5.418868378305458
1,0.16,363,0.021151610946484642,118.53088480801335,5.411539963008283
1,0.16,363,0.021151610946484642,118.7729549248748,5.404259577253612
1,0.16,363,0.021151610946484642,119.01502504173622,5.397030771383707
1,0.16,363,0.021151610946484642,119.25709515859766,5.389857076858563
1,0.16,363,0.021151610946484642,119.4991652754591,5.382742006620299
1,0.16,363,0.021151610946484642,119.74123539232053,5.375689055480416
1,0.16,363,0.021151610946484642,119.98330550918197,5.368701700529781
1,0.16,363,0.021151610946484642,120.2253756260434,5.36178277135561
1,0.16,363,0.021151610946484642,120.46744574290484,5.354931985836209
1,0.16,363,0.021151610946484642,120.70951585976628,5.3481481139020275
1,0.16,363,0.021151610946484642,120.95158597662771,5.341429932449147
1,0.16,363,0.021151610946484642,121.19365609348915,5.334776225464387
1,0.16,363,0.021151610946484642,121.43572621035058,5.328185783896645
1,0.16,363,0.021151610946484642,121.67779632721202,5.3216574055309325
1,0.16,363,0.021151610946484642,121.91986644407346,5.315189894865085
1,0.16,363,0.021151610946484642,122.16193656093489,5.308782062989121
1,0.16,363,0.021151610946484642,122.40400667779633,5.302432727467171
1,0.16,363,0.021151610946484642,122.64607679465776,5.296140712222055
1,0.16,363,0.021151610946484642,122.8881469115192,5.289904847422355
1,0.16,363,0.021151610946484642,123.13021702838064,5.283723969372091
1,0.16,363,0.021151610946484642,123.37228714524207,5.277596920402846
1,0.16,363,0.021151610946484642,123.61435726210351,5.271522548768416
1,0.16,363,0.021151610946484642,123.85642737896494,5.265499708541915
1,0.16,363,0.021151610946484642,124.09849749582638,5.259527259515337
1,0.16,363,0.021151610946484642,124.34056761268782,5.253604067101497
1,0.16,363,0.021151610946484642,124.58263772954925,5.247729002238427
1,0.16,363,0.021151610946484642,124.82470784641069,5.241900941296104
1,0.16,363,0.021151610946484642,125.06677796327212,5.236118765985558
1,0.16,363,0.021151610946484642,125.30884808013356,5.230381363270307
1,0.16,363,0.021151610946484642,125.550918196995,5.224687625280116
1,0.16,363,0.021151610946484642,125.79298831385643,5.219036449227062
1,0.16,363,0.021151610946484642,126.03505843071787,5.21342673732385
1,0.16,363,0.021151610946484642,126.2771285475793,5.207857396704432
1,0.16,363,0.021151610946484642,126.51919866444074,5.202327339346823
1,0.16,363,0.021151610946484642,126.76126878130218,5.196835481998187
1,0.16,363,0.021151610946484642,127.0033388981636,5.191380746102099
1,0.16,363,0.021151610946484642,127.24540901502505,5.18596205772802
1,0.16,363,0.021151610946484642,127.48747913188647,5.180578347502939
1,0.16,363,0.021151610946484642,127.72954924874792,5.1752285505451665
1,0.16,363,0.021151610946484642,127.97161936560936,5.169911606400299
1,0.16,363,0.021151610946484642,128.21368948247078,5.164626458979274
1,0.16,363,0.021151610946484642,128.45575959933223,5.159372056498582
1,0.16,363,0.021151610946484642,128.69782971619367,5.154147351422534
1,0.16,363,0.021151610946484642,128.9398998330551,5.148951300407652
1,0.16,363,0.021151610946484642,129.18196994991655,5.1437828642491095
1,0.16,363,0.021151610946484642,129.42404006677796,5.138641007829225
1,0.16,363,0.021151610946484642,129.6661101836394,5.133524700068011
1,0.16,363,0.021151610946484642,129.90818030050082,5.128432913875756
1,0.16,363,0.021151610946484642,130.15025041736226,5.123364626107601
1,0.16,363,0.021151610946484642,130.3923205342237,5.118318817520147
1,0.16,363,0.021151610946484642,130.63439065108514,5.113294472730027
1,0.16,363,0.021151610946484642,130.87646076794658,5.10829058017449
1,0.16,363,0.021151610946484642,131.11853088480802,5.103306132073911
1,0.16,363,0.021151610946484642,131.36060100166947,5.098340124396287
1,0.16,363,0.021151610946484642,131.6026711185309,5.093391556823669
1,0.16,363,0.021151610946484642,131.84474123539232,5.088459432720504
1,0.16,363,0.021151610946484642,132.08681135225376,5.083542759103928
1,0.16,363,0.021151610946484642,132.32888146911517,5.0786405466159446
1,0.16,363,0.021151610946484642,132.57095158597662,5.073751809497506
1,0.16,363,0.021151610946484642,132.81302170283806,5.0688755655644755
1,0.16,363,0.021151610946484642,133.0550918196995,5.06401083618548
1,0.16,363,0.021151610946484642,133.29716193656094,5.059156646261595
1,0.16,363,0.021151610946484642,133.53923205342238,5.054312024207922
1,0.16,363,0.021151610946484642,133.7813021702838,5.0494760019369584
1,0.16,363,0.021151610946484642,134.02337228714524,5.044647614843854
1,0.16,363,0.021151610946484642,134.26544240400668,5.039825901793436
1,0.16,363,0.021151610946484642,134.50751252086812,5.035009905109077
1,0.16,363,0.021151610946484642,134.74958263772956,5.03019867056335
1,0.16,363,0.021151610946484642,134.99165275459097,5.025391247370467
1,0.16,363,0.021151610946484642,135.23372287145241,5.020586047874905
1,0.16,363,0.021151610946484642,135.47579298831386,5.015778652454261
1,0.16,363,0.021151610946484642,135.7178631051753,5.010963872329262
1,0.16,363,0.021151610946484642,135.95993322203674,5.006136538525322
1,0.16,363,0.021151610946484642,136.20200333889815,5.001291502006964
1,0.16,363,0.021151610946484642,136.4440734557596,4.996423633836149
1,0.16,363,0.021151610946484642,136.68614357262103,4.991527825383325
1,0.16,363,0.021151610946484642,136.92821368948248,4.986598988590863
1,0.16,363,0.021151610946484642,137.17028380634392,4.981632056288437
1,0.16,363,0.021151610946484642,137.41235392320533,4.97662198256006
1,0.16,363,0.021151610946484642,137.65442404006677,4.971563743162304
1,0.16,363,0.021151610946484642,137.8964941569282,4.966452335993328
1,0.16,363,0.021151610946484642,138.13856427378965,4.961282781612306
1,0.16,363,0.021151610946484642,138.3806343906511,4.956050123808801
1,0.16,363,0.021151610946484642,138.6227045075125,4.950749430221655
1,0.16,363,0.021151610946484642,138.86477462437395,4.945375793006929
1,0.16,363,0.021151610946484642,139.1068447412354,4.939924329554385
1,0.16,363,0.021151610946484642,139.34891485809683,4.934390183252067
1,0.16,363,0.021151610946484642,139.59098497495827,4.928768524298372
1,0.16,363,0.021151610946484642,139.8330550918197,4.923054550561152
1,0.16,363,0.021151610946484642,140.07512520868113,4.917243488483202
1,0.16,363,0.021151610946484642,140.31719532554257,4.91133059403362
1,0.16,363,0.021151610946484642,140.559265442404,4.9053111537043215
1,0.16,363,0.021151610946484642,140.80133555926545,4.8991804855511525
1,0.16,363,0.021151610946484642,141.04340567612687,4.892933940278877
1,0.16,363,0.021151610946484642,141.2854757929883,4.886566902369327
1,0.16,363,0.021151610946484642,141.52754590984975,4.880074791252012
1,0.16,363,0.021151610946484642,141.7696160267112,4.8734530625164
1,0.16,363,0.021151610946484642,142.01168614357263,4.866697209165058
1,0.16,363,0.021151610946484642,142.25375626043405,4.859802762906853
1,0.16,363,0.021151610946484642,142.4958263772955,4.8527652954892995
1,0.16,363,0.021151610946484642,142.73789649415693,4.8455804200692
1,0.16,363,0.021151610946484642,142.97996661101837,4.838243792620571
1,0.16,363,0.021151610946484642,143.2220367278798,4.830751113378975
1,0.16,363,0.021151610946484642,143.46410684474122,4.823098128321109
1,0.16,363,0.021151610946484642,143.70617696160267,4.8152806306787355
1,0.16,363,0.021151610946484642,143.9482470784641,4.80729446248575
1,0.16,363,0.021151610946484642,144.19031719532555,4.799135516157317
1,0.16,363,0.021151610946484642,144.432387312187,4.790799736099869
1,0.16,363,0.021151610946484642,144.6744574290484,4.782283120350771
1,0.16,363,0.021151610946484642,144.91652754590984,4.773581722246363
1,0.16,363,0.021151610946484642,145.15859766277129,4.764691652117133
1,0.16,363,0.021151610946484642,145.40066777963273,4.755609079008609
1,0.16,363,0.021151610946484642,145.64273789649417,4.746330232426674
1,0.16,363,0.021151610946484642,145.88480801335558,4.736851404105764
1,0.16,363,0.021151610946484642,146.12687813021702,4.727168949798602
1,0.16,363,0.021151610946484642,146.36894824707846,4.717279291085876
1,0.16,363,0.021151610946484642,146.6110183639399,4.707178917204304
1,0.16,363,0.021151610946484642,146.85308848080135,4.696864386891554
1,0.16,363,0.021151610946484642,147.09515859766276,4.686332330246299
1,0.16,363,0.021151610946484642,147.3372287145242,4.675579450601786
1,0.16,363,0.021151610946484642,147.57929883138564,4.664602526411161
1,0.16,363,0.021151610946484642,147.82136894824708,4.653398413142788
1,0.16,363,0.021151610946484642,148.06343906510853,4.641964045183783
1,0.16,363,0.021151610946484642,148.30550918196994,4.630296437749866
1,0.16,363,0.021151610946484642,148.54757929883138,4.61839268879969
1,0.16,363,0.021151610946484642,148.78964941569282,4.606249980951701
1,0.16,363,0.021151610946484642,149.03171953255426,4.593865583401569
1,0.16,363,0.021151610946484642,149.2737896494157,4.5812368538381785
1,0.16,363,0.021151610946484642,149.51585976627712,4.568361240356173
1,0.16,363,0.021151610946484642,149.75792988313856,4.555236283362926
1,0.16,363,0.021151610946484642,150.0,4.541859617477906
2,0.3,183,0.02588371946222003,5.0,0.0
2,0.3,183,0.02588371946222003,5.242070116861436,0.0
2,0.3,183,0.02588371946222003,5.484140233722871,0.0
2,0.3,183,0.02588371946222003,5.726210350584307,0.0008734196726578387
2,0.3,183,0.02588371946222003,5.968280467445743,0.011746649363355406
2,0.3,183,0.02588371946222003,6.210350584307179,0.06123944384587311
2,0.3,183,0.02588371946222003,6.452420701168615,0.2394299135398982
2,0.3,183,0.02588371946222003,6.69449081803005,0.7485144292330982
2,0.3,183,0.02588371946222003,6.936560934891486,1.9532546298687559
2,0.3,183,0.02588371946222003,7.178631051752921,4.398797336279451
2,0.3,183,0.02588371946222003,7.420701168614357,8.60767829787251
2,0.3,183,0.02588371946222003,7.6627712854757934,14.530333507433479
2,0.3,183,0.02588371946222003,7.904841402337229,20.98582340913751
2,0.3,183,0.02588371946222003,8.146911519198664,25.759643730280033
2,0.3,183,0.02588371946222003,8.3889816360601,27.515471304817815
2,0.3,183,0.02588371946222003,8.631051752921536,26.79514846699962
2,0.3,183,0.02588371946222003,8.873121869782972,24.93297552126836
2,0.3,183,0.02588371946222003,9.115191986644408,23.21338571673542
2,0.3,183,0.02588371946222003,9.357262103505843,22.19126823979765
2,0.3,183,0.02588371946222003,9.599332220367279,21.87782799402517
2,0.3,183,0.02588371946222003,9.841402337228715,22.316719880377207
2,0.3,183,0.02588371946222003,10.083472454090149,23.62702639628306
2,0.3,183,0.02588371946222003,10.325542570951587,25.84272446681248
2,0.3,183,0.02588371946222003,10.567612687813021,28.73352464215688
2,0.3,183,0.02588371946222003,10.809682804674457,31.923410447313696
2,0.3,183,0.02588371946222003,11.051752921535893,34.838333745207905
2,0.3,183,0.02588371946222003,11.293823038397328,36.96293972652537
2,0.3,183,0.02588371946222003,11.535893155258766,38.29703223276913
2,0.3,183,0.02588371946222003,11.7779632721202,38.994721065215394
2,0.3,183,0.02588371946222003,12.020033388981636,39.26787831403157
2,0.3,183,0.02588371946222003,12.262103505843072,39.304617887453894
2,0.3,183,0.02588371946222003,12.504173622704506,39.14243893274744
2,0.3,183,0.02588371946222003,12.746243739565944,38.7908551228985
2,0.3,183,0.02588371946222003,12.988313856427379,38.26177157755858
2,0.3,183,0.02588371946222003,13.230383973288815,37.569070945000746
2,0.3,183,0.02588371946222003,13.47245409015025,36.72818256182812
2,0.3,183,0.02588371946222003,13.714524207011687,35.75564992184924
2,0.3,183,0.02588371946222003,13.956594323873121,34.66871007428191
2,0.3,183,0.02588371946222003,14.198664440734557,33.4857663670554
2,0.3,183,0.02588371946222003,14.440734557595993,32.230815276303545
2,0.3,183,0.02588371946222003,14.68280467445743,30.92872119781008
2,0.3,183,0.02588371946222003,14.924874791318866,29.602118733218024
2,0.3,183,0.02588371946222003,15.1669449081803,28.271163335418514
2,0.3,183,0.02588371946222003,15.409015025041736,26.953422856473416
2,0.3,183,0.02588371946222003,15.651085141903172,25.66388010830158
2,0.3,183,0.02588371946222003,15.893155258764608,24.4150248536447
2,0.3,183,0.02588371946222003,16.135225375626042,23.216825898609237
2,0.3,183,0.02588371946222003,16.377295492487477,22.073994269070013
2,0.3,183,0.02588371946222003,16.619365609348915,20.98742286660653
2,0.3,183,0.02588371946222003,16.861435726210352,19.957357849528755
2,0.3,183,0.02588371946222003,17.103505843071787,18.98357747372064
2,0.3,183,0.02588371946222003,17.34557595993322,18.065468192828373
2,0.3,183,0.02588371946222003,17.587646076794655,17.20209514709222
2,0.3,183,0.02588371946222003,17.829716193656093,16.392266778803997
2,0.3,183,0.02588371946222003,18.07178631051753,15.634583031741364
2,0.3,183,0.02588371946222003,18.313856427378965,14.926704693499866
2,0.3,183,0.02588371946222003,18.5559265442404,14.26503540696226
2,0.3,183,0.02588371946222003,18.797996661101834,13.646142975026336
2,0.3,183,0.02588371946222003,19.040066777963272,13.066878383366792
2,0.3,183,0.02588371946222003,19.28213689482471,12.524350768000149
2,0.3,183,0.02588371946222003,19.524207011686144,12.015904689929439
2,0.3,183,0.02588371946222003,19.76627712854758,11.539099502015059
2,0.3,183,0.02588371946222003,20.008347245409013,11.091690608114707
2,0.3,183,0.02588371946222003,20.25041736227045,10.671502070697333
2,0.3,183,0.02588371946222003,20.49248747913189,10.276154429016971
2,0.3,183,0.02588371946222003,20.734557595993323,9.9034038914617
2,0.3,183,0.02588371946222003,20.976627712854757,9.551214694428854
2,0.3,183,0.02588371946222003,21.218697829716195,9.217737434803324
2,0.3,183,0.02588371946222003,21.46076794657763,8.90129004441615
2,0.3,183,0.02588371946222003,21.702838063439064,8.600341074204685
2,0.3,183,0.02588371946222003,21.9449081803005,8.313495000228025
2,0.3,183,0.02588371946222003,22.186978297161936,7.6756888689862315
2,0.3,183,0.02588371946222003,22.429048414023374,6.958478666966618
2,0.3,183,0.02588371946222003,22.671118530884808,6.273910341615498
2,0.3,183,0.02588371946222003,22.913188647746242,5.624853166704625
2,0.3,183,0.02588371946222003,23.15525876460768,5.013790045180396
2,0.3,183,0.02588371946222003,23.397328881469114,4.442707942502147
2,0.3,183,0.02588371946222003,23.639398998330552,3.9130198059965533
2,0.3,183,0.02588371946222003,23.881469115191987,3.4255190413634815
2,0.3,183,0.02588371946222003,24.12353923205342,3.1100513933255955
2,0.3,183,0.02588371946222003,24.36560934891486,2.9370324749989796
2,0.3,183,0.02588371946222003,24.607679465776293,2.7742247948396392
2,0.3,183,0.02588371946222003,24.84974958263773,2.621584008839005
2,0.3,183,0.02588371946222003,25.091819699499165,2.478977688310138
2,0.3,183,0.02588371946222003,25.3338898163606,2.3462031377526085
2,0.3,183,0.02588371946222003,25.575959933222038,2.22300364414167
2,0.3,183,0.02588371946222003,25.818030050083472,2.109083112783603
2,0.3,183,0.02588371946222003,26.06010016694491,2.004119988577722
2,0.3,183,0.02588371946222003,26.302170283806344,1.9078808610238567
2,0.3,183,0.02588371946222003,26.54424040066778,1.82030046644996
2,0.3,183,0.02588371946222003,26.786310517529216,1.741290646924804
2,0.3,183,0.02588371946222003,27.02838063439065,1.670736073697912
2,0.3,183,0.02588371946222003,27.27045075125209,1.6085139938063278
2,0.3,183,0.02588371946222003,27.512520868113523,1.554512588106569
2,0.3,183,0.02588371946222003,27.754590984974957,1.508648354214974
2,0.3,183,0.02588371946222003,27.996661101836395,1.4708830359586036
2,0.3,183,0.02588371946222003,28.23873121869783,1.4410462822208117
2,0.3,183,0.02588371946222003,28.480801335559267,1.4182618396810045
2,0.3,183,0.02588371946222003,28.7228714524207,1.401583440522405
2,0.3,183,0.02588371946222003,28.964941569282136,1.3901795198156297
2,0.3,183,0.02588371946222003,29.207011686143574,1.3833036550342115
2,0.3,183,0.02588371946222003,29.449081803005008,1.3802704141892737
2,0.3,183,0.02588371946222003,29.691151919866446,1.3804355728775042
2,0.3,183,0.02588371946222003,29.93322203672788,1.3831799738034394
2,0.3,183,0.02588371946222003,30.175292153589314,1.3879314203193387
2,0.3,183,0.02588371946222003,30.417362270450752,1.3944530428328459
2,0.3,183,0.02588371946222003,30.659432387312187,1.4026955534083818
2,0.3,183,0.02588371946222003,30.901502504173624,1.4126164018965963
2,0.3,183,0.02588371946222003,31.14357262103506,1.4241771548762638
2,0.3,183,0.02588371946222003,31.385642737896493,1.4373428359356557
2,0.3,183,0.02588371946222003,31.62771285475793,1.4520812987225482
2,0.3,183,0.02588371946222003,31.869782971619365,1.468362626552025
2,0.3,183,0.02588371946222003,32.1118530884808,1.486158553167628
2,0.3,183,0.02588371946222003,32.35392320534224,1.5054418999869459
2,0.3,183,0.02588371946222003,32.59599332220367,1.526186025842639
2,0.3,183,0.02588371946222003,32.83806343906511,1.5483642858674251
2,0.3,183,0.02588371946222003,33.080133555926544,1.5719494967781509
2,0.3,183,0.02588371946222003,33.32220367278798,1.5969134063997286
2,0.3,183,0.02588371946222003,33.56427378964942,1.6232261658427394
2,0.3,183,0.02588371946222003,33.80634390651085,1.6508558033161793
2,0.3,183,0.02588371946222003,34.04841402337229,1.679767699124921
2,0.3,183,0.02588371946222003,34.29048414023372,1.709924061974659
2,0.3,183,0.02588371946222003,34.53255425709516,1.7412834072888081
2,0.3,183,0.02588371946222003,34.7746243739566,1.7738000388341073
2,0.3,183,0.02588371946222003,35.016694490818026,1.8074235391758056
2,0.3,183,0.02588371946222003,35.25876460767947,1.8421119861606947
2,0.3,183,0.02588371946222003,35.5008347245409,1.877864347768098
2,0.3,183,0.02588371946222003,35.742904841402336,1.9146875223699826
2,0.3,183,0.02588371946222003,35.98497495826378,1.952587488027995
2,0.3,183,0.02588371946222003,36.227045075125204,1.9915691891046388
2,0.3,183,0.02588371946222003,36.469115191986646,2.031636418767293
2,0.3,183,0.02588371946222003,36.71118530884808,2.0727916974346208
2,0.3,183,0.02588371946222003,36.953255425709514,2.115036147250109
2,0.3,183,0.02588371946222003,37.19532554257095,2.158369362705062
2,0.3,183,0.02588371946222003,37.43739565943239,2.202789277573728
2,0.3,183,0.02588371946222003,37.679465776293824,2.2482920283662033
2,0.3,183,0.02588371946222003,37.92153589315526,2.29487181455043
2,0.3,183,0.02588371946222003,38.16360601001669,2.342520755842815
2,0.3,183,0.02588371946222003,38.40567612687813,2.3912287469179057
2,0.3,183,0.02588371946222003,38.64774624373957,2.4409833099408456
2,0.3,183,0.02588371946222003,38.889816360601,2.4917694453819927
2,0.3,183,0.02588371946222003,39.13188647746244,2.5435694816309904
2,0.3,183,0.02588371946222003,39.37395659432387,2.5963629239872925
2,0.3,183,0.02588371946222003,39.616026711185306,2.650126303665751
2,0.3,183,0.02588371946222003,39.85809682804675,2.7048330275187373
2,0.3,183,0.02588371946222003,40.10016694490818,2.760453263746222
2,0.3,183,0.02588371946222003,40.342237061769616,2.8169550273174564
2,0.3,183,0.02588371946222003,40.58430717863105,2.8743044913372633
2,0.3,183,0.02588371946222003,40.826377295492485,2.9324644713571444
2,0.3,183,0.02588371946222003,41.068447412353926,2.991394203223872
2,0.3,183,0.02588371946222003,41.31051752921536,3.0510492223232775
2,0.3,183,0.02588371946222003,41.552587646076795,3.111381249086469
2,0.3,183,0.02588371946222003,41.79465776293823,3.1723380818056377
2,0.3,183,0.02588371946222003,42.03672787979966,3.2338634978540655
2,0.3,183,0.02588371946222003,42.278797996661105,3.295897164448657
2,0.3,183,0.02588371946222003,42.52086811352254,3.3583745601327233
2,0.3,183,0.02588371946222003,42.76293823038397,3.4212269081910605
2,0.3,183,0.02588371946222003,43.00500834724541,3.4843811232376707
2,0.3,183,0.02588371946222003,43.24707846410684,3.547759772238249
2,0.3,183,0.02588371946222003,43.48914858096828,3.6112810512436098
2,0.3,183,0.02588371946222003,43.73121869782972,3.6748587791160143
2,0.3,183,0.02588371946222003,43.97328881469115,3.738402409526899
2,0.3,183,0.02588371946222003,44.215358931552586,3.8018170624909238
2,0.3,183,0.02588371946222003,44.45742904841402,3.8650035766769197
2,0.3,183,0.02588371946222003,44.69949916527546,3.927858583700182
2,0.3,183,0.02588371946222003,44.941569282136896,3.9902746055521177
2,0.3,183,0.02588371946222003,45.18363939899833,4.052144999142064
2,0.3,183,0.02588371946222003,45.425709515859765,4.113400979292441
2,0.3,183,0.02588371946222003,45.6677796327212,4.173993939018755
2,0.3,183,0.02588371946222003,45.90984974958264,4.2338758014762865
2,0.3,183,0.02588371946222003,46.151919866444075,4.292998937495236
2,0.3,183,0.02588371946222003,46.39398998330551,4.351316235392642
2,0.3,183,0.02588371946222003,46.636060100166944,4.408781169922027
2,0.3,183,0.02588371946222003,46.87813021702838,4.465347870210228
2,0.3,183,0.02588371946222003,47.12020033388982,4.520971186534047
2,0.3,183,0.02588371946222003,47.362270450751254,4.575606755792966
2,0.3,183,0.02588371946222003,47.60434056761269,4.629211065538253
2,0.3,183,0.02588371946222003,47.84641068447412,4.681741516423164
2,0.3,183,0.02588371946222003,48.08848080133556,4.733156482943802
2,0.3,183,0.02588371946222003,48.330550918197,4.783415372345252
2,0.3,183,0.02588371946222003,48.57262103505843,4.8324786815732
2,0.3,183,0.02588371946222003,48.81469115191987,4.8803080521569315
2,0.3,183,0.02588371946222003,49.0567612687813,4.926866322915724
2,0.3,183,0.02588371946222003,49.298831385642735,4.972117580386948
2,0.3,183,0.02588371946222003,49.54090150250418,5.016027206880791
2,0.3,183,0.02588371946222003,49.78297161936561,5.058561926073252
2,0.3,183,0.02588371946222003,50.025041736227045,5.099689852246441
2,0.3,183,0.02588371946222003,50.26711185308848,5.139388071060763
2,0.3,183,0.02588371946222003,50.509181969949914,5.177657718704783
2,0.3,183,0.02588371946222003,50.751252086811355,5.214506388327255
2,0.3,183,0.02588371946222003,50.99332220367279,5.249944068593146
2,0.3,183,0.02588371946222003,51.235392320534224,5.283983075822154
2,0.3,183,0.02588371946222003,51.47746243739566,5.316637982913789
2,0.3,183,0.02588371946222003,51.71953255425709,5.3479255454607415
2,0.3,183,0.02588371946222003,51.961602671118534,5.3778646254479785
2,0.3,183,0.02588371946222003,52.20367278797997,5.406476112929281
2,0.3,183,0.02588371946222003,52.4457429048414,5.4337828460656095
2,0.3,183,0.02588371946222003,52.68781302170284,5.45980952990108
2,0.3,183,0.02588371946222003,52.92988313856427,5.484582654242445
2,0.3,183,0.02588371946222003,53.17195325542571,5.508130410997089
2,0.3,183,0.02588371946222003,53.41402337228715,5.5304826113125305
2,0.3,183,0.02588371946222003,53.65609348914858,5.551670602847784
2,0.3,183,0.02588371946222003,53.898163606010016,5.571727187493391
2,0.3,183,0.02588371946222003,54.14023372287145,5.590686539842936
2,0.3,183,0.02588371946222003,54.38230383973289,5.60858412670432
2,0.3,183,0.02588371946222003,54.624373956594326,5.625456627924252
2,0.3,183,0.02588371946222003,54.86644407345576,5.64134185878427
2,0.3,183,0.02588371946222003,55.108514190317194,5.656278412325048
2,0.3,183,0.02588371946222003,55.35058430717863,5.670297465591978
2,0.3,183,0.02588371946222003,55.59265442404007,5.683421394102065
2,0.3,183,0.02588371946222003,55.834724540901504,5.695672738936461
2,0.3,183,0.02588371946222003,56.07679465776294,5.707074691104525
2,0.3,183,0.02588371946222003,56.31886477462437,5.7176510523263335
2,0.3,183,0.02588371946222003,56.56093489148581,5.727426196468627
2,0.3,183,0.02588371946222003,56.80300500834725,5.73642503171445
2,0.3,183,0.02588371946222003,57.04507512520868,5.7446729635420395
2,0.3,183,0.02588371946222003,57.28714524207012,5.752195858583842
2,0.3,183,0.02588371946222003,57.52921535893155,5.759020009431989
2,0.3,183,0.02588371946222003,57.771285475792986,5.765172100451892
2,0.3,183,0.02588371946222003,58.01335559265443,5.770679174661198
2,0.3,183,0.02588371946222003,58.25542570951586,5.775568601726901
2,0.3,183,0.02588371946222003,58.497495826377296,5.779868047129073
2,0.3,183,0.02588371946222003,58.73956594323873,5.783605442535526
2,0.3,183,0.02588371946222003,58.981636060100165,5.786808957427597
2,0.3,183,0.02588371946222003,59.223706176961606,5.78950697201334
2,0.3,183,0.02588371946222003,59.46577629382304,5.791728051460627
2,0.3,183,0.02588371946222003,59.707846410684475,5.793500921479027
2,0.3,183,0.02588371946222003,59.94991652754591,5.794854445275866
2,0.3,183,0.02588371946222003,60.19198664440734,5.795816239914902
2,0.3,183,0.02588371946222003,60.434056761268785,5.7964037245502125
2,0.3,183,0.02588371946222003,60.67612687813022,5.79662969018547
2,0.3,183,0.02588371946222003,60.91819699499165,5.796506968353235
2,0.3,183,0.02588371946222003,61.16026711185309,5.796048447530547
2,0.3,183,0.02588371946222003,61.40233722871452,5.795267065648835
2,0.3,183,0.02588371946222003,61.644407345575964,5.794175802877612
2,0.3,183,0.02588371946222003,61.8864774624374,5.792787674685631
2,0.3,183,0.02588371946222003,62.12854757929883,5.7911157251827134
2,0.3,183,0.02588371946222003,62.37061769616027,5.789173020745064
2,0.3,183,0.02588371946222003,62.6126878130217,5.7869726439264655
2,0.3,183,0.02588371946222003,62.85475792988314,5.784527687657441
2,0.3,183,0.02588371946222003,63.09682804674458,5.781851249733978
2,0.3,183,0.02588371946222003,63.33889816360601,5.778956427597205
2,0.3,183,0.02588371946222003,63.580968280467445,5.775856313404952
2,0.3,183,0.02588371946222003,63.82303839732888,5.772563989395934
2,0.3,183,0.02588371946222003,64.06510851419031,5.769092523546909
2,0.3,183,0.02588371946222003,64.30717863105176,5.765454965522933
2,0.3,183,0.02588371946222003,64.5492487479132,5.761664342920599
2,0.3,183,0.02588371946222003,64.79131886477462,5.75773365780383
2,0.3,183,0.02588371946222003,65.03338898163605,5.753675884920687
2,0.3,183,0.02588371946222003,65.27545909849749,5.749504741259974
2,0.3,183,0.02588371946222003,65.51752921535893,5.745235965329317
2,0.3,183,0.02588371946222003,65.75959933222038,5.740885588856595
2,0.3,183,0.02588371946222003,66.0016694490818,5.736469595045558
2,0.3,183,0.02588371946222003,66.24373956594323,5.73200391662803
2,0.3,183,0.02588371946222003,66.48580968280467,5.727504434358513
2,0.3,183,0.02588371946222003,66.72787979966611,5.7229869759485945
2,0.3,183,0.02588371946222003,66.96994991652755,5.718467315438523
2,0.3,183,0.02588371946222003,67.21202003338898,5.713961173003214
2,0.3,183,0.02588371946222003,67.45409015025041,5.709484215189938
2,0.3,183,0.02588371946222003,67.69616026711185,5.70505205558494
2,0.3,183,0.02588371946222003,67.93823038397329,5.700680255906321
2,0.3,183,0.02588371946222003,68.18030050083473,5.696384327520479
2,0.3,183,0.02588371946222003,68.42237061769616,5.692179733379687
2,0.3,183,0.02588371946222003,68.66444073455759,5.688081890378308
2,0.3,183,0.02588371946222003,68.90651085141903,5.684106172125527
2,0.3,183,0.02588371946222003,69.14858096828047,5.6802679121325115
2,0.3,183,0.02588371946222003,69.3906510851419,5.67658240741222
2,0.3,183,0.02588371946222003,69.63272120200334,5.673064922490387
2,0.3,183,0.02588371946222003,69.87479131886478,5.669730693826365
2,0.3,183,0.02588371946222003,70.11686143572621,5.666594624097968
2,0.3,183,0.02588371946222003,70.35893155258765,5.663663846814817
2,0.3,183,0.02588371946222003,70.60100166944908,5.660937393913349
2,0.3,183,0.02588371946222003,70.84307178631052,5.65841393603566
2,0.3,183,0.02588371946222003,71.08514190317196,5.656092164329324
2,0.3,183,0.02588371946222003,71.32721202003339,5.65397079008306
2,0.3,183,0.02588371946222003,71.56928213689483,5.652048544366403
2,0.3,183,0.02588371946222003,71.81135225375625,5.650324177673263
2,0.3,183,0.02588371946222003,72.0534223706177,5.648796459569372
2,0.3,183,0.02588371946222003,72.29549248747914,5.647464178343448
2,0.3,183,0.02588371946222003,72.53756260434056,5.646326140662117
2,0.3,183,0.02588371946222003,72.779632721202,5.645381171228425
2,0.3,183,0.02588371946222003,73.02170283806343,5.64462811244393
2,0.3,183,0.02588371946222003,73.26377295492487,5.6440658240742945
2,0.3,183,0.02588371946222003,73.50584307178632,5.643693182918273
2,0.3,183,0.02588371946222003,73.74791318864774,5.643509082480111
2,0.3,183,0.02588371946222003,73.98998330550918,5.64351243264516
2,0.3,183,0.02588371946222003,74.23205342237061,5.643702159358777
2,0.3,183,0.02588371946222003,74.47412353923205,5.644077204308354
2,0.3,183,0.02588371946222003,74.7161936560935,5.64463652460844
2,0.3,183,0.02588371946222003,74.95826377295492,5.645379092488894
2,0.3,183,0.02588371946222003,75.20033388981636,5.646303229488252
2,0.3,183,0.02588371946222003,75.44240400667779,5.647402765186036
2,0.3,183,0.02588371946222003,75.68447412353923,5.648669669719074
2,0.3,183,0.02588371946222003,75.92654424040067,5.65009591284176
2,0.3,183,0.02588371946222003,76.1686143572621,5.651673467635004
2,0.3,183,0.02588371946222003,76.41068447412354,5.6533943083130564
2,0.3,183,0.02588371946222003,76.65275459098497,5.655250408144468
2,0.3,183,0.02588371946222003,76.89482470784641,5.65723373748703
2,0.3,183,0.02588371946222003,77.13689482470785,5.659336261936557
2,0.3,183,0.02588371946222003,77.37896494156928,5.661549940589411
2,0.3,183,0.02588371946222003,77.62103505843072,5.663866724418885
2,0.3,183,0.02588371946222003,77.86310517529215,5.666278554765437
2,0.3,183,0.02588371946222003,78.10517529215359,5.668777361940976
2,0.3,183,0.02588371946222003,78.34724540901503,5.671355063947366
2,0.3,183,0.02588371946222003,78.58931552587646,5.6740035653094525
2,0.3,183,0.02588371946222003,78.8313856427379,5.676714756022865
2,0.3,183,0.02588371946222003,79.07345575959933,5.679480510616966
2,0.3,183,0.02588371946222003,79.31552587646077,5.682292687333339
2,0.3,183,0.02588371946222003,79.55759599332221,5.685143127420199
2,0.3,183,0.02588371946222003,79.79966611018364,5.688023654543244
2,0.3,183,0.02588371946222003,80.04173622704508,5.690926071475171
2,0.3,183,0.02588371946222003,80.2838063439065,5.69384128106489
2,0.3,183,0.02588371946222003,80.52587646076795,5.6967580387369035
2,0.3,183,0.02588371946222003,80.76794657762939,5.699664760635965
2,0.3,183,0.02588371946222003,81.01001669449082,5.702549837450982
2,0.3,183,0.02588371946222003,81.25208681135226,5.705401634756575
2,0.3,183,0.02588371946222003,81.49415692821368,5.70820849359143
2,0.3,183,0.02588371946222003,81.73622704507513,5.710958731274321
2,0.3,183,0.02588371946222003,81.97829716193657,5.713640642458756
2,0.3,183,0.02588371946222003,82.220367278798,5.716242500427032
2,0.3,183,0.02588371946222003,82.46243739565944,5.718752558624519
2,0.3,183,0.02588371946222003,82.70450751252086,5.721159052434828
2,0.3,183,0.02588371946222003,82.9465776293823,5.723450201196499
2,0.3,183,0.02588371946222003,83.18864774624375,5.72561421046163
2,0.3,183,0.02588371946222003,83.43071786310517,5.727639274496887
2,0.3,183,0.02588371946222003,83.67278797996661,5.729513579027059
2,0.3,183,0.02588371946222003,83.91485809682804,5.731225304221261
2,0.3,183,0.02588371946222003,84.15692821368948,5.732762627921685
2,0.3,183,0.02588371946222003,84.39899833055092,5.734113729114621
2,0.3,183,0.02588371946222003,84.64106844741235,5.735266791643292
2,0.3,183,0.02588371946222003,84.88313856427379,5.736210008161847
2,0.3,183,0.02588371946222003,85.12520868113522,5.736931887351763
2,0.3,183,0.02588371946222003,85.36727879799666,5.737427392089966
2,0.3,183,0.02588371946222003,85.6093489148581,5.737697662308249
2,0.3,183,0.02588371946222003,85.85141903171953,5.737744109731188
2,0.3,183,0.02588371946222003,86.09348914858097,5.7375681709974335
2,0.3,183,0.02588371946222003,86.3355592654424,5.7371713071172525
2,0.3,183,0.02588371946222003,86.57762938230384,5.736555002929294
2,0.3,183,0.02588371946222003,86.81969949916528,5.735720766556758
2,0.3,183,0.02588371946222003,87.06176961602671,5.734670128863211
2,0.3,183,0.02588371946222003,87.30383973288815,5.7334046429081855
2,0.3,183,0.02588371946222003,87.54590984974958,5.731925883402824
2,0.3,183,0.02588371946222003,87.78797996661102,5.730235446165724
2,0.3,183,0.02588371946222003,88.03005008347246,5.728334947579165
2,0.3,183,0.02588371946222003,88.27212020033389,5.726226024045946
2,0.3,183,0.02588371946222003,88.51419031719533,5.72391033144698
2,0.3,183,0.02588371946222003,88.75626043405676,5.721389544599838
2,0.3,183,0.02588371946222003,88.9983305509182,5.718665356718441
2,0.3,183,0.02588371946222003,89.24040066777964,5.715739478874043
2,0.3,183,0.02588371946222003,89.48247078464107,5.712613639457683
2,0.3,183,0.02588371946222003,89.72454090150251,5.709289583644324
2,0.3,183,0.02588371946222003,89.96661101836393,5.705769072858758
2,0.3,183,0.02588371946222003,90.20868113522538,5.7020561099425855
2,0.3,183,0.02588371946222003,90.45075125208682,5.69816822471426
2,0.3,183,0.02588371946222003,90.69282136894824,5.694127991746278
2,0.3,183,0.02588371946222003,90.93489148580969,5.689957944029219
2,0.3,183,0.02588371946222003,91.17696160267111,5.685680558322018
2,0.3,183,0.02588371946222003,91.41903171953255,5.68131825051306
2,0.3,183,0.02588371946222003,91.661101836394,5.676893371866103
2,0.3,183,0.02588371946222003,91.90317195325542,5.672428206147061
2,0.3,183,0.02588371946222003,92.14524207011686,5.667944967627258
2,0.3,183,0.02588371946222003,92.38731218697829,5.663465799958472
2,0.3,183,0.02588371946222003,92.62938230383973,5.659012775915012
2,0.3,183,0.02588371946222003,92.87145242070117,5.654607897997895
2,0.3,183,0.02588371946222003,93.1135225375626,5.650273099896287
2,0.3,183,0.02588371946222003,93.35559265442404,5.646030248801453
2,0.3,183,0.02588371946222003,93.59766277128547,5.641901148568632
2,0.3,183,0.02588371946222003,93.83973288814691,5.637907543722663
2,0.3,183,0.02588371946222003,94.08180300500835,5.634071124303437
2,0.3,183,0.02588371946222003,94.32387312186978,5.63041353154787
2,0.3,183,0.02588371946222003,94.56594323873122,5.626956364405497
2,0.3,183,0.02588371946222003,94.80801335559265,5.623721186885695
2,0.3,183,0.02588371946222003,95.05008347245409,5.620729479296657
2,0.3,183,0.02588371946222003,95.29215358931553,5.617991635438541
2,0.3,183,0.02588371946222003,95.53422370617696,5.615493847456227
2,0.3,183,0.02588371946222003,95.7762938230384,5.613219159489013
2,0.3,183,0.02588371946222003,96.01836393989983,5.611150669726309
2,0.3,183,0.02588371946222003,96.26043405676127,5.609271524006548
2,0.3,183,0.02588371946222003,96.50250417362271,5.607564909927081
2,0.3,183,0.02588371946222003,96.74457429048414,5.606014051461661
2,0.3,183,0.02588371946222003,96.98664440734558,5.604602204082665
2,0.3,183,0.02588371946222003,97.228714524207,5.603312650385562
2,0.3,183,0.02588371946222003,97.47078464106845,5.602128696213554
2,0.3,183,0.02588371946222003,97.71285475792989,5.601033667280635
2,0.3,183,0.02588371946222003,97.95492487479132,5.600010906291691
2,0.3,183,0.02588371946222003,98.19699499165276,5.599043770558367
2,0.3,183,0.02588371946222003,98.43906510851419,5.59811563010986
2,0.3,183,0.02588371946222003,98.68113522537563,5.597209866297731
2,0.3,183,0.02588371946222003,98.92320534223707,5.5963098708941965
2,0.3,183,0.02588371946222003,99.1652754590985,5.5953990456832905
2,0.3,183,0.02588371946222003,99.40734557595994,5.594460802544405
2,0.3,183,0.02588371946222003,99.64941569282136,5.593478564027745
2,0.3,183,0.02588371946222003,99.8914858096828,5.592435764421145
2,0.3,183,0.02588371946222003,100.13355592654425,5.591316374019302
2,0.3,183,0.02588371946222003,100.37562604340567,5.590113914029894
2,0.3,183,0.02588371946222003,100.61769616026712,5.588830243628192
2,0.3,183,0.02588371946222003,100.85976627712854,5.587467503388662
2,0.3,183,0.02588371946222003,101.10183639398998,5.5860278345634775
2,0.3,183,0.02588371946222003,101.34390651085143,5.584513378795615
2,0.3,183,0.02588371946222003,101.58597662771285,5.582926277839975
2,0.3,183,0.02588371946222003,101.8280467445743,5.581268673292543
2,0.3,183,0.02588371946222003,102.07011686143572,5.579542706327607
2,0.3,183,0.02588371946222003,102.31218697829716,5.577750517443046
2,0.3,183,0.02588371946222003,102.5542570951586,5.575894246213698
2,0.3,183,0.02588371946222003,102.79632721202003,5.5739760310527995
2,0.3,183,0.02588371946222003,103.03839732888147,5.57199800898152
2,0.3,183,0.02588371946222003,103.2804674457429,5.569962315406589
2,0.3,183,0.02588371946222003,103.52253756260434,5.567871083905997
2,0.3,183,0.02588371946222003,103.76460767946578,5.565726446022799
2,0.3,183,0.02588371946222003,104.00667779632721,5.56353053106697
2,0.3,183,0.02588371946222003,104.24874791318865,5.561285465925349
2,0.3,183,0.02588371946222003,104.49081803005008,5.5589933748796465
2,0.3,183,0.02588371946222003,104.73288814691152,5.5566563794324955
2,0.3,183,0.02588371946222003,104.97495826377296,5.554276598141528
2,0.3,183,0.02588371946222003,105.21702838063439,5.5518561464614935
2,0.3,183,0.02588371946222003,105.45909849749583,5.54939713659437
2,0.3,183,0.02588371946222003,105.70116861435726,5.546901677347469
2,0.3,183,0.02588371946222003,105.9432387312187,5.544371873999496
2,0.3,183,0.02588371946222003,106.18530884808014,5.541809828174576
2,0.3,183,0.02588371946222003,106.42737896494157,5.539217637724174
2,0.3,183,0.02588371946222003,106.66944908180301,5.536597396616954
2,0.3,183,0.02588371946222003,106.91151919866444,5.53395119483649
2,0.3,183,0.02588371946222003,107.15358931552588,5.531281118286822
2,0.3,183,0.02588371946222003,107.39565943238732,5.528589248705852
2,0.3,183,0.02588371946222003,107.63772954924875,5.525877663586527
2,0.3,183,0.02588371946222003,107.87979966611019,5.523148436105807
2,0.3,183,0.02588371946222003,108.12186978297161,5.520403635061332
2,0.3,183,0.02588371946222003,108.36393989983306,5.5176453248158435
2,0.3,183,0.02588371946222003,108.6060100166945,5.514875565249256
2,0.3,183,0.02588371946222003,108.84808013355592,5.512096411718385
2,0.3,183,0.02588371946222003,109.09015025041737,5.509309915024296
2,0.3,183,0.02588371946222003,109.3322203672788,5.506518121387232
2,0.3,183,0.02588371946222003,109.57429048414023,5.5037230724291
2,0.3,183,0.02588371946222003,109.81636060100168,5.5009268051634725
2,0.3,183,0.02588371946222003,110.0584307178631,5.498131349624043
2,0.3,183,0.02588371946222003,110.30050083472455,5.495338418632873
2,0.3,183,0.02588371946222003,110.54257095158597,5.492549099665976
2,0.3,183,0.02588371946222003,110.78464106844741,5.489764404088785
2,0.3,183,0.02588371946222003,111.02671118530886,5.4869853407506906
2,0.3,183,0.02588371946222003,111.26878130217028,5.484212915999949
2,0.3,183,0.02588371946222003,111.51085141903172,5.481448133700353
2,0.3,183,0.02588371946222003,111.75292153589315,5.478691995249694
2,0.3,183,0.02588371946222003,111.99499165275459,5.475945499599967
2,0.3,183,0.02588371946222003,112.23706176961603,5.473209643279348
2,0.3,183,0.02588371946222003,112.47913188647746,5.470485420415907
2,0.3,183,0.02588371946222003,112.7212020033389,5.4677738227630615
2,0.3,183,0.02588371946222003,112.96327212020033,5.4650758397267785
2,0.3,183,0.02588371946222003,113.20534223706177,5.462392458394462
2,0.3,183,0.02588371946222003,113.44741235392321,5.459724663565607
2,0.3,183,0.02588371946222003,113.68948247078464,5.457073437784112
2,0.3,183,0.02588371946222003,113.93155258764608,5.454439761372331
2,0.3,183,0.02588371946222003,114.17362270450751,5.451824612466789
2,0.3,183,0.02588371946222003,114.41569282136895,5.4492289670556096
2,0.3,183,0.02588371946222003,114.65776293823039,5.446653799017618
2,0.3,183,0.02588371946222003,114.89983305509182,5.444100080163092
2,0.3,183,0.02588371946222003,115.14190317195326,5.441568780276224
2,0.3,183,0.02588371946222003,115.38397328881469,5.439060867159216
2,0.3,183,0.02588371946222003,115.62604340567613,5.436577306678011
2,0.3,183,0.02588371946222003,115.86811352253757,5.434119062809736
2,0.3,183,0.02588371946222003,116.110183639399,5.431687097691731
2,0.3,183,0.02588371946222003,116.35225375626044,5.42928237167225
2,0.3,183,0.02588371946222003,116.59432387312187,5.426905843362768
2,0.3,183,0.02588371946222003,116.8363939899833,5.4245584696919495
2,0.3,183,0.02588371946222003,117.07846410684475,5.422241205961237
2,0.3,183,0.02588371946222003,117.32053422370618,5.419955005902035
2,0.3,183,0.02588371946222003,117.56260434056762,5.417700821734536
2,0.3,183,0.02588371946222003,117.80467445742904,5.415479604228158
2,0.3,183,0.02588371946222003,118.04674457429049,5.413292302763589
2,0.3,183,0.02588371946222003,118.28881469115193,5.411139865396441
2,0.3,183,0.02588371946222003,118.53088480801335,5.409023238922505
2,0.3,183,0.02588371946222003,118.7729549248748,5.4069433689446225
2,0.3,183,0.02588371946222003,119.01502504173622,5.404901199941138
2,0.3,183,0.02588371946222003,119.25709515859766,5.402897675335982
2,0.3,183,0.02588371946222003,119.4991652754591,5.40093373757032
2,0.3,183,0.02588371946222003,119.74123539232053,5.399010328175817
2,0.3,183,0.02588371946222003,119.98330550918197,5.39712838784951
2,0.3,183,0.02588371946222003,120.2253756260434,5.395288513802709
2,0.3,183,0.02588371946222003,120.46744574290484,5.393489616606025
2,0.3,183,0.02588371946222003,120.70951585976628,5.391730091022405
2,0.3,183,0.02588371946222003,120.95158597662771,5.390008334285111
2,0.3,183,0.02588371946222003,121.19365609348915,5.388322746126969
2,0.3,183,0.02588371946222003,121.43572621035058,5.386671728674998
2,0.3,183,0.02588371946222003,121.67779632721202,5.385053686349705
2,0.3,183,0.02588371946222003,121.91986644407346,5.383467025769107
2,0.3,183,0.02588371946222003,122.16193656093489,5.381910155657424
2,0.3,183,0.02588371946222003,122.40400667779633,5.380381486758403
2,0.3,183,0.02588371946222003,122.64607679465776,5.378879431753347
2,0.3,183,0.02588371946222003,122.8881469115192,5.377402405183746
2,0.3,183,0.02588371946222003,123.13021702838064,5.375948823378582
2,0.3,183,0.02588371946222003,123.37228714524207,5.374517104386207
2,0.3,183,0.02588371946222003,123.61435726210351,5.373105667910894
2,0.3,183,0.02588371946222003,123.85642737896494,5.371712935253959
2,0.3,183,0.02588371946222003,124.09849749582638,5.3703373292595025
2,0.3,183,0.02588371946222003,124.34056761268782,5.368977274264734
2,0.3,183,0.02588371946222003,124.58263772954925,5.367631196054901
2,0.3,183,0.02588371946222003,124.82470784641069,5.366297521822774
2,0.3,183,0.02588371946222003,125.06677796327212,5.364974680132738
2,0.3,183,0.02588371946222003,125.30884808013356,5.363661100889427
2,0.3,183,0.02588371946222003,125.550918196995,5.362355215310933
2,0.3,183,0.02588371946222003,125.79298831385643,5.36105545590658
2,0.3,183,0.02588371946222003,126.03505843071787,5.359760256459243
2,0.3,183,0.02588371946222003,126.2771285475793,5.358468052012226
2,0.3,183,0.02588371946222003,126.51919866444074,5.357177278860657
2,0.3,183,0.02588371946222003,126.76126878130218,5.355886374547472
2,0.3,183,0.02588371946222003,127.0033388981636,5.354593777863879
2,0.3,183,0.02588371946222003,127.24540901502505,5.353297928854392
2,0.3,183,0.02588371946222003,127.48747913188647,5.3519972688263735
2,0.3,183,0.02588371946222003,127.72954924874792,5.35069024036409
2,0.3,183,0.02588371946222003,127.97161936560936,5.349375287347301
2,0.3,183,0.02588371946222003,128.21368948247078,5.348050854974343
2,0.3,183,0.02588371946222003,128.45575959933223,5.34671538978973
2,0.3,183,0.02588371946222003,128.69782971619367,5.345367339716239
2,0.3,183,0.02588371946222003,128.9398998330551,5.3440051540914935
2,0.3,183,0.02588371946222003,129.18196994991655,5.34262728370906
2,0.3,183,0.02588371946222003,129.42404006677796,5.341232180863967
2,0.3,183,0.02588371946222003,129.6661101836394,5.33981829940276
2,0.3,183,0.02588371946222003,129.90818030050082,5.33838409477798
2,0.3,183,0.02588371946222003,130.15025041736226,5.336928024107131
2,0.3,183,0.02588371946222003,130.3923205342237,5.335448546236068
2,0.3,183,0.02588371946222003,130.63439065108514,5.33394412180685
2,0.3,183,0.02588371946222003,130.87646076794658,5.3324132133300175
2,0.3,183,0.02588371946222003,131.11853088480802,5.3308542852612915
2,0.3,183,0.02588371946222003,131.36060100166947,5.329265804082688
2,0.3,183,0.02588371946222003,131.6026711185309,5.327646238388031
2,0.3,183,0.02588371946222003,131.84474123539232,5.325994058972852
2,0.3,183,0.02588371946222003,132.08681135225376,5.32430773892868
2,0.3,183,0.02588371946222003,132.32888146911517,5.3225857537416745
2,0.3,183,0.02588371946222003,132.57095158597662,5.3208265813956235
2,0.3,183,0.02588371946222003,132.81302170283806,5.319028702479266
2,0.3,183,0.02588371946222003,133.0550918196995,5.317190600297951
2,0.3,183,0.02588371946222003,133.29716193656094,5.315310760989563
2,0.3,183,0.02588371946222003,133.53923205342238,5.313387673644783
2,0.3,183,0.02588371946222003,133.7813021702838,5.31141983043155
2,0.3,183,0.02588371946222003,134.02337228714524,5.309405726723839
2,0.3,183,0.02588371946222003,134.26544240400668,5.307343861234609
2,0.3,183,0.02588371946222003,134.50751252086812,5.30523273615298
2,0.3,183,0.02588371946222003,134.74958263772956,5.303070857285587
2,0.3,183,0.02588371946222003,134.99165275459097,5.300856734202089
2,0.3,183,0.02588371946222003,135.23372287145241,5.298587955178861
2,0.3,183,0.02588371946222003,135.47579298831386,5.296258011522355
2,0.3,183,0.02588371946222003,135.7178631051753,5.29385927111933
2,0.3,183,0.02588371946222003,135.95993322203674,5.291384118094937
2,0.3,183,0.02588371946222003,136.20200333889815,5.288824953907749
2,0.3,183,0.02588371946222003,136.4440734557596,5.2861741985116835
2,0.3,183,0.02588371946222003,136.68614357262103,5.283424291626461
2,0.3,183,0.02588371946222003,136.92821368948248,5.280567694116001
2,0.3,183,0.02588371946222003,137.17028380634392,5.277596889474089
2,0.3,183,0.02588371946222003,137.41235392320533,5.274504385416656
2,0.3,183,0.02588371946222003,137.65442404006677,5.271282715579845
2,0.3,183,0.02588371946222003,137.8964941569282,5.2679244413230775
2,0.3,183,0.02588371946222003,138.13856427378965,5.264422153636189
2,0.3,183,0.02588371946222003,138.3806343906511,5.260768475149662
2,0.3,183,0.02588371946222003,138.6227045075125,5.256956062246899
2,0.3,183,0.02588371946222003,138.86477462437395,5.252977607277412
2,0.3,183,0.02588371946222003,139.1068447412354,5.248825840869659
2,0.3,183,0.02588371946222003,139.34891485809683,5.244493534342278
2,0.3,183,0.02588371946222003,139.59098497495827,5.239973502212237
2,0.3,183,0.02588371946222003,139.8330550918197,5.235258604798464
2,0.3,183,0.02588371946222003,140.07512520868113,5.230341750919278
2,0.3,183,0.02588371946222003,140.31719532554257,5.225215900682008
2,0.3,183,0.02588371946222003,140.559265442404,5.219874068362846
2,0.3,183,0.02588371946222003,140.80133555926545,5.214309325375165
2,0.3,183,0.02588371946222003,141.04340567612687,5.208514803324124
2,0.3,183,0.02588371946222003,141.2854757929883,5.2024836971454915
2,0.3,183,0.02588371946222003,141.52754590984975,5.196209268326378
2,0.3,183,0.02588371946222003,141.7696160267112,5.1896848482054825
2,0.3,183,0.02588371946222003,142.01168614357263,5.182903841350344
2,0.3,183,0.02588371946222003,142.25375626043405,5.175859729008957
2,0.3,183,0.02588371946222003,142.4958263772955,5.168546072632957
2,0.3,183,0.02588371946222003,142.73789649415693,5.160956517469518
2,0.3,183,0.02588371946222003,142.97996661101837,5.153084796218877
2,0.3,183,0.02588371946222003,143.2220367278798,5.144924732754395
2,0.3,183,0.02588371946222003,143.46410684474122,5.136470245901768
2,0.3,183,0.02588371946222003,143.70617696160267,5.127715353274067
2,0.3,183,0.02588371946222003,143.9482470784641,5.118654175158946
2,0.3,183,0.02588371946222003,144.19031719532555,5.109280938454395
2,0.3,183,0.02588371946222003,144.432387312187,5.099589980649172
2,0.3,183,0.02588371946222003,144.6744574290484,5.089575753843947
2,0.3,183,0.02588371946222003,144.91652754590984,5.079232828809084
2,0.3,183,0.02588371946222003,145.15859766277129,5.068555899074809
2,0.3,183,0.02588371946222003,145.40066777963273,5.057539785049402
2,0.3,183,0.02588371946222003,145.64273789649417,5.0461794381609515
2,0.3,183,0.02588371946222003,145.88480801335558,5.0344699450179835
2,0.3,183,0.02588371946222003,146.12687813021702,5.022406531584284
2,0.3,183,0.02588371946222003,146.36894824707846,5.0099845673630234
2,0.3,183,0.02588371946222003,146.6110183639399,4.997199569585147
2,0.3,183,0.02588371946222003,146.85308848080135,4.984047207396982
2,0.3,183,0.02588371946222003,147.09515859766276,4.970523306041783
2,0.3,183,0.02588371946222003,147.3372287145242,4.956623851029904
2,0.3,183,0.02588371946222003,147.57929883138564,4.942344992292136
2,0.3,183,0.02588371946222003,147.82136894824708,4.9276830483106515
2,0.3,183,0.02588371946222003,148.06343906510853,4.912634510221953
2,0.3,183,0.02588371946222003,148.30550918196994,4.897196045885994
2,0.3,183,0.02588371946222003,148.54757929883138,4.881364503915734
2,0.3,183,0.02588371946222003,148.78964941569282,4.865136917661164
2,0.3,183,0.02588371946222003,149.03171953255426,4.848510509141817
2,0.3,183,0.02588371946222003,149.2737896494157,4.83148269292172
2,0.3,183,0.02588371946222003,149.51585976627712,4.814051079920654
2,0.3,183,0.02588371946222003,149.75792988313856,4.796213481155539
2,0.3,183,0.02588371946222003,150.0,4.7779679114057565
3,0.4,360,0.029131325465318467,5.0,0.0
3,0.4,360,0.029131325465318467,5.242070116861436,0.0
3,0.4,360,0.029131325465318467,5.484140233722871,0.0
3,0.4,360,0.029131325465318467,5.726210350584307,0.0008579213379569341
3,0.4,360,0.029131325465318467,5.968280467445743,0.01148649269183001
3,0.4,360,0.029131325465318467,6.210350584307179,0.059667077982917
3,0.4,360,0.029131325465318467,6.452420701168615,0.23236604681869286
3,0.4,360,0.029131325465318467,6.69449081803005,0.723221305100239
3,0.4,360,0.029131325465318467,6.936560934891486,1.8776680961801466
3,0.4,360,0.029131325465318467,7.178631051752921,4.203892947126005
3,0.4,360,0.029131325465318467,7.420701168614357,8.176428027816984
3,0.4,360,0.029131325465318467,7.6627712854757934,13.72763981836219
3,0.4,360,0.029131325465318467,7.904841402337229,19.749396236143856
3,0.4,360,0.029131325465318467,8.146911519198664,24.20439252232087
3,0.4,360,0.029131325465318467,8.3889816360601,25.871764020820844
3,0.4,360,0.029131325465318467,8.631051752921536,25.24708809777106
3,0.4,360,0.029131325465318467,8.873121869782972,23.5549444084308
3,0.4,360,0.029131325465318467,9.115191986644408,21.98292978457144
3,0.4,360,0.029131325465318467,9.357262103505843,21.04729026317998
3,0.4,360,0.029131325465318467,9.599332220367279,20.756948434082418
3,0.4,360,0.029131325465318467,9.841402337228715,21.147976522823512
3,0.4,360,0.029131325465318467,10.083472454090149,22.321333963010137
3,0.4,360,0.029131325465318467,10.325542570951587,24.29907521201038
3,0.4,360,0.029131325465318467,10.567612687813021,26.8686309567675
3,0.4,360,0.029131325465318467,10.809682804674457,29.69337876846489
3,0.4,360,0.029131325465318467,11.051752921535893,32.271014102278244
3,0.4,360,0.029131325465318467,11.293823038397328,34.1570357170006
3,0.4,360,0.029131325465318467,11.535893155258766,35.354597638267144
3,0.4,360,0.029131325465318467,11.7779632721202,35.99709225715699
3,0.4,360,0.029131325465318467,12.020033388981636,36.26591475605723
3,0.4,360,0.029131325465318467,12.262103505843072,36.32206873392022
3,0.4,360,0.029131325465318467,12.504173622704506,36.19818066924957
3,0.4,360,0.029131325465318467,12.746243739565944,35.90308875764386
3,0.4,360,0.029131325465318467,12.988313856427379,35.44773885912463
3,0.4,360,0.029131325465318467,13.230383973288815,34.84480167489921
3,0.4,360,0.029131325465318467,13.47245409015025,34.108278723752974
3,0.4,360,0.029131325465318467,13.714524207011687,33.25311075561749
3,0.4,360,0.029131325465318467,13.956594323873121,32.2948005698427
3,0.4,360,0.029131325465318467,14.198664440734557,31.249835612100714
3,0.4,360,0.029131325465318467,14.440734557595993,30.13965490810105
3,0.4,360,0.029131325465318467,14.68280467445743,28.98648477998512
3,0.4,360,0.029131325465318467,14.924874791318866,27.810595494738962
3,0.4,360,0.029131325465318467,15.1669449081803,26.63008581475138
3,0.4,360,0.029131325465318467,15.409015025041736,25.46079047491662
3,0.4,360,0.029131325465318467,15.651085141903172,24.316284390891
3,0.4,360,0.029131325465318467,15.893155258764608,23.20796492091747
3,0.4,360,0.029131325465318467,16.135225375626042,22.144989715139218
3,0.4,360,0.029131325465318467,16.377295492487477,21.13124934354064
3,0.4,360,0.029131325465318467,16.619365609348915,20.166826398083344
3,0.4,360,0.029131325465318467,16.861435726210352,19.25137535496573
3,0.4,360,0.029131325465318467,17.103505843071787,18.384279139761517
3,0.4,360,0.029131325465318467,17.34557595993322,17.564696189000433
3,0.4,360,0.029131325465318467,17.587646076794655,16.79160354718137
3,0.4,360,0.029131325465318467,17.829716193656093,16.063836037583034
3,0.4,360,0.029131325465318467,18.07178631051753,15.380115977436065
3,0.4,360,0.029131325465318467,18.313856427378965,14.738661449973003
3,0.4,360,0.029131325465318467,18.5559265442404,14.137008799341787
3,0.4,360,0.029131325465318467,18.797996661101834,13.572777796376485
3,0.4,360,0.029131325465318467,19.040066777963272,13.043741774010869
3,0.4,360,0.029131325465318467,19.28213689482471,12.547819409931398
3,0.4,360,0.029131325465318467,19.524207011686144,12.083066806162593
3,0.4,360,0.029131325465318467,19.76627712854758,11.647669892572377
3,0.4,360,0.029131325465318467,20.008347245409013,11.239937165868087
3,0.4,360,0.029131325465318467,20.25041736227045,10.858103210139385
3,0.4,360,0.029131325465318467,20.49248747913189,10.499875330945926
3,0.4,360,0.029131325465318467,20.734557595993323,10.163025033290431
3,0.4,360,0.029131325465318467,20.976627712854757,9.84552806688718
3,0.4,360,0.029131325465318467,21.218697829716195,9.545542308296811
3,0.4,360,0.029131325465318467,21.46076794657763,9.261388441724016
3,0.4,360,0.029131325465318467,21.702838063439064,8.991533082765693
3,0.4,360,0.029131325465318467,21.9449081803005,8.734574038832973
3,0.4,360,0.029131325465318467,22.186978297161936,8.284682848069616
3,0.4,360,0.029131325465318467,22.429048414023374,7.743175946217205
3,0.4,360,0.029131325465318467,22.671118530884808,7.173361419166289
3,0.4,360,0.029131325465318467,22.913188647746242,6.584922805457532
3,0.4,360,0.029131325465318467,23.15525876460768,5.987762424665679
3,0.4,360,0.029131325465318467,23.397328881469114,5.391669962139526
3,0.4,360,0.029131325465318467,23.639398998330552,4.805995310963479
3,0.4,360,0.029131325465318467,23.881469115191987,4.239343363469739
3,0.4,360,0.029131325465318467,24.12353923205342,3.8335930004520473
3,0.4,360,0.029131325465318467,24.36560934891486,3.576054298272532
3,0.4,360,0.029131325465318467,24.607679465776293,3.3346063654512115
3,0.4,360,0.029131325465318467,24.84974958263773,3.109246219303623
3,0.4,360,0.029131325465318467,25.091819699499165,2.8997689209954247
3,0.4,360,0.029131325465318467,25.3338898163606,2.705808375736325
3,0.4,360,0.029131325465318467,25.575959933222038,2.526874402337317
3,0.4,360,0.029131325465318467,25.818030050083472,2.3623857947042928
3,0.4,360,0.029131325465318467,26.06010016694491,2.211701298046518
3,0.4,360,0.029131325465318467,26.302170283806344,2.0743715071453708
3,0.4,360,0.029131325465318467,26.54424040066778,1.9502964659477893
3,0.4,360,0.029131325465318467,26.786310517529216,1.8392856286113919
3,0.4,360,0.029131325465318467,27.02838063439065,1.7410552985473675
3,0.4,360,0.029131325465318467,27.27045075125209,1.6552788676521046
3,0.4,360,0.029131325465318467,27.512520868113523,1.5816316475236898
3,0.4,360,0.029131325465318467,27.754590984974957,1.5198314424590917
3,0.4,360,0.029131325465318467,27.996661101836395,1.4696763981380634
3,0.4,360,0.029131325465318467,28.23873121869783,1.4307851548990247
3,0.4,360,0.029131325465318467,28.480801335559267,1.4017420149800965
3,0.4,360,0.029131325465318467,28.7228714524207,1.3810817111941196
3,0.4,360,0.029131325465318467,28.964941569282136,1.3675553650023855
3,0.4,360,0.029131325465318467,29.207011686143574,1.3600702702721146
3,0.4,360,0.029131325465318467,29.449081803005008,1.3576420328957561
3,0.4,360,0.029131325465318467,29.691151919866446,1.3593562819376581
3,0.4,360,0.029131325465318467,29.93322203672788,1.364338078836145
3,0.4,360,0.029131325465318467,30.175292153589314,1.3717786600823318
3,0.4,360,0.029131325465318467,30.417362270450752,1.3813536996460485
3,0.4,360,0.029131325465318467,30.659432387312187,1.3930107480941387
3,0.4,360,0.029131325465318467,30.901502504173624,1.406706666710916
3,0.4,360,0.029131325465318467,31.14357262103506,1.4224038060263666
3,0.4,360,0.029131325465318467,31.385642737896493,1.440069034696737
3,0.4,360,0.029131325465318467,31.62771285475793,1.4596728116884166
3,0.4,360,0.029131325465318467,31.869782971619365,1.4811882909872567
3,0.4,360,0.029131325465318467,32.1118530884808,1.5045904495100495
3,0.4,360,0.029131325465318467,32.35392320534224,1.5298552302244723
3,0.4,360,0.029131325465318467,32.59599332220367,1.556958693721962
3,0.4,360,0.029131325465318467,32.83806343906511,1.5858761726639514
3,0.4,360,0.029131325465318467,33.080133555926544,1.6165814246607815
3,0.4,360,0.029131325465318467,33.32220367278798,1.6490457802662275
3,0.4,360,0.029131325465318467,33.56427378964942,1.6832372838972531
3,0.4,360,0.029131325465318467,33.80634390651085,1.719119826633809
3,0.4,360,0.029131325465318467,34.04841402337229,1.756652271029508
3,0.4,360,0.029131325465318467,34.29048414023372,1.7957875692799816
3,0.4,360,0.029131325465318467,34.53255425709516,1.836471877357848
3,0.4,360,0.029131325465318467,34.7746243739566,1.8786436690338217
3,0.4,360,0.029131325465318467,35.016694490818026,1.9222328601404
3,0.4,360,0.029131325465318467,35.25876460767947,1.9671792682111553
3,0.4,360,0.029131325465318467,35.5008347245409,2.0134786689643587
3,0.4,360,0.029131325465318467,35.742904841402336,2.061137153506205
3,0.4,360,0.029131325465318467,35.98497495826378,2.1101587148824956
3,0.4,360,0.029131325465318467,36.227045075125204,2.160545039153427
3,0.4,360,0.029131325465318467,36.469115191986646,2.2122952895580594
3,0.4,360,0.029131325465318467,36.71118530884808,2.2654058841845774
3,0.4,360,0.029131325465318467,36.953255425709514,2.3198702676591285
3,0.4,360,0.029131325465318467,37.19532554257095,2.375678677468536
3,0.4,360,0.029131325465318467,37.43739565943239,2.4328179056409023
3,0.4,360,0.029131325465318467,37.679465776293824,2.4912710566223892
3,0.4,360,0.029131325465318467,37.92153589315526,2.551017302308133
3,0.4,360,0.029131325465318467,38.16360601001669,2.612031635309618
3,0.4,360,0.029131325465318467,38.40567612687813,2.6742846216695266
3,0.4,360,0.029131325465318467,38.64774624373957,2.7377421543671567
3,0.4,360,0.029131325465318467,38.889816360601,2.802365209092118
3,0.4,360,0.029131325465318467,39.13188647746244,2.8681096039003444
3,0.4,360,0.029131325465318467,39.37395659432387,2.934925764502954
3,0.4,360,0.029131325465318467,39.616026711185306,3.0027584970742693
3,0.4,360,0.029131325465318467,39.85809682804675,3.0715467705986046
3,0.4,360,0.029131325465318467,40.10016694490818,3.14122368091798
3,0.4,360,0.029131325465318467,40.342237061769616,3.211722341791444
3,0.4,360,0.029131325465318467,40.58430717863105,3.2829780132785236
3,0.4,360,0.029131325465318467,40.826377295492485,3.354921186361275
3,0.4,360,0.029131325465318467,41.068447412353926,3.4274770000930177
3,0.4,360,0.029131325465318467,41.31051752921536,3.500565147071629
3,0.4,360,0.029131325465318467,41.552587646076795,3.5740997963145764
3,0.4,360,0.029131325465318467,41.79465776293823,3.647989535298658
3,0.4,360,0.029131325465318467,42.03672787979966,3.722137332947283
3,0.4,360,0.029131325465318467,42.278797996661105,3.7964405253554494
3,0.4,360,0.029131325465318467,42.52086811352254,3.870790826036127
3,0.4,360,0.029131325465318467,42.76293823038397,3.9450743624505225
3,0.4,360,0.029131325465318467,43.00500834724541,4.019171740547008
3,0.4,360,0.029131325465318467,43.24707846410684,4.092958138978792
3,0.4,360,0.029131325465318467,43.48914858096828,4.166303434596977
3,0.4,360,0.029131325465318467,43.73121869782972,4.239072360722985
3,0.4,360,0.029131325465318467,43.97328881469115,4.311124699591288
3,0.4,360,0.029131325465318467,44.215358931552586,4.382315510219228
3,0.4,360,0.029131325465318467,44.45742904841402,4.452495392805015
3,0.4,360,0.029131325465318467,44.69949916527546,4.521510790577176
3,0.4,360,0.029131325465318467,44.941569282136896,4.589204329818651
3,0.4,360,0.029131325465318467,45.18363939899833,4.655422881652946
3,0.4,360,0.029131325465318467,45.425709515859765,4.720076607198057
3,0.4,360,0.029131325465318467,45.6677796327212,4.7831105828839044
3,0.4,360,0.029131325465318467,45.90984974958264,4.844473411044403
3,0.4,360,0.029131325465318467,46.151919866444075,4.9041170514632615
3,0.4,360,0.029131325465318467,46.39398998330551,4.96199688538683
3,0.4,360,0.029131325465318467,46.636060100166944,5.01807176807609
3,0.4,360,0.029131325465318467,46.87813021702838,5.072304069992957
3,0.4,360,0.029131325465318467,47.12020033388982,5.124659706764431
3,0.4,360,0.029131325465318467,47.362270450751254,5.1751081581142495
3,0.4,360,0.029131325465318467,47.60434056761269,5.2236224759951915
3,0.4,360,0.029131325465318467,47.84641068447412,5.270179282195816
3,0.4,360,0.029131325465318467,48.08848080133556,5.31475875573333
3,0.4,360,0.029131325465318467,48.330550918197,5.3573446103790205
3,0.4,360,0.029131325465318467,48.57262103505843,5.397924062694482
3,0.4,360,0.029131325465318467,48.81469115191987,5.43648779098542
3,0.4,360,0.029131325465318467,49.0567612687813,5.47302988560525
3,0.4,360,0.029131325465318467,49.298831385642735,5.507547791062919
3,0.4,360,0.029131325465318467,49.54090150250418,5.5400422404084555
3,0.4,360,0.029131325465318467,49.78297161936561,5.570517182385637
3,0.4,360,0.029131325465318467,50.025041736227045,5.598979713326198
3,0.4,360,0.029131325465318467,50.26711185308848,5.625453922843224
3,0.4,360,0.029131325465318467,50.509181969949914,5.650008294556351
3,0.4,360,0.029131325465318467,50.751252086811355,5.672722595534277
3,0.4,360,0.029131325465318467,50.99332220367279,5.6936801394789756
3,0.4,360,0.029131325465318467,51.235392320534224,5.712967487839094
3,0.4,360,0.029131325465318467,51.47746243739566,5.730674160405999
3,0.4,360,0.029131325465318467,51.71953255425709,5.746892356841314
3,0.4,360,0.029131325465318467,51.961602671118534,5.76171669045513
3,0.4,360,0.029131325465318467,52.20367278797997,5.77524393542683
3,0.4,360,0.029131325465318467,52.4457429048414,5.787572788536989
3,0.4,360,0.029131325465318467,52.68781302170284,5.798803646360057
3,0.4,360,0.029131325465318467,52.92988313856427,5.80903839875448
3,0.4,360,0.029131325465318467,53.17195325542571,5.81838023938054
3,0.4,360,0.029131325465318467,53.41402337228715,5.826933493876914
3,0.4,360,0.029131325465318467,53.65609348914858,5.834803466235878
3,0.4,360,0.029131325465318467,53.898163606010016,5.842096303834289
3,0.4,360,0.029131325465318467,54.14023372287145,5.8489188815037725
3,0.4,360,0.029131325465318467,54.38230383973289,5.855378704959155
3,0.4,360,0.029131325465318467,54.624373956594326,5.8615838338494415
3,0.4,360,0.029131325465318467,54.86644407345576,5.867642824650835
3,0.4,360,0.029131325465318467,55.108514190317194,5.873662997569587
3,0.4,360,0.029131325465318467,55.35058430717863,5.879701646986498
3,0.4,360,0.029131325465318467,55.59265442404007,5.885758476645224
3,0.4,360,0.029131325465318467,55.834724540901504,5.891830007409814
3,0.4,360,0.029131325465318467,56.07679465776294,5.897912736052537
3,0.4,360,0.029131325465318467,56.31886477462437,5.904003135312045
3,0.4,360,0.029131325465318467,56.56093489148581,5.9100976539689505
3,0.4,360,0.029131325465318467,56.80300500834725,5.9161927169393005
3,0.4,360,0.029131325465318467,57.04507512520868,5.922284725386373
3,0.4,360,0.029131325465318467,57.28714524207012,5.9283700568512305
3,0.4,360,0.029131325465318467,57.52921535893155,5.9344450654024765
3,0.4,360,0.029131325465318467,57.771285475792986,5.940506081805616
3,0.4,360,0.029131325465318467,58.01335559265443,5.946549413712466
3,0.4,360,0.029131325465318467,58.25542570951586,5.95257134587099
3,0.4,360,0.029131325465318467,58.497495826377296,5.958568140356003
3,0.4,360,0.029131325465318467,58.73956594323873,5.964536036821089
3,0.4,360,0.029131325465318467,58.981636060100165,5.970471252772176
3,0.4,360,0.029131325465318467,59.223706176961606,5.9763699838630915
3,0.4,360,0.029131325465318467,59.46577629382304,5.9822284042135205
3,0.4,360,0.029131325465318467,59.707846410684475,5.98804266674969
3,0.4,360,0.029131325465318467,59.94991652754591,5.9938089035681505
3,0.4,360,0.029131325465318467,60.19198664440734,5.999521372201876
3,0.4,360,0.029131325465318467,60.434056761268785,6.005160279302065
3,0.4,360,0.029131325465318467,60.67612687813022,6.010699339168292
3,0.4,360,0.029131325465318467,60.91819699499165,6.016112134393079
3,0.4,360,0.029131325465318467,61.16026711185309,6.021372153777024
3,0.4,360,0.029131325465318467,61.40233722871452,6.026452798523441
3,0.4,360,0.029131325465318467,61.644407345575964,6.0313273896039306
3,0.4,360,0.029131325465318467,61.8864774624374,6.035969176300644
3,0.4,360,0.029131325465318467,62.12854757929883,6.040351345930128
3,0.4,360,0.029131325465318467,62.37061769616027,6.044447034752361
3,0.4,360,0.029131325465318467,62.6126878130217,6.048229340067424
3,0.4,360,0.029131325465318467,62.85475792988314,6.05167133350083
3,0.4,360,0.029131325465318467,63.09682804674458,6.05474607547681
3,0.4,360,0.029131325465318467,63.33889816360601,6.057426630877371
3,0.4,360,0.029131325465318467,63.580968280467445,6.059686085882869
3,0.4,360,0.029131325465318467,63.82303839732888,6.061497565987947
3,0.4,360,0.029131325465318467,64.06510851419031,6.062834255184527
3,0.4,360,0.029131325465318467,64.30717863105176,6.063669416301215
3,0.4,360,0.029131325465318467,64.5492487479132,6.063976412486082
3,0.4,360,0.029131325465318467,64.79131886477462,6.063728729817251
3,0.4,360,0.029131325465318467,65.03338898163605,6.062900034020573
3,0.4,360,0.029131325465318467,65.27545909849749,6.06148255459814
3,0.4,360,0.029131325465318467,65.51752921535893,6.059517628279563
3,0.4,360,0.029131325465318467,65.75959933222038,6.057054738093254
3,0.4,360,0.029131325465318467,66.0016694490818,6.054143413844455
3,0.4,360,0.029131325465318467,66.24373956594323,6.050833193741199
3,0.4,360,0.029131325465318467,66.48580968280467,6.047173590036603
3,0.4,360,0.029131325465318467,66.72787979966611,6.043214058698282
3,0.4,360,0.029131325465318467,66.96994991652755,6.039003973108339
3,0.4,360,0.029131325465318467,67.21202003338898,6.034592601790983
3,0.4,360,0.029131325465318467,67.45409015025041,6.0300290901592675
3,0.4,360,0.029131325465318467,67.69616026711185,6.025362446267937
3,0.4,360,0.029131325465318467,67.93823038397329,6.020641530555612
3,0.4,360,0.029131325465318467,68.18030050083473,6.015915049556866
3,0.4,360,0.029131325465318467,68.42237061769616,6.011231553562804
3,0.4,360,0.029131325465318467,68.66444073455759,6.00663943820786
3,0.4,360,0.029131325465318467,68.90651085141903,6.002186949960451
3,0.4,360,0.029131325465318467,69.14858096828047,5.9979221954958755
3,0.4,360,0.029131325465318467,69.3906510851419,5.993893154931642
3,0.4,360,0.029131325465318467,69.63272120200334,5.990147698907893
3,0.4,360,0.029131325465318467,69.87479131886478,5.986733609499024
3,0.4,360,0.029131325465318467,70.11686143572621,5.983697615655579
3,0.4,360,0.029131325465318467,70.35893155258765,5.981061716198671
3,0.4,360,0.029131325465318467,70.60100166944908,5.978822120780715
3,0.4,360,0.029131325465318467,70.84307178631052,5.976973904248327
3,0.4,360,0.029131325465318467,71.08514190317196,5.97551222100494
3,0.4,360,0.029131325465318467,71.32721202003339,5.974432302031287
3,0.4,360,0.029131325465318467,71.56928213689483,5.973729451964291
3,0.4,360,0.029131325465318467,71.81135225375625,5.973399046232553
3,0.4,360,0.029131325465318467,72.0534223706177,5.97343652824665
3,0.4,360,0.029131325465318467,72.29549248747914,5.973837406642442
3,0.4,360,0.029131325465318467,72.53756260434056,5.974597252575817
3,0.4,360,0.029131325465318467,72.779632721202,5.975711697067187
3,0.4,360,0.029131325465318467,73.02170283806343,5.977176428394224
3,0.4,360,0.029131325465318467,73.26377295492487,5.978987189531364
3,0.4,360,0.029131325465318467,73.50584307178632,5.981139775634588
3,0.4,360,0.029131325465318467,73.74791318864774,5.983630031570195
3,0.4,360,0.029131325465318467,73.98998330550918,5.986453849486129
3,0.4,360,0.029131325465318467,74.23205342237061,5.9896071664246975
3,0.4,360,0.029131325465318467,74.47412353923205,5.993085961975391
3,0.4,360,0.029131325465318467,74.7161936560935,5.996886255966667
3,0.4,360,0.029131325465318467,74.95826377295492,6.001004106195555
3,0.4,360,0.029131325465318467,75.20033388981636,6.005433293585437
3,0.4,360,0.029131325465318467,75.44240400667779,6.010151957871844
3,0.4,360,0.029131325465318467,75.68447412353923,6.015131707479866
3,0.4,360,0.029131325465318467,75.92654424040067,6.020344067690847
3,0.4,360,0.029131325465318467,76.1686143572621,6.025760489747508
3,0.4,360,0.029131325465318467,76.41068447412354,6.031352340417659
3,0.4,360,0.029131325465318467,76.65275459098497,6.037090892917097
3,0.4,360,0.029131325465318467,76.89482470784641,6.0429473191980545
3,0.4,360,0.029131325465318467,77.13689482470785,6.048892683610496
3,0.4,360,0.029131325465318467,77.37896494156928,6.054897937944575
3,0.4,360,0.029131325465318467,77.62103505843072,6.0609339178634
3,0.4,360,0.029131325465318467,77.86310517529215,6.0669713407356785
3,0.4,360,0.029131325465318467,78.10517529215359,6.072980804878316
3,0.4,360,0.029131325465318467,78.34724540901503,6.078932790219172
3,0.4,360,0.029131325465318467,78.58931552587646,6.084797660390207
3,0.4,360,0.029131325465318467,78.8313856427379,6.0905456662610895
3,0.4,360,0.029131325465318467,79.07345575959933,6.096146950922854
3,0.4,360,0.029131325465318467,79.31552587646077,6.101571556130758
3,0.4,360,0.029131325465318467,79.55759599332221,6.106789430214536
3,0.4,360,0.029131325465318467,79.79966611018364,6.111770437463473
3,0.4,360,0.029131325465318467,80.04173622704508,6.116484391790163
3,0.4,360,0.029131325465318467,80.2838063439065,6.120908128648833
3,0.4,360,0.029131325465318467,80.52587646076795,6.1250355469466555
3,0.4,360,0.029131325465318467,80.76794657762939,6.128863097703972
3,0.4,360,0.029131325465318467,81.01001669449082,6.1323872663375845
3,0.4,360,0.029131325465318467,81.25208681135226,6.1356045742711816
3,0.4,360,0.029131325465318467,81.49415692821368,6.138511580555212
3,0.4,360,0.029131325465318467,81.73622704507513,6.1411048834954745
3,0.4,360,0.029131325465318467,81.97829716193657,6.143381122289672
3,0.4,360,0.029131325465318467,82.220367278798,6.1453369786711525
3,0.4,360,0.029131325465318467,82.46243739565944,6.146969178559007
3,0.4,360,0.029131325465318467,82.70450751252086,6.1482744937137435
3,0.4,360,0.029131325465318467,82.9465776293823,6.14924974339771
3,0.4,360,0.029131325465318467,83.18864774624375,6.149891796039328
3,0.4,360,0.029131325465318467,83.43071786310517,6.150197570900375
3,0.4,360,0.029131325465318467,83.67278797996661,6.150164039745315
3,0.4,360,0.029131325465318467,83.91485809682804,6.149788228511834
3,0.4,360,0.029131325465318467,84.15692821368948,6.149067218981627
3,0.4,360,0.029131325465318467,84.39899833055092,6.147998150450449
3,0.4,360,0.029131325465318467,84.64106844741235,6.146578221396529
3,0.4,360,0.029131325465318467,84.88313856427379,6.144804691146314
3,0.4,360,0.029131325465318467,85.12520868113522,6.1426754333518225
3,0.4,360,0.029131325465318467,85.36727879799666,6.14020010059762
3,0.4,360,0.029131325465318467,85.6093489148581,6.137399583717446
3,0.4,360,0.029131325465318467,85.85141903171953,6.13429523656099
3,0.4,360,0.029131325465318467,86.09348914858097,6.1309084163846
3,0.4,360,0.029131325465318467,86.3355592654424,6.127260473776042
3,0.4,360,0.029131325465318467,86.57762938230384,6.123372743313989
3,0.4,360,0.029131325465318467,86.81969949916528,6.119266534963565
3,0.4,360,0.029131325465318467,87.06176961602671,6.114963126208561
3,0.4,360,0.029131325465318467,87.30383973288815,6.110483754920049
3,0.4,360,0.029131325465318467,87.54590984974958,6.105849612960435
3,0.4,360,0.029131325465318467,87.78797996661102,6.101081840521388
3,0.4,360,0.029131325465318467,88.03005008347246,6.096201521193373
3,0.4,360,0.029131325465318467,88.27212020033389,6.091229677764194
3,0.4,360,0.029131325465318467,88.51419031719533,6.086187268743345
3,0.4,360,0.029131325465318467,88.75626043405676,6.081095185608695
3,0.4,360,0.029131325465318467,88.9983305509182,6.075974250771751
3,0.4,360,0.029131325465318467,89.24040066777964,6.070845216257399
3,0.4,360,0.029131325465318467,89.48247078464107,6.065728763094017
3,0.4,360,0.029131325465318467,89.72454090150251,6.060645501409671
3,0.4,360,0.029131325465318467,89.96661101836393,6.055615971230086
3,0.4,360,0.029131325465318467,90.20868113522538,6.05066104191484
3,0.4,360,0.029131325465318467,90.45075125208682,6.04580393174778
3,0.4,360,0.029131325465318467,90.69282136894824,6.041068693982648
3,0.4,360,0.029131325465318467,90.93489148580969,6.036479312649331
3,0.4,360,0.029131325465318467,91.17696160267111,6.032059706287751
3,0.4,360,0.029131325465318467,91.41903171953255,6.027833734263129
3,0.4,360,0.029131325465318467,91.661101836394,6.023825204027702
3,0.4,360,0.029131325465318467,91.90317195325542,6.020057879326128
3,0.4,360,0.029131325465318467,92.14524207011686,6.0165554893426
3,0.4,360,0.029131325465318467,92.38731218697829,6.013341738788667
3,0.4,360,0.029131325465318467,92.62938230383973,6.010440318931878
3,0.4,360,0.029131325465318467,92.87145242070117,6.007874919566511
3,0.4,360,0.029131325465318467,93.1135225375626,6.0056692419289215
3,0.4,360,0.029131325465318467,93.35559265442404,6.003847012561508
3,0.4,360,0.029131325465318467,93.59766277128547,6.002431998130652
3,0.4,360,0.029131325465318467,93.83973288814691,6.001448021205805
3,0.4,360,0.029131325465318467,94.08180300500835,6.000918977008362
3,0.4,360,0.029131325465318467,94.32387312186978,6.000868851141054
3,0.4,360,0.029131325465318467,94.56594323873122,6.0013217383102795
3,0.4,360,0.029131325465318467,94.80801335559265,6.002301862056104
3,0.4,360,0.029131325465318467,95.05008347245409,6.003833497684303
3,0.4,360,0.029131325465318467,95.29215358931553,6.005922059107413
3,0.4,360,0.029131325465318467,95.53422370617696,6.008531449659527
3,0.4,360,0.029131325465318467,95.7762938230384,6.011620132728141
3,0.4,360,0.029131325465318467,96.01836393989983,6.015146605716751
3,0.4,360,0.029131325465318467,96.26043405676127,6.019069368118003
3,0.4,360,0.029131325465318467,96.50250417362271,6.023346892485245
3,0.4,360,0.029131325465318467,96.74457429048414,6.027937598293434
3,0.4,360,0.029131325465318467,96.98664440734558,6.032799828685937
3,0.4,360,0.029131325465318467,97.228714524207,6.037891830108386
3,0.4,360,0.029131325465318467,97.47078464106845,6.0431717348351865
3,0.4,360,0.029131325465318467,97.71285475792989,6.048597546397804
3,0.4,360,0.029131325465318467,97.95492487479132,6.054127127927259
3,0.4,360,0.029131325465318467,98.19699499165276,6.0597181934256446
3,0.4,360,0.029131325465318467,98.43906510851419,6.065328301983632
3,0.4,360,0.029131325465318467,98.68113522537563,6.070914854962221
3,0.4,360,0.029131325465318467,98.92320534223707,6.076435096157955
3,0.4,360,0.029131325465318467,99.1652754590985,6.081846114970971
3,0.4,360,0.029131325465318467,99.40734557595994,6.087104852595003
3,0.4,360,0.029131325465318467,99.64941569282136,6.092168111247479
3,0.4,360,0.029131325465318467,99.8914858096828,6.096992566456387
3,0.4,360,0.029131325465318467,100.13355592654425,6.101536000444565
3,0.4,360,0.029131325465318467,100.37562604340567,6.105778347034494
3,0.4,360,0.029131325465318467,100.61769616026712,6.109718972225916
3,0.4,360,0.029131325465318467,100.85976627712854,6.113357940549019
3,0.4,360,0.029131325465318467,101.10183639398998,6.116695362059052
3,0.4,360,0.029131325465318467,101.34390651085143,6.119731392154602
3,0.4,360,0.029131325465318467,101.58597662771285,6.122466231384955
3,0.4,360,0.029131325465318467,101.8280467445743,6.124900125246645
3,0.4,360,0.029131325465318467,102.07011686143572,6.127033363969335
3,0.4,360,0.029131325465318467,102.31218697829716,6.128866282291123
3,0.4,360,0.029131325465318467,102.5542570951586,6.130399259223445
3,0.4,360,0.029131325465318467,102.79632721202003,6.131632717805657
3,0.4,360,0.029131325465318467,103.03839732888147,6.132567124849466
3,0.4,360,0.029131325465318467,103.2804674457429,6.133202990673344
3,0.4,360,0.029131325465318467,103.52253756260434,6.133540868827042
3,0.4,360,0.029131325465318467,103.76460767946578,6.133581355806375
3,0.4,360,0.029131325465318467,104.00667779632721,6.133325090758394
3,0.4,360,0.029131325465318467,104.24874791318865,6.132772755177125
3,0.4,360,0.029131325465318467,104.49081803005008,6.131925072589997
3,0.4,360,0.029131325465318467,104.73288814691152,6.130782808235142
3,0.4,360,0.029131325465318467,104.97495826377296,6.129346768729671
3,0.4,360,0.029131325465318467,105.21702838063439,6.1276178017291505
3,0.4,360,0.029131325465318467,105.45909849749583,6.125596795578382
3,0.4,360,0.029131325465318467,105.70116861435726,6.1232846789536755
3,0.4,360,0.029131325465318467,105.9432387312187,6.120682420496783
3,0.4,360,0.029131325465318467,106.18530884808014,6.117791028440627
3,0.4,360,0.029131325465318467,106.42737896494157,6.114611550227017
3,0.4,360,0.029131325465318467,106.66944908180301,6.11114507211654
3,0.4,360,0.029131325465318467,106.91151919866444,6.10739271879074
3,0.4,360,0.029131325465318467,107.15358931552588,6.103355652946817
3,0.4,360,0.029131325465318467,107.39565943238732,6.09903507488497
3,0.4,360,0.029131325465318467,107.63772954924875,6.094432222088599
3,0.4,360,0.029131325465318467,107.87979966611019,6.0895483687975345
3,0.4,360,0.029131325465318467,108.12186978297161,6.084384825574418
3,0.4,360,0.029131325465318467,108.36393989983306,6.078942938864514
3,0.4,360,0.029131325465318467,108.6060100166945,6.073224090549034
3,0.4,360,0.029131325465318467,108.84808013355592,6.067229697492208
3,0.4,360,0.029131325465318467,109.09015025041737,6.0609612110822715
3,0.4,360,0.029131325465318467,109.3322203672788,6.054420116766554
3,0.4,360,0.029131325465318467,109.57429048414023,6.0476079335808315
3,0.4,360,0.029131325465318467,109.81636060100168,6.040526213673161
3,0.4,360,0.029131325465318467,110.0584307178631,6.033176562959183
3,0.4,360,0.029131325465318467,110.30050083472455,6.025563406423936
3,0.4,360,0.029131325465318467,110.54257095158597,6.017696721516234
3,0.4,360,0.029131325465318467,110.78464106844741,6.009587124674679
3,0.4,360,0.029131325465318467,111.02671118530886,6.001245210194542
3,0.4,360,0.029131325465318467,111.26878130217028,5.992681546239461
3,0.4,360,0.029131325465318467,111.51085141903172,5.983906671032869
3,0.4,360,0.029131325465318467,111.75292153589315,5.974931089229056
3,0.4,360,0.029131325465318467,111.99499165275459,5.965765268463727
3,0.4,360,0.029131325465318467,112.23706176961603,5.956419636083633
3,0.4,360,0.029131325465318467,112.47913188647746,5.946904576054774
3,0.4,360,0.029131325465318467,112.7212020033389,5.937230426048498
3,0.4,360,0.029131325465318467,112.96327212020033,5.927407474704708
3,0.4,360,0.029131325465318467,113.20534223706177,5.917445959071149
3,0.4,360,0.029131325465318467,113.44741235392321,5.907356062217832
3,0.4,360,0.029131325465318467,113.68948247078464,5.897147911025301
3,0.4,360,0.029131325465318467,113.93155258764608,5.886831574145511
3,0.4,360,0.029131325465318467,114.17362270450751,5.876417060133928
3,0.4,360,0.029131325465318467,114.41569282136895,5.865914315751355
3,0.4,360,0.029131325465318467,114.65776293823039,5.855333224433935
3,0.4,360,0.029131325465318467,114.89983305509182,5.844683604929705
3,0.4,360,0.029131325465318467,115.14190317195326,5.833975210099986
3,0.4,360,0.029131325465318467,115.38397328881469,5.823217725883856
3,0.4,360,0.029131325465318467,115.62604340567613,5.812420770423902
3,0.4,360,0.029131325465318467,115.86811352253757,5.801593893351413
3,0.4,360,0.029131325465318467,116.110183639399,5.7907465752290666
3,0.4,360,0.029131325465318467,116.35225375626044,5.779888227149286
3,0.4,360,0.029131325465318467,116.59432387312187,5.769028190486212
3,0.4,360,0.029131325465318467,116.8363939899833,5.75817573679947
3,0.4,360,0.029131325465318467,117.07846410684475,5.747340067887652
3,0.4,360,0.029131325465318467,117.32053422370618,5.7365303159896195
3,0.4,360,0.029131325465318467,117.56260434056762,5.725755544131646
3,0.4,360,0.029131325465318467,117.80467445742904,5.715024746618479
3,0.4,360,0.029131325465318467,118.04674457429049,5.704346849666372
3,0.4,360,0.029131325465318467,118.28881469115193,5.6937307121762055
3,0.4,360,0.029131325465318467,118.53088480801335,5.683185126644808
3,0.4,360,0.029131325465318467,118.7729549248748,5.672718820212677
3,0.4,360,0.029131325465318467,119.01502504173622,5.662340455846298
3,0.4,360,0.029131325465318467,119.25709515859766,5.652058633653315
3,0.4,360,0.029131325465318467,119.4991652754591,5.6418818923288985
3,0.4,360,0.029131325465318467,119.74123539232053,5.631818710731644
3,0.4,360,0.029131325465318467,119.98330550918197,5.621877509587517
3,0.4,360,0.029131325465318467,120.2253756260434,5.612065468238331
3,0.4,360,0.029131325465318467,120.46744574290484,5.60238389668067
3,0.4,360,0.029131325465318467,120.70951585976628,5.59283231457555
3,0.4,360,0.029131325465318467,120.95158597662771,5.583410248789572
3,0.4,360,0.029131325465318467,121.19365609348915,5.574117233849821
3,0.4,360,0.029131325465318467,121.43572621035058,5.564952811916868
3,0.4,360,0.029131325465318467,121.67779632721202,5.555916532758323
3,0.4,360,0.029131325465318467,121.91986644407346,5.547007953722992
3,0.4,360,0.029131325465318467,122.16193656093489,5.538226639715624
3,0.4,360,0.029131325465318467,122.40400667779633,5.529572163172212
3,0.4,360,0.029131325465318467,122.64607679465776,5.521044104035911
3,0.4,360,0.029131325465318467,122.8881469115192,5.512642049733515
3,0.4,360,0.029131325465318467,123.13021702838064,5.504365595152555
3,0.4,360,0.029131325465318467,123.37228714524207,5.496214342618942
3,0.4,360,0.029131325465318467,123.61435726210351,5.488187901875227
3,0.4,360,0.029131325465318467,123.85642737896494,5.480285890059439
3,0.4,360,0.029131325465318467,124.09849749582638,5.472507931684528
3,0.4,360,0.029131325465318467,124.34056761268782,5.464853658618369
3,0.4,360,0.029131325465318467,124.58263772954925,5.457322710064391
3,0.4,360,0.029131325465318467,124.82470784641069,5.449914732542776
3,0.4,360,0.029131325465318467,125.06677796327212,5.442629379872268
3,0.4,360,0.029131325465318467,125.30884808013356,5.435466313152553
3,0.4,360,0.029131325465318467,125.550918196995,5.428425200747267
3,0.4,360,0.029131325465318467,125.79298831385643,5.421505718267583
3,0.4,360,0.029131325465318467,126.03505843071787,5.414707548556394
3,0.4,360,0.029131325465318467,126.2771285475793,5.408030381673107
3,0.4,360,0.029131325465318467,126.51919866444074,5.401473914879021
3,0.4,360,0.029131325465318467,126.76126878130218,5.3950378526233385
3,0.4,360,0.029131325465318467,127.0033388981636,5.388721906529742
3,0.4,360,0.029131325465318467,127.24540901502505,5.382525795383608
3,0.4,360,0.029131325465318467,127.48747913188647,5.376449245119816
3,0.4,360,0.029131325465318467,127.72954924874792,5.370491988811151
3,0.4,360,0.029131325465318467,127.97161936560936,5.364653766657346
3,0.4,360,0.029131325465318467,128.21368948247078,5.358934325974715
3,0.4,360,0.029131325465318467,128.45575959933223,5.353333421186407
3,0.4,360,0.029131325465318467,128.69782971619367,5.347850813813261
3,0.4,360,0.029131325465318467,128.9398998330551,5.34248627246531
3,0.4,360,0.029131325465318467,129.18196994991655,5.337239572833877
3,0.4,360,0.029131325465318467,129.42404006677796,5.332110497684289
3,0.4,360,0.029131325465318467,129.6661101836394,5.327098836849229
3,0.4,360,0.029131325465318467,129.90818030050082,5.322204387222719
3,0.4,360,0.029131325465318467,130.15025041736226,5.317426952754702
3,0.4,360,0.029131325465318467,130.3923205342237,5.312766344446282
3,0.4,360,0.029131325465318467,130.63439065108514,5.308222380345572
3,0.4,360,0.029131325465318467,130.87646076794658,5.303794885544198
3,0.4,360,0.029131325465318467,131.11853088480802,5.299483692174419
3,0.4,360,0.029131325465318467,131.36060100166947,5.295288639406893
3,0.4,360,0.029131325465318467,131.6026711185309,5.2912095734491
3,0.4,360,0.029131325465318467,131.84474123539232,5.2872463475443725
3,0.4,360,0.029131325465318467,132.08681135225376,5.283398821971606
3,0.4,360,0.029131325465318467,132.32888146911517,5.2796668640456055
3,0.4,360,0.029131325465318467,132.57095158597662,5.276050348118079
3,0.4,360,0.029131325465318467,132.81302170283806,5.272549155579292
3,0.4,360,0.029131325465318467,133.0550918196995,5.26916317486038
3,0.4,360,0.029131325465318467,133.29716193656094,5.265892301436313
3,0.4,360,0.029131325465318467,133.53923205342238,5.26273643782954
3,0.4,360,0.029131325465318467,133.7813021702838,5.259695493614277
3,0.4,360,0.029131325465318467,134.02337228714524,5.256769385421487
3,0.4,360,0.029131325465318467,134.26544240400668,5.253958036944525
3,0.4,360,0.029131325465318467,134.50751252086812,5.251261378945444
3,0.4,360,0.029131325465318467,134.74958263772956,5.2486793492620185
3,0.4,360,0.029131325465318467,134.99165275459097,5.246211892815408
3,0.4,360,0.029131325465318467,135.23372287145241,5.243858686290962
3,0.4,360,0.029131325465318467,135.47579298831386,5.2416181930393275
3,0.4,360,0.029131325465318467,135.7178631051753,5.239488547605703
3,0.4,360,0.029131325465318467,135.95993322203674,5.237467894238644
3,0.4,360,0.029131325465318467,136.20200333889815,5.235554386529222
3,0.4,360,0.029131325465318467,136.4440734557596,5.2337461870447415
3,0.4,360,0.029131325465318467,136.68614357262103,5.23204146696955
3,0.4,360,0.029131325465318467,136.92821368948248,5.23043840575277
3,0.4,360,0.029131325465318467,137.17028380634392,5.228935190762932
3,0.4,360,0.029131325465318467,137.41235392320533,5.2275300169493875
3,0.4,360,0.029131325465318467,137.65442404006677,5.226221086510477
3,0.4,360,0.029131325465318467,137.8964941569282,5.225006608568293
3,0.4,360,0.029131325465318467,138.13856427378965,5.22388479885007
3,0.4,360,0.029131325465318467,138.3806343906511,5.222853879376027
3,0.4,360,0.029131325465318467,138.6227045075125,5.221912078153709
3,0.4,360,0.029131325465318467,138.86477462437395,5.221057628878664
3,0.4,360,0.029131325465318467,139.1068447412354,5.2202887706414485
3,0.4,360,0.029131325465318467,139.34891485809683,5.219603747640922
3,0.4,360,0.029131325465318467,139.59098497495827,5.219000808903716
3,0.4,360,0.029131325465318467,139.8330550918197,5.218478208009889
3,0.4,360,0.029131325465318467,140.07512520868113,5.218034202824667
3,0.4,360,0.029131325465318467,140.31719532554257,5.217667055236285
3,0.4,360,0.029131325465318467,140.559265442404,5.217375030899795
3,0.4,360,0.029131325465318467,140.80133555926545,5.217156398986906
3,0.4,360,0.029131325465318467,141.04340567612687,5.217009431941734
3,0.4,360,0.029131325465318467,141.2854757929883,5.216932405242473
3,0.4,360,0.029131325465318467,141.52754590984975,5.216923597168903
3,0.4,360,0.029131325465318467,141.7696160267112,5.216981288575793
3,0.4,360,0.029131325465318467,142.01168614357263,5.217103762672051
3,0.4,360,0.029131325465318467,142.25375626043405,5.217289304805687
3,0.4,360,0.029131325465318467,142.4958263772955,5.217536202254537
3,0.4,360,0.029131325465318467,142.73789649415693,5.217842744022685
3,0.4,360,0.029131325465318467,142.97996661101837,5.218207220642614
3,0.4,360,0.029131325465318467,143.2220367278798,5.218627923983053
3,0.4,360,0.029131325465318467,143.46410684474122,5.219103147062467
3,0.4,360,0.029131325465318467,143.70617696160267,5.219631183868218
3,0.4,360,0.029131325465318467,143.9482470784641,5.220210329181358
3,0.4,360,0.029131325465318467,144.19031719532555,5.220838878407045
3,0.4,360,0.029131325465318467,144.432387312187,5.221515127410576
3,0.4,360,0.029131325465318467,144.6744574290484,5.222237372359008
3,0.4,360,0.029131325465318467,144.91652754590984,5.223003909568385
3,0.4,360,0.029131325465318467,145.15859766277129,5.223813035356552
3,0.4,360,0.029131325465318467,145.40066777963273,5.224663045901524
3,0.4,360,0.029131325465318467,145.64273789649417,5.225552237105478
3,0.4,360,0.029131325465318467,145.88480801335558,5.226478904464248
3,0.4,360,0.029131325465318467,146.12687813021702,5.227441342942452
3,0.4,360,0.029131325465318467,146.36894824707846,5.228437846854155
3,0.4,360,0.029131325465318467,146.6110183639399,5.229466709749097
3,0.4,360,0.029131325465318467,146.85308848080135,5.230526224304508
3,0.4,360,0.029131325465318467,147.09515859766276,5.231614682222467
3,0.4,360,0.029131325465318467,147.3372287145242,5.232730374132875
3,0.4,360,0.029131325465318467,147.57929883138564,5.233871589501955
3,0.4,360,0.029131325465318467,147.82136894824708,5.235036616546375
3,0.4,360,0.029131325465318467,148.06343906510853,5.236223742152943
3,0.4,360,0.029131325465318467,148.30550918196994,5.237431251803896
3,0.4,360,0.029131325465318467,148.54757929883138,5.238657429507795
3,0.4,360,0.029131325465318467,148.78964941569282,5.239900557736017
3,0.4,360,0.029131325465318467,149.03171953255426,5.241158917364885
3,0.4,360,0.029131325465318467,149.2737896494157,5.2424307876234035
3,0.4,360,0.029131325465318467,149.51585976627712,5.24371444604665
3,0.4,360,0.029131325465318467,149.75792988313856,5.245008168434788
3,0.4,360,0.029131325465318467,150.0,5.246310228817762
4,0.5,544,0.03242506413982736,5.0,0.0
4,0.5,544,0.03242506413982736,5.242070116861436,0.0
4,0.5,544,0.03242506413982736,5.484140233722871,0.0
4,0.5,544,0.03242506413982736,5.726210350584307,0.0007913060839790117
4,0.5,544,0.03242506413982736,5.968280467445743,0.010759238182385528
4,0.5,544,0.03242506413982736,6.210350584307179,0.05648360370758714
4,0.5,544,0.03242506413982736,6.452420701168615,0.2220716704692119
4,0.5,544,0.03242506413982736,6.69449081803005,0.697205046390607
4,0.5,544,0.03242506413982736,6.936560934891486,1.8247658226281736
4,0.5,544,0.03242506413982736,7.178631051752921,4.116728984433719
4,0.5,544,0.03242506413982736,7.420701168614357,8.064409307169644
4,0.5,544,0.03242506413982736,7.6627712854757934,13.628195215278396
4,0.5,544,0.03242506413982736,7.904841402337229,19.718948335311957
4,0.5,544,0.03242506413982736,8.146911519198664,24.28266516154005
4,0.5,544,0.03242506413982736,8.3889816360601,26.05236577299887
4,0.5,544,0.03242506413982736,8.631051752921536,25.490804851893166
4,0.5,544,0.03242506413982736,8.873121869782972,23.81900693831256
4,0.5,544,0.03242506413982736,9.115191986644408,22.23860092236709
4,0.5,544,0.03242506413982736,9.357262103505843,21.285203725812213
4,0.5,544,0.03242506413982736,9.599332220367279,20.98648345042642
4,0.5,544,0.03242506413982736,9.841402337228715,21.39630753928564
4,0.5,544,0.03242506413982736,10.083472454090149,22.638289985845468
4,0.5,544,0.03242506413982736,10.325542570951587,24.754605686048098
4,0.5,544,0.03242506413982736,10.567612687813021,27.537658398904888
4,0.5,544,0.03242506413982736,10.809682804674457,30.646662257417486
4,0.5,544,0.03242506413982736,11.051752921535893,33.55520329868581
4,0.5,544,0.03242506413982736,11.293823038397328,35.779005265203125
4,0.5,544,0.03242506413982736,11.535893155258766,37.29538462541352
4,0.5,544,0.03242506413982736,11.7779632721202,38.22015798050742
4,0.5,544,0.03242506413982736,12.020033388981636,38.72476752958984
4,0.5,544,0.03242506413982736,12.262103505843072,38.96705977128789
4,0.5,544,0.03242506413982736,12.504173622704506,38.979155568376875
4,0.5,544,0.03242506413982736,12.746243739565944,38.770812126300925
4,0.5,544,0.03242506413982736,12.988313856427379,38.35525237961004
4,0.5,544,0.03242506413982736,13.230383973288815,37.74855951134748
4,0.5,544,0.03242506413982736,13.47245409015025,36.96903934177656
4,0.5,544,0.03242506413982736,13.714524207011687,36.03657857736003
4,0.5,544,0.03242506413982736,13.956594323873121,34.972023551713725
4,0.5,544,0.03242506413982736,14.198664440734557,33.79754514626629
4,0.5,544,0.03242506413982736,14.440734557595993,32.54132480247897
4,0.5,544,0.03242506413982736,14.68280467445743,31.23231720910514
4,0.5,544,0.03242506413982736,14.924874791318866,29.89680119367431
4,0.5,544,0.03242506413982736,15.1669449081803,28.558064489972995
4,0.5,544,0.03242506413982736,15.409015025041736,27.236277875270353
4,0.5,544,0.03242506413982736,15.651085141903172,25.948518570401333
4,0.5,544,0.03242506413982736,15.893155258764608,24.70891172903337
4,0.5,544,0.03242506413982736,16.135225375626042,23.528580510662223
4,0.5,544,0.03242506413982736,16.377295492487477,22.41155105533911
4,0.5,544,0.03242506413982736,16.619365609348915,21.356811020563097
4,0.5,544,0.03242506413982736,16.861435726210352,20.362943331027456
4,0.5,544,0.03242506413982736,17.103505843071787,19.428327403254162
4,0.5,544,0.03242506413982736,17.34557595993322,18.551189825009146
4,0.5,544,0.03242506413982736,17.587646076794655,17.72964952484926
4,0.5,544,0.03242506413982736,17.829716193656093,16.961757760353805
4,0.5,544,0.03242506413982736,18.07178631051753,16.24552526076449
4,0.5,544,0.03242506413982736,18.313856427378965,15.578348901678465
4,0.5,544,0.03242506413982736,18.5559265442404,14.956741635890335
4,0.5,544,0.03242506413982736,18.797996661101834,14.377406304915246
4,0.5,544,0.03242506413982736,19.040066777963272,13.837321294372279
4,0.5,544,0.03242506413982736,19.28213689482471,13.333716566048569
4,0.5,544,0.03242506413982736,19.524207011686144,12.864051885918911
4,0.5,544,0.03242506413982736,19.76627712854758,12.425997048758548
4,0.5,544,0.03242506413982736,20.008347245409013,12.017413910405224
4,0.5,544,0.03242506413982736,20.25041736227045,11.636164942385177
4,0.5,544,0.03242506413982736,20.49248747913189,11.279682511451808
4,0.5,544,0.03242506413982736,20.734557595993323,10.94550268491151
4,0.5,544,0.03242506413982736,20.976627712854757,10.631387754279709
4,0.5,544,0.03242506413982736,21.218697829716195,10.33530059214087
4,0.5,544,0.03242506413982736,21.46076794657763,10.05538240807854
4,0.5,544,0.03242506413982736,21.702838063439064,9.78993346285121
4,0.5,544,0.03242506413982736,21.9449081803005,9.537396364116683
4,0.5,544,0.03242506413982736,22.186978297161936,8.87912931422007
4,0.5,544,0.03242506413982736,22.429048414023374,8.099044034096096
4,0.5,544,0.03242506413982736,22.671118530884808,7.328124334275733
4,0.5,544,0.03242506413982736,22.913188647746242,6.576155030492727
4,0.5,544,0.03242506413982736,23.15525876460768,5.852190963707517
4,0.5,544,0.03242506413982736,23.397328881469114,5.164186187695157
4,0.5,544,0.03242506413982736,23.639398998330552,4.5187114864724975
4,0.5,544,0.03242506413982736,23.881469115191987,3.92077262049685
4,0.5,544,0.03242506413982736,24.12353923205342,3.5384893387236973
4,0.5,544,0.03242506413982736,24.36560934891486,3.3370795433483247
4,0.5,544,0.03242506413982736,24.607679465776293,3.148760450182433
4,0.5,544,0.03242506413982736,24.84974958263773,2.9732025746851116
4,0.5,544,0.03242506413982736,25.091819699499165,2.810014618360485
4,0.5,544,0.03242506413982736,25.3338898163606,2.658760463145716
4,0.5,544,0.03242506413982736,25.575959933222038,2.5189742099807875
4,0.5,544,0.03242506413982736,25.818030050083472,2.3901733493765587
4,0.5,544,0.03242506413982736,26.06010016694491,2.2718710395189294
4,0.5,544,0.03242506413982736,26.302170283806344,2.1636844382801024
4,0.5,544,0.03242506413982736,26.54424040066778,2.0654108709269052
4,0.5,544,0.03242506413982736,26.786310517529216,1.9768425773655698
4,0.5,544,0.03242506413982736,27.02838063439065,1.8977612821307628
4,0.5,544,0.03242506413982736,27.27045075125209,1.827955842135688
4,0.5,544,0.03242506413982736,27.512520868113523,1.7672385445569392
4,0.5,544,0.03242506413982736,27.754590984974957,1.7154604920450764
4,0.5,544,0.03242506413982736,27.996661101836395,1.6725265889480898
4,0.5,544,0.03242506413982736,28.23873121869783,1.638209735585242
4,0.5,544,0.03242506413982736,28.480801335559267,1.6115559683183285
4,0.5,544,0.03242506413982736,28.7228714524207,1.5915418595980984
4,0.5,544,0.03242506413982736,28.964941569282136,1.5772657335898483
4,0.5,544,0.03242506413982736,29.207011686143574,1.5679172311256497
4,0.5,544,0.03242506413982736,29.449081803005008,1.5627524080266921
4,0.5,544,0.03242506413982736,29.691151919866446,1.5610733245304247
4,0.5,544,0.03242506413982736,29.93322203672788,1.5622113889492897
4,0.5,544,0.03242506413982736,30.175292153589314,1.5655508687184647
4,0.5,544,0.03242506413982736,30.417362270450752,1.570833697611541
4,0.5,544,0.03242506413982736,30.659432387312187,1.578001316974089
4,0.5,544,0.03242506413982736,30.901502504173624,1.5870027485534206
4,0.5,544,0.03242506413982736,31.14357262103506,1.5977918064838599
4,0.5,544,0.03242506413982736,31.385642737896493,1.6103263922101723
4,0.5,544,0.03242506413982736,31.62771285475793,1.624567828335982
4,0.5,544,0.03242506413982736,31.869782971619365,1.6404802247003587
4,0.5,544,0.03242506413982736,32.1118530884808,1.658029870830834
4,0.5,544,0.03242506413982736,32.35392320534224,1.6771846496862166
4,0.5,544,0.03242506413982736,32.59599332220367,1.6979134683033172
4,0.5,544,0.03242506413982736,32.83806343906511,1.7201857016116333
4,0.5,544,0.03242506413982736,33.080133555926544,1.743970646290969
4,0.5,544,0.03242506413982736,33.32220367278798,1.7692369821291016
4,0.5,544,0.03242506413982736,33.56427378964942,1.7959522388986222
4,0.5,544,0.03242506413982736,33.80634390651085,1.8240822673215287
4,0.5,544,0.03242506413982736,34.04841402337229,1.8535907132333076
4,0.5,544,0.03242506413982736,34.29048414023372,1.8844384946001138
4,0.5,544,0.03242506413982736,34.53255425709516,1.9165832815874027
4,0.5,544,0.03242506413982736,34.7746243739566,1.949978980428652
4,0.5,544,0.03242506413982736,35.016694490818026,1.9845752261767633
4,0.5,544,0.03242506413982736,35.25876460767947,2.020331175096206
4,0.5,544,0.03242506413982736,35.5008347245409,2.0572491588991006
4,0.5,544,0.03242506413982736,35.742904841402336,2.0953401835254346
4,0.5,544,0.03242506413982736,35.98497495826378,2.1346147040156107
4,0.5,544,0.03242506413982736,36.227045075125204,2.1750825241766223
4,0.5,544,0.03242506413982736,36.469115191986646,2.2167526921251364
4,0.5,544,0.03242506413982736,36.71118530884808,2.2596333916430633
4,0.5,544,0.03242506413982736,36.953255425709514,2.303731829305392
4,0.5,544,0.03242506413982736,37.19532554257095,2.3490541173661423
4,0.5,544,0.03242506413982736,37.43739565943239,2.3956051524166764
4,0.5,544,0.03242506413982736,37.679465776293824,2.4433884898613036
4,0.5,544,0.03242506413982736,37.92153589315526,2.492406214288098
4,0.5,544,0.03242506413982736,38.16360601001669,2.542658805848291
4,0.5,544,0.03242506413982736,38.40567612687813,2.5941450027955533
4,0.5,544,0.03242506413982736,38.64774624373957,2.64686166037684
4,0.5,544,0.03242506413982736,38.889816360601,2.700803606309409
4,0.5,544,0.03242506413982736,39.13188647746244,2.7559634931240433
4,0.5,544,0.03242506413982736,39.37395659432387,2.8123316477022238
4,0.5,544,0.03242506413982736,39.616026711185306,2.869895918385304
4,0.5,544,0.03242506413982736,39.85809682804675,2.9286415200860634
4,0.5,544,0.03242506413982736,40.10016694490818,2.9885507789588517
4,0.5,544,0.03242506413982736,40.342237061769616,3.0495994433087734
4,0.5,544,0.03242506413982736,40.58430717863105,3.1117552218626
4,0.5,544,0.03242506413982736,40.826377295492485,3.1749815686237413
4,0.5,544,0.03242506413982736,41.068447412353926,3.2392377731451045
4,0.5,544,0.03242506413982736,41.31051752921536,3.304478779240249
4,0.5,544,0.03242506413982736,41.552587646076795,3.3706550090182215
4,0.5,544,0.03242506413982736,41.79465776293823,3.4377121935812616
4,0.5,544,0.03242506413982736,42.03672787979966,3.505591211809443
4,0.5,544,0.03242506413982736,42.278797996661105,3.5742279387381384
4,0.5,544,0.03242506413982736,42.52086811352254,3.643553105111992
4,0.5,544,0.03242506413982736,42.76293823038397,3.713492169771796
4,0.5,544,0.03242506413982736,43.00500834724541,3.7839652065968425
4,0.5,544,0.03242506413982736,43.24707846410684,3.854886807784136
4,0.5,544,0.03242506413982736,43.48914858096828,3.9261660052954683
4,0.5,544,0.03242506413982736,43.73121869782972,3.997706212342812
4,0.5,544,0.03242506413982736,43.97328881469115,4.069405186810165
4,0.5,544,0.03242506413982736,44.215358931552586,4.141155018524385
4,0.5,544,0.03242506413982736,44.45742904841402,4.212842142287512
4,0.5,544,0.03242506413982736,44.69949916527546,4.2843473785667285
4,0.5,544,0.03242506413982736,44.941569282136896,4.3555460037044185
4,0.5,544,0.03242506413982736,45.18363939899833,4.426312704365832
4,0.5,544,0.03242506413982736,45.425709515859765,4.496558863388407
4,0.5,544,0.03242506413982736,45.6677796327212,4.566214896398128
4,0.5,544,0.03242506413982736,45.90984974958264,4.635210534126012
4,0.5,544,0.03242506413982736,46.151919866444075,4.703474768001419
4,0.5,544,0.03242506413982736,46.39398998330551,4.770935953876327
4,0.5,544,0.03242506413982736,46.636060100166944,4.837521919907553
4,0.5,544,0.03242506413982736,46.87813021702838,4.903160078432212
4,0.5,544,0.03242506413982736,47.12020033388982,4.967777541654051
4,0.5,544,0.03242506413982736,47.362270450751254,5.0313012409409135
4,0.5,544,0.03242506413982736,47.60434056761269,5.093658049516211
4,0.5,544,0.03242506413982736,47.84641068447412,5.154774908310237
4,0.5,544,0.03242506413982736,48.08848080133556,5.214578954720409
4,0.5,544,0.03242506413982736,48.330550918197,5.272997654013064
4,0.5,544,0.03242506413982736,48.57262103505843,5.329958933083622
4,0.5,544,0.03242506413982736,48.81469115191987,5.38539131627647
4,0.5,544,0.03242506413982736,49.0567612687813,5.4392240629512285
4,0.5,544,0.03242506413982736,49.298831385642735,5.491387306468026
4,0.5,544,0.03242506413982736,49.54090150250418,5.54181219425118
4,0.5,544,0.03242506413982736,49.78297161936561,5.590431028578308
4,0.5,544,0.03242506413982736,50.025041736227045,5.637177420793303
4,0.5,544,0.03242506413982736,50.26711185308848,5.6820023465834995
4,0.5,544,0.03242506413982736,50.509181969949914,5.724906043180163
4,0.5,544,0.03242506413982736,50.751252086811355,5.765900936062662
4,0.5,544,0.03242506413982736,50.99332220367279,5.805003092443522
4,0.5,544,0.03242506413982736,51.235392320534224,5.842232101295181
4,0.5,544,0.03242506413982736,51.47746243739566,5.877610947831762
4,0.5,544,0.03242506413982736,51.71953255425709,5.911165883238041
4,0.5,544,0.03242506413982736,51.961602671118534,5.94292629042638
4,0.5,544,0.03242506413982736,52.20367278797997,5.972924546587616
4,0.5,544,0.03242506413982736,52.4457429048414,6.001195883283649
4,0.5,544,0.03242506413982736,52.68781302170284,6.0277782448083554
4,0.5,544,0.03242506413982736,52.92988313856427,6.052712145519727
4,0.5,544,0.03242506413982736,53.17195325542571,6.076040526819992
4,0.5,544,0.03242506413982736,53.41402337228715,6.097808614432535
4,0.5,544,0.03242506413982736,53.65609348914858,6.118063776594614
4,0.5,544,0.03242506413982736,53.898163606010016,6.136855383753901
4,0.5,544,0.03242506413982736,54.14023372287145,6.154234670324773
4,0.5,544,0.03242506413982736,54.38230383973289,6.170254599027379
4,0.5,544,0.03242506413982736,54.624373956594326,6.184969728299244
4,0.5,544,0.03242506413982736,54.86644407345576,6.198436083235639
4,0.5,544,0.03242506413982736,55.108514190317194,6.210710721447713
4,0.5,544,0.03242506413982736,55.35058430717863,6.221842717434182
4,0.5,544,0.03242506413982736,55.59265442404007,6.231871640227937
4,0.5,544,0.03242506413982736,55.834724540901504,6.240837367280087
4,0.5,544,0.03242506413982736,56.07679465776294,6.24878058568173
4,0.5,544,0.03242506413982736,56.31886477462437,6.255742720497575
4,0.5,544,0.03242506413982736,56.56093489148581,6.261765865381386
4,0.5,544,0.03242506413982736,56.80300500834725,6.266892715618577
4,0.5,544,0.03242506413982736,57.04507512520868,6.271166503728395
4,0.5,544,0.03242506413982736,57.28714524207012,6.274630937745541
4,0.5,544,0.03242506413982736,57.52921535893155,6.277330142288988
4,0.5,544,0.03242506413982736,57.771285475792986,6.279308602513943
4,0.5,544,0.03242506413982736,58.01335559265443,6.280611111031696
4,0.5,544,0.03242506413982736,58.25542570951586,6.28128271787126
4,0.5,544,0.03242506413982736,58.497495826377296,6.281368683546577
4,0.5,544,0.03242506413982736,58.73956594323873,6.2809144352833135
4,0.5,544,0.03242506413982736,58.981636060100165,6.279965526450227
4,0.5,544,0.03242506413982736,59.223706176961606,6.278567599231675
4,0.5,544,0.03242506413982736,59.46577629382304,6.27676635056991
4,0.5,544,0.03242506413982736,59.707846410684475,6.274607501398693
4,0.5,544,0.03242506413982736,59.94991652754591,6.272136769183186
4,0.5,544,0.03242506413982736,60.19198664440734,6.269397621197058
4,0.5,544,0.03242506413982736,60.434056761268785,6.266416693516199
4,0.5,544,0.03242506413982736,60.67612687813022,6.263212928386064
4,0.5,544,0.03242506413982736,60.91819699499165,6.25980520865085
4,0.5,544,0.03242506413982736,61.16026711185309,6.256212390993759
4,0.5,544,0.03242506413982736,61.40233722871452,6.252453300268094
4,0.5,544,0.03242506413982736,61.644407345575964,6.248546724392869
4,0.5,544,0.03242506413982736,61.8864774624374,6.244511409811503
4,0.5,544,0.03242506413982736,62.12854757929883,6.240366057511919
4,0.5,544,0.03242506413982736,62.37061769616027,6.236129319605883
4,0.5,544,0.03242506413982736,62.6126878130217,6.231819796465255
4,0.5,544,0.03242506413982736,62.85475792988314,6.227456034412476
4,0.5,544,0.03242506413982736,63.09682804674458,6.223056523962432
4,0.5,544,0.03242506413982736,63.33889816360601,6.21863969861273
4,0.5,544,0.03242506413982736,63.580968280467445,6.214223934179205
4,0.5,544,0.03242506413982736,63.82303839732888,6.209827548673515
4,0.5,544,0.03242506413982736,64.06510851419031,6.205468802719582
4,0.5,544,0.03242506413982736,64.30717863105176,6.2011659005056945
4,0.5,544,0.03242506413982736,64.5492487479132,6.196936991269125
4,0.5,544,0.03242506413982736,64.79131886477462,6.192800171310259
4,0.5,544,0.03242506413982736,65.03338898163605,6.1887734803696395
4,0.5,544,0.03242506413982736,65.27545909849749,6.1848714766704065
4,0.5,544,0.03242506413982736,65.51752921535893,6.181099548587566
4,0.5,544,0.03242506413982736,65.75959933222038,6.177461571684866
4,0.5,544,0.03242506413982736,66.0016694490818,6.1739614154559295
4,0.5,544,0.03242506413982736,66.24373956594323,6.170602944294622
4,0.5,544,0.03242506413982736,66.48580968280467,6.167390018487105
4,0.5,544,0.03242506413982736,66.72787979966611,6.164326495225661
4,0.5,544,0.03242506413982736,66.96994991652755,6.161416229644385
4,0.5,544,0.03242506413982736,67.21202003338898,6.15866307587688
4,0.5,544,0.03242506413982736,67.45409015025041,6.15607088813607
4,0.5,544,0.03242506413982736,67.69616026711185,6.153643521816302
4,0.5,544,0.03242506413982736,67.93823038397329,6.151384834617899
4,0.5,544,0.03242506413982736,68.18030050083473,6.149298687694358
4,0.5,544,0.03242506413982736,68.42237061769616,6.147388946822414
4,0.5,544,0.03242506413982736,68.66444073455759,6.145659483595189
4,0.5,544,0.03242506413982736,68.90651085141903,6.144114176638697
4,0.5,544,0.03242506413982736,69.14858096828047,6.142756912851953
4,0.5,544,0.03242506413982736,69.3906510851419,6.141591588670993
4,0.5,544,0.03242506413982736,69.63272120200334,6.14062211135715
4,0.5,544,0.03242506413982736,69.87479131886478,6.139852400309855
4,0.5,544,0.03242506413982736,70.11686143572621,6.139286307920362
4,0.5,544,0.03242506413982736,70.35893155258765,6.138925691477937
4,0.5,544,0.03242506413982736,70.60100166944908,6.138770322305931
4,0.5,544,0.03242506413982736,70.84307178631052,6.138819889777807
4,0.5,544,0.03242506413982736,71.08514190317196,6.139074100270469
4,0.5,544,0.03242506413982736,71.32721202003339,6.139532677117442
4,0.5,544,0.03242506413982736,71.56928213689483,6.140195360562885
4,0.5,544,0.03242506413982736,71.81135225375625,6.141061907716485
4,0.5,544,0.03242506413982736,72.0534223706177,6.142132092509293
4,0.5,544,0.03242506413982736,72.29549248747914,6.14340570565044
4,0.5,544,0.03242506413982736,72.53756260434056,6.14488255458486
4,0.5,544,0.03242506413982736,72.779632721202,6.146562463451969
4,0.5,544,0.03242506413982736,73.02170283806343,6.148445273045337
4,0.5,544,0.03242506413982736,73.26377295492487,6.15053084077342
4,0.5,544,0.03242506413982736,73.50584307178632,6.152819040621276
4,0.5,544,0.03242506413982736,73.74791318864774,6.155309763113413
4,0.5,544,0.03242506413982736,73.98998330550918,6.15800291527765
4,0.5,544,0.03242506413982736,74.23205342237061,6.160898420610103
4,0.5,544,0.03242506413982736,74.47412353923205,6.163996219041288
4,0.5,544,0.03242506413982736,74.7161936560935,6.167296266903335
4,0.5,544,0.03242506413982736,74.95826377295492,6.170798536898337
4,0.5,544,0.03242506413982736,75.20033388981636,6.174502031080672
4,0.5,544,0.03242506413982736,75.44240400667779,6.178399079728533
4,0.5,544,0.03242506413982736,75.68447412353923,6.182479234813304
4,0.5,544,0.03242506413982736,75.92654424040067,6.186732025088574
4,0.5,544,0.03242506413982736,76.1686143572621,6.191146961973055
4,0.5,544,0.03242506413982736,76.41068447412354,6.195713536692164
4,0.5,544,0.03242506413982736,76.65275459098497,6.200421217597767
4,0.5,544,0.03242506413982736,76.89482470784641,6.205259447666512
4,0.5,544,0.03242506413982736,77.13689482470785,6.210217642177253
4,0.5,544,0.03242506413982736,77.37896494156928,6.215285186568201
4,0.5,544,0.03242506413982736,77.62103505843072,6.220451434474591
4,0.5,544,0.03242506413982736,77.86310517529215,6.225705705947661
4,0.5,544,0.03242506413982736,78.10517529215359,6.23103728585591
4,0.5,544,0.03242506413982736,78.34724540901503,6.236435422469639
4,0.5,544,0.03242506413982736,78.58931552587646,6.24188932622986
4,0.5,544,0.03242506413982736,78.8313856427379,6.247388168702733
4,0.5,544,0.03242506413982736,79.07345575959933,6.252921081720727
4,0.5,544,0.03242506413982736,79.31552587646077,6.258477156711762
4,0.5,544,0.03242506413982736,79.55759599332221,6.264045444217589
4,0.5,544,0.03242506413982736,79.79966611018364,6.269614953602793
4,0.5,544,0.03242506413982736,80.04173622704508,6.275174648474941
4,0.5,544,0.03242506413982736,80.2838063439065,6.280712059059125
4,0.5,544,0.03242506413982736,80.52587646076795,6.286211309412693
4,0.5,544,0.03242506413982736,80.76794657762939,6.291655969902087
4,0.5,544,0.03242506413982736,81.01001669449082,6.29702955352094
4,0.5,544,0.03242506413982736,81.25208681135226,6.3023155175468615
4,0.5,544,0.03242506413982736,81.49415692821368,6.307497265631583
4,0.5,544,0.03242506413982736,81.73622704507513,6.312558150326882
4,0.5,544,0.03242506413982736,81.97829716193657,6.317481476048575
4,0.5,544,0.03242506413982736,82.220367278798,6.322250502480589
4,0.5,544,0.03242506413982736,82.46243739565944,6.326848448421007
4,0.5,544,0.03242506413982736,82.70450751252086,6.331258496071568
4,0.5,544,0.03242506413982736,82.9465776293823,6.335463795771971
4,0.5,544,0.03242506413982736,83.18864774624375,6.339447471179818
4,0.5,544,0.03242506413982736,83.43071786310517,6.343192624896828
4,0.5,544,0.03242506413982736,83.67278797996661,6.346682344541441
4,0.5,544,0.03242506413982736,83.91485809682804,6.349899709267565
4,0.5,544,0.03242506413982736,84.15692821368948,6.352827796728736
4,0.5,544,0.03242506413982736,84.39899833055092,6.355449690486409
4,0.5,544,0.03242506413982736,84.64106844741235,6.357748487860705
4,0.5,544,0.03242506413982736,84.88313856427379,6.359707308221237
4,0.5,544,0.03242506413982736,85.12520868113522,6.361309890843172
4,0.5,544,0.03242506413982736,85.36727879799666,6.362552530734213
4,0.5,544,0.03242506413982736,85.6093489148581,6.363443545826273
4,0.5,544,0.03242506413982736,85.85141903171953,6.363991795647643
4,0.5,544,0.03242506413982736,86.09348914858097,6.364206197605215
4,0.5,544,0.03242506413982736,86.3355592654424,6.364095722239168
4,0.5,544,0.03242506413982736,86.57762938230384,6.363669388590537
4,0.5,544,0.03242506413982736,86.81969949916528,6.362936259684097
4,0.5,544,0.03242506413982736,87.06176961602671,6.361905438128862
4,0.5,544,0.03242506413982736,87.30383973288815,6.360586061838334
4,0.5,544,0.03242506413982736,87.54590984974958,6.358987299872433
4,0.5,544,0.03242506413982736,87.78797996661102,6.357118348402908
4,0.5,544,0.03242506413982736,88.03005008347246,6.354988426803825
4,0.5,544,0.03242506413982736,88.27212020033389,6.352606773868652
4,0.5,544,0.03242506413982736,88.51419031719533,6.349982644155199
4,0.5,544,0.03242506413982736,88.75626043405676,6.347125304459639
4,0.5,544,0.03242506413982736,88.9983305509182,6.344044030420593
4,0.5,544,0.03242506413982736,89.24040066777964,6.340748103254204
4,0.5,544,0.03242506413982736,89.48247078464107,6.337246806620932
4,0.5,544,0.03242506413982736,89.72454090150251,6.333549423624731
4,0.5,544,0.03242506413982736,89.96661101836393,6.329665233945105
4,0.5,544,0.03242506413982736,90.20868113522538,6.325605251165068
4,0.5,544,0.03242506413982736,90.45075125208682,6.321391043974767
4,0.5,544,0.03242506413982736,90.69282136894824,6.317048103782356
4,0.5,544,0.03242506413982736,90.93489148580969,6.31260186760431
4,0.5,544,0.03242506413982736,91.17696160267111,6.308077706303578
4,0.5,544,0.03242506413982736,91.41903171953255,6.303500920980757
4,0.5,544,0.03242506413982736,91.661101836394,6.2988967403818545
4,0.5,544,0.03242506413982736,91.90317195325542,6.294290319317752
4,0.5,544,0.03242506413982736,92.14524207011686,6.289706738090275
4,0.5,544,0.03242506413982736,92.38731218697829,6.28517100291961
4,0.5,544,0.03242506413982736,92.62938230383973,6.280708047367814
4,0.5,544,0.03242506413982736,92.87145242070117,6.2763427347533165
4,0.5,544,0.03242506413982736,93.1135225375626,6.2720998615514505
4,0.5,544,0.03242506413982736,93.35559265442404,6.2680041617764335
4,0.5,544,0.03242506413982736,93.59766277128547,6.264080312340628
4,0.5,544,0.03242506413982736,93.83973288814691,6.26035293938747
4,0.5,544,0.03242506413982736,94.08180300500835,6.25684662559507
4,0.5,544,0.03242506413982736,94.32387312186978,6.253585918448315
4,0.5,544,0.03242506413982736,94.56594323873122,6.250595339478045
4,0.5,544,0.03242506413982736,94.80801335559265,6.247899394467034
4,0.5,544,0.03242506413982736,95.05008347245409,6.245522508011683
4,0.5,544,0.03242506413982736,95.29215358931553,6.2434742166266926
4,0.5,544,0.03242506413982736,95.53422370617696,6.24173150375745
4,0.5,544,0.03242506413982736,95.7762938230384,6.240267112571335
4,0.5,544,0.03242506413982736,96.01836393989983,6.239053850360017
4,0.5,544,0.03242506413982736,96.26043405676127,6.2380645770558285
4,0.5,544,0.03242506413982736,96.50250417362271,6.237272194936244
4,0.5,544,0.03242506413982736,96.74457429048414,6.2366496395108
4,0.5,544,0.03242506413982736,96.98664440734558,6.236169871586134
4,0.5,544,0.03242506413982736,97.228714524207,6.235805870505692
4,0.5,544,0.03242506413982736,97.47078464106845,6.235530628561668
4,0.5,544,0.03242506413982736,97.71285475792989,6.235317146577365
4,0.5,544,0.03242506413982736,97.95492487479132,6.235138430658944
4,0.5,544,0.03242506413982736,98.19699499165276,6.234967490115797
4,0.5,544,0.03242506413982736,98.43906510851419,6.234777336549237
4,0.5,544,0.03242506413982736,98.68113522537563,6.234540984109324
4,0.5,544,0.03242506413982736,98.92320534223707,6.234231450919708
4,0.5,544,0.03242506413982736,99.1652754590985,6.2338217616702325
4,0.5,544,0.03242506413982736,99.40734557595994,6.233284951376842
4,0.5,544,0.03242506413982736,99.64941569282136,6.232594070307898
4,0.5,544,0.03242506413982736,99.8914858096828,6.231722190075543
4,0.5,544,0.03242506413982736,100.13355592654425,6.230643242101757
4,0.5,544,0.03242506413982736,100.37562604340567,6.229346358327201
4,0.5,544,0.03242506413982736,100.61769616026712,6.2278339466577215
4,0.5,544,0.03242506413982736,100.85976627712854,6.226108880046425
4,0.5,544,0.03242506413982736,101.10183639398998,6.224174049621995
4,0.5,544,0.03242506413982736,101.34390651085143,6.222032363746858
4,0.5,544,0.03242506413982736,101.58597662771285,6.219686747085539
4,0.5,544,0.03242506413982736,101.8280467445743,6.217140139683438
4,0.5,544,0.03242506413982736,102.07011686143572,6.214395496056325
4,0.5,544,0.03242506413982736,102.31218697829716,6.21145578429082
4,0.5,544,0.03242506413982736,102.5542570951586,6.208323985156092
4,0.5,544,0.03242506413982736,102.79632721202003,6.205003091227037
4,0.5,544,0.03242506413982736,103.03839732888147,6.20149610601915
4,0.5,544,0.03242506413982736,103.2804674457429,6.19780604313533
4,0.5,544,0.03242506413982736,103.52253756260434,6.193935925424812
4,0.5,544,0.03242506413982736,103.76460767946578,6.189888784154427
4,0.5,544,0.03242506413982736,104.00667779632721,6.185667658192386
4,0.5,544,0.03242506413982736,104.24874791318865,6.1812755932047585
4,0.5,544,0.03242506413982736,104.49081803005008,6.176715640864833
4,0.5,544,0.03242506413982736,104.73288814691152,6.171990858075496
4,0.5,544,0.03242506413982736,104.97495826377296,6.167104306204786
4,0.5,544,0.03242506413982736,105.21702838063439,6.162059050334777
4,0.5,544,0.03242506413982736,105.45909849749583,6.156858158523901
4,0.5,544,0.03242506413982736,105.70116861435726,6.151504701082842
4,0.5,544,0.03242506413982736,105.9432387312187,6.146001749864126
4,0.5,544,0.03242506413982736,106.18530884808014,6.140352377565479
4,0.5,544,0.03242506413982736,106.42737896494157,6.1345596570470615
4,0.5,544,0.03242506413982736,106.66944908180301,6.1286266606627
4,0.5,544,0.03242506413982736,106.91151919866444,6.122556459605127
4,0.5,544,0.03242506413982736,107.15358931552588,6.116352123265352
4,0.5,544,0.03242506413982736,107.39565943238732,6.11001671860619
4,0.5,544,0.03242506413982736,107.63772954924875,6.10355330955004
4,0.5,544,0.03242506413982736,107.87979966611019,6.0969649563809085
4,0.5,544,0.03242506413982736,108.12186978297161,6.090254715160747
4,0.5,544,0.03242506413982736,108.36393989983306,6.083425637160137
4,0.5,544,0.03242506413982736,108.6060100166945,6.07648076830332
4,0.5,544,0.03242506413982736,108.84808013355592,6.069423148627597
4,0.5,544,0.03242506413982736,109.09015025041737,6.062255811757138
4,0.5,544,0.03242506413982736,109.3322203672788,6.054981784391147
4,0.5,544,0.03242506413982736,109.57429048414023,6.047604085806409
4,0.5,544,0.03242506413982736,109.81636060100168,6.040125727374216
4,0.5,544,0.03242506413982736,110.0584307178631,6.032549717909204
4,0.5,544,0.03242506413982736,110.30050083472455,6.024879824445282
4,0.5,544,0.03242506413982736,110.54257095158597,6.017121324332926
4,0.5,544,0.03242506413982736,110.78464106844741,6.009279653090223
4,0.5,544,0.03242506413982736,111.02671118530886,6.001360222833389
4,0.5,544,0.03242506413982736,111.26878130217028,5.993368421581416
4,0.5,544,0.03242506413982736,111.51085141903172,5.985309612608893
4,0.5,544,0.03242506413982736,111.75292153589315,5.977189133846667
4,0.5,544,0.03242506413982736,111.99499165275459,5.969012297329993
4,0.5,544,0.03242506413982736,112.23706176961603,5.960784388693818
4,0.5,544,0.03242506413982736,112.47913188647746,5.952510666714844
4,0.5,544,0.03242506413982736,112.7212020033389,5.944196362899995
4,0.5,544,0.03242506413982736,112.96327212020033,5.935846681120882
4,0.5,544,0.03242506413982736,113.20534223706177,5.927466797293859
4,0.5,544,0.03242506413982736,113.44741235392321,5.919061859105322
4,0.5,544,0.03242506413982736,113.68948247078464,5.9106369857817596
4,0.5,544,0.03242506413982736,113.93155258764608,5.902197267904189
4,0.5,544,0.03242506413982736,114.17362270450751,5.893747767266537
4,0.5,544,0.03242506413982736,114.41569282136895,5.885293516777533
4,0.5,544,0.03242506413982736,114.65776293823039,5.876839520405707
4,0.5,544,0.03242506413982736,114.89983305509182,5.868390753167024
4,0.5,544,0.03242506413982736,115.14190317195326,5.859952161154746
4,0.5,544,0.03242506413982736,115.38397328881469,5.851528661611098
4,0.5,544,0.03242506413982736,115.62604340567613,5.843125143040275
4,0.5,544,0.03242506413982736,115.86811352253757,5.8347464653623975
4,0.5,544,0.03242506413982736,116.110183639399,5.826397460107956
4,0.5,544,0.03242506413982736,116.35225375626044,5.818082930652365
4,0.5,544,0.03242506413982736,116.59432387312187,5.809807652490148
4,0.5,544,0.03242506413982736,116.8363939899833,5.801576373548419
4,0.5,544,0.03242506413982736,117.07846410684475,5.793393814539204
4,0.5,544,0.03242506413982736,117.32053422370618,5.785264669350215
4,0.5,544,0.03242506413982736,117.56260434056762,5.7771936054737125
4,0.5,544,0.03242506413982736,117.80467445742904,5.769185264473055
4,0.5,544,0.03242506413982736,118.04674457429049,5.761244262486598
4,0.5,544,0.03242506413982736,118.28881469115193,5.753375190768541
4,0.5,544,0.03242506413982736,118.53088480801335,5.745582616266439
4,0.5,544,0.03242506413982736,118.7729549248748,5.737871082234993
4,0.5,544,0.03242506413982736,119.01502504173622,5.730245108885844
4,0.5,544,0.03242506413982736,119.25709515859766,5.7227091940730554
4,0.5,544,0.03242506413982736,119.4991652754591,5.715267814013988
4,0.5,544,0.03242506413982736,119.74123539232053,5.707925424045298
4,0.5,544,0.03242506413982736,119.98330550918197,5.700686459413846
4,0.5,544,0.03242506413982736,120.2253756260434,5.693554676606148
4,0.5,544,0.03242506413982736,120.46744574290484,5.686530574778178
4,0.5,544,0.03242506413982736,120.70951585976628,5.679613659795949
4,0.5,544,0.03242506413982736,120.95158597662771,5.672803443535485
4,0.5,544,0.03242506413982736,121.19365609348915,5.666099444100866
4,0.5,544,0.03242506413982736,121.43572621035058,5.659501185774456
4,0.5,544,0.03242506413982736,121.67779632721202,5.653008198967719
4,0.5,544,0.03242506413982736,121.91986644407346,5.64662002017262
4,0.5,544,0.03242506413982736,122.16193656093489,5.640336191913622
4,0.5,544,0.03242506413982736,122.40400667779633,5.634156262700195
4,0.5,544,0.03242506413982736,122.64607679465776,5.628079786979959
4,0.5,544,0.03242506413982736,122.8881469115192,5.622106325092329
4,0.5,544,0.03242506413982736,123.13021702838064,5.616235443222748
4,0.5,544,0.03242506413982736,123.37228714524207,5.610466713357438
4,0.5,544,0.03242506413982736,123.61435726210351,5.604799713238719
4,0.5,544,0.03242506413982736,123.85642737896494,5.599234026320836
4,0.5,544,0.03242506413982736,124.09849749582638,5.5937692417263545
4,0.5,544,0.03242506413982736,124.34056761268782,5.588404954203038
4,0.5,544,0.03242506413982736,124.58263772954925,5.583140764081275
4,0.5,544,0.03242506413982736,124.82470784641069,5.57797627723201
4,0.5,544,0.03242506413982736,125.06677796327212,5.572911105025195
4,0.5,544,0.03242506413982736,125.30884808013356,5.567944864288718
4,0.5,544,0.03242506413982736,125.550918196995,5.563077177267869
4,0.5,544,0.03242506413982736,125.79298831385643,5.558307671585277
4,0.5,544,0.03242506413982736,126.03505843071787,5.5536359802013315
4,0.5,544,0.03242506413982736,126.2771285475793,5.5490617413751275
4,0.5,544,0.03242506413982736,126.51919866444074,5.544584598625821
4,0.5,544,0.03242506413982736,126.76126878130218,5.540204200694544
4,0.5,544,0.03242506413982736,127.0033388981636,5.535920201506719
4,0.5,544,0.03242506413982736,127.24540901502505,5.531732260134887
4,0.5,544,0.03242506413982736,127.48747913188647,5.527640040761975
4,0.5,544,0.03242506413982736,127.72954924874792,5.523643212645015
4,0.5,544,0.03242506413982736,127.97161936560936,5.519741450079343
4,0.5,544,0.03242506413982736,128.21368948247078,5.515934432363211
4,0.5,544,0.03242506413982736,128.45575959933223,5.512221843762875
4,0.5,544,0.03242506413982736,128.69782971619367,5.508603373478105
4,0.5,544,0.03242506413982736,128.9398998330551,5.505078715608123
4,0.5,544,0.03242506413982736,129.18196994991655,5.501647569118001
4,0.5,544,0.03242506413982736,129.42404006677796,5.498309637805447
4,0.5,544,0.03242506413982736,129.6661101836394,5.495064630268042
4,0.5,544,0.03242506413982736,129.90818030050082,5.491912259870897
4,0.5,544,0.03242506413982736,130.15025041736226,5.488852244714697
4,0.5,544,0.03242506413982736,130.3923205342237,5.4858843076041826
4,0.5,544,0.03242506413982736,130.63439065108514,5.483008176017023
4,0.5,544,0.03242506413982736,130.87646076794658,5.480223582073107
4,0.5,544,0.03242506413982736,131.11853088480802,5.477530262504202
4,0.5,544,0.03242506413982736,131.36060100166947,5.474927958624049
4,0.5,544,0.03242506413982736,131.6026711185309,5.472416416298812
4,0.5,544,0.03242506413982736,131.84474123539232,5.469995385917938
4,0.5,544,0.03242506413982736,132.08681135225376,5.467664622365385
4,0.5,544,0.03242506413982736,132.32888146911517,5.465423884991243
4,0.5,544,0.03242506413982736,132.57095158597662,5.463272937583722
4,0.5,544,0.03242506413982736,132.81302170283806,5.461211548341509
4,0.5,544,0.03242506413982736,133.0550918196995,5.459239489846512
4,0.5,544,0.03242506413982736,133.29716193656094,5.457356539036947
4,0.5,544,0.03242506413982736,133.53923205342238,5.455562477180809
4,0.5,544,0.03242506413982736,133.7813021702838,5.453857089849668
4,0.5,544,0.03242506413982736,134.02337228714524,5.4522401668928655
4,0.5,544,0.03242506413982736,134.26544240400668,5.450711502412026
4,0.5,544,0.03242506413982736,134.50751252086812,5.449270894735929
4,0.5,544,0.03242506413982736,134.74958263772956,5.447918146395735
4,0.5,544,0.03242506413982736,134.99165275459097,5.4466530641005315
4,0.5,544,0.03242506413982736,135.23372287145241,5.445475214865334
4,0.5,544,0.03242506413982736,135.47579298831386,5.444383088472233
4,0.5,544,0.03242506413982736,135.7178631051753,5.443374880003925
4,0.5,544,0.03242506413982736,135.95993322203674,5.4424487895694345
4,0.5,544,0.03242506413982736,136.20200333889815,5.441603022045912
4,0.5,544,0.03242506413982736,136.4440734557596,5.440835786815464
4,0.5,544,0.03242506413982736,136.68614357262103,5.440145297508086
4,0.5,544,0.03242506413982736,136.92821368948248,5.439529771750679
4,0.5,544,0.03242506413982736,137.17028380634392,5.438987430922059
4,0.5,544,0.03242506413982736,137.41235392320533,5.438516499913987
4,0.5,544,0.03242506413982736,137.65442404006677,5.438115206898131
4,0.5,544,0.03242506413982736,137.8964941569282,5.437781783098945
4,0.5,544,0.03242506413982736,138.13856427378965,5.437514462572437
4,0.5,544,0.03242506413982736,138.3806343906511,5.437311481990796
4,0.5,544,0.03242506413982736,138.6227045075125,5.437171080432829
4,0.5,544,0.03242506413982736,138.86477462437395,5.437091499180226
4,0.5,544,0.03242506413982736,139.1068447412354,5.437070981519569
4,0.5,544,0.03242506413982736,139.34891485809683,5.437107772550137
4,0.5,544,0.03242506413982736,139.59098497495827,5.43720011899739
4,0.5,544,0.03242506413982736,139.8330550918197,5.437346269032235
4,0.5,544,0.03242506413982736,140.07512520868113,5.437544472095917
4,0.5,544,0.03242506413982736,140.31719532554257,5.437792978730669
4,0.5,544,0.03242506413982736,140.559265442404,5.438090040415956
4,0.5,544,0.03242506413982736,140.80133555926545,5.4384339094104295
4,0.5,544,0.03242506413982736,141.04340567612687,5.4388228385995045
4,0.5,544,0.03242506413982736,141.2854757929883,5.439255081348574
4,0.5,544,0.03242506413982736,141.52754590984975,5.439728891361843
4,0.5,544,0.03242506413982736,141.7696160267112,5.440242522546796
4,0.5,544,0.03242506413982736,142.01168614357263,5.440794228884268
4,0.5,544,0.03242506413982736,142.25375626043405,5.441382264304128
4,0.5,544,0.03242506413982736,142.4958263772955,5.442004882566557
4,0.5,544,0.03242506413982736,142.73789649415693,5.442660337148961
4,0.5,544,0.03242506413982736,142.97996661101837,5.443346881138425
4,0.5,544,0.03242506413982736,143.2220367278798,5.444062767129844
4,0.5,544,0.03242506413982736,143.46410684474122,5.444806247129585
4,0.5,544,0.03242506413982736,143.70617696160267,5.445575572464802
4,0.5,544,0.03242506413982736,143.9482470784641,5.446368993698318
4,0.5,544,0.03242506413982736,144.19031719532555,5.447184760549147
4,0.5,544,0.03242506413982736,144.432387312187,5.448021121818601
4,0.5,544,0.03242506413982736,144.6744574290484,5.4488763253220345
4,0.5,544,0.03242506413982736,144.91652754590984,5.449748617826185
4,0.5,544,0.03242506413982736,145.15859766277129,5.450636244992159
4,0.5,544,0.03242506413982736,145.40066777963273,5.451537451324042
4,0.5,544,0.03242506413982736,145.64273789649417,5.4524504801231615
4,0.5,544,0.03242506413982736,145.88480801335558,5.453373573447959
4,0.5,544,0.03242506413982736,146.12687813021702,5.454304972079558
4,0.5,544,0.03242506413982736,146.36894824707846,5.4552429154929705
4,0.5,544,0.03242506413982736,146.6110183639399,5.456185641833965
4,0.5,544,0.03242506413982736,146.85308848080135,5.45713138790164
4,0.5,544,0.03242506413982736,147.09515859766276,5.458078389136645
4,0.5,544,0.03242506413982736,147.3372287145242,5.45902487961513
4,0.5,544,0.03242506413982736,147.57929883138564,5.459969092048376
4,0.5,544,0.03242506413982736,147.82136894824708,5.4609092577881375
4,0.5,544,0.03242506413982736,148.06343906510853,5.461843606837725
4,0.5,544,0.03242506413982736,148.30550918196994,5.462770367868781
4,0.5,544,0.03242506413982736,148.54757929883138,5.463687768243829
4,0.5,544,0.03242506413982736,148.78964941569282,5.464594034044535
4,0.5,544,0.03242506413982736,149.03171953255426,5.465487390105745
4,0.5,544,0.03242506413982736,149.2737896494157,5.466366060055272
4,0.5,544,0.03242506413982736,149.51585976627712,5.467228266359448
4,0.5,544,0.03242506413982736,149.75792988313856,5.468072230374459
4,0.5,544,0.03242506413982736,150.0,5.468896172403457
5,0.6,835,0.037103469148354634,5.0,0.0
5,0.6,835,0.037103469148354634,5.242070116861436,0.0
5,0.6,835,0.037103469148354634,5.484140233722871,0.0
5,0.6,835,0.037103469148354634,5.726210350584307,0.0008119620213822536
5,0.6,835,0.037103469148354634,5.968280467445743,0.010815858701167936
5,0.6,835,0.037103469148354634,6.210350584307179,0.05599448260472663
5,0.6,835,0.037103469148354634,6.452420701168615,0.21742168104846696
5,0.6,835,0.037103469148354634,6.69449081803005,0.6748948513536739
5,0.6,835,0.037103469148354634,6.936560934891486,1.7476982306523752
5,0.6,835,0.037103469148354634,7.178631051752921,3.902834106238272
5,0.6,835,0.037103469148354634,7.420701168614357,7.573147313263074
5,0.6,835,0.037103469148354634,7.6627712854757934,12.693593430097362
5,0.6,835,0.037103469148354634,7.904841402337229,18.251512428769388
5,0.6,835,0.037103469148354634,8.146911519198664,22.38971148778703
5,0.6,835,0.037103469148354634,8.3889816360601,23.98711304635375
5,0.6,835,0.037103469148354634,8.631051752921536,23.480393369492532
5,0.6,835,0.037103469148354634,8.873121869782972,21.97933313769382
5,0.6,835,0.037103469148354634,9.115191986644408,20.573616161888186
5,0.6,835,0.037103469148354634,9.357262103505843,19.746486539941216
5,0.6,835,0.037103469148354634,9.599332220367279,19.51630563430035
5,0.6,835,0.037103469148354634,9.841402337228715,19.92597840152597
5,0.6,835,0.037103469148354634,10.083472454090149,21.07982858366766
5,0.6,835,0.037103469148354634,10.325542570951587,23.006119626337984
5,0.6,835,0.037103469148354634,10.567612687813021,25.505844341026386
5,0.6,835,0.037103469148354634,10.809682804674457,28.258069483079552
5,0.6,835,0.037103469148354634,11.051752921535893,30.778465511119286
5,0.6,835,0.037103469148354634,11.293823038397328,32.63580535313214
5,0.6,835,0.037103469148354634,11.535893155258766,33.833202794277476
5,0.6,835,0.037103469148354634,11.7779632721202,34.5016603893547
5,0.6,835,0.037103469148354634,12.020033388981636,34.81993353686541
5,0.6,835,0.037103469148354634,12.262103505843072,34.946307264365885
5,0.6,835,0.037103469148354634,12.504173622704506,34.909726855386054
5,0.6,835,0.037103469148354634,12.746243739565944,34.71485140045202
5,0.6,835,0.037103469148354634,12.988313856427379,34.368283618101565
5,0.6,835,0.037103469148354634,13.230383973288815,33.87835765808861
5,0.6,835,0.037103469148354634,13.47245409015025,33.25490086625081
5,0.6,835,0.037103469148354634,13.714524207011687,32.50897769139152
5,0.6,835,0.037103469148354634,13.956594323873121,31.652623819210252
5,0.6,835,0.037103469148354634,14.198664440734557,30.699422736465486
5,0.6,835,0.037103469148354634,14.440734557595993,29.668930405356534
5,0.6,835,0.037103469148354634,14.68280467445743,28.582223170251673
5,0.6,835,0.037103469148354634,14.924874791318866,27.458904819312032
5,0.6,835,0.037103469148354634,15.1669449081803,26.316826490253284
5,0.6,835,0.037103469148354634,15.409015025041736,25.17192050605926
5,0.6,835,0.037103469148354634,15.651085141903172,24.03812671668448
5,0.6,835,0.037103469148354634,15.893155258764608,22.92739714852315
5,0.6,835,0.037103469148354634,16.135225375626042,21.8496177072601
5,0.6,835,0.037103469148354634,16.377295492487477,20.810428250302337
5,0.6,835,0.037103469148354634,16.619365609348915,19.812295804407277
5,0.6,835,0.037103469148354634,16.861435726210352,18.856972365351062
5,0.6,835,0.037103469148354634,17.103505843071787,17.9456406122049
5,0.6,835,0.037103469148354634,17.34557595993322,17.078982741955237
5,0.6,835,0.037103469148354634,17.587646076794655,16.257247052651778
5,0.6,835,0.037103469148354634,17.829716193656093,15.480311391822811
5,0.6,835,0.037103469148354634,18.07178631051753,14.747736056473794
5,0.6,835,0.037103469148354634,18.313856427378965,14.058313492611614
5,0.6,835,0.037103469148354634,18.5559265442404,13.409888955642183
5,0.6,835,0.037103469148354634,18.797996661101834,12.800304068552515
5,0.6,835,0.037103469148354634,19.040066777963272,12.227493413555168
5,0.6,835,0.037103469148354634,19.28213689482471,11.689485307215481
5,0.6,835,0.037103469148354634,19.524207011686144,11.184401805012884
5,0.6,835,0.037103469148354634,19.76627712854758,10.710458063960276
5,0.6,835,0.037103469148354634,20.008347245409013,10.265961170174075
5,0.6,835,0.037103469148354634,20.25041736227045,9.849121224472515
5,0.6,835,0.037103469148354634,20.49248747913189,9.457617530532218
5,0.6,835,0.037103469148354634,20.734557595993323,9.089200886473893
5,0.6,835,0.037103469148354634,20.976627712854757,8.741833910220244
5,0.6,835,0.037103469148354634,21.218697829716195,8.413668787122925
5,0.6,835,0.037103469148354634,21.46076794657763,8.10302769910865
5,0.6,835,0.037103469148354634,21.702838063439064,7.80838559686809
5,0.6,835,0.037103469148354634,21.9449081803005,7.528355021967879
5,0.6,835,0.037103469148354634,22.186978297161936,7.0110788843839185
5,0.6,835,0.037103469148354634,22.429048414023374,6.4322261546156
5,0.6,835,0.037103469148354634,22.671118530884808,5.868461228615774
5,0.6,835,0.037103469148354634,22.913188647746242,5.322847224500455
5,0.6,835,0.037103469148354634,23.15525876460768,4.798296028311594
5,0.6,835,0.037103469148354634,23.397328881469114,4.297500163750438
5,0.6,835,0.037103469148354634,23.639398998330552,3.8228675581611355
5,0.6,835,0.037103469148354634,23.881469115191987,3.3764619375676976
5,0.6,835,0.037103469148354634,24.12353923205342,3.068315624175998
5,0.6,835,0.037103469148354634,24.36560934891486,2.879392232169566
5,0.6,835,0.037103469148354634,24.607679465776293,2.701044727103398
5,0.6,835,0.037103469148354634,24.84974958263773,2.5334674721299626
5,0.6,835,0.037103469148354634,25.091819699499165,2.37669758588854
5,0.6,835,0.037103469148354634,25.3338898163606,2.2306423672177735
5,0.6,835,0.037103469148354634,25.575959933222038,2.095104840584563
5,0.6,835,0.037103469148354634,25.818030050083472,1.9698071052412829
5,0.6,835,0.037103469148354634,26.06010016694491,1.854412818317091
5,0.6,835,0.037103469148354634,26.302170283806344,1.7487174095492535
5,0.6,835,0.037103469148354634,26.54424040066778,1.6527725516625755
5,0.6,835,0.037103469148354634,26.786310517529216,1.5665571303078671
5,0.6,835,0.037103469148354634,27.02838063439065,1.489973319274227
5,0.6,835,0.037103469148354634,27.27045075125209,1.422883199993816
5,0.6,835,0.037103469148354634,27.512520868113523,1.3651422088123732
5,0.6,835,0.037103469148354634,27.754590984974957,1.3166300954184735
5,0.6,835,0.037103469148354634,27.996661101836395,1.2772803729385738
5,0.6,835,0.037103469148354634,28.23873121869783,1.2468741398380565
5,0.6,835,0.037103469148354634,28.480801335559267,1.2243581263941772
5,0.6,835,0.037103469148354634,28.7228714524207,1.2086213859174069
5,0.6,835,0.037103469148354634,28.964941569282136,1.1987110413252526
5,0.6,835,0.037103469148354634,29.207011686143574,1.1937891135293186
5,0.6,835,0.037103469148354634,29.449081803005008,1.1930977813268633
5,0.6,835,0.037103469148354634,29.691151919866446,1.1959312141701113
5,0.6,835,0.037103469148354634,29.93322203672788,1.2016127105291827
5,0.6,835,0.037103469148354634,30.175292153589314,1.2095155812653282
5,0.6,835,0.037103469148354634,30.417362270450752,1.2193865860112711
5,0.6,835,0.037103469148354634,30.659432387312187,1.2311831615563054
5,0.6,835,0.037103469148354634,30.901502504173624,1.2448708944274154
5,0.6,835,0.037103469148354634,31.14357262103506,1.2604203993848615
5,0.6,835,0.037103469148354634,31.385642737896493,1.2778064026804243
5,0.6,835,0.037103469148354634,31.62771285475793,1.2970068619096844
5,0.6,835,0.037103469148354634,31.869782971619365,1.3180021119573182
5,0.6,835,0.037103469148354634,32.1118530884808,1.3407740279394278
5,0.6,835,0.037103469148354634,32.35392320534224,1.3653051973370731
5,0.6,835,0.037103469148354634,32.59599332220367,1.391578094724827
5,0.6,835,0.037103469148354634,32.83806343906511,1.4195742536571259
5,0.6,835,0.037103469148354634,33.080133555926544,1.4492734314095115
5,0.6,835,0.037103469148354634,33.32220367278798,1.4806527634039797
5,0.6,835,0.037103469148354634,33.56427378964942,1.5136859052966636
5,0.6,835,0.037103469148354634,33.80634390651085,1.5483421618880746
5,0.6,835,0.037103469148354634,34.04841402337229,1.5845856032438448
5,0.6,835,0.037103469148354634,34.29048414023372,1.6223741696968188
5,0.6,835,0.037103469148354634,34.53255425709516,1.6616587687455249
5,0.6,835,0.037103469148354634,34.7746243739566,1.702382368271606
5,0.6,835,0.037103469148354634,35.016694490818026,1.744479096646546
5,0.6,835,0.037103469148354634,35.25876460767947,1.787891180306018
5,0.6,835,0.037103469148354634,35.5008347245409,1.8326115332866997
5,0.6,835,0.037103469148354634,35.742904841402336,1.8786418655843
5,0.6,835,0.037103469148354634,35.98497495826378,1.9259812092717141
5,0.6,835,0.037103469148354634,36.227045075125204,1.9746256702656784
5,0.6,835,0.037103469148354634,36.469115191986646,2.0245681731391034
5,0.6,835,0.037103469148354634,36.71118530884808,2.0757981997492223
5,0.6,835,0.037103469148354634,36.953255425709514,2.1283015225934556
5,0.6,835,0.037103469148354634,37.19532554257095,2.1820599339541116
5,0.6,835,0.037103469148354634,37.43739565943239,2.2370509720494507
5,0.6,835,0.037103469148354634,37.679465776293824,2.293247645571411
5,0.6,835,0.037103469148354634,37.92153589315526,2.3506181581584458
5,0.6,835,0.037103469148354634,38.16360601001669,2.4091256345243286
5,0.6,835,0.037103469148354634,38.40567612687813,2.468727850139254
5,0.6,835,0.037103469148354634,38.64774624373957,2.529376966536338
5,0.6,835,0.037103469148354634,38.889816360601,2.5910192744930853
5,0.6,835,0.037103469148354634,39.13188647746244,2.6535949475115457
5,0.6,835,0.037103469148354634,39.37395659432387,2.7170378081903035
5,0.6,835,0.037103469148354634,39.616026711185306,2.7812751102440245
5,0.6,835,0.037103469148354634,39.85809682804675,2.8462273390790105
5,0.6,835,0.037103469148354634,40.10016694490818,2.911808559357624
5,0.6,835,0.037103469148354634,40.342237061769616,2.977945065777499
5,0.6,835,0.037103469148354634,40.58430717863105,3.0445823979049145
5,0.6,835,0.037103469148354634,40.826377295492485,3.1116643457652495
5,0.6,835,0.037103469148354634,41.068447412353926,3.179131470962912
5,0.6,835,0.037103469148354634,41.31051752921536,3.246921097340029
5,0.6,835,0.037103469148354634,41.552587646076795,3.314967311658294
5,0.6,835,0.037103469148354634,41.79465776293823,3.3832009748921106
5,0.6,835,0.037103469148354634,42.03672787979966,3.4515497447069117
5,0.6,835,0.037103469148354634,42.278797996661105,3.519938109677966
5,0.6,835,0.037103469148354634,42.52086811352254,3.5882874357819574
5,0.6,835,0.037103469148354634,42.76293823038397,3.656516025666013
5,0.6,835,0.037103469148354634,43.00500834724541,3.724539191166398
5,0.6,835,0.037103469148354634,43.24707846410684,3.7922693395118743
5,0.6,835,0.037103469148354634,43.48914858096828,3.859616073604385
5,0.6,835,0.037103469148354634,43.73121869782972,3.9264863067224325
5,0.6,835,0.037103469148354634,43.97328881469115,3.9927843919401833
5,0.6,835,0.037103469148354634,44.215358931552586,4.058412266497819
5,0.6,835,0.037103469148354634,44.45742904841402,4.123269611296303
5,0.6,835,0.037103469148354634,44.69949916527546,4.187254025622346
5,0.6,835,0.037103469148354634,44.941569282136896,4.25026121713725
5,0.6,835,0.037103469148354634,45.18363939899833,4.312189404685018
5,0.6,835,0.037103469148354634,45.425709515859765,4.3729715803806375
5,0.6,835,0.037103469148354634,45.6677796327212,4.4325600392163205
5,0.6,835,0.037103469148354634,45.90984974958264,4.490909261021247
5,0.6,835,0.037103469148354634,46.151919866444075,4.547975845949126
5,0.6,835,0.037103469148354634,46.39398998330551,4.603718576743149
5,0.6,835,0.037103469148354634,46.636060100166944,4.658098474438784
5,0.6,835,0.037103469148354634,46.87813021702838,4.711078847465776
5,0.6,835,0.037103469148354634,47.12020033388982,4.762625334136928
5,0.6,835,0.037103469148354634,47.362270450751254,4.812705938536871
5,0.6,835,0.037103469148354634,47.60434056761269,4.8612910598488615
5,0.6,835,0.037103469148354634,47.84641068447412,4.908353515181408
5,0.6,835,0.037103469148354634,48.08848080133556,4.953868555979514
5,0.6,835,0.037103469148354634,48.330550918197,4.997813878126954
5,0.6,835,0.037103469148354634,48.57262103505843,5.0401696258667075
5,0.6,835,0.037103469148354634,48.81469115191987,5.080918389686005
5,0.6,835,0.037103469148354634,49.0567612687813,5.120045198330512
5,0.6,835,0.037103469148354634,49.298831385642735,5.157537505129013
5,0.6,835,0.037103469148354634,49.54090150250418,5.193385168825323
5,0.6,835,0.037103469148354634,49.78297161936561,5.227580429128247
5,0.6,835,0.037103469148354634,50.025041736227045,5.260117881894008
5,0.6,835,0.037103469148354634,50.26711185308848,5.291000147897565
5,0.6,835,0.037103469148354634,50.509181969949914,5.320249134552263
5,0.6,835,0.037103469148354634,50.751252086811355,5.347892547742898
5,0.6,835,0.037103469148354634,50.99332220367279,5.373960731730054
5,0.6,835,0.037103469148354634,51.235392320534224,5.398486541914341
5,0.6,835,0.037103469148354634,51.47746243739566,5.421505216329259
5,0.6,835,0.037103469148354634,51.71953255425709,5.44305424648673
5,0.6,835,0.037103469148354634,51.961602671118534,5.463173248174785
5,0.6,835,0.037103469148354634,52.20367278797997,5.481903832780839
5,0.6,835,0.037103469148354634,52.4457429048414,5.499289479686475
5,0.6,835,0.037103469148354634,52.68781302170284,5.515375410251085
5,0.6,835,0.037103469148354634,52.92988313856427,5.530208463872318
5,0.6,835,0.037103469148354634,53.17195325542571,5.543836976581337
5,0.6,835,0.037103469148354634,53.41402337228715,5.556310662600581
5,0.6,835,0.037103469148354634,53.65609348914858,5.567680499261392
5,0.6,835,0.037103469148354634,53.898163606010016,5.577998615648616
5,0.6,835,0.037103469148354634,54.14023372287145,5.587318185309452
5,0.6,835,0.037103469148354634,54.38230383973289,5.595693323334393
5,0.6,835,0.037103469148354634,54.624373956594326,5.6031789880895815
5,0.6,835,0.037103469148354634,54.86644407345576,5.6098308878520164
5,0.6,835,0.037103469148354634,55.108514190317194,5.61570506725461
5,0.6,835,0.037103469148354634,55.35058430717863,5.620848470425895
5,0.6,835,0.037103469148354634,55.59265442404007,5.625297425134051
5,0.6,835,0.037103469148354634,55.834724540901504,5.629088030156637
5,0.6,835,0.037103469148354634,56.07679465776294,5.632256716914643
5,0.6,835,0.037103469148354634,56.31886477462437,5.634840207442338
5,0.6,835,0.037103469148354634,56.56093489148581,5.63687547462848
5,0.6,835,0.037103469148354634,56.80300500834725,5.638399704781786
5,0.6,835,0.037103469148354634,57.04507512520868,5.639450262566455
5,0.6,835,0.037103469148354634,57.28714524207012,5.640064658346864
5,0.6,835,0.037103469148354634,57.52921535893155,5.640280517974377
5,0.6,835,0.037103469148354634,57.771285475792986,5.6401355550432735
5,0.6,835,0.037103469148354634,58.01335559265443,5.639667545637537
5,0.6,835,0.037103469148354634,58.25542570951586,5.638914305585246
5,0.6,835,0.037103469148354634,58.497495826377296,5.637913670232911
5,0.6,835,0.037103469148354634,58.73956594323873,5.636703476748035
5,0.6,835,0.037103469148354634,58.981636060100165,5.635321548954693
5,0.6,835,0.037103469148354634,59.223706176961606,5.633805684703884
5,0.6,835,0.037103469148354634,59.46577629382304,5.632193645777781
5,0.6,835,0.037103469148354634,59.707846410684475,5.630523150324921
5,0.6,835,0.037103469148354634,59.94991652754591,5.628831867821774
5,0.6,835,0.037103469148354634,60.19198664440734,5.627154678948347
5,0.6,835,0.037103469148354634,60.434056761268785,5.625505735642011
5,0.6,835,0.037103469148354634,60.67612687813022,5.623889719947296
5,0.6,835,0.037103469148354634,60.91819699499165,5.622311254083909
5,0.6,835,0.037103469148354634,61.16026711185309,5.620774949472816
5,0.6,835,0.037103469148354634,61.40233722871452,5.619285407181941
5,0.6,835,0.037103469148354634,61.644407345575964,5.617847218406452
5,0.6,835,0.037103469148354634,61.8864774624374,5.6164649649834235
5,0.6,835,0.037103469148354634,62.12854757929883,5.61514321994081
5,0.6,835,0.037103469148354634,62.37061769616027,5.613886548080579
5,0.6,835,0.037103469148354634,62.6126878130217,5.61269950659592
5,0.6,835,0.037103469148354634,62.85475792988314,5.611586645722477
5,0.6,835,0.037103469148354634,63.09682804674458,5.610552509423462
5,0.6,835,0.037103469148354634,63.33889816360601,5.609601636108688
5,0.6,835,0.037103469148354634,63.580968280467445,5.608738559387399
5,0.6,835,0.037103469148354634,63.82303839732888,5.6079678088549345
5,0.6,835,0.037103469148354634,64.06510851419031,5.607293910913196
5,0.6,835,0.037103469148354634,64.30717863105176,5.606721389624935
5,0.6,835,0.037103469148354634,64.5492487479132,5.606254767601905
5,0.6,835,0.037103469148354634,64.79131886477462,5.605898566926914
5,0.6,835,0.037103469148354634,65.03338898163605,5.605657300156511
5,0.6,835,0.037103469148354634,65.27545909849749,5.605529932240826
5,0.6,835,0.037103469148354634,65.51752921535893,5.605500662083531
5,0.6,835,0.037103469148354634,65.75959933222038,5.6055512601559085
5,0.6,835,0.037103469148354634,66.0016694490818,5.60566349579823
5,0.6,835,0.037103469148354634,66.24373956594323,5.605819134989808
5,0.6,835,0.037103469148354634,66.48580968280467,5.605999938710059
5,0.6,835,0.037103469148354634,66.72787979966611,5.606187661890995
5,0.6,835,0.037103469148354634,66.96994991652755,5.6063640529617045
5,0.6,835,0.037103469148354634,67.21202003338898,5.606510853985495
5,0.6,835,0.037103469148354634,67.45409015025041,5.606609801390243
5,0.6,835,0.037103469148354634,67.69616026711185,5.606642627292603
5,0.6,835,0.037103469148354634,67.93823038397329,5.606591061416513
5,0.6,835,0.037103469148354634,68.18030050083473,5.606436833606347
5,0.6,835,0.037103469148354634,68.42237061769616,5.606161676934829
5,0.6,835,0.037103469148354634,68.66444073455759,5.605747331405548
5,0.6,835,0.037103469148354634,68.90651085141903,5.6051755482496555
5,0.6,835,0.037103469148354634,69.14858096828047,5.604428094815859
5,0.6,835,0.037103469148354634,69.3906510851419,5.603486760052511
5,0.6,835,0.037103469148354634,69.63272120200334,5.60233336058003
5,0.6,835,0.037103469148354634,69.87479131886478,5.600949747351383
5,0.6,835,0.037103469148354634,70.11686143572621,5.599318269630465
5,0.6,835,0.037103469148354634,70.35893155258765,5.597432728446243
5,0.6,835,0.037103469148354634,70.60100166944908,5.595298887226794
5,0.6,835,0.037103469148354634,70.84307178631052,5.5929230923915
5,0.6,835,0.037103469148354634,71.08514190317196,5.5903117087624015
5,0.6,835,0.037103469148354634,71.32721202003339,5.5874711169667135
5,0.6,835,0.037103469148354634,71.56928213689483,5.584407710906501
5,0.6,835,0.037103469148354634,71.81135225375625,5.581127895296271
5,0.6,835,0.037103469148354634,72.0534223706177,5.577638083269203
5,0.6,835,0.037103469148354634,72.29549248747914,5.5739446940525585
5,0.6,835,0.037103469148354634,72.53756260434056,5.570054150712893
5,0.6,835,0.037103469148354634,72.779632721202,5.565972877971478
5,0.6,835,0.037103469148354634,73.02170283806343,5.56170730009037
5,0.6,835,0.037103469148354634,73.26377295492487,5.557263838829454
5,0.6,835,0.037103469148354634,73.50584307178632,5.552648911474749
5,0.6,835,0.037103469148354634,73.74791318864774,5.547868928938184
5,0.6,835,0.037103469148354634,73.98998330550918,5.542930293928997
5,0.6,835,0.037103469148354634,74.23205342237061,5.537839399196862
5,0.6,835,0.037103469148354634,74.47412353923205,5.53260262584681
5,0.6,835,0.037103469148354634,74.7161936560935,5.527226341725904
5,0.6,835,0.037103469148354634,74.95826377295492,5.521716899881637
5,0.6,835,0.037103469148354634,75.20033388981636,5.5160826300834
5,0.6,835,0.037103469148354634,75.44240400667779,5.51034531354413
5,0.6,835,0.037103469148354634,75.68447412353923,5.50453222925593
5,0.6,835,0.037103469148354634,75.92654424040067,5.498670561966354
5,0.6,835,0.037103469148354634,76.1686143572621,5.492787381125187
5,0.6,835,0.037103469148354634,76.41068447412354,5.486909639207011
5,0.6,835,0.037103469148354634,76.65275459098497,5.481064171359991
5,0.6,835,0.037103469148354634,76.89482470784641,5.475277696370687
5,0.6,835,0.037103469148354634,77.13689482470785,5.469576818934701
5,0.6,835,0.037103469148354634,77.37896494156928,5.463988033223272
5,0.6,835,0.037103469148354634,77.62103505843072,5.458537727736256
5,0.6,835,0.037103469148354634,77.86310517529215,5.453252191432613
5,0.6,835,0.037103469148354634,78.10517529215359,5.448157621130123
5,0.6,835,0.037103469148354634,78.34724540901503,5.4432801301671345
5,0.6,835,0.037103469148354634,78.58931552587646,5.43864575832014
5,0.6,835,0.037103469148354634,78.8313856427379,5.434280482972287
5,0.6,835,0.037103469148354634,79.07345575959933,5.430210231529351
5,0.6,835,0.037103469148354634,79.31552587646077,5.42646089508129
5,0.6,835,0.037103469148354634,79.55759599332221,5.4230583433092825
5,0.6,835,0.037103469148354634,79.79966611018364,5.42002844064012
5,0.6,835,0.037103469148354634,80.04173622704508,5.417397039908156
5,0.6,835,0.037103469148354634,80.2838063439065,5.415182657005867
5,0.6,835,0.037103469148354634,80.52587646076795,5.413386105670687
5,0.6,835,0.037103469148354634,80.76794657762939,5.412005669361548
5,0.6,835,0.037103469148354634,81.01001669449082,5.41103972726147
5,0.6,835,0.037103469148354634,81.25208681135226,5.410486753180672
5,0.6,835,0.037103469148354634,81.49415692821368,5.410345314498173
5,0.6,835,0.037103469148354634,81.73622704507513,5.4106140711411355
5,0.6,835,0.037103469148354634,81.97829716193657,5.41129177460119
5,0.6,835,0.037103469148354634,82.220367278798,5.412377266986958
5,0.6,835,0.037103469148354634,82.46243739565944,5.413869480112093
5,0.6,835,0.037103469148354634,82.70450751252086,5.415767434618107
5,0.6,835,0.037103469148354634,82.9465776293823,5.418070239131346
5,0.6,835,0.037103469148354634,83.18864774624375,5.420777089453396
5,0.6,835,0.037103469148354634,83.43071786310517,5.423887267784352
5,0.6,835,0.037103469148354634,83.67278797996661,5.4274001419782545
5,0.6,835,0.037103469148354634,83.91485809682804,5.43131516483018
5,0.6,835,0.037103469148354634,84.15692821368948,5.435631873394324
5,0.6,835,0.037103469148354634,84.39899833055092,5.440349888332555
5,0.6,835,0.037103469148354634,84.64106844741235,5.445468913292885
5,0.6,835,0.037103469148354634,84.88313856427379,5.450988734317336
5,0.6,835,0.037103469148354634,85.12520868113522,5.456908657280496
5,0.6,835,0.037103469148354634,85.36727879799666,5.46321611626459
5,0.6,835,0.037103469148354634,85.6093489148581,5.4698871257023125
5,0.6,835,0.037103469148354634,85.85141903171953,5.476897192574045
5,0.6,835,0.037103469148354634,86.09348914858097,5.484221756692802
5,0.6,835,0.037103469148354634,86.3355592654424,5.49183617567468
5,0.6,835,0.037103469148354634,86.57762938230384,5.499715711026072
5,0.6,835,0.037103469148354634,86.81969949916528,5.507835515351094
5,0.6,835,0.037103469148354634,87.06176961602671,5.516170620684424
5,0.6,835,0.037103469148354634,87.30383973288815,5.524695927956279
5,0.6,835,0.037103469148354634,87.54590984974958,5.533386197597807
5,0.6,835,0.037103469148354634,87.78797996661102,5.542216041296311
5,0.6,835,0.037103469148354634,88.03005008347246,5.551159914911004
5,0.6,835,0.037103469148354634,88.27212020033389,5.5601921125609035
5,0.6,835,0.037103469148354634,88.51419031719533,5.569286761897379
5,0.6,835,0.037103469148354634,88.75626043405676,5.5784178205744865
5,0.6,835,0.037103469148354634,88.9983305509182,5.587559073930882
5,0.6,835,0.037103469148354634,89.24040066777964,5.59668413389734
5,0.6,835,0.037103469148354634,89.48247078464107,5.605766439144271
5,0.6,835,0.037103469148354634,89.72454090150251,5.614779256483605
5,0.6,835,0.037103469148354634,89.96661101836393,5.623695683539308
5,0.6,835,0.037103469148354634,90.20868113522538,5.632489316283488
5,0.6,835,0.037103469148354634,90.45075125208682,5.64113763402259
5,0.6,835,0.037103469148354634,90.69282136894824,5.649619510728312
5,0.6,835,0.037103469148354634,90.93489148580969,5.6579137129334125
5,0.6,835,0.037103469148354634,91.17696160267111,5.665998903557462
5,0.6,835,0.037103469148354634,91.41903171953255,5.6738536492443545
5,0.6,835,0.037103469148354634,91.661101836394,5.681456428502753
5,0.6,835,0.037103469148354634,91.90317195325542,5.688785640653725
5,0.6,835,0.037103469148354634,92.14524207011686,5.695819615588925
5,0.6,835,0.037103469148354634,92.38731218697829,5.702536624341601
5,0.6,835,0.037103469148354634,92.62938230383973,5.708914890471844
5,0.6,835,0.037103469148354634,92.87145242070117,5.714932602266156
5,0.6,835,0.037103469148354634,93.1135225375626,5.720567925750367
5,0.6,835,0.037103469148354634,93.35559265442404,5.725799018513485
5,0.6,835,0.037103469148354634,93.59766277128547,5.730604044338759
5,0.6,835,0.037103469148354634,93.83973288814691,5.734961188636761
5,0.6,835,0.037103469148354634,94.08180300500835,5.738848674673674
5,0.6,835,0.037103469148354634,94.32387312186978,5.742244780586471
5,0.6,835,0.037103469148354634,94.56594323873122,5.745127857174778
5,0.6,835,0.037103469148354634,94.80801335559265,5.7474763464576775
5,0.6,835,0.037103469148354634,95.05008347245409,5.749268867422679
5,0.6,835,0.037103469148354634,95.29215358931553,5.7504970949066525
5,0.6,835,0.037103469148354634,95.53422370617696,5.751181150633075
5,0.6,835,0.037103469148354634,95.7762938230384,5.7513450674737685
5,0.6,835,0.037103469148354634,96.01836393989983,5.751013025762468
5,0.6,835,0.037103469148354634,96.26043405676127,5.750209331925946
5,0.6,835,0.037103469148354634,96.50250417362271,5.7489583980826175
5,0.6,835,0.037103469148354634,96.74457429048414,5.7472847226260395
5,0.6,835,0.037103469148354634,96.98664440734558,5.745212871808584
5,0.6,835,0.037103469148354634,97.228714524207,5.742767462338131
5,0.6,835,0.037103469148354634,97.47078464106845,5.739973144998691
5,0.6,835,0.037103469148354634,97.71285475792989,5.736854589303732
5,0.6,835,0.037103469148354634,97.95492487479132,5.733436469189285
5,0.6,835,0.037103469148354634,98.19699499165276,5.729743449751934
5,0.6,835,0.037103469148354634,98.43906510851419,5.725800175035357
5,0.6,835,0.037103469148354634,98.68113522537563,5.721631256867421
5,0.6,835,0.037103469148354634,98.92320534223707,5.717261264748567
5,0.6,835,0.037103469148354634,99.1652754590985,5.712714716790865
5,0.6,835,0.037103469148354634,99.40734557595994,5.708016071706033
5,0.6,835,0.037103469148354634,99.64941569282136,5.703189721839668
5,0.6,835,0.037103469148354634,99.8914858096828,5.698259987248089
5,0.6,835,0.037103469148354634,100.13355592654425,5.693250484715776
5,0.6,835,0.037103469148354634,100.37562604340567,5.6881733378067505
5,0.6,835,0.037103469148354634,100.61769616026712,5.683030665981316
5,0.6,835,0.037103469148354634,100.85976627712854,5.677824248376281
5,0.6,835,0.037103469148354634,101.10183639398998,5.672555859743062
5,0.6,835,0.037103469148354634,101.34390651085143,5.667227270271347
5,0.6,835,0.037103469148354634,101.58597662771285,5.661840245418121
5,0.6,835,0.037103469148354634,101.8280467445743,5.65639654574201
5,0.6,835,0.037103469148354634,102.07011686143572,5.650897926742944
5,0.6,835,0.037103469148354634,102.31218697829716,5.6453461387071355
5,0.6,835,0.037103469148354634,102.5542570951586,5.639742926557318
5,0.6,835,0.037103469148354634,102.79632721202003,5.634090029708251
5,0.6,835,0.037103469148354634,103.03839732888147,5.628389181927447
5,0.6,835,0.037103469148354634,103.2804674457429,5.622642111201141
5,0.6,835,0.037103469148354634,103.52253756260434,5.616850539605404
5,0.6,835,0.037103469148354634,103.76460767946578,5.611016183182459
5,0.6,835,0.037103469148354634,104.00667779632721,5.605140751822103
5,0.6,835,0.037103469148354634,104.24874791318865,5.59922594914824
5,0.6,835,0.037103469148354634,104.49081803005008,5.593273472410509
5,0.6,835,0.037103469148354634,104.73288814691152,5.5872850123809545
5,0.6,835,0.037103469148354634,104.97495826377296,5.581262253255701
5,0.6,835,0.037103469148354634,105.21702838063439,5.5752068725616395
5,0.6,835,0.037103469148354634,105.45909849749583,5.569120541068053
5,0.6,835,0.037103469148354634,105.70116861435726,5.563004922703188
5,0.6,835,0.037103469148354634,105.9432387312187,5.556861674475692
5,0.6,835,0.037103469148354634,106.18530884808014,5.550692446400936
5,0.6,835,0.037103469148354634,106.42737896494157,5.544498881432137
5,0.6,835,0.037103469148354634,106.66944908180301,5.538282615396297
5,0.6,835,0.037103469148354634,106.91151919866444,5.532045276934884
5,0.6,835,0.037103469148354634,107.15358931552588,5.525788487449224
5,0.6,835,0.037103469148354634,107.39565943238732,5.5195138610505925
5,0.6,835,0.037103469148354634,107.63772954924875,5.513223004514958
5,0.6,835,0.037103469148354634,107.87979966611019,5.506917517242321
5,0.6,835,0.037103469148354634,108.12186978297161,5.500598991220627
5,0.6,835,0.037103469148354634,108.36393989983306,5.494269010994243
5,0.6,835,0.037103469148354634,108.6060100166945,5.487929153636909
5,0.6,835,0.037103469148354634,108.84808013355592,5.48158098872916
5,0.6,835,0.037103469148354634,109.09015025041737,5.475226078340168
5,0.6,835,0.037103469148354634,109.3322203672788,5.468865977013997
5,0.6,835,0.037103469148354634,109.57429048414023,5.462502231760163
5,0.6,835,0.037103469148354634,109.81636060100168,5.456136382048552
5,0.6,835,0.037103469148354634,110.0584307178631,5.449769962010995
5,0.6,835,0.037103469148354634,110.30050083472455,5.443404788661508
5,0.6,835,0.037103469148354634,110.54257095158597,5.437043247036061
5,0.6,835,0.037103469148354634,110.78464106844741,5.430687778720827
5,0.6,835,0.037103469148354634,111.02671118530886,5.424340813430113
5,0.6,835,0.037103469148354634,111.26878130217028,5.4180047690459485
5,0.6,835,0.037103469148354634,111.51085141903172,5.411682051668398
5,0.6,835,0.037103469148354634,111.75292153589315,5.405375055676512
5,0.6,835,0.037103469148354634,111.99499165275459,5.399086163799818
5,0.6,835,0.037103469148354634,112.23706176961603,5.392817747200251
5,0.6,835,0.037103469148354634,112.47913188647746,5.386572165564454
5,0.6,835,0.037103469148354634,112.7212020033389,5.380351767206322
5,0.6,835,0.037103469148354634,112.96327212020033,5.374158889179752
5,0.6,835,0.037103469148354634,113.20534223706177,5.367995857401439
5,0.6,835,0.037103469148354634,113.44741235392321,5.3618649867837105
5,0.6,835,0.037103469148354634,113.68948247078464,5.355768581377256
5,0.6,835,0.037103469148354634,113.93155258764608,5.349708934523682
5,0.6,835,0.037103469148354634,114.17362270450751,5.34368832901784
5,0.6,835,0.037103469148354634,114.41569282136895,5.33770903727979
5,0.6,835,0.037103469148354634,114.65776293823039,5.331773321536408
5,0.6,835,0.037103469148354634,114.89983305509182,5.325883434012455
5,0.6,835,0.037103469148354634,115.14190317195326,5.320041617131132
5,0.6,835,0.037103469148354634,115.38397328881469,5.314250103723993
5,0.6,835,0.037103469148354634,115.62604340567613,5.30851111725016
5,0.6,835,0.037103469148354634,115.86811352253757,5.302826872024801
5,0.6,835,0.037103469148354634,116.110183639399,5.297199573456766
5,0.6,835,0.037103469148354634,116.35225375626044,5.291631418295348
5,0.6,835,0.037103469148354634,116.59432387312187,5.286124594886113
5,0.6,835,0.037103469148354634,116.8363939899833,5.280681283435733
5,0.6,835,0.037103469148354634,117.07846410684475,5.275303656285791
5,0.6,835,0.037103469148354634,117.32053422370618,5.269993878195473
5,0.6,835,0.037103469148354634,117.56260434056762,5.264754106633154
5,0.6,835,0.037103469148354634,117.80467445742904,5.259586492076799
5,0.6,835,0.037103469148354634,118.04674457429049,5.254493178323163
5,0.6,835,0.037103469148354634,118.28881469115193,5.249476302805743
5,0.6,835,0.037103469148354634,118.53088480801335,5.244537996921458
5,0.6,835,0.037103469148354634,118.7729549248748,5.239680386366043
5,0.6,835,0.037103469148354634,119.01502504173622,5.234905591478122
5,0.6,835,0.037103469148354634,119.25709515859766,5.2302157275919425
5,0.6,835,0.037103469148354634,119.4991652754591,5.225612905398771
5,0.6,835,0.037103469148354634,119.74123539232053,5.221099231316918
5,0.6,835,0.037103469148354634,119.98330550918197,5.216676807870436
5,0.6,835,0.037103469148354634,120.2253756260434,5.2123472994553675
5,0.6,835,0.037103469148354634,120.46744574290484,5.208110231208578
5,0.6,835,0.037103469148354634,120.70951585976628,5.20396447763908
5,0.6,835,0.037103469148354634,120.95158597662771,5.199908920489856
5,0.6,835,0.037103469148354634,121.19365609348915,5.195942448742401
5,0.6,835,0.037103469148354634,121.43572621035058,5.192063958447066
5,0.6,835,0.037103469148354634,121.67779632721202,5.18827235255592
5,0.6,835,0.037103469148354634,121.91986644407346,5.18456654075818
5,0.6,835,0.037103469148354634,122.16193656093489,5.180945439318104
5,0.6,835,0.037103469148354634,122.40400667779633,5.177407970915341
5,0.6,835,0.037103469148354634,122.64607679465776,5.173953064487715
5,0.6,835,0.037103469148354634,122.8881469115192,5.170579655076384
5,0.6,835,0.037103469148354634,123.13021702838064,5.167286683673401
5,0.6,835,0.037103469148354634,123.37228714524207,5.164073097071549
5,0.6,835,0.037103469148354634,123.61435726210351,5.1609378477165375
5,0.6,835,0.037103469148354634,123.85642737896494,5.157879893561432
5,0.6,835,0.037103469148354634,124.09849749582638,5.154898197923386
5,0.6,835,0.037103469148354634,124.34056761268782,5.151991729342531
5,0.6,835,0.037103469148354634,124.58263772954925,5.1491594614431255
5,0.6,835,0.037103469148354634,124.82470784641069,5.146400372796841
5,0.6,835,0.037103469148354634,125.06677796327212,5.143713446788213
5,0.6,835,0.037103469148354634,125.30884808013356,5.141097671482206
5,0.6,835,0.037103469148354634,125.550918196995,5.138552039493902
5,0.6,835,0.037103469148354634,125.79298831385643,5.136075547860251
5,0.6,835,0.037103469148354634,126.03505843071787,5.13366719791389
5,0.6,835,0.037103469148354634,126.2771285475793,5.131325995159007
5,0.6,835,0.037103469148354634,126.51919866444074,5.129050949149199
5,0.6,835,0.037103469148354634,126.76126878130218,5.126841073367365
5,0.6,835,0.037103469148354634,127.0033388981636,5.12469538510755
5,0.6,835,0.037103469148354634,127.24540901502505,5.122612905358773
5,0.6,835,0.037103469148354634,127.48747913188647,5.120592658690781
5,0.6,835,0.037103469148354634,127.72954924874792,5.118633673141735
5,0.6,835,0.037103469148354634,127.97161936560936,5.1167349801078155
5,0.6,835,0.037103469148354634,128.21368948247078,5.114895614234714
5,0.6,835,0.037103469148354634,128.45575959933223,5.113114613311008
5,0.6,835,0.037103469148354634,128.69782971619367,5.111391018163382
5,0.6,835,0.037103469148354634,128.9398998330551,5.10972387255373
5,0.6,835,0.037103469148354634,129.18196994991655,5.1081122230780736
5,0.6,835,0.037103469148354634,129.42404006677796,5.106555119067284
5,0.6,835,0.037103469148354634,129.6661101836394,5.1050516124896586
5,0.6,835,0.037103469148354634,129.90818030050082,5.1036007578552445
5,0.6,835,0.037103469148354634,130.15025041736226,5.102201612121986
5,0.6,835,0.037103469148354634,130.3923205342237,5.1008532346036155
5,0.6,835,0.037103469148354634,130.63439065108514,5.099554686879322
5,0.6,835,0.037103469148354634,130.87646076794658,5.098305032705165
5,0.6,835,0.037103469148354634,131.11853088480802,5.097103337927226
5,0.6,835,0.037103469148354634,131.36060100166947,5.095948670396501
5,0.6,835,0.037103469148354634,131.6026711185309,5.094840099885501
5,0.6,835,0.037103469148354634,131.84474123539232,5.093776698006566
5,0.6,835,0.037103469148354634,132.08681135225376,5.092757538131899
5,0.6,835,0.037103469148354634,132.32888146911517,5.091781695315268
5,0.6,835,0.037103469148354634,132.57095158597662,5.090848246215423
5,0.6,835,0.037103469148354634,132.81302170283806,5.08995626902117
5,0.6,835,0.037103469148354634,133.0550918196995,5.08910484337813
5,0.6,835,0.037103469148354634,133.29716193656094,5.088293050317166
5,0.6,835,0.037103469148354634,133.53923205342238,5.087519972184463
5,0.6,835,0.037103469148354634,133.7813021702838,5.086784692573254
5,0.6,835,0.037103469148354634,134.02337228714524,5.086086296257218
5,0.6,835,0.037103469148354634,134.26544240400668,5.085423869125495
5,0.6,835,0.037103469148354634,134.50751252086812,5.08479649811935
5,0.6,835,0.037103469148354634,134.74958263772956,5.084203271170473
5,0.6,835,0.037103469148354634,134.99165275459097,5.083643277140895
5,0.6,835,0.037103469148354634,135.23372287145241,5.083114499121871
5,0.6,835,0.037103469148354634,135.47579298831386,5.082610012572994
5,0.6,835,0.037103469148354634,135.7178631051753,5.08212153528331
5,0.6,835,0.037103469148354634,135.95993322203674,5.0816407882061165
5,0.6,835,0.037103469148354634,136.20200333889815,5.0811594953175305
5,0.6,835,0.037103469148354634,136.4440734557596,5.0806693835594015
5,0.6,835,0.037103469148354634,136.68614357262103,5.080162182916978
5,0.6,835,0.037103469148354634,136.92821368948248,5.079629626631214
5,0.6,835,0.037103469148354634,137.17028380634392,5.0790634515455935
5,0.6,835,0.037103469148354634,137.41235392320533,5.078455398587463
5,0.6,835,0.037103469148354634,137.65442404006677,5.077797213383649
5,0.6,835,0.037103469148354634,137.8964941569282,5.077080647010293
5,0.6,835,0.037103469148354634,138.13856427378965,5.076297456876687
5,0.6,835,0.037103469148354634,138.3806343906511,5.075439407742902
5,0.6,835,0.037103469148354634,138.6227045075125,5.074498272870968
5,0.6,835,0.037103469148354634,138.86477462437395,5.073465835309303
5,0.6,835,0.037103469148354634,139.1068447412354,5.07233388930997
5,0.6,835,0.037103469148354634,139.34891485809683,5.071094241878452
5,0.6,835,0.037103469148354634,139.59098497495827,5.069738714455318
5,0.6,835,0.037103469148354634,139.8330550918197,5.0682591447293515
5,0.6,835,0.037103469148354634,140.07512520868113,5.066647388581377
5,0.6,835,0.037103469148354634,140.31719532554257,5.064895322158158
5,0.6,835,0.037103469148354634,140.559265442404,5.062994844075468
5,0.6,835,0.037103469148354634,140.80133555926545,5.060937877749474
5,0.6,835,0.037103469148354634,141.04340567612687,5.058716373855379
5,0.6,835,0.037103469148354634,141.2854757929883,5.056322312912233
5,0.6,835,0.037103469148354634,141.52754590984975,5.053747707992613
5,0.6,835,0.037103469148354634,141.7696160267112,5.050984607555902
5,0.6,835,0.037103469148354634,142.01168614357263,5.0480250984036
5,0.6,835,0.037103469148354634,142.25375626043405,5.044861308755102
5,0.6,835,0.037103469148354634,142.4958263772955,5.0414854114421965
5,0.6,835,0.037103469148354634,142.73789649415693,5.0378896272203955
5,0.6,835,0.037103469148354634,142.97996661101837,5.034066228195034
5,0.6,835,0.037103469148354634,143.2220367278798,5.030007541360052
5,0.6,835,0.037103469148354634,143.46410684474122,5.025705952247024
5,0.6,835,0.037103469148354634,143.70617696160267,5.021153908682025
5,0.6,835,0.037103469148354634,143.9482470784641,5.016343924647666
5,0.6,835,0.037103469148354634,144.19031719532555,5.011268584247485
5,0.6,835,0.037103469148354634,144.432387312187,5.005920545769725
5,0.6,835,0.037103469148354634,144.6744574290484,5.000292545847342
5,0.6,835,0.037103469148354634,144.91652754590984,4.994377403710928
5,0.6,835,0.037103469148354634,145.15859766277129,4.9881680255310625
5,0.6,835,0.037103469148354634,145.40066777963273,4.981657408846376
5,0.6,835,0.037103469148354634,145.64273789649417,4.974838647073532
5,0.6,835,0.037103469148354634,145.88480801335558,4.967704934095004
5,0.6,835,0.037103469148354634,146.12687813021702,4.9602495689204975
5,0.6,835,0.037103469148354634,146.36894824707846,4.952465960417578
5,0.6,835,0.037103469148354634,146.6110183639399,4.944347632106878
5,0.6,835,0.037103469148354634,146.85308848080135,4.935888227017155
5,0.6,835,0.037103469148354634,147.09515859766276,4.927081512595189
5,0.6,835,0.037103469148354634,147.3372287145242,4.917921385665385
5,0.6,835,0.037103469148354634,147.57929883138564,4.908401877433728
5,0.6,835,0.037103469148354634,147.82136894824708,4.898517158530572
5,0.6,835,0.037103469148354634,148.06343906510853,4.888261544086566
5,0.6,835,0.037103469148354634,148.30550918196994,4.8776294988358
5,0.6,835,0.037103469148354634,148.54757929883138,4.866615642240136
5,0.6,835,0.037103469148354634,148.78964941569282,4.855214753628484
5,0.6,835,0.037103469148354634,149.03171953255426,4.8434217773445924
5,0.6,835,0.037103469148354634,149.2737896494157,4.831231827896796
5,0.6,835,0.037103469148354634,149.51585976627712,4.818640195102974
5,0.6,835,0.037103469148354634,149.75792988313856,4.8056423492238265
5,0.6,835,0.037103469148354634,150.0,4.792233946077432
6,0.7,996,0.04309643206478041,5.0,0.0
6,0.7,996,0.04309643206478041,5.242070116861436,0.0
6,0.7,996,0.04309643206478041,5.484140233722871,0.0
6,0.7,996,0.04309643206478041,5.726210350584307,0.0007085552159386447
6,0.7,996,0.04309643206478041,5.968280467445743,0.0096061133526509
6,0.7,996,0.04309643206478041,6.210350584307179,0.05032479380466501
6,0.7,996,0.04309643206478041,6.452420701168615,0.19746916994372016
6,0.7,996,0.04309643206478041,6.69449081803005,0.6188112928206165
6,0.7,996,0.04309643206478041,6.936560934891486,1.6167163481609506
6,0.7,996,0.04309643206478041,7.178631051752921,3.64116160239598
6,0.7,996,0.04309643206478041,7.420701168614357,7.121439577720263
6,0.7,996,0.04309643206478041,7.6627712854757934,12.017465990651
6,0.7,996,0.04309643206478041,7.904841402337229,17.36739563767187
6,0.7,996,0.04309643206478041,8.146911519198664,21.367187991533775
6,0.7,996,0.04309643206478041,8.3889816360601,22.912243910165415
6,0.7,996,0.04309643206478041,8.631051752921536,22.41831252955664
6,0.7,996,0.04309643206478041,8.873121869782972,20.96195962110476
6,0.7,996,0.04309643206478041,9.115191986644408,19.599681965345976
6,0.7,996,0.04309643206478041,9.357262103505843,18.797426719582447
6,0.7,996,0.04309643206478041,9.599332220367279,18.570470887354322
6,0.7,996,0.04309643206478041,9.841402337228715,18.958255008383894
6,0.7,996,0.04309643206478041,10.083472454090149,20.05973894117245
6,0.7,996,0.04309643206478041,10.325542570951587,21.90079554643356
6,0.7,996,0.04309643206478041,10.567612687813021,24.287951837198424
6,0.7,996,0.04309643206478041,10.809682804674457,26.909008000090505
6,0.7,996,0.04309643206478041,11.051752921535893,29.293332956429506
6,0.7,996,0.04309643206478041,11.293823038397328,31.02347461245569
6,0.7,996,0.04309643206478041,11.535893155258766,32.10534312355357
6,0.7,996,0.04309643206478041,11.7779632721202,32.66981493554504
6,0.7,996,0.04309643206478041,12.020033388981636,32.8936456632169
6,0.7,996,0.04309643206478041,12.262103505843072,32.93267385200308
6,0.7,996,0.04309643206478041,12.504173622704506,32.817254126840986
6,0.7,996,0.04309643206478041,12.746243739565944,32.55419997258457
6,0.7,996,0.04309643206478041,12.988313856427379,32.15205300677383
6,0.7,996,0.04309643206478041,13.230383973288815,31.620808347869687
6,0.7,996,0.04309643206478041,13.47245409015025,30.971626818885294
6,0.7,996,0.04309643206478041,13.714524207011687,30.216543474164794
6,0.7,996,0.04309643206478041,13.956594323873121,29.36818108448918
6,0.7,996,0.04309643206478041,14.198664440734557,28.44023895343442
6,0.7,996,0.04309643206478041,14.440734557595993,27.45146200598139
6,0.7,996,0.04309643206478041,14.68280467445743,26.421602905793705
6,0.7,996,0.04309643206478041,14.924874791318866,25.36875119617926
6,0.7,996,0.04309643206478041,15.1669449081803,24.309130203545088
6,0.7,996,0.04309643206478041,15.409015025041736,23.257001968341008
6,0.7,996,0.04309643206478041,15.651085141903172,22.224657202589505
6,0.7,996,0.04309643206478041,15.893155258764608,21.222474574344332
6,0.7,996,0.04309643206478041,16.135225375626042,20.25882007386197
6,0.7,996,0.04309643206478041,16.377295492487477,19.33683624056736
6,0.7,996,0.04309643206478041,16.619365609348915,18.455923315042515
6,0.7,996,0.04309643206478041,16.861435726210352,17.615240347466646
6,0.7,996,0.04309643206478041,17.103505843071787,16.813838133543612
6,0.7,996,0.04309643206478041,17.34557595993322,16.05067956098218
6,0.7,996,0.04309643206478041,17.587646076794655,15.324657935719825
6,0.7,996,0.04309643206478041,17.829716193656093,14.634613406621128
6,0.7,996,0.04309643206478041,18.07178631051753,13.979345032690194
6,0.7,996,0.04309643206478041,18.313856427378965,13.357430858526847
6,0.7,996,0.04309643206478041,18.5559265442404,12.767149415559903
6,0.7,996,0.04309643206478041,18.797996661101834,12.206831777929981
6,0.7,996,0.04309643206478041,19.040066777963272,11.67489413239709
6,0.7,996,0.04309643206478041,19.28213689482471,11.16983429787971
6,0.7,996,0.04309643206478041,19.524207011686144,10.69022824069728
6,0.7,996,0.04309643206478041,19.76627712854758,10.234726615005902
6,0.7,996,0.04309643206478041,20.008347245409013,9.802051350339223
6,0.7,996,0.04309643206478041,20.25041736227045,9.390947313399181
6,0.7,996,0.04309643206478041,20.49248747913189,9.000075964748799
6,0.7,996,0.04309643206478041,20.734557595993323,8.628158910686135
6,0.7,996,0.04309643206478041,20.976627712854757,8.274010031147162
6,0.7,996,0.04309643206478041,21.218697829716195,7.936528374922377
6,0.7,996,0.04309643206478041,21.46076794657763,7.614691643844616
6,0.7,996,0.04309643206478041,21.702838063439064,7.307550215004521
6,0.7,996,0.04309643206478041,21.9449081803005,7.014221654401045
6,0.7,996,0.04309643206478041,22.186978297161936,6.480274880173413
6,0.7,996,0.04309643206478041,22.429048414023374,5.904822736197173
6,0.7,996,0.04309643206478041,22.671118530884808,5.364555446406774
6,0.7,996,0.04309643206478041,22.913188647746242,4.8587596995696005
6,0.7,996,0.04309643206478041,23.15525876460768,4.386701603385576
6,0.7,996,0.04309643206478041,23.397328881469114,3.9475964780778403
6,0.7,996,0.04309643206478041,23.639398998330552,3.5405865217502788
6,0.7,996,0.04309643206478041,23.881469115191987,3.1647259058650197
6,0.7,996,0.04309643206478041,24.12353923205342,2.910203738529124
6,0.7,996,0.04309643206478041,24.36560934891486,2.7567295009220727
6,0.7,996,0.04309643206478041,24.607679465776293,2.6116327815341096
6,0.7,996,0.04309643206478041,24.84974958263773,2.4749156734652122
6,0.7,996,0.04309643206478041,25.091819699499165,2.346508563772509
6,0.7,996,0.04309643206478041,25.3338898163606,2.22628313848569
6,0.7,996,0.04309643206478041,25.575959933222038,2.114064381077309
6,0.7,996,0.04309643206478041,25.818030050083472,2.0096415107610266
6,0.7,996,0.04309643206478041,26.06010016694491,1.91277883284026
6,0.7,996,0.04309643206478041,26.302170283806344,1.823338747827212
6,0.7,996,0.04309643206478041,26.54424040066778,1.741368392609468
6,0.7,996,0.04309643206478041,26.786310517529216,1.6668828155219688
6,0.7,996,0.04309643206478041,27.02838063439065,1.599856381670112
6,0.7,996,0.04309643206478041,27.27045075125209,1.5402415053248857
6,0.7,996,0.04309643206478041,27.512520868113523,1.4879861879659728
6,0.7,996,0.04309643206478041,27.754590984974957,1.4430506299984713
6,0.7,996,0.04309643206478041,27.996661101836395,1.4054232931935577
6,0.7,996,0.04309643206478041,28.23873121869783,1.374964073911739
6,0.7,996,0.04309643206478041,28.480801335559267,1.350897239103985
6,0.7,996,0.04309643206478041,28.7228714524207,1.332382319938366
6,0.7,996,0.04309643206478041,28.964941569282136,1.3186811544401207
6,0.7,996,0.04309643206478041,29.207011686143574,1.3091334553988836
6,0.7,996,0.04309643206478041,29.449081803005008,1.3031367848136934
6,0.7,996,0.04309643206478041,29.691151919866446,1.3001300923100592
6,0.7,996,0.04309643206478041,29.93322203672788,1.2995802106090417
6,0.7,996,0.04309643206478041,30.175292153589314,1.3009992821234202
6,0.7,996,0.04309643206478041,30.417362270450752,1.3041782304676905
6,0.7,996,0.04309643206478041,30.659432387312187,1.3090635549614733
6,0.7,996,0.04309643206478041,30.901502504173624,1.3156091913319719
6,0.7,996,0.04309643206478041,31.14357262103506,1.3237742286794234
6,0.7,996,0.04309643206478041,31.385642737896493,1.3335222450948034
6,0.7,996,0.04309643206478041,31.62771285475793,1.344820685473479
6,0.7,996,0.04309643206478041,31.869782971619365,1.3576402742960298
6,0.7,996,0.04309643206478041,32.1118530884808,1.3719544570098132
6,0.7,996,0.04309643206478041,32.35392320534224,1.3877388644125346
6,0.7,996,0.04309643206478041,32.59599332220367,1.404970795129584
6,0.7,996,0.04309643206478041,32.83806343906511,1.4236287119054636
6,0.7,996,0.04309643206478041,33.080133555926544,1.4436917480094704
6,0.7,996,0.04309643206478041,33.32220367278798,1.4651392205985765
6,0.7,996,0.04309643206478041,33.56427378964942,1.487950148396171
6,0.7,996,0.04309643206478041,33.80634390651085,1.5121027715428659
6,0.7,996,0.04309643206478041,34.04841402337229,1.5375740719625859
6,0.7,996,0.04309643206478041,34.29048414023372,1.5643392930701288
6,0.7,996,0.04309643206478041,34.53255425709516,1.5923714581309645
6,0.7,996,0.04309643206478041,34.7746243739566,1.6216408870746382
6,0.7,996,0.04309643206478041,35.016694490818026,1.6521147149324669
6,0.7,996,0.04309643206478041,35.25876460767947,1.6837672811052113
6,0.7,996,0.04309643206478041,35.5008347245409,1.7166057168159738
6,0.7,996,0.04309643206478041,35.742904841402336,1.7506437718398118
6,0.7,996,0.04309643206478041,35.98497495826378,1.7858947659358058
6,0.7,996,0.04309643206478041,36.227045075125204,1.8223714632491075
6,0.7,996,0.04309643206478041,36.469115191986646,1.8600859408590693
6,0.7,996,0.04309643206478041,36.71118530884808,1.899049451296182
6,0.7,996,0.04309643206478041,36.953255425709514,1.9392722788870553
6,0.7,996,0.04309643206478041,37.19532554257095,1.9807635898266056
6,0.7,996,0.04309643206478041,37.43739565943239,2.0235312759205737
6,0.7,996,0.04309643206478041,37.679465776293824,2.0675817919895785
6,0.7,996,0.04309643206478041,37.92153589315526,2.112919986978277
6,0.7,996,0.04309643206478041,38.16360601001669,2.159548928870113
6,0.7,996,0.04309643206478041,38.40567612687813,2.207469723569742
6,0.7,996,0.04309643206478041,38.64774624373957,2.256681327981562
6,0.7,996,0.04309643206478041,38.889816360601,2.3071803575839804
6,0.7,996,0.04309643206478041,39.13188647746244,2.358960888875161
6,0.7,996,0.04309643206478041,39.37395659432387,2.412014257146836
6,0.7,996,0.04309643206478041,39.616026711185306,2.466328850128461
6,0.7,996,0.04309643206478041,39.85809682804675,2.52188989813419
6,0.7,996,0.04309643206478041,40.10016694490818,2.5786792562514913
6,0.7,996,0.04309643206478041,40.342237061769616,2.6366750041307894
6,0.7,996,0.04309643206478041,40.58430717863105,2.695851159813389
6,0.7,996,0.04309643206478041,40.826377295492485,2.7561776695547184
6,0.7,996,0.04309643206478041,41.068447412353926,2.8176202059600515
6,0.7,996,0.04309643206478041,41.31051752921536,2.8801399542376016
6,0.7,996,0.04309643206478041,41.552587646076795,2.9436934023843007
6,0.7,996,0.04309643206478041,41.79465776293823,3.0082321368061202
6,0.7,996,0.04309643206478041,42.03672787979966,3.0737026449864704
6,0.7,996,0.04309643206478041,42.278797996661105,3.140046126925602
6,0.7,996,0.04309643206478041,42.52086811352254,3.2071983171797513
6,0.7,996,0.04309643206478041,42.76293823038397,3.275089319429774
6,0.7,996,0.04309643206478041,43.00500834724541,3.3436434556033925
6,0.7,996,0.04309643206478041,43.24707846410684,3.412779131661616
6,0.7,996,0.04309643206478041,43.48914858096828,3.4824087222364017
6,0.7,996,0.04309643206478041,43.73121869782972,3.5524384763715253
6,0.7,996,0.04309643206478041,43.97328881469115,3.6227684466700407
6,0.7,996,0.04309643206478041,44.215358931552586,3.693292444187536
6,0.7,996,0.04309643206478041,44.45742904841402,3.763898021428926
6,0.7,996,0.04309643206478041,44.69949916527546,3.8344664858054593
6,0.7,996,0.04309643206478041,44.941569282136896,3.9048729458862073
6,0.7,996,0.04309643206478041,45.18363939899833,3.9749914268850133
6,0.7,996,0.04309643206478041,45.425709515859765,4.044733633041842
6,0.7,996,0.04309643206478041,45.6677796327212,4.114030897129921
6,0.7,996,0.04309643206478041,45.90984974958264,4.182813795244806
6,0.7,996,0.04309643206478041,46.151919866444075,4.251012088351724
6,0.7,996,0.04309643206478041,46.39398998330551,4.318554827420015
6,0.7,996,0.04309643206478041,46.636060100166944,4.385370462672553
6,0.7,996,0.04309643206478041,46.87813021702838,4.451386956763607
6,0.7,996,0.04309643206478041,47.12020033388982,4.5165319016810574
6,0.7,996,0.04309643206478041,47.362270450751254,4.5807326391518695
6,0.7,996,0.04309643206478041,47.60434056761269,4.643916384313053
6,0.7,996,0.04309643206478041,47.84641068447412,4.7060103523937915
6,0.7,996,0.04309643206478041,48.08848080133556,4.766941888138713
6,0.7,996,0.04309643206478041,48.330550918197,4.826638597686852
6,0.7,996,0.04309643206478041,48.57262103505843,4.885028482606174
6,0.7,996,0.04309643206478041,48.81469115191987,4.9420400757695955
6,0.7,996,0.04309643206478041,49.0567612687813,4.997602578745168
6,0.7,996,0.04309643206478041,49.298831385642735,5.051646000360823
6,0.7,996,0.04309643206478041,49.54090150250418,5.104101296092694
6,0.7,996,0.04309643206478041,49.78297161936561,5.154900507915568
6,0.7,996,0.04309643206478041,50.025041736227045,5.203976915773126
6,0.7,996,0.04309643206478041,50.26711185308848,5.251279237818748
6,0.7,996,0.04309643206478041,50.509181969949914,5.296799936195348
6,0.7,996,0.04309643206478041,50.751252086811355,5.340542631278748
6,0.7,996,0.04309643206478041,50.99332220367279,5.382514579264506
6,0.7,996,0.04309643206478041,51.235392320534224,5.422726575925106
6,0.7,996,0.04309643206478041,51.47746243739566,5.461192853572145
6,0.7,996,0.04309643206478041,51.71953255425709,5.497930971972648
6,0.7,996,0.04309643206478041,51.961602671118534,5.532961703966497
6,0.7,996,0.04309643206478041,52.20367278797997,5.566308916526049
6,0.7,996,0.04309643206478041,52.4457429048414,5.597999447989333
6,0.7,996,0.04309643206478041,52.68781302170284,5.628062982185114
6,0.7,996,0.04309643206478041,52.92988313856427,5.656531920151899
6,0.7,996,0.04309643206478041,53.17195325542571,5.6834412501340426
6,0.7,996,0.04309643206478041,53.41402337228715,5.708828416516495
6,0.7,996,0.04309643206478041,53.65609348914858,5.732733188336155
6,0.7,996,0.04309643206478041,53.898163606010016,5.755197527982149
6,0.7,996,0.04309643206478041,54.14023372287145,5.776265460670245
6,0.7,996,0.04309643206478041,54.38230383973289,5.7959829452481335
6,0.7,996,0.04309643206478041,54.624373956594326,5.814397746858864
6,0.7,996,0.04309643206478041,54.86644407345576,5.831559311959544
6,0.7,996,0.04309643206478041,55.108514190317194,5.847518181999064
6,0.7,996,0.04309643206478041,55.35058430717863,5.862312503052093
6,0.7,996,0.04309643206478041,55.59265442404007,5.875965745723884
6,0.7,996,0.04309643206478041,55.834724540901504,5.888501480179718
6,0.7,996,0.04309643206478041,56.07679465776294,5.89994418630123
6,0.7,996,0.04309643206478041,56.31886477462437,5.910319201141471
6,0.7,996,0.04309643206478041,56.56093489148581,5.919652666814997
6,0.7,996,0.04309643206478041,56.80300500834725,5.927971478948353
6,0.7,996,0.04309643206478041,57.04507512520868,5.935303235809875
6,0.7,996,0.04309643206478041,57.28714524207012,5.941676188231339
6,0.7,996,0.04309643206478041,57.52921535893155,5.947119190427475
6,0.7,996,0.04309643206478041,57.771285475792986,5.951661651812863
6,0.7,996,0.04309643206478041,58.01335559265443,5.955333489909187
6,0.7,996,0.04309643206478041,58.25542570951586,5.958165084429384
6,0.7,996,0.04309643206478041,58.497495826377296,5.960187232618785
6,0.7,996,0.04309643206478041,58.73956594323873,5.961431105927035
6,0.7,996,0.04309643206478041,58.981636060100165,5.961928208078317
6,0.7,996,0.04309643206478041,59.223706176961606,5.961710334601367
6,0.7,996,0.04309643206478041,59.46577629382304,5.960809533874802
6,0.7,996,0.04309643206478041,59.707846410684475,5.95925806973748
6,0.7,996,0.04309643206478041,59.94991652754591,5.957088385708058
6,0.7,996,0.04309643206478041,60.19198664440734,5.954331971252288
6,0.7,996,0.04309643206478041,60.434056761268785,5.951012126870081
6,0.7,996,0.04309643206478041,60.67612687813022,5.94714846811079
6,0.7,996,0.04309643206478041,60.91819699499165,5.942760688329918
6,0.7,996,0.04309643206478041,61.16026711185309,5.93786856115014
6,0.7,996,0.04309643206478041,61.40233722871452,5.932491923989478
6,0.7,996,0.04309643206478041,61.644407345575964,5.926650662197893
6,0.7,996,0.04309643206478041,61.8864774624374,5.920364693811837
6,0.7,996,0.04309643206478041,62.12854757929883,5.913653954935103
6,0.7,996,0.04309643206478041,62.37061769616027,5.906538385752797
6,0.7,996,0.04309643206478041,62.6126878130217,5.899037917184151
6,0.7,996,0.04309643206478041,62.85475792988314,5.891172458178596
6,0.7,996,0.04309643206478041,63.09682804674458,5.882961883658345
6,0.7,996,0.04309643206478041,63.33889816360601,5.874426023109685
6,0.7,996,0.04309643206478041,63.580968280467445,5.86558464982408
6,0.7,996,0.04309643206478041,63.82303839732888,5.85645747078923
6,0.7,996,0.04309643206478041,64.06510851419031,5.847064117229261
6,0.7,996,0.04309643206478041,64.30717863105176,5.837424135792413
6,0.7,996,0.04309643206478041,64.5492487479132,5.827556980383688
6,0.7,996,0.04309643206478041,64.79131886477462,5.817482004639265
6,0.7,996,0.04309643206478041,65.03338898163605,5.80721845826661
6,0.7,996,0.04309643206478041,65.27545909849749,5.7967872739218915
6,0.7,996,0.04309643206478041,65.51752921535893,5.786214024386445
6,0.7,996,0.04309643206478041,65.75959933222038,5.775524893335159
6,0.7,996,0.04309643206478041,66.0016694490818,5.7647458802406595
6,0.7,996,0.04309643206478041,66.24373956594323,5.753902795910732
6,0.7,996,0.04309643206478041,66.48580968280467,5.743021259185576
6,0.7,996,0.04309643206478041,66.72787979966611,5.732126694780176
6,0.7,996,0.04309643206478041,66.96994991652755,5.72124433225679
6,0.7,996,0.04309643206478041,67.21202003338898,5.710399206112403
6,0.7,996,0.04309643206478041,67.45409015025041,5.699616156965813
6,0.7,996,0.04309643206478041,67.69616026711185,5.688919833829299
6,0.7,996,0.04309643206478041,67.93823038397329,5.678334697449865
6,0.7,996,0.04309643206478041,68.18030050083473,5.6678850247055275
6,0.7,996,0.04309643206478041,68.42237061769616,5.657594914042538
6,0.7,996,0.04309643206478041,68.66444073455759,5.647488291940046
6,0.7,996,0.04309643206478041,68.90651085141903,5.637588920389467
6,0.7,996,0.04309643206478041,69.14858096828047,5.627920405376625
6,0.7,996,0.04309643206478041,69.3906510851419,5.618506206355741
6,0.7,996,0.04309643206478041,69.63272120200334,5.609369646705425
6,0.7,996,0.04309643206478041,69.87479131886478,5.600533925157994
6,0.7,996,0.04309643206478041,70.11686143572621,5.59202183210535
6,0.7,996,0.04309643206478041,70.35893155258765,5.583848676784453
6,0.7,996,0.04309643206478041,70.60100166944908,5.576022013793543
6,0.7,996,0.04309643206478041,70.84307178631052,5.568549044626764
6,0.7,996,0.04309643206478041,71.08514190317196,5.561436987456869
6,0.7,996,0.04309643206478041,71.32721202003339,5.554693082293032
6,0.7,996,0.04309643206478041,71.56928213689483,5.548324596247415
6,0.7,996,0.04309643206478041,71.81135225375625,5.54233882891297
6,0.7,996,0.04309643206478041,72.0534223706177,5.5367431178551465
6,0.7,996,0.04309643206478041,72.29549248747914,5.531544844220308
6,0.7,996,0.04309643206478041,72.53756260434056,5.526751438464079
6,0.7,996,0.04309643206478041,72.779632721202,5.522370386202895
6,0.7,996,0.04309643206478041,73.02170283806343,5.518409234192362
6,0.7,996,0.04309643206478041,73.26377295492487,5.514875596436338
6,0.7,996,0.04309643206478041,73.50584307178632,5.5117771604307375
6,0.7,996,0.04309643206478041,73.74791318864774,5.50912169354656
6,0.7,996,0.04309643206478041,73.98998330550918,5.506917049556668
6,0.7,996,0.04309643206478041,74.23205342237061,5.5051711753113555
6,0.7,996,0.04309643206478041,74.47412353923205,5.503892117567884
6,0.7,996,0.04309643206478041,74.7161936560935,5.503088029979522
6,0.7,996,0.04309643206478041,74.95826377295492,5.502767180249937
6,0.7,996,0.04309643206478041,75.20033388981636,5.502935986304313
6,0.7,996,0.04309643206478041,75.44240400667779,5.503587648745503
6,0.7,996,0.04309643206478041,75.68447412353923,5.504709956021403
6,0.7,996,0.04309643206478041,75.92654424040067,5.506290789160325
6,0.7,996,0.04309643206478041,76.1686143572621,5.508318129274869
6,0.7,996,0.04309643206478041,76.41068447412354,5.510780047551371
6,0.7,996,0.04309643206478041,76.65275459098497,5.513664695540209
6,0.7,996,0.04309643206478041,76.89482470784641,5.516960295739629
6,0.7,996,0.04309643206478041,77.13689482470785,5.52065513246647
6,0.7,996,0.04309643206478041,77.37896494156928,5.52473754300762
6,0.7,996,0.04309643206478041,77.62103505843072,5.5291959090467895
6,0.7,996,0.04309643206478041,77.86310517529215,5.534018648361526
6,0.7,996,0.04309643206478041,78.10517529215359,5.539194206786073
6,0.7,996,0.04309643206478041,78.34724540901503,5.544711050436091
6,0.7,996,0.04309643206478041,78.58931552587646,5.5505576581918135
6,0.7,996,0.04309643206478041,78.8313856427379,5.556722514436612
6,0.7,996,0.04309643206478041,79.07345575959933,5.563194102048466
6,0.7,996,0.04309643206478041,79.31552587646077,5.569960895642213
6,0.7,996,0.04309643206478041,79.55759599332221,5.577011355060895
6,0.7,996,0.04309643206478041,79.79966611018364,5.58433391911498
6,0.7,996,0.04309643206478041,80.04173622704508,5.591916983650141
6,0.7,996,0.04309643206478041,80.2838063439065,5.599743963126723
6,0.7,996,0.04309643206478041,80.52587646076795,5.607786254008692
6,0.7,996,0.04309643206478041,80.76794657762939,5.616013340296757
6,0.7,996,0.04309643206478041,81.01001669449082,5.624394540547185
6,0.7,996,0.04309643206478041,81.25208681135226,5.632898998506705
6,0.7,996,0.04309643206478041,81.49415692821368,5.641495675433289
6,0.7,996,0.04309643206478041,81.73622704507513,5.6501533441195395
6,0.7,996,0.04309643206478041,81.97829716193657,5.658840584636344
6,0.7,996,0.04309643206478041,82.220367278798,5.667525781815324
6,0.7,996,0.04309643206478041,82.46243739565944,5.676177124489117
6,0.7,996,0.04309643206478041,82.70450751252086,5.684762606508782
6,0.7,996,0.04309643206478041,82.9465776293823,5.69325002955762
6,0.7,996,0.04309643206478041,83.18864774624375,5.7016070077803125
6,0.7,996,0.04309643206478041,83.43071786310517,5.709800974245844
6,0.7,996,0.04309643206478041,83.67278797996661,5.717799189261636
6,0.7,996,0.04309643206478041,83.91485809682804,5.725568750555266
6,0.7,996,0.04309643206478041,84.15692821368948,5.73307660533862
6,0.7,996,0.04309643206478041,84.39899833055092,5.7402895642675515
6,0.7,996,0.04309643206478041,84.64106844741235,5.747174317308101
6,0.7,996,0.04309643206478041,84.88313856427379,5.753697451517912
6,0.7,996,0.04309643206478041,85.12520868113522,5.759826160447886
6,0.7,996,0.04309643206478041,85.36727879799666,5.765542242324435
6,0.7,996,0.04309643206478041,85.6093489148581,5.770841544506742
6,0.7,996,0.04309643206478041,85.85141903171953,5.7757205544462025
6,0.7,996,0.04309643206478041,86.09348914858097,5.7801758416732545
6,0.7,996,0.04309643206478041,86.3355592654424,5.78420405992514
6,0.7,996,0.04309643206478041,86.57762938230384,5.787801949258906
6,0.7,996,0.04309643206478041,86.81969949916528,5.790966338148138
6,0.7,996,0.04309643206478041,87.06176961602671,5.793694145561987
6,0.7,996,0.04309643206478041,87.30383973288815,5.795982383024945
6,0.7,996,0.04309643206478041,87.54590984974958,5.797828156655901
6,0.7,996,0.04309643206478041,87.78797996661102,5.799228669184965
6,0.7,996,0.04309643206478041,88.03005008347246,5.800181221946486
6,0.7,996,0.04309643206478041,88.27212020033389,5.8006832168468385
6,0.7,996,0.04309643206478041,88.51419031719533,5.800732158305338
6,0.7,996,0.04309643206478041,88.75626043405676,5.8003256551668265
6,0.7,996,0.04309643206478041,88.9983305509182,5.799461422584386
6,0.7,996,0.04309643206478041,89.24040066777964,5.798137283870581
6,0.7,996,0.04309643206478041,89.48247078464107,5.79635117231579
6,0.7,996,0.04309643206478041,89.72454090150251,5.794101132972011
6,0.7,996,0.04309643206478041,89.96661101836393,5.791385324400652
6,0.7,996,0.04309643206478041,90.20868113522538,5.788205892102525
6,0.7,996,0.04309643206478041,90.45075125208682,5.784588605102588
6,0.7,996,0.04309643206478041,90.69282136894824,5.78056810171233
6,0.7,996,0.04309643206478041,90.93489148580969,5.776179030086544
6,0.7,996,0.04309643206478041,91.17696160267111,5.771456009519449
6,0.7,996,0.04309643206478041,91.41903171953255,5.766433609660163
6,0.7,996,0.04309643206478041,91.661101836394,5.761146331782729
6,0.7,996,0.04309643206478041,91.90317195325542,5.75562859211002
6,0.7,996,0.04309643206478041,92.14524207011686,5.749914707187886
6,0.7,996,0.04309643206478041,92.38731218697829,5.744038881303285
6,0.7,996,0.04309643206478041,92.62938230383973,5.738035195937926
6,0.7,996,0.04309643206478041,92.87145242070117,5.731937601247077
6,0.7,996,0.04309643206478041,93.1135225375626,5.725779909551531
6,0.7,996,0.04309643206478041,93.35559265442404,5.719595790829585
6,0.7,996,0.04309643206478041,93.59766277128547,5.713418770194892
6,0.7,996,0.04309643206478041,93.83973288814691,5.707282227345577
6,0.7,996,0.04309643206478041,94.08180300500835,5.701219397969621
6,0.7,996,0.04309643206478041,94.32387312186978,5.695263377091752
6,0.7,996,0.04309643206478041,94.56594323873122,5.689447124347284
6,0.7,996,0.04309643206478041,94.80801335559265,5.683803471169259
6,0.7,996,0.04309643206478041,95.05008347245409,5.678365057754297
6,0.7,996,0.04309643206478041,95.29215358931553,5.673150401935
6,0.7,996,0.04309643206478041,95.53422370617696,5.66814733206724
6,0.7,996,0.04309643206478041,95.7762938230384,5.663339689215064
6,0.7,996,0.04309643206478041,96.01836393989983,5.658711387880984
6,0.7,996,0.04309643206478041,96.26043405676127,5.654246410777813
6,0.7,996,0.04309643206478041,96.50250417362271,5.649928804057254
6,0.7,996,0.04309643206478041,96.74457429048414,5.6457426729912825
6,0.7,996,0.04309643206478041,96.98664440734558,5.641672178102879
6,0.7,996,0.04309643206478041,97.228714524207,5.637701531742811
6,0.7,996,0.04309643206478041,97.47078464106845,5.63381499510958
6,0.7,996,0.04309643206478041,97.71285475792989,5.629996875709827
6,0.7,996,0.04309643206478041,97.95492487479132,5.626231525256743
6,0.7,996,0.04309643206478041,98.19699499165276,5.622503338004167
6,0.7,996,0.04309643206478041,98.43906510851419,5.6187967495142725
6,0.7,996,0.04309643206478041,98.68113522537563,5.6150962358567025
6,0.7,996,0.04309643206478041,98.92320534223707,5.6113863132373565
6,0.7,996,0.04309643206478041,99.1652754590985,5.607651538054739
6,0.7,996,0.04309643206478041,99.40734557595994,5.60387650738212
6,0.7,996,0.04309643206478041,99.64941569282136,5.600045859873458
6,0.7,996,0.04309643206478041,99.8914858096828,5.5961442770912
6,0.7,996,0.04309643206478041,100.13355592654425,5.592156987133643
6,0.7,996,0.04309643206478041,100.37562604340567,5.588078414724513
6,0.7,996,0.04309643206478041,100.61769616026712,5.58391099433242
6,0.7,996,0.04309643206478041,100.85976627712854,5.579657425957889
6,0.7,996,0.04309643206478041,101.10183639398998,5.5753204053469325
6,0.7,996,0.04309643206478041,101.34390651085143,5.570902623606014
6,0.7,996,0.04309643206478041,101.58597662771285,5.566406766829689
6,0.7,996,0.04309643206478041,101.8280467445743,5.56183551574093
6,0.7,996,0.04309643206478041,102.07011686143572,5.5571915453440965
6,0.7,996,0.04309643206478041,102.31218697829716,5.552477524590524
6,0.7,996,0.04309643206478041,102.5542570951586,5.547696116056739
6,0.7,996,0.04309643206478041,102.79632721202003,5.542849975635219
6,0.7,996,0.04309643206478041,103.03839732888147,5.537941752237694
6,0.7,996,0.04309643206478041,103.2804674457429,5.532974087510957
6,0.7,996,0.04309643206478041,103.52253756260434,5.527949615565087
6,0.7,996,0.04309643206478041,103.76460767946578,5.522870962714121
6,0.7,996,0.04309643206478041,104.00667779632721,5.517740747229045
6,0.7,996,0.04309643206478041,104.24874791318865,5.512561579103092
6,0.7,996,0.04309643206478041,104.49081803005008,5.507336059829299
6,0.7,996,0.04309643206478041,104.73288814691152,5.502066782190233
6,0.7,996,0.04309643206478041,104.97495826377296,5.496756330059833
6,0.7,996,0.04309643206478041,105.21702838063439,5.491407278217332
6,0.7,996,0.04309643206478041,105.45909849749583,5.486022192173149
6,0.7,996,0.04309643206478041,105.70116861435726,5.480603628006716
6,0.7,996,0.04309643206478041,105.9432387312187,5.475154132216153
6,0.7,996,0.04309643206478041,106.18530884808014,5.469676241579714
6,0.7,996,0.04309643206478041,106.42737896494157,5.464172483028942
6,0.7,996,0.04309643206478041,106.66944908180301,5.458645373533458
6,0.7,996,0.04309643206478041,106.91151919866444,5.453097419997291
6,0.7,996,0.04309643206478041,107.15358931552588,5.447531119166674
6,0.7,996,0.04309643206478041,107.39565943238732,5.441948957549238
6,0.7,996,0.04309643206478041,107.63772954924875,5.436353411344518
6,0.7,996,0.04309643206478041,107.87979966611019,5.430746946385681
6,0.7,996,0.04309643206478041,108.12186978297161,5.425132018092384
6,0.7,996,0.04309643206478041,108.36393989983306,5.419511071434729
6,0.7,996,0.04309643206478041,108.6060100166945,5.413886540908155
6,0.7,996,0.04309643206478041,108.84808013355592,5.408260850519245
6,0.7,996,0.04309643206478041,109.09015025041737,5.402636413782337
6,0.7,996,0.04309643206478041,109.3322203672788,5.397015633726865
6,0.7,996,0.04309643206478041,109.57429048414023,5.39140090291532
6,0.7,996,0.04309643206478041,109.81636060100168,5.385794603471793
6,0.7,996,0.04309643206478041,110.0584307178631,5.380199102590769
6,0.7,996,0.04309643206478041,110.30050083472455,5.374616159663259
6,0.7,996,0.04309643206478041,110.54257095158597,5.369046339286897
6,0.7,996,0.04309643206478041,110.78464106844741,5.36349006302848
6,0.7,996,0.04309643206478041,111.02671118530886,5.357947750222259
6,0.7,996,0.04309643206478041,111.26878130217028,5.352419817987725
6,0.7,996,0.04309643206478041,111.51085141903172,5.3469066812476
6,0.7,996,0.04309643206478041,111.75292153589315,5.3414087527460925
6,0.7,996,0.04309643206478041,111.99499165275459,5.335926443067348
6,0.7,996,0.04309643206478041,112.23706176961603,5.330460160654155
6,0.7,996,0.04309643206478041,112.47913188647746,5.325010311826864
6,0.7,996,0.04309643206478041,112.7212020033389,5.319577300802517
6,0.7,996,0.04309643206478041,112.96327212020033,5.314161529714238
6,0.7,996,0.04309643206478041,113.20534223706177,5.308763398630776
6,0.7,996,0.04309643206478041,113.44741235392321,5.303383305576338
6,0.7,996,0.04309643206478041,113.68948247078464,5.298021646550574
6,0.7,996,0.04309643206478041,113.93155258764608,5.292678815548811
6,0.7,996,0.04309643206478041,114.17362270450751,5.287355204582481
6,0.7,996,0.04309643206478041,114.41569282136895,5.282051203699756
6,0.7,996,0.04309643206478041,114.65776293823039,5.276767201006408
6,0.7,996,0.04309643206478041,114.89983305509182,5.271503582686842
6,0.7,996,0.04309643206478041,115.14190317195326,5.266260733025349
6,0.7,996,0.04309643206478041,115.38397328881469,5.26103903442757
6,0.7,996,0.04309643206478041,115.62604340567613,5.255838867442122
6,0.7,996,0.04309643206478041,115.86811352253757,5.250660610782466
6,0.7,996,0.04309643206478041,116.110183639399,5.245504641348936
6,0.7,996,0.04309643206478041,116.35225375626044,5.240371334250976
6,0.7,996,0.04309643206478041,116.59432387312187,5.235261062829554
6,0.7,996,0.04309643206478041,116.8363939899833,5.230174198679793
6,0.7,996,0.04309643206478041,117.07846410684475,5.225111111673768
6,0.7,996,0.04309643206478041,117.32053422370618,5.220072169983488
6,0.7,996,0.04309643206478041,117.56260434056762,5.21505774010408
6,0.7,996,0.04309643206478041,117.80467445742904,5.2100681868771455
6,0.7,996,0.04309643206478041,118.04674457429049,5.2051038735143
6,0.7,996,0.04309643206478041,118.28881469115193,5.2001651616209035
6,0.7,996,0.04309643206478041,118.53088480801335,5.195252411219958
6,0.7,996,0.04309643206478041,118.7729549248748,5.190365980776181
6,0.7,996,0.04309643206478041,119.01502504173622,5.1855062272202845
6,0.7,996,0.04309643206478041,119.25709515859766,5.180673505973393
6,0.7,996,0.04309643206478041,119.4991652754591,5.175868170971669
6,0.7,996,0.04309643206478041,119.74123539232053,5.1710905746910845
6,0.7,996,0.04309643206478041,119.98330550918197,5.166341068172395
6,0.7,996,0.04309643206478041,120.2253756260434,5.16161982362239
6,0.7,996,0.04309643206478041,120.46744574290484,5.156926139983553
6,0.7,996,0.04309643206478041,120.70951585976628,5.152259050868732
6,0.7,996,0.04309643206478041,120.95158597662771,5.147617593186183
6,0.7,996,0.04309643206478041,121.19365609348915,5.143000807168667
6,0.7,996,0.04309643206478041,121.43572621035058,5.138407736332099
6,0.7,996,0.04309643206478041,121.67779632721202,5.133837427435906
6,0.7,996,0.04309643206478041,121.91986644407346,5.129288930445108
6,0.7,996,0.04309643206478041,122.16193656093489,5.124761298494128
6,0.7,996,0.04309643206478041,122.40400667779633,5.120253587852239
6,0.7,996,0.04309643206478041,122.64607679465776,5.1157648578907615
6,0.7,996,0.04309643206478041,122.8881469115192,5.111294171051898
6,0.7,996,0.04309643206478041,123.13021702838064,5.106840592819266
6,0.7,996,0.04309643206478041,123.37228714524207,5.102403191690057
6,0.7,996,0.04309643206478041,123.61435726210351,5.097981039148891
6,0.7,996,0.04309643206478041,123.85642737896494,5.093573209643273
6,0.7,996,0.04309643206478041,124.09849749582638,5.089178780560737
6,0.7,996,0.04309643206478041,124.34056761268782,5.084796832207565
6,0.7,996,0.04309643206478041,124.58263772954925,5.080426447789161
6,0.7,996,0.04309643206478041,124.82470784641069,5.076066713392038
6,0.7,996,0.04309643206478041,125.06677796327212,5.0717167179673925
6,0.7,996,0.04309643206478041,125.30884808013356,5.067375553316294
6,0.7,996,0.04309643206478041,125.550918196995,5.06304231407645
6,0.7,996,0.04309643206478041,125.79298831385643,5.058716097710571
6,0.7,996,0.04309643206478041,126.03505843071787,5.054396004496292
6,0.7,996,0.04309643206478041,126.2771285475793,5.050081137517683
6,0.7,996,0.04309643206478041,126.51919866444074,5.045770602658289
6,0.7,996,0.04309643206478041,126.76126878130218,5.041463508595756
6,0.7,996,0.04309643206478041,127.0033388981636,5.037158966797984
6,0.7,996,0.04309643206478041,127.24540901502505,5.0328560915208165
6,0.7,996,0.04309643206478041,127.48747913188647,5.028553999807269
6,0.7,996,0.04309643206478041,127.72954924874792,5.024251811488269
6,0.7,996,0.04309643206478041,127.97161936560936,5.019948649184929
6,0.7,996,0.04309643206478041,128.21368948247078,5.015643638312302
6,0.7,996,0.04309643206478041,128.45575959933223,5.011335907084664
6,0.7,996,0.04309643206478041,128.69782971619367,5.00702458652227
6,0.7,996,0.04309643206478041,128.9398998330551,5.0027088104595965
6,0.7,996,0.04309643206478041,129.18196994991655,4.998387715555083
6,0.7,996,0.04309643206478041,129.42404006677796,4.994060441302305
6,0.7,996,0.04309643206478041,129.6661101836394,4.989726130042639
6,0.7,996,0.04309643206478041,129.90818030050082,4.985383926979378
6,0.7,996,0.04309643206478041,130.15025041736226,4.981032980193274
6,0.7,996,0.04309643206478041,130.3923205342237,4.976672440659541
6,0.7,996,0.04309643206478041,130.63439065108514,4.972301462266268
6,0.7,996,0.04309643206478041,130.87646076794658,4.967919201834272
6,0.7,996,0.04309643206478041,131.11853088480802,4.963524819138347
6,0.7,996,0.04309643206478041,131.36060100166947,4.959117476929926
6,0.7,996,0.04309643206478041,131.6026711185309,4.954696340961142
6,0.7,996,0.04309643206478041,131.84474123539232,4.950260580010265
6,0.7,996,0.04309643206478041,132.08681135225376,4.945809365908526
6,0.7,996,0.04309643206478041,132.32888146911517,4.9413418735683114
6,0.7,996,0.04309643206478041,132.57095158597662,4.936857281012706
6,0.7,996,0.04309643206478041,132.81302170283806,4.932354769406403
6,0.7,996,0.04309643206478041,133.0550918196995,4.92783352308794
6,0.7,996,0.04309643206478041,133.29716193656094,4.92329272960328
6,0.7,996,0.04309643206478041,133.53923205342238,4.918731579740701
6,0.7,996,0.04309643206478041,133.7813021702838,4.914149267567005
6,0.7,996,0.04309643206478041,134.02337228714524,4.909544990465032
6,0.7,996,0.04309643206478041,134.26544240400668,4.904917949172457
6,0.7,996,0.04309643206478041,134.50751252086812,4.900267347821874
6,0.7,996,0.04309643206478041,134.74958263772956,4.895592393982145
6,0.7,996,0.04309643206478041,134.99165275459097,4.890892298701013
6,0.7,996,0.04309643206478041,135.23372287145241,4.8861660950084005
6,0.7,996,0.04309643206478041,135.47579298831386,4.881412015629006
6,0.7,996,0.04309643206478041,135.7178631051753,4.876628077953415
6,0.7,996,0.04309643206478041,135.95993322203674,4.871812307836244
6,0.7,996,0.04309643206478041,136.20200333889815,4.866962739734244
6,0.7,996,0.04309643206478041,136.4440734557596,4.862077416844008
6,0.7,996,0.04309643206478041,136.68614357262103,4.857154391247561
6,0.7,996,0.04309643206478041,136.92821368948248,4.852191724065698
6,0.7,996,0.04309643206478041,137.17028380634392,4.847187485619024
6,0.7,996,0.04309643206478041,137.41235392320533,4.842139755596641
6,0.7,996,0.04309643206478041,137.65442404006677,4.83704662323239
6,0.7,996,0.04309643206478041,137.8964941569282,4.831906187488549
6,0.7,996,0.04309643206478041,138.13856427378965,4.8267165572469635
6,0.7,996,0.04309643206478041,138.3806343906511,4.8214758515074605
6,0.7,996,0.04309643206478041,138.6227045075125,4.816182199593521
6,0.7,996,0.04309643206478041,138.86477462437395,4.810833741365096
6,0.7,996,0.04309643206478041,139.1068447412354,4.805428627438467
6,0.7,996,0.04309643206478041,139.34891485809683,4.799965019413106
6,0.7,996,0.04309643206478041,139.59098497495827,4.794441090105369
6,0.7,996,0.04309643206478041,139.8330550918197,4.788855023789024
6,0.7,996,0.04309643206478041,140.07512520868113,4.78320501644239
6,0.7,996,0.04309643206478041,140.31719532554257,4.777489276002136
6,0.7,996,0.04309643206478041,140.559265442404,4.771706022623482
6,0.7,996,0.04309643206478041,140.80133555926545,4.76585348894682
6,0.7,996,0.04309643206478041,141.04340567612687,4.7599299203705705
6,0.7,996,0.04309643206478041,141.2854757929883,4.753933575330186
6,0.7,996,0.04309643206478041,141.52754590984975,4.747862725583189
6,0.7,996,0.04309643206478041,141.7696160267112,4.741715656500123
6,0.7,996,0.04309643206478041,142.01168614357263,4.735490667361285
6,0.7,996,0.04309643206478041,142.25375626043405,4.72918607165912
6,0.7,996,0.04309643206478041,142.4958263772955,4.722800197406161
6,0.7,996,0.04309643206478041,142.73789649415693,4.716331387448366
6,0.7,996,0.04309643206478041,142.97996661101837,4.709777999783706
6,0.7,996,0.04309643206478041,143.2220367278798,4.703138407885916
6,0.7,996,0.04309643206478041,143.46410684474122,4.696411001033197
6,0.7,996,0.04309643206478041,143.70617696160267,4.689594184641775
6,0.7,996,0.04309643206478041,143.9482470784641,4.682686380604165
6,0.7,996,0.04309643206478041,144.19031719532555,4.6756860276319445
6,0.7,996,0.04309643206478041,144.432387312187,4.6685915816029295
6,0.7,996,0.04309643206478041,144.6744574290484,4.661401515912582
6,0.7,996,0.04309643206478041,144.91652754590984,4.654114321829452
6,0.7,996,0.04309643206478041,145.15859766277129,4.646728508854542
6,0.7,996,0.04309643206478041,145.40066777963273,4.639242605084375
6,0.7,996,0.04309643206478041,145.64273789649417,4.631655157577624
6,0.7,996,0.04309643206478041,145.88480801335558,4.623964732725109
6,0.7,996,0.04309643206478041,146.12687813021702,4.6161699166229795
6,0.7,996,0.04309643206478041,146.36894824707846,4.608269315448929
6,0.7,996,0.04309643206478041,146.6110183639399,4.6002615558411915
6,0.7,996,0.04309643206478041,146.85308848080135,4.592145285280189
6,0.7,996,0.04309643206478041,147.09515859766276,4.5839191724726085
6,0.7,996,0.04309643206478041,147.3372287145242,4.575581907737705
6,0.7,996,0.04309643206478041,147.57929883138564,4.567132203395633
6,0.7,996,0.04309643206478041,147.82136894824708,4.558568794157605
6,0.7,996,0.04309643206478041,148.06343906510853,4.549890437517673
6,0.7,996,0.04309643206478041,148.30550918196994,4.541095914145892
6,0.7,996,0.04309643206478041,148.54757929883138,4.532184028282679
6,0.7,996,0.04309643206478041,148.78964941569282,4.523153608134147
6,0.7,996,0.04309643206478041,149.03171953255426,4.5140035062681525
6,0.7,996,0.04309643206478041,149.2737896494157,4.5047326000108905
6,0.7,996,0.04309643206478041,149.51585976627712,4.495339791843761
6,0.7,996,0.04309643206478041,149.75792988313856,4.485824009800272
6,0.7,996,0.04309643206478041,150.0,4.476184207862796
7,0.84,292,0.061085956599829225,5.0,0.0
7,0.84,292,0.061085956599829225,5.242070116861436,0.0
7,0.84,292,0.061085956599829225,5.484140233722871,0.0
7,0.84,292,0.061085956599829225,5.726210350584307,0.0007456397658290309
7,0.84,292,0.061085956599829225,5.968280467445743,0.010204663174816034
7,0.84,292,0.061085956599829225,6.210350584307179,0.053791861932351775
7,0.84,292,0.061085956599829225,6.452420701168615,0.21216198088894203
7,0.84,292,0.061085956599829225,6.69449081803005,0.667602507495109
7,0.84,292,0.061085956599829225,6.936560934891486,1.7496412497366574
7,0.84,292,0.061085956599829225,7.178631051752921,3.94892292890299
7,0.84,292,0.061085956599829225,7.420701168614357,7.7318431416387154
7,0.84,292,0.061085956599829225,7.6627712854757934,13.04765428633993
7,0.84,292,0.061085956599829225,7.904841402337229,18.834797234299224
7,0.84,292,0.061085956599829225,8.146911519198664,23.11859888216531
7,0.84,292,0.061085956599829225,8.3889816360601,24.705259417002363
7,0.84,292,0.061085956599829225,8.631051752921536,24.067775977538645
7,0.84,292,0.061085956599829225,8.873121869782972,22.39054667944513
7,0.84,292,0.061085956599829225,9.115191986644408,20.818855034883992
7,0.84,292,0.061085956599829225,9.357262103505843,19.851278002826668
7,0.84,292,0.061085956599829225,9.599332220367279,19.502164306125362
7,0.84,292,0.061085956599829225,9.841402337228715,19.810631042138624
7,0.84,292,0.061085956599829225,10.083472454090149,20.879324799891595
7,0.84,292,0.061085956599829225,10.325542570951587,22.734177209916872
7,0.84,292,0.061085956599829225,10.567612687813021,25.172022445871104
7,0.84,292,0.061085956599829225,10.809682804674457,27.87041290401524
7,0.84,292,0.061085956599829225,11.051752921535893,30.34411032560932
7,0.84,292,0.061085956599829225,11.293823038397328,32.15874329869041
7,0.84,292,0.061085956599829225,11.535893155258766,33.30974711184951
7,0.84,292,0.061085956599829225,11.7779632721202,33.91873523176354
7,0.84,292,0.061085956599829225,12.020033388981636,34.154562192794494
7,0.84,292,0.061085956599829225,12.262103505843072,34.16903276090546
7,0.84,292,0.061085956599829225,12.504173622704506,33.996682591912574
7,0.84,292,0.061085956599829225,12.746243739565944,33.65068773296176
7,0.84,292,0.061085956599829225,12.988313856427379,33.1464202569555
7,0.84,292,0.061085956599829225,13.230383973288815,32.50084592440311
7,0.84,292,0.061085956599829225,13.47245409015025,31.731940841519943
7,0.84,292,0.061085956599829225,13.714524207011687,30.858147445936492
7,0.84,292,0.061085956599829225,13.956594323873121,29.897885304686884
7,0.84,292,0.061085956599829225,14.198664440734557,28.86957906925157
7,0.84,292,0.061085956599829225,14.440734557595993,27.793795639370607
7,0.84,292,0.061085956599829225,14.68280467445743,26.69069265016781
7,0.84,292,0.061085956599829225,14.924874791318866,25.578372404938253
7,0.84,292,0.061085956599829225,15.1669449081803,24.472757234832237
7,0.84,292,0.061085956599829225,15.409015025041736,23.387570436174997
7,0.84,292,0.061085956599829225,15.651085141903172,22.334399354096664
7,0.84,292,0.061085956599829225,15.893155258764608,21.322822239685923
7,0.84,292,0.061085956599829225,16.135225375626042,20.3603658497987
7,0.84,292,0.061085956599829225,16.377295492487477,19.4493098202468
7,0.84,292,0.061085956599829225,16.619365609348915,18.588202756423453
7,0.84,292,0.061085956599829225,16.861435726210352,17.775403285649165
7,0.84,292,0.061085956599829225,17.103505843071787,17.009217982424637
7,0.84,292,0.061085956599829225,17.34557595993322,16.28792448616362
7,0.84,292,0.061085956599829225,17.587646076794655,15.60979162653407
7,0.84,292,0.061085956599829225,17.829716193656093,14.973096835941112
7,0.84,292,0.061085956599829225,18.07178631051753,14.376135736348177
7,0.84,292,0.061085956599829225,18.313856427378965,13.816829354291858
7,0.84,292,0.061085956599829225,18.5559265442404,13.292531171977283
7,0.84,292,0.061085956599829225,18.797996661101834,12.800739867375146
7,0.84,292,0.061085956599829225,19.040066777963272,12.339154946765678
7,0.84,292,0.061085956599829225,19.28213689482471,11.905659275503508
7,0.84,292,0.061085956599829225,19.524207011686144,11.49830319892807
7,0.84,292,0.061085956599829225,19.76627712854758,11.115290106280057
7,0.84,292,0.061085956599829225,20.008347245409013,10.754963299917337
7,0.84,292,0.061085956599829225,20.25041736227045,10.41569864354951
7,0.84,292,0.061085956599829225,20.49248747913189,10.09566719408293
7,0.84,292,0.061085956599829225,20.734557595993323,9.79312423325367
7,0.84,292,0.061085956599829225,20.976627712854757,9.506474857241459
7,0.84,292,0.061085956599829225,21.218697829716195,9.234258846157148
7,0.84,292,0.061085956599829225,21.46076794657763,8.97513736149503
7,0.84,292,0.061085956599829225,21.702838063439064,8.72788125345165
7,0.84,292,0.061085956599829225,21.9449081803005,8.491360788343322
7,0.84,292,0.061085956599829225,22.186978297161936,8.087383890941938
7,0.84,292,0.061085956599829225,22.429048414023374,7.596671336247708
7,0.84,292,0.061085956599829225,22.671118530884808,7.073561345957919
7,0.84,292,0.061085956599829225,22.913188647746242,6.526925092179202
7,0.84,292,0.061085956599829225,23.15525876460768,5.965914242471941
7,0.84,292,0.061085956599829225,23.397328881469114,5.399721546644515
7,0.84,292,0.061085956599829225,23.639398998330552,4.83733053127981
7,0.84,292,0.061085956599829225,23.881469115191987,4.28726390747571
7,0.84,292,0.061085956599829225,24.12353923205342,3.886172525949033
7,0.84,292,0.061085956599829225,24.36560934891486,3.625501266795041
7,0.84,292,0.061085956599829225,24.607679465776293,3.3797973092586435
7,0.84,292,0.061085956599829225,24.84974958263773,3.14930708362285
7,0.84,292,0.061085956599829225,25.091819699499165,2.9340414077271193
7,0.84,292,0.061085956599829225,25.3338898163606,2.7338169043392346
7,0.84,292,0.061085956599829225,25.575959933222038,2.5482945172580926
7,0.84,292,0.061085956599829225,25.818030050083472,2.377014588753335
7,0.84,292,0.061085956599829225,26.06010016694491,2.2194307320512756
7,0.84,292,0.061085956599829225,26.302170283806344,2.0752245291222664
7,0.84,292,0.061085956599829225,26.54424040066778,1.9444962794584493
7,0.84,292,0.061085956599829225,26.786310517529216,1.82720016404984
7,0.84,292,0.061085956599829225,27.02838063439065,1.7231399572587789
7,0.84,292,0.061085956599829225,27.27045075125209,1.6320325323436273
7,0.84,292,0.061085956599829225,27.512520868113523,1.5535645098478255
7,0.84,292,0.061085956599829225,27.754590984974957,1.4874431085576663
7,0.84,292,0.061085956599829225,27.996661101836395,1.4334428422932002
7,0.84,292,0.061085956599829225,28.23873121869783,1.3911367490236282
7,0.84,292,0.061085956599829225,28.480801335559267,1.3590055067429159
7,0.84,292,0.061085956599829225,28.7228714524207,1.335490410774676
7,0.84,292,0.061085956599829225,28.964941569282136,1.3192730578756602
7,0.84,292,0.061085956599829225,29.207011686143574,1.3092095263457355
7,0.84,292,0.061085956599829225,29.449081803005008,1.304278487814107
7,0.84,292,0.061085956599829225,29.691151919866446,1.303540022644873
7,0.84,292,0.061085956599829225,29.93322203672788,1.3061029540434566
7,0.84,292,0.061085956599829225,30.175292153589314,1.311149918523508
7,0.84,292,0.061085956599829225,30.417362270450752,1.318351878107029
7,0.84,292,0.061085956599829225,30.659432387312187,1.3276528501182014
7,0.84,292,0.061085956599829225,30.901502504173624,1.3390074337456526
7,0.84,292,0.061085956599829225,31.14357262103506,1.3523769653078737
7,0.84,292,0.061085956599829225,31.385642737896493,1.367728531575819
7,0.84,292,0.061085956599829225,31.62771285475793,1.3850340386506013
7,0.84,292,0.061085956599829225,31.869782971619365,1.404269323870299
7,0.84,292,0.061085956599829225,32.1118530884808,1.4254132997761142
7,0.84,292,0.061085956599829225,32.35392320534224,1.4484471205558358
7,0.84,292,0.061085956599829225,32.59599332220367,1.473353362640524
7,0.84,292,0.061085956599829225,32.83806343906511,1.5001152122925143
7,0.84,292,0.061085956599829225,33.080133555926544,1.5287156541185096
7,0.84,292,0.061085956599829225,33.32220367278798,1.559136655496648
7,0.84,292,0.061085956599829225,33.56427378964942,1.5913583429432414
7,0.84,292,0.061085956599829225,33.80634390651085,1.6253581674830895
7,0.84,292,0.061085956599829225,34.04841402337229,1.6611100571434756
7,0.84,292,0.061085956599829225,34.29048414023372,1.6985835557801945
7,0.84,292,0.061085956599829225,34.53255425709516,1.7377429485756002
7,0.84,292,0.061085956599829225,34.7746243739566,1.7785463757320028
7,0.84,292,0.061085956599829225,35.016694490818026,1.8209449414866699
7,0.84,292,0.061085956599829225,35.25876460767947,1.8648984285539438
7,0.84,292,0.061085956599829225,35.5008347245409,1.9104148232909028
7,0.84,292,0.061085956599829225,35.742904841402336,1.9575111177733626
7,0.84,292,0.061085956599829225,35.98497495826378,2.006202585396969
7,0.84,292,0.061085956599829225,36.227045075125204,2.0565025274417743
7,0.84,292,0.061085956599829225,36.469115191986646,2.108422007722894
7,0.84,292,0.061085956599829225,36.71118530884808,2.161969575446291
7,0.84,292,0.061085956599829225,36.953255425709514,2.217150976510295
7,0.84,292,0.061085956599829225,37.19532554257095,2.2739688536259974
7,0.84,292,0.061085956599829225,37.43739565943239,2.332422435773754
7,0.84,292,0.061085956599829225,37.679465776293824,2.392507217668644
7,0.84,292,0.061085956599829225,37.92153589315526,2.454214630074806
7,0.84,292,0.061085956599829225,38.16360601001669,2.5175317019869525
7,0.84,292,0.061085956599829225,38.40567612687813,2.5824407158867038
7,0.84,292,0.061085956599829225,38.64774624373957,2.648918857481037
7,0.84,292,0.061085956599829225,38.889816360601,2.7169378615393684
7,0.84,292,0.061085956599829225,39.13188647746244,2.786463655663587
7,0.84,292,0.061085956599829225,39.37395659432387,2.8574560040502877
7,0.84,292,0.061085956599829225,39.616026711185306,2.9298681535352418
7,0.84,292,0.061085956599829225,39.85809682804675,3.00364648444465
7,0.84,292,0.061085956599829225,40.10016694490818,3.0787303757292315
7,0.84,292,0.061085956599829225,40.342237061769616,3.1550592895716068
7,0.84,292,0.061085956599829225,40.58430717863105,3.2325753574235017
7,0.84,292,0.061085956599829225,40.826377295492485,3.311214930901632
7,0.84,292,0.061085956599829225,41.068447412353926,3.3909077853106755
7,0.84,292,0.061085956599829225,41.31051752921536,3.4715769109224537
7,0.84,292,0.061085956599829225,41.552587646076795,3.553138321081406
7,0.84,292,0.061085956599829225,41.79465776293823,3.635500879705314
7,0.84,292,0.061085956599829225,42.03672787979966,3.71856615084391
7,0.84,292,0.061085956599829225,42.278797996661105,3.8022282730374015
7,0.84,292,0.061085956599829225,42.52086811352254,3.886373861279819
7,0.84,292,0.061085956599829225,42.76293823038397,3.970881939436202
7,0.84,292,0.061085956599829225,43.00500834724541,4.0556239059853185
7,0.84,292,0.061085956599829225,43.24707846410684,4.140463535958817
7,0.84,292,0.061085956599829225,43.48914858096828,4.225257021920708
7,0.84,292,0.061085956599829225,43.73121869782972,4.30985305677571
7,0.84,292,0.061085956599829225,43.97328881469115,4.394092961109095
7,0.84,292,0.061085956599829225,44.215358931552586,4.477810857641813
7,0.84,292,0.061085956599829225,44.45742904841402,4.560833895231418
7,0.84,292,0.061085956599829225,44.69949916527546,4.642982524659442
7,0.84,292,0.061085956599829225,44.941569282136896,4.724070828218322
7,0.84,292,0.061085956599829225,45.18363939899833,4.8039148118372
7,0.84,292,0.061085956599829225,45.425709515859765,4.88239342448387
7,0.84,292,0.061085956599829225,45.6677796327212,4.959420060162752
7,0.84,292,0.061085956599829225,45.90984974958264,5.034910508075606
7,0.84,292,0.061085956599829225,46.151919866444075,5.1087828779589275
7,0.84,292,0.061085956599829225,46.39398998330551,5.180957768292235
7,0.84,292,0.061085956599829225,46.636060100166944,5.251358426414908
7,0.84,292,0.061085956599829225,46.87813021702838,5.3199109001010045
7,0.84,292,0.061085956599829225,47.12020033388982,5.386544180182571
7,0.84,292,0.061085956599829225,47.362270450751254,5.4511903338542105
7,0.84,292,0.061085956599829225,47.60434056761269,5.513784628335032
7,0.84,292,0.061085956599829225,47.84641068447412,5.57426564460776
7,0.84,292,0.061085956599829225,48.08848080133556,5.632575380999224
7,0.84,292,0.061085956599829225,48.330550918197,5.688659346410743
7,0.84,292,0.061085956599829225,48.57262103505843,5.742466643051272
7,0.84,292,0.061085956599829225,48.81469115191987,5.79395003857023
7,0.84,292,0.061085956599829225,49.0567612687813,5.843066027530332
7,0.84,292,0.061085956599829225,49.298831385642735,5.889774882203528
7,0.84,292,0.061085956599829225,49.54090150250418,5.934040692714914
7,0.84,292,0.061085956599829225,49.78297161936561,5.9758313966000935
7,0.84,292,0.061085956599829225,50.025041736227045,6.015118810780823
7,0.84,292,0.061085956599829225,50.26711185308848,6.05189432735912
7,0.84,292,0.061085956599829225,50.509181969949914,6.086200010685236
7,0.84,292,0.061085956599829225,50.751252086811355,6.118091589322869
7,0.84,292,0.061085956599829225,50.99332220367279,6.147629806148784
7,0.84,292,0.061085956599829225,51.235392320534224,6.174880108258485
7,0.84,292,0.061085956599829225,51.47746243739566,6.199912336044133
7,0.84,292,0.061085956599829225,51.71953255425709,6.2228004133059125
7,0.84,292,0.061085956599829225,51.961602671118534,6.2436220401566525
7,0.84,292,0.061085956599829225,52.20367278797997,6.262458390373585
7,0.84,292,0.061085956599829225,52.4457429048414,6.279393814741219
7,0.84,292,0.061085956599829225,52.68781302170284,6.2945155518172555
7,0.84,292,0.061085956599829225,52.92988313856427,6.30791344744024
7,0.84,292,0.061085956599829225,53.17195325542571,6.319679684184457
7,0.84,292,0.061085956599829225,53.41402337228715,6.329908521855374
7,0.84,292,0.061085956599829225,53.65609348914858,6.3386960500088545
7,0.84,292,0.061085956599829225,53.898163606010016,6.346139953370257
7,0.84,292,0.061085956599829225,54.14023372287145,6.352339290926012
7,0.84,292,0.061085956599829225,54.38230383973289,6.357394289361371
7,0.84,292,0.061085956599829225,54.624373956594326,6.361406151424143
7,0.84,292,0.061085956599829225,54.86644407345576,6.36447687970595
7,0.84,292,0.061085956599829225,55.108514190317194,6.3667080821942506
7,0.84,292,0.061085956599829225,55.35058430717863,6.368171119411318
7,0.84,292,0.061085956599829225,55.59265442404007,6.3689025132894175
7,0.84,292,0.061085956599829225,55.834724540901504,6.368937124476018
7,0.84,292,0.061085956599829225,56.07679465776294,6.368310040479566
7,0.84,292,0.061085956599829225,56.31886477462437,6.367056538444513
7,0.84,292,0.061085956599829225,56.56093489148581,6.365212049773446
7,0.84,292,0.061085956599829225,56.80300500834725,6.362812126630636
7,0.84,292,0.061085956599829225,57.04507512520868,6.359892410355946
7,0.84,292,0.061085956599829225,57.28714524207012,6.356488601813153
7,0.84,292,0.061085956599829225,57.52921535893155,6.352636433692008
7,0.84,292,0.061085956599829225,57.771285475792986,6.348371644778948
7,0.84,292,0.061085956599829225,58.01335559265443,6.343729956207268
7,0.84,292,0.061085956599829225,58.25542570951586,6.338747049693774
7,0.84,292,0.061085956599829225,58.497495826377296,6.3334585477653995
7,0.84,292,0.061085956599829225,58.73956594323873,6.327899995976084
7,0.84,292,0.061085956599829225,58.981636060100165,6.322106847111325
7,0.84,292,0.061085956599829225,59.223706176961606,6.316114447375231
7,0.84,292,0.061085956599829225,59.46577629382304,6.309958024552649
7,0.84,292,0.061085956599829225,59.707846410684475,6.303672678136927
7,0.84,292,0.061085956599829225,59.94991652754591,6.297293371412279
7,0.84,292,0.061085956599829225,60.19198664440734,6.290853323740873
7,0.84,292,0.061085956599829225,60.434056761268785,6.284373523757615
7,0.84,292,0.061085956599829225,60.67612687813022,6.27786934900396
7,0.84,292,0.061085956599829225,60.91819699499165,6.271356078816836
7,0.84,292,0.061085956599829225,61.16026711185309,6.264848922547568
7,0.84,292,0.061085956599829225,61.40233722871452,6.258363019682998
7,0.84,292,0.061085956599829225,61.644407345575964,6.251913440330314
7,0.84,292,0.061085956599829225,61.8864774624374,6.245515186062413
7,0.84,292,0.061085956599829225,62.12854757929883,6.239183191120762
7,0.84,292,0.061085956599829225,62.37061769616027,6.232932323972686
7,0.84,292,0.061085956599829225,62.6126878130217,6.226777389220228
7,0.84,292,0.061085956599829225,62.85475792988314,6.22073312985778
7,0.84,292,0.061085956599829225,63.09682804674458,6.214814229875816
7,0.84,292,0.061085956599829225,63.33889816360601,6.209035317208309
7,0.84,292,0.061085956599829225,63.580968280467445,6.203410967021504
7,0.84,292,0.061085956599829225,63.82303839732888,6.197955705342
7,0.84,292,0.061085956599829225,64.06510851419031,6.19268401302233
7,0.84,292,0.061085956599829225,64.30717863105176,6.187610330042409
7,0.84,292,0.061085956599829225,64.5492487479132,6.18274906014562
7,0.84,292,0.061085956599829225,64.79131886477462,6.178114575808502
7,0.84,292,0.061085956599829225,65.03338898163605,6.17372121648985
7,0.84,292,0.061085956599829225,65.27545909849749,6.1695793715267575
7,0.84,292,0.061085956599829225,65.51752921535893,6.165688973285773
7,0.84,292,0.061085956599829225,65.75959933222038,6.16204825995903
7,0.84,292,0.061085956599829225,66.0016694490818,6.158655498317456
7,0.84,292,0.061085956599829225,66.24373956594323,6.155508983192998
7,0.84,292,0.061085956599829225,66.48580968280467,6.152607036966619
7,0.84,292,0.061085956599829225,66.72787979966611,6.149948009061974
7,0.84,292,0.061085956599829225,66.96994991652755,6.147530275444674
7,0.84,292,0.061085956599829225,67.21202003338898,6.1453522381270655
7,0.84,292,0.061085956599829225,67.45409015025041,6.143412324678359
7,0.84,292,0.061085956599829225,67.69616026711185,6.1417089877400945
7,0.84,292,0.061085956599829225,67.93823038397329,6.140240704546765
7,0.84,292,0.061085956599829225,68.18030050083473,6.13900597645157
7,0.84,292,0.061085956599829225,68.42237061769616,6.1380033284571525
7,0.84,292,0.061085956599829225,68.66444073455759,6.137231308751233
7,0.84,292,0.061085956599829225,68.90651085141903,6.136688488247087
7,0.84,292,0.061085956599829225,69.14858096828047,6.1363734601286986
7,0.84,292,0.061085956599829225,69.3906510851419,6.13628483940054
7,0.84,292,0.061085956599829225,69.63272120200334,6.136421262441906
7,0.84,292,0.061085956599829225,69.87479131886478,6.136781386565621
7,0.84,292,0.061085956599829225,70.11686143572621,6.137363851659577
7,0.84,292,0.061085956599829225,70.35893155258765,6.138166370445764
7,0.84,292,0.061085956599829225,70.60100166944908,6.139185683663411
7,0.84,292,0.061085956599829225,70.84307178631052,6.14041850278832
7,0.84,292,0.061085956599829225,71.08514190317196,6.14186155554907
7,0.84,292,0.061085956599829225,71.32721202003339,6.143511584824406
7,0.84,292,0.061085956599829225,71.56928213689483,6.14536534755894
7,0.84,292,0.061085956599829225,71.81135225375625,6.147419613696943
7,0.84,292,0.061085956599829225,72.0534223706177,6.149671165134046
7,0.84,292,0.061085956599829225,72.29549248747914,6.152116794686468
7,0.84,292,0.061085956599829225,72.53756260434056,6.154753305077757
7,0.84,292,0.061085956599829225,72.779632721202,6.157577507942657
7,0.84,292,0.061085956599829225,73.02170283806343,6.160586222848054
7,0.84,292,0.061085956599829225,73.26377295492487,6.163776276330766
7,0.84,292,0.061085956599829225,73.50584307178632,6.167144500951985
7,0.84,292,0.061085956599829225,73.74791318864774,6.170687734368343
7,0.84,292,0.061085956599829225,73.98998330550918,6.174402818419304
7,0.84,292,0.061085956599829225,74.23205342237061,6.178286598230892
7,0.84,292,0.061085956599829225,74.47412353923205,6.182335921335604
7,0.84,292,0.061085956599829225,74.7161936560935,6.1865476368083785
7,0.84,292,0.061085956599829225,74.95826377295492,6.1909185944185605
7,0.84,292,0.061085956599829225,75.20033388981636,6.195445427696684
7,0.84,292,0.061085956599829225,75.44240400667779,6.200123304574029
7,0.84,292,0.061085956599829225,75.68447412353923,6.204946778437393
7,0.84,292,0.061085956599829225,75.92654424040067,6.209910390579312
7,0.84,292,0.061085956599829225,76.1686143572621,6.215008670881412
7,0.84,292,0.061085956599829225,76.41068447412354,6.220236136592835
7,0.84,292,0.061085956599829225,76.65275459098497,6.225587291156426
7,0.84,292,0.061085956599829225,76.89482470784641,6.2310566230828845
7,0.84,292,0.061085956599829225,77.13689482470785,6.236638604873018
7,0.84,292,0.061085956599829225,77.37896494156928,6.242327691988288
7,0.84,292,0.061085956599829225,77.62103505843072,6.24811832186992
7,0.84,292,0.061085956599829225,77.86310517529215,6.254004913006789
7,0.84,292,0.061085956599829225,78.10517529215359,6.259981864052374
7,0.84,292,0.061085956599829225,78.34724540901503,6.266043552991065
7,0.84,292,0.061085956599829225,78.58931552587646,6.272184336354154
7,0.84,292,0.061085956599829225,78.8313856427379,6.278398548485853
7,0.84,292,0.061085956599829225,79.07345575959933,6.284680500859673
7,0.84,292,0.061085956599829225,79.31552587646077,6.291024481445556
7,0.84,292,0.061085956599829225,79.55759599332221,6.2974247541281345
7,0.84,292,0.061085956599829225,79.79966611018364,6.303875558176566
7,0.84,292,0.061085956599829225,80.04173622704508,6.3103710897746055
7,0.84,292,0.061085956599829225,80.2838063439065,6.316899928534117
7,0.84,292,0.061085956599829225,80.52587646076795,6.323437107530091
7,0.84,292,0.061085956599829225,80.76794657762939,6.329955558404879
7,0.84,292,0.061085956599829225,81.01001669449082,6.336428099296864
7,0.84,292,0.061085956599829225,81.25208681135226,6.342827436243151
7,0.84,292,0.061085956599829225,81.49415692821368,6.349126165754174
7,0.84,292,0.061085956599829225,81.73622704507513,6.355296778568546
7,0.84,292,0.061085956599829225,81.97829716193657,6.361311664596072
7,0.84,292,0.061085956599829225,82.220367278798,6.367143119056311
7,0.84,292,0.061085956599829225,82.46243739565944,6.372763349819452
7,0.84,292,0.061085956599829225,82.70450751252086,6.378144485955355
7,0.84,292,0.061085956599829225,82.9465776293823,6.383258587495815
7,0.84,292,0.061085956599829225,83.18864774624375,6.388077656413749
7,0.84,292,0.061085956599829225,83.43071786310517,6.392573648822027
7,0.84,292,0.061085956599829225,83.67278797996661,6.396718488393005
7,0.84,292,0.061085956599829225,83.91485809682804,6.400484080998485
7,0.84,292,0.061085956599829225,84.15692821368948,6.403842330567935
7,0.84,292,0.061085956599829225,84.39899833055092,6.406765156161099
7,0.84,292,0.061085956599829225,84.64106844741235,6.409224510249045
7,0.84,292,0.061085956599829225,84.88313856427379,6.4111923981956025
7,0.84,292,0.061085956599829225,85.12520868113522,6.412641564204208
7,0.84,292,0.061085956599829225,85.36727879799666,6.413558980523534
7,0.84,292,0.061085956599829225,85.6093489148581,6.413945252172614
7,0.84,292,0.061085956599829225,85.85141903171953,6.413801655830776
7,0.84,292,0.061085956599829225,86.09348914858097,6.413129597989918
7,0.84,292,0.061085956599829225,86.3355592654424,6.4119306138282735
7,0.84,292,0.061085956599829225,86.57762938230384,6.410206366035428
7,0.84,292,0.061085956599829225,86.81969949916528,6.407958643589499
7,0.84,292,0.061085956599829225,87.06176961602671,6.405189360487495
7,0.84,292,0.061085956599829225,87.30383973288815,6.401900554429855
7,0.84,292,0.061085956599829225,87.54590984974958,6.398094385460219
7,0.84,292,0.061085956599829225,87.78797996661102,6.39377313456146
7,0.84,292,0.061085956599829225,88.03005008347246,6.388939202209038
7,0.84,292,0.061085956599829225,88.27212020033389,6.383595106882802
7,0.84,292,0.061085956599829225,88.51419031719533,6.377743483538281
7,0.84,292,0.061085956599829225,88.75626043405676,6.371387082038637
7,0.84,292,0.061085956599829225,88.9983305509182,6.364528765548371
7,0.84,292,0.061085956599829225,89.24040066777964,6.357171508889938
7,0.84,292,0.061085956599829225,89.48247078464107,6.349318396864424
7,0.84,292,0.061085956599829225,89.72454090150251,6.3409726225374605
7,0.84,292,0.061085956599829225,89.96661101836393,6.332137485491534
7,0.84,292,0.061085956599829225,90.20868113522538,6.322824377421647
7,0.84,292,0.061085956599829225,90.45075125208682,6.31309321344407
7,0.84,292,0.061085956599829225,90.69282136894824,6.30302182499864
7,0.84,292,0.061085956599829225,90.93489148580969,6.2926876540624646
7,0.84,292,0.061085956599829225,91.17696160267111,6.282167683731351
7,0.84,292,0.061085956599829225,91.41903171953255,6.271538411014432
7,0.84,292,0.061085956599829225,91.661101836394,6.260875828983037
7,0.84,292,0.061085956599829225,91.90317195325542,6.250255418171875
7,0.84,292,0.061085956599829225,92.14524207011686,6.2397521471259685
7,0.84,292,0.061085956599829225,92.38731218697829,6.22944048198549
7,0.84,292,0.061085956599829225,92.62938230383973,6.219394405002373
7,0.84,292,0.061085956599829225,92.87145242070117,6.209687441887265
7,0.84,292,0.061085956599829225,93.1135225375626,6.200392697893063
7,0.84,292,0.061085956599829225,93.35559265442404,6.191582902551965
7,0.84,292,0.061085956599829225,93.59766277128547,6.183330462996322
7,0.84,292,0.061085956599829225,93.83973288814691,6.175707525810095
7,0.84,292,0.061085956599829225,94.08180300500835,6.168786047376714
7,0.84,292,0.061085956599829225,94.32387312186978,6.162637872711276
7,0.84,292,0.061085956599829225,94.56594323873122,6.157334822789694
7,0.84,292,0.061085956599829225,94.80801335559265,6.15294879041522
7,0.84,292,0.061085956599829225,95.05008347245409,6.1495516482394335
7,0.84,292,0.061085956599829225,95.29215358931553,6.147177363998128
7,0.84,292,0.061085956599829225,95.53422370617696,6.145776778805678
7,0.84,292,0.061085956599829225,95.7762938230384,6.145290196518993
7,0.84,292,0.061085956599829225,96.01836393989983,6.145658364673416
7,0.84,292,0.061085956599829225,96.26043405676127,6.1468223893705725
7,0.84,292,0.061085956599829225,96.50250417362271,6.148723656092344
7,0.84,292,0.061085956599829225,96.74457429048414,6.1513037563314255
7,0.84,292,0.061085956599829225,96.98664440734558,6.154504419949826
7,0.84,292,0.061085956599829225,97.228714524207,6.158267453195403
7,0.84,292,0.061085956599829225,97.47078464106845,6.162534682324198
7,0.84,292,0.061085956599829225,97.71285475792989,6.167247902791969
7,0.84,292,0.061085956599829225,97.95492487479132,6.1723488339929355
7,0.84,292,0.061085956599829225,98.19699499165276,6.17777907953629
7,0.84,292,0.061085956599829225,98.43906510851419,6.183480093062648
7,0.84,292,0.061085956599829225,98.68113522537563,6.189393149612282
7,0.84,292,0.061085956599829225,98.92320534223707,6.195459322565545
7,0.84,292,0.061085956599829225,99.1652754590985,6.201619466182646
7,0.84,292,0.061085956599829225,99.40734557595994,6.207814203775489
7,0.84,292,0.061085956599829225,99.64941569282136,6.213983921548106
7,0.84,292,0.061085956599829225,99.8914858096828,6.220068768144727
7,0.84,292,0.061085956599829225,100.13355592654425,6.226010262116447
7,0.84,292,0.061085956599829225,100.37562604340567,6.231778969080958
7,0.84,292,0.061085956599829225,100.61769616026712,6.237370948317751
7,0.84,292,0.061085956599829225,100.85976627712854,6.242783122455145
7,0.84,292,0.061085956599829225,101.10183639398998,6.248012419738547
7,0.84,292,0.061085956599829225,101.34390651085143,6.253055774859148
7,0.84,292,0.061085956599829225,101.58597662771285,6.257910129795263
7,0.84,292,0.061085956599829225,101.8280467445743,6.262572434666169
7,0.84,292,0.061085956599829225,102.07011686143572,6.267039648598184
7,0.84,292,0.061085956599829225,102.31218697829716,6.271308740602862
7,0.84,292,0.061085956599829225,102.5542570951586,6.275376690467041
7,0.84,292,0.061085956599829225,102.79632721202003,6.279240489654549
7,0.84,292,0.061085956599829225,103.03839732888147,6.2828971422193085
7,0.84,292,0.061085956599829225,103.2804674457429,6.286343665729646
7,0.84,292,0.061085956599829225,103.52253756260434,6.289577092203482
7,0.84,292,0.061085956599829225,103.76460767946578,6.29259446905421
7,0.84,292,0.061085956599829225,104.00667779632721,6.295392860046926
7,0.84,292,0.061085956599829225,104.24874791318865,6.29796934626476
7,0.84,292,0.061085956599829225,104.49081803005008,6.300321027085009
7,0.84,292,0.061085956599829225,104.73288814691152,6.302445021164732
7,0.84,292,0.061085956599829225,104.97495826377296,6.304338467435527
7,0.84,292,0.061085956599829225,105.21702838063439,6.305998526107118
7,0.84,292,0.061085956599829225,105.45909849749583,6.30742237967945
7,0.84,292,0.061085956599829225,105.70116861435726,6.308607233962904
7,0.84,292,0.061085956599829225,105.9432387312187,6.309550319106279
7,0.84,292,0.061085956599829225,106.18530884808014,6.310248890632164
7,0.84,292,0.061085956599829225,106.42737896494157,6.310700230479319
7,0.84,292,0.061085956599829225,106.66944908180301,6.3109016480516456
7,0.84,292,0.061085956599829225,106.91151919866444,6.310850481273363
7,0.84,292,0.061085956599829225,107.15358931552588,6.310544097649944
7,0.84,292,0.061085956599829225,107.39565943238732,6.309979895334386
7,0.84,292,0.061085956599829225,107.63772954924875,6.309155304198391
7,0.84,292,0.061085956599829225,107.87979966611019,6.308067786907976
7,0.84,292,0.061085956599829225,108.12186978297161,6.306714840003033
7,0.84,292,0.061085956599829225,108.36393989983306,6.305093994980436
7,0.84,292,0.061085956599829225,108.6060100166945,6.3032028193801235
7,0.84,292,0.061085956599829225,108.84808013355592,6.301038917873691
7,0.84,292,0.061085956599829225,109.09015025041737,6.298599933355015
7,0.84,292,0.061085956599829225,109.3322203672788,6.295883548032343
7,0.84,292,0.061085956599829225,109.57429048414023,6.29288748452136
7,0.84,292,0.061085956599829225,109.81636060100168,6.2896095069386595
7,0.84,292,0.061085956599829225,110.0584307178631,6.286047449117169
7,0.84,292,0.061085956599829225,110.30050083472455,6.282202767062692
7,0.84,292,0.061085956599829225,110.54257095158597,6.278084064280741
7,0.84,292,0.061085956599829225,110.78464106844741,6.273700799418307
7,0.84,292,0.061085956599829225,111.02671118530886,6.26906243988156
7,0.84,292,0.061085956599829225,111.26878130217028,6.264178458035673
7,0.84,292,0.061085956599829225,111.51085141903172,6.259058327541027
7,0.84,292,0.061085956599829225,111.75292153589315,6.2537115198266005
7,0.84,292,0.061085956599829225,111.99499165275459,6.24814750070128
7,0.84,292,0.061085956599829225,112.23706176961603,6.2423757271035765
7,0.84,292,0.061085956599829225,112.47913188647746,6.236405643990245
7,0.84,292,0.061085956599829225,112.7212020033389,6.230246681364018
7,0.84,292,0.061085956599829225,112.96327212020033,6.223908251440699
7,0.84,292,0.061085956599829225,113.20534223706177,6.217399745955553
7,0.84,292,0.061085956599829225,113.44741235392321,6.210730533609052
7,0.84,292,0.061085956599829225,113.68948247078464,6.203909957651706
7,0.84,292,0.061085956599829225,113.93155258764608,6.196947333607732
7,0.84,292,0.061085956599829225,114.17362270450751,6.189851947137222
7,0.84,292,0.061085956599829225,114.41569282136895,6.182633052036288
7,0.84,292,0.061085956599829225,114.65776293823039,6.17529986837472
7,0.84,292,0.061085956599829225,114.89983305509182,6.16786158077044
7,0.84,292,0.061085956599829225,115.14190317195326,6.1603273368001314
7,0.84,292,0.061085956599829225,115.38397328881469,6.152706245545261
7,0.84,292,0.061085956599829225,115.62604340567613,6.145007376272621
7,0.84,292,0.061085956599829225,115.86811352253757,6.137239757248602
7,0.84,292,0.061085956599829225,116.110183639399,6.129412374686173
7,0.84,292,0.061085956599829225,116.35225375626044,6.121534171823658
7,0.84,292,0.061085956599829225,116.59432387312187,6.113614048134241
7,0.84,292,0.061085956599829225,116.8363939899833,6.105660858665205
7,0.84,292,0.061085956599829225,117.07846410684475,6.097683413505777
7,0.84,292,0.061085956599829225,117.32053422370618,6.089690477382499
7,0.84,292,0.061085956599829225,117.56260434056762,6.081690769380998
7,0.84,292,0.061085956599829225,117.80467445742904,6.073692962793019
7,0.84,292,0.061085956599829225,118.04674457429049,6.065705685087585
7,0.84,292,0.061085956599829225,118.28881469115193,6.057737518005125
7,0.84,292,0.061085956599829225,118.53088480801335,6.049796997773437
7,0.84,292,0.061085956599829225,118.7729549248748,6.041892615444313
7,0.84,292,0.061085956599829225,119.01502504173622,6.0340328173497735
7,0.84,292,0.061085956599829225,119.25709515859766,6.026226005676704
7,0.84,292,0.061085956599829225,119.4991652754591,6.018480539158875
7,0.84,292,0.061085956599829225,119.74123539232053,6.01080473388524
7,0.84,292,0.061085956599829225,119.98330550918197,6.0032068642235
7,0.84,292,0.061085956599829225,120.2253756260434,5.995694085068783
7,0.84,292,0.061085956599829225,120.46744574290484,5.988268213663838
7,0.84,292,0.061085956599829225,120.70951585976628,5.980929433084883
7,0.84,292,0.061085956599829225,120.95158597662771,5.9736779270067935
7,0.84,292,0.061085956599829225,121.19365609348915,5.966513880197261
7,0.84,292,0.061085956599829225,121.43572621035058,5.959437478571998
7,0.84,292,0.061085956599829225,121.67779632721202,5.952448909249971
7,0.84,292,0.061085956599829225,121.91986644407346,5.945548360608728
7,0.84,292,0.061085956599829225,122.16193656093489,5.9387360223398025
7,0.84,292,0.061085956599829225,122.40400667779633,5.932012085504166
7,0.84,292,0.061085956599829225,122.64607679465776,5.925376742587803
7,0.84,292,0.061085956599829225,122.8881469115192,5.918830187557349
7,0.84,292,0.061085956599829225,123.13021702838064,5.912372615915867
7,0.84,292,0.061085956599829225,123.37228714524207,5.906004224758683
7,0.84,292,0.061085956599829225,123.61435726210351,5.899725212829378
7,0.84,292,0.061085956599829225,123.85642737896494,5.893535780575885
7,0.84,292,0.061085956599829225,124.09849749582638,5.887436130206727
7,0.84,292,0.061085956599829225,124.34056761268782,5.881426465747372
7,0.84,292,0.061085956599829225,124.58263772954925,5.875506993096759
7,0.84,292,0.061085956599829225,124.82470784641069,5.869677920083957
7,0.84,292,0.061085956599829225,125.06677796327212,5.863939456525004
7,0.84,292,0.061085956599829225,125.30884808013356,5.858291814279885
7,0.84,292,0.061085956599829225,125.550918196995,5.852735207309729
7,0.84,292,0.061085956599829225,125.79298831385643,5.847269851734153
7,0.84,292,0.061085956599829225,126.03505843071787,5.8418959658888125
7,0.84,292,0.061085956599829225,126.2771285475793,5.836613770383171
7,0.84,292,0.061085956599829225,126.51919866444074,5.831423488158442
7,0.84,292,0.061085956599829225,126.76126878130218,5.826325344545778
7,0.84,292,0.061085956599829225,127.0033388981636,5.821319567324686
7,0.84,292,0.061085956599829225,127.24540901502505,5.816406386781661
7,0.84,292,0.061085956599829225,127.48747913188647,5.811586035769073
7,0.84,292,0.061085956599829225,127.72954924874792,5.806858749764309
7,0.84,292,0.061085956599829225,127.97161936560936,5.802224766929178
7,0.84,292,0.061085956599829225,128.21368948247078,5.797684328169565
7,0.84,292,0.061085956599829225,128.45575959933223,5.793237677195412
7,0.84,292,0.061085956599829225,128.69782971619367,5.7888850605809345
7,0.84,292,0.061085956599829225,128.9398998330551,5.7846267278251675
7,0.84,292,0.061085956599829225,129.18196994991655,5.780462931412827
7,0.84,292,0.061085956599829225,129.42404006677796,5.776393926875449
7,0.84,292,0.061085956599829225,129.6661101836394,5.772419972852904
7,0.84,292,0.061085956599829225,129.90818030050082,5.76854133115522
7,0.84,292,0.061085956599829225,130.15025041736226,5.764758266824757
7,0.84,292,0.061085956599829225,130.3923205342237,5.761071048198743
7,0.84,292,0.061085956599829225,130.63439065108514,5.757479946972174
7,0.84,292,0.061085956599829225,130.87646076794658,5.753985238261099
7,0.84,292,0.061085956599829225,131.11853088480802,5.7505872006662795
7,0.84,292,0.061085956599829225,131.36060100166947,5.74728611633726
7,0.84,292,0.061085956599829225,131.6026711185309,5.744082271036844
7,0.84,292,0.061085956599829225,131.84474123539232,5.740975954205986
7,0.84,292,0.061085956599829225,132.08681135225376,5.737967459029125
7,0.84,292,0.061085956599829225,132.32888146911517,5.735057082499948
7,0.84,292,0.061085956599829225,132.57095158597662,5.732245125487615
7,0.84,292,0.061085956599829225,132.81302170283806,5.729531892803453
7,0.84,292,0.061085956599829225,133.0550918196995,5.726917693268109
7,0.84,292,0.061085956599829225,133.29716193656094,5.724402839779218
7,0.84,292,0.061085956599829225,133.53923205342238,5.721987649379551
7,0.84,292,0.061085956599829225,133.7813021702838,5.719672443325668
7,0.84,292,0.061085956599829225,134.02337228714524,5.717457547157125
7,0.84,292,0.061085956599829225,134.26544240400668,5.715343290766204
7,0.84,292,0.061085956599829225,134.50751252086812,5.713330008468165
7,0.84,292,0.061085956599829225,134.74958263772956,5.711418039072112
7,0.84,292,0.061085956599829225,134.99165275459097,5.709607725952383
7,0.84,292,0.061085956599829225,135.23372287145241,5.707899596441253
7,0.84,292,0.061085956599829225,135.47579298831386,5.70629497767036
7,0.84,292,0.061085956599829225,135.7178631051753,5.704795420952217
7,0.84,292,0.061085956599829225,135.95993322203674,5.703402481421848
7,0.84,292,0.061085956599829225,136.20200333889815,5.702117718326641
7,0.84,292,0.061085956599829225,136.4440734557596,5.70094269532911
7,0.84,292,0.061085956599829225,136.68614357262103,5.6998789808144
7,0.84,292,0.061085956599829225,136.92821368948248,5.698928148202663
7,0.84,292,0.061085956599829225,137.17028380634392,5.698091776266263
7,0.84,292,0.061085956599829225,137.41235392320533,5.697371449451971
7,0.84,292,0.061085956599829225,137.65442404006677,5.696768758208149
7,0.84,292,0.061085956599829225,137.8964941569282,5.696285299316979
7,0.84,292,0.061085956599829225,138.13856427378965,5.695922676231861
7,0.84,292,0.061085956599829225,138.3806343906511,5.6956824994199815
7,0.84,292,0.061085956599829225,138.6227045075125,5.695566386710173
7,0.84,292,0.061085956599829225,138.86477462437395,5.695575963646121
7,0.84,292,0.061085956599829225,139.1068447412354,5.695712863844978
7,0.84,292,0.061085956599829225,139.34891485809683,5.695978729361528
7,0.84,292,0.061085956599829225,139.59098497495827,5.696375211057875
7,0.84,292,0.061085956599829225,139.8330550918197,5.696903968978875
7,0.84,292,0.061085956599829225,140.07512520868113,5.69756667273329
7,0.84,292,0.061085956599829225,140.31719532554257,5.698365001880822
7,0.84,292,0.061085956599829225,140.559265442404,5.699300646325089
7,0.84,292,0.061085956599829225,140.80133555926545,5.700375306712671
7,0.84,292,0.061085956599829225,141.04340567612687,5.701590694838303
7,0.84,292,0.061085956599829225,141.2854757929883,5.702948534056348
7,0.84,292,0.061085956599829225,141.52754590984975,5.704450559698606
7,0.84,292,0.061085956599829225,141.7696160267112,5.706098519498673
7,0.84,292,0.061085956599829225,142.01168614357263,5.707894174022849
7,0.84,292,0.061085956599829225,142.25375626043405,5.709839297107796
7,0.84,292,0.061085956599829225,142.4958263772955,5.711935676305059
7,0.84,292,0.061085956599829225,142.73789649415693,5.714185113332552
7,0.84,292,0.061085956599829225,142.97996661101837,5.716589424533136
7,0.84,292,0.061085956599829225,143.2220367278798,5.719150441340512
7,0.84,292,0.061085956599829225,143.46410684474122,5.721870010752434
7,0.84,292,0.061085956599829225,143.70617696160267,5.724749995811494
7,0.84,292,0.061085956599829225,143.9482470784641,5.727792276093599
7,0.84,292,0.061085956599829225,144.19031719532555,5.730998748204265
7,0.84,292,0.061085956599829225,144.432387312187,5.734371326282933
7,0.84,292,0.061085956599829225,144.6744574290484,5.7379119425154235
7,0.84,292,0.061085956599829225,144.91652754590984,5.741622547654745
7,0.84,292,0.061085956599829225,145.15859766277129,5.745505111550396
7,0.84,292,0.061085956599829225,145.40066777963273,5.749561623686335
7,0.84,292,0.061085956599829225,145.64273789649417,5.753794093727854
7,0.84,292,0.061085956599829225,145.88480801335558,5.758204552077447
7,0.84,292,0.061085956599829225,146.12687813021702,5.762795050439976
7,0.84,292,0.061085956599829225,146.36894824707846,5.767567662397261
7,0.84,292,0.061085956599829225,146.6110183639399,5.772524483992317
7,0.84,292,0.061085956599829225,146.85308848080135,5.777667634323455
7,0.84,292,0.061085956599829225,147.09515859766276,5.782999256148458
7,0.84,292,0.061085956599829225,147.3372287145242,5.788521516499067
7,0.84,292,0.061085956599829225,147.57929883138564,5.7942366073059635
7,0.84,292,0.061085956599829225,147.82136894824708,5.800146746034549
7,0.84,292,0.061085956599829225,148.06343906510853,5.806254176331699
7,0.84,292,0.061085956599829225,148.30550918196994,5.812561168683781
7,0.84,292,0.061085956599829225,148.54757929883138,5.819070021086167
7,0.84,292,0.061085956599829225,148.78964941569282,5.825783059724515
7,0.84,292,0.061085956599829225,149.03171953255426,5.832702639668071
7,0.84,292,0.061085956599829225,149.2737896494157,5.839831145575303
7,0.84,292,0.061085956599829225,149.51585976627712,5.847170992412102
7,0.84,292,0.061085956599829225,149.75792988313856,5.854724626182872
7,0.84,292,0.061085956599829225,150.0,5.862494524674793
8,0.95,140,0.1600047973233751,5.0,0.0
8,0.95,140,0.1600047973233751,5.242070116861436,0.0
8,0.95,140,0.1600047973233751,5.484140233722871,0.0
8,0.95,140,0.1600047973233751,5.726210350584307,0.0007849403912706747
8,0.95,140,0.1600047973233751,5.968280467445743,0.010550547447544214
8,0.95,140,0.1600047973233751,6.210350584307179,0.05494696943661804
8,0.95,140,0.1600047973233751,6.452420701168615,0.21444718931345264
8,0.95,140,0.1600047973233751,6.69449081803005,0.6686079279632754
8,0.95,140,0.1600047973233751,6.936560934891486,1.7381275988079776
8,0.95,140,0.1600047973233751,7.178631051752921,3.894754588556812
8,0.95,140,0.1600047973233751,7.420701168614357,7.5775494641196355
8,0.95,140,0.1600047973233751,7.6627712854757934,12.718134302457091
8,0.95,140,0.1600047973233751,7.904841402337229,18.27779583921915
8,0.95,140,0.1600047973233751,8.146911519198664,22.358594225940447
8,0.95,140,0.1600047973233751,8.3889816360601,23.83418478681869
8,0.95,140,0.1600047973233751,8.631051752921536,23.179031948639555
8,0.95,140,0.1600047973233751,8.873121869782972,21.537963639842097
8,0.95,140,0.1600047973233751,9.115191986644408,20.008912324553023
8,0.95,140,0.1600047973233751,9.357262103505843,19.067855495433633
8,0.95,140,0.1600047973233751,9.599332220367279,18.728407566648983
8,0.95,140,0.1600047973233751,9.841402337228715,19.029172907120955
8,0.95,140,0.1600047973233751,10.083472454090149,20.071564730845797
8,0.95,140,0.1600047973233751,10.325542570951587,21.885310195025504
8,0.95,140,0.1600047973233751,10.567612687813021,24.281157276964116
8,0.95,140,0.1600047973233751,10.809682804674457,26.955250748043053
8,0.95,140,0.1600047973233751,11.051752921535893,29.443918433119304
8,0.95,140,0.1600047973233751,11.293823038397328,31.324861998719207
8,0.95,140,0.1600047973233751,11.535893155258766,32.5833948572826
8,0.95,140,0.1600047973233751,11.7779632721202,33.325487390648284
8,0.95,140,0.1600047973233751,12.020033388981636,33.70430591165359
8,0.95,140,0.1600047973233751,12.262103505843072,33.85998500657402
8,0.95,140,0.1600047973233751,12.504173622704506,33.823123701061164
8,0.95,140,0.1600047973233751,12.746243739565944,33.60464899728605
8,0.95,140,0.1600047973233751,12.988313856427379,33.21810914174615
8,0.95,140,0.1600047973233751,13.230383973288815,32.67908360287155
8,0.95,140,0.1600047973233751,13.47245409015025,32.00459273578497
8,0.95,140,0.1600047973233751,13.714524207011687,31.21253060210495
8,0.95,140,0.1600047973233751,13.956594323873121,30.32113994530299
8,0.95,140,0.1600047973233751,14.198664440734557,29.348976655721195
8,0.95,140,0.1600047973233751,14.440734557595993,28.316903805497073
8,0.95,140,0.1600047973233751,14.68280467445743,27.24559843161913
8,0.95,140,0.1600047973233751,14.924874791318866,26.153901745244564
8,0.95,140,0.1600047973233751,15.1669449081803,25.058628516031938
8,0.95,140,0.1600047973233751,15.409015025041736,23.97448705614309
8,0.95,140,0.1600047973233751,15.651085141903172,22.91408841328301
8,0.95,140,0.1600047973233751,15.893155258764608,21.888027369051514
8,0.95,140,0.1600047973233751,16.135225375626042,20.90479296231134
8,0.95,140,0.1600047973233751,16.377295492487477,19.967394167011477
8,0.95,140,0.1600047973233751,16.619365609348915,19.074918592465064
8,0.95,140,0.1600047973233751,16.861435726210352,18.226221728628786
8,0.95,140,0.1600047973233751,17.103505843071787,17.420067522242796
8,0.95,140,0.1600047973233751,17.34557595993322,16.655149984795475
8,0.95,140,0.1600047973233751,17.587646076794655,15.930112409289013
8,0.95,140,0.1600047973233751,17.829716193656093,15.243564366666616
8,0.95,140,0.1600047973233751,18.07178631051753,14.594096692837754
8,0.95,140,0.1600047973233751,18.313856427378965,13.980297617175534
8,0.95,140,0.1600047973233751,18.5559265442404,13.400765583476193
8,0.95,140,0.1600047973233751,18.797996661101834,12.854113648601148
8,0.95,140,0.1600047973233751,19.040066777963272,12.338977485827458
8,0.95,140,0.1600047973233751,19.28213689482471,11.854022674866421
8,0.95,140,0.1600047973233751,19.524207011686144,11.397950847018686
8,0.95,140,0.1600047973233751,19.76627712854758,10.96950481559115
8,0.95,140,0.1600047973233751,20.008347245409013,10.567472805311636
8,0.95,140,0.1600047973233751,20.25041736227045,10.190468164968639
8,0.95,140,0.1600047973233751,20.49248747913189,9.836407757437101
8,0.95,140,0.1600047973233751,20.734557595993323,9.503223807236074
8,0.95,140,0.1600047973233751,20.976627712854757,9.189037102093348
8,0.95,140,0.1600047973233751,21.218697829716195,8.892137100874654
8,0.95,140,0.1600047973233751,21.46076794657763,8.610964458312418
8,0.95,140,0.1600047973233751,21.702838063439064,8.344095665335768
8,0.95,140,0.1600047973233751,21.9449081803005,8.09022954438423
8,0.95,140,0.1600047973233751,22.186978297161936,7.567279860396229
8,0.95,140,0.1600047973233751,22.429048414023374,6.926034545427365
8,0.95,140,0.1600047973233751,22.671118530884808,6.267828150905874
8,0.95,140,0.1600047973233751,22.913188647746242,5.619913229983185
8,0.95,140,0.1600047973233751,23.15525876460768,5.007141648609497
8,0.95,140,0.1600047973233751,23.397328881469114,4.449801346115374
8,0.95,140,0.1600047973233751,23.639398998330552,3.962777567102407
8,0.95,140,0.1600047973233751,23.881469115191987,3.5559861033968767
8,0.95,140,0.1600047973233751,24.12353923205342,3.3606791127946343
8,0.95,140,0.1600047973233751,24.36560934891486,3.3355804424172772
8,0.95,140,0.1600047973233751,24.607679465776293,3.331294198884787
8,0.95,140,0.1600047973233751,24.84974958263773,3.328051219221863
8,0.95,140,0.1600047973233751,25.091819699499165,3.306287911678553
8,0.95,140,0.1600047973233751,25.3338898163606,3.2471561305562076
8,0.95,140,0.1600047973233751,25.575959933222038,3.1341202483438058
8,0.95,140,0.1600047973233751,25.818030050083472,2.955399812192287
8,0.95,140,0.1600047973233751,26.06010016694491,2.7068189911073017
8,0.95,140,0.1600047973233751,26.302170283806344,2.404873428848838
8,0.95,140,0.1600047973233751,26.54424040066778,2.088587779063189
8,0.95,140,0.1600047973233751,26.786310517529216,1.788659503711
8,0.95,140,0.1600047973233751,27.02838063439065,1.5237157633929463
8,0.95,140,0.1600047973233751,27.27045075125209,1.3024722511621525
8,0.95,140,0.1600047973233751,27.512520868113523,1.126958956034324
8,0.95,140,0.1600047973233751,27.754590984974957,0.9956568073901412
8,0.95,140,0.1600047973233751,27.996661101836395,0.9060663722671903
8,0.95,140,0.1600047973233751,28.23873121869783,0.8547844669386059
8,0.95,140,0.1600047973233751,28.480801335559267,0.8334364144276288
8,0.95,140,0.1600047973233751,28.7228714524207,0.8352295412987515
8,0.95,140,0.1600047973233751,28.964941569282136,0.8555689426245022
8,0.95,140,0.1600047973233751,29.207011686143574,0.8908779608954078
8,0.95,140,0.1600047973233751,29.449081803005008,0.9377642953416049
8,0.95,140,0.1600047973233751,29.691151919866446,0.9923837992722365
8,0.95,140,0.1600047973233751,29.93322203672788,1.0499638322474627
8,0.95,140,0.1600047973233751,30.175292153589314,1.1049488461473362
8,0.95,140,0.1600047973233751,30.417362270450752,1.1548530093319738
8,0.95,140,0.1600047973233751,30.659432387312187,1.1993449297548466
8,0.95,140,0.1600047973233751,30.901502504173624,1.2382823526757647
8,0.95,140,0.1600047973233751,31.14357262103506,1.2716827233732555
8,0.95,140,0.1600047973233751,31.385642737896493,1.2997106437553352
8,0.95,140,0.1600047973233751,31.62771285475793,1.3226614498177418
8,0.95,140,0.1600047973233751,31.869782971619365,1.3409423933459086
8,0.95,140,0.1600047973233751,32.1118530884808,1.3550528392495484
8,0.95,140,0.1600047973233751,32.35392320534224,1.3655647396142074
8,0.95,140,0.1600047973233751,32.59599332220367,1.3731044460105646
8,0.95,140,0.1600047973233751,32.83806343906511,1.378336700430823
8,0.95,140,0.1600047973233751,33.080133555926544,1.3819514263885735
8,0.95,140,0.1600047973233751,33.32220367278798,1.3846537443423308
8,0.95,140,0.1600047973233751,33.56427378964942,1.387157473643634
8,0.95,140,0.1600047973233751,33.80634390651085,1.3901822658766607
8,0.95,140,0.1600047973233751,34.04841402337229,1.3944544471258515
8,0.95,140,0.1600047973233751,34.29048414023372,1.4007116321767668
8,0.95,140,0.1600047973233751,34.53255425709516,1.4097112135649499
8,0.95,140,0.1600047973233751,34.7746243739566,1.422242924749372
8,0.95,140,0.1600047973233751,35.016694490818026,1.4391457744650331
8,0.95,140,0.1600047973233751,35.25876460767947,1.4611072054166925
8,0.95,140,0.1600047973233751,35.5008347245409,1.4881574863782383
8,0.95,140,0.1600047973233751,35.742904841402336,1.5202136251837028
8,0.95,140,0.1600047973233751,35.98497495826378,1.5572152897200686
8,0.95,140,0.1600047973233751,36.227045075125204,1.5991175848882067
8,0.95,140,0.1600047973233751,36.469115191986646,1.6458840052612695
8,0.95,140,0.1600047973233751,36.71118530884808,1.697479413121165
8,0.95,140,0.1600047973233751,36.953255425709514,1.7538629230661584
8,0.95,140,0.1600047973233751,37.19532554257095,1.8149806046168901
8,0.95,140,0.1600047973233751,37.43739565943239,1.8807579446794616
8,0.95,140,0.1600047973233751,37.679465776293824,1.9510920435501
8,0.95,140,0.1600047973233751,37.92153589315526,2.0258435522959615
8,0.95,140,0.1600047973233751,38.16360601001669,2.104828396468842
8,0.95,140,0.1600047973233751,38.40567612687813,2.1878093715384517
8,0.95,140,0.1600047973233751,38.64774624373957,2.2744877391450533
8,0.95,140,0.1600047973233751,38.889816360601,2.364494999829392
8,0.95,140,0.1600047973233751,39.13188647746244,2.4573850663888943
8,0.95,140,0.1600047973233751,39.37395659432387,2.552627110992848
8,0.95,140,0.1600047973233751,39.616026711185306,2.6495994066556814
8,0.95,140,0.1600047973233751,39.85809682804675,2.7475845270172985
8,0.95,140,0.1600047973233751,40.10016694490818,2.845774925907782
8,0.95,140,0.1600047973233751,40.342237061769616,2.9435846351093304
8,0.95,140,0.1600047973233751,40.58430717863105,3.0407869670250434
8,0.95,140,0.1600047973233751,40.826377295492485,3.1371817975743395
8,0.95,140,0.1600047973233751,41.068447412353926,3.232572937221822
8,0.95,140,0.1600047973233751,41.31051752921536,3.3267691269714685
8,0.95,140,0.1600047973233751,41.552587646076795,3.4195849855406064
8,0.95,140,0.1600047973233751,41.79465776293823,3.51084190111445
8,0.95,140,0.1600047973233751,42.03672787979966,3.6003688618496783
8,0.95,140,0.1600047973233751,42.278797996661105,3.688003220102078
8,0.95,140,0.1600047973233751,42.52086811352254,3.7735913861862724
8,0.95,140,0.1600047973233751,42.76293823038397,3.856989448322685
8,0.95,140,0.1600047973233751,43.00500834724541,3.93806371627596
8,0.95,140,0.1600047973233751,43.24707846410684,4.016691187029369
8,0.95,140,0.1600047973233751,43.48914858096828,4.092759931660102
8,0.95,140,0.1600047973233751,43.73121869782972,4.166169403371782
8,0.95,140,0.1600047973233751,43.97328881469115,4.23683066739404
8,0.95,140,0.1600047973233751,44.215358931552586,4.304666554167246
8,0.95,140,0.1600047973233751,44.45742904841402,4.369611737887065
8,0.95,140,0.1600047973233751,44.69949916527546,4.431612743083104
8,0.95,140,0.1600047973233751,44.941569282136896,4.490627882444611
8,0.95,140,0.1600047973233751,45.18363939899833,4.546630146269993
8,0.95,140,0.1600047973233751,45.425709515859765,4.599629950160089
8,0.95,140,0.1600047973233751,45.6677796327212,4.649663300194117
8,0.95,140,0.1600047973233751,45.90984974958264,4.69677882058837
8,0.95,140,0.1600047973233751,46.151919866444075,4.741037048762572
8,0.95,140,0.1600047973233751,46.39398998330551,4.782509794454052
8,0.95,140,0.1600047973233751,46.636060100166944,4.821279475234398
8,0.95,140,0.1600047973233751,46.87813021702838,4.857438436496198
8,0.95,140,0.1600047973233751,47.12020033388982,4.891088263646295
8,0.95,140,0.1600047973233751,47.362270450751254,4.922339093856576
8,0.95,140,0.1600047973233751,47.60434056761269,4.951308934294397
8,0.95,140,0.1600047973233751,47.84641068447412,4.978122993293028
8,0.95,140,0.1600047973233751,48.08848080133556,5.002913030438323
8,0.95,140,0.1600047973233751,48.330550918197,5.025816731050761
8,0.95,140,0.1600047973233751,48.57262103505843,5.046977110041289
8,0.95,140,0.1600047973233751,48.81469115191987,5.066541949623506
8,0.95,140,0.1600047973233751,49.0567612687813,5.08466327488109
8,0.95,140,0.1600047973233751,49.298831385642735,5.1014968707253665
8,0.95,140,0.1600047973233751,49.54090150250418,5.1172018433392905
8,0.95,140,0.1600047973233751,49.78297161936561,5.131940228796628
8,0.95,140,0.1600047973233751,50.025041736227045,5.145876653709415
8,0.95,140,0.1600047973233751,50.26711185308848,5.159181118051108
8,0.95,140,0.1600047973233751,50.509181969949914,5.172034782780652
8,0.95,140,0.1600047973233751,50.751252086811355,5.184622467074744
8,0.95,140,0.1600047973233751,50.99332220367279,5.197130872930115
8,0.95,140,0.1600047973233751,51.235392320534224,5.209748522939608
8,0.95,140,0.1600047973233751,51.47746243739566,5.2226657659545355
8,0.95,140,0.1600047973233751,51.71953255425709,5.236074851792042
8,0.95,140,0.1600047973233751,51.961602671118534,5.250170076187337
8,0.95,140,0.1600047973233751,52.20367278797997,5.265147997303274
8,0.95,140,0.1600047973233751,52.4457429048414,5.2812077252954674
8,0.95,140,0.1600047973233751,52.68781302170284,5.298551286692344
8,0.95,140,0.1600047973233751,52.92988313856427,5.317384065688741
8,0.95,140,0.1600047973233751,53.17195325542571,5.3379153248721165
8,0.95,140,0.1600047973233751,53.41402337228715,5.3603588084062475
8,0.95,140,0.1600047973233751,53.65609348914858,5.384933431293345
8,0.95,140,0.1600047973233751,53.898163606010016,5.411864059027977
8,0.95,140,0.1600047973233751,54.14023372287145,5.441382382752504
8,0.95,140,0.1600047973233751,54.38230383973289,5.473727895933092
8,0.95,140,0.1600047973233751,54.624373956594326,5.50914897960841
8,0.95,140,0.1600047973233751,54.86644407345576,5.54790410443332
8,0.95,140,0.1600047973233751,55.108514190317194,5.5902522964317
8,0.95,140,0.1600047973233751,55.35058430717863,5.6361395838904045
8,0.95,140,0.1600047973233751,55.59265442404007,5.685138707246952
8,0.95,140,0.1600047973233751,55.834724540901504,5.736789758399377
8,0.95,140,0.1600047973233751,56.07679465776294,5.790617750631547
8,0.95,140,0.1600047973233751,56.31886477462437,5.846130476168895
8,0.95,140,0.1600047973233751,56.56093489148581,5.902816771469942
8,0.95,140,0.1600047973233751,56.80300500834725,5.96014521674495
8,0.95,140,0.1600047973233751,57.04507512520868,6.01756330003255
8,0.95,140,0.1600047973233751,57.28714524207012,6.074497078899651
8,0.95,140,0.1600047973233751,57.52921535893155,6.130351374345387
8,0.95,140,0.1600047973233751,57.771285475792986,6.184510531661707
8,0.95,140,0.1600047973233751,58.01335559265443,6.236339781702263
8,0.95,140,0.1600047973233751,58.25542570951586,6.285187233111859
8,0.95,140,0.1600047973233751,58.497495826377296,6.330386521456144
8,0.95,140,0.1600047973233751,58.73956594323873,6.371260134770949
8,0.95,140,0.1600047973233751,58.981636060100165,6.40712342675814
8,0.95,140,0.1600047973233751,59.223706176961606,6.437289318665027
8,0.95,140,0.1600047973233751,59.46577629382304,6.461073678822215
8,0.95,140,0.1600047973233751,59.707846410684475,6.477801354964969
8,0.95,140,0.1600047973233751,59.94991652754591,6.486812818979047
8,0.95,140,0.1600047973233751,60.19198664440734,6.48758014837837
8,0.95,140,0.1600047973233751,60.434056761268785,6.480426435670093
8,0.95,140,0.1600047973233751,60.67612687813022,6.466077498073209
8,0.95,140,0.1600047973233751,60.91819699499165,6.445280451804215
8,0.95,140,0.1600047973233751,61.16026711185309,6.418794149997625
8,0.95,140,0.1600047973233751,61.40233722871452,6.387382326665337
8,0.95,140,0.1600047973233751,61.644407345575964,6.351807566014949
8,0.95,140,0.1600047973233751,61.8864774624374,6.312826127463399
8,0.95,140,0.1600047973233751,62.12854757929883,6.271183639129991
8,0.95,140,0.1600047973233751,62.37061769616027,6.227611657650554
8,0.95,140,0.1600047973233751,62.6126878130217,6.182825079922671
8,0.95,140,0.1600047973233751,62.85475792988314,6.137520382886872
8,0.95,140,0.1600047973233751,63.09682804674458,6.092374660620519
8,0.95,140,0.1600047973233751,63.33889816360601,6.0480454237691195
8,0.95,140,0.1600047973233751,63.580968280467445,6.005171124529191
8,0.95,140,0.1600047973233751,63.82303839732888,5.964372370874649
8,0.95,140,0.1600047973233751,64.06510851419031,5.92625379632746
8,0.95,140,0.1600047973233751,64.30717863105176,5.8914065561647595
8,0.95,140,0.1600047973233751,64.5492487479132,5.860411427401799
8,0.95,140,0.1600047973233751,64.79131886477462,5.833842498097635
8,0.95,140,0.1600047973233751,65.03338898163605,5.8122710259388874
8,0.95,140,0.1600047973233751,65.27545909849749,5.796039714780763
8,0.95,140,0.1600047973233751,65.51752921535893,5.784887160360584
8,0.95,140,0.1600047973233751,65.75959933222038,5.7784665205557
8,0.95,140,0.1600047973233751,66.0016694490818,5.776444515515428
8,0.95,140,0.1600047973233751,66.24373956594323,5.778498855062741
8,0.95,140,0.1600047973233751,66.48580968280467,5.784315890345384
8,0.95,140,0.1600047973233751,66.72787979966611,5.793588471185517
8,0.95,140,0.1600047973233751,66.96994991652755,5.806013994192447
8,0.95,140,0.1600047973233751,67.21202003338898,5.821292629932125
8,0.95,140,0.1600047973233751,67.45409015025041,5.839125720334814
8,0.95,140,0.1600047973233751,67.69616026711185,5.859214340104692
8,0.95,140,0.1600047973233751,67.93823038397329,5.881258018198673
8,0.95,140,0.1600047973233751,68.18030050083473,5.904953617486315
8,0.95,140,0.1600047973233751,68.42237061769616,5.929994372501459
8,0.95,140,0.1600047973233751,68.66444073455759,5.956069086756186
8,0.95,140,0.1600047973233751,68.90651085141903,5.982861492411744
8,0.95,140,0.1600047973233751,69.14858096828047,6.0100497761867775
8,0.95,140,0.1600047973233751,69.3906510851419,6.037306276225535
8,0.95,140,0.1600047973233751,69.63272120200334,6.064297355239215
8,0.95,140,0.1600047973233751,69.87479131886478,6.090683455561601
8,0.95,140,0.1600047973233751,70.11686143572621,6.116123767180108
8,0.95,140,0.1600047973233751,70.35893155258765,6.140383268266593
8,0.95,140,0.1600047973233751,70.60100166944908,6.163340524887492
8,0.95,140,0.1600047973233751,70.84307178631052,6.184878799150123
8,0.95,140,0.1600047973233751,71.08514190317196,6.204880870208797
8,0.95,140,0.1600047973233751,71.32721202003339,6.223229296310483
8,0.95,140,0.1600047973233751,71.56928213689483,6.239806697277586
8,0.95,140,0.1600047973233751,71.81135225375625,6.2544960570587955
8,0.95,140,0.1600047973233751,72.0534223706177,6.26718104583825
8,0.95,140,0.1600047973233751,72.29549248747914,6.277746361043824
8,0.95,140,0.1600047973233751,72.53756260434056,6.286078086438816
8,0.95,140,0.1600047973233751,72.779632721202,6.292064068317406
8,0.95,140,0.1600047973233751,73.02170283806343,6.295594307654985
8,0.95,140,0.1600047973233751,73.26377295492487,6.296561366890391
8,0.95,140,0.1600047973233751,73.50584307178632,6.294860789839494
8,0.95,140,0.1600047973233751,73.74791318864774,6.290391533060408
8,0.95,140,0.1600047973233751,73.98998330550918,6.283056406810579
8,0.95,140,0.1600047973233751,74.23205342237061,6.272762523557822
8,0.95,140,0.1600047973233751,74.47412353923205,6.259421751831894
8,0.95,140,0.1600047973233751,74.7161936560935,6.242951173033166
8,0.95,140,0.1600047973233751,74.95826377295492,6.223273538651802
8,0.95,140,0.1600047973233751,75.20033388981636,6.200352749239402
8,0.95,140,0.1600047973233751,75.44240400667779,6.174394784497148
8,0.95,140,0.1600047973233751,75.68447412353923,6.145704847001242
8,0.95,140,0.1600047973233751,75.92654424040067,6.114587348829496
8,0.95,140,0.1600047973233751,76.1686143572621,6.081344394251194
8,0.95,140,0.1600047973233751,76.41068447412354,6.046274722001982
8,0.95,140,0.1600047973233751,76.65275459098497,6.009672789250396
8,0.95,140,0.1600047973233751,76.89482470784641,5.971827995962993
8,0.95,140,0.1600047973233751,77.13689482470785,5.933024047288786
8,0.95,140,0.1600047973233751,77.37896494156928,5.8935384506778155
8,0.95,140,0.1600047973233751,77.62103505843072,5.853642143720339
8,0.95,140,0.1600047973233751,77.86310517529215,5.813599248136759
8,0.95,140,0.1600047973233751,78.10517529215359,5.773666944957698
8,0.95,140,0.1600047973233751,78.34724540901503,5.734095465700577
8,0.95,140,0.1600047973233751,78.58931552587646,5.695128194264764
8,0.95,140,0.1600047973233751,78.8313856427379,5.657001874323137
8,0.95,140,0.1600047973233751,79.07345575959933,5.619946917174326
8,0.95,140,0.1600047973233751,79.31552587646077,5.584187805328295
8,0.95,140,0.1600047973233751,79.55759599332221,5.549943587520143
8,0.95,140,0.1600047973233751,79.79966611018364,5.517428461375476
8,0.95,140,0.1600047973233751,80.04173622704508,5.486852352831176
8,0.95,140,0.1600047973233751,80.2838063439065,5.45839465636345
8,0.95,140,0.1600047973233751,80.52587646076795,5.432167643585337
8,0.95,140,0.1600047973233751,80.76794657762939,5.408273859584143
8,0.95,140,0.1600047973233751,81.01001669449082,5.386816380056556
8,0.95,140,0.1600047973233751,81.25208681135226,5.367899334233606
8,0.95,140,0.1600047973233751,81.49415692821368,5.351628453418591
8,0.95,140,0.1600047973233751,81.73622704507513,5.338111646991555
8,0.95,140,0.1600047973233751,81.97829716193657,5.327459608105997
8,0.95,140,0.1600047973233751,82.220367278798,5.319786451701997
8,0.95,140,0.1600047973233751,82.46243739565944,5.315210387889347
8,0.95,140,0.1600047973233751,82.70450751252086,5.313854434218527
8,0.95,140,0.1600047973233751,82.9465776293823,5.315847170861762
8,0.95,140,0.1600047973233751,83.18864774624375,5.321323543276519
8,0.95,140,0.1600047973233751,83.43071786310517,5.3304257175267225
8,0.95,140,0.1600047973233751,83.67278797996661,5.343303994099633
8,0.95,140,0.1600047973233751,83.91485809682804,5.360117786788154
8,0.95,140,0.1600047973233751,84.15692821368948,5.381036674018521
8,0.95,140,0.1600047973233751,84.39899833055092,5.406241530903682
8,0.95,140,0.1600047973233751,84.64106844741235,5.435925751305812
8,0.95,140,0.1600047973233751,84.88313856427379,5.470296570312068
8,0.95,140,0.1600047973233751,85.12520868113522,5.5095572637186425
8,0.95,140,0.1600047973233751,85.36727879799666,5.553515501532709
8,0.95,140,0.1600047973233751,85.6093489148581,5.6015850054079035
8,0.95,140,0.1600047973233751,85.85141903171953,5.653149789583857
8,0.95,140,0.1600047973233751,86.09348914858097,5.707575157390151
8,0.95,140,0.1600047973233751,86.3355592654424,5.764203876410858
8,0.95,140,0.1600047973233751,86.57762938230384,5.822353094131449
8,0.95,140,0.1600047973233751,86.81969949916528,5.881312040237995
8,0.95,140,0.1600047973233751,87.06176961602671,5.940340570973207
8,0.95,140,0.1600047973233751,87.30383973288815,5.998668617470482
8,0.95,140,0.1600047973233751,87.54590984974958,6.055496603502371
8,0.95,140,0.1600047973233751,87.78797996661102,6.109996898275948
8,0.95,140,0.1600047973233751,88.03005008347246,6.161316366453171
8,0.95,140,0.1600047973233751,88.27212020033389,6.208580070151783
8,0.95,140,0.1600047973233751,88.51419031719533,6.2508961660112545
8,0.95,140,0.1600047973233751,88.75626043405676,6.287362024280248
8,0.95,140,0.1600047973233751,88.9983305509182,6.3170715761884
8,0.95,140,0.1600047973233751,89.24040066777964,6.339123870632643
8,0.95,140,0.1600047973233751,89.48247078464107,6.352632791631062
8,0.95,140,0.1600047973233751,89.72454090150251,6.3567378544655995
8,0.95,140,0.1600047973233751,89.96661101836393,6.350615961563326
8,0.95,140,0.1600047973233751,90.20868113522538,6.33369678526108
8,0.95,140,0.1600047973233751,90.45075125208682,6.306696804245747
8,0.95,140,0.1600047973233751,90.69282136894824,6.270830471876596
8,0.95,140,0.1600047973233751,90.93489148580969,6.227328902555587
8,0.95,140,0.1600047973233751,91.17696160267111,6.1774238157241275
8,0.95,140,0.1600047973233751,91.41903171953255,6.122334522291947
8,0.95,140,0.1600047973233751,91.661101836394,6.063257182369437
8,0.95,140,0.1600047973233751,91.90317195325542,6.001356335611637
8,0.95,140,0.1600047973233751,92.14524207011686,5.937758656285671
8,0.95,140,0.1600047973233751,92.38731218697829,5.873548847525219
8,0.95,140,0.1600047973233751,92.62938230383973,5.809767562878567
8,0.95,140,0.1600047973233751,92.87145242070117,5.74741122761513
8,0.95,140,0.1600047973233751,93.1135225375626,5.687433626543577
8,0.95,140,0.1600047973233751,93.35559265442404,5.630749128422624
8,0.95,140,0.1600047973233751,93.59766277128547,5.578237428509034
8,0.95,140,0.1600047973233751,93.83973288814691,5.530749709551893
8,0.95,140,0.1600047973233751,94.08180300500835,5.489116146913744
8,0.95,140,0.1600047973233751,94.32387312186978,5.4541547149864
8,0.95,140,0.1600047973233751,94.56594323873122,5.426681289440218
8,0.95,140,0.1600047973233751,94.80801335559265,5.40752108318112
8,0.95,140,0.1600047973233751,95.05008347245409,5.397519072887387
8,0.95,140,0.1600047973233751,95.29215358931553,5.397084100951804
8,0.95,140,0.1600047973233751,95.53422370617696,5.405637869271119
8,0.95,140,0.1600047973233751,95.7762938230384,5.422507786045968
8,0.95,140,0.1600047973233751,96.01836393989983,5.447053030589677
8,0.95,140,0.1600047973233751,96.26043405676127,5.478654531763581
8,0.95,140,0.1600047973233751,96.50250417362271,5.5167058977630035
8,0.95,140,0.1600047973233751,96.74457429048414,5.560605194029231
8,0.95,140,0.1600047973233751,96.98664440734558,5.609747497200639
8,0.95,140,0.1600047973233751,97.228714524207,5.663518180599678
8,0.95,140,0.1600047973233751,97.47078464106845,5.72128691132505
8,0.95,140,0.1600047973233751,97.71285475792989,5.782402360936741
8,0.95,140,0.1600047973233751,97.95492487479132,5.846187651183234
8,0.95,140,0.1600047973233751,98.19699499165276,5.911936573278403
8,0.95,140,0.1600047973233751,98.43906510851419,5.978910633820911
8,0.95,140,0.1600047973233751,98.68113522537563,6.04633699238198
8,0.95,140,0.1600047973233751,98.92320534223707,6.113407364797311
8,0.95,140,0.1600047973233751,99.1652754590985,6.179277971942035
8,0.95,140,0.1600047973233751,99.40734557595994,6.24307061584705
8,0.95,140,0.1600047973233751,99.64941569282136,6.303874963006728
8,0.95,140,0.1600047973233751,99.8914858096828,6.36075210820811
8,0.95,140,0.1600047973233751,100.13355592654425,6.412768298340774
8,0.95,140,0.1600047973233751,100.37562604340567,6.459502893170053
8,0.95,140,0.1600047973233751,100.61769616026712,6.501005032583104
8,0.95,140,0.1600047973233751,100.85976627712854,6.537356922280872
8,0.95,140,0.1600047973233751,101.10183639398998,6.568657445087175
8,0.95,140,0.1600047973233751,101.34390651085143,6.595021054300447
8,0.95,140,0.1600047973233751,101.58597662771285,6.6165766294483825
8,0.95,140,0.1600047973233751,101.8280467445743,6.633466306112243
8,0.95,140,0.1600047973233751,102.07011686143572,6.645844290984142
8,0.95,140,0.1600047973233751,102.31218697829716,6.653875672730935
8,0.95,140,0.1600047973233751,102.5542570951586,6.657735238577438
8,0.95,140,0.1600047973233751,102.79632721202003,6.657606305804058
8,0.95,140,0.1600047973233751,103.03839732888147,6.653679576593857
8,0.95,140,0.1600047973233751,103.2804674457429,6.64615202387486
8,0.95,140,0.1600047973233751,103.52253756260434,6.635225814997902
8,0.95,140,0.1600047973233751,103.76460767946578,6.621107279280281
8,0.95,140,0.1600047973233751,104.00667779632721,6.6040059246416405
8,0.95,140,0.1600047973233751,104.24874791318865,6.584133507770667
8,0.95,140,0.1600047973233751,104.49081803005008,6.561703161497873
8,0.95,140,0.1600047973233751,104.73288814691152,6.536928582318288
8,0.95,140,0.1600047973233751,104.97495826377296,6.5100232803149884
8,0.95,140,0.1600047973233751,105.21702838063439,6.481199893084844
8,0.95,140,0.1600047973233751,105.45909849749583,6.450669564666154
8,0.95,140,0.1600047973233751,105.70116861435726,6.418641389917031
8,0.95,140,0.1600047973233751,105.9432387312187,6.38532192429566
8,0.95,140,0.1600047973233751,106.18530884808014,6.350914758550527
8,0.95,140,0.1600047973233751,106.42737896494157,6.315620157440592
8,0.95,140,0.1600047973233751,106.66944908180301,6.279634761272643
8,0.95,140,0.1600047973233751,106.91151919866444,6.243151348764446
8,0.95,140,0.1600047973233751,107.15358931552588,6.206358659517168
8,0.95,140,0.1600047973233751,107.39565943238732,6.16944127420696
8,0.95,140,0.1600047973233751,107.63772954924875,6.132579550481804
8,0.95,140,0.1600047973233751,107.87979966611019,6.0959496124734285
8,0.95,140,0.1600047973233751,108.12186978297161,6.059723391803288
8,0.95,140,0.1600047973233751,108.36393989983306,6.0240687179734245
8,0.95,140,0.1600047973233751,108.6060100166945,5.989149456085467
8,0.95,140,0.1600047973233751,108.84808013355592,5.955125689921434
8,0.95,140,0.1600047973233751,109.09015025041737,5.922153948546323
8,0.95,140,0.1600047973233751,109.3322203672788,5.890387474752427
8,0.95,140,0.1600047973233751,109.57429048414023,5.859976533857115
8,0.95,140,0.1600047973233751,109.81636060100168,5.831068761587999
8,0.95,140,0.1600047973233751,110.0584307178631,5.803809035867615
8,0.95,140,0.1600047973233751,110.30050083472455,5.778272838800777
8,0.95,140,0.1600047973233751,110.54257095158597,5.7544015506578985
8,0.95,140,0.1600047973233751,110.78464106844741,5.732122857045944
8,0.95,140,0.1600047973233751,111.02671118530886,5.711366609986034
8,0.95,140,0.1600047973233751,111.26878130217028,5.6920646622060715
8,0.95,140,0.1600047973233751,111.51085141903172,5.674150710900504
8,0.95,140,0.1600047973233751,111.75292153589315,5.657560150427501
8,0.95,140,0.1600047973233751,111.99499165275459,5.642229933460057
8,0.95,140,0.1600047973233751,112.23706176961603,5.628098440150476
8,0.95,140,0.1600047973233751,112.47913188647746,5.615105354907418
8,0.95,140,0.1600047973233751,112.7212020033389,5.603191550421827
8,0.95,140,0.1600047973233751,112.96327212020033,5.592298978612396
8,0.95,140,0.1600047973233751,113.20534223706177,5.58237056819313
8,0.95,140,0.1600047973233751,113.44741235392321,5.5733501285954175
8,0.95,140,0.1600047973233751,113.68948247078464,5.565182260004409
8,0.95,140,0.1600047973233751,113.93155258764608,5.557812269295218
8,0.95,140,0.1600047973233751,114.17362270450751,5.551186091678132
8,0.95,140,0.1600047973233751,114.41569282136895,5.545250217883931
8,0.95,140,0.1600047973233751,114.65776293823039,5.539951626740774
8,0.95,140,0.1600047973233751,114.89983305509182,5.535237723012689
8,0.95,140,0.1600047973233751,115.14190317195326,5.5310562803869505
8,0.95,140,0.1600047973233751,115.38397328881469,5.527355389513263
8,0.95,140,0.1600047973233751,115.62604340567613,5.5240834110119845
8,0.95,140,0.1600047973233751,115.86811352253757,5.521188933381547
8,0.95,140,0.1600047973233751,116.110183639399,5.518620735746779
8,0.95,140,0.1600047973233751,116.35225375626044,5.516327755400208
8,0.95,140,0.1600047973233751,116.59432387312187,5.514259060097327
8,0.95,140,0.1600047973233751,116.8363939899833,5.512363825074729
8,0.95,140,0.1600047973233751,117.07846410684475,5.5105913147664225
8,0.95,140,0.1600047973233751,117.32053422370618,5.508890869199008
8,0.95,140,0.1600047973233751,117.56260434056762,5.5072118950505065
8,0.95,140,0.1600047973233751,117.80467445742904,5.505503861360544
8,0.95,140,0.1600047973233751,118.04674457429049,5.503716299881216
8,0.95,140,0.1600047973233751,118.28881469115193,5.501798810058581
8,0.95,140,0.1600047973233751,118.53088480801335,5.499701068633939
8,0.95,140,0.1600047973233751,118.7729549248748,5.497372843852235
8,0.95,140,0.1600047973233751,119.01502504173622,5.494764014261892
8,0.95,140,0.1600047973233751,119.25709515859766,5.491824592086061
8,0.95,140,0.1600047973233751,119.4991652754591,5.4885047511399865
8,0.95,140,0.1600047973233751,119.74123539232053,5.4847548592625355
8,0.95,140,0.1600047973233751,119.98330550918197,5.480525515222293
8,0.95,140,0.1600047973233751,120.2253756260434,5.475777112114797
8,0.95,140,0.1600047973233751,120.46744574290484,5.470517148475024
8,0.95,140,0.1600047973233751,120.70951585976628,5.464767610995247
8,0.95,140,0.1600047973233751,120.95158597662771,5.458550538799808
8,0.95,140,0.1600047973233751,121.19365609348915,5.451888000947203
8,0.95,140,0.1600047973233751,121.43572621035058,5.444802078640286
8,0.95,140,0.1600047973233751,121.67779632721202,5.437314848280273
8,0.95,140,0.1600047973233751,121.91986644407346,5.429448365372001
8,0.95,140,0.1600047973233751,122.16193656093489,5.421224649286071
8,0.95,140,0.1600047973233751,122.40400667779633,5.412665668881714
8,0.95,140,0.1600047973233751,122.64607679465776,5.40379332899286
8,0.95,140,0.1600047973233751,122.8881469115192,5.394629457778029
8,0.95,140,0.1600047973233751,123.13021702838064,5.385195794933654
8,0.95,140,0.1600047973233751,123.37228714524207,5.375513980768702
8,0.95,140,0.1600047973233751,123.61435726210351,5.365605546137577
8,0.95,140,0.1600047973233751,123.85642737896494,5.355491903226944
8,0.95,140,0.1600047973233751,124.09849749582638,5.345194337191124
8,0.95,140,0.1600047973233751,124.34056761268782,5.334733998629787
8,0.95,140,0.1600047973233751,124.58263772954925,5.324131896900763
8,0.95,140,0.1600047973233751,124.82470784641069,5.31340889426007
8,0.95,140,0.1600047973233751,125.06677796327212,5.302585700820549
8,0.95,140,0.1600047973233751,125.30884808013356,5.291682870319907
8,0.95,140,0.1600047973233751,125.550918196995,5.2807207966885255
8,0.95,140,0.1600047973233751,125.79298831385643,5.269719711406902
8,0.95,140,0.1600047973233751,126.03505843071787,5.258699681642317
8,0.95,140,0.1600047973233751,126.2771285475793,5.247680609154101
8,0.95,140,0.1600047973233751,126.51919866444074,5.236682229956628
8,0.95,140,0.1600047973233751,126.76126878130218,5.225724114729225
8,0.95,140,0.1600047973233751,127.0033388981636,5.2148256699620354
8,0.95,140,0.1600047973233751,127.24540901502505,5.204006139827092
8,0.95,140,0.1600047973233751,127.48747913188647,5.193284608763927
8,0.95,140,0.1600047973233751,127.72954924874792,5.182680004769303
8,0.95,140,0.1600047973233751,127.97161936560936,5.172211103380995
8,0.95,140,0.1600047973233751,128.21368948247078,5.16189653234585
8,0.95,140,0.1600047973233751,128.45575959933223,5.151754776962887
8,0.95,140,0.1600047973233751,128.69782971619367,5.141804186092647
8,0.95,140,0.1600047973233751,128.9398998330551,5.132062978824632
8,0.95,140,0.1600047973233751,129.18196994991655,5.122549251795311
8,0.95,140,0.1600047973233751,129.42404006677796,5.113280987149867
8,0.95,140,0.1600047973233751,129.6661101836394,5.104276061141671
8,0.95,140,0.1600047973233751,129.90818030050082,5.095552253364317
8,0.95,140,0.1600047973233751,130.15025041736226,5.087127256611893
8,0.95,140,0.1600047973233751,130.3923205342237,5.079018687364267
8,0.95,140,0.1600047973233751,130.63439065108514,5.0712440968950245
8,0.95,140,0.1600047973233751,130.87646076794658,5.063820983000985
8,0.95,140,0.1600047973233751,131.11853088480802,5.0567668023531995
8,0.95,140,0.1600047973233751,131.36060100166947,5.050098983470714
8,0.95,140,0.1600047973233751,131.6026711185309,5.0438349403195435
8,0.95,140,0.1600047973233751,131.84474123539232,5.0379920865407435
8,0.95,140,0.1600047973233751,132.08681135225376,5.032587850312832
8,0.95,140,0.1600047973233751,132.32888146911517,5.027639689855335
8,0.95,140,0.1600047973233751,132.57095158597662,5.023165109581748
8,0.95,140,0.1600047973233751,132.81302170283806,5.019181676911852
8,0.95,140,0.1600047973233751,133.0550918196995,5.015707039755068
8,0.95,140,0.1600047973233751,133.29716193656094,5.012758944678195
8,0.95,140,0.1600047973233751,133.53923205342238,5.01035525577288
8,0.95,140,0.1600047973233751,133.7813021702838,5.00851397423996
8,0.95,140,0.1600047973233751,134.02337228714524,5.007253258710015
8,0.95,140,0.1600047973233751,134.26544240400668,5.006591446321388
8,0.95,140,0.1600047973233751,134.50751252086812,5.006547074579342
8,0.95,140,0.1600047973233751,134.74958263772956,5.007138904022187
8,0.95,140,0.1600047973233751,134.99165275459097,5.008385941722733
8,0.95,140,0.1600047973233751,135.23372287145241,5.010298278669448
8,0.95,140,0.1600047973233751,135.47579298831386,5.012845506135841
8,0.95,140,0.1600047973233751,135.7178631051753,5.015986090554474
8,0.95,140,0.1600047973233751,135.95993322203674,5.019678612422814
8,0.95,140,0.1600047973233751,136.20200333889815,5.023881718805506
8,0.95,140,0.1600047973233751,136.4440734557596,5.02855407893122
8,0.95,140,0.1600047973233751,136.68614357262103,5.033654343271234
8,0.95,140,0.1600047973233751,136.92821368948248,5.039141106078563
8,0.95,140,0.1600047973233751,137.17028380634392,5.0449728713756485
8,0.95,140,0.1600047973233751,137.41235392320533,5.051108022387084
8,0.95,140,0.1600047973233751,137.65442404006677,5.05750479442128
8,0.95,140,0.1600047973233751,137.8964941569282,5.06412125121187
8,0.95,140,0.1600047973233751,138.13856427378965,5.070915264735545
8,0.95,140,0.1600047973233751,138.3806343906511,5.077844498528161
8,0.95,140,0.1600047973233751,138.6227045075125,5.084866394525314
8,0.95,140,0.1600047973233751,138.86477462437395,5.091938163457087
8,0.95,140,0.1600047973233751,139.1068447412354,5.099016778829299
8,0.95,140,0.1600047973233751,139.34891485809683,5.106058974525573
8,0.95,140,0.1600047973233751,139.59098497495827,5.113021246065342
8,0.95,140,0.1600047973233751,139.8330550918197,5.119859855553245
8,0.95,140,0.1600047973233751,140.07512520868113,5.1265308403544285
8,0.95,140,0.1600047973233751,140.31719532554257,5.132990025528861
8,0.95,140,0.1600047973233751,140.559265442404,5.139193040055013
8,0.95,140,0.1600047973233751,140.80133555926545,5.145095336870041
8,0.95,140,0.1600047973233751,141.04340567612687,5.150652216749117
8,0.95,140,0.1600047973233751,141.2854757929883,5.1558188560413685
8,0.95,140,0.1600047973233751,141.52754590984975,5.160550338273644
8,0.95,140,0.1600047973233751,141.7696160267112,5.164801689626262
8,0.95,140,0.1600047973233751,142.01168614357263,5.1685279182767605
8,0.95,140,0.1600047973233751,142.25375626043405,5.171684057598792
8,0.95,140,0.1600047973233751,142.4958263772955,5.174225213193335
8,0.95,140,0.1600047973233751,142.73789649415693,5.176106613718646
8,0.95,140,0.1600047973233751,142.97996661101837,5.1772836654736745
8,0.95,140,0.1600047973233751,143.2220367278798,5.177712010677186
8,0.95,140,0.1600047973233751,143.46410684474122,5.177347589371361
8,0.95,140,0.1600047973233751,143.70617696160267,5.176146704864587
8,0.95,140,0.1600047973233751,143.9482470784641,5.1740660926131525
8,0.95,140,0.1600047973233751,144.19031719532555,5.1710629924259734
8,0.95,140,0.1600047973233751,144.432387312187,5.167095223860164
8,0.95,140,0.1600047973233751,144.6744574290484,5.1621212646584
8,0.95,140,0.1600047973233751,144.91652754590984,5.1561003320616186
8,0.95,140,0.1600047973233751,145.15859766277129,5.148992466812749
8,0.95,140,0.1600047973233751,145.40066777963273,5.140758619648928
8,0.95,140,0.1600047973233751,145.64273789649417,5.13136074006125
8,0.95,140,0.1600047973233751,145.88480801335558,5.120761867082309
8,0.95,140,0.1600047973233751,146.12687813021702,5.108926221843194
8,0.95,140,0.1600047973233751,146.36894824707846,5.095819301622851
8,0.95,140,0.1600047973233751,146.6110183639399,5.081407975094205
8,0.95,140,0.1600047973233751,146.85308848080135,5.065660578453241
8,0.95,140,0.1600047973233751,147.09515859766276,5.048547012099419
8,0.95,140,0.1600047973233751,147.3372287145242,5.030038837518598
8,0.95,140,0.1600047973233751,147.57929883138564,5.01010937400307
8,0.95,140,0.1600047973233751,147.82136894824708,4.9887337948276365
8,0.95,140,0.1600047973233751,148.06343906510853,4.965889222486041
8,0.95,140,0.1600047973233751,148.30550918196994,4.9415548225784445
8,0.95,140,0.1600047973233751,148.54757929883138,4.915711895928525
8,0.95,140,0.1600047973233751,148.78964941569282,4.888343968497997
8,0.95,140,0.1600047973233751,149.03171953255426,4.859436878657168
8,0.95,140,0.1600047973233751,149.2737896494157,4.828978861362893
8,0.95,140,0.1600047973233751,149.51585976627712,4.7969606287897495
8,0.95,140,0.1600047973233751,149.75792988313856,4.7633754469569105
8,0.95,140,0.1600047973233751,150.0,4.728219207892066
