replica_id,distance_D,smoothing_lambda,sigma_5_MeV_mb,sigma_5.5_MeV_mb,sigma_6_MeV_mb,sigma_7_MeV_mb,sigma_8_MeV_mb,sigma_9_MeV_mb,sigma_10_MeV_mb,sigma_11_MeV_mb,sigma_12_MeV_mb,sigma_14_MeV_mb,sigma_16_MeV_mb,sigma_18_MeV_mb,sigma_20_MeV_mb,sigma_22_MeV_mb,sigma_24_MeV_mb,sigma_26_MeV_mb,sigma_28_MeV_mb,sigma_30_MeV_mb,sigma_35_MeV_mb,sigma_40_MeV_mb,sigma_45_MeV_mb,sigma_50_MeV_mb,sigma_55_MeV_mb,sigma_60_MeV_mb,sigma_65_MeV_mb,sigma_70_MeV_mb,sigma_75_MeV_mb,sigma_80_MeV_mb,sigma_85_MeV_mb,sigma_90_MeV_mb,sigma_95_MeV_mb,sigma_100_MeV_mb,sigma_105_MeV_mb,sigma_110_MeV_mb,sigma_115_MeV_mb,sigma_120_MeV_mb,sigma_125_MeV_mb,sigma_130_MeV_mb,sigma_135_MeV_mb,sigma_140_MeV_mb,sigma_145_MeV_mb,sigma_150_MeV_mb
0,0.06234864606295165,300.0,0.0,0.0,0.0,0.0,0.0,0.0,0.0,0.0,0.0,0.0,3.9235351084924774,8.616400291364156,15.923385140329263,28.38800989752135,44.207769956160526,58.32836788488965,67.86802871974123,71.86205042351308,74.152428212166,73.49747188980885,72.19571182952681,69.85418145035588,66.83436903983234,65.17066040288833,65.00366034544206,64.6593207846091,62.86871176139229,62.15051131939804,61.722683717879136,59.097761379288244,55.27589828022034,52.973227309505134,51.62019485459305,50.56723578585246,49.46989832120871,48.3041069164705,47.11644702826598,45.93924483465864,44.79890524982444,43.69488832023711,42.53316253840768,41.207095990864424
1,0.07761984654284393,300.0,0.0,0.0,0.0,0.0,0.0,0.0,0.0,0.0,0.0,0.0,4.199435553773649,9.102073081862564,16.40328141492234,28.582766256185938,44.31570411748741,58.268396567691866,67.12468805028251,70.74865691548945,73.70186189770489,75.43813500618091,73.98847464179197,70.62334259981075,68.51228229098484,67.08213691183485,66.040860984737,64.94572604016975,63.77318226863354,63.37308105036702,62.6399886258381,59.804427007098255,55.95350911347856,53.46048146795924,52.37156477463863,51.829981073412284,51.08882761962965,49.993123916564116,48.56972156916048,46.9679378497386,45.35165450895775,43.87198742453287,42.69051317843379,41.96097154999305
2,0.19018912745957695,300.0,0.0,0.0,0.0,0.0,0.0,0.0,0.0,0.0,0.0,0.0,4.319078892043804,9.26886052708599,16.698043902445054,28.84183012634082,43.91679465991419,57.40881073844082,66.32497005321537,70.16094829102262,72.69966117535645,73.89206622146033,74.0374831162482,71.39136491227991,67.69390139295415,65.77763449971704,64.96174646132359,64.60532066207001,63.53455962498812,62.31580245542653,60.996382849567325,59.31514464757377,57.09010402302562,54.56150790275587,52.465188361288256,50.775477051075455,49.29743138280992,47.95294986983338,46.69137870441374,45.45431871300888,44.185820613645554,42.792785814373744,41.0295053027605,38.66143021126936
3,0.14046862991064593,300.0,0.0,0.0,0.0,0.0,0.0,0.0,0.0,0.0,0.0,0.0,4.544700615800805,9.607513273401771,17.021501683523447,29.344027199250586,45.21413770647914,59.98829887150444,70.26542839388404,74.13919567149429,76.08089931835595,77.30651069894007,75.47256938949727,70.92974900867516,67.7430733855601,66.94641481071928,66.82967720803612,67.5626081941326,68.24811361494578,67.44770537866806,64.69744620974934,61.314916501103255,58.57074822636134,56.69015993622103,55.35582479016584,54.25611487515712,53.15370532567553,51.96272517339871,50.64917700252805,49.23035759271867,47.73426994736318,46.16445849449134,44.43967299478714,42.473033725453035
4,0.21859112697826466,300.0,0.0,0.0,0.0,0.0,0.0,0.0,0.0,0.0,0.0,0.0,4.183774098256948,8.786465302690383,15.564486562141337,26.824503455705507,42.14340430610888,57.23404911738617,67.14623453810968,70.77490970578441,71.3371309840074,71.94392123487111,71.2655256798037,68.39711802427468,65.5115111012009,64.8000165622853,64.09748033148468,63.50371083551756,64.02877768534954,64.80624842694709,63.78151378993588,59.92954833032295,54.740778901086436,51.49521401506121,49.808970077788494,48.822509318080584,47.94053089651433,46.925099795706004,45.67539637722856,44.266654050227594,42.80789215436016,41.40517908626026,40.18796359760043,39.2799878550396
5,0.08889988682085763,300.0,0.0,0.0,0.0,0.0,0.0,0.0,0.0,0.0,0.0,0.0,4.622958660029509,9.63674733896463,17.105502789779464,29.29301031966568,45.20033316343553,60.248466217772354,69.68177876448537,72.85241593541599,75.67754035804663,76.84259681912677,75.36234350408141,71.66038571322788,68.2238594033121,66.447154157058,66.69561238205314,67.943881351166,67.19971777853755,65.85849816736126,64.48181267663816,61.90124359307913,58.78109025911897,56.095334529225454,54.017539632595614,52.41645880742539,51.13310539484611,49.96302103037814,48.73717355521927,47.42888142640043,46.045419875703175,44.629814084978335,43.35938556941633,42.42580841509702
6,0.13919361279506684,300.0,0.0,0.0,0.0,0.0,0.0,0.0,0.0,0.0,0.0,0.0,4.640940255370907,9.677585961552035,16.975320251187362,29.19310627002238,45.90070698380221,62.05144077351768,71.45751577594554,74.56133730216425,76.68759083393603,76.89564998419809,76.70822208826505,74.56150227334712,71.70809090285672,69.45962805972798,68.06797588213034,67.10864715586,65.2126407845803,64.3903293561427,63.97715556364257,61.25300980698534,57.584017701998704,56.08087530463544,55.6310196725599,55.18416322680924,54.164158450580565,52.647473698744356,50.86047090026934,48.9945756588075,47.213762910418325,45.701213584546174,44.78313764304717,44.81431207811612
7,0.15454371111113768,300.0,0.0,0.0,0.0,0.0,0.0,0.0,0.0,0.0,0.0,0.0,4.702744198877546,10.176983406600703,18.245149409805695,31.02873698570031,46.90344413828022,61.34525428895605,71.53028778530629,75.90568117478391,78.15423878456262,79.03630239113724,77.81439440027596,74.02255304529564,70.59839752757367,68.71709616415097,68.614665437046,69.07066194534484,68.5831861238472,68.44449195227607,67.15315237401228,63.16815717699202,58.98367866240404,56.41588519106336,54.59350506628392,53.08443887829582,51.755967658198145,50.59348056142849,49.59940130506743,48.737827505233206,47.965984342456785,47.20023552635412,46.191845406552474,44.674671690800125
8,0.06414860797891443,300.0,0.0,0.0,0.0,0.0,0.0,0.0,0.0,0.0,0.0,0.0,4.400325559901831,9.35157386915982,16.84119628006381,29.27041291550366,45.03413752548236,59.407122833694594,69.39364337236066,73.5264334988179,75.71729261898142,76.934224689292,75.64392324962154,72.95900086107325,69.95650922731275,67.87886294769952,66.87547537764996,66.04409497992334,64.55727735431202,63.905576604640046,63.046063862018684,60.676745507565784,58.10587582815237,55.89801338104287,54.04692035819652,52.41802546355696,50.88130562548225,49.359657506941176,47.823341951903394,46.36132052149996,45.07952165702693,44.120996412621736,43.81315754722868,44.543504754044214
9,0.09844188652951663,300.0,0.0,0.0,0.0,0.0,0.0,0.0,0.0,0.0,0.0,0.0,4.049784706868995,8.713226493703038,15.525016026375003,26.458288430992198,41.28550566264801,56.72965262817014,66.58109740546062,69.38354139264453,70.90784699397877,72.16287724796386,71.11186190030053,67.69046455206679,64.84368798541144,64.59109438168294,64.41440448515363,63.117718650120985,61.27962900621914,60.86142266365003,60.48039995621674,58.06872615440744,54.19743958005586,51.38238073816051,49.7485280963108,48.75810540475252,47.96754888058139,47.13935805192053,46.13039176329426,44.95314196992555,43.655926429073375,42.24465714797359,40.57633601298046,38.50073397718813
10,0.0758859732213288,300.0,0.0,0.0,0.0,0.0,0.0,0.0,0.0,0.0,0.0,0.0,4.446070919181481,9.352945007795206,16.659404625225523,29.05647413384476,45.454017055379886,59.790014608289134,68.23899030276098,72.22428223843762,75.89831045297181,76.57943840175493,75.88039686304222,72.86647394415506,68.7425012609835,66.67046225428908,66.07632206933272,65.76976674538679,64.66472842190025,63.86428407703646,62.95277062037871,60.56361752363873,57.543620732982966,55.353602268033455,53.93394581394209,52.84667694563282,51.74531664938197,50.545633357712056,49.239035461891426,47.86153053537518,46.45631526828329,45.06442007326354,43.73173885066871,42.50086329834434
11,0.08457071571719141,300.0,0.0,0.0,0.0,0.0,0.0,0.0,0.0,0.0,0.0,0.0,4.599726595617398,9.49715764200496,16.68715857406319,28.682209650836555,43.81154858263258,57.77373444933497,67.7877754935461,71.3711421549963,72.62100432205378,74.48342224709648,74.14437155379369,69.91309644919139,66.61569927494403,66.51116187186152,67.1866559534252,66.7407290185096,65.09752903749916,63.36391190381136,61.51690442282463,59.06773818713908,55.903697569330504,53.43189195870534,51.997074269316705,51.07907138624587,50.165255624529244,49.135149395139734,47.97513367645533,46.71554970214607,45.39481853006225,43.999920396646516,42.33563823584488,40.19769118611552
12,0.11727377798736567,300.0,0.0,0.0,0.0,0.0,0.0,0.0,0.0,0.0,0.0,0.0,4.110354835710297,8.871625861938865,16.071204926531816,28.32349084297073,44.540595563056534,59.53481833906505,69.68608347619355,73.9268571846859,76.16088063359193,76.15334177066546,74.40799493524587,71.3120270769649,68.85602030266953,67.72382266744088,66.79783960119056,66.27019090331532,65.62427187011653,64.38351696676244,62.98319246928588,60.510146341067454,56.622582558352576,53.566849720476,51.87839311871758,50.96082351730388,50.218698406595095,49.40276855287606,48.40032369013245,47.29056522909885,46.19130740160126,45.26957447822247,44.91701460336873,45.587262352579174
13,0.09367503569208929,300.0,0.0,0.0,0.0,0.0,0.0,0.0,0.0,0.0,0.0,0.0,4.361830159629771,8.999435377901037,15.948696839463615,28.007142836607706,44.39239660155003,59.357578781473215,68.57842343429974,71.85775989872731,73.03580420332386,75.05680930354545,74.50026771481225,71.11693127282243,67.33480364104673,64.9430726296384,64.27503836707372,64.35275734600684,63.04965605834678,61.51057718960468,60.235129109680976,58.36889005979402,56.00254643662974,54.117394951527444,52.530181303955,50.98928302672342,49.38472392830035,47.839586386360835,46.48847016738422,45.34722251909814,44.405329536567606,43.63747738303123,42.95553072294244,42.26095661142141
14,0.14832707135172468,300.0,0.0,0.0,0.0,0.0,0.0,0.0,0.0,0.0,0.0,0.0,3.8481976002166722,8.654166003523544,16.19074872011515,28.862172058941354,44.99094459829208,59.61842291758779,69.28580463897681,73.37451208402099,76.1619558871292,77.02424142811006,75.99729506964907,72.47499877887746,70.10211900949595,70.01018206203183,69.41973919237465,67.52773954397544,64.73789743659405,62.65114945077843,60.815475992225245,59.056986072348295,57.57123071867915,55.91430398759748,54.501948868245776,53.29395482982606,52.104388922116904,50.86928685343221,49.56511491578274,48.20619837914388,46.81419532368269,45.41253822155383,44.037595570448126,42.72503268793527
15,0.13780078558713216,300.0,0.0,0.0,0.0,0.0,0.0,0.0,0.0,0.0,0.0,0.0,4.2336956780540955,9.308483061465457,16.964044878019415,29.61436702114573,45.755936260115426,60.15573316002569,69.21652738040304,73.11527855931845,76.28837151306304,77.14280578364513,75.18760573342774,70.75933231339611,67.40785707994326,67.06144735360292,67.70254570793057,67.59101945202417,65.6003106035618,63.889935858371445,62.67972468607312,60.65586831625509,58.04369036380195,55.89057147779241,54.199358564089465,52.737463375434736,51.33893316176337,49.988827745159014,48.711384397165986,47.550214676374104,46.54985089064915,45.774207932380186,45.3755530911244,45.53006831312505
16,0.06379284185719061,300.0,0.0,0.0,0.0,0.0,0.0,0.0,0.0,0.0,0.0,0.0,4.478143695227341,9.425778512491686,16.54545825594805,28.07433001489825,43.573269035003776,58.48155290258985,67.63968316636235,71.44309146585847,74.69813388776727,74.41688015616117,72.8211592026232,70.1637136900836,67.5008531346686,66.12128325656538,65.32848119846362,64.81426112200292,64.15993314630798,63.588432257051686,62.035054845743716,58.72722014343542,55.582453919049826,53.823671949972734,52.65082242465233,51.60283106475861,50.47211770138839,49.2230709190972,47.86613680774404,46.42886119667581,44.94070480107017,43.4023574024492,41.71583253339281,39.77715440135219
17,0.08761761155226111,300.0,0.0,0.0,0.0,0.0,0.0,0.0,0.0,0.0,0.0,0.0,4.412545160275253,9.106880052344476,15.84128468322229,26.712487011632856,41.1223314777622,55.29911924005115,65.22028406373366,68.97306002643697,70.69669080224625,70.89914543784,69.43311145622961,66.59021805594149,63.82944099123752,63.14207022068337,62.88353964390734,62.10021428777677,61.329500190980674,61.09723220655838,59.97480547803205,57.32229798467472,54.218980781605474,51.91467473623317,50.413615184000584,49.30433938353962,48.231597799109785,47.06967351398601,45.775724111027024,44.40144765401583,43.015199016850815,41.686074505679855,40.50843057337507,39.57436045156166
18,0.05305481381689514,300.0,0.0,0.0,0.0,0.0,0.0,0.0,0.0,0.0,0.0,0.0,4.337874546880998,9.140738481793136,16.533868734074446,28.97009244428622,44.24034259511665,57.989799161970325,67.83347110678353,71.64314725800472,73.11024528223875,73.92092810746432,72.71049287743095,69.10162220568844,66.29716332729171,65.38808884876433,65.37150742306825,65.1530571169552,64.27190818213427,64.63952505801402,63.54267567215702,59.917660778846006,56.349783936313955,54.3279370634462,52.97532677262835,51.772918441226075,50.48275240301471,49.062774733860294,47.53889618175642,46.01418616381946,44.59833460486329,43.38887344905026,42.47897284514936,41.958495490482626
19,0.0958557131933094,300.0,0.0,0.0,0.0,0.0,0.0,0.0,0.0,0.0,0.0,0.0,4.4974342995023235,9.153575130996844,15.846925341897512,27.06546675226428,41.784640980336405,55.65365883315725,65.61707598476666,69.62949744838846,71.88966064081224,72.38086944465957,71.35816835723953,68.52464113121124,65.2807214198499,63.805914723219225,63.64645796629809,63.08488822334788,61.73359956069103,61.02299324887881,60.09769963164414,57.37604390573771,53.8708352986941,51.7674635554081,50.33887166875112,49.08816571236127,47.82806880657674,46.53530356272668,45.23918570073711,44.02411168533807,42.979398220829914,42.23496252034894,42.10947895633191,42.986950869154036
20,0.05058752161634912,300.0,0.0,0.0,0.0,0.0,0.0,0.0,0.0,0.0,0.0,0.0,3.9560462620323182,8.827646248042855,16.25082697684554,28.41056225733705,43.75403685983352,57.68599313825272,67.00750659742474,71.1053123443564,72.67500819309173,72.77794425468107,71.92149334381986,69.10661381876034,66.4090686563829,65.17755444794014,64.51848105394346,64.11893096078371,62.98304433216141,61.49249217225569,60.328481320633,58.42542695370895,55.917389911928524,53.77797715647794,52.0279236697654,50.54122513733589,49.22049713042717,47.93349672382307,46.58708883421037,45.24257708329908,43.98938731535118,42.9625907855206,42.50608724362557,43.01966174984197
21,0.06041726660863353,300.0,0.0,0.0,0.0,0.0,0.0,0.0,0.0,0.0,0.0,0.0,4.169626027892597,9.079590741222637,16.449241538957526,28.306224870845938,42.97837066705907,56.59941332011584,66.17620238553177,69.80669238481242,71.21290791641353,72.05381994176813,71.1375318484527,67.94585582493414,65.0689790762582,64.36127056819294,63.89579691093224,63.112129002184155,61.65121711574966,61.13996728612595,60.6325868764916,58.21614930728491,54.728529223958155,52.123972248149336,50.53751451169621,49.39863125962704,48.22223267950337,46.92940136314804,45.55379858680377,44.18974897706925,42.936061578530605,41.90144491552774,41.26888911458751,41.23839070477039
22,0.11278706819958738,300.0,0.0,0.0,0.0,0.0,0.0,0.0,0.0,0.0,0.0,0.0,4.138405504408169,8.966951458504477,16.223602669058277,28.279894062271296,44.13874199330148,59.12163139045446,69.41662487093686,72.99947672377498,73.60618378331316,75.18575664505039,75.16516489775142,71.84481433105464,68.28195030313981,67.05059539080936,66.99083731471238,67.07579768505886,66.07268784855451,64.88839005806271,62.73135226105037,59.519848843290966,56.492038109079424,54.29906425389852,52.93250329763927,51.95948247906455,50.97749711732618,49.911169827449704,48.77961446674959,47.66316261810875,46.64999317918915,45.81750682594117,45.226186999797086,44.93269813393271
23,0.13374257386061422,300.0,0.0,0.0,0.0,0.0,0.0,0.0,0.0,0.0,0.0,0.0,4.279046566787809,9.157273786820376,16.162441718839915,27.32679968043527,41.803716365984855,56.58639264232681,67.64348176782636,71.60917897439934,72.12450517935035,73.0623471513802,72.75786994004388,69.9192254018517,67.21213855903085,66.84312318113747,66.96316520675401,66.388329921244,65.53201791863627,64.74004476137063,63.44544637352019,60.937266265971196,57.55931287612437,54.52742030257086,52.36524830887364,50.83038086474221,49.605567235445925,48.487505547934916,47.33807204102139,46.1402752944199,44.90525071887892,43.610854781177885,42.113300506001536,40.26186604095573
24,0.12178549447663108,300.0,0.0,0.0,0.0,0.0,0.0,0.0,0.0,0.0,0.0,0.0,3.9824668133807166,8.541481761717792,15.3674791380822,27.178718743256667,43.50561937108632,59.12140771462135,68.18817778175242,70.83479439609313,72.43382405715471,73.47357977786554,72.85948370587818,68.96365599253657,65.49803288069683,64.19183220075743,63.76764158017325,63.78887431771852,62.64813906265096,61.15371542474058,59.88105614030622,57.82053148116898,55.40199960107334,53.787752697301386,52.47258394700739,51.145078357017105,49.7073007635553,48.215835971280256,46.75661165496192,45.40776869660269,44.23867481295329,43.306502954751444,42.64466880535879,42.28273612946977
25,0.08683232563386391,300.0,0.0,0.0,0.0,0.0,0.0,0.0,0.0,0.0,0.0,0.0,4.051997792995675,8.705882387643268,15.832989710208516,27.989525523040882,44.469037074355505,59.916022738038194,69.58992453476111,73.41510495998504,75.77555729146063,76.78244226553139,75.1713896094858,72.15779673980865,69.48382690535988,68.10524877246849,67.45372235150826,66.91685517048292,66.07215077652745,65.72526195318213,64.55579295262018,60.77846230599722,56.697637168494424,55.0204321271511,54.37755094965669,53.78836838798534,52.77702124624548,51.41703173693211,49.89535684889755,48.336167811020665,46.83850471209424,45.487861406426745,44.35472373218864,43.50215380459371
26,0.1379511535929087,300.0,0.0,0.0,0.0,0.0,0.0,0.0,0.0,0.0,0.0,0.0,4.270418692263189,8.92950186383587,15.814809461582005,27.324670462039432,41.82637373268732,55.33004253742973,65.85109148127592,70.64243845227438,72.80299370481345,72.34175300669966,70.51754551332802,68.0771194999726,66.17932916863168,65.06515858695346,64.36984193628955,63.09034484969068,60.95859924608854,60.52882410404762,60.98604337661614,58.894865635296235,55.29448996811473,52.91287109502321,51.167179788358304,49.61218517681245,48.113355784301355,46.71173841181458,45.464257363259875,44.35236386765217,43.342175953817524,42.39613729990908,41.454445094223786,40.456075373864046
27,0.12881002842838654,300.0,0.0,0.0,0.0,0.0,0.0,0.0,0.0,0.0,0.0,0.0,4.699786443446162,9.683554639316514,17.047229926631523,29.432463461763835,45.58074641606948,60.14005873338387,68.94954664819804,72.69837292027452,74.72218693835298,74.70679186621929,73.91744066521801,71.10110272149548,67.99625760090346,66.37098740565295,65.77162969975387,64.84146217665909,63.033960835963846,62.44697205621066,62.76117911096928,61.50385060052213,58.634064959974516,55.70548011410355,53.32568096049303,51.39128390123685,49.73799190501356,48.29844839912352,47.02577548400049,45.85637127362994,44.727172172105476,43.56186299349669,42.21888413040568,40.55867986092544
28,0.1899288030772039,300.0,0.0,0.0,0.0,0.0,0.0,0.0,0.0,0.0,0.0,0.0,4.033148586673142,8.83037651807865,16.04452660028923,27.79499034268016,43.198395067318174,58.231657899766596,68.01305950352346,71.30328536044325,72.78469942194117,72.96084724124789,71.14508982934227,67.96041994629357,65.54708399631477,65.62753102383654,65.65837425067876,64.16434910264186,62.06575476539137,61.12632433688138,61.10163987872418,60.53414935148949,58.26532483082782,55.0275422101303,52.31934315470379,50.253670312686,48.612013959706644,47.203411857199804,45.88114420312474,44.602192786876415,43.3489683670506,42.10781340034879,40.876006540835675,39.653284666748135
29,0.11572835516845804,300.0,0.0,0.0,0.0,0.0,0.0,0.0,0.0,0.0,0.0,0.0,4.063862728177937,8.84469253127413,16.183250023340094,28.58845787807612,44.00483242160605,57.17681317016175,66.67722343294935,70.38981784213912,71.59434085218902,71.60127611214405,70.6126313766343,68.49944299049184,66.69906778315722,66.23065833497975,65.80381449581279,65.22093003763312,64.07229779080302,62.25735028421546,60.37675488550807,57.69571017867736,54.45286998802467,52.03717298133075,50.57780238835159,49.627443391237485,48.78439916264333,47.91364583833882,46.96417614220862,45.955778553108246,44.92302856068434,43.85397875223982,42.56907960438747,40.872043386496365
30,0.0952776090033885,300.0,0.0,0.0,0.0,0.0,0.0,0.0,0.0,0.0,0.0,0.0,4.742249593207102,9.655913725348135,16.795058982331845,28.722921063756555,44.17512063778211,58.10456019793048,67.24483963309004,71.22889528135393,73.29622967258598,74.40478170079642,74.03577388842905,70.39888924585885,66.02239926923609,64.64382541245642,64.9243817382037,64.71569240994603,63.23671731382298,62.28005834157814,61.29132169747841,58.80053893271261,55.33881771089381,52.632688077211895,51.15645263386372,50.3108762436869,49.47514773837538,48.4771161756786,47.29104390032422,46.02699803513653,44.816835224837355,43.79100473346615,43.11691024870928,42.96864881875948
31,0.13914142575607227,300.0,0.0,0.0,0.0,0.0,0.0,0.0,0.0,0.0,0.0,0.0,4.484146476573286,9.070384344183603,15.79048731383375,27.36413580315954,42.77939507699194,57.002712528576104,66.66071733526678,70.92276834986444,73.00128824070151,72.37193869126803,70.92416760511794,68.40369423120174,65.58036137482515,64.07748466841662,63.19046106971509,62.41581765091823,61.31245547190548,60.86266610508345,60.02078498828786,57.75941244960926,54.41853569069403,51.27326914436745,49.06583203515031,47.59223185309809,46.52491225834862,45.64265681221606,44.79256758807892,43.962546677662274,43.17272819763247,42.45302871884352,41.87713611362703,41.52666819135792
32,0.27123103077251987,300.0,0.0,0.0,0.0,0.0,0.0,0.0,0.0,0.0,0.0,0.0,4.069256276200282,8.485290704968413,14.96766379537624,25.843447739327953,39.91905575375326,53.32816450283609,62.57322521494428,65.83405810436336,67.4157040750082,68.25774514553922,67.281446750804,64.35097323705114,61.4072585486326,59.93320625471255,58.93777896836999,58.10100313102063,56.786403978736324,56.17685130736121,55.074650733402876,52.337763236982994,49.19211539089519,47.71403665398436,47.36529312690745,47.32731363694902,47.00705728778826,46.29122379102691,45.21313793316335,43.88788210649122,42.44267676199242,41.00730813087289,39.75472338591071,38.85197600157317
33,0.07198220536596509,300.0,0.0,0.0,0.0,0.0,0.0,0.0,0.0,0.0,0.0,0.0,4.050041896200133,8.993680500628654,16.60925414174993,29.322672275161942,45.954676559388034,60.64426841495282,69.38078015533857,73.46251781867362,76.33755488907192,76.33835141772899,74.70674072039793,71.50957560644427,69.51371117383171,68.54788851569576,67.91801063185966,67.53659625591243,65.74722027356009,63.96765502550235,62.418344677898595,59.581344532602664,56.37267052291994,55.16828472807393,54.649944295679326,53.901510838930704,52.54584852391955,50.83954609823811,49.12275792475428,47.54173648069981,46.18686506816396,45.115957875816214,44.29455957421219,43.67147214494401
34,0.07925087713056284,300.0,0.0,0.0,0.0,0.0,0.0,0.0,0.0,0.0,0.0,0.0,4.2192940104420815,9.186416315011241,16.609282173289596,28.842517683039606,45.15227457201698,61.29057837798233,71.70982768998157,75.28348358999249,76.49248833884356,77.10533594538578,76.81467556395262,73.9497179425157,69.646277991808,67.32116295005308,66.87669297377899,66.51984954259453,65.15046710577444,64.2217893405771,63.56440460118134,61.53031157664455,58.460351345004725,56.30960360272049,54.92566209329909,53.734758929295744,52.35328160164989,50.85765132558481,49.39690359343471,48.01439865778942,46.7264307006306,45.55456185058434,44.547540545588056,43.757420808174466
35,0.1160124289727412,300.0,0.0,0.0,0.0,0.0,0.0,0.0,0.0,0.0,0.0,0.0,4.24156684120604,9.282498378486967,16.90130497124411,29.47919523466464,45.91367854300509,61.01045475876077,70.14112571371,73.55253982303306,74.92613687798968,75.86419139667908,75.40610483855234,72.00723408542171,68.98327858593066,68.36476853582077,67.8820805185226,67.1144053474135,65.4536730195118,63.176756937204125,60.721323982716235,58.71338478608044,57.51547167298051,56.546752189537024,55.120547028229126,53.30729266947781,51.34217093136171,49.39494169626625,47.591047728278596,45.9943088325647,44.64918742999313,43.658058355673106,43.365719325806936,44.19440838194469
36,0.11045192022578833,300.0,0.0,0.0,0.0,0.0,0.0,0.0,0.0,0.0,0.0,0.0,4.159613525592353,8.854029697583602,15.91405856225888,27.67627674211846,43.082862362926605,57.737455194914695,67.20343316786641,70.62024352064905,72.85284515970073,72.63709689072873,70.5773983551463,68.1735185371947,65.96110634381799,64.24795288606242,63.557951380244496,63.99952042998666,63.223248555413704,61.27907916120003,58.54666916485327,55.67758930754029,53.412512677171726,51.845998314759115,50.86530359337199,50.08429159006695,49.15557205318617,48.08462648883901,46.95364039996294,45.82228701175796,44.740596079985636,43.73589966124073,42.76385149148017,41.7667993617839
37,0.12549401818259456,300.0,0.0,0.0,0.0,0.0,0.0,0.0,0.0,0.0,0.0,0.0,4.465987631783668,9.194099439889637,16.295121201802193,28.217889337098537,43.911356094139116,58.39489979039131,67.90749041616652,71.42156198057866,73.1682746097921,73.25513334822934,71.53949639105107,68.29375947469914,66.02712415252275,65.53885754902122,65.15619034123196,63.82848939170763,61.711545066778875,60.2424147297057,58.59000962941311,55.695350482440325,52.89589923270666,51.44734514939551,50.60728204239299,49.831662875934036,48.84433328279122,47.69746883564439,46.50515832923035,45.33183263513087,44.22568048419487,43.2196787727414,42.303966730504456,41.45960828055894
38,0.13542789138727926,300.0,0.0,0.0,0.0,0.0,0.0,0.0,0.0,0.0,0.0,0.0,4.243324770264841,9.165283326764566,16.543424202350405,28.523119590638284,43.46275197222466,57.38252307194123,67.56423966489868,71.64659214521636,74.7633300086298,76.37885239674858,74.2282198616312,70.32413644186526,67.44707163742227,66.72202960288485,66.16159051534326,64.92115228231582,63.42375723842503,62.34653498750127,60.60764656072652,57.41450484348373,54.31978327654072,52.60034743378265,51.454830021541035,50.47045914181497,49.486505967354304,48.42439741558835,47.254812862041035,46.05192342544042,44.90718790072098,43.928015367771756,43.312167732181244,43.276483575639794
39,0.10798983548366944,300.0,0.0,0.0,0.0,0.0,0.0,0.0,0.0,0.0,0.0,0.0,4.107990670653825,9.084740932386195,16.427053875823358,28.10567646320991,43.022869342037254,57.975178708753376,68.70382279918998,72.00864101231019,72.75287593113647,74.21678800187826,73.43890858500485,69.80691684354848,66.3754723999772,65.64347732830748,67.06136468738404,68.17550636775448,66.85041141226638,64.67540297296952,62.163244269969226,58.3735272144983,54.576883874722554,52.5684726500248,51.662010907150325,51.080080125249154,50.312275926901115,49.29610051002593,48.08641325334156,46.766129799121344,45.41843394393947,44.122514378550584,42.967375247761645,42.03736713192722
40,0.14944423938516466,300.0,0.0,0.0,0.0,0.0,0.0,0.0,0.0,0.0,0.0,0.0,3.803934902263011,8.71288797352928,16.3469886960879,29.31517616328303,46.352205875448135,61.82181633589971,71.19695971691412,74.59097728440413,76.93562159091836,78.33221868103264,76.61104307799489,72.62352203785474,69.62362398148609,68.14594810948877,66.2823635765985,64.75220096005494,64.3350583452497,65.53954509160265,65.23620826490985,61.683965073511025,57.528009599754554,55.03348373860303,53.688190815484276,52.80116121068165,51.89532705400139,50.79570639667836,49.44434217251643,47.93300424002347,46.379932092003116,44.87642409220144,43.45041618786398,42.1133391061089
41,0.13532023527944612,300.0,0.0,0.0,0.0,0.0,0.0,0.0,0.0,0.0,0.0,0.0,4.18815493835207,8.820421772043279,15.57300839018017,26.80653724042967,42.22538957088831,57.644699299554006,68.10267817718213,71.55893680897296,72.65522907544327,73.72711627823439,72.97683265910648,70.93148969150317,68.68814636943993,66.82222965925314,64.98016308962926,63.852782628478636,63.9901499992951,64.22866395026566,62.142555086194825,58.09526729110067,54.40196550511728,52.13535844456256,50.75570011294631,49.761443192140575,48.823536062591124,47.850904575354924,46.81650621713286,45.71696596170615,44.55462082552325,43.3623664149538,42.2885208446608,41.49612566182983
42,0.09023409535927321,300.0,0.0,0.0,0.0,0.0,0.0,0.0,0.0,0.0,0.0,0.0,4.687140510705212,9.671839188181675,16.947376316677104,28.962461065685364,44.79517836448267,59.979288575452365,69.7004646170037,72.96382137931288,74.71087260849524,75.23680365697122,73.94854173524003,70.91424237498858,68.37175351184831,67.15812283833004,65.36321912807395,63.94761007138342,62.94770373387984,62.24142723895143,60.74398132938041,57.90633428393585,55.24102530297129,53.96677313128832,53.13847405168358,52.244665677108365,51.089808838427025,49.72108131706551,48.23693134460621,46.71948617359457,45.239757478603785,43.832908592407634,42.42523944576156,40.92693472598713
43,0.16424036133802813,300.0,0.0,0.0,0.0,0.0,0.0,0.0,0.0,0.0,0.0,0.0,4.024856944634174,8.970423266396368,16.51452230398455,28.975014144898164,44.82407253932736,58.85582470707644,67.4499803114078,71.12105617357693,73.08847559176994,73.78266211460799,73.33979677638112,70.32403072826469,67.97925395604777,67.10560580479792,67.27990318948945,67.95780884219829,67.13526323534012,65.03532643744599,61.890888913685544,57.91268766099664,54.5749793183838,53.17963155444908,52.74046385950966,52.444316830582096,51.78444814650328,50.70141834540939,49.26206818662092,47.5746674074259,45.75000882641407,43.88414141845358,42.04904206307881,40.30287594986087
44,0.09910413964411349,300.0,0.0,0.0,0.0,0.0,0.0,0.0,0.0,0.0,0.0,0.0,3.814274906708473,8.586786589029977,16.11012527691497,28.685891450625185,44.89345092620918,59.54515150171498,68.28252323022612,71.8837843304315,73.82959508005824,73.6031854708882,72.98670028140937,69.40081208549495,66.7894308016359,66.46243334892408,65.4734748457486,64.24841959486395,62.6794430476377,61.71132777459866,60.373021631169756,57.71997751619593,54.64900456887762,52.82882474717312,51.73060561488935,50.80150792182672,49.72532413164037,48.4892000578157,47.1487480700316,45.74809755087272,44.32532744872688,42.91873396125776,41.57947788796171,40.35640365206804
45,0.1793783934768886,300.0,0.0,0.0,0.0,0.0,0.0,0.0,0.0,0.0,0.0,0.0,3.8453431444529933,8.469566512458016,15.51250467455781,27.323652015032103,42.42723791006038,56.509590393600895,65.70264546845131,69.25627706434115,71.65057913054966,71.94414074784667,70.8627385325201,68.06012860640409,65.93475132454545,65.29995402767868,65.04677142784601,64.57785747182616,63.57497397642788,62.348718083293356,60.302578754640805,56.86552688851536,53.228885454104706,51.28328580232174,50.577078329746335,50.3717922318428,50.11687389440576,49.62288501546981,48.814228801569975,47.70146590412838,46.31918936264603,44.66733986716181,42.61095207590717,40.02125532461571
46,0.10107699126499568,300.0,0.0,0.0,0.0,0.0,0.0,0.0,0.0,0.0,0.0,0.0,4.324247839680123,9.209699311952678,16.407834490521203,28.29936948140787,43.689043963487066,58.219289379209755,67.85413239713084,71.44062144136797,73.08360195389663,73.42152385726752,73.07848279287022,70.41722771114627,66.97460915121331,64.48785947435232,62.35408897774744,61.20528177527109,61.66117565884965,62.46708582691054,61.84968208906394,58.94831610519128,55.42573883282824,53.292172432867936,51.831190550446564,50.551096470188575,49.25346150803428,47.932326698821456,46.619934376624535,45.32857254736131,44.06478952726886,42.83047036102503,41.6133647467013,40.39898927232471
47,0.11276035132972245,300.0,0.0,0.0,0.0,0.0,0.0,0.0,0.0,0.0,0.0,0.0,4.3291694835679575,9.278095528550983,16.611996731788167,28.61038984449002,44.396825589518116,59.91371437436728,70.46897045400219,74.6230818758038,77.45590457654944,79.11970213668339,77.23833893925189,72.69612052578967,69.20600116484732,67.80463979198123,67.341225769992,67.5139271474424,67.18541475953974,66.62195231735924,64.52887927323833,60.59123092684125,56.84700654103084,54.94317699290092,53.953496084112885,53.10674736864543,51.96248297503629,50.54712538373195,48.99302795977746,47.41847928679271,45.9273922343259,44.63871458042431,43.768840371184524,43.55123759539811
48,0.10401916115593203,300.0,0.0,0.0,0.0,0.0,0.0,0.0,0.0,0.0,0.0,0.0,4.06500008310459,8.91767890570622,16.221987441540684,28.38710894394239,43.893127735832486,58.17262719593746,67.83082069003044,70.84207587243768,71.83346304935884,72.78864929858338,71.57213548451382,68.7076193267526,66.0010981305645,64.94622400301108,65.16390628732142,64.70187408297035,62.68030575982185,61.008020112254044,60.43246760619615,59.4827458848475,56.9199864497511,54.03265269060577,52.21493102516619,51.15783732136147,50.29652302922328,49.401490217835956,48.358386384131165,47.174247041099974,45.88408985431207,44.494412974085584,42.911188457815605,41.03304896560078
49,0.1194437678426595,300.0,0.0,0.0,0.0,0.0,0.0,0.0,0.0,0.0,0.0,0.0,4.427356807361054,9.187520299468808,16.248422498176126,28.485072824735653,45.210850615717575,61.395161042505684,71.64490981282374,74.51214430105338,75.76148435520814,76.29395185230811,74.40295801809665,71.3840164511623,68.94110691448068,67.97729895206928,66.93825473677826,66.35818939807471,65.67597899859648,64.97413580499693,64.00306780685614,60.98053665611738,56.64575331877368,53.799582236412014,52.15106275770848,51.05396440821974,50.09580976857898,49.1588094784119,48.20379696731832,47.220191614483916,46.20429934149137,45.19455136042847,44.39065691520809,44.02022630580757
50,0.07893896368575407,300.0,0.0,0.0,0.0,0.0,0.0,0.0,0.0,0.0,0.0,0.0,4.066505134442722,8.651075257176851,15.577253419456524,27.561338204207207,43.59534127084042,58.022563971637396,66.85812122520949,71.08618226876315,73.3661488850226,73.53774815308815,71.65096042357919,68.1455766398176,66.02812037725126,65.56971712204343,64.67417540268069,64.04930501016159,62.58357439008162,61.25570399098576,59.88896231973468,57.33651100406532,54.14075401454931,52.26829903292235,51.26406378601837,50.34725571140656,49.02132207131228,47.45039595684614,45.89957547689732,44.47455418889578,43.23673130968038,42.25729704236356,41.66796054506224,41.61643568869347
51,0.21156038921006864,300.0,0.0,0.0,0.0,0.0,0.0,0.0,0.0,0.0,0.0,0.0,3.7039198912140576,8.39760656416495,15.820628348328778,28.36065447732061,44.61530052759837,59.26176382366413,67.4529208677504,69.93844805781315,71.7289445905627,72.37274564769997,70.57795297285776,67.85971067277674,66.97966395876468,66.276787680489,64.5481625761786,63.86355576700307,62.741465375870675,61.18840190290966,59.43514868947631,57.02053886502471,54.289102211057546,52.555035806779586,51.55028687037801,50.799756011969464,49.96728028588404,48.957990842313755,47.759907899633234,46.445177511810094,45.099652584852116,43.811978567384,42.70706958245916,41.90914978842715
52,0.16500797049766402,300.0,0.0,0.0,0.0,0.0,0.0,0.0,0.0,0.0,0.0,0.0,4.263728805813863,9.208402885492797,16.469350182855365,28.214746775550097,43.73325604128527,59.224226101612544,69.44164427452596,72.95766889958732,75.24449981376833,75.86724285991845,73.29688310330835,68.78952016330784,65.73693532417128,65.6681914487873,66.52397288944573,66.92171292004873,65.55645741626235,64.56306872798287,64.03190852548839,61.075697524793675,56.63900107341169,54.166916468878654,53.000807419878065,52.206970433948435,51.21929840181353,49.987145842662095,48.590542900405296,47.13399121038742,45.718301611786,44.45100475641203,43.50075409774798,43.04304054032678
53,0.14818509429937185,300.0,0.0,0.0,0.0,0.0,0.0,0.0,0.0,0.0,0.0,0.0,4.483520006715661,9.61523371624451,17.119155898415382,29.42621563440829,45.54883631006669,60.31099764293905,69.49640178494242,73.59573596893948,76.45761324633932,78.42772481568882,77.66883446935098,73.96753292123397,69.90141329016488,67.48329310286871,66.46402073536919,65.86301350794588,65.17646596370498,64.60306639898232,63.55658894609727,61.34296474865813,58.65596714875189,56.75059442298154,55.203828419966165,53.60784666128466,51.77858685712681,49.866278969291166,48.05867577094607,46.44798116560742,45.097001034371004,44.08093224463897,43.546260140290094,43.662124665712156
54,0.047462996823829574,300.0,0.0,0.0,0.0,0.0,0.0,0.0,0.0,0.0,0.0,0.0,4.213425328917597,9.294907117299925,16.769047123569194,29.01220262453809,44.78624135464309,59.302982587939105,69.2351573570711,72.81293438090908,74.02985432192833,75.03974149887104,74.05753462199378,71.35749515760072,68.66435337459217,67.20072049238442,66.36695804687369,65.86002446540157,64.82320263646857,63.943045163665495,62.65374655124603,60.34024299758024,57.43683873063237,54.76321001112576,52.86154256379119,51.38158433581616,49.90734045761198,48.41254966530954,46.95821746325628,45.603117302527174,44.40005377816299,43.41410002607994,42.77651221601254,42.63369414156121
55,0.06666112862683489,300.0,0.0,0.0,0.0,0.0,0.0,0.0,0.0,0.0,0.0,0.0,4.254255322589639,8.98352232664244,15.918763816325434,27.484695404060133,43.02222988112272,58.47246339883423,68.61989930585997,71.67023054236078,72.98381409422744,73.48024724831022,71.89840855666287,68.38019597991052,65.74743099738224,64.66239301099282,63.96179094936646,63.624118988150414,62.89246574657654,61.75838468669277,60.24174552229441,57.85764414567988,54.96769492942638,52.794751064296136,51.31359607291496,50.14558289188499,48.99597820344866,47.80953429942229,46.59067327053968,45.354943230324146,44.11894074617941,42.87898517797309,41.56076965083887,40.082503013717705
56,0.13401198055057453,300.0,0.0,0.0,0.0,0.0,0.0,0.0,0.0,0.0,0.0,0.0,4.400601769632326,9.101897566054259,15.891692022503424,27.01786192246941,42.11706598226016,57.064684853105405,66.74641649015051,70.13589060381999,72.34967030572092,72.71608770349165,70.4518268122832,67.33277779260501,65.20912701080597,63.76429614004342,62.99375569626308,62.4476326236831,60.37749914824094,58.94997964996029,58.35107309143009,56.97344980647601,55.018379362117685,53.83829819701136,52.85590288436387,51.58710187550603,49.84744186406286,47.89613505719727,46.023583764452184,44.33338465750762,42.87869363369783,41.72411116087205,41.00120146837346,40.85877469146128
57,0.09129599115620621,300.0,0.0,0.0,0.0,0.0,0.0,0.0,0.0,0.0,0.0,0.0,4.21706137508721,8.826783556351876,15.653902577827026,27.195820072340908,42.512094426160104,56.726599460107096,65.56982298168332,68.87453729107874,70.96960486929285,71.80109073888691,70.15414233014475,67.180080224213,64.94864495536162,63.76349834757871,63.31625489994853,63.111161974853395,62.05476438872446,60.688790083441596,58.43970868249889,54.92382979980454,51.769372300368794,50.25295824788468,49.70550183918227,49.32786713399425,48.5508253200825,47.3546280445002,45.873212281172734,44.29910459906024,42.818737589895534,41.61884968804604,40.96309634605897,41.136050981827296
58,0.1648812040067272,300.0,0.0,0.0,0.0,0.0,0.0,0.0,0.0,0.0,0.0,0.0,4.452924345507667,9.365443412790658,16.40292240797898,27.82660980930441,42.54292305561358,56.71064589629201,66.99994116277912,71.06966102749213,74.46354579913525,75.62862582909715,74.25968590151543,71.36118581972868,68.44862645888446,66.50656247977857,66.14398727890917,66.69947305652967,66.24620113838282,65.22384484035719,63.75672880758934,61.04265287063188,57.94069264917346,55.89391487871307,54.71608374684412,53.728282900540165,52.41023457997049,50.82479296061046,49.1545644891195,47.53241565901845,46.06707804704982,44.859533864765034,44.0242136647402,43.67808407837127
59,0.11007926957904282,300.0,0.0,0.0,0.0,0.0,0.0,0.0,0.0,0.0,0.0,0.0,5.162788929722729,10.4013663999154,17.570566369570788,29.04349597544021,44.79948232597684,60.67802224781107,71.16002754767692,74.92243586895367,76.35041924160078,77.26054020996656,76.51980689763971,73.11051184238636,69.52321400691636,67.8663292562561,67.32226074480332,67.04007357301833,65.80889928511478,64.38652021193366,63.197590965289606,61.02621493991043,58.07128967962171,55.99608610495553,54.62735115577176,53.54402814611188,52.45672952909005,51.23980886499008,49.844191196676405,48.3468007399299,46.84613926444242,45.44350080014789,44.28374043212638,43.5118519971764
60,0.047473590027264735,300.0,0.0,0.0,0.0,0.0,0.0,0.0,0.0,0.0,0.0,0.0,4.048769070761088,8.88990166213133,16.307656264520325,28.548505630082555,43.9911979953947,58.42427570849459,68.73581120125905,72.79252042239946,74.12168441211145,74.53506942516513,73.56042610885719,70.20257888923871,66.63137208120156,64.95431301377418,65.02229305912871,64.9233719154697,63.57281565169962,62.32548901370422,61.2717664396741,58.996770622024904,55.775909458189005,53.410975742709354,51.9791769622592,50.93647262527547,49.83193812824206,48.579665887225794,47.2011853885231,45.790398806415325,44.44866240418216,43.318868532562604,42.740792895347575,43.102365022949144
61,0.1866885964861111,300.0,0.0,0.0,0.0,0.0,0.0,0.0,0.0,0.0,0.0,0.0,4.2733506902676055,9.099877264128217,16.030868733156783,27.342527816760118,42.6437715914868,57.87367663707799,67.61162997708803,70.37773395997655,70.28522352421012,71.09999574035037,71.57014474686031,68.72901541595823,65.97481643221856,65.18167975316702,64.36229278739322,63.5606205345166,62.32789983803493,60.72903070588326,58.67832973049373,56.39541512767128,54.65860258982703,53.41996332505675,52.09790838166223,50.63360570373,49.12000774344613,47.64764240234163,46.27798213974512,44.98761666889618,43.736208236119936,42.4368545141299,40.818713796655494,38.612801942219896
62,0.07736743206896109,300.0,0.0,0.0,0.0,0.0,0.0,0.0,0.0,0.0,0.0,0.0,4.1886486912913865,9.083120725144344,16.431973545730976,28.292771733906907,43.54178931764595,58.05486431297624,67.97018440030558,72.2099833337205,75.17959395944452,75.53446498921224,74.6420710873822,71.909431417645,68.45101105223331,66.2496776369497,65.04960070222316,64.29105433844774,63.21683257504055,62.96962017920236,62.860698691084615,60.478034166577835,56.43578737094158,53.26141382358815,51.50768141881761,50.62624959466685,50.04479987187515,49.415051984847416,48.5122649954214,47.36664509996844,46.06763488623195,44.69622521600048,43.31768129954203,41.987889230464056
63,0.08171086495763195,300.0,0.0,0.0,0.0,0.0,0.0,0.0,0.0,0.0,0.0,0.0,4.369778551311219,9.52887992152394,17.198243913363093,29.43311565118414,44.943238318441686,59.59236169178246,69.98898704877863,73.99096277728736,75.78666108147411,75.88144272943114,74.47099522815816,71.87914986102965,69.46385133443444,67.49430956526136,65.55287813488717,64.27941949565275,63.4061695869937,63.34968502601044,62.12749441262465,58.908711409033906,56.207047674099115,55.13852574538949,54.415757807609275,53.46748315448153,52.1244218641686,50.51909315561523,48.83179729392396,47.180002704625714,45.6555936395527,44.333988615812125,43.26533289043499,42.49247045749344
64,0.16987124086337616,300.0,0.0,0.0,0.0,0.0,0.0,0.0,0.0,0.0,0.0,0.0,3.6541568837762686,8.299805922763488,15.428987634453742,27.055743270264756,41.71327097631005,56.0079052624431,66.64583068888338,70.70429603097874,72.26464373495934,72.40351859138656,71.15853662335624,69.09509189691929,67.29199768347762,65.75017426788817,64.19470443795718,64.41717095188861,65.20771388045789,65.43581801314117,63.32334702718322,58.81293769322002,54.770420652211435,52.8297640511828,51.675960150462316,50.71693290803554,49.758764431912084,48.76639348960214,47.74030609937414,46.67243520237547,45.55324644760479,44.33535320004747,42.826990924767486,40.832204159832564
65,0.1067790263077921,300.0,0.0,0.0,0.0,0.0,0.0,0.0,0.0,0.0,0.0,0.0,4.025785562674916,8.769120349447611,15.927123461705959,27.826762072424938,43.04245384473553,57.616177101662345,68.14877580264469,71.87253703963638,72.94457331543433,74.17605962663173,73.64063238872363,70.03181920038568,65.56219689836017,64.50329737043018,65.88200888929795,66.24643118784805,64.55200960939115,62.03373245433237,59.58247049233677,56.95748480969211,54.794320599849485,53.83405315815841,53.23556465779108,52.45489947845747,51.23352011348759,49.673819115101814,47.94465218449371,46.154708380242305,44.38872618329466,42.760171924361295,41.52470437609894,40.95219601836839
66,0.11364651333575687,300.0,0.0,0.0,0.0,0.0,0.0,0.0,0.0,0.0,0.0,0.0,4.681276695374419,9.745601714608004,17.01904212005301,28.655628397390416,43.69388163795794,58.44787532284681,69.08604433265792,72.9182337806392,74.52440360444504,75.84476108287028,75.92936649425386,72.22721638163033,67.90876904951082,66.16725583331224,67.00244992193481,67.94227125171108,66.84294175389338,65.48878215445781,64.21559045429333,61.718249697485874,58.53912261600844,56.00185454806412,54.121294480948784,52.56565648845437,51.082485686951266,49.63781564990861,48.24550164443217,46.91141366091934,45.63869638862991,44.402083272392815,43.07182705902088,41.508371436627655
67,0.2084889873054414,300.0,0.0,0.0,0.0,0.0,0.0,0.0,0.0,0.0,0.0,0.0,4.743030991738758,9.531351539490263,16.654373242807104,28.938444543592944,44.76670243551002,58.543337678547026,67.73537583063533,71.63784636887945,73.13226252097091,73.32554941433833,72.01565932394439,69.15535344263985,66.0530665236343,64.5626482164669,63.31577168220679,62.20036294135872,61.72203730229449,61.879160316223015,61.30909055723343,59.174152421815876,56.820502401060814,55.454803756410925,54.40060371054221,53.256468439819,51.88233511245475,50.389471598840274,48.89988334480308,47.38199300485358,45.77422887419096,44.00961601776107,41.97894856869864,39.588108928950206
68,0.11005811611695325,300.0,0.0,0.0,0.0,0.0,0.0,0.0,0.0,0.0,0.0,0.0,4.238963896230049,8.846574949699463,15.670592050422503,26.90544186474881,41.547078854136046,55.94311340819157,66.13077923612805,69.63010247662463,69.90145007556396,70.4070870071536,69.3724239839495,66.07075537662836,63.598412732894495,62.980964091652915,62.999842277930846,63.14455747799863,62.30042586449071,60.95759237868017,59.340039584418,56.73602931781274,54.06465043510219,52.01874431722808,50.50652295094978,49.26684272761552,48.08005162647865,46.8419199278489,45.508275418442835,44.144791444390755,42.835209765631724,41.68769546039877,40.93409951172476,40.82943240856006
69,0.10716299886482991,300.0,0.0,0.0,0.0,0.0,0.0,0.0,0.0,0.0,0.0,0.0,4.294741718045853,9.232447521424188,16.388478833678988,27.81264468043291,42.610303539999514,57.46322101976293,68.41300234615493,72.286962745571,73.73403461600653,74.41144127897942,72.11590873786369,68.89755828996313,67.24360066884624,67.35011863746145,67.42790424653752,66.63276299424598,65.11236745672466,63.90468199978575,62.78245381796983,60.52939680041332,56.91195321293867,53.377335921643486,51.08938244697895,49.76636978531738,48.90708927820213,48.14107465483419,47.21338890354815,46.16717748334759,45.11113376985922,44.14281839341049,43.34517781970986,42.79429345331542
70,0.05800901039595794,300.0,0.0,0.0,0.0,0.0,0.0,0.0,0.0,0.0,0.0,0.0,4.500098963176991,9.347490478741781,16.45203863155534,28.04826111285101,43.03824491628753,57.23074158193182,66.93826829502878,71.02558936663581,73.00713952134579,73.41370024913921,71.95364711766247,68.59319232499564,66.41501569447367,65.60243652433536,64.88319596757566,64.30110361498791,63.82206412008488,62.82873577958969,60.91946996839591,58.376885361104925,55.43632649631769,53.208438853256794,51.80609530108805,50.738221061114984,49.58068279147912,48.34389969466294,47.126930767007316,45.990295937034894,44.98124804589357,44.12419640805857,43.36912419236228,42.65165925565217
71,0.19690515364142375,300.0,0.0,0.0,0.0,0.0,0.0,0.0,0.0,0.0,0.0,0.0,4.158303591545888,8.802300585125549,15.60229235789103,26.720233105398396,41.44381265926087,55.82319621819876,65.6649707220322,69.43940645738104,71.23451005589243,72.9890032659567,73.56378416542803,70.74575569332193,66.81962149895962,64.67453651531808,63.34218934769403,62.59807249938955,62.27694621605651,62.30570388787624,60.85542219863381,57.50492186147778,54.38183996602644,52.64074572525074,51.67116872827589,50.9386495041945,50.104624737933825,49.10816545654612,47.96053061836576,46.68910304790333,45.32376419989713,43.91943643002151,42.63037736572024,41.61880964519213
72,0.05442307095350553,300.0,0.0,0.0,0.0,0.0,0.0,0.0,0.0,0.0,0.0,0.0,4.041204909805131,8.657561362957095,15.761692305579258,28.038491642793286,43.643533813268846,57.61662031372672,67.26068388558221,70.80199922192396,72.41046238406938,73.98341470829497,72.81478779307767,69.60599982470897,66.89754327525394,65.93967013684184,65.60531524665805,64.51929098862495,62.10093224772014,60.41093701287353,59.784280546516335,58.59334640485049,56.120902756834056,53.662327839626876,51.92457504150658,50.587383379453975,49.25985630928155,47.89847732740011,46.541421258586304,45.233172262211525,44.01541560516021,42.94560960690523,42.15693965293331,41.79574899751381
73,0.08698619549372802,300.0,0.0,0.0,0.0,0.0,0.0,0.0,0.0,0.0,0.0,0.0,4.524819081040793,9.682773883516793,17.268600071503762,28.99747667292356,44.01676829770199,59.67293579174095,70.69732709339821,74.02735399092643,75.21555825860753,77.2746798513857,75.5758827905108,71.60455665960366,69.18356240422521,68.38004419566992,67.34760774773248,66.32197150104477,65.79691842540907,65.70688857789955,64.69379165221929,61.73026855961425,58.34638642050232,56.27140446613315,54.72309344875748,53.36921656890549,52.152961765698024,51.01735536807813,49.90217443533477,48.72751336726716,47.41479620462079,45.86044835268842,43.84650829379118,41.17761386861403
74,0.024829946723479553,300.0,0.0,0.0,0.0,0.0,0.0,0.0,0.0,0.0,0.0,0.0,4.184127406622164,9.103616728219178,16.458530283591696,28.70740426773294,44.68681289750914,59.00683355383259,68.09140411304148,71.81670049261473,73.90040699787544,74.6835219551869,73.00891908008563,69.88320882159934,67.64669415761354,66.63665277257495,65.99746957711089,64.61205811314407,62.88119765560284,62.54678239011045,62.45927039317402,59.89946705456975,56.10471176689702,53.60787225312857,52.05406712250326,50.921451024424144,49.89770456777214,48.837527783459976,47.6670076813761,46.4187503796437,45.14683891011917,43.91056437946737,42.80474883657448,41.9250265574395
75,0.11968357763815214,300.0,0.0,0.0,0.0,0.0,0.0,0.0,0.0,0.0,0.0,0.0,4.101626318800848,9.165468755094613,17.02869916391041,30.065517492339062,46.474134190804854,61.40764965726238,71.70901431478194,75.86983712623812,77.71848020965847,77.75332315723024,76.48802245233577,74.33936009068763,71.95156079323513,70.02877051831504,68.75568991776407,67.93708643795935,66.43427464200998,65.84134947350304,65.51822313046844,63.16572118198718,59.057548940453,55.89521860247696,54.17586786511134,53.22727950162263,52.40069798448597,51.43529861192817,50.20726110562241,48.742652498344846,47.10215547561319,45.33283721137389,43.44011190147808,41.422992446656195
76,0.22483679906851176,300.0,0.0,0.0,0.0,0.0,0.0,0.0,0.0,0.0,0.0,0.0,3.9607528943372308,8.847217685845756,16.285316490242558,28.41871528178328,43.76415488734942,58.81557821159555,69.75138869376194,73.49267008967752,73.50175522579826,73.82809806088261,73.6643491878227,70.73569257495842,67.1821991170655,66.7095631058284,67.98659188357448,68.1602269133673,65.91571906639923,62.77217861789693,59.395927545528274,56.38670359985779,53.715104559384166,51.98146570553765,51.22119059584815,50.79283772089328,50.084703572128895,49.01988521386322,47.670829137463336,46.166808056243134,44.63927176530745,43.18290983703257,41.798660141272286,40.46708571877797
77,0.1083728937691743,300.0,0.0,0.0,0.0,0.0,0.0,0.0,0.0,0.0,0.0,0.0,4.328389066212081,8.772327712845643,15.214814069127081,26.086171307389183,40.64267217781607,54.881692806509484,65.32796697850159,69.13184029724503,70.51279620870325,71.74301039980476,71.162043757621,67.73114088986422,64.35821777724273,63.68794358040243,63.21798469456259,62.10592874511365,60.81971684716945,60.55214521168492,59.48306757753446,56.58115014014936,53.693386800458526,52.15996427131984,51.08412480694764,49.847177000525534,48.18842941799901,46.3665086953346,44.67814212558201,43.19776858148799,41.94592775769885,40.96538553604371,40.391749974002565,40.38473898511255
78,0.1400351916299044,300.0,0.0,0.0,0.0,0.0,0.0,0.0,0.0,0.0,0.0,0.0,4.3908353394450845,9.534594705612296,17.17402549109166,29.966139046585905,46.50769154264003,61.8561976172339,72.35331433161222,76.37635460903918,78.31857870516981,78.6296570833335,76.80498745438547,74.24238146730772,72.08055779853999,70.71554611536732,70.43964606180965,69.95025572373768,67.18480761294578,63.907159506545746,62.07811518706804,60.70277128724194,58.788559257086085,56.5262410310978,54.94994844442186,53.98537396899375,53.27764591335615,52.525561162285264,51.50739815560193,50.23712673067988,48.784526523565525,47.209467152465024,45.54437195293297,43.81379613076273
79,0.16820031463224733,300.0,0.0,0.0,0.0,0.0,0.0,0.0,0.0,0.0,0.0,0.0,4.183376271541158,9.002459241137442,16.067540014709618,27.77762152042264,42.97789654119025,56.979514145876635,66.19347678280361,69.296277386631,69.86228302812812,70.20682539875615,69.63497929009233,67.39341237905037,65.08182026439117,64.76133505728689,65.45453470791908,65.3681875616874,63.82665916726431,62.05060156970217,60.21129401743158,57.54635347141824,54.32737461962876,51.908777531561086,50.52253986581774,49.67928802976294,48.8989720791355,47.994590095571205,46.892182367213984,45.66622654351823,44.41956647937665,43.248327571337825,42.25315589061831,41.52957164127228
80,0.13017081570783315,300.0,0.0,0.0,0.0,0.0,0.0,0.0,0.0,0.0,0.0,0.0,3.779228970353529,8.40935297610438,15.331951304735261,26.725656422282167,41.88093601972833,56.40077074969761,66.39625921723426,70.45741259387057,72.60327259254063,73.2495101376822,72.71035165371634,70.4426018918552,67.39724017908523,65.32176490230518,65.35375253593767,66.03234729076914,65.09233809149207,63.52391941777202,62.07794156949895,59.88011747264322,57.137585115518824,55.009922403582465,53.32621719077121,51.792917285248464,50.24132797226073,48.677486483433995,47.1495791839798,45.72070409364089,44.450993807454694,43.41261910703018,42.74654086171969,42.6095227662696
81,0.06873670809363767,300.0,0.0,0.0,0.0,0.0,0.0,0.0,0.0,0.0,0.0,0.0,4.37566007493513,9.202700076423051,16.37536797539955,28.52236626776641,44.150951591995195,58.063477374608716,66.93895240162745,70.3153721717347,73.00423112728635,73.45645689056173,71.16695565356767,68.18120472962615,66.14661143890315,65.33720615998072,65.09483088333586,63.9617460542718,62.1057640843447,61.057349508196026,60.07943141608995,57.59773553663401,54.2158864911107,52.200351894480576,51.10729026782012,50.27395897439617,49.295347366886325,48.162597719864536,46.95561500686086,45.73790600278172,44.56418920134694,43.4362999618473,42.1727703978284,40.57017299578998
82,0.06525251277519759,300.0,0.0,0.0,0.0,0.0,0.0,0.0,0.0,0.0,0.0,0.0,4.4935187858033006,9.560413285148401,17.088954601973604,29.62171181918901,45.99382900904374,61.53514026311505,72.32202375066885,75.94811601304859,77.59877568569038,79.55722066289641,78.26368515135007,73.85518096728593,70.1546566265154,69.13588327492961,68.89038897309844,68.79274296869737,68.21268705916482,67.1653082649369,65.5565251866358,62.805016494558465,59.326791130410164,56.61341761589707,54.72784787066605,53.36080434953174,52.250270585019784,51.19014141347684,50.03384662370999,48.787399809935536,47.49084069440427,46.1890454797665,44.955561185793826,43.86409457445243
83,0.11820403232506813,300.0,0.0,0.0,0.0,0.0,0.0,0.0,0.0,0.0,0.0,0.0,4.2641801470788545,9.099409213068153,16.30526143255834,28.178790607095564,44.17400289227901,61.03162308047806,72.12769748364657,74.8118767375598,75.1289530020639,76.74530135361955,76.21680861054747,72.31179879434694,69.12470628632494,67.74757403084939,66.73678999679528,66.14963801011905,66.0362941558239,65.56106010906242,63.46948467749627,60.38116697869474,57.65295201017997,55.39386942539579,53.55567342220025,52.02230372146873,50.66873474557966,49.408131885756305,48.17915016470031,46.970848520279986,45.78377762804299,44.59303304428206,43.27913816726012,41.714262363445265
84,0.07866310724895263,300.0,0.0,0.0,0.0,0.0,0.0,0.0,0.0,0.0,0.0,0.0,3.9649181963144287,8.66350050510239,16.00317982082846,28.339815417581416,43.96683243510515,58.14019474533323,67.74613239636975,71.68340498021628,73.56821552334283,74.79390708491003,74.75552613193011,71.16795695008253,67.2491975359303,66.50308434384041,67.19467009148295,67.4990455741761,66.20225239941105,64.77803882830862,63.14522879897849,59.62763076150891,55.65386553014445,53.68105979480548,52.64357925177541,51.82736535703746,50.91419911734304,49.8334034408009,48.59079159684883,47.250044488489415,45.88310252687507,44.551073670927714,43.29578199350645,42.15106302914496
85,0.13527784732079615,300.0,0.0,0.0,0.0,0.0,0.0,0.0,0.0,0.0,0.0,0.0,4.464306329202458,9.044236735261238,15.695872633296341,27.114779731112016,42.27598606636624,56.57276458679706,66.84577183279296,70.81185760647399,72.2938078658671,71.92085897503691,70.43969725899727,68.52463649558976,66.49687779960756,64.17073866825466,62.302479196059075,62.08559664910905,62.69775194146664,63.511348662541614,62.732932287035304,59.487269005719746,55.34029437521576,52.842558382682114,51.65692481693599,50.91077420644949,49.96437064343736,48.75487875076832,47.36599074742988,45.90791993135486,44.4870078780619,43.219994481378826,42.30139328214191,41.9359128008086
86,0.1687297962048125,300.0,0.0,0.0,0.0,0.0,0.0,0.0,0.0,0.0,0.0,0.0,4.042424293722727,8.74772958369744,15.768737955721072,27.488480451056112,43.17888712073471,58.410335832006744,68.81794830073065,73.18090056489801,76.25743104234294,77.32435008176371,75.39741557857275,70.78585818554484,67.98446155214376,67.18255075601793,67.27207652671727,67.32028593020847,65.64899832707955,64.77390655917843,64.05105381559262,61.55599997571362,58.32331203297444,56.45590348344776,55.17444934960268,53.88935101964421,52.363524167624725,50.721247870737514,49.13540614863747,47.68196177173097,46.40897102849929,45.38192061559611,44.75095671096534,44.686725935814984
87,0.10314853261832994,300.0,0.0,0.0,0.0,0.0,0.0,0.0,0.0,0.0,0.0,0.0,4.128311697741418,8.850221051694465,15.722644666747183,27.043973068399914,42.63235546547133,58.5951456192543,68.91442855186851,71.82053579463643,73.02614380811784,74.31678475067791,72.63936872398406,68.62671846752546,66.30448875472464,65.02436940075813,63.842137942578844,63.3530869511867,62.69982985623164,61.84741546827965,60.27758586942631,57.28157221706523,54.05213404663559,52.050769876080345,50.78285871435159,49.74377196899416,48.636528407650616,47.43209300401494,46.16547619195681,44.875907009952805,43.600186421194586,42.362867844111776,41.154663945177596,39.95949351980226
88,0.08974120782158672,300.0,0.0,0.0,0.0,0.0,0.0,0.0,0.0,0.0,0.0,0.0,4.033261190721733,8.684287548473039,15.714505575944745,27.36602484330528,41.89037002709222,55.214449032253285,64.84580959351221,68.69702198497076,70.2142431326652,71.0868648551942,70.10077496268465,66.72968151589843,63.58253873382524,62.006097516274735,61.432757415166414,61.40504230469395,60.28952274052936,59.53221623967049,58.65936764899341,56.67708388014136,54.06331062230645,51.27003630731106,49.0022785766655,47.325734814127934,46.11411623081865,45.154849605474006,44.26062097604238,43.37764965653828,42.484939037864095,41.55375086999041,40.522368082294925,39.32727691090834
89,0.09570779420997917,300.0,0.0,0.0,0.0,0.0,0.0,0.0,0.0,0.0,0.0,0.0,4.434999286200003,9.444234808578269,16.90938039875766,29.47826192134148,46.13405949286721,61.77556513881554,72.26074483862433,76.20209273435898,78.65338010250575,79.38103570570219,77.92456392227025,74.98091066072274,72.05611225442095,70.57114537917721,69.39354484205457,68.4661098463593,67.30750492754454,66.72779866894433,66.10335130310467,64.01918553480112,61.092946156452136,58.93040350978412,57.39404647014841,56.08724923154417,54.73796067624613,53.27718727242327,51.706368019245176,50.10417558449563,48.55880747346404,47.14737305597833,45.93719992241537,44.98903021858659
90,0.19335963057038824,300.0,0.0,0.0,0.0,0.0,0.0,0.0,0.0,0.0,0.0,0.0,5.38125486966351,10.581166237011901,17.89827948348085,30.014543917241895,45.93808220496846,61.3031315914505,71.80615453457733,75.926929022107,77.84012749298161,78.84089991874022,77.18128509400887,73.45858316363517,70.2470549079647,69.33899191548265,69.44044850122243,69.06869127293994,67.73815530595301,66.26958113554855,64.34656316294233,61.703954116152346,58.66607466947899,56.13686643141268,54.1766091629441,52.48955630831205,50.841089546570515,49.25216251775888,47.79011530855928,46.49251324105628,45.38738736453683,44.50837982356799,43.91907638211913,43.69112887932322
91,0.08906459356856102,300.0,0.0,0.0,0.0,0.0,0.0,0.0,0.0,0.0,0.0,0.0,4.208595234595482,9.1209166042699,16.409931380991434,28.403160395499597,43.97386875524696,58.91544405969592,68.66718093087714,72.34090069271453,75.55389358134903,76.3206792624889,74.85556355502274,71.80639408192127,69.23176924879422,68.97002300333362,67.89195046404531,65.83938572548796,64.79311881866445,64.94671606264458,64.50722325436847,61.724141975067276,57.748910854205434,55.08871925274199,53.44657697934186,52.160959379149446,50.79307900181029,49.27203035881949,47.63987799303653,46.03241720240061,44.59155366021626,43.480663296898534,43.00443245424659,43.51211280202378
92,0.11274290607663531,300.0,0.0,0.0,0.0,0.0,0.0,0.0,0.0,0.0,0.0,0.0,4.066049851052818,8.985947775918602,16.40621745461631,28.40574068089316,43.93490828782658,59.196804749403164,69.58562012998155,73.29099139464776,74.92098819958555,76.48414037246468,76.00329029408816,72.1240229220037,68.16178942520015,68.1646191677877,69.52197840599028,69.22912636950983,67.44518473546742,65.92116021028059,63.96924836711991,61.57251165987655,59.338662545304665,57.06911312877913,55.017433445727384,53.25853065172194,51.757855056106855,50.407713087363774,49.119133386775125,47.9160745122738,46.84516507465819,45.959381525294965,45.35064257055843,45.119529582322926
93,0.06545410082176246,300.0,0.0,0.0,0.0,0.0,0.0,0.0,0.0,0.0,0.0,0.0,4.268355609397799,9.023917504725496,16.179762021408322,28.3704167335907,44.48469739445695,59.0344373852538,68.12121001956255,71.21848025129478,72.92167861675304,73.76666164284761,73.06840044962004,69.94720090002843,66.84890966329664,66.95409834099826,67.79272747541665,66.79510095643764,64.63942015054741,63.33021756819414,61.509290169493724,58.31285798585205,55.31551173104446,53.57984128859287,52.349477621660895,51.276316247712224,50.23475734969512,49.1318083925679,47.905065795302974,46.566364133792774,45.14391389580353,43.7041597549143,42.46252036371567,41.64943607434619
94,0.1294145762761107,300.0,0.0,0.0,0.0,0.0,0.0,0.0,0.0,0.0,0.0,0.0,3.9930860369582963,8.516711503049272,15.216144404820374,26.522315037643757,41.49306978798713,55.78512888213176,65.47560761785049,68.63885405863545,69.59213374876663,70.605881393668,69.70392285069588,66.49969930726844,64.11078432635975,63.46872059105577,62.968097783260205,62.97886341943495,62.067439015223236,61.43158512204443,60.348716623287295,57.75067052755334,54.93870141306271,53.2123191296288,51.87861218444516,50.566502977944694,49.16922817330148,47.7757086938198,46.48914424584601,45.32102914905057,44.26164210071061,43.303367666651546,42.445129067951314,41.68733303189132
95,0.06047447747662384,300.0,0.0,0.0,0.0,0.0,0.0,0.0,0.0,0.0,0.0,0.0,4.176005397333493,9.332463936898518,17.291770683429892,30.13538120033711,46.06353325820534,60.86920948901032,70.68615265768285,74.33095548198453,76.16044213882222,77.8017794744177,76.40876210442379,72.87659138077782,70.07274398233535,68.47666450870031,67.39989818911842,67.5405259852707,67.21491313623144,66.5039939835712,64.8105566859629,62.009278897877316,59.32126618146781,57.019818775981506,55.12529167918862,53.49836977773294,51.99434880278143,50.57421517179107,49.2293095059548,47.97117641191788,46.81442877979545,45.78809185484709,44.98254722895987,44.49905249455794
96,0.08647480608755195,300.0,0.0,0.0,0.0,0.0,0.0,0.0,0.0,0.0,0.0,0.0,4.353142682951553,9.463159854144777,17.212287724469835,29.892679985527128,45.566757405343125,59.75104267100641,69.30163531199199,73.58352485117301,76.00379506309275,76.76721297628009,75.97807251052045,73.3647072276526,69.90803034460801,68.02286256083751,67.13706661685117,66.7191137204417,65.55437558832767,64.72881284293167,63.48285874978931,60.84493084045144,58.465730298404495,57.391371034929946,56.29771445974588,54.84807310770107,53.13497069287179,51.3544597993018,49.68241380470824,48.18162113775077,46.88487017978765,45.81602102547426,44.975913477865284,44.36177075120666
97,0.09886459003682839,300.0,0.0,0.0,0.0,0.0,0.0,0.0,0.0,0.0,0.0,0.0,4.157348196007058,8.876542285310146,15.888601275365533,27.47633848473998,42.38662525922945,56.510725622118095,66.34019020854491,69.40118620917853,70.6336385401584,71.98528862297765,71.2773065072417,67.24653417538062,63.56094670718784,63.139350229592544,63.884665497022716,64.54458514950801,63.05474012516806,60.84748041458791,59.00834534854766,56.78413393149965,53.931340423471035,51.3699415365529,49.513106811255966,48.177768650026664,47.1172878428061,46.14419094813822,45.1284416525729,44.083308676886375,43.053048093540156,42.11876407214932,41.51671887976781,41.51469920941052
98,0.1296384860230781,300.0,0.0,0.0,0.0,0.0,0.0,0.0,0.0,0.0,0.0,0.0,4.022720838564407,8.500893030795039,15.249660241800298,26.743732548950373,42.094999121587854,56.56461100990579,65.95052297059733,70.14630505591711,71.7351397934635,71.26788736499192,70.34236343271715,68.1065035313255,65.12732533975999,63.317944392273894,62.41445727799153,62.98764382958299,63.42356630605849,62.74674427439585,60.68399160058741,57.3331812512126,53.77509281538299,51.31971468078003,49.935229870310664,48.955844757989304,47.818334956912985,46.503852028008694,45.11826160212216,43.760174409578994,42.51742543619801,41.46242523807229,40.640384705780264,40.08978660583941
99,0.2949459875817065,300.0,0.0,0.0,0.0,0.0,0.0,0.0,0.0,0.0,0.0,0.0,4.970256858675186,10.438846164629016,18.373999696685964,31.42616825557805,48.71413838366181,66.09957943750226,78.16200707036757,82.55038201886215,83.97953574457401,85.4135922735624,84.08488745276703,79.87968243781961,76.51951793745492,75.33965939077505,75.07175652871412,74.96336656705952,74.19047104484667,73.6114930771669,72.96246251530644,70.00072232688488,65.77172311772087,62.68632762643861,60.700538743530466,59.2828874208429,58.03255454958621,56.77693666919745,55.42884740229822,54.004989968630085,52.54410573280613,51.09279262719908,49.73828089260306,48.56956176563465
100,0.20593465338549216,300.0,0.0,0.0,0.0,0.0,0.0,0.0,0.0,0.0,0.0,0.0,4.439936742911559,9.117167076726359,15.834590093487906,26.956473692699443,41.49077598839461,54.540373202864885,62.9951726670248,66.57292591532823,68.90614648132092,69.87714932571228,68.14316470235977,64.90250312158905,62.634531095320604,61.395201892926565,61.24884226803318,62.251443150713946,61.6843928963125,59.75803275872614,57.49706581434109,54.35011312934339,50.68892922603883,48.389573200532226,47.30956990583507,46.68985593222723,45.93121463094763,44.97934551095844,43.90509822692403,42.75716033033979,41.575850442534666,40.39599738972927,39.243003628235776,38.137846699737786
101,0.10082900635216706,300.0,0.0,0.0,0.0,0.0,0.0,0.0,0.0,0.0,0.0,0.0,4.120374784804427,8.773721708195882,15.735573203021211,27.25370789118963,42.3643211476788,57.22818595757038,67.62109991252451,71.87385831176277,73.40177235171791,73.13256849836421,72.34360374556202,70.06082353196373,67.77678214527167,66.43355385577715,65.40486553481135,64.85731016980311,64.01412966525184,63.27387587943668,62.41254521706756,59.897685624567835,55.94810539034686,53.125416250732414,51.793113695685186,51.11733301684475,50.33167039221477,49.28330681815983,47.986644315823746,46.516904018709674,44.95809582611882,43.34805157827811,41.57693126796863,39.52168378634631
102,0.07861935341604899,300.0,0.0,0.0,0.0,0.0,0.0,0.0,0.0,0.0,0.0,0.0,4.094374101109817,8.831710212412174,15.914192447569727,28.0734245244686,44.374708230314894,58.38409307734541,66.34896745679299,69.91033820601504,72.02750126800791,72.93767655821974,71.84326458824277,67.83609074957108,64.9946463337642,64.90524695254153,64.33292128821924,62.853557372171004,61.037193740928,60.01264937642855,59.212597531595556,57.4819322224549,54.91761272716937,52.59021579542372,51.154275099670706,50.213088254963516,49.26622866025879,48.169938054780744,46.892409488708815,45.49096929725041,44.038699279007105,42.578247697907436,41.06051840197569,39.42320522762727
103,0.07475361366276849,300.0,0.0,0.0,0.0,0.0,0.0,0.0,0.0,0.0,0.0,0.0,4.7809742728630615,9.933615987091303,17.323060225720454,29.085305357321566,44.077296589944964,59.70948252293286,71.34755543732706,74.7894607835097,75.6369834739625,76.2416012757147,75.06378654775426,72.16221251950046,69.21635423440162,68.09310141542376,68.100803644404,67.96238304019786,66.6145395973366,64.8490357860882,63.19058878216395,60.36342922058158,56.818904956668476,54.571173797899846,53.38122837581191,52.5528494267507,51.57078925941223,50.35266958120837,48.94253145746756,47.461494115930904,46.03704345714648,44.79700614930755,43.91603086625027,43.574507131370574
104,0.0923446050490194,300.0,0.0,0.0,0.0,0.0,0.0,0.0,0.0,0.0,0.0,0.0,4.287182352260443,9.033681734057962,16.240405030134852,28.635907145044516,45.3767816684881,61.27382180428314,71.39625975424981,75.67624539445637,78.1719798930376,79.11626521500972,77.40841558261619,74.18611277541265,71.10212704876386,69.77926208785802,69.10058967917462,68.28055376340433,67.23184254747386,66.47314171050326,65.52474726059589,63.25492826499624,59.761154126711375,56.78060431459818,54.72797289341248,53.304616519542414,52.190558867523805,51.14987709010889,50.01447419858236,48.77326364346308,47.451673843245786,46.063313228920315,44.58248111702831,42.97869437869504
105,0.1116889179257538,300.0,0.0,0.0,0.0,0.0,0.0,0.0,0.0,0.0,0.0,0.0,3.8157259898023512,8.550567654988528,15.787233146119403,27.77694400014426,43.44978456554974,58.60590712530564,68.37506232327367,71.2716282369505,72.3977573908636,74.91752940854684,73.99638318809059,69.77477844144029,66.35300552484817,65.07340236565148,64.51610776702928,64.71766747543329,64.03472732911288,63.162901723076814,61.999214668571526,59.785320472431344,57.13674545337839,54.99804802347466,53.387592653612145,51.94975416187245,50.403670576138715,48.805956899145784,47.26856101155782,45.84201974517665,44.55870376292075,43.46080660930072,42.64089311930018,42.200692469281314
106,0.18730765765991925,300.0,0.0,0.0,0.0,0.0,0.0,0.0,0.0,0.0,0.0,0.0,4.524013414031733,9.351462998843198,16.597536184136935,29.063426611441013,45.50594859506627,60.517417593154306,70.22711695656785,73.71538962925085,74.51423597036306,74.77262746348337,74.71756647769261,73.07349046443136,69.60367633404871,67.14542349636183,65.7938136717892,65.27378482240483,64.96501222579748,64.32968595064911,61.96984480166301,57.89141156154392,54.4961616848564,53.33687708280095,53.051450830899604,52.786102050630454,52.10736488863371,51.03235131339879,49.682463849791176,48.146387107598926,46.49994161978513,44.76808336677254,42.80774505112174,40.466885995998595
107,0.07796412100277286,300.0,0.0,0.0,0.0,0.0,0.0,0.0,0.0,0.0,0.0,0.0,4.1041734944357735,9.067474625111712,16.484860418665193,28.51160297977042,44.01052743212353,57.90585189640632,66.4519208755433,69.82925894147164,71.94061388336512,72.35990137960567,71.82896005137776,69.91633606508819,66.17584261638946,64.38753029152106,64.7581451481831,65.12066325730576,64.55464929751422,63.245802794503085,61.479707011969275,58.454898859856954,54.70853775885111,52.3129786981487,51.14158202810392,50.39023467363798,49.42959361693533,48.242643943034835,46.94879748342582,45.63503109785638,44.37378119858404,43.18651192058966,41.92567026383142,40.42087138508203
108,0.18793499783601464,300.0,0.0,0.0,0.0,0.0,0.0,0.0,0.0,0.0,0.0,0.0,4.156990447552162,8.93810239547917,16.051638101316872,27.623292851590037,43.19783231478798,59.24797833504437,69.79977269967011,72.50596502817137,74.13641713353572,74.6970500738716,73.22277576305696,70.16168942748497,65.6721598681361,63.69063451493972,64.81328356129323,66.35989287379488,65.9870306133331,64.58173164786436,62.84790334360828,60.64349164969979,57.73074623139333,54.687565423752496,52.24680871347548,50.341343514293925,48.75210395959874,47.33912412718331,46.018096273018536,44.821507361967036,43.80450407854051,43.02227043506288,42.54639933026617,42.454509342200424
109,0.06803801540536823,300.0,0.0,0.0,0.0,0.0,0.0,0.0,0.0,0.0,0.0,0.0,3.9103789961695563,8.840683014875157,16.42463152206958,28.91618910689292,44.66174476620061,59.36282583435772,69.78720548270628,73.90987091458058,75.21664695330357,75.64563290511192,75.47855093586558,72.67445229616968,69.5358664106488,67.88395794302451,66.68242303320518,65.20532685909987,64.01279078224245,63.93846507714977,63.43153770942103,60.99539173374708,57.166234307875484,54.33991046597142,52.73804657175352,51.810367125150044,51.06392006203584,50.21698901438443,49.10457475761904,47.793479840995545,46.399555684124934,45.03437420429371,43.82431418555287,42.88913235024673
110,0.12199853398712143,300.0,0.0,0.0,0.0,0.0,0.0,0.0,0.0,0.0,0.0,0.0,3.9559316829194215,8.791077182500253,16.164073413334265,28.419009334133104,44.70208356632672,59.93913096667183,69.93799724720684,74.14224505784308,76.03793121307245,76.24139544743113,74.96573840719755,71.11709069659497,68.61902521573292,67.13766267464705,66.2934185023037,66.20287366049612,66.02353743965078,65.28508871689162,62.751597508405524,59.282364619446774,56.247805621151315,53.82103652520626,52.090168468046784,50.7611788887361,49.51183058865272,48.235222513581235,46.91188943650902,45.65126344061669,44.5819076825219,43.85671834284843,43.76622425542441,44.655355752974145
111,0.05273350920710318,300.0,0.0,0.0,0.0,0.0,0.0,0.0,0.0,0.0,0.0,0.0,4.150697297162351,8.88265008192805,15.895105628526183,27.368745068583838,42.42898252641419,57.21487456206996,67.48643879620172,71.4666306176718,73.77848901226416,74.446801079011,73.0028005764698,69.04489037522143,66.47874214979963,65.82255693876193,65.42614589048247,65.43736469319722,64.67798800162657,62.940096469740325,60.658581417396526,58.024280972216424,55.516738183469094,53.764054019057845,52.42794480438595,51.136945200794514,49.67658248695022,48.156677777703024,46.72769162247204,45.44391164869462,44.33418948119764,43.45181339529963,42.95433181692801,43.025643926755436
112,0.04833053371129477,300.0,0.0,0.0,0.0,0.0,0.0,0.0,0.0,0.0,0.0,0.0,4.204639602577829,9.146589019320315,16.43349815346743,28.4429531097413,43.96864506974467,58.18998993841038,67.89918219422637,71.84033501633618,72.86650172580843,73.21846542276947,72.67240424466641,69.66298689247972,65.98740030912421,64.37113747836608,63.98628239096707,64.1662898177185,63.792827222163325,62.621418734887726,61.48258534222508,59.31411195543067,55.84003269022002,53.42819873547745,52.02769148711526,50.98841189465381,49.83945855214729,48.53379514164776,47.13074759236865,45.71305330299724,44.36101678710337,43.144689854020704,42.124065479785415,41.3536398294724
113,0.10244150627903358,300.0,0.0,0.0,0.0,0.0,0.0,0.0,0.0,0.0,0.0,0.0,4.09011586402688,9.18012056402484,17.01197537064006,29.834577169266446,46.10200170001184,61.408054035146336,71.11168645313037,74.75680655656997,77.35872960576461,78.17637935690627,77.04693273375051,73.51316014391013,70.31448229305578,69.11910616761091,68.319784506296,67.5241519164135,65.85709034158056,64.19944372066824,62.01348333567924,59.021678097002365,56.65312926649383,55.78057443531723,55.12661509990515,54.098516105802155,52.544464741912016,50.75695758302821,49.058316704963545,47.569210444779216,46.3565429224414,45.47362045331985,44.940883319641856,44.77594643398407
114,0.09138305109679128,300.0,0.0,0.0,0.0,0.0,0.0,0.0,0.0,0.0,0.0,0.0,4.140439853209487,9.160440166571194,16.826578692447697,29.406827303495994,45.282722630553124,59.43035635784352,68.5934055359462,72.3055368138255,74.58592522703984,75.83595767389356,74.84541923272998,72.10322224091462,68.97313649504038,67.57445420960251,66.5361142981873,65.00345779514058,63.56457981007213,63.45413943297517,63.72728746200788,61.6349310515689,57.902059171406215,55.551139991503064,54.26047768426972,53.35218953535132,52.394726267447886,51.26672011844976,49.944849163687024,48.48424099301034,46.95395116669296,45.39634563988222,43.77351089074983,42.035678637772875
115,0.10850109793534304,300.0,0.0,0.0,0.0,0.0,0.0,0.0,0.0,0.0,0.0,0.0,4.534792950014514,9.203660079909895,15.996528428819143,27.63495102899868,43.250010696469175,57.99604169957384,67.23124656669557,70.57666781863,72.80929520599231,73.86045355011429,72.57237853950294,69.26585018957822,66.47174751262733,65.41174961149434,64.8499219884286,64.70021050702208,64.489773561173,64.7074861907772,64.55920641050099,62.04841380029704,57.73900260715856,54.52620658185795,52.60576571387469,51.405119390027295,50.443088215990564,49.41511170203266,48.13517808104582,46.67770811972632,45.170057005437826,43.74158113371718,42.5694544919914,41.82908024144439
116,0.12138206484857786,300.0,0.0,0.0,0.0,0.0,0.0,0.0,0.0,0.0,0.0,0.0,3.9280939600708127,8.81877289157403,16.309270976676984,28.254768334487164,42.93872291665047,56.2844838156116,65.71873597852152,70.08624999016568,72.80359779783193,72.73418011253911,70.62192432716337,67.59518309724908,64.4926645146319,63.31969467478417,63.09087811311561,62.9219519887844,61.43693147121344,60.20834708089884,59.28102115090142,56.84200149324588,53.7280117816001,52.071287369922324,51.021030601368444,49.941603779732525,48.57112186075948,47.02933571246984,45.49299656510876,44.05012573913322,42.760991787707155,41.710015559663404,41.09838016562144,41.15520639078332
117,0.12208879092012753,300.0,0.0,0.0,0.0,0.0,0.0,0.0,0.0,0.0,0.0,0.0,4.850915620931288,10.178731536475718,17.532731270887606,29.16927687012533,44.761530738250826,60.44810663047722,71.34611887582152,75.19498045727055,76.3216137625285,77.25929540581419,74.77043000694083,71.14575279514976,69.535494942082,68.58169040961802,67.96626750833268,67.96791186902439,67.06734767959509,65.5229780440871,62.935740055086754,59.88111164042047,57.24515043353946,55.04660869494232,53.405077867651066,52.17562724374792,51.15472502976975,50.19453555179792,49.182229000891446,48.07291848152295,46.84051265103641,45.48304538467203,44.079286545011506,42.71868675396022
118,0.0979131498027158,300.0,0.0,0.0,0.0,0.0,0.0,0.0,0.0,0.0,0.0,0.0,4.283855923741246,9.241817494077129,16.621139954047333,28.74314718141544,44.42227725208714,59.70075666052307,70.08442412995872,73.30186354491103,74.72239314090697,76.01071765873762,74.57170127493035,72.60351729286374,70.41761102647085,69.40255439258821,69.13167687104654,68.55905468088295,66.88720509056935,64.59090851833383,62.32979160083266,59.75809543247401,56.83162908921985,54.76276167150123,53.53675524910839,52.5974442496987,51.47961059279487,50.1322151076265,48.61921853296441,47.061215770387264,45.579787479645084,44.33012654949947,43.64311025185964,43.89043865095311
119,0.1304169931115331,300.0,0.0,0.0,0.0,0.0,0.0,0.0,0.0,0.0,0.0,0.0,4.0028160669561075,8.523368600209555,15.257664030869304,26.599048194368372,41.720197781383455,56.65922368613827,66.70132246777675,69.98654276815853,70.92688753966887,72.45554887395814,71.2435382390879,67.32027770306712,64.59930072750451,62.82149098853531,62.02505963040038,62.37345111262792,62.21256163604409,61.991033424276566,61.351192310173644,57.940036085963605,53.161608368684405,50.89203330445634,50.10239005983222,49.691068043024785,49.03208552526065,48.09473747495646,46.98742117007819,45.79440601501715,44.58853112211411,43.41365318720827,42.2246786368059,40.96078881228965
120,0.22174928289485735,300.0,0.0,0.0,0.0,0.0,0.0,0.0,0.0,0.0,0.0,0.0,4.748810222819732,9.649301018746575,16.805108608422334,29.004129917934534,45.25702740373122,60.66774382166097,71.11914359719484,75.86287480024359,77.39648333967682,77.8811192363615,78.12587154098175,75.18865843115015,71.10810983676254,69.15104415285663,68.7764570225148,68.07817135695788,65.89011540743866,64.94130501352664,64.0730059569078,61.85116302817492,59.03839304271347,56.642130788024836,54.730934681793684,53.07340790021294,51.46905483220006,49.84841344847583,48.19242797221352,46.54749114474474,44.96897073237807,43.50947973087132,42.23399194367141,41.20480616775652
121,0.11736577571138454,300.0,0.0,0.0,0.0,0.0,0.0,0.0,0.0,0.0,0.0,0.0,4.220044598274583,9.044933686788662,15.979432893990317,27.24795451262038,42.249320250090804,57.05502288022722,67.09870859908585,71.02978952621727,72.91846810027052,73.78242817788627,72.76402056771987,69.40389360046476,65.79724881918251,63.22679472468667,62.733216925059764,64.28737165639956,65.14205186701831,64.17553404144408,61.67400805324027,58.42643565478357,55.28751579735683,53.00119462561202,51.46201697144611,50.3024501898515,49.21735609281115,48.10772090640998,46.93101038167327,45.66656175564516,44.300815665533875,42.79632323141024,41.020577839022096,38.845689330362354
122,0.0747663236390549,300.0,0.0,0.0,0.0,0.0,0.0,0.0,0.0,0.0,0.0,0.0,4.5027199451102495,9.464224502759444,16.723313701379986,28.833633434343255,44.37230467192943,58.06558635083497,66.85168659379194,70.57513464965402,72.89162973854258,73.60795975353224,72.75549507127774,70.17255095845076,66.61479113410404,65.15096722234942,65.09872443499162,65.29007391604195,64.63825640831246,63.86821960175065,62.46380543142673,59.76137295745133,56.77032079624501,54.70662657855313,53.28701809454147,52.02769397024284,50.59890185809782,49.01357079373766,47.36463909960549,45.753528223833634,44.27284325782579,43.010637679485775,42.0755991212385,41.57818071171235
123,0.10556118720513939,300.0,0.0,0.0,0.0,0.0,0.0,0.0,0.0,0.0,0.0,0.0,4.656017011271285,9.822904227203907,16.970432817083196,28.410068533664358,43.43158733551201,58.077214989510125,69.45443952515298,73.86115702082199,75.46036576856876,76.1251945416602,74.8073766881959,71.38128570043162,68.20605457491796,66.69174923016047,66.05310137267344,65.54128203229224,65.18243385628908,64.37645423533735,62.60510705732247,60.445743890428844,58.14569135049347,55.9619654079673,54.281072330334155,52.97890620676521,51.838743186871,50.74963380118534,49.63921502191111,48.47594888523592,47.239636220512665,45.89495851449434,44.344063958610974,42.48965840941294
124,0.13864625343264356,300.0,0.0,0.0,0.0,0.0,0.0,0.0,0.0,0.0,0.0,0.0,4.518947830714151,9.64829672634687,17.29141010049633,29.779079615338304,45.008295634338026,58.68760812429413,68.92386696924974,73.61888269696617,75.00683302266033,75.08526962002473,74.88637940825772,72.01529243073038,68.14707634092917,66.24433136652448,64.98861681207703,64.0496081559353,63.804381678117394,63.94534094440257,62.497919760746065,59.12511892322638,56.16047795066009,54.68779686282375,53.57625900663393,52.37805837341288,50.99289657668138,49.49347270656702,47.968611342139255,46.433647360416636,44.886644484542735,43.34162404805181,41.871388782707406,40.553485715583996
125,0.05663101781606343,300.0,0.0,0.0,0.0,0.0,0.0,0.0,0.0,0.0,0.0,0.0,4.107807777605199,8.93226714265853,16.1731655038407,28.06055237339444,43.35330391033716,57.80349504494917,67.8903359478159,72.05602257753402,74.33459778448915,75.08606719694792,72.88143450064082,68.93378290319346,67.00818766523706,65.79575545739775,64.48719092627718,64.37879586521895,64.68504871722251,63.40118404358448,60.713023442672245,57.96058887662665,55.706012294232906,53.93792462119717,52.62928744974716,51.539704092948355,50.421648963108204,49.177273588152865,47.77698190570609,46.300949443828955,44.84645480623803,43.52662529675424,42.54932032081842,42.13431152767746
126,0.10978600268969975,300.0,0.0,0.0,0.0,0.0,0.0,0.0,0.0,0.0,0.0,0.0,3.995218325371239,8.930917169870202,16.507823999084565,28.986103096069428,44.75727386711206,59.4654127365368,70.16292238858117,74.72176471898598,76.48164168327114,76.46899881126015,74.9132661603961,72.08603744434248,70.45984930846194,70.12206900496761,69.27902641766043,68.18110426859381,66.17299412838928,64.09345548640415,62.10622708629329,59.64168902714158,56.90169102455367,54.807306940069466,53.29221326524307,52.07084062306315,50.92715692907314,49.79132547251401,48.63565937539147,47.45665040464718,46.25622527086181,45.030738109218824,43.7566513789541,42.40842488531282
127,0.16991727710673313,300.0,0.0,0.0,0.0,0.0,0.0,0.0,0.0,0.0,0.0,0.0,4.18298553239639,9.302762275384913,16.97252641232375,29.500989802534832,45.953104705821794,61.83942397591761,72.64244510495003,76.94455538951688,79.97606544210491,81.37169910835414,79.89897415044364,75.53945949296558,71.68515432468007,70.16199137658673,70.33100610888663,70.41099118978197,69.79035020307298,68.37341126586084,65.79052497618868,62.753151356616335,60.075713665315085,58.082843431051366,56.97047938078525,56.23855748823637,55.342749805883365,54.169500895607705,52.736231223697516,51.14883415243816,49.524843306601355,47.923371026052145,46.22217594962579,44.2754731860273
128,0.17590799896736367,300.0,0.0,0.0,0.0,0.0,0.0,0.0,0.0,0.0,0.0,0.0,4.607568632466578,9.41815739959392,16.269364172690953,27.26046045797924,41.6802365725491,56.1885340878556,66.59565693309915,70.67953133516917,72.47298585844752,73.98388872668384,73.67769344805471,70.12315128074958,66.5285772909657,65.92853658686768,67.14639600971188,67.4912157627889,65.75925278694335,63.25207819202658,61.03512862688084,58.984663021584325,56.71651140284825,54.84401096398783,53.70250016103817,52.88069763973039,51.928839445060035,50.77224195817921,49.43705254401376,47.98414880031845,46.47782115649073,44.97284209553201,43.50711709178628,42.11103214731829
129,0.07789788052093051,300.0,0.0,0.0,0.0,0.0,0.0,0.0,0.0,0.0,0.0,0.0,4.632218599453207,9.785664135565275,17.35185839365291,29.934285790147285,46.666797135467405,61.921531144398784,71.04296022498832,74.71483494942458,76.89580058706824,78.11260892146844,77.66902610606171,74.26504800935345,70.09204886198032,68.39904088199724,68.30709311715133,67.67899907735821,65.65840960456133,64.45986010699397,63.85527921100638,62.08491282199891,59.22450251614296,57.067374568677685,55.61163039557489,54.379233057477215,53.02136146290774,51.542469666194606,50.023831193350375,48.53280000281467,47.12734929299773,45.83519191074506,44.5905725392958,43.31241302823046
130,0.13732988238918548,300.0,0.0,0.0,0.0,0.0,0.0,0.0,0.0,0.0,0.0,0.0,4.293434111164972,9.047450852276423,16.175140398323123,28.16503366984842,44.09577269652653,59.405570245384446,69.69655851930973,73.55167138226987,76.22739412369086,77.2616111837021,75.43110857503358,72.2009415660824,69.71754830524992,69.22620539464496,68.69152757131445,67.73111005352796,66.39109545503977,65.50597529353044,64.24486033568512,61.219145739730095,57.487102702377285,54.993171258304685,53.465443341094264,52.376953056475024,51.37888021130031,50.40233306459333,49.448808639562664,48.535234333671546,47.68068319495613,46.904485475147766,46.23258447308428,45.69146280852446
131,0.1432864028783785,300.0,0.0,0.0,0.0,0.0,0.0,0.0,0.0,0.0,0.0,0.0,4.782478198053237,9.570212550041976,16.334161489532345,27.908492627312754,43.79144485217348,59.301307622256864,69.0906000005751,72.28310521425534,73.95327423991509,75.4137050929962,74.9165547875622,71.86199795451557,67.85981436451172,65.99510775492818,65.62462980851711,66.55875987434307,66.07620934167701,63.52320881208589,60.73622621911521,58.64407693169097,57.129808143336376,55.851975613716974,54.34634995137818,52.59707810053316,50.72207794253901,48.885519504739705,47.21416854023779,45.70475606723503,44.3264871631209,43.03568705885625,41.73126474934551,40.308961103344494
132,0.08063264085816113,300.0,0.0,0.0,0.0,0.0,0.0,0.0,0.0,0.0,0.0,0.0,4.874768773330197,9.435039287977215,16.02756853777217,27.5651660752262,43.4145820283735,58.592097780161296,68.14597052848188,71.77345604041777,73.7328476342191,75.04900292636866,74.40755230779197,70.46104103437554,67.990683323403,67.04739403135667,66.08245523428036,64.97414750588989,63.56306978726173,62.742018288240416,60.9406019191625,57.805321910817916,55.56373375739995,54.60116127144096,53.7497488514648,52.672439508565965,51.34960619329735,49.87358182425415,48.349872060204056,46.85260634141137,45.44195847242624,44.18924471642472,43.231365007112544,42.71419354448731
133,0.17013659883877913,300.0,0.0,0.0,0.0,0.0,0.0,0.0,0.0,0.0,0.0,0.0,3.9527981390826064,8.435272831053782,15.136858959024314,26.533970012244982,41.44845488361288,55.95560520453122,66.62767225563574,70.47608460603118,72.13476105707115,73.03974342262005,70.81247728677546,67.14694712780505,64.37978659208441,63.44904630878433,64.09820298833186,64.70944066431584,63.867461561877796,62.00265353425532,59.08689296992965,55.69387708140588,53.116946613451795,51.79042289035389,50.95005766262355,50.18190659980422,49.28542839707926,48.2572712871391,47.13876350204358,45.9636013823666,44.76138280758546,43.55595820548108,42.35779926428738,41.173448795379954
134,0.13231232765290568,300.0,0.0,0.0,0.0,0.0,0.0,0.0,0.0,0.0,0.0,0.0,4.2589156024696635,8.772869421894978,15.63840622886055,27.498118245590152,43.05520091914397,57.661596476417856,67.5008879980384,71.25348591977153,71.73638488221505,71.99397442340431,72.04285195095875,69.06682772967534,65.51053282335013,64.04264392335476,63.31659367873903,63.224293464619144,62.983419343878644,62.19565770124178,60.13269628205435,57.420392812958674,55.06632208752377,52.896741167220014,51.113503287226216,49.70715385912149,48.567506013888526,47.54354280822779,46.51797378344076,45.51596551211936,44.592644755098014,43.829461236274874,43.42605909643041,43.61134583840296
135,0.11346898255975515,300.0,0.0,0.0,0.0,0.0,0.0,0.0,0.0,0.0,0.0,0.0,4.59098042596078,9.678630636359737,17.03381657000637,28.767385313227912,43.69835929695118,58.587733390521755,69.4096021092953,73.2564462121349,74.51638131222288,75.93475996236373,75.07735161150065,71.94360839077575,68.5609981761772,66.39379887467346,65.57157547244813,65.48335140125238,64.32928951405482,63.55066961017742,62.59434484242806,59.67362307940236,55.64331131470898,52.64920740929163,50.92177208842012,49.8699551665232,48.95702155345612,47.97632516725407,46.83996594891109,45.5981237922682,44.32849438776691,43.11494951158007,42.08752352260325,41.3781371981447
136,0.0897577874419823,300.0,0.0,0.0,0.0,0.0,0.0,0.0,0.0,0.0,0.0,0.0,4.085324609804099,8.628685924232457,15.517810474906938,27.353569521846484,42.83475632403381,56.72675211977213,65.95217712442792,70.18666564244818,71.9904965748723,73.48439404447478,72.55605040594651,68.96820978429992,65.744458864183,64.59944015518695,64.35946301039408,64.4605343464434,64.4347048467176,64.09539981518778,62.84212127603465,59.725910034197,55.82656654428213,53.642724914242706,52.58592143640471,51.82915620405257,50.84534964527331,49.60353712448434,48.18799614854321,46.667565651089824,45.10234305478681,43.55436474333367,42.111583814022886,40.85846908898715
137,0.04838679140505814,300.0,0.0,0.0,0.0,0.0,0.0,0.0,0.0,0.0,0.0,0.0,4.6454270129835455,9.645661936699524,16.95737976307653,29.230365070635262,45.148844846168636,59.512149916768976,68.88242043287843,72.42234850217928,74.50779318638453,75.48174900581677,74.10945993700024,71.28836512746082,68.69792322389142,67.43172925168489,66.57779807606364,66.02971625074917,65.18457328262089,64.1724623051978,62.33257075480007,59.43705477141097,56.4288173572572,54.412211310861636,53.12986663563067,52.09894487332485,50.96374891965824,49.668820113822456,48.24068456697655,46.741937070388225,45.23775959412219,43.78622206092592,42.44089977316132,41.24922319106761
138,0.057809667843126196,300.0,0.0,0.0,0.0,0.0,0.0,0.0,0.0,0.0,0.0,0.0,4.295196205459268,9.102533582458552,16.17161417158394,27.85156631645567,43.459144168723974,58.517592623567886,68.66564838523014,72.56527616008354,74.72275540453677,75.97638552476333,74.89808024611867,71.65433710694133,68.9780005549317,67.87071122178125,67.78644183791201,67.38196236132502,64.95950608980121,63.38921751025731,62.87918019873833,61.09733011686838,58.31118375973361,55.99347143163789,54.12038329932557,52.51073484660605,51.072347354289306,49.77886174369325,48.61446652486514,47.543938832574646,46.5296315307698,45.50971345489703,44.32269019148518,42.80001230003551
139,0.21047195881808164,300.0,0.0,0.0,0.0,0.0,0.0,0.0,0.0,0.0,0.0,0.0,4.5984376744026525,9.42981089515934,16.457464424355827,28.141537022841838,43.64724397426884,58.47661939861121,68.2176765643816,71.20395944989572,72.39034988164673,74.16546847032399,73.34407644631844,69.46566512737252,65.49674739467552,64.04781931585084,64.38539405679055,65.0442808534668,65.10159469550581,65.01796828369494,63.574742063194805,59.71186675775254,55.277541700523194,52.1200133759068,49.998483573771644,48.47322810718706,47.25306398535575,46.2228050879788,45.314685601008115,44.47307111666734,43.64769612950516,42.74411190488909,41.49136541778062,39.61290826951618
140,0.19159926742301944,300.0,0.0,0.0,0.0,0.0,0.0,0.0,0.0,0.0,0.0,0.0,3.889699030582992,8.824151607695052,16.291322849339732,28.21512176917491,43.43496380183741,58.77535195011429,70.20918414112239,74.32716047279303,75.00371710979441,75.52229852946125,74.30506733476813,70.98429600274511,68.91672537665241,68.60761758127818,68.72282993137893,68.202232332738,67.22432694719691,66.49119760939762,64.93309345099514,62.30452063284279,59.71395872539787,57.72817294962653,56.23567580750003,54.985786278151586,53.7539343336161,52.38513315022745,50.78476551195708,48.997464253929834,47.09623914893701,45.171950620315144,43.40028998660928,41.95366099002792
141,0.0648105526532249,300.0,0.0,0.0,0.0,0.0,0.0,0.0,0.0,0.0,0.0,0.0,4.093706691456503,8.740228962544682,15.85014421493782,27.697723989667363,42.68721441716422,56.02346975777926,64.68399996046894,68.32249901167623,70.37775973776121,71.01461083589541,69.93871770869575,66.8666819278647,64.13357711916106,62.93634426943008,62.16747370356221,61.24857355406462,60.07419439642413,59.36906843927821,58.45123558763272,55.96588072550583,53.11427649284179,51.265653096219204,50.09352747175651,49.11573517384213,48.007061080467544,46.74050307580338,45.37385675363816,44.01783361734928,42.78452015422951,41.76746449016603,41.02910000544741,40.62492924575611
142,0.10871950437580354,300.0,0.0,0.0,0.0,0.0,0.0,0.0,0.0,0.0,0.0,0.0,3.860830945959495,8.709246311366227,16.083691572929602,28.29851599510262,43.87472974999196,58.62608723691224,68.89333756140509,72.58328595444476,74.07229748810856,75.77085778907788,74.12819982168098,69.7655640251724,66.96177585846333,66.40029780717617,65.70325907492573,64.49300900639064,63.590065710694645,63.11204057600345,62.79528489325309,61.099075483435094,57.7191500336781,55.29716048981228,53.91656295770479,52.87645623082822,51.64979891385792,50.23530827669553,48.751748603434386,47.311392434046255,46.01478167717173,44.975679703486065,44.395365505579186,44.49795904964097
143,0.09416814496906689,300.0,0.0,0.0,0.0,0.0,0.0,0.0,0.0,0.0,0.0,0.0,4.390080435898925,9.490207491150944,16.808447326192205,28.161935176074397,42.36741491148956,56.5080043248733,67.08788189185984,71.23199611032939,72.666315036323,73.62887269346368,72.75820516269252,69.8437304121712,67.11052389292615,64.90990176769846,63.84719714986685,64.19242423128651,63.7488836657071,62.71761039013236,61.1348762135964,58.30168518150414,54.884394751188864,52.884892530102746,51.77650584061982,51.01256194798999,50.278869997860426,49.43112025644179,48.392634980759425,47.17715520664578,45.81967315008468,44.34572056298808,42.74916574228137,41.019976487713095
144,0.0876809310844683,300.0,0.0,0.0,0.0,0.0,0.0,0.0,0.0,0.0,0.0,0.0,4.477398047067524,9.582622313557877,17.085705042474284,29.152520160515056,44.63970944087556,59.654597702705395,69.29014549693339,72.66906797110343,75.2173493702916,76.31403852890088,75.23285210129886,71.21028696189516,68.0164378177805,66.72412743848257,66.35732519878786,65.83966267292857,64.04371525264824,63.85138005344699,64.58204816326057,62.34330067877435,57.46217353487081,54.01409090847275,52.399258730653834,51.72492331451723,51.21529085373644,50.54141999040789,49.545076620510336,48.29636862181647,46.91543834766254,45.4904114688761,44.01622351039338,42.46888813055862
145,0.08182525946425145,300.0,0.0,0.0,0.0,0.0,0.0,0.0,0.0,0.0,0.0,0.0,3.907873684039626,8.747792054344469,16.018622424421466,27.59441470912926,42.20150203172591,56.51871886856755,66.72523238582792,70.28933521641886,72.04122162289931,73.34931894677584,72.4824504383061,68.14561954737566,64.92015536417985,64.98003850423822,65.87400341208401,65.74915142236794,63.33926143072023,61.534699368512996,60.91822282797585,59.42783035560697,56.76682041462346,54.31397180060875,52.462662949092895,50.970366516806315,49.573359378972896,48.147357102076626,46.63809832499003,45.113415583264356,43.66071492837679,42.39387727021345,41.56200465524448,41.438994888087144
146,0.20072187725339047,300.0,0.0,0.0,0.0,0.0,0.0,0.0,0.0,0.0,0.0,0.0,4.3072747495571235,9.534250880191285,17.11550560389671,28.776946472014394,43.902396317319344,59.41923559177233,70.5279409966497,74.60329656329324,76.60938094695591,77.01302204758377,75.38184535463438,71.35440167532984,68.19644862416587,67.24066551172957,66.40446826044565,65.30029763018076,63.19572939345388,62.18205379931106,61.9075358007626,61.050886052653105,59.64146510648934,58.07686050233417,56.39481619680242,54.59536856477656,52.704466418570625,50.79172531098374,48.93790644748816,47.248151379679065,45.82150906223676,44.80369454982788,44.56293607529828,45.547324131571344
147,0.0898950029313353,300.0,0.0,0.0,0.0,0.0,0.0,0.0,0.0,0.0,0.0,0.0,4.0706045962549995,8.73776049865821,15.743189173828243,27.67924078337602,43.682847619254574,58.594819709460424,68.41487382701379,72.13210985798479,73.94992904942531,73.70589551651538,72.49985930345414,69.74224528791083,67.82953159972297,67.6344825790726,67.42211763627282,66.8998563020976,64.88356163460705,62.746964752532904,60.99653628962458,58.88073297478721,56.63865267216439,54.952749191628335,53.6341501755934,52.34063296526057,50.84885969297704,49.25196852374246,47.69295267444528,46.254188802849676,44.997234501804684,43.98635277444636,43.31842539240185,43.09870993114097
148,0.060741721330925556,300.0,0.0,0.0,0.0,0.0,0.0,0.0,0.0,0.0,0.0,0.0,4.020161435472694,9.075886580852146,16.805210489318497,29.125842160219843,44.317159092822926,58.75967346959911,69.38100457023194,73.36389406504038,75.66877861746343,76.28839046040196,74.97550309511848,72.71386391733407,70.04201424421578,68.3111254138486,66.81804177809427,65.72851347774049,64.75539124148756,64.40274861198137,63.26152508198348,60.513457653718696,57.17310923201647,54.679327902325674,53.27961096281475,52.4101795733265,51.51042246522622,50.40000566294111,49.03394184768591,47.515514337513885,45.9728085175905,44.47858621039722,42.94061027779925,41.24200768823602
149,0.09651708091234265,300.0,0.0,0.0,0.0,0.0,0.0,0.0,0.0,0.0,0.0,0.0,3.9849716518305,8.703006889469806,15.803458893796668,27.585257598660025,42.40932456278,55.67997184549009,64.71971200718036,68.9567515312308,71.29807618374507,71.76254411954439,69.733418508551,66.71380683561961,63.756173441275784,62.33155805897789,62.1174863462312,61.79960164079518,61.08161963066793,60.51402500085461,59.039079572064,56.88589982226485,54.58375723430064,51.96116524943744,49.799524246793254,48.18709415434035,46.968699480244574,45.94493597947878,44.95146637801842,43.96320355404131,42.98743100870974,42.00352752672463,40.88781738009093,39.50545211368052
150,0.14710162587600487,300.0,0.0,0.0,0.0,0.0,0.0,0.0,0.0,0.0,0.0,0.0,3.822718188538672,8.704226109285534,16.19421248693187,28.124345296512878,43.28247124388772,58.81691646362862,70.13293291290375,74.12362884996274,75.5309463247565,76.35338021277799,75.35193991569093,71.41302000788689,67.7682348495909,65.98796614415805,65.41287005660078,65.6386644806055,65.64206387601583,65.42769845572072,64.86169854503115,62.70389731656737,59.31554588472016,56.879487044451345,55.226274442486265,53.76706940492201,52.12686395603886,50.38158499239463,48.68638402382118,47.13339721557159,45.79221399326145,44.74491395468672,44.148098450136445,44.17905050289716
151,0.1893623445989518,300.0,0.0,0.0,0.0,0.0,0.0,0.0,0.0,0.0,0.0,0.0,4.348703882344911,9.660587807851087,17.53159342968703,29.671909718430975,44.223468053786505,57.68446895815908,67.44525156968295,71.96785692890299,74.54257964919239,75.25540894722815,74.2684676899795,71.55507680920165,67.86357382146167,64.95086866277597,63.98055611905319,64.85502996314978,65.04080956825074,64.01236601089809,61.92803411905913,59.77053852254181,58.03258159761694,56.24037189151661,54.70535446202695,53.336213112246625,51.93228637345233,50.475719944884645,48.98849361901846,47.48416967893411,45.973198752306985,44.44000452673996,42.77614849459321,40.86843032164236
152,0.098099682337834,300.0,0.0,0.0,0.0,0.0,0.0,0.0,0.0,0.0,0.0,0.0,4.784812386250338,9.711467457873482,16.874523050382365,29.11325068582189,45.38185363892792,60.93053051803474,72.31583591353007,76.68778489786132,78.11514839017863,78.89973755587248,77.70076041688766,74.30177023850521,71.5587785290977,70.34416659907733,68.84061763739918,67.36572226936921,66.7125079047917,66.98844321634618,65.80031843726744,62.25867633780271,58.45922484826306,55.708331532523786,53.870129859723164,52.52662739955806,51.34955338020835,50.251855473038155,49.21154769329055,48.23496937863769,47.33404818201286,46.49782553812077,45.63105540458353,44.62458317811909
153,0.09548472094043933,300.0,0.0,0.0,0.0,0.0,0.0,0.0,0.0,0.0,0.0,0.0,4.251885110587413,8.985575118630024,15.928900574028077,27.658088480104016,42.914026994279645,56.410151747367344,65.38222511247066,69.2489258992814,71.3709046661335,71.99101369234954,71.54821199667914,68.59406692638369,65.37385717497943,64.36722748747341,64.06161707262828,63.148914669508635,61.40664077708282,60.06820657309563,58.67508574887698,55.79274166728877,52.54470683721608,50.570414016403305,49.5576581923427,48.96538700178623,48.3917753779714,47.65476801558896,46.670856445490486,45.515941503396675,44.29808590224154,43.10040668548006,41.93942049976801,40.81549653005386
154,0.08585636845292341,300.0,0.0,0.0,0.0,0.0,0.0,0.0,0.0,0.0,0.0,0.0,4.068919167490847,9.19574229549324,16.8784476826675,29.21925103938305,45.17212661304348,61.04998607545814,72.24166375463297,76.25984239234388,77.46912184386571,78.96666576747828,78.28118367813786,74.9297240984898,71.32343309323964,69.63955658241835,69.3504224985904,68.77724003589923,66.6527216890647,64.98385585952023,63.79216148629017,61.964079696787344,59.517771390005215,57.15285961875512,55.39633125179912,53.96984906978052,52.517272123021,50.99904016568101,49.45605626197314,47.95643059553226,46.56755374823629,45.35899525054971,44.43397263500648,43.89985309187762
155,0.14772207538233562,300.0,0.0,0.0,0.0,0.0,0.0,0.0,0.0,0.0,0.0,0.0,4.284397376699954,9.507936652026892,17.359021404465306,29.600453369431776,44.58053140566261,59.571214173174525,70.99201958359772,74.52258666481029,73.90339836484324,75.25049531930607,75.7034626633249,72.40334944076825,68.49294151019781,67.3787402118522,67.35707998772683,67.04957498919894,64.82843395530118,62.84483268956133,61.553487094327785,59.5847646101266,57.451772411871204,56.15372776048496,55.16194383403951,53.98527639231714,52.38052976805427,50.56382410387516,48.796233264733374,47.16606842278595,45.71584950365208,44.45829687138291,43.31028476645568,42.1739659160846
156,0.17936141260732033,300.0,0.0,0.0,0.0,0.0,0.0,0.0,0.0,0.0,0.0,0.0,3.7987476851865014,8.568220360141968,15.919078959210134,28.253286022768872,44.43848813526203,59.805662110116735,69.9591170521087,73.5626668282322,74.91199349847797,74.99939688263808,73.17350036176177,71.2572619971215,69.29647813203209,67.03752477827311,64.42091663751505,62.83004206311017,62.036769192675145,62.460280958836464,62.5702253185531,60.836686825259285,58.107592616672754,55.988185162693995,54.32165755953707,52.70943915261843,50.927889403913376,49.12484088754266,47.47964316487936,46.024052556753354,44.75554058330499,43.690043563588794,42.91395338325251,42.52836248149385
157,0.208372310667876,300.0,0.0,0.0,0.0,0.0,0.0,0.0,0.0,0.0,0.0,0.0,4.48506520214101,9.762080333576911,17.527153823308407,29.95149609379005,45.39840243039561,59.22965451204528,68.43833501211884,72.68463541799888,74.96088426223028,74.99786483268137,72.51146873124242,68.48487983179487,66.11527418925301,65.98868232214598,65.2561434041721,64.0174742753782,62.463522336921734,61.5936572181796,60.89258009203596,59.15855817549998,56.71477833512179,54.19492411918614,52.281443187884925,50.87417144288068,49.713008424774756,48.61484713357002,47.45587404200097,46.24603120517313,45.02421687294107,43.81984416939535,42.63797437855995,41.477709308088265
158,0.10518533898996621,300.0,0.0,0.0,0.0,0.0,0.0,0.0,0.0,0.0,0.0,0.0,4.254175871008752,9.04335870474504,16.05099352975576,27.43932286724818,42.604067901874664,57.95303396960702,68.5342775901818,71.833148400026,73.26535752110793,74.03185799827683,73.1032454770916,70.68604914902838,68.8811503069993,68.5374675952531,67.64821908163721,66.00197053743379,64.12718148952447,63.09391001482617,61.79090314507156,59.46563388994126,56.96476443257293,54.75070315181284,52.786204746503536,51.01350044484837,49.39569863540048,47.90912369233165,46.54618716233019,45.3458335995325,44.35418244144407,43.606979069722,43.111352154551966,42.87030713838577
159,0.07532825464930464,300.0,0.0,0.0,0.0,0.0,0.0,0.0,0.0,0.0,0.0,0.0,4.1379782708537824,9.056978875517032,16.433494580446766,28.68375997969247,44.90288503603785,60.18913420585252,69.7403607806696,73.70970825577639,75.99573736004945,76.09359720253032,74.50059832834619,71.24753908584782,68.84593280419878,67.58853376786806,66.68770146186435,65.8420150961691,64.09948962010661,63.04847635744756,62.825986167901405,61.252091910232004,57.84371262422446,55.103707930788104,53.426964372316675,52.20143133539311,50.88963343063923,49.39711638371709,47.75626587450091,46.07525514073439,44.467460696588965,43.071620761640474,42.169659603292736,42.06922373853781
160,0.13674228296562965,300.0,0.0,0.0,0.0,0.0,0.0,0.0,0.0,0.0,0.0,0.0,4.297133540339838,9.164719493587342,16.529009546658614,28.722637532029058,44.40102741393304,60.1142670513195,71.47235366425292,75.93894147825267,78.31835813924421,79.31486207675609,77.67342265270251,73.42826509341276,69.61657513146169,68.13759380650482,67.85043318868136,67.17313513282612,65.10244564752865,63.50635053741368,63.19811095407034,62.07163336983602,58.94443401548535,56.04394660609857,54.15426603172995,52.89919290705387,51.854016789322344,50.8367387310244,49.7505553897964,48.590782681314984,47.37392933929881,46.066320880580605,44.44987949636314,42.29815498986539
161,0.13320731044562079,300.0,0.0,0.0,0.0,0.0,0.0,0.0,0.0,0.0,0.0,0.0,4.106978566534731,8.585982936743422,15.258929181613397,26.525654612580976,41.47152032058811,55.6732453549857,65.403842894359,68.85884629462572,71.05450981800507,72.01880819143784,69.99647262101475,67.34535956545807,65.6579725389451,64.96286567037077,64.76252467467728,64.65273710237273,64.47138900531971,63.438051590404,60.464708163276875,56.707523278290154,54.11666650723959,52.80292268511763,51.778391910882256,50.66971739349757,49.35467468571575,47.86741371518517,46.281932961396414,44.689874730207364,43.17724482388801,41.81022068700779,40.614967908035936,39.607109139598194
162,0.13868912841636952,300.0,0.0,0.0,0.0,0.0,0.0,0.0,0.0,0.0,0.0,0.0,4.269390584155263,9.106977554975444,16.37122618861966,28.581628379137822,44.963294813602175,60.29844289569788,68.81485054420321,71.68087315686466,73.62736277050166,74.66187807532383,73.22230258823933,70.29436613393604,67.82393595169879,66.69262839444025,65.75423947015808,65.6346896151023,65.3318336901822,64.97149738279023,63.737733143944844,60.39827382092395,56.1911114925265,53.46930250695684,52.16918249973903,51.59778229813032,51.178776341696484,50.64613596012418,49.85015921988387,48.792528186683086,47.513241207603464,46.032034123210664,44.29148247874016,42.23067796781247
163,0.0748650364111878,300.0,0.0,0.0,0.0,0.0,0.0,0.0,0.0,0.0,0.0,0.0,4.149575282760313,8.843099972164318,16.03782872220831,28.273955555779136,44.175663635636795,58.944842784458196,68.23570642201814,71.13235703276453,72.84909699951973,73.74681369304298,72.43929617357988,69.01395653144074,66.26580154071364,65.5164060772643,64.84675155481287,64.52951910099932,63.976278341004594,63.21975237174868,62.71688625458373,60.69530332510587,57.39828248255363,54.69695255102046,52.80644764852571,51.34492995647562,49.99282728736816,48.67334269055009,47.37363747196311,46.10492044989612,44.882333829914316,43.688000313772044,42.385397736471205,40.82593503062718
164,0.12380816340734022,300.0,0.0,0.0,0.0,0.0,0.0,0.0,0.0,0.0,0.0,0.0,4.397459318064551,9.24404075873557,16.39754408819206,28.120660136300913,43.298428532300925,58.25982533373388,68.7410817951578,72.03794844753085,72.89092273065071,74.72357368558566,74.385446292744,70.34669093141403,66.89467435914015,64.9305840111102,62.90820111639123,61.527402355724504,61.560861203612106,61.737048567461486,60.46484086560285,57.87979375218676,55.24259856530951,53.49154291812261,52.38767447605336,51.42231857924058,50.21163214207047,48.78071054515094,47.24212347897814,45.6817413470124,44.17133083578075,42.76234301058605,41.45743597839662,40.24827916818249
165,0.10441739491872541,300.0,0.0,0.0,0.0,0.0,0.0,0.0,0.0,0.0,0.0,0.0,4.226889893664267,8.895123294035443,15.730274363997852,26.922511083131823,41.50746861289332,56.046048565765915,66.67289711283757,70.63618407055412,72.39389800679508,73.19696954835464,71.79837099131981,68.65314709191462,66.10889853721113,64.91046012131393,63.911488607073764,63.52081337514631,62.943765922721134,61.68726540878646,59.899326348910314,56.91093300246929,53.176589933887676,50.60939648656812,49.035962566927545,47.94413243198068,46.98870877579862,46.11032283854039,45.308049693614095,44.54755924753723,43.788188887122956,42.975861240115265,41.99895673600746,40.74258875873663
166,0.09014902330797447,300.0,0.0,0.0,0.0,0.0,0.0,0.0,0.0,0.0,0.0,0.0,4.424806912867744,9.390969449875373,16.714132372439863,28.429508388610078,43.51389029327536,58.804024272689546,69.26698791292516,72.64914112752832,73.2567325189152,73.85934912409537,74.10484499588243,71.34996902448454,68.2062612635114,66.73525035158306,65.61246331468791,64.70541348555572,63.80508693661125,62.303640664882856,60.28556282354204,58.194693565033695,56.41011445818874,54.28973906835968,52.35104679554252,50.74184784144007,49.4156333912649,48.29633457972684,47.30912336037508,46.394803942611496,45.50062600811414,44.56213455557491,43.46054152394371,42.07587791263436
167,0.10550431256074541,300.0,0.0,0.0,0.0,0.0,0.0,0.0,0.0,0.0,0.0,0.0,4.616272217136584,9.654909125427066,16.924571918884904,28.844769711621566,44.814033244513446,60.30251625420504,70.49970948612386,74.50655527147813,75.99164769171735,76.17862361255843,74.97875386320932,71.86130021145243,70.0985305125125,70.06491255382515,69.38747160189388,67.71536487723039,66.15193386365695,66.02236369151137,65.4051688932503,62.33485385163938,58.334009393864136,55.70852561582587,54.08597088557413,52.90958206267087,51.82267513195103,50.67126649508464,49.39538660236061,48.09350879320353,46.89132832358951,45.933888729988425,45.482440414106954,45.830941658707545
168,0.07409917348825268,300.0,0.0,0.0,0.0,0.0,0.0,0.0,0.0,0.0,0.0,0.0,4.077133023763875,8.787997320547388,15.789835312390917,27.233323401475324,42.25634998205448,56.82742190128442,66.97226764102231,70.92754422234948,72.4540895091744,72.50159463384166,71.2642276317045,68.54086649683613,66.67049960465603,66.22107757747105,65.81583889588936,65.02551496753618,62.841679966290435,60.92903402701515,59.324962660244836,57.37680524774817,55.00830120201244,53.19984554001224,52.007263472894095,51.02209512210918,49.9030564030696,48.66231970426444,47.3837845497818,46.115681162276694,44.894212898739575,43.732057591041126,42.56502627171078,41.31714712700142
169,0.18379696454104832,300.0,0.0,0.0,0.0,0.0,0.0,0.0,0.0,0.0,0.0,0.0,4.653521843875964,9.876486807786394,17.42949687551898,29.622425955147577,45.22309727259687,59.686425941633885,69.07211287822341,73.2081904578831,75.36059875271452,74.67329418702472,73.57088062772092,72.24523191774101,70.69313158899561,69.52405475650285,68.67120364409043,68.40838525964948,68.06628690560011,67.10519218226035,65.20653252428647,61.97397380715755,58.441503271291424,55.938739397677324,54.23181120197367,52.9071745977969,51.67869786463784,50.45877979473074,49.21702964972119,47.95663877208538,46.68776963704497,45.492889155620546,44.73460164679287,44.83083456176033
170,0.08289588006033474,300.0,0.0,0.0,0.0,0.0,0.0,0.0,0.0,0.0,0.0,0.0,4.538576855555472,9.29241548473391,16.306683383718227,28.04129175170283,43.198635377493794,57.72082883007609,68.40390808847795,72.42261798194397,74.29285537303005,75.28537159821082,74.21585444797952,70.46029961058062,67.71342951360907,67.10956793745159,66.22481680503391,64.5419941811516,62.94764086380906,62.59910358189204,62.098862624420256,59.88867362101479,56.82694651652567,54.476052899095585,52.601102527327875,50.952210571311596,49.4416602110201,48.129419762292656,47.08088658208383,46.27102516908802,45.65734298422316,45.16994122552231,44.6185894928371,43.79199379249999
171,0.14311016230981313,300.0,0.0,0.0,0.0,0.0,0.0,0.0,0.0,0.0,0.0,0.0,4.640053050734903,9.620755345321024,16.754151539990662,28.651180232251015,44.86073137051372,60.53723609068511,71.2711886935894,75.51686932053106,77.16011515971155,78.18121771218212,77.2393129659971,73.94826438027818,70.81831070231998,68.51808536266054,66.60867255181493,65.97342389614356,64.5826645586734,63.31527741401779,62.40267797784321,60.93397549332102,58.95037525379469,57.102332045878505,55.75216669641295,54.575465543244846,53.20997808088943,51.65398805207855,49.98528341660011,48.266020511007774,46.54915891037448,44.85988373107353,43.139953474017936,41.32110741103902
172,0.1716131163714002,300.0,0.0,0.0,0.0,0.0,0.0,0.0,0.0,0.0,0.0,0.0,4.142580867129696,8.852246359398643,16.069691437962632,28.342081766704176,44.41169610628652,60.045470796724985,71.1677569738079,75.72672208375899,77.71085823872191,76.96278281963926,75.37271996539592,73.3569425129439,71.03399554952217,69.88904349452262,69.52554989648621,68.14703734843268,65.92658736810272,64.39227520443193,62.99711729046882,60.97747887802325,58.90022331081548,57.289318958148854,55.866182451301746,54.430620767321535,52.8995236602104,51.35153554831795,49.88012722170303,48.516117940517574,47.27376485526975,46.185968578864745,45.36336187985328,44.930927653423545
173,0.16197347470560558,300.0,0.0,0.0,0.0,0.0,0.0,0.0,0.0,0.0,0.0,0.0,4.105446126458927,9.167926130057335,16.66807494115017,28.84488011571233,44.67145577505443,59.335644334587975,68.23861683252946,71.3980052252777,73.00308713549289,73.40333614449801,71.86825779742287,69.06621970370011,66.46459360594203,65.63319900579941,66.07454537624132,65.47446635821339,62.70934729711383,60.47802913719379,59.45122740496792,57.69774720868763,55.07530081022624,53.17105571692471,51.91239441699848,50.947955158835505,50.022672556375866,48.98333883079069,47.73193766743019,46.269363264554336,44.62150619923655,42.786507339172786,40.65876947105692,38.13851452431441
174,0.16296976966252552,300.0,0.0,0.0,0.0,0.0,0.0,0.0,0.0,0.0,0.0,0.0,4.667521387666917,9.438683711420119,16.346162912604854,27.97168489511528,43.976766141160155,59.903626687157924,70.5019876434561,74.62737254072084,76.48352116184462,77.43870694337518,76.47705404415831,73.36380468650962,69.70974720229428,66.34247029210891,65.21535018438227,65.54626131151849,64.25221183661762,61.90154415187781,60.039329855140096,58.73195653848747,56.67552065083234,54.66288800539696,53.34029740692766,52.3724027775571,51.341469996897075,50.19320608452886,48.95461824037488,47.6332632066671,46.23231180983656,44.71750633941816,42.91492652882133,40.65077577907682
175,0.09577611475140112,300.0,0.0,0.0,0.0,0.0,0.0,0.0,0.0,0.0,0.0,0.0,4.316675684852889,9.555627079753036,17.365360233348042,29.848231921459295,45.895788844997746,60.82288320354447,70.25436606375376,73.96581333706217,76.18894744321179,77.34024306372272,76.33066179297431,73.37786770911079,70.3341294606361,69.10923102189875,68.52602342811848,67.10652852541399,65.09891200997279,64.20815500841199,63.483059293582244,61.21778538610531,58.526857275605465,56.59310781464528,55.131819109754545,53.835252179485494,52.50944704362639,51.05039339897889,49.40943223381826,47.646753101404045,45.8411519639648,44.105602894191506,42.7075276340901,41.9253208031654
176,0.14226843650799662,300.0,0.0,0.0,0.0,0.0,0.0,0.0,0.0,0.0,0.0,0.0,4.227736042283401,8.948123576336497,16.009287022521228,27.850747788577994,42.96918258337314,57.157562956216395,67.28024140061375,71.24233072848672,72.62007058983849,74.42142093038665,73.94424521327686,70.1633147863803,65.98896603411795,64.35492287912446,66.13871908283804,68.75894516026631,67.60490770536147,63.90637571678639,60.63652317682337,58.34054254218124,56.720689397954935,55.08039667204503,53.62094481894166,52.219551880897725,50.6846897995391,49.08305618168566,47.51872295115985,46.034210950491406,44.65440742739782,43.381288249290385,42.14090571154487,40.848922287013295
177,0.09666836237108394,300.0,0.0,0.0,0.0,0.0,0.0,0.0,0.0,0.0,0.0,0.0,4.245642866598117,9.306793682718506,17.02073969203034,29.65704968830935,45.56006931083332,60.41745664815503,70.47055141549501,74.42713151236728,75.43375341353916,75.63500798920724,75.8213403087317,72.88866981829142,68.06286341204509,66.38619039991917,66.93945033089764,67.41798088955598,66.44221886224173,65.2216928886105,63.609072425915,61.01106838971726,57.834047890503065,55.37499819318006,53.86908981980749,52.900034495623345,52.05034533222476,51.12155074455853,50.00781088105009,48.74139515880808,47.384517138406814,45.98151836007034,44.52401234884567,42.99365400659923
178,0.1675654155465414,300.0,0.0,0.0,0.0,0.0,0.0,0.0,0.0,0.0,0.0,0.0,4.041685587716932,9.21132221343285,17.31006270483932,30.47427520804051,46.26038629007758,59.80792954320444,69.19563536157472,73.36651746352594,75.24470606421023,75.36961919554652,73.21943964590952,70.46000407917118,67.49873224497894,65.56613268817487,64.43540063638578,64.2585262976852,63.36945374454712,62.80147221284744,61.974825776755075,59.60549169966543,56.81492854508024,55.21883149159609,54.17175346541479,53.16841902572587,51.9655731556283,50.57913129677627,49.084701579193116,47.556100870800826,46.06002026323323,44.66267773789098,43.45275142000679,42.51719195861946
179,0.1108301945752087,300.0,0.0,0.0,0.0,0.0,0.0,0.0,0.0,0.0,0.0,0.0,3.942242691938598,8.821939468796574,16.547867312127874,29.841975643230334,47.22778593933357,62.51123139337819,71.61878490426581,75.29772988224812,77.78891865264572,78.67385865542799,77.15104315295228,73.34672121558314,69.99059932728616,68.50886290791821,68.19402135678678,68.26648661053264,67.25798133107007,66.50942109547559,65.10298525175197,61.78198062521509,57.964029330371055,55.75637239763527,54.5826151389008,53.76141952865503,52.85773548442173,51.74760899431467,50.41000794150522,48.91704870625594,47.35676558270672,45.8183628322396,44.421097971652976,43.27978286993801
180,0.05304800614336817,300.0,0.0,0.0,0.0,0.0,0.0,0.0,0.0,0.0,0.0,0.0,4.746567445062128,9.671321099978826,16.84775101462853,28.8153929533393,44.32601604649387,58.70792975988317,68.3656210597109,72.0596007687464,74.08502035063995,74.87477506838984,73.96947510968522,70.27638265246516,66.99249030131213,66.50472222419758,66.39089478717972,65.56689164448234,64.67436283443034,64.11996786633182,63.40130990951035,60.59387693385381,56.54627283325706,54.0867454074529,52.628768915861684,51.530483701629684,50.45152960362734,49.27853814885765,47.97549035204672,46.58410816496621,45.160234058582006,43.758979125271345,42.449727514655955,41.29847992446146
181,0.054247443427163616,300.0,0.0,0.0,0.0,0.0,0.0,0.0,0.0,0.0,0.0,0.0,4.16236832337705,9.189970341096627,16.785747310352285,28.825018356220284,44.16866769949321,58.89572562797971,68.94242928681203,72.56916930196118,73.80646883452111,74.84909011156851,74.74662467432411,71.5977892243245,68.10362247796253,67.48192199504821,67.27686745694682,66.14726215340342,64.16480088807239,62.92946849459321,61.93291957990752,59.35949292724957,55.64113296129671,53.303395608731726,52.151056653629134,51.439290106031144,50.608409093431085,49.49596677797022,48.08144190952425,46.49663075426893,44.89597882579806,43.441099816580966,42.37607508967531,41.95149582242261
182,0.13978868813346723,300.0,0.0,0.0,0.0,0.0,0.0,0.0,0.0,0.0,0.0,0.0,4.145183250179508,8.621468489723261,15.293572591102729,26.64922090179238,41.329441044449624,54.881344855730234,63.58556207502355,67.07827266268525,69.95479903218265,70.18051196361846,69.59964854250187,67.29473326650046,63.939207618133544,62.23230715106188,61.598757368576436,61.02792191524458,59.529536046032675,57.992866089848654,56.40489163862309,54.24702967874104,51.760826689380686,49.69355796299145,48.341457652175535,47.34965944182094,46.33520343436261,45.2160607080821,43.99873701982097,42.74930401259391,41.54131248454111,40.430721008743305,39.43140841961822,38.546961032682105
183,0.11402296078777716,300.0,0.0,0.0,0.0,0.0,0.0,0.0,0.0,0.0,0.0,0.0,4.595808826724275,9.501230282654399,16.493438039742294,28.015256228854145,43.54434137404124,58.989193409149266,68.54498969616326,71.46103833615493,73.13238220408185,74.37229096662155,72.2666218088763,68.60176824361537,66.03717794688687,66.09572530169872,66.92606794701545,66.85725161947587,64.72314473137847,62.08009689454885,60.44383207401698,58.9515940895218,56.443525257423325,53.69048169249528,51.57236554857802,50.04063197399329,48.86354374636273,47.8182345059929,46.740205377948996,45.64812062376803,44.59995657558224,43.6727974381699,43.03480643122028,42.87175218254363
184,0.06957871360564279,300.0,0.0,0.0,0.0,0.0,0.0,0.0,0.0,0.0,0.0,0.0,3.867532926594543,8.749062474230707,16.161184184377255,28.296079761195003,43.55701927151096,57.23619736905158,66.76742187669761,70.84968061243873,72.64189354673742,73.19630148581234,72.45592102174408,69.51809130937725,66.41387517161606,64.9305820187695,64.71675067512294,64.83818307008453,63.01823732653087,60.98248025933882,59.01551915906837,56.48639970053745,54.26591712158402,52.86931049454606,51.647004691574345,50.347788820758886,48.929407406058715,47.48435127795427,46.105937037455405,44.797676568451664,43.54286848149836,42.3142162593966,41.04112961141238,39.650398511815396
185,0.2004856652646075,300.0,0.0,0.0,0.0,0.0,0.0,0.0,0.0,0.0,0.0,0.0,3.859160820445395,8.769137778864598,16.356937741073303,28.68118755557603,43.99877578825487,58.20156756581565,67.09740286183231,69.87864658649741,70.50183210080267,70.92948679496669,69.83316136698866,67.19896691892714,64.88191505907781,63.909246705477,63.856972810816465,63.72487454537385,62.83529570612589,61.887190004288584,60.87575631673861,58.77358580424893,55.19327370217357,51.66479224912576,49.58479424651564,48.57150673785618,47.98737905956055,47.458415795433524,46.733954237029415,45.78819374547475,44.65139622904688,43.32247188586062,41.681907100629964,39.60738370604224
186,0.16882207967702095,300.0,0.0,0.0,0.0,0.0,0.0,0.0,0.0,0.0,0.0,0.0,4.4515537571202515,9.603288990629117,17.38151526396151,30.522186924696214,47.93493786304105,63.89783366274142,73.05445217015976,76.1409046163632,78.06004957309668,79.04420518697887,77.24263396701217,73.22981382549767,69.9804931807396,69.12166725355583,68.38577078615087,67.0498441526348,65.42001558406707,64.71569452683707,64.27928159864207,62.657759274828884,59.94425031606555,57.637883966800466,55.859230572337665,54.35365106885036,52.93790218470638,51.604159831543924,50.372686205584365,49.221439259877265,48.12002676031315,47.059970325373314,46.11065532319144,45.3548814977364
187,0.05933011770505099,300.0,0.0,0.0,0.0,0.0,0.0,0.0,0.0,0.0,0.0,0.0,4.32326798837604,9.238392336174373,16.612286148333094,28.876875400975994,44.558159938461586,58.939664842344264,68.11963768816501,71.87261074370453,74.20089533987557,75.5745149008892,74.6170882846121,70.90078062772172,67.15657420491242,65.60671536358524,65.72368961330871,66.12236747851846,65.38098987674837,63.60739326547642,61.65443412875802,58.9327818802169,55.71521477003135,53.73042935529199,52.82569195390777,52.301780461358355,51.59207210185663,50.57213484305946,49.25410819409238,47.74336886444515,46.158823170668256,44.586622874011894,43.026504387130174,41.46001016253479
188,0.09068787162498534,300.0,0.0,0.0,0.0,0.0,0.0,0.0,0.0,0.0,0.0,0.0,4.497676104218474,9.117538364263474,15.83873825852832,27.28369137387085,42.90109923846983,57.91052631473669,66.56873584055813,69.29252542010154,71.50035349249937,71.95174738856376,70.23915223224913,67.44638784612387,65.06380290657356,63.45891243229854,63.0639836507142,63.19447505219704,61.87975148727882,61.15606146789719,60.029741132540025,56.73539584481736,53.1347715705886,51.1969342614098,50.04311100639377,49.11075569828558,48.15043439614154,47.1012415083401,45.96250482822562,44.7874028089106,43.63696479166953,42.58224027691962,41.7516861678074,41.28115444490718
189,0.1838495694010315,300.0,0.0,0.0,0.0,0.0,0.0,0.0,0.0,0.0,0.0,0.0,4.663605788818237,9.634995756061098,16.810455040710906,28.70753857919167,43.93670522744388,57.836637768784776,67.62745398616147,71.88282191165514,73.95865289160888,74.14305658237717,73.79862811050243,71.17137845170556,67.91135947876056,67.27764119767062,67.90224042015615,67.97735044295706,66.76349193663762,65.37043507141895,64.12942912713407,61.29904000828808,56.96997335998624,53.79366632085673,51.88629831759558,50.65426107352427,49.628475376326264,48.606253021458045,47.47655163241796,46.22130452187356,44.84564503100754,43.33482471138865,41.59767135152245,39.54381964721335
190,0.1185776085163877,300.0,0.0,0.0,0.0,0.0,0.0,0.0,0.0,0.0,0.0,0.0,3.9950377693957133,8.447330533058178,15.160953774385911,26.822141109892083,42.578020290128954,57.04370693524456,65.83070072321877,69.17636885720849,70.95339516245235,72.65314058110633,71.91039102993159,67.99027928143946,65.66332810569233,65.25672690353286,64.19684115836445,62.56030211779658,60.38475002317252,59.81322393177215,59.72115305061508,57.18413014573832,53.946787437385915,52.19480951658562,50.84509722432304,49.47382916978094,48.04130733153424,46.55336247622681,45.039005674209484,43.57667251430357,42.24734784066245,41.171093333727,40.651282506845924,41.03954160264803
191,0.13058933231305198,300.0,0.0,0.0,0.0,0.0,0.0,0.0,0.0,0.0,0.0,0.0,4.075633798419971,9.04400554882675,16.463435079239627,28.20741323160876,43.0047847016287,57.06311500573467,66.3151078915663,69.46181491646718,71.64012468902713,72.65777676646996,71.1794392570678,68.53545761621812,65.74996298517216,64.63326700960991,63.63269522713792,63.02499413753729,63.23184444345473,63.35668720891368,61.72799203330017,57.933309170046364,53.94735658420813,51.501788028802565,49.97844026263407,48.811048689641986,47.6763956027479,46.51568608194287,45.34760311563587,44.248108951905856,43.300004272342036,42.63391348368984,42.593896393101446,43.5983880934265
192,0.1892906463582399,300.0,0.0,0.0,0.0,0.0,0.0,0.0,0.0,0.0,0.0,0.0,4.22923186098932,9.198355382610588,16.808383028352143,29.55312524418715,45.82962349207238,60.819783963357786,70.70372755410324,74.06789061424716,74.14110769746651,74.88359485216276,74.7884840552784,71.90076310484696,69.95526418334171,68.27249984689968,66.46558485144287,65.50333806385571,65.05495164487975,63.820612716368885,61.50516657964962,58.896430320224255,57.49327936432733,56.92306049179224,56.056470838546616,54.783812071025096,53.26877641621866,51.62182860858389,49.93218923676112,48.276492429587954,46.72076302123604,45.33986703089728,44.26913314431392,43.65094500979027
193,0.13661776857645128,300.0,0.0,0.0,0.0,0.0,0.0,0.0,0.0,0.0,0.0,0.0,3.9882063565456796,8.669949796170682,15.695323853027315,27.471781732530598,42.98008697949453,57.478448686689894,67.31970398300199,71.60651440037854,72.79730645952009,72.86308111482735,72.11643823162748,69.89198588167436,67.75655559335873,65.76282568590217,64.61719533276062,64.8829125771832,64.45611790402393,62.96590383560732,60.38761427130485,56.941881194563166,53.881956634258685,52.43915201527526,51.78466741085987,51.245554033236544,50.43824476260897,49.39992624286752,48.25189612682347,47.05502790075218,45.852172377810454,44.676622758975434,43.538013608492506,42.43976747753825
194,0.09179414688089636,300.0,0.0,0.0,0.0,0.0,0.0,0.0,0.0,0.0,0.0,0.0,4.346566761883009,9.148769992597105,16.15769050510791,27.905087977427108,43.7759560452682,58.95376026476843,68.3970790264615,71.39522314039147,74.058145051184,74.25607088221301,71.87380470854315,69.48794161946724,67.23954390955791,66.50914095296237,66.77529374102629,66.20144514631997,63.78327898178975,61.67883017201809,60.13982515886378,58.44913817507433,56.48441671728023,54.65410995680857,52.843978782896976,51.1291172429825,49.629093449306886,48.33833102111569,47.224827412629054,46.25983082066585,45.417076130552886,44.65603564567511,43.87501275553718,42.963516593384135
195,0.08474573950549989,300.0,0.0,0.0,0.0,0.0,0.0,0.0,0.0,0.0,0.0,0.0,4.232960164737327,9.038268523954837,16.31152420820075,28.552023722159234,44.258235339227,58.6847970564748,68.56527067296669,72.58001401835986,74.65761096715,76.00309484150125,75.64111276226629,72.59177928195831,69.29434888911514,67.78603648506135,67.58305909985621,67.76459788327132,66.44518844955921,64.84728615951627,63.08491198986681,59.91275554413543,56.30713306826927,54.29719049607207,53.501692128859695,53.08982816841977,52.4259369434452,51.39098556175498,50.02417305858192,48.46586792571843,46.868210190865106,45.377998093335336,44.172298028441354,43.423202664989105
196,0.14566899864670804,300.0,0.0,0.0,0.0,0.0,0.0,0.0,0.0,0.0,0.0,0.0,4.512574741651782,9.328737164769219,16.575017398777664,28.939683353012764,44.96444117571599,59.49780571876307,69.04950792377431,72.85248834577945,75.67898617202667,77.23945465613161,77.00670698672423,72.93613579297791,69.07397862244406,67.46841769519875,66.96323743946007,66.59247752016506,65.0211321592001,62.89244714190723,60.90886159249174,59.302077976075815,57.997873279391875,56.908167473044564,55.793103299519366,54.56108537552579,53.18101175500119,51.65443731404713,50.00151070972122,48.28103125052345,46.55476518882434,44.890527737642515,43.40117418815057,42.197961787655764
197,0.07866349057825377,300.0,0.0,0.0,0.0,0.0,0.0,0.0,0.0,0.0,0.0,0.0,4.097817139063876,8.837186187565221,15.970596473513407,27.724859892195862,42.80471221279315,57.22534671664752,67.36138068652868,71.47436330228491,73.99961052191651,75.00371638576227,73.31009170978272,69.98645102108675,67.79439169866384,66.55618230864087,65.54160773594455,65.51604812978185,65.16883658237437,64.93273536632424,63.51129291012577,60.0604857841118,56.741047465738475,55.075705200766144,53.81954058867612,52.44840422377308,50.862094847554175,49.21532201242873,47.668945668170785,46.23017257643016,44.87218328503795,43.54747560155736,42.12416719884979,40.46666375825792
198,0.08096028964477792,300.0,0.0,0.0,0.0,0.0,0.0,0.0,0.0,0.0,0.0,0.0,4.266891175973222,9.130602998595265,16.33924444903989,27.7547182673065,42.23631235614678,56.41146750002223,66.11795063833557,69.60348938228412,70.994002689086,72.62069157936722,71.66258912228203,68.49731774802669,66.51190729614763,65.83069630146778,65.03129409127142,63.94816780230088,62.5700994634483,61.62742242309745,59.61816870488368,56.54334120851127,53.83156489404296,51.810030867155,50.40243716494499,49.34559510214441,48.38810040753541,47.42439496820498,46.40225810113692,45.33221129828853,44.23811022553002,43.143496002985884,42.07733196500374,41.067404886303635
199,0.13660574824901192,300.0,0.0,0.0,0.0,0.0,0.0,0.0,0.0,0.0,0.0,0.0,4.398031464269987,9.183116577812912,16.297071593380068,28.189711167623642,43.69945722430905,58.6775938641446,69.2799916528701,73.5081392693132,74.78548147370924,75.41305578715007,75.5293093301165,73.20441756239248,69.86493154062522,66.884187294905,64.67918681860186,63.779537216365206,63.22211966541327,62.350920710588454,61.266175709261624,59.57016146197719,57.220350371353085,55.159584517706705,53.799108577538824,52.800288059099344,51.77127188542677,50.57844114560979,49.18619352896551,47.68082930073118,46.16854210882473,44.75991870161088,43.61809860165122,42.907513959448515
200,0.16616225399579476,300.0,0.0,0.0,0.0,0.0,0.0,0.0,0.0,0.0,0.0,0.0,4.669629326934279,9.651997688053878,16.90213466769962,28.951726041921283,44.488542232341935,58.85816529533155,68.79529225213426,72.38113480120757,73.62785829064515,75.5502662360259,74.51474457899822,70.7300300543119,66.51147651773627,63.27039723197046,62.612212916413775,64.17291088257687,65.12044000962683,64.70471169024486,62.98794857666779,59.19294998548427,54.99359932875502,52.946046829774076,52.046850360932254,51.41731327943893,50.56830595282828,49.44592179785182,48.114323408349634,46.679366422598584,45.24751314939903,43.94090842885526,42.97728970653259,42.58630320827029
201,0.1298745676283896,300.0,0.0,0.0,0.0,0.0,0.0,0.0,0.0,0.0,0.0,0.0,4.201788772137656,9.361344749330083,17.164597707478553,29.777205936545887,45.85716142960751,61.1050559394907,71.18188672694146,74.62821016948902,76.16886045580631,77.23906240911718,75.97580165304706,71.58132700871941,67.39419858029248,66.26545680043772,67.43349221749361,68.1806439542111,66.68827785460725,64.66537739152336,63.219384480253574,61.459307214634755,58.74815107907026,56.2801691159454,54.607729287528805,53.40862382952859,52.28979936362624,51.063296664209076,49.63458162012501,48.055797859018,46.40799566668179,44.757222958045965,43.138097385669695,41.57477686697299
202,0.1333629317498656,300.0,0.0,0.0,0.0,0.0,0.0,0.0,0.0,0.0,0.0,0.0,3.9366730119569624,8.850243188885933,16.524935343381824,29.193788202215107,45.07360273598613,58.7404771144046,66.87985372357171,70.36126551437926,72.64874684232416,72.73384447644588,70.40838739161447,68.4897446239447,66.81402015631399,65.92063205107087,65.62531755129895,64.90106423758048,63.36445358974555,62.537667115597344,62.12630651080886,59.669318266836974,55.561077072259685,53.02902577613655,51.71088566772568,50.718836143791485,49.47611356575164,48.00044442724132,46.444918440830236,44.955981277912855,43.66421289714572,42.704238407571616,42.27652952026465,42.60627361203629
203,0.10197376716817079,300.0,0.0,0.0,0.0,0.0,0.0,0.0,0.0,0.0,0.0,0.0,4.033487721700803,8.903057919957712,16.394006916316304,28.539562506287147,43.369348207453974,56.914725005967604,66.54266688981934,70.95912815787538,73.61486419521341,73.86623171502944,72.8514356795554,69.3432715909034,66.03679797664988,64.15651144994429,62.95361104755126,62.881910641053885,62.60466453571515,61.811234739839826,61.03599987573095,59.03961647065457,55.76456652609521,53.62078189799204,52.31007656664909,51.25310422549806,50.10588450474545,48.82943892842649,47.45475242095299,46.00431044277764,44.497339929776246,42.941292203583686,41.30444191855977,39.55198595906871
204,0.1451099221234831,300.0,0.0,0.0,0.0,0.0,0.0,0.0,0.0,0.0,0.0,0.0,3.7166971230362598,8.737297533274294,16.602379158228505,29.265244974087246,45.21814027478996,60.13152358609536,69.70675995148179,72.9512313890235,73.48083307653948,74.79710180456213,73.96553465672909,70.6512157871014,68.4141384471887,67.2969406995482,65.52122954187227,64.1530453290532,63.736299645832425,64.65602220489208,64.39473049426961,60.62813623205512,55.8255718150202,53.16712088250057,51.75933468876545,50.73584895596823,49.62693297400239,48.40439391450901,47.14437459191265,45.928827660544265,44.83425946332582,43.92388212912179,43.233603732597544,42.79327535402069
205,0.09687036040617965,300.0,0.0,0.0,0.0,0.0,0.0,0.0,0.0,0.0,0.0,0.0,4.62641513244483,9.322775234743581,15.951102600547326,26.842333532632356,41.43894729940259,56.28853519309766,66.78348766050684,70.63164655215087,72.18005352326755,72.75142363748589,72.17102291215708,70.06045419518739,67.27734213959938,65.28635650052459,64.77080153929158,64.90705554898473,64.13530908167526,63.41075097308692,61.94629729338308,58.94795543881011,55.446908764228574,52.977746544655076,51.45418253343815,50.36725778098905,49.30555587975117,48.13163334543302,46.81273762638435,45.451949922285344,44.173292585033956,43.10276586803679,42.41747697417502,42.30502599608209
206,0.1436298685949193,300.0,0.0,0.0,0.0,0.0,0.0,0.0,0.0,0.0,0.0,0.0,4.47330197660975,9.110380993469434,15.992311451317486,27.687172579533204,42.39019390592284,55.84365100779899,65.11494437393571,68.20888168266137,70.07456146660954,71.9124294967401,70.77959794276276,66.6812382580482,63.91280400573063,63.5653438031821,62.95629400907593,61.43098615254727,59.823966804403646,59.10485922539473,58.68614435594651,57.55474055747509,55.35169895022342,52.613443256577376,50.40591199326659,48.771950291331436,47.49867488490855,46.378195912731464,45.24595039551802,44.064088450830305,42.82567934580157,41.516811138027165,40.094700232251554,38.51662068326216
207,0.05971398655986758,300.0,0.0,0.0,0.0,0.0,0.0,0.0,0.0,0.0,0.0,0.0,4.23335585000528,9.141069944770983,16.496337811507164,28.636766902210585,43.858683530314124,57.611173233481665,67.13816991363521,71.4798207409612,74.07059560766962,74.53864817816077,73.96856267747707,70.78998440054717,66.45540644294717,64.97288985719798,65.43884112407095,66.01619581776527,64.82459472101259,63.27173649379433,61.31052428500382,59.096101232407854,57.04570692940229,54.87831787743887,53.038719968218246,51.532627566627696,50.20940929210674,48.93828206539991,47.63195256393023,46.32938673965619,45.093728089905056,44.00860152116717,43.257919863035546,43.04412837883772
208,0.11050257555853966,300.0,0.0,0.0,0.0,0.0,0.0,0.0,0.0,0.0,0.0,0.0,3.939485495602188,8.848928953893871,16.623015896659798,29.494923010278807,45.30910277433826,59.4624162083203,69.44181007478451,73.82749023256025,74.9432439980495,75.44124420115337,74.46636517780139,70.75683156574203,67.43545794257798,67.16969141700764,68.24141080525034,67.98087744172467,65.8204587141553,64.4966904997395,64.05601735088082,61.98193788160274,58.718648098989696,56.30749660769058,54.6079808885257,53.22255859947006,51.90594260097708,50.59354268872107,49.27183056474731,47.95624731923193,46.66702729885496,45.402880828718864,44.08862437550689,42.639950734717814
209,0.07936922647439719,300.0,0.0,0.0,0.0,0.0,0.0,0.0,0.0,0.0,0.0,0.0,4.2932938695765985,8.998636451416735,15.995418078806242,27.759770824551786,43.398257419906045,57.898861322462615,67.72935235706447,72.14464501753784,74.66404631553613,74.64563777253409,73.78686789009619,70.46894022463093,67.0568612338449,66.1103075738342,65.3601518836623,64.25831669888879,63.3439020638046,62.638000526187575,60.862769772004214,57.35924201494811,53.86372021138657,51.95985823691176,50.95817594076335,50.207136021484374,49.31611136127957,48.27717684846522,47.16217073606091,46.002671208996816,44.81894390435315,43.631748845794434,42.46961120573185,41.36026405319087
210,0.10722187777417329,300.0,0.0,0.0,0.0,0.0,0.0,0.0,0.0,0.0,0.0,0.0,3.9271034835913015,8.880076510916625,16.270425456219375,28.377675077374754,44.24592849210429,58.87919576020577,68.65905057691981,72.66864312923406,75.14835306474559,75.75952403123257,74.69851342025484,71.52959021132868,67.93608754148381,66.26558948261375,65.96150335515615,66.6571115153849,66.00542583833199,65.15778155304557,64.4006877044456,62.14960640143073,59.11192478351337,56.94284483316811,55.02381665457807,53.06966062671109,51.084641029698794,49.247726973302264,47.71988193777448,46.50723584934688,45.58456750331181,44.94495442173872,44.63750883166516,44.7288524752914
211,0.0885322254053802,300.0,0.0,0.0,0.0,0.0,0.0,0.0,0.0,0.0,0.0,0.0,3.978298758448561,8.828131141970731,16.281515501392743,28.609499326241597,44.23344869929541,58.294237385933506,67.79295573955721,72.15523602467614,74.56009934153482,75.33025547839827,73.71584626706196,69.6130471974533,67.51820585838234,67.23813825545069,66.49973782262842,65.28885963708274,63.261492120057774,62.04677974856376,60.91280936442047,58.33606192223443,55.38530526769065,53.68193009851005,52.705842927880205,51.8373685316062,50.68325263027768,49.22867744450003,47.56018686566083,45.79980378428187,44.06496190860505,42.484854289991986,41.28062689933757,40.67970638960971
212,0.11389068698360931,300.0,0.0,0.0,0.0,0.0,0.0,0.0,0.0,0.0,0.0,0.0,3.8880780852373187,8.623027770022896,15.906630315595473,28.15140998290842,44.25493730207388,58.93373238871606,68.15481184055959,72.19832049148565,74.39887867897386,74.34797498510079,72.65506110114829,69.87815184224017,67.75940968048349,67.35972908637235,65.76579372489789,63.49001524590863,61.91502862381838,61.17820317393205,60.212741820127555,57.86981010477446,55.06075455780395,53.08062221948677,51.79790388461361,50.77166723118444,49.66363808271309,48.41324203283226,47.03547746333076,45.57701368475798,44.0877999002267,42.61391917765836,41.20285372045928,39.897378143795
213,0.05566984899062592,300.0,0.0,0.0,0.0,0.0,0.0,0.0,0.0,0.0,0.0,0.0,4.248853320366238,9.115873413897127,16.250570161019866,27.730223413571316,42.72473038147867,58.065242911129836,69.23557003941065,72.61483749524896,73.18935649088571,74.44199420057464,73.79087370780574,70.52154911729802,67.17351843315608,66.13518571179287,65.01143534512624,63.89845776378037,62.67823211018614,61.600604877933286,60.60505026806582,59.04195528692388,56.88342406177429,54.78868427073742,53.120114034641816,51.75875043114764,50.51927306336474,49.27756221542284,47.95499612135375,46.573146261719025,45.17392345233572,43.80689936175789,42.563771832183654,41.537543278890354
214,0.09517627387559287,300.0,0.0,0.0,0.0,0.0,0.0,0.0,0.0,0.0,0.0,0.0,4.344721409527772,8.886901964722474,15.584719183769343,27.031246533385264,41.98702299167341,56.18401847528797,65.8475712730591,69.89427892635672,72.00737386130854,72.49462919181285,71.39220896524733,68.32598732893634,65.55272828493193,64.24083340905798,64.00024775354596,64.32032065664981,64.18549772489646,63.71178657216643,61.980146101152265,58.37608061652672,54.268306822273935,51.48502243416767,49.72564883315241,48.52348047165,47.56340536279611,46.649767486223865,45.65805528786416,44.60862897024126,43.55307285158824,42.51915847645314,41.458020182135016,40.3075542827092
215,0.16496567088782862,300.0,0.0,0.0,0.0,0.0,0.0,0.0,0.0,0.0,0.0,0.0,4.789117324855067,10.197132360519834,18.037469103998415,30.657324269348248,47.23704266028324,64.21124087038186,75.9600905212666,79.6993845296452,80.87824078929228,82.39466231967579,81.18284171633748,76.9892893609319,74.57961505004525,73.26592181028728,71.92496392561164,71.73314239866822,71.1483740363482,70.9123921822473,69.65127334567494,66.20078314074519,62.779520788945966,60.97800717102092,59.58011974147526,58.09816223677135,56.447101133795975,54.71283245735894,52.99807019779505,51.342817268270416,49.769399681791256,48.316553714254255,47.09518287686202,46.224790009664794
216,0.14351142287720373,300.0,0.0,0.0,0.0,0.0,0.0,0.0,0.0,0.0,0.0,0.0,4.347318780023436,9.215680099439888,16.431777487376298,28.33305293496902,43.43767421528181,57.3472141851504,66.54752673409324,69.72663258371067,71.58085876571805,72.96698650611737,72.3883107674218,69.11631492224147,65.28385453984717,63.28680071374714,62.90681517097499,62.57733509472779,60.086376523784956,58.092202644443624,58.014604452747605,57.664668490851604,55.43024419308579,52.82638791259935,51.11996770869131,50.03341007512953,49.077387604125796,48.04388104535231,46.836883798017396,45.51356418154776,44.16115710494019,42.8477898238872,41.5960622714115,40.41647126336949
217,0.12464191074582012,300.0,0.0,0.0,0.0,0.0,0.0,0.0,0.0,0.0,0.0,0.0,3.6794025112162143,8.569840876347099,16.282757215269907,28.763606138997982,44.15222523976198,57.83756439970873,66.8246815178808,70.44212057382347,72.21802234413705,73.39012373626164,71.59108295658032,67.66088997340742,64.99276241367795,64.23083024225913,64.07900151889805,63.45440087244049,62.244462272436216,61.415548244260044,60.30992596664552,57.46604821424951,53.67282916467601,51.37600710311143,50.120649602157734,49.16001741665909,48.02398800792507,46.71705488354719,45.352844871656316,44.042907119389966,42.88830881287467,42.00798012325532,41.62599864583572,41.998923924216996
218,0.09398257580317035,300.0,0.0,0.0,0.0,0.0,0.0,0.0,0.0,0.0,0.0,0.0,4.427105922977794,9.431535820730277,16.971705996347964,29.427007223397958,45.48293405747175,59.97669743785371,68.86714242022482,71.94606361854828,74.05314190242176,74.99392201977894,74.68099240904016,72.09364084868567,68.31825996954687,67.47984717960061,67.37487167350139,65.97248481675382,64.23396821404047,63.99863796441257,63.29482232040167,60.05931930360242,55.88422798910881,53.27210993134331,51.79712864501585,50.836045680849956,49.9789485665179,49.01298331002075,47.82554390522919,46.485927804029615,45.09964436134945,43.80863320455028,42.9251203016987,42.78857682246097
219,0.14447710189053378,300.0,0.0,0.0,0.0,0.0,0.0,0.0,0.0,0.0,0.0,0.0,4.031502834191758,8.7214314665461,15.536466258578544,26.32610392103594,40.341370501282086,54.77775437808048,65.2148409692748,69.03411970732986,71.07656464171816,72.52846630235383,70.89577508960777,66.96588022846841,64.0837771288784,62.17819866237211,61.197402713223276,60.70744855438982,59.97647966008248,58.8052847467461,57.181859719333225,54.97378775713461,52.410601640188,50.63207475947242,49.52652571083283,48.64110325269581,47.63740946300952,46.51992041268694,45.36645940002511,44.23209014510804,43.1623490545416,42.17306229608631,41.180882665690774,40.08620451599875
220,0.08523384424869748,300.0,0.0,0.0,0.0,0.0,0.0,0.0,0.0,0.0,0.0,0.0,4.223069633463164,9.167439795623585,16.443555044905892,28.493914885587948,44.28830026726191,59.00433078484473,68.98586978415929,72.95288864917143,74.73131152855733,74.13191610911103,72.99770432765615,70.35123254405991,68.42011135711091,67.34618158227303,65.86245044043268,64.84435692391578,63.810751965544576,63.32360178144944,62.62949653790665,60.31294838805983,57.19444261605258,55.172432935180126,53.950854957181896,52.95921134301191,51.82210424546748,50.532049297266234,49.16510025365586,47.78848257242906,46.461663517839675,45.234569512696716,44.14119539918284,43.20964953097941
221,0.09299252696805663,300.0,0.0,0.0,0.0,0.0,0.0,0.0,0.0,0.0,0.0,0.0,4.776402866231311,9.95286012119945,17.40408275032161,29.848256967336162,46.15675249511627,61.69874681598051,72.14175059616822,76.42670322508016,77.8465750270471,77.72433956140561,77.512047338751,74.79262447944359,71.00611431891181,69.15289303893182,68.54558607514,67.98982733202592,66.86631408023388,65.97813194071173,64.04591817955527,61.30127789029001,59.14894676351526,57.0292114898371,55.33071184177388,54.03006287804689,52.9213926692136,51.82872612400878,50.628894268639435,49.351241746452935,48.05717377899961,46.80860590419449,45.68715143792362,44.773007770219756
222,0.11223397495952986,300.0,0.0,0.0,0.0,0.0,0.0,0.0,0.0,0.0,0.0,0.0,3.6801309707453016,8.221826526331428,15.164715500105794,26.615875787287386,41.54173233925648,55.59802302565825,64.87839335047808,68.92059931909326,70.97643945438483,71.15591448596723,70.0615593790307,67.01043216984789,64.10957540119891,63.18348547512286,62.712049804003655,61.67229643520476,60.46218164174597,60.0289613953442,59.01527149311974,55.53216520661012,51.613721550551965,49.69582185844006,48.80274652858926,48.13940768762619,47.285847955301854,46.23249720074785,45.06381043186075,43.84950771533349,42.65050064654487,41.52103891338884,40.509447240400014,39.65927956892077
223,0.18294209884608734,300.0,0.0,0.0,0.0,0.0,0.0,0.0,0.0,0.0,0.0,0.0,4.677348761087244,9.827493093903634,17.407304780922402,29.76174495818319,46.06548287286361,61.76479935910641,71.69853333440912,75.42698240087596,78.0362037097431,78.77917958035715,77.48021320042075,75.02739037625994,72.89796999610698,71.3657115724696,70.14356218234596,69.59819109819395,68.30521418417341,67.43494032483433,66.3453450085611,64.31342185596503,61.820636654585,59.519087575766314,57.50815416764897,55.84116361708548,54.54025313583594,53.43904499932545,52.3661152309665,51.26771444996791,50.119600865297336,48.87796209557868,47.41997682821481,45.6203103304645
224,0.09781257453624988,300.0,0.0,0.0,0.0,0.0,0.0,0.0,0.0,0.0,0.0,0.0,4.057137496646541,9.1123363743864,16.91525485493912,29.554439817255425,45.553302602117746,60.62672413221718,70.56971360830742,73.79372603987645,75.04918118719705,75.40789346550758,74.84120146904081,72.62729965757747,69.53937105359903,68.45476616935042,67.91415994900697,67.12401738602003,65.3087034835065,64.31169323492225,63.66283144886446,61.123192374438325,57.26533921056475,54.31253605487776,52.18630477718109,50.65534408841209,49.59263716837852,48.75657729392065,47.928927032739445,47.049494212143216,46.097288807543336,45.077977213113186,44.09425748922258,43.26378474068233
225,0.0957280941233455,300.0,0.0,0.0,0.0,0.0,0.0,0.0,0.0,0.0,0.0,0.0,4.081884426218523,9.099960501200764,16.774041517352615,29.604342263912056,45.89360313705081,61.022998601182216,71.01221999212719,74.47963278413474,76.12567732364589,77.159013482396,75.94639704493605,72.88945129094371,68.97205881940533,68.0930794030984,68.35745057058527,68.7053938784674,68.2687368218732,66.28672771755063,63.504160334432925,60.70446957015462,57.770267728355506,54.793951708533136,52.5957563833045,51.10891048373491,50.04173652871182,49.12070709830702,48.133836309086966,47.05653472319495,45.90842238668809,44.71282787069297,43.51090681898367,42.344358415641636
226,0.08869512432544531,300.0,0.0,0.0,0.0,0.0,0.0,0.0,0.0,0.0,0.0,0.0,4.203850873099661,9.230312086467343,16.658994407832214,28.712088991085825,44.65790190595928,59.87632336536547,69.39994741990164,72.83376530812453,74.68037153011302,75.62097578961172,75.0211462079562,72.03528774688624,68.51887335005694,67.25405979020286,66.31338844468065,65.50640180280813,65.11874277972798,64.8549439172355,62.41507949098589,58.81350753220445,56.61429334345346,55.30685959842627,54.026524298520094,52.503753058130066,50.68590556772399,48.822446717553824,47.17042780732477,45.83683230582636,44.89005663839568,44.41706150611746,44.58714403472939,45.61461979239171
227,0.11991266873490958,300.0,0.0,0.0,0.0,0.0,0.0,0.0,0.0,0.0,0.0,0.0,4.698266188832589,9.16468073510505,15.620272382062089,26.659729716171398,41.57900676017443,56.222010860376855,65.95138142209834,69.6453495518913,71.40230650100116,70.96004091870739,69.68236604439485,68.02091923074263,65.74829101244427,63.94930627558713,63.457626444956816,63.85314632846834,62.331832776437096,60.31429746529811,58.92217044306188,57.181594851954976,54.839799881451626,53.10727198061989,51.90885756004409,50.87382439911176,49.72878815562806,48.410307626962215,46.92888103849283,45.37594610810002,43.85205658133133,42.43458180657075,41.15115132337435,40.01613453988069
228,0.11366643822584543,300.0,0.0,0.0,0.0,0.0,0.0,0.0,0.0,0.0,0.0,0.0,4.224354994046557,9.070506812121838,16.39902885647983,28.69088357178532,44.33671758706858,58.101760180116806,67.11632231486878,70.87133906979513,71.91898213186691,72.80642848133739,72.64571431923295,69.05787314135394,64.9082348528083,63.63497360427791,64.91984676327328,66.12402746026751,65.66770048234552,64.25229200109126,61.68103226050344,58.27534970534605,55.00697039867599,52.860955358797256,51.60034890051887,50.681362510957285,49.67609602438124,48.51454172747134,47.22018192285665,45.8433778082735,44.43661536687102,43.05076986869416,41.74678784145408,40.58198618147584
229,0.08897656052251599,300.0,0.0,0.0,0.0,0.0,0.0,0.0,0.0,0.0,0.0,0.0,4.636539727956374,9.74258975744637,17.293472271707696,29.87987624606397,46.24443121741171,61.51043866860363,72.00672326168426,75.94622474104206,77.45870152079642,78.33258722122844,77.26759226543834,73.3637083169069,70.8060584868694,70.89297319121968,70.32795967217235,68.9897536332656,68.18327836983737,67.36361372129126,65.71578611486912,63.02670975933493,59.971336973623856,57.986898302569315,56.52370960703475,55.083693808751704,53.43434934254937,51.703450024565505,50.06979157122996,48.63116852120607,47.459732675297296,46.638409636021336,46.31369943748327,46.65631514201329
230,0.060264880277165506,300.0,0.0,0.0,0.0,0.0,0.0,0.0,0.0,0.0,0.0,0.0,4.7012322228171595,9.604264048918871,16.708798178699,28.7986173427248,44.908861368481645,59.543559498134904,68.81133301298757,72.40022145246574,74.85923205146257,75.27609383725199,74.0258304613076,70.93526816814921,67.91002576671066,67.52252592607503,67.35000681482889,65.41927380600613,62.77422106869296,62.046001572710374,62.31605181393845,60.820270148088035,57.58023155939919,54.967364487824604,53.26690667889627,52.042107049915295,50.92496713464763,49.79278795128031,48.599250572120866,47.35883692328547,46.09843602045266,44.84173416489976,43.60830908817766,42.4150104578636
231,0.15523374483879926,300.0,0.0,0.0,0.0,0.0,0.0,0.0,0.0,0.0,0.0,0.0,4.281764624758222,9.091767577170648,16.1608624732146,27.671971358750866,42.74614577935486,57.45996409054485,67.87914578629393,71.92355052956323,73.25023134778725,73.8536101984031,72.66243849282115,69.06486472080356,66.31233027094777,64.7490071307283,63.63662347288403,63.79038373042545,64.069703202706,64.59740475982696,63.82396807491757,60.56250079968519,56.40977393520421,53.994942715106696,52.88897349463797,52.28638298162413,51.615693861711165,50.71438699784318,49.551291552572955,48.20422524764814,46.771159946669606,45.34387285981493,44.01668161015202,42.87599707863584
232,0.0926408008396327,300.0,0.0,0.0,0.0,0.0,0.0,0.0,0.0,0.0,0.0,0.0,4.066807400607742,8.958906589431564,16.26715037260799,28.15827672809177,43.48700645603865,58.374077596555544,68.66814568840739,72.51508186587408,74.04640031695362,75.76244585446697,75.00675526728405,71.31903426612195,68.36261001226724,67.39652457467913,67.59219518891449,67.58993134367635,66.10358668436054,64.1834254046269,62.20145531139783,59.785035206495266,57.53514169512459,55.93340721151121,54.43109656516127,52.78672424972949,50.95819136172799,49.091156740519956,47.33433668900681,45.733664994992026,44.308420627384436,43.079675294227926,42.08429622159456,41.361623436959874
233,0.08263980883680483,300.0,0.0,0.0,0.0,0.0,0.0,0.0,0.0,0.0,0.0,0.0,4.523681935366923,9.344742920015303,16.596440706897347,29.141012144919525,45.13677949122774,58.87919380158833,68.44226922616944,73.07659412480558,74.76394534692153,74.81055004163431,74.79829878589143,72.50283594305336,69.29947894516111,67.6060271709518,66.87559222755809,66.4169259807759,65.51115021349263,65.22244138903527,64.44446287163096,61.87488231980554,58.471898203249054,55.91290743736351,54.11966244269239,52.728502421417666,51.47848357253335,50.25721860669175,49.00672666681259,47.73139631284979,46.44888046063547,45.136369981380206,43.62493700489841,41.73532164791118
234,0.14575449851093117,300.0,0.0,0.0,0.0,0.0,0.0,0.0,0.0,0.0,0.0,0.0,4.268604290577207,9.345945607454533,17.066531660685143,29.72117730059364,45.634859619903814,60.5051505980884,70.70173153638657,74.70222559527323,76.2932318960605,76.48811084751944,74.7031006343639,70.90728753216747,68.69414987037561,68.52590654256377,67.8427680009146,67.07307969776024,66.76774459245306,67.3212063614324,67.14588106871963,64.13927304351265,59.306013830867606,55.65909192801185,53.71266531867902,52.66372591028699,51.76064345802068,50.7797641870089,49.649138651053875,48.38649182838794,47.029356113803495,45.59933912913093,44.065976012777696,42.392263812504595
235,0.0849216149293569,300.0,0.0,0.0,0.0,0.0,0.0,0.0,0.0,0.0,0.0,0.0,4.249419907309627,9.20746608932437,16.8122395338149,29.36191040946205,45.24361103463859,59.84085431843159,68.79483317245901,71.71105333561141,73.54875027049725,75.25546963571195,73.4260813989736,69.68974010476732,66.89656135231625,65.9841333303286,65.83365794331995,65.2744868634548,64.26682353372571,63.4820129290549,61.95894189049492,59.673931292049936,57.423938942858314,55.24076279080522,53.39786615158739,51.82502088692079,50.36851576606681,48.963833111975575,47.58655487286045,46.27767792336921,45.088602597168986,44.090355188057025,43.44771513187542,43.34581996809018
236,0.1230297128125168,300.0,0.0,0.0,0.0,0.0,0.0,0.0,0.0,0.0,0.0,0.0,4.24475839478769,8.960848898808585,15.995851971457936,27.962241441951864,43.82061556308455,59.057740848730404,70.22499738290574,74.49179509178165,76.14207734385529,76.48835226377338,75.06271797675947,71.49921366202739,67.30846455654714,65.39934784259307,65.98439228032709,66.91608732093023,65.83969665605589,63.78428995143555,61.72385861681491,59.79971896448693,58.00298953106052,56.34937107056503,54.71181086356934,53.09069291020346,51.52067425305871,50.015485903824306,48.578394530756974,47.1957950268407,45.851058200222994,44.55716445347034,43.435583740074414,42.62305847096035
237,0.09456870483434308,300.0,0.0,0.0,0.0,0.0,0.0,0.0,0.0,0.0,0.0,0.0,4.40289581505584,9.230980516796953,16.38279955555188,28.417486723835328,44.40730783475581,59.61098444186053,70.16554437287293,74.30269070275868,75.57659739694083,76.80177006905996,76.55593731579366,73.54666135519825,70.34870797985927,69.40151026718172,69.35867379904211,69.05559450899989,67.92118959647583,66.33039302183617,64.38505790701858,61.25039765310741,57.57402592199388,55.21228494367502,53.72612346618628,52.56024079086642,51.385957171105574,50.16133651876211,48.9077217839541,47.631857775001485,46.33659305444088,45.01421924211778,43.618692383798006,42.10078774791637
238,0.07278913565967403,300.0,0.0,0.0,0.0,0.0,0.0,0.0,0.0,0.0,0.0,0.0,4.738208332631982,9.581913649733695,16.54470394673097,28.185966732196917,43.32777245719521,57.4905440135506,67.01108634630901,70.32794264611776,72.13205767754312,73.02251051610111,72.07122098222334,69.20954678036354,66.66131430902449,65.64817856330666,65.04658781472936,64.8057859083886,64.01835616898707,62.62930305845361,60.8960028253402,58.369778493368415,55.43186413280734,53.18070969585563,51.80320613312218,50.75934814286286,49.5625881134629,48.2677588183614,47.015046129790775,45.80931758536171,44.624889728573585,43.3826463193385,41.79786931224269,39.58370539580346
239,0.0633238675851816,300.0,0.0,0.0,0.0,0.0,0.0,0.0,0.0,0.0,0.0,0.0,4.097443430209096,8.730245051010098,15.690707106004481,27.099971633977663,41.68507073462497,56.13262199500686,66.90786259797196,70.88866710519599,72.12251942147628,72.5844038138707,71.41772962563643,68.53603078925809,66.08879863081846,65.25555960237595,64.70442067958025,63.75884371981338,62.27985792421105,60.48357972856058,58.52065602283263,56.463792217186814,54.30437518346493,52.18820172876326,50.67780466462564,49.5913072299418,48.598846666418886,47.53635797942772,46.31782735145041,44.98608600098647,43.609715933927696,42.25390294393415,40.99131238065991,39.88950667306082
240,0.10591469012598535,300.0,0.0,0.0,0.0,0.0,0.0,0.0,0.0,0.0,0.0,0.0,3.659391943215598,8.480248091823404,15.87415486776806,27.612126783214386,42.482403181681526,56.8762681213194,66.43399419534262,69.909233640612,72.7225274208267,73.60745162086415,72.02817173749446,69.50310779114203,66.76667753612892,64.12181781811948,63.25267597469595,64.60760144380846,64.33090137776716,62.59736006094852,60.59473739933061,57.783066745676464,54.34864207006783,51.53621616612418,49.8425200185007,48.88978156015336,48.22413584368272,47.551535486756286,46.6723169219991,45.5868531835082,44.34346597859268,42.96284094816066,41.3680097980145,39.47480731917914
241,0.12329870945076027,300.0,0.0,0.0,0.0,0.0,0.0,0.0,0.0,0.0,0.0,0.0,4.205814849480631,8.805139482251546,15.697872363790912,27.34429396961826,42.59967472936048,56.980783901768035,66.91665507385628,71.13101904026124,73.95502263534816,75.10599456611067,73.82023858482758,70.57684484282098,67.9198601097401,66.26910542880682,65.0921430947053,64.62756014232501,63.87493185443267,63.54239270351877,62.933367516249554,61.04259133123431,58.157399538843606,55.898672675644086,54.296127994714226,52.87999572454527,51.30092281666551,49.597015759474445,47.88111832017271,46.227977058771245,44.696134652498564,43.35885650636479,42.37053495194769,41.89776258155647
242,0.18443052492074102,300.0,0.0,0.0,0.0,0.0,0.0,0.0,0.0,0.0,0.0,0.0,4.425103522624708,9.153067163303263,16.05389233324344,27.45278704976235,42.45803907442712,56.92105634154615,66.52723656199262,69.71004494407673,72.10625893648093,73.97793355219412,72.18882871621487,67.18696404938945,64.33212164251427,64.81191231338978,66.29297424324426,66.99533928641749,65.66195881659455,63.353649265910214,61.01247196637024,58.22144066375907,54.814318145136944,52.29933303146464,50.765011774929036,49.736552050411085,48.80955166645707,47.838798826894546,46.76135840409122,45.582677708961796,44.32373956919435,42.969857085453405,41.377134900607686,39.39620314255892
243,0.11020054718500513,300.0,0.0,0.0,0.0,0.0,0.0,0.0,0.0,0.0,0.0,0.0,4.089854966611254,8.944017370910363,16.151733087115172,27.72895145947036,42.61934019332251,56.99021875406264,67.50167082824684,71.98174415175876,74.13918088829149,74.78241623899986,73.86886401999622,70.72738575362243,67.53579175923842,65.47216001603039,64.81190835509169,65.1186607840093,64.74085410278285,63.59729090164221,62.205020899918715,60.154285537625334,57.42186476458764,55.13789070258008,53.570531810974465,52.37948837988169,51.223703832384835,49.98557843590827,48.6348344121159,47.25921354891614,45.964866857568246,44.90590286342648,44.45942602727778,45.0637099975408
244,0.12149690516758896,300.0,0.0,0.0,0.0,0.0,0.0,0.0,0.0,0.0,0.0,0.0,4.348824949630121,9.401679319829432,16.85312121598223,29.118530605890125,45.06883091032138,59.66070693944723,69.17651564165003,72.88891324466611,74.66577663174061,75.1503538996945,74.25876937994202,72.48655610965164,69.84024276507033,67.56698888749746,66.97958292527576,67.63725186517377,66.90609469402237,64.99195595465287,62.269584884472025,59.42887991486066,57.30073101038776,55.72083354261822,54.34434922937125,53.07934564073112,51.886128489010524,50.688479045430924,49.411243226642995,48.00417585907192,46.42814474622708,44.620309424683775,42.41281113207936,39.657731191305096
245,0.09551117043129873,300.0,0.0,0.0,0.0,0.0,0.0,0.0,0.0,0.0,0.0,0.0,4.149633317246545,9.295113706682855,17.006482842169422,28.934076111113242,43.609397117140716,57.769701634935636,67.96105962372671,72.23872782688456,74.80152371506962,74.91571071599826,72.53605393193938,69.8214970454971,67.8999480468392,66.37913450531643,64.92871627654385,64.28281410780555,63.03591382452795,61.68804501508376,60.1300004499959,57.83345317448602,55.540458583295454,53.98426014482778,52.700508026667265,51.401146569891445,49.97761071186333,48.517165418770716,47.12819619283022,45.85216412746143,44.71227868328322,43.75026033594878,43.08768218939681,42.86293999696972
246,0.07893303063018874,300.0,0.0,0.0,0.0,0.0,0.0,0.0,0.0,0.0,0.0,0.0,4.055890587064165,8.82989539401906,15.873477502981368,27.24328842510306,41.98376216668221,56.21199462146175,66.05725679582952,70.2002510077044,71.80394077160686,72.67499470571386,72.26653609622872,68.91320734018288,65.86160385692601,65.19019628422566,63.65198982792808,61.56895624607526,60.62303728123027,60.43539398006806,59.10684017522472,56.31754451076885,53.68874512200624,51.95046311016571,50.65493351866914,49.4718301068866,48.21434411075881,46.86816728142849,45.466612592784834,44.071167001958855,42.743555231247186,41.591375448244364,40.9215132257978,41.083926830517676
247,0.05731101847974837,300.0,0.0,0.0,0.0,0.0,0.0,0.0,0.0,0.0,0.0,0.0,4.444988771679227,9.14600851394366,16.13284087681016,28.038896368849883,43.11913233717867,57.07123478992712,66.96901908595362,70.92989087811415,72.87674349480251,72.79292087423485,72.06667073166867,68.90174797148113,66.3628874704695,65.95263017459423,65.40628600837086,64.47717474205297,62.96516168516164,62.1955766446811,61.04074618477824,58.436727518685395,55.756669834523024,54.2303239905345,53.28285891088565,52.3929909654394,51.2476836929908,49.82163213300663,48.180864462732565,46.4675362675485,44.82585821667717,43.41419391434963,42.50429185945252,42.38786637977931
248,0.08303327133015152,300.0,0.0,0.0,0.0,0.0,0.0,0.0,0.0,0.0,0.0,0.0,4.073109810903777,9.009505354698689,16.601477551326848,29.078377747169238,44.9887038405431,60.4257907433301,71.51859179541503,75.35156387900449,76.76428569478456,77.64429887654309,76.58905702120134,72.61527764302275,70.18587120359618,70.58981863114889,70.24324862838495,68.54819458554451,66.92778009820319,66.16157787682528,64.56656584124288,61.03548237420833,57.205302382507604,54.966752393852225,53.77792069705995,52.963498387973694,52.072283918445635,50.988114942922735,49.69819157253149,48.26530009784626,46.76501221387491,45.27970330340789,43.938581167456846,42.8695784873729
249,0.1700090875146903,300.0,0.0,0.0,0.0,0.0,0.0,0.0,0.0,0.0,0.0,0.0,4.454118140103707,9.277072245320465,16.40680829892007,28.701901837585293,44.93989195761669,59.19383039546718,68.95350913846629,74.16643025379301,77.14548587745534,76.60365591844064,76.18586538856208,73.62974388430457,70.89040711343105,69.63074990844864,68.02694320413003,66.01558684161249,64.58997251779077,63.98323452270526,62.23494037410219,58.82048780485263,56.07961281761808,54.496292344228884,53.218285966647,52.00213720019653,50.80223062815638,49.535559234848776,48.144198916033815,46.68274130797241,45.22582981616126,43.8784262650617,42.88619350251886,42.51469298651054
250,0.10767509593127583,300.0,0.0,0.0,0.0,0.0,0.0,0.0,0.0,0.0,0.0,0.0,4.138949006099097,8.831652642886949,15.91767622748429,27.837550250718255,43.49756307230907,57.941231799761304,67.61062581092811,71.4107152647211,73.3777451638801,73.66535641647197,71.61832240468017,69.50217728071465,67.99056501126724,66.36992258784166,65.12275232401997,64.11404051167547,62.15257020496014,60.72955561164607,59.17069710764642,57.431777651219804,56.23729265898325,54.90000294946109,53.38928365040285,51.81034315203558,50.235239610508906,48.765794879081064,47.476770095154194,46.3410333183874,45.31100138476274,44.35355331253249,43.47930955044932,42.707973963531835
251,0.1208479003467607,300.0,0.0,0.0,0.0,0.0,0.0,0.0,0.0,0.0,0.0,0.0,3.896476686069906,8.538043375613782,15.555665910862142,27.33502012325371,43.071319968598445,57.79855528425088,67.03527001056159,70.62679070848053,71.70624277727617,71.2147031613577,70.22905293025842,68.61308775706513,66.26504057731599,65.01036141640968,64.55117279504812,64.41020692618373,63.589166106618976,61.71579208271331,59.34412739668382,57.015180607419765,54.80355299534154,52.514717364124195,50.76337227768982,49.471533271302405,48.37557985740317,47.30520123042256,46.15706381326455,44.9783409482226,43.84589559643435,42.84324525804934,42.103599280871194,41.767621604094145
252,0.03722038297226429,300.0,0.0,0.0,0.0,0.0,0.0,0.0,0.0,0.0,0.0,0.0,4.042926654477427,8.945047253606997,16.32206374915887,28.429072026301384,43.96020206096197,58.90420745131228,69.1945763027923,73.03454042754807,75.0186178823884,76.42308620735362,75.45988368464835,71.9634955408042,69.11566751847519,67.83478557953207,66.37361965385244,65.87317398482693,65.6781039765147,65.0750328618803,62.69992457084329,59.23981541247829,56.63566583414774,55.001932485231634,53.73040162114951,52.5162019596416,51.205926174625155,49.8309676599462,48.461851324411775,47.16447843164124,45.99802896822175,44.984751864064705,44.02429882683804,42.99509724433573
253,0.06538929765592634,300.0,0.0,0.0,0.0,0.0,0.0,0.0,0.0,0.0,0.0,0.0,4.293961391686008,8.828832810469176,15.770149070311723,27.842711272823365,43.63807377479586,58.05182976844821,67.73666019763294,71.85886535667524,73.49015788667744,74.50462481152384,73.2225491672007,69.57644147061632,65.76992845262555,64.01339352397304,64.27773151522881,65.29722322124186,65.3233292147513,63.956746245987624,61.96614400840448,59.082409745607286,55.69692564593727,53.3094863506327,51.82417605966572,50.7450368807557,49.69133557591114,48.56874976255904,47.366744309250485,46.12948417348924,44.90974807769237,43.753552930735225,42.69782596694523,41.77471490708609
254,0.05002845557918692,300.0,0.0,0.0,0.0,0.0,0.0,0.0,0.0,0.0,0.0,0.0,4.435975961002797,9.28232322135319,16.464207459102916,28.1923864844461,43.73320489553888,59.14774468567237,69.05652038464824,72.705238584934,74.56977688724965,75.15889245274509,73.76768753882253,70.67932561367815,67.52680168457188,65.98494952619522,65.53444652369842,65.85316716203141,64.9194053457959,63.620957519875816,61.736401997795866,58.71474240112048,55.79799535161227,53.85515879371329,52.605678109018626,51.5534107665011,50.31346016622261,48.82551858672101,47.144958282007806,45.45975167354692,43.966118977741125,42.906765720786105,42.79248864600467,44.246987884823376
255,0.10174123375163048,300.0,0.0,0.0,0.0,0.0,0.0,0.0,0.0,0.0,0.0,0.0,3.9569977801023897,8.595430116666092,15.616445722706132,27.40666164320857,43.0024871791072,57.938316868720705,68.09058564708036,71.86902127730136,73.15391826746179,73.41722015682947,72.3965704133214,68.9867412687961,65.85514408051112,65.07038820824742,64.70917665620838,63.787624492375265,62.204822538853264,61.441500107276866,61.30931226131836,59.07324123815322,54.92324871561546,52.023295997185166,50.313684078415854,49.1357576227175,48.037546656272205,46.89837160480141,45.69695000176969,44.48523731208089,43.32701637200399,42.25079022653103,41.17122788129457,39.98442498242507
256,0.057068335407562315,300.0,0.0,0.0,0.0,0.0,0.0,0.0,0.0,0.0,0.0,0.0,4.484270315369838,9.262621985097368,16.412224649682056,28.48975537515864,44.01751936238695,58.412936233342,67.74734283549788,71.10789525434447,72.6517007419958,74.09112791325863,73.31169489818727,69.69881711676346,67.13444580840512,65.68588420439356,64.32858507067505,63.885541767817514,63.384596537626166,62.5839413297753,60.76520053527014,57.61476665662843,54.46178801213125,52.74251906180207,51.671256534593155,50.697097475674205,49.55520197731683,48.25616800072224,46.86842890045705,45.438054273760514,44.002271776563575,42.608519618577986,41.35525846131833,40.34334488551919
257,0.03948153403742675,300.0,0.0,0.0,0.0,0.0,0.0,0.0,0.0,0.0,0.0,0.0,4.290463975775768,9.27493586556321,16.796557356483614,29.117215890190455,44.7544062126589,59.43414741982261,69.69174989479093,73.40534528839748,75.63644863068124,76.71756041266342,75.17881383814678,71.70464422375427,69.36988222816889,68.35692159720277,66.96826059585108,65.72607539099093,64.67398033636195,64.60418969471573,63.987610782783804,60.64314586364893,56.758805608112674,55.205956619224885,54.26326908972581,53.085062336088676,51.47139049029965,49.64862213149797,47.886090884660995,46.30543098146944,44.984932700221265,44.008036174990565,43.50688540802596,43.631750382720945
258,0.08286579411249514,300.0,0.0,0.0,0.0,0.0,0.0,0.0,0.0,0.0,0.0,0.0,4.15377286911148,8.80819182742881,15.681164434995475,27.26628177997442,42.49390228501601,57.36922450573217,67.90040953105766,72.01753602531231,73.65950790842136,73.59225713374518,71.79990963731349,69.08149426658925,66.44834369476412,65.10398879174835,64.72746970576291,64.44987185096458,63.58206927495859,62.242576357552736,60.32213048174556,57.68908332068205,54.93169973911602,52.89514700483855,51.497679799075286,50.37664558678227,49.23744037059221,48.013272519960964,46.70365259675003,45.350287615869185,44.000642523416055,42.659864560202905,41.19020101956888,39.44007438146726
259,0.07138134222426851,300.0,0.0,0.0,0.0,0.0,0.0,0.0,0.0,0.0,0.0,0.0,4.30381661050991,8.96398790194158,15.785574071304998,27.12340743672165,42.171011354273,56.44894124514032,65.99260922864904,69.68830423090807,70.98410893779531,71.24573396877636,70.41608585491703,68.11058593804103,66.00408547106844,64.77247548270734,64.40630353161998,63.843566433076276,62.20235622461617,60.95614191349275,59.3637894936034,56.46488327834316,53.602806715446306,52.0418231777407,51.03388199144855,50.0186498037157,48.72868856423608,47.308471186443086,45.9540758771976,44.730643970841136,43.6694161547309,42.79779253107903,42.138021359231885,41.711856718505764
260,0.11261706710533942,300.0,0.0,0.0,0.0,0.0,0.0,0.0,0.0,0.0,0.0,0.0,3.9758614945673005,8.881864446611408,16.42212369568823,28.670036988502886,44.16970051302661,58.10850715649665,67.06319086157133,71.06662965145614,73.64620987963183,74.45548620709857,73.47938897678044,71.01047980359675,68.54739514548827,66.97709863445561,65.71805704594635,64.32916548341728,62.81505477559204,62.99280096345158,62.93762582235896,60.341827914486416,56.73154825962501,53.810638388676566,51.58301015495603,49.833513721170576,48.4037035647355,47.13901714865379,45.92661675934378,44.78006316475551,43.73922277070321,42.86271139074761,42.29472674460391,42.19822702304614
261,0.06445048326876848,300.0,0.0,0.0,0.0,0.0,0.0,0.0,0.0,0.0,0.0,0.0,4.702190364451494,9.543373392616344,16.703138965186575,28.652304807848267,44.10456900784545,58.72363972456416,69.19146544560299,73.45819583998086,75.098034857245,75.57712854933622,75.10680034794764,72.14895395588634,69.38775697005694,68.35203495666703,66.95003819244617,65.7550207630452,65.0488514035409,64.90585593602322,64.22571529143316,61.28010091893658,57.555018135260376,55.59338315955119,54.3257709112077,52.96329146650703,51.20385146625852,49.33045087023741,47.66783954614795,46.286711840520965,45.198992696418685,44.4229053998548,43.99892599054198,43.977410977509074
262,0.1185060307475294,300.0,0.0,0.0,0.0,0.0,0.0,0.0,0.0,0.0,0.0,0.0,3.818785989105079,8.607895710334708,16.053275178378595,28.47043248489064,44.56096874429338,59.35550276833559,69.36254846813486,73.48665991152745,75.20618680339702,76.03529190041041,74.75900475847993,71.40960039763247,68.2896343595472,67.21950987578367,66.8998748832087,66.07796742465848,65.21654790156144,64.71688137615455,63.692094121024134,61.656287887405746,58.9124035541131,55.99789373078606,53.862742359461926,52.4118415189236,51.31649628164039,50.326336906484116,49.24957733195753,48.02047987668423,46.60782786507323,44.93173068556147,42.71939985770438,39.724084552708405
263,0.14964984111478558,300.0,0.0,0.0,0.0,0.0,0.0,0.0,0.0,0.0,0.0,0.0,3.598000127180132,8.137701971023649,15.277847161540784,26.98033942496589,41.801034160168726,56.21907777965623,66.2290057005894,70.10992231653498,72.26526619616415,71.98333588803276,70.68411382339777,67.75122238654448,65.09599370768402,63.84345462451875,62.97563033578529,63.204391741990385,62.90222725037221,61.6015483123196,59.765151017440566,57.48344283590907,54.85444516660199,52.27312057922006,50.52528887614411,49.348525443867345,48.29914545670903,47.18767551184479,45.91803576429592,44.50130123429241,42.97282985553576,41.37938730290906,39.81566508204872,38.375658349261876
264,0.10633237979630948,300.0,0.0,0.0,0.0,0.0,0.0,0.0,0.0,0.0,0.0,0.0,4.704499263178976,9.738945156640758,17.108596763558992,29.506805482116015,45.83556024751943,61.682717595410125,72.54905460279471,76.87458271477703,78.73858411405944,78.28808535301057,76.91586621483737,74.19447269859258,71.25556830744894,69.67417891632725,69.66348987970274,69.83834031937012,68.3700506495455,66.78061161129662,64.66725336260184,62.124601400915274,60.03779603304166,58.143535695751325,56.42372024370733,54.7391914455767,52.9718577683069,51.29902912996683,49.90232947320693,48.780686038780075,47.89481826610934,47.16902362730258,46.370932570257864,45.24447655783612
265,0.09510262347463937,300.0,0.0,0.0,0.0,0.0,0.0,0.0,0.0,0.0,0.0,0.0,4.201357699327873,8.990880949600053,16.127368043336162,27.62402647529961,42.30510906869564,56.33325380033626,66.23742248596191,70.15563741923462,72.9624439872783,74.27331940412871,73.49020698802389,69.71799586193282,66.8430732099085,66.08297932602095,66.10470301492111,66.16869571535176,64.9734301045876,63.19650971259037,60.47491403503319,58.09983178484559,56.263914803496576,53.62038460704449,51.44347272690401,49.95264409562781,48.92113269436817,48.06929679387142,47.161168672057315,46.14118071212915,44.99876623082799,43.69786452724649,42.10174282176859,40.07500377631193
266,0.04164119226944629,300.0,0.0,0.0,0.0,0.0,0.0,0.0,0.0,0.0,0.0,0.0,4.478524095892841,9.320351206990287,16.368847436182556,28.151363812490615,43.85678917585353,58.58675971984108,68.39770271568295,72.0008089823659,73.87675718981721,74.91877087881805,73.10517688042408,69.9333203686637,67.53924059140326,66.00481236443791,64.67045060349176,64.11383606742028,63.23352906009024,62.62289759377045,61.20542079363995,58.910421138886356,56.511940172006085,54.54384352175897,53.24270868714215,52.20267748997879,50.992334660279525,49.570896639507,47.997587378686035,46.35677167632685,44.73032174407649,43.197747616877656,41.86056359942606,40.81606433385713
267,0.1772785025522971,300.0,0.0,0.0,0.0,0.0,0.0,0.0,0.0,0.0,0.0,0.0,4.43002384622133,9.34258105248008,16.6592987163507,29.27955139112546,45.8227117854791,60.45695753934401,69.1322024535462,73.01933970671317,77.11216945303869,78.17622940844795,75.9230881054459,72.1071890785053,69.7653841503979,69.32641125381126,68.75711537050006,67.86606864684086,66.53904501058048,64.19784959386473,61.03881342755051,58.004771765614535,55.98276292849078,54.59047708046112,53.258688231636995,51.972490365593615,50.81667436192243,49.76155429082556,48.74779130124669,47.69907231927529,46.53999716804722,45.14844751988277,43.211273952821294,40.43889652374065
268,0.1908664492216367,300.0,0.0,0.0,0.0,0.0,0.0,0.0,0.0,0.0,0.0,0.0,3.999028900258478,8.689424730435723,15.870710760946748,27.94477608432658,43.87394955564319,59.374412383383614,69.73353303641407,73.56257371496679,74.3986403166224,75.58306890624851,75.46408930194082,71.87299137668782,68.56061547955727,67.42744664993262,67.29890719484222,66.71005280450751,64.14726503340214,61.87177399279481,59.96631929640136,57.648794235245944,55.91134558429739,54.82092427725917,54.16005842306657,53.57797714460775,52.76170782591758,51.671294135276845,50.34546815455512,48.86167107555274,47.30086622110868,45.71114126094988,44.040734021059265,42.223919929289615
269,0.07998314512083544,300.0,0.0,0.0,0.0,0.0,0.0,0.0,0.0,0.0,0.0,0.0,4.09771365077293,8.983047731768528,16.419784022815914,28.32950451666232,43.31055947845653,57.107075811554566,66.70324807888925,71.05349863677667,73.36078783749505,73.94410285206433,72.97751189288046,70.09744459491635,67.29041781395568,65.78981765127419,64.71937276790511,64.8332159520107,64.62869638290563,62.78643203960244,59.495709383753464,56.6953111563272,55.330763803933266,54.55468060070126,53.583351401994435,52.28101854390144,50.68803784462971,48.96075327367317,47.25087125611704,45.63073269376295,44.14800867214248,42.840805809330575,41.731562584888344,40.838308291229524
270,0.04860780796240745,300.0,0.0,0.0,0.0,0.0,0.0,0.0,0.0,0.0,0.0,0.0,4.565712652584948,9.406181358917147,16.627855385500492,29.030207003911432,45.03937633901426,60.077129917523266,70.69470532252798,74.93660520137955,76.71482316310791,77.3728110029636,75.61286211520182,72.14764447467212,68.98207358512649,68.05320797809034,67.70842514820754,67.45141465917395,66.87728088681801,65.7618989512981,63.74222041215163,60.59179811672618,57.11745399856911,54.78469204719364,53.35461905211952,52.28810196584137,51.194339904652075,50.00512054694513,48.742990506132664,47.48243983338612,46.303392240080264,45.27435313440362,44.44535862582703,43.86080630972959
271,0.16321183333488173,300.0,0.0,0.0,0.0,0.0,0.0,0.0,0.0,0.0,0.0,0.0,4.624163399519804,9.531197792202551,16.634406842315006,28.364731143516572,44.627767889610574,60.835177181965165,70.6823740542258,73.81093870281126,75.02083334208722,74.96263351307758,73.60680922607881,70.2841598137086,67.24922687618889,67.20767439497111,67.68317899239247,67.01126057956853,65.64069971517233,64.16494562223947,62.21538483578451,59.16775075342761,56.1255558358904,54.05854320957879,52.39757180823707,50.94418776678168,49.673019953378564,48.50614948283066,47.382913448422684,46.341434241622515,45.43902944381567,44.759693428067244,44.50765192662201,44.92226240984663
272,0.24127154359910757,300.0,0.0,0.0,0.0,0.0,0.0,0.0,0.0,0.0,0.0,0.0,4.167696935744112,9.2488328882652,16.6914132752886,28.494191216061875,43.69925269101809,59.072983090284694,70.4959150558186,74.75250197167637,76.41517108609621,76.59260234128976,74.9399458372067,71.11997136332725,67.74545338391272,66.18216396340077,66.29568619652012,66.40496469307858,65.56901854798886,65.963803370315,66.37338522052465,64.07610987439304,59.74685672689448,56.32037404304102,53.98811340960695,52.320651621194926,51.00171030211598,49.869340035287415,48.8290081232001,47.88666018998754,47.0702408224656,46.42389268193212,46.062034207019636,46.11696661314356
273,0.21156371774680266,300.0,0.0,0.0,0.0,0.0,0.0,0.0,0.0,0.0,0.0,0.0,4.343810512867473,9.351371563468087,16.72949678785308,28.72591152002825,44.462637679602565,60.6228760268601,72.61440408605029,76.84675865197585,77.92501159727102,79.00853245354597,77.03520540845726,73.1275525553196,70.46910416785484,68.05223055942129,66.02164345022477,65.21959568403668,64.41184199098278,64.51581159935516,63.88785271920845,61.23536260017074,58.22261527723348,56.35658476064421,55.233584420902446,54.367421985497465,53.430517365929774,52.306297173834196,50.94713480878971,49.3608346189037,47.57033723797332,45.56189939800301,43.18388124225711,40.296401923126844
274,0.08711749685432445,300.0,0.0,0.0,0.0,0.0,0.0,0.0,0.0,0.0,0.0,0.0,4.728865145607311,9.660652984103185,16.68894614569134,28.252336014089,43.28718843555451,57.794912314689356,68.4615518587441,72.63763568618613,73.82302171944116,73.5378697629406,72.51644391730069,70.15798842028536,68.0121494744234,66.6155390668726,65.54303794390162,64.32937806686877,63.026481974877484,62.228908748254256,61.221321199173396,59.2511747047546,56.55532395925375,54.365281767203996,52.632349089836836,51.13725858577147,49.75317641203792,48.464988582523894,47.2768131400058,46.16998126925932,45.12164383645964,44.100921984835445,43.04199669601117,41.87611838785433
275,0.06112465329602304,300.0,0.0,0.0,0.0,0.0,0.0,0.0,0.0,0.0,0.0,0.0,4.734328507645924,9.478838585445102,16.372317595313902,27.97060979467989,43.46754223216314,58.963182070557885,69.72156067943259,73.51467028987992,75.06672029610208,75.29871236021027,73.91734527872498,71.03213858281491,68.61214089947131,67.90445227506314,66.92778438213419,65.59243160083459,64.29126473827105,63.80591161776959,62.99436887765785,60.47297837190378,57.01341676397662,54.6424873312734,53.23012973173456,52.14181824029508,50.90016750922014,49.439057777142885,47.81204133854183,46.14898533142882,44.58291751056276,43.2702969731412,42.51224280401208,42.64222008422417
276,0.05820202325232201,300.0,0.0,0.0,0.0,0.0,0.0,0.0,0.0,0.0,0.0,0.0,4.4927145397942985,9.444296940197532,17.049886460802163,29.860009994811996,46.20785599900998,61.39683934600621,71.58536764148808,75.7029323532667,77.53599058259886,78.39003838913736,76.93881934933191,73.97795084834225,71.13468229380045,69.5244888351455,68.31287071250954,67.72706620342015,67.64025856338651,67.27463281444248,66.02083996216457,63.098498740261064,59.73687531846251,57.40033044495521,55.93636990504639,54.861399178741124,53.79517604339885,52.608986549536155,51.25893255619417,49.78308068703318,48.2354677399225,46.66940768483224,45.14988333033246,43.73779883050037
277,0.11125572921808323,300.0,0.0,0.0,0.0,0.0,0.0,0.0,0.0,0.0,0.0,0.0,4.45933287838781,9.390135240866343,16.649537649337116,28.52143947320426,43.74747670444011,57.931759717101315,67.47988029451243,71.62676345407725,74.60624360445024,74.75846416888129,72.97457758854115,70.49575016432055,68.05849414751505,65.85799777105665,63.9976834924998,63.75840552712838,63.28589400285145,62.13522045488299,60.94962130311072,59.156192977855966,56.86887066566931,54.91777171469076,53.315625536091126,51.909739959594646,50.57459272522834,49.18786773274794,47.66652438562242,46.049581031320706,44.39942440565527,42.77066928655561,41.210052312622054,39.757236770093904
278,0.08000217808167227,300.0,0.0,0.0,0.0,0.0,0.0,0.0,0.0,0.0,0.0,0.0,4.115678750028957,9.292077048660678,17.04315143248232,29.27482476819992,45.073728549976124,60.83401817258345,71.77515461035632,75.55420813080184,77.01708452521893,78.31570893673002,77.22657688344546,73.5408212258279,69.86151943346596,68.83107830816789,68.33395238552964,67.97935650652884,67.75576421547682,67.31018229785184,66.17944847109729,63.261187446503506,59.34322568578369,56.558612580066765,54.66461212666528,53.21036378461451,51.92082227134672,50.678164841782745,49.418413904647316,48.12978229148278,46.81277680003896,45.43616281183739,43.850417822099914,41.900881225806906
279,0.16863725185046569,300.0,0.0,0.0,0.0,0.0,0.0,0.0,0.0,0.0,0.0,0.0,4.3709164141366195,9.28280990103579,16.496439229373856,28.271010048016056,43.85292868945291,59.01205930136614,69.31847324535977,73.35981569746987,75.13110549681457,75.20023848797005,73.08157652670432,70.4579091672999,69.34113472036674,69.02304218743842,67.39217666262097,65.56961696148068,64.65071626484654,63.557889103538045,61.86513350714031,59.209215087189385,55.968952864282414,53.57270969613298,52.29583890153266,51.653836043547656,51.145374763030816,50.49252150022154,49.51724382888281,48.20396079167791,46.5815847088005,44.61493039946232,42.024942409736994,38.56945743807465
280,0.1533131559830078,300.0,0.0,0.0,0.0,0.0,0.0,0.0,0.0,0.0,0.0,0.0,4.322970655438091,9.1893789751494,16.55053319608091,29.18559262302768,45.925824999158365,61.470629741434436,71.77616694865772,75.80259435989628,77.63612420796896,78.44188002707183,77.84526851221037,74.48118507902988,71.52970638215744,69.7088702543231,68.56374988352076,68.07180328191255,66.72613213158705,65.81264476051524,65.84960571374529,64.64598930438372,61.27104899125632,57.792241326811784,55.26922723565367,53.52408918790511,52.235877778230986,51.16368710813844,50.1368958671875,49.149787362770724,48.233712639519496,47.44980571336841,46.98416949430201,47.05173059748553
281,0.08758031637244226,300.0,0.0,0.0,0.0,0.0,0.0,0.0,0.0,0.0,0.0,0.0,4.353248810833358,9.200840307535177,16.440774713852633,28.562512583834796,44.29233214005775,58.74625642738511,68.04212071554291,72.64070543378298,76.11614921835584,75.54032017062036,73.74641213959988,71.11901865517052,69.05555676591185,68.60400663528448,68.03418882538729,67.06673104619632,65.44991111985276,63.86887878474498,62.3898700953168,60.115785131588815,57.13792013542285,54.75987774294533,53.0064678224617,51.57568123410307,50.23748932553981,48.91111599238614,47.56929787438516,46.24694690506831,44.989282546403956,43.83304919215444,42.79864032405159,41.90141697053918
282,0.12641705238947043,300.0,0.0,0.0,0.0,0.0,0.0,0.0,0.0,0.0,0.0,0.0,4.134526462999662,8.843313842412229,15.946753643891226,27.89295218286456,43.907242314272196,59.169383932739635,68.7773482805736,71.80270485094474,73.56767847533733,74.47894923627231,73.2113528087865,70.13672197030336,67.30584252995455,65.28881529229497,64.14697747357356,63.92102040133534,63.180986106859926,63.10620267027121,62.7832997786649,60.292437252908066,56.65588633809059,53.93589838972003,52.02181459579322,50.417351584982505,48.78739260639413,47.122736152773676,45.49649224711828,44.01961635093846,42.80011149432184,41.97269059217615,41.81707437646652,42.670912862234935
283,0.09855276871584744,300.0,0.0,0.0,0.0,0.0,0.0,0.0,0.0,0.0,0.0,0.0,3.901857544355383,8.395391349917478,15.053357382155255,26.021407403896344,40.96317916307845,56.371748958045245,66.60448980991025,70.10618863616466,72.29460627182858,72.85465892523536,71.15507367760256,67.98903303494791,65.40440683895962,64.09626452655418,63.34808918412003,63.02155072263183,62.37863095363622,61.743998783364695,60.53809017437979,57.780665275327515,54.20985419915391,52.050134431118686,51.00289339423135,50.25217193649694,49.20630988985628,47.86638715987577,46.37548049375443,44.88062873845775,43.51543971065522,42.42434156132439,41.845672986926,42.04357030136366
284,0.15597832727684716,300.0,0.0,0.0,0.0,0.0,0.0,0.0,0.0,0.0,0.0,0.0,4.248818201139127,9.130595322370093,16.27574553530104,27.473782144999557,41.79850789381586,56.687690240449555,68.108830853071,72.3408289137001,73.877452113595,75.85546007323721,74.99296099150648,70.46931753043398,67.91552627403796,66.94902750287069,65.18299150031962,63.69802606660933,63.06074579084022,62.01313813867428,60.293393157351055,57.97101283433149,55.893797240639785,54.9356134530636,54.29834899883445,53.458420195306786,52.166045330350904,50.48530881867889,48.560214711028586,46.55287055376075,44.610826730741756,42.89057335844224,41.649922889899564,41.15511246225151
285,0.12513423460265255,300.0,0.0,0.0,0.0,0.0,0.0,0.0,0.0,0.0,0.0,0.0,4.512061219517434,9.392383674957337,16.542882873805226,28.28494369982972,43.41471139607927,58.20552026175615,68.40166043080823,71.3303125751858,72.80384169564088,74.64025989961999,73.86101950416865,69.97657580589402,67.17777867863866,65.74310127614476,64.33164205932546,63.0902405334438,61.372882563870775,61.028864663871325,61.682085000708604,61.02020563138812,57.92194675184162,54.40223071010836,51.87054266832796,50.21972239102644,49.100170705983544,48.172562101844036,47.17128686606583,46.06168582644442,44.86395531191996,43.59559701495611,42.26705911110721,40.88690742767839
286,0.07248210290691208,300.0,0.0,0.0,0.0,0.0,0.0,0.0,0.0,0.0,0.0,0.0,4.71424158943633,9.437001611344643,16.265111901992686,27.990580415341434,43.48529764126099,58.289303972779486,68.17300402576831,71.6814583462388,73.93877623770186,75.39614643758546,73.76615450361595,69.976871447152,67.46257701255257,66.69572824970439,66.43695307724317,66.20521785012193,64.95839190945267,64.05922905497766,62.632524500013666,59.87018141979813,56.77585692021732,53.8857158586705,51.65490475186862,49.98369060917856,48.660213202636776,47.52407072026676,46.46318980041136,45.4788962515529,44.59736761573997,43.79928229535561,42.89693303865587,41.67718914806548
287,0.19235368913945144,300.0,0.0,0.0,0.0,0.0,0.0,0.0,0.0,0.0,0.0,0.0,3.4926349976319995,8.046581358589705,15.324289605317054,27.45466371519682,42.20845847477733,55.51077165663379,65.23394115045602,69.19990946141634,70.08692623773179,70.65778981570986,71.16646821995778,68.51818561160027,64.79231425372996,63.15450456323962,61.97733928368939,60.86699971229951,60.303878170353414,60.511959674332005,60.55155569777028,58.06542600179056,53.41451149216263,50.546717943167145,49.480744041788384,49.13416296169835,48.62992116624255,47.71842568676435,46.36418679243352,44.728595052484394,43.00484113471996,41.37038521628597,40.010679199298195,39.0965979998301
288,0.16420082881190523,300.0,0.0,0.0,0.0,0.0,0.0,0.0,0.0,0.0,0.0,0.0,3.964201267119215,8.741859307175082,16.06455951865562,28.463933977794866,44.390305776846475,58.77050754882452,67.61831032880164,71.08236061750088,73.12664145462897,73.38813229811582,71.62783972980746,68.08169983268294,66.19920861788484,66.67093189744864,67.58571030033397,68.10210737262645,66.91859816027026,64.65132468342343,62.42142119702284,59.78863326953276,56.77971325199413,54.77327434604581,53.45491540435307,52.29577199230568,50.954268462527864,49.444508674376706,47.86521219151289,46.32755634142303,44.934358842734305,43.79708845111791,43.10064064654474,43.04721599784325
289,0.10004265292433576,300.0,0.0,0.0,0.0,0.0,0.0,0.0,0.0,0.0,0.0,0.0,4.10469388722221,9.2476128805053,16.953601606579188,29.270444278352016,44.74160708357483,58.790177238153106,67.74223286595198,71.19118981326596,73.86391034640539,74.01888133471495,72.0431155243986,69.99191679772247,67.87059442276868,66.27467776349397,65.5837231862242,65.25628108425869,64.19839308600307,63.34503445091968,62.395577042486735,60.59596428874876,57.86515040325976,55.10368747213719,53.02320173873439,51.56772919317423,50.52189405564389,49.61835409691731,48.63731718645524,47.55531086408285,46.3951905477536,45.17902657476144,43.93017389888494,42.67049382667793
290,0.1454969083567464,300.0,0.0,0.0,0.0,0.0,0.0,0.0,0.0,0.0,0.0,0.0,4.004104277970799,8.989912246657079,16.735972012006602,29.525485939251386,45.54831395294196,59.30474695129805,68.0285920692872,71.97593442257148,74.41823648740001,75.26006665882781,73.93683808540966,70.07890454164216,67.02219634117415,66.81822489717898,66.90746599750902,66.1585067071171,64.21309568529013,61.639158747634404,58.69014957219496,56.02422438657921,54.47238786162609,53.627657884779836,52.69622114178773,51.464649398927975,49.933911663901114,48.295356187177795,46.73309697940394,45.28838538944456,43.96771932439931,42.80739808069722,41.96177120613746,41.60674046040644
291,0.1486839514016822,300.0,0.0,0.0,0.0,0.0,0.0,0.0,0.0,0.0,0.0,0.0,4.0733304319878245,8.659161577383914,15.68589624060842,27.922407790625225,43.79741672094287,57.76879096207903,66.1865991896331,69.20626028401715,70.53327775738397,70.75305384060688,70.19173574866907,67.65356382545804,65.03619128475142,64.62296641816056,64.06900059249953,62.25672521931455,61.046979298521734,60.68389143214727,59.518829957291665,57.470934765993114,55.42035304937551,53.51053521341217,51.84345756728231,50.31142642490833,48.789443617519936,47.29817609362009,45.891121712058826,44.63046925682296,43.575084792733044,42.81299163578897,42.56459976171186,43.09278830014647
292,0.08762584266885073,300.0,0.0,0.0,0.0,0.0,0.0,0.0,0.0,0.0,0.0,0.0,3.970087879320746,8.78059120091675,16.03184457500251,27.53795610971209,42.203360353826405,56.2977454774099,65.84823070043753,69.88338815850753,71.68188550427969,71.50932600125356,70.39610230818954,67.92949851181112,65.59262902003199,63.87513985662114,62.870972214372046,62.603173967915254,61.30579768073412,60.16780963242277,58.71534051016111,56.035392475404564,53.243957412947594,51.57665326704559,50.58387939333397,49.6599987857872,48.41279714780267,46.9522479183551,45.47694453264523,44.10259515471274,42.916206503360456,42.04765883974579,41.82632591736729,42.64843201944534
293,0.09955898588005695,300.0,0.0,0.0,0.0,0.0,0.0,0.0,0.0,0.0,0.0,0.0,4.687846169313323,9.68916412240097,16.943045685959834,29.107415633783486,45.13611418533943,60.46579947734689,71.42051289361697,75.19023907851768,75.97057338275614,78.09519480839259,77.60496703648593,73.26653467709134,69.70006846203735,68.72343485510362,69.19055807899038,69.27476881617187,67.292028223287,64.50822160923539,62.22525804192264,60.25402602960669,58.19821084865232,56.78218705331705,55.64814118976161,54.473462947943496,53.106916044882716,51.63179918415934,50.16509814381827,48.764649137492256,47.47010780004775,46.30994260427928,45.284251059682916,44.38691385573356
294,0.03932549265674374,300.0,0.0,0.0,0.0,0.0,0.0,0.0,0.0,0.0,0.0,0.0,4.328815669983248,9.013547713072155,15.931883386349973,27.371103995335545,42.48319363307891,57.12244703121611,67.22934905159532,71.31971642436284,72.95414631497574,73.18014417479945,72.14567375954711,69.34482756148269,66.55553979713754,64.77814820351433,63.99984390256347,64.05914828424011,62.6720818307763,60.823173476910895,59.37447732137378,57.300256111509505,54.86787236913114,53.1131594328105,51.85027301478182,50.69823393699266,49.40361642107746,48.00482035484059,46.594204277693905,45.22411537032566,43.933229065563836,42.75083398583733,41.685188329796716,40.73925296014045
295,0.12856550578816608,300.0,0.0,0.0,0.0,0.0,0.0,0.0,0.0,0.0,0.0,0.0,4.322193327271605,9.099286508594323,16.286284890143715,28.26655415172351,43.540175041425734,57.542294353046266,67.09748822994968,71.1444117002906,73.80598669872815,75.41136616717475,74.72562356072186,70.91213556909337,67.29724479394744,65.28092858537188,64.4078941495527,65.1273630722476,66.01010423307717,66.18281845888748,63.995448126970395,59.56589580724586,55.926511505113865,54.68663889852499,54.06996248458166,53.269101297002344,52.03182906153576,50.49496950286305,48.86205620794986,47.26368980091774,45.80171040020244,44.57215328884564,43.68902732464929,43.268515396000915
296,0.10801675116087207,300.0,0.0,0.0,0.0,0.0,0.0,0.0,0.0,0.0,0.0,0.0,4.597445960953938,9.507511954115323,16.828854123075015,29.505368696278076,45.96483219372139,60.980580962086314,71.09075941005462,74.5803728352845,76.00822603659061,77.14207917427514,75.67719934224786,71.84477376880196,67.94118870974167,66.38601446733115,66.12879270510078,65.19749308789542,62.979312209566444,62.11100015740141,61.986168676283945,60.402435138887384,57.246149664221775,54.27460438626456,52.29559089201339,51.00593329614026,49.98915253566955,48.994202654890344,47.8688300974202,46.664083472744025,45.472892547425694,44.377312868353215,43.44535356783082,42.738253595657696
297,0.11726727495028863,300.0,0.0,0.0,0.0,0.0,0.0,0.0,0.0,0.0,0.0,0.0,3.98246406481482,9.073201335544203,16.893204268754964,29.594312563575553,45.623298654271075,60.726825340024824,70.54631453376726,74.01663396970294,75.89920733278055,76.20215029438634,74.38567126586011,71.69356081608194,68.29723882238483,65.60232590909715,65.02535587340766,66.02990199131273,66.02855244085042,65.56576747918263,64.06731536427918,60.49878706664966,56.15738273520993,53.582943960462515,52.35507663508158,51.60879628365431,50.72583448464635,49.600324555006004,48.26771668075897,46.82288095822023,45.366298228867606,43.96266486955949,42.5749241520464,41.14764009723781
298,0.24380907068759697,300.0,0.0,0.0,0.0,0.0,0.0,0.0,0.0,0.0,0.0,0.0,4.06170364062867,8.727450269097814,15.546406951989418,26.60123830094412,40.929358530733275,54.51517459210867,63.7559311134288,67.5614164653747,69.44912815223785,69.50538702609569,68.13082941814146,64.30892488851659,60.93418438137499,61.39230479626957,62.49126108096613,62.09220432820267,60.10332094617662,57.59428891003042,55.37112875472393,52.96385065313637,50.36973592926682,48.52874010005723,47.54355131871181,46.93292213419485,46.23887186808546,45.33441306801996,44.19752657010832,42.88801462659884,41.48079832348375,40.09339798870096,39.02239977941727,38.58412981944565
299,0.10509923482743475,300.0,0.0,0.0,0.0,0.0,0.0,0.0,0.0,0.0,0.0,0.0,3.8283215339624515,8.38636014846734,15.422806803880501,27.228932734045397,42.71711728928034,57.44799919729103,67.30934512784418,71.26236124435339,73.82787383400985,74.1729511945429,72.62152066264402,70.20851263052424,67.25259822520482,65.3411478547815,64.94676383506685,65.62720047231615,65.38032984438527,63.248340261757285,60.452456141379855,58.12111090239216,56.19922421155021,54.67303673327492,53.51470308235007,52.380008065691285,50.96008673128029,49.30665475406449,47.55824603755106,45.873697309009515,44.39896327481098,43.307959979711406,42.94591891332372,43.71909894932475
300,0.06184923035693524,300.0,0.0,0.0,0.0,0.0,0.0,0.0,0.0,0.0,0.0,0.0,4.322642746147905,8.967855006951261,15.839003211546702,27.42628897945895,42.56715118005449,57.128520353614185,67.0456371685801,70.87224294608004,72.66371359996025,73.38830705593833,72.40712505693342,69.14365931939739,65.94354254333689,64.26644504849646,63.708155898886844,63.69156271931975,63.52587257732908,63.380500855931416,61.41279666026159,57.63431558503265,54.36224044423627,52.60904785392071,51.352395710617465,50.13086240707881,48.79931432606404,47.42613335093457,46.10976843929107,44.89487810024137,43.81050771504432,42.95345276214945,42.69509140856247,43.48631640630406
301,0.12880757442489327,300.0,0.0,0.0,0.0,0.0,0.0,0.0,0.0,0.0,0.0,0.0,4.686518018509653,9.620133402483761,16.59363744151168,27.78590663996906,42.34087320982112,56.852246175901385,67.79612370264375,72.1526626156522,73.90648397825774,74.13541421236292,72.26360738916098,70.08420739425088,67.89872475317868,66.36954099151183,65.98293732166279,66.5183772815538,66.01985181378677,65.39370481794742,63.75940606729838,60.51290136031162,56.88040947973186,54.22935277625971,52.59738746579159,51.53730551449371,50.64741602974024,49.74156665736919,48.71345368707245,47.55239520068904,46.27104341073296,44.873352362662004,43.3302708173627,41.611185452078445
302,0.15796455163895518,300.0,0.0,0.0,0.0,0.0,0.0,0.0,0.0,0.0,0.0,0.0,4.2763438648636685,9.436680399689775,17.06222069376603,28.93844070136899,43.45056718738955,57.067052201351316,66.7089378077381,70.40642826390769,71.80271022841774,72.48890429271869,72.45391072237106,69.78925251624251,66.74096661470905,65.776140056533,65.87467737467996,65.20150244383731,62.680355394036255,60.709633919157405,59.747996826502764,58.44191095070373,55.92021071436183,53.12921190193053,51.02667345973391,49.519259067858236,48.33001504120439,47.27668719607899,46.246124482312055,45.28118086607433,44.456735246474096,43.843939628471986,43.51797417844831,43.55745534994307
303,0.14464194149799534,300.0,0.0,0.0,0.0,0.0,0.0,0.0,0.0,0.0,0.0,0.0,3.8346591566995456,8.42523329569755,15.421437713811047,26.935765017907542,41.68854476791712,55.25189387177556,63.96513773183533,67.30526764480805,68.7526941231378,69.1281264034156,67.48263929251272,64.57653596706824,62.435194203408635,61.34654506933735,60.29464593734024,59.39353295682135,58.51300372444936,57.816829826731215,56.842840860978946,54.6891620985401,52.155588465143545,50.17663598602232,48.669772681694724,47.39976666771126,46.19372874574109,44.98577352299367,43.75165734398324,42.52253569740584,41.33877451934369,40.227761102148186,39.18182053207153,38.18592839517658
304,0.09486155425287471,300.0,0.0,0.0,0.0,0.0,0.0,0.0,0.0,0.0,0.0,0.0,4.93687135232587,9.870055532454124,16.86791176562892,28.451334372614916,43.81708800960516,58.37207048784221,67.93800887151559,71.88083308100505,73.81841992814331,74.21864087282084,73.34716968574286,70.45992796853588,67.71820608201567,67.07426723938264,66.6932245025684,65.44133732685688,64.34863585883613,64.16396721268472,62.76573026723468,59.389315010796146,56.32183502114253,55.03869191571938,54.05373534678071,52.82631332217992,51.306668642647985,49.68309039127579,48.15098789044981,46.773738257555166,45.58068740560347,44.62668909120875,44.075460660302326,44.11777460771971
305,0.07454403578856987,300.0,0.0,0.0,0.0,0.0,0.0,0.0,0.0,0.0,0.0,0.0,4.144734181038618,8.903088301279189,16.07421631519176,28.203457221578347,43.742231824131196,57.95122873453662,67.64537069672866,71.16074584371195,73.16195565740593,74.78022659096983,73.25170607261597,70.39918029164981,68.3137221210841,67.23538271241696,67.15374813648731,66.35024621370474,64.07198435364373,62.469866038160845,61.045307465530584,58.59475740136502,55.60004518580233,53.0351969136371,51.4807663160158,50.53474538282127,49.687260497818784,48.72284034672309,47.54200809314768,46.20102602153779,44.787789075466286,43.36048421149547,41.89031000595846,40.33346997090581
306,0.04425243747533335,300.0,0.0,0.0,0.0,0.0,0.0,0.0,0.0,0.0,0.0,0.0,4.179914408653657,9.155791997234463,16.652738734711697,28.71444264708045,43.66815987990636,57.66014154173958,68.01930092442154,72.38890877134946,74.25268311542222,74.7024175366896,73.15301892932021,69.62484727916372,67.50239878268052,67.33165876749804,66.6266011625605,65.08930884085267,63.34386603928623,62.60792342577203,61.68106044218102,59.331485633533276,56.119474476395595,53.713680667605,52.34837954628421,51.45218837123206,50.48215213593621,49.27390667508787,47.803385180839285,46.21233087360214,44.665819529395606,43.326399154227914,42.410151573775345,42.1394990444727
307,0.04756936515856868,300.0,0.0,0.0,0.0,0.0,0.0,0.0,0.0,0.0,0.0,0.0,4.070925632363601,8.829361774798775,15.852066320487243,27.45280331852889,43.047261375208556,57.789913065477926,67.46835216306303,71.6983420838699,74.24764251401626,74.49037957289949,73.20982432847526,70.25241916937506,67.3389786634286,66.44451166381738,66.86433731528271,66.74664035866586,64.82950795377756,62.31581280767721,60.76795038783698,58.826298915397444,56.00818401016505,53.70296935904097,51.991273755809985,50.67729878634423,49.608798473156824,48.606870972810725,47.52710300922345,46.356914287631135,45.114546545755914,43.83818045908884,42.644580446440564,41.658053038940466
308,0.1196322253379829,300.0,0.0,0.0,0.0,0.0,0.0,0.0,0.0,0.0,0.0,0.0,4.165555199087977,8.751504470734963,15.606611338917919,27.55285455116787,43.38740282785573,57.885548397126314,68.31247181182114,72.88259452787302,75.35926828328056,76.10545237969883,74.13799300450748,70.07390821054261,66.9672386169125,66.01670778382595,65.99863932270488,66.51024022671484,64.9115360824301,63.6297183767642,62.142166629877735,59.486135503989004,56.30538088903908,53.57264890015038,51.66169128605606,50.37906548655906,49.45009749562418,48.58919058370689,47.57451237494927,46.40879431752151,45.14642414859318,43.821388032359884,42.402589959547925,40.849231708373686
309,0.08494216952747188,300.0,0.0,0.0,0.0,0.0,0.0,0.0,0.0,0.0,0.0,0.0,4.458298640180074,9.289766007126603,16.342108137918125,28.061799974812885,43.45940469668039,58.602428263327916,69.28708493626651,73.17487355011154,75.37497112776605,76.15903369394222,74.70432300581484,71.0299861048826,67.45009650766532,66.41157039396913,66.31638705808798,65.68685839799596,64.21979060604633,63.481663569605985,62.94169865785568,60.2435742796762,56.139470811846415,53.26299279622687,51.41589844482842,50.15540945619309,49.22263853384772,48.46131714306613,47.75827023004769,47.05824801874439,46.32136638768135,45.46897663338249,44.269220679813934,42.482741264125586
310,0.1317590498250781,300.0,0.0,0.0,0.0,0.0,0.0,0.0,0.0,0.0,0.0,0.0,4.03997010636963,9.13923707334505,16.886450973820608,29.519801842843673,45.96683903543358,61.87171736324375,73.19545195100514,77.58028910502955,79.25209171059683,79.10686155872885,78.81627312459982,76.10848293457894,72.28718549678057,69.4990778603668,68.08586998393342,67.9262604775987,67.5682480155058,66.86897491249962,65.58093425581944,62.74241918907277,59.39702673483746,57.4195296586515,56.14742669958255,54.963600352461114,53.550380439390125,51.97247766378301,50.36518885979486,48.81157112800289,47.37533023317686,46.087817812767746,44.88155169716106,43.67244510464429
311,0.1107006018656805,300.0,0.0,0.0,0.0,0.0,0.0,0.0,0.0,0.0,0.0,0.0,4.568195420593972,9.429314573473196,16.645105590898282,28.898505306334382,45.44572510940219,61.109241718678504,70.49673993270395,73.16449565655562,74.67541136591798,75.88238863349152,74.80712344539451,71.52375705512323,68.12881995883306,66.39225266903568,65.96019587429646,66.30044966245084,65.52543786348697,63.22236967056421,60.68731828146857,58.842498889213296,56.76030147404791,54.413973640490624,52.69639011688137,51.472489372698206,50.38176939321657,49.23765821855193,47.936272609254736,46.51001873041539,45.019601248383346,43.51169813344115,41.997751252030014,40.48071661388071
312,0.14755784544073688,300.0,0.0,0.0,0.0,0.0,0.0,0.0,0.0,0.0,0.0,0.0,3.9155301784004553,8.895254343912532,16.629377691436517,29.227200141700642,45.023487227231826,59.70537650189303,69.19830431968202,72.68042390947674,74.26952986747423,75.19522018016113,74.34889185770824,71.36330353949664,69.52371795174766,68.12558275323262,66.12308781798491,64.29254438816557,62.06968021863615,60.7210803177336,60.15320583242394,58.533226764994374,55.9858881011533,54.165151186922955,52.88895211829112,51.814729360769356,50.74698729670565,49.64737024719451,48.51748824755377,47.36877138446359,46.213800276080136,45.07407018162639,44.009326581573404,43.08339487050866
313,0.1910647378604429,300.0,0.0,0.0,0.0,0.0,0.0,0.0,0.0,0.0,0.0,0.0,3.9583029088023522,8.986788548676838,16.814420795363603,29.363237190146656,45.02312727232604,59.90695491310474,70.41773106131652,73.81407384897842,74.17094036001146,75.09003747957472,74.3942437286546,70.47734234490746,67.25146971778086,66.86613073060109,67.13252449767532,67.00575849151961,65.02639961710706,62.072074935113356,59.39613089161383,57.23760501662945,54.975292895799605,52.510282001539785,50.58410373771129,49.218514929130606,48.225032174300765,47.40127731242337,46.58517804140041,45.75725280311041,44.931295602462015,44.11153850807641,43.26951188684727,42.37082967974099
314,0.10725247314318953,300.0,0.0,0.0,0.0,0.0,0.0,0.0,0.0,0.0,0.0,0.0,4.576149098705176,9.6318069014202,16.943825586593057,28.55912413810731,43.52014503447358,58.23380033766742,68.59654269167206,72.5278506321092,74.5414611006021,75.98606646513805,74.21324561395865,70.00876975385329,67.82224064153934,67.76849119992484,67.20402468205575,66.18814733890284,64.2218308792391,62.784663441747874,61.49205333105614,59.222611938015426,56.99449626139769,55.62755051758963,54.15483380506559,52.346776100734324,50.32523687556761,48.39539880842024,46.81537584925531,45.615847863339766,44.78079088366732,44.30754869096075,44.22522951355858,44.57812840006268
315,0.10569002866202523,300.0,0.0,0.0,0.0,0.0,0.0,0.0,0.0,0.0,0.0,0.0,4.451722636365428,9.64223586624158,17.290289277139973,29.62186316345606,44.861514665906995,58.74625722287289,68.8552913202348,73.23949592849068,75.19739851610497,75.85206759970804,74.83778153719065,72.19585092807036,69.4545045557849,68.6665972055672,68.58507304882396,67.24379392368348,66.18772357949801,66.21984212846249,65.46767128846768,62.18469138889339,57.93883576460045,55.26019019730083,53.82266259153924,52.756590151156175,51.43576695599081,49.854288713971854,48.15453439513235,46.492894685528746,45.01232909330948,43.85385425709283,43.21019474141064,43.290644132456364
316,0.13989553485349557,300.0,0.0,0.0,0.0,0.0,0.0,0.0,0.0,0.0,0.0,0.0,4.455046836987509,8.987979317662855,15.53884428284567,26.685674531855895,42.305239919279366,57.787996038079726,67.02126761588153,69.56458351337547,71.05848251926214,72.16745628595244,71.42167703398582,68.53891505220993,65.17029520219428,63.89519511660908,63.606020638625814,63.07601104934604,62.21955796564997,61.445380143519145,60.50318041442285,58.13584338414652,54.668470957181434,52.29221386969655,50.856443249486844,49.69747661315492,48.34279191486852,46.77329137343518,45.08914214042275,43.440547201628256,41.9716555321949,40.84889427635999,40.38861002023442,40.95640914278075
317,0.1824725642435323,300.0,0.0,0.0,0.0,0.0,0.0,0.0,0.0,0.0,0.0,0.0,4.5487188247540065,9.678722107767008,17.266917098969262,29.677755245371685,45.09486384988926,58.82920504368133,68.7233380324679,73.21873112331593,74.34290493094805,74.682675621396,74.37086035289423,71.64077152529974,69.26617841531156,69.15226978074936,70.1766498362226,70.2079551475047,67.76152828245026,65.15546811515505,62.43387661220597,59.10153360427731,56.336763828808024,54.91007673797976,54.08090350502427,53.32097348811425,52.32248177212916,51.04230579966494,49.52286618323074,47.87797402118298,46.22715821261528,44.690102979173,43.43015530145067,42.60848244418713
318,0.10287678242442472,300.0,0.0,0.0,0.0,0.0,0.0,0.0,0.0,0.0,0.0,0.0,4.5907940418773,9.319275943937214,16.09689182065746,27.44545346748268,42.58784010332093,57.238157356500594,67.11570417815402,70.73045575170367,72.83865466994459,74.35823880284255,72.79575147246489,69.27813578163128,65.98535719371732,64.52996407469543,63.94095525245842,63.7739591995815,62.960123436574655,61.93726532603263,61.35302863333951,60.216426819234485,57.59477058104325,54.7528342713643,52.647491981995024,51.0363670557793,49.53544278487773,48.019174929827734,46.45525374809398,44.921109163475485,43.50963951537554,42.34925669256275,41.742632292634816,42.03580454977046
319,0.17601601814080722,300.0,0.0,0.0,0.0,0.0,0.0,0.0,0.0,0.0,0.0,0.0,3.726904121974871,8.295617097217688,15.3467919066638,27.128404490097953,42.05007474384044,55.225711856826145,64.49556722484162,69.09969690338228,71.75814356418095,71.86118505145465,71.6492525331274,68.99341775954677,66.274118997149,66.0959123921497,66.11501920597664,65.14336483586293,63.23581366378065,62.44440118790529,61.25211059557128,57.61982845785901,53.740378279406194,51.41024892975999,50.076443598540905,49.18273159062616,48.38012558675313,47.548588296727104,46.63362514459459,45.6157209201135,44.485131629682,43.198073596526314,41.57897736138117,39.453745597215395
320,0.07830765710217037,300.0,0.0,0.0,0.0,0.0,0.0,0.0,0.0,0.0,0.0,0.0,4.240728909107219,8.996194449469762,16.15249333074227,28.084017211297063,43.58019868830026,58.71689875800958,69.27446746387764,73.40429417792276,75.45277020890451,75.46871665053177,73.62983574395705,70.82852687821698,68.16020110767094,66.84691794825875,66.26873334657994,65.99515390741146,65.6111632037386,65.65620397536254,64.6907125956599,61.522242611314965,57.89426527215739,56.04558024266086,54.82949781893605,53.49736764204149,51.778977849424706,49.929116220169206,48.23601231783918,46.73970220757952,45.423871173404144,44.28661665664795,43.37619000384856,42.75061661457835
321,0.03788595194140785,300.0,0.0,0.0,0.0,0.0,0.0,0.0,0.0,0.0,0.0,0.0,4.267781326212232,9.249280270392937,16.640590824195783,28.602661265597916,43.924433656848315,58.702137908796686,69.07882174507222,73.00845805429248,73.56157364963447,74.38759421794776,73.55650773958668,70.23544487994138,67.92497850007469,67.04243998532523,66.01770774183642,65.21914012792634,64.01742711122375,62.728556942281806,61.49643143965488,59.51474184730711,56.547291358732025,54.154443973993594,52.72515918083802,51.79306646374503,50.884617819860495,49.827037426433556,48.559169338686026,47.15408351488372,45.709580711789364,44.34446921779352,43.28730537371014,42.77822964233351
322,0.12383292431640218,300.0,0.0,0.0,0.0,0.0,0.0,0.0,0.0,0.0,0.0,0.0,4.280110837604756,9.040597365482448,16.111930188214217,28.148308971213588,44.05925069058226,58.83281304347482,69.84314641300186,74.35954301252865,75.73916934366082,75.78114065589031,74.51463146092956,71.46184194526477,67.63808873557656,65.68508486034231,65.82215597841665,66.88156575622224,66.52816174540018,65.64532883335465,63.988400193539626,60.854150201436255,57.64596405341173,55.62223429159748,54.17643099284594,52.877599289386744,51.512025406358696,50.04958649053649,48.50983159972223,46.93570107372241,45.37120100388595,43.85640384740759,42.43274238242235,41.13756494005835
323,0.08427016396793884,300.0,0.0,0.0,0.0,0.0,0.0,0.0,0.0,0.0,0.0,0.0,4.199885643782083,8.91673093571606,15.720145940418954,27.003508572807043,42.528337897983185,57.645008053861,67.36056705919364,70.84052803908622,73.25804832380025,74.30097412360482,73.80471224074236,70.65873667757637,66.357812243773,64.35653004839968,64.2048577613759,65.18331370470696,65.23868037184691,63.6441650504153,60.69524638567018,57.8471969561332,55.992496656915215,54.37090234192485,52.70543646069691,51.05727914066119,49.496413984906596,48.036656090150984,46.6783103788578,45.42269290624332,44.2707820011948,43.208479073173464,42.16600889371452,41.066059078454494
324,0.04130947346808625,300.0,0.0,0.0,0.0,0.0,0.0,0.0,0.0,0.0,0.0,0.0,4.256466402318511,9.207293204890114,16.628306085195312,28.59674228688547,44.15256458572977,59.56058170660733,69.77326613017907,73.27164906153207,75.2819211385874,76.25315436940953,74.72313045201938,70.82717220711055,68.82662714809744,68.383054916051,67.12815538198883,66.44027374033394,65.64495723514722,64.31177642846735,62.76039918745182,60.63354404797736,58.44812201686058,56.45410514262368,54.59959281917123,52.92071912859942,51.45771827545716,50.16125018550339,48.96172156114958,47.77948367863135,46.53791469695214,45.14879476424431,43.46122981043336,41.3359026190236
325,0.09653279826388096,300.0,0.0,0.0,0.0,0.0,0.0,0.0,0.0,0.0,0.0,0.0,3.9653296547621233,8.893495545281386,16.401888585741244,28.869618316142915,44.29243124458175,57.539294209870604,66.49408317006241,70.64426896800632,73.48040242759448,74.31884703463011,73.16458419674815,69.79744702794468,66.1178812339208,65.49914156722795,66.31354474219548,65.9393546181398,63.316379509576294,61.23097474833188,60.44057503846966,59.28727391886172,56.635747738152965,53.599857263302276,51.377890955098415,49.88562501947164,48.81117482322122,47.94775144206013,47.14409916058893,46.34393770433216,45.51509316738441,44.615357834555326,43.55922463737951,42.259415931449105
326,0.08629464137215885,300.0,0.0,0.0,0.0,0.0,0.0,0.0,0.0,0.0,0.0,0.0,4.586846336662716,9.43550561376514,16.512486185623036,28.703098997832956,45.21409554258381,60.79037382821515,70.16577426369454,73.21319012623688,75.5902010576913,76.5946079776839,74.29684084137412,71.04964304602693,67.65011721649928,66.2149858546457,65.46084856571613,64.65262438410402,63.77318065825505,63.44573605426229,62.164375705887565,58.78683112639608,55.35231700255796,53.47893090814848,52.4722514783603,51.72912990134756,50.88281448593475,49.82752693928799,48.54612222892819,47.106319582435425,45.59043454378917,44.09629150215873,42.80315727945233,41.89297493367993
327,0.2721721660659605,300.0,0.0,0.0,0.0,0.0,0.0,0.0,0.0,0.0,0.0,0.0,4.492402768537196,9.172280053614571,16.059099766960212,28.07123550541104,44.14109912519817,58.84013961594551,69.36654299318558,74.78744329246717,77.59375434530844,78.30583235346117,77.16435282719449,72.03779342331069,67.48629148071683,65.9125223643196,65.86097311020936,65.96164580479783,65.36538877176791,64.65517356420428,63.06568763238973,59.83529488362565,55.92656384796038,53.24123845723523,51.876183051730926,51.1574140624068,50.474278941191315,49.59479499835691,48.42586614327187,47.03779446047905,45.53437583094897,44.02429767146284,42.66096074693666,41.593254107607144
328,0.13508169078329377,300.0,0.0,0.0,0.0,0.0,0.0,0.0,0.0,0.0,0.0,0.0,4.5428684294920005,9.719429812963288,17.259139246032976,29.38449395389702,45.13828828044491,61.216407445118065,72.51279495619852,76.12780725179948,77.3164818772649,77.55441738444874,75.825757070139,72.53928867019543,70.67275331643854,69.25655019815389,67.53723558669805,67.5030521986693,67.7741113608405,66.96749244985214,64.67981359497315,61.106077672241014,57.41241517966519,55.38348073259158,54.47048189476108,53.96593235363304,53.3803702341918,52.5563488113854,51.440434799891364,50.05421802633118,48.43864058364326,46.60176908909671,44.42955120910681,41.81066244298958
329,0.050102469499028524,300.0,0.0,0.0,0.0,0.0,0.0,0.0,0.0,0.0,0.0,0.0,4.203968710591614,8.869976153084165,15.79140908539263,27.320003576437568,42.30138621793411,56.389432576446,65.86591046143789,69.8450692645935,71.5774903593122,72.71384782746239,71.92539212974629,68.10173669618109,64.75630703200463,63.59738057491643,63.573705119858744,63.843462902821976,62.626045956724425,60.79292376013213,59.184268878590814,57.06627515646843,54.70210787357001,52.67990824747999,51.22767072599405,50.14168020449922,49.16874507983292,48.13751955793635,46.93828725755718,45.60135177461191,44.186812998371124,42.724110018934006,41.14409708808053,39.366758126736634
330,0.09098344405951533,300.0,0.0,0.0,0.0,0.0,0.0,0.0,0.0,0.0,0.0,0.0,4.215265814072757,8.966626893850822,16.108540704134196,28.05257788470365,43.58491954290668,57.84657866639068,66.92129043626761,70.56296033746492,73.19749169992512,74.19047727291708,73.4371423925584,70.10970357643774,66.58940529192331,65.63648505615906,65.78426367739044,65.054262766847,62.168299091282194,60.219113222296464,59.14498323757945,57.01828569661507,54.12914066860427,51.818718761614846,50.405803042226324,49.48508363165817,48.649398739376785,47.80347300284315,46.92557414277093,45.98887426654562,44.967001407100284,43.83218316554564,42.54468613829185,41.06785714275303
331,0.17241859666235557,300.0,0.0,0.0,0.0,0.0,0.0,0.0,0.0,0.0,0.0,0.0,3.8780273246786647,8.542225952464937,15.530251052959308,26.942058043874177,42.08449853278326,56.94815841253023,67.38981634689748,71.41015832545105,74.16529014939447,75.71387014310838,74.0104844474469,69.62433451651782,66.08983856498614,64.88433019801815,65.71588847493021,66.42806323046064,65.83851241959479,65.23430473473795,63.64047149803437,60.306239325540076,56.71847884334926,54.058967706294204,52.399267248290144,51.22322339459078,50.05012592412635,48.74522812067433,47.288971668560734,45.77378251782481,44.30793080059655,43.025343824826436,42.198595751722756,42.12580158499936
332,0.15782772748129975,300.0,0.0,0.0,0.0,0.0,0.0,0.0,0.0,0.0,0.0,0.0,4.065819937501159,8.828947676311001,15.97944150118561,27.751532429881085,43.039459667071775,58.16494358441072,68.63176195036368,72.38078891245577,73.89605520152969,74.24148491589817,73.08334138182555,69.86232008834314,67.44362524565543,67.08264495413094,67.69645682067421,67.90540440408513,66.53353473243887,65.10858865007013,64.03926801990619,62.24424290693455,59.20018682041608,55.900290804717,53.26088244638869,51.2342443462493,49.595042740996206,48.15741431743999,46.79275381042135,45.517813829538355,44.379030557712056,43.463315260976906,43.03093796749471,43.38763836396796
333,0.17297596667090243,300.0,0.0,0.0,0.0,0.0,0.0,0.0,0.0,0.0,0.0,0.0,4.326874792441264,9.215033712105816,16.42813989262737,28.251657961836344,43.35656646858263,57.48292865022151,67.24525050133069,70.9405857595682,72.40780992069084,72.63528183423624,72.60827945752104,71.03208956077572,68.07294148522485,64.99603303043989,63.1508113122812,63.35950177961277,62.587705776466436,61.29917630722242,59.45214522204683,57.267266753203586,55.00381267802531,52.466043320047426,50.26148953345906,48.52879822865974,47.2021264040208,46.09833907837121,45.05084558799627,44.02131007166812,43.0020277754802,41.995064827479354,41.03910439317337,40.178138932660374
334,0.180398958861878,300.0,0.0,0.0,0.0,0.0,0.0,0.0,0.0,0.0,0.0,0.0,4.766240312907836,9.418943818825813,16.175104370250033,27.742120054572407,43.255553645570984,58.08402064290634,67.98472607945719,71.95908770430628,74.33714452992054,75.07425158135703,74.47408597181712,71.53196177960591,67.93990069039928,66.08140442482191,65.46956539512558,65.78334189091922,65.12809848118117,63.65317235483741,61.91487394399337,59.41752957422624,56.59356530106004,55.13898967993449,54.57892994861137,54.2002627752994,53.5048029560461,52.42401386594289,51.005886702494585,49.324159291086545,47.455773355731296,45.434525753519004,43.15096563662983,40.493087570392944
335,0.12823027590283978,300.0,0.0,0.0,0.0,0.0,0.0,0.0,0.0,0.0,0.0,0.0,4.590060773282516,9.594262436875814,16.939119149274504,29.364274401713004,45.935040633460055,61.59981211816848,72.08689842892211,76.24230649446515,77.8304434918287,77.84062389551903,75.96553985694139,72.84548905610482,69.63877213610277,67.6502332512372,66.30778444114817,65.51259643944557,64.20138824440446,63.23721808194871,62.436709033840515,60.90618565128933,58.46551834831567,55.961156132481705,54.018752922997116,52.478220541274545,51.0798412670077,49.74955616503398,48.4725870460139,47.28996637207285,46.251669946097415,45.37787096943462,44.587976362539834,43.78256511608247
336,0.1341397565389908,300.0,0.0,0.0,0.0,0.0,0.0,0.0,0.0,0.0,0.0,0.0,4.5914560628902015,9.370226297100501,16.249751091346194,27.70296408234949,43.108213887671376,58.605184846975604,69.5722403427183,73.05898776847646,74.00039386017247,74.56881697328659,73.40394289852593,71.18577760166193,68.95005792004874,67.68605337701833,66.91864549758002,66.25517198093567,65.15226002529833,63.82828714851344,62.41060431092405,60.38936614691733,57.94073596248553,56.01140588736374,54.76635984551283,53.74843230252844,52.52731265896418,51.072234388061496,49.44739843489138,47.71537373511918,45.933312301855565,44.120420232364765,42.17497262816712,39.987573228840304
337,0.08015044776338613,300.0,0.0,0.0,0.0,0.0,0.0,0.0,0.0,0.0,0.0,0.0,4.111314660019251,9.10142686790323,16.763884434903634,29.514739194971483,45.44081995978792,59.901593520787934,69.7799699677335,74.02720672266067,76.59761931466167,77.03835743378407,74.72046219998732,71.23155961344034,68.77953536612378,67.81439404880177,67.39825123909807,67.00202611926437,65.8896407347603,65.20223458781555,64.0868903224248,61.18954225325663,57.612270138185806,54.87969236593755,52.92604687995089,51.38923654456603,50.01225238026419,48.757147720505685,47.62532152180423,46.57658580602568,45.56370919621774,44.515464625561236,43.25983583932764,41.62086184784201
338,0.13404565201926244,300.0,0.0,0.0,0.0,0.0,0.0,0.0,0.0,0.0,0.0,0.0,4.062767195454702,9.191131233189433,16.955543404703096,29.9648663291649,46.895483126365804,62.01614492619823,71.52795074934076,75.22950772360738,77.05819224738023,76.97375559582002,76.08110677039414,73.70095296963255,70.38883201213582,67.63431122201263,65.90865400053252,66.33864388696422,66.8299069062632,66.14105448682275,64.470455848003,61.85298684148699,58.422955767502295,55.42540739408073,53.69877282918691,52.77808852498655,52.05676677584468,51.27996169805973,50.32420367307184,49.23522371577934,48.09520566680596,46.95586628479667,45.77231730149181,44.48188994222298
339,0.12560002736497114,300.0,0.0,0.0,0.0,0.0,0.0,0.0,0.0,0.0,0.0,0.0,4.718926145521424,9.66404334750909,16.928949136576122,29.363300160157927,45.68563459906023,59.745085335823894,68.92081198221065,73.18217530993726,76.0887794763586,75.90008733327525,74.14472373304102,71.59323372641634,68.14125850370161,65.88287393789805,65.0544483354868,65.25902421189674,65.30890990034978,64.61566222676171,62.09851300582109,58.129173148015816,54.63875022893044,52.904149547131546,52.00453379325921,51.291430724312185,50.40097231817215,49.25420663416985,47.86782086385715,46.347120786572,44.80835413657887,43.351351807005955,42.05388963307251,40.98219840365427
340,0.035795763738698104,300.0,0.0,0.0,0.0,0.0,0.0,0.0,0.0,0.0,0.0,0.0,4.374312346548477,9.221880976202929,16.332133238098315,27.99971278037809,43.65411193185225,59.18074670528301,69.45355773232976,73.25451276233083,75.14492848681817,75.39099066393294,74.11987425809716,71.2921439811701,68.21073983235088,66.93422671917493,66.41821251903431,65.31914946497551,63.5130868962375,62.34726605840266,61.310870954748374,59.38141445464285,56.90015392241906,54.48266673496331,52.64820240593326,51.21944168430867,49.921067737182845,48.67087077519157,47.445526183206624,46.267968135663494,45.169184477260735,44.188441591715495,43.40735452370242,42.914230075751796
341,0.11030989918084538,300.0,0.0,0.0,0.0,0.0,0.0,0.0,0.0,0.0,0.0,0.0,4.221695407043342,8.95304683245779,15.861501075683766,27.132865495190153,41.60736038090386,55.69409499491015,66.10116413794678,70.02047674207526,71.74309072634455,73.3755254250157,72.44098353246378,68.27100014296755,64.78980966328777,63.798880260308536,62.75734225691469,61.476245292421886,60.513559647762875,60.277729499111274,59.31194748640726,56.43225638454794,53.2069073705268,51.67024698648628,50.881263812447024,50.22066598774131,49.408701763897184,48.38548660260026,47.162059331995415,45.80849660500979,44.403211385104754,43.006344002732185,41.63234349477175,40.28435079961038
342,0.14981198738273513,300.0,0.0,0.0,0.0,0.0,0.0,0.0,0.0,0.0,0.0,0.0,3.8898814766540677,8.395342587603976,15.209001355790871,26.637300287807836,41.405798956915724,55.110838602559134,64.65519555967253,68.52617500102983,69.35207909900976,70.39997028937822,70.16876209240486,66.93778620424263,63.47743422533036,62.46878383559287,62.296292604757916,61.26919946947942,60.15791720427619,60.407330691346964,61.08575470695018,59.40443649329272,55.24967999273599,51.81335901381804,49.90521303850782,48.854727842029114,47.98916750646014,47.06587069194284,45.98176646796018,44.7628007590707,43.46289981323485,42.08744707169867,40.47390348294803,38.449305130293105
343,0.10916511113105448,300.0,0.0,0.0,0.0,0.0,0.0,0.0,0.0,0.0,0.0,0.0,4.6929212988797175,9.441683156670424,16.279448020703555,28.29398169916746,44.57919252362296,58.81685182793844,67.57926240341052,71.73938796140442,74.05936808988497,74.17989007459434,73.10793198164869,71.37805300530304,69.50657642466285,68.10178878613236,66.83764455756099,65.91166572780378,64.42637677333288,63.50943956844129,62.5666713680042,60.286227309328645,57.16759962043338,54.2997591803874,52.345093539238256,51.06229869472866,50.078384290677086,49.13580822850859,48.05071529119564,46.791774459221394,45.36612347387057,43.78529618219171,42.07123664899014,40.248268062297214
344,0.10613345905775887,300.0,0.0,0.0,0.0,0.0,0.0,0.0,0.0,0.0,0.0,0.0,4.250781081231842,8.73744175253302,15.408361537418786,26.81247697127252,42.098158651794336,56.363742254663165,65.62768572759401,68.81273623140396,70.81508423050343,72.4249261960497,71.22505537236128,68.06726957527323,64.68821016138533,63.02794033216252,63.365571270643734,64.5948808101331,64.29740075596546,62.86161657980181,60.49256983008693,56.85066720608128,53.30890594605353,51.51663314180868,50.62646267136488,49.96767090997389,49.16882363089949,48.17586495495615,47.01543334389585,45.725456490062015,44.34450366194122,42.926805488738204,41.59329914748125,40.467829869861404
345,0.15834259330593203,300.0,0.0,0.0,0.0,0.0,0.0,0.0,0.0,0.0,0.0,0.0,4.605173969410611,9.373143822149476,16.62335230461249,28.907521606061813,44.2806392601862,58.29542272259881,67.81881731924692,71.18292808427718,72.19830254023827,73.32924973674669,72.87831656552252,69.88556432107094,67.53253588546401,67.34720081576786,67.6680380689085,67.58571196679527,66.49483828645059,65.67196044932935,64.2332984925935,60.390506117092485,55.66673957339669,53.09793256065817,51.84632435881679,50.962114562608846,49.88870159022133,48.6140418512447,47.25459244989053,45.92968036134527,44.74886816345407,43.823472539910085,43.308975476307644,43.374227473028654
346,0.08445741596116996,300.0,0.0,0.0,0.0,0.0,0.0,0.0,0.0,0.0,0.0,0.0,4.397040200449401,9.226825390017895,16.355692492386677,28.238902918040065,43.82306092346635,58.240896618783204,67.81172003110609,72.02192062449798,75.33728991843955,76.760443450105,74.99328687325568,71.29900675244811,68.36055968296695,66.7083785225031,65.57170444071338,64.82408748811638,63.73753741446392,63.43090793658047,62.49742786582976,59.60327057287486,56.63402725603192,55.008207455388884,53.9327850952732,52.91789366076866,51.736120821358675,50.34696182242033,48.77794354652269,47.136630339700595,45.53773557123595,44.10698953242371,43.056130596997136,42.60653208966653
347,0.18631226747681956,300.0,0.0,0.0,0.0,0.0,0.0,0.0,0.0,0.0,0.0,0.0,3.990480854695193,8.952807813410557,16.638499150400023,29.42736848234673,45.86239304132774,61.87995182820375,73.07646519863988,77.63396271281746,79.12467933526695,78.25409221223792,76.98091267043021,74.1178536588412,70.97933799191814,69.43814181509191,68.96546071109648,68.50936939070493,67.77838105836652,67.22244091823934,65.97098898148869,63.07778849157416,59.72755077488405,57.519181201983706,56.189035728919094,55.11068658769893,53.8186845424637,52.27202493286315,50.54256823160296,48.743207010246465,46.984439333783996,45.376606262922536,44.07368205212162,43.22840093890255
348,0.11423956629707595,300.0,0.0,0.0,0.0,0.0,0.0,0.0,0.0,0.0,0.0,0.0,4.248716272118565,8.974654631120343,16.164656987493377,28.231507815568154,43.89566938994081,58.37544936722102,67.47711586549572,70.99375479378139,72.82487006280351,73.77701505691527,72.64290818733967,69.50098416558554,66.53447513514034,65.80315279158475,66.37065030830772,67.19578546183693,66.75190577779959,66.01510798872523,64.26610135747025,60.21532364243881,55.78473657334025,53.63147730277649,52.88565330771551,52.512710276070905,51.82224870266153,50.70995526925315,49.245218080771885,47.588853609824696,45.90831610454397,44.35584914054708,43.086599803985074,42.24534668035751
349,0.1149074641377677,300.0,0.0,0.0,0.0,0.0,0.0,0.0,0.0,0.0,0.0,0.0,3.8475052108730337,8.65028852146207,15.854199983588122,27.51265321097679,42.71642899760947,57.284340344699494,67.15999696532994,70.82033673689361,71.66184711129571,72.33036003151499,72.02716845549641,68.34250190649784,64.82383973164939,63.6579436068718,63.18027730494327,62.46961778644418,62.024279510926554,62.23087367876829,61.51135212357109,58.835271856466804,54.924970132188776,51.7949123958524,49.69953863267728,48.249868488243315,47.1041625652387,46.09376468582627,45.11521032685677,44.14150814455583,43.16414991067932,42.154689695223624,41.00813402043341,39.613016329832185
350,0.15245252539343548,300.0,0.0,0.0,0.0,0.0,0.0,0.0,0.0,0.0,0.0,0.0,4.218305550730158,9.24636823891135,16.848709069260156,29.47361531946462,45.46926537701138,59.68174941985549,69.50852903601138,74.28432825622004,77.03042288864427,77.89455202630346,75.8593954274769,71.5573284908572,68.70150019409425,67.97695734255127,68.36360048861845,68.17970786424108,67.35524006153862,66.70104836692246,65.61171118467969,63.06057905686908,59.39180189866239,56.333887910527,54.51939408984504,53.48991511543253,52.70736049225899,51.86889537640933,50.77748855458277,49.40710757714702,47.77675840490984,45.89131293316741,43.69308137985138,41.130960765235244
351,0.09843920261014885,300.0,0.0,0.0,0.0,0.0,0.0,0.0,0.0,0.0,0.0,0.0,4.128229593829044,8.88361792427633,16.04633038574401,27.852459081126156,43.500516654316826,59.297465108065765,70.15066483176396,73.35331140450207,74.80920367740516,76.16142514814943,74.11033206579594,70.2419014080015,67.32572424783179,66.18482758341169,66.6600570563689,67.32772063044806,65.3622228899735,62.37841838350918,60.7008505140058,59.57505698468579,57.67723334273311,55.12071348219838,52.94357427122891,51.23822277153998,49.83571308196784,48.5656933672944,47.29669694368792,46.01622331363412,44.73856571223077,43.47882303338285,42.260360394273846,41.106110707787316
352,0.06514649567637414,300.0,0.0,0.0,0.0,0.0,0.0,0.0,0.0,0.0,0.0,0.0,4.462218156055415,9.039260454027978,15.954111817148531,28.064943695971454,44.13006747980758,58.966987749996946,68.75056610584016,72.58302010997193,74.22299993946233,75.67629042748904,74.30525471574624,70.2968246006341,67.15860585057423,65.8497214873056,65.6515268528288,65.72654474770164,64.840175182817,64.31547176119263,63.51728834796514,61.16689732678375,57.86837748066656,55.28052580591713,53.76737978289496,52.78198327573686,51.774151414129356,50.577199413301,49.15217852516137,47.579636224737186,45.960342666570256,44.374986416360045,42.861947089191496,41.4464167156221
353,0.10352049548844587,300.0,0.0,0.0,0.0,0.0,0.0,0.0,0.0,0.0,0.0,0.0,5.049064287552457,9.893107095804554,16.742431547694192,28.34364179101189,44.181798009579225,59.61714014911567,69.80853016457733,73.6018844763743,75.81819897132384,76.8289065843647,75.9398362234507,73.1827999908455,70.18063499329064,67.32517903817073,66.09616342478613,66.50122156555088,65.63463952929366,64.60128547912953,63.59270987032481,61.09353887303555,57.503558130952825,54.85144200260707,53.53364323085981,52.82077938272344,52.00765829916251,50.96782617901543,49.73418007378372,48.40766513978058,47.09683650318521,45.88125662358529,44.76355164037095,43.72903167234508
354,0.16657909410386607,300.0,0.0,0.0,0.0,0.0,0.0,0.0,0.0,0.0,0.0,0.0,4.213589143974753,8.73378911518928,15.635250484320014,27.779141476491986,44.2481450136523,59.297799561068146,68.53788251243154,71.81283202415783,73.46285729712052,74.2101081895475,73.47202607457645,69.98481234070596,65.83246183427198,64.10436949091697,63.85347155248681,62.98947814731199,60.62463013879536,59.234571322252954,58.774851003015684,57.725478200559614,56.05533558356862,54.40717829330094,53.033104330383324,51.78419414761281,50.48576021946807,49.10597438004699,47.661198024964655,46.220478198368454,44.85782209534741,43.62829124137362,42.541937743115774,41.59834302915071
355,0.10589105431003613,300.0,0.0,0.0,0.0,0.0,0.0,0.0,0.0,0.0,0.0,0.0,4.032810188163481,8.9732947886985,16.444615383636762,28.73939600864017,44.52710401052106,59.18054406570065,69.54530071074079,73.58483084005525,75.86982548435675,77.01123711173771,75.535047610487,72.63129625344216,70.32408445449667,69.26465429854885,68.85113251472988,68.49448416366097,67.00977868624408,65.24539887182522,63.09623036840581,60.217834138487866,57.433545872414975,55.346852662749626,53.96407552338407,52.8301476985067,51.524889450808416,50.00310633216127,48.325920234868285,46.616021099119614,44.99658950955163,43.584784597503024,42.52593126885645,41.96570921341006
356,0.14914296587766443,300.0,0.0,0.0,0.0,0.0,0.0,0.0,0.0,0.0,0.0,0.0,4.46178907171501,9.43316851828423,16.791326749126412,28.852357657032655,44.19197412307832,58.86053693538626,69.22980090650148,73.82700884993699,75.7743108664881,75.7064265056196,74.66335252955119,71.76348649662657,69.0818207397868,68.05076885397483,67.5235677083186,66.14738365070704,63.95066774390985,62.94671341819679,61.510727963555695,58.29421910513114,55.2099712323419,53.56553009648461,52.62093046832485,51.92762164231193,51.2632395004486,50.521674535783454,49.644198821334676,48.63937969834546,47.531423879602016,46.316636622771306,44.88937121613154,43.13543264431415
357,0.11856545583388027,300.0,0.0,0.0,0.0,0.0,0.0,0.0,0.0,0.0,0.0,0.0,4.7445043967698055,9.662733608502023,16.830075270133012,28.768945942981173,44.22244052690051,58.80961792932625,68.65125694225551,72.32065607983066,73.78254858043137,75.25524312199784,73.66537772893783,69.86617608824784,67.11067027590542,65.9964774892646,64.82031077040917,63.030654873533955,61.67989833854751,62.24125777027977,62.963466553902016,60.53045414075721,56.10008756896158,52.91327400967725,50.99046330155327,49.69532455777914,48.56398906423346,47.441990115784094,46.28023970992235,45.14220661799985,44.11130844517703,43.27019471338635,42.72390065476861,42.58288215040654
358,0.17928261785908697,300.0,0.0,0.0,0.0,0.0,0.0,0.0,0.0,0.0,0.0,0.0,3.8707145129293177,8.667017101157864,16.118790245843382,28.70281811538032,45.48251337880494,61.62323263120346,72.13310010301149,75.79364356869806,77.73789370101919,78.76679910678092,77.91099456380793,74.73094804751692,71.07029917380066,69.97857641833502,69.43649075272957,68.82628232835282,68.15883306334533,67.77392497520576,66.4000490007626,62.92708672499138,58.964262198187065,56.45710048818392,55.05054818199733,54.16216554288786,53.36237172200269,52.39035458768259,51.08543919724744,49.48823373172602,47.685427869811825,45.756489606356666,43.76831155201885,41.77818365719818
359,0.05102329366277339,300.0,0.0,0.0,0.0,0.0,0.0,0.0,0.0,0.0,0.0,0.0,4.293194750261973,9.1601901151056,16.476823622111695,28.79381684708632,44.601322393306646,58.822404715997635,68.33843233933487,72.4521014668023,74.81924741484514,75.87507902131019,75.27873464678021,71.309470406677,67.58886548656098,66.1171841882074,65.76107458698486,66.19536620233532,65.79728770467597,63.55625518319003,60.595639867924795,58.218637781423816,55.92658957112383,53.90059962244048,52.454266368413016,51.35756889586164,50.316883890477634,49.21702423295062,48.00680325464554,46.706227864257805,45.35003430979275,43.98070771210348,42.67885311973619,41.52592906872832
360,0.117897491678392,300.0,0.0,0.0,0.0,0.0,0.0,0.0,0.0,0.0,0.0,0.0,4.377865341000495,9.667136305830043,17.61371392220713,30.410824830016754,46.48877259166189,61.86936694046334,72.84585046623059,76.61083931500329,77.6295758956475,78.96583129505032,78.07487066790276,75.41747627265023,71.99351945452766,69.59515441187524,68.74794196605696,68.887976606501,68.6129231948921,68.45286018268145,67.54203990588465,64.81481978812073,60.67079739771975,57.37291948409325,55.19872242746279,53.63353284017126,52.23543929082015,50.863144525131986,49.477044776300346,48.144626864174654,46.950953053778626,45.96416132543638,45.214759584432464,44.72525451930611
361,0.1691710672889691,300.0,0.0,0.0,0.0,0.0,0.0,0.0,0.0,0.0,0.0,0.0,3.930211868720025,8.919129237472335,16.578744057358385,29.146300780809646,45.11906168350856,60.07819089764935,70.12634510536093,73.9989994844549,76.99639172901706,78.15486867731464,76.05371636823536,72.90468778990268,69.93308146711927,67.649143599678,65.63338437937954,64.82719565538541,64.16444041521959,62.61023958217198,60.35750720486379,58.710775249398914,57.57661307309268,56.042946921648806,54.53174639417019,53.15193001763448,51.836679736452595,50.52458908575088,49.17040432955817,47.77576538742132,46.3524835111121,44.849935887793585,42.9896652918288,40.49247794337427
362,0.15316530782610424,300.0,0.0,0.0,0.0,0.0,0.0,0.0,0.0,0.0,0.0,0.0,4.012017263518727,8.602620682476948,15.258708855892568,26.353925122632955,41.7896627940093,57.947452210009686,68.74233125817658,72.49705630215429,74.49366910802834,74.38998708508406,72.3623893768984,69.08208452096474,66.96845056962611,66.15480563587717,65.28733766178016,64.55230766069066,64.20011862992135,63.50974307181219,62.0772112222828,59.77035239386248,56.6475387697887,54.240124045387105,52.637841523278794,51.31144046522182,49.84144679354277,48.26222701494254,46.7041029664658,45.281859172917315,44.09625840982099,43.22030255490164,42.653176123950935,42.38149277981423
363,0.10230481995122656,300.0,0.0,0.0,0.0,0.0,0.0,0.0,0.0,0.0,0.0,0.0,4.4186915227640755,9.196432212474887,16.403421573591537,28.825684655417664,45.411313476269456,61.089272410284885,70.52185856071677,73.50757434356241,75.79593632965742,76.6085255679292,74.90531474025985,71.46700153595819,68.24278087067813,66.64716720909531,65.95676879237115,66.05843301922762,65.92002503115918,65.90851680401457,65.53207076912882,62.65339898387945,58.544965165786905,56.0742283387843,54.637947105219915,53.48469463868238,52.191335968878754,50.757568663821004,49.26710441787748,47.754595373018496,46.24091300216302,44.74862589423513,43.31412964728844,41.97296491990543
364,0.17624765016396526,300.0,0.0,0.0,0.0,0.0,0.0,0.0,0.0,0.0,0.0,0.0,4.22769219780078,8.925453915526196,15.981136990749778,27.81544068746371,43.04388097777753,57.40289948254966,66.69774924160596,70.17317776522991,71.71742891370182,73.24445126361563,71.62149745739238,69.1698118149785,67.82427388894692,66.97926287669293,66.48453281592417,65.69296211318215,63.98691519394947,62.024526614312805,60.45553665534769,57.9713257627518,54.66612530358287,53.12979280884755,52.76058918150245,52.63144369569482,52.11495134439998,51.13963023575822,49.78516857335525,48.15963993211024,46.37174091138431,44.510789967656514,42.620951688976284,40.73250935068722
365,0.046873865979848904,300.0,0.0,0.0,0.0,0.0,0.0,0.0,0.0,0.0,0.0,0.0,4.634689829246107,9.693103303679777,17.02161171201373,28.896784284327442,44.55564229744629,59.7653900368073,69.90308236623669,73.73959510590537,75.79741759353499,75.8952333032525,75.24724577526926,72.90996513507821,69.94013380009801,68.15884716982737,67.54493359824315,67.52388482762815,66.06378019013073,64.03625418634788,62.66738127061259,60.842408568431125,57.67701518199544,55.0321486582493,53.544349108196776,52.6105478834687,51.60512031272637,50.4043896958568,49.02465040817341,47.54955571256564,46.07079600825621,44.655059581900666,43.305383043413215,42.0105261246934
366,0.13879295637549974,300.0,0.0,0.0,0.0,0.0,0.0,0.0,0.0,0.0,0.0,0.0,4.466391202853333,9.646224371215812,17.370064231739917,30.372643945004803,47.08473659685258,61.911684956007164,71.54949597410355,75.12484367166404,76.72072508158988,76.63238606651348,75.58273202072594,72.94413320298365,70.73355124524413,69.46261884832902,67.54788458556997,65.57858128771346,63.68743065549946,62.9224667172271,62.72463491582978,60.98719239295001,57.800647403766696,55.481619678830285,53.89605277258215,52.56916441289342,51.207244204213275,49.75873743917874,48.242308640972716,46.724203316087156,45.27454543189796,43.9842427551765,43.050138737229275,42.68550890583577
367,0.06533012155352179,300.0,0.0,0.0,0.0,0.0,0.0,0.0,0.0,0.0,0.0,0.0,4.268041256445287,9.330131210401058,16.783536286276515,28.740206840770455,44.03222497258217,58.997033708229544,69.57635179620723,73.43394254439475,75.84219977947225,76.62698605767855,74.42328504246505,70.56015861665242,68.23393697891767,68.00318804728896,67.00482540240529,65.1298859683915,63.563335663500574,63.49903585994112,62.9771164750054,60.49939519596771,56.98954262325797,54.23643193879678,52.557078021560024,51.488883009060686,50.58148801751806,49.66751374431482,48.66890725103947,47.581996374494246,46.42049846222599,45.22598852236208,44.14793677589304,43.349284861803234
368,0.09822365559641301,300.0,0.0,0.0,0.0,0.0,0.0,0.0,0.0,0.0,0.0,0.0,4.2012110199835515,9.216138774869703,16.797813961772178,29.14907439067216,44.37971656628138,58.18631771625588,67.69004035229486,71.35235200444815,73.6422602705907,75.10935964285312,73.3614408612941,70.33231527743688,67.55040130100697,66.44154400658186,67.00341366803876,68.45626951358113,67.52333476607608,65.34586279291976,62.865803817992266,60.02229426833911,57.29316799594991,55.19312434555599,53.763896238894205,52.64070489849622,51.47860131920661,50.215774604829015,48.867357214090944,47.483210479130385,46.11661237300266,44.765559096878924,43.238046236650675,41.32478533880426
369,0.05968018678475087,300.0,0.0,0.0,0.0,0.0,0.0,0.0,0.0,0.0,0.0,0.0,4.211837056819384,9.14196167984713,16.487672616919706,28.6819545161872,44.78925788873443,59.82111021961397,69.62726238458262,73.68101741293533,75.88964579761732,75.59060658801698,74.64850583664595,72.613645620511,70.03879838741194,68.35663074030636,67.45410896713702,67.64399764763614,67.22771267169462,65.8927059682243,63.6545998949659,59.98707457132081,56.50579141520895,55.13904445594223,54.47040115973007,53.652324010877436,52.34596797296249,50.721953791341505,49.029365643547315,47.39263343524499,45.896742569442615,44.62728207062957,43.70667116572198,43.26284848688268
370,0.05901743213808151,300.0,0.0,0.0,0.0,0.0,0.0,0.0,0.0,0.0,0.0,0.0,4.2036563988052675,9.049629194706924,16.276496619146048,28.2320588437474,43.4261399124749,57.51461736876281,66.765149372608,70.62330806809646,72.603035006111,72.89133108530812,72.91028524561453,70.31909713986003,66.51002166565347,65.73624089785929,66.8198256774357,66.90780751555937,64.48661951440553,62.31430038242196,60.869725870288384,58.915354183697374,56.235331379887384,53.721811793032764,51.87951584471198,50.48917701415925,49.25851727477924,48.07330713510636,46.88071859582061,45.69159561031195,44.52968733317995,43.448760946383224,42.625751816364364,42.25821062657144
371,0.06734042599940211,300.0,0.0,0.0,0.0,0.0,0.0,0.0,0.0,0.0,0.0,0.0,4.126958479876976,9.245230797474742,17.121584556491666,29.795147215416407,45.219625915322005,58.78564127337347,68.01028007672774,72.12656235313956,74.39879764226598,74.80306139689323,73.59066353181689,70.26482162970838,67.30514349954561,66.2914328331306,65.68792875974694,65.0782632272151,64.42924345118107,64.06838231929623,63.177766080939385,60.9434421609763,57.5930122175367,54.95355008916884,53.25666214846465,51.98883829353796,50.70762802805046,49.358085245196555,47.98181857552048,46.64411659634147,45.40958878753568,44.31462468978204,43.30979981078545,42.32982457858149
372,0.12345591537287921,300.0,0.0,0.0,0.0,0.0,0.0,0.0,0.0,0.0,0.0,0.0,4.872281466392124,9.8227529321183,16.938904905203536,28.846021321114385,44.74689695112868,59.64159388679875,69.6327578477757,73.7096135809148,75.51453099437107,76.37066487006838,75.51788678667995,71.6748751306112,68.93536477726276,67.75008649882598,67.00708390261917,67.87021520165843,67.38974396111124,65.58434024408035,62.94122741421186,59.91629216166313,57.51540037784427,56.38553188147553,55.67192694605597,54.803027394760484,53.490732139332266,51.85048551399099,50.064138020909574,48.22203367950394,46.38601407790743,44.57883170893906,42.70315481786116,40.65099583001228
373,0.11943066368810625,300.0,0.0,0.0,0.0,0.0,0.0,0.0,0.0,0.0,0.0,0.0,4.013124784241315,8.582917401177898,15.567598978078651,27.394515783543977,42.87328081618953,57.698556275665254,68.16952788761647,71.77852073807975,72.33459630997775,73.97825835402858,73.66226741777453,69.50624030941107,66.177727786108,65.80412846563934,66.06379506973587,65.81503266952849,64.21361149880359,62.46801718782368,60.572674531897334,58.324606128927606,55.800672342997395,53.11130137895179,50.974084291543214,49.46859092777682,48.46930240319031,47.77415360095148,47.19308115505433,46.61963827809979,45.970162055830976,45.13669621359971,43.90857486498281,42.07983123379845
374,0.07091559207527227,300.0,0.0,0.0,0.0,0.0,0.0,0.0,0.0,0.0,0.0,0.0,4.624833392423866,9.476152060839604,16.440786871431083,27.984707426466464,43.26866582176018,57.675301029655884,67.33937403542129,71.52969918649423,74.10128805410586,75.09470247544907,73.73713091321099,70.56500983931132,68.10170709742442,65.97200238722668,65.06779060408088,64.99028071390754,63.59441816010276,62.480116068717244,61.70444477822794,58.804913706630735,54.72458367575935,52.40953024481825,51.331445784124604,50.630597067652445,49.74871430335038,48.61993829178127,47.31214555948943,45.94545736423002,44.64135829194741,43.53668198409479,42.86957033618068,42.90006042392906
375,0.08778731481618203,300.0,0.0,0.0,0.0,0.0,0.0,0.0,0.0,0.0,0.0,0.0,4.1201183299030175,8.873983103073229,16.005481187064472,27.843836293290522,43.29277983419098,58.16291112094726,68.16659502239942,72.26862859641786,74.85160410630978,75.21505281248638,73.58605048159839,70.20054913107535,67.35075029858373,65.41581968139428,64.43101770906019,64.83252209946393,64.68096553008712,63.68300225311665,62.03965619177321,59.17820889356596,55.37461777808678,52.359006686868106,50.689813680107704,49.87214281610399,49.356254907490154,48.8442138566914,48.14222897501716,47.21860122084351,46.08354374809465,44.69765893338307,42.830982138642284,40.260899603758986
376,0.13430212174689574,300.0,0.0,0.0,0.0,0.0,0.0,0.0,0.0,0.0,0.0,0.0,4.026333293275933,8.449878761664145,15.028617384409204,26.164719765794306,41.43129326184853,56.86039010011063,67.17364064198958,70.4520979072393,71.95917793782704,72.68138070163185,72.105027595342,69.18387073515562,64.96859150013421,63.23726901553494,63.97092795842876,65.11123610886858,64.12282453915071,61.7933147060798,60.02884899914318,58.72548400611211,56.86126712391671,54.27242329215513,52.04825747202755,50.37649756059305,49.1256580526486,48.02413386101834,46.84271751792459,45.59088311141082,44.33031685307857,43.13007206345545,42.106041690296756,41.37702622116206
377,0.11950378999981269,300.0,0.0,0.0,0.0,0.0,0.0,0.0,0.0,0.0,0.0,0.0,4.135565927870408,8.864679784941995,15.86108946927758,27.45696924057729,42.47907964919399,56.679293520799945,66.94884102699507,71.72268401096116,74.07407052911275,73.65975822214902,72.44023070992935,69.8533329187393,67.91436787048713,66.82676318791049,65.94505151175242,65.3084998805698,63.48009757771037,62.28706266728149,61.60255627409327,58.998159234090664,54.85994451043002,52.267649780746694,51.107749793538574,50.46097881897095,49.63467624357599,48.58839822676705,47.43037488382888,46.24081743953025,45.08752587765162,44.07240918253179,43.450101369881246,43.5075250695949
378,0.1635957971358495,300.0,0.0,0.0,0.0,0.0,0.0,0.0,0.0,0.0,0.0,0.0,4.29472768274669,8.996048758161377,15.797968480946155,26.716976003061003,41.123197344431915,56.15647532672589,66.89689030002641,70.10762359133635,70.88432844260652,73.27054078234713,72.88592799616005,69.01822579193185,65.90863409773435,64.2079083643149,63.703385749336896,64.51952090745662,65.07082552992955,64.52405137029568,62.23429762623053,58.622996493517896,55.54097908661727,54.246859456979614,53.470946431639234,52.540361412758614,51.1941536213211,49.52091059883535,47.683529067590065,45.82518387446091,44.06870851016406,42.53416612193557,41.3866821217852,40.79343406939852
379,0.08893350883306203,300.0,0.0,0.0,0.0,0.0,0.0,0.0,0.0,0.0,0.0,0.0,3.9562828197718454,8.719114624778708,16.020843685685918,28.353860423912373,44.222679349945416,58.44979219641224,67.25365216061283,70.88481527293196,73.76893820737062,74.75312663503206,72.92529487113943,69.5165165764207,67.28699456266204,67.07720130991035,66.6032235847143,66.25123578446969,65.18076760908599,63.413662604648415,61.21872193534856,58.48604342498194,55.66529917274926,53.55671849889503,51.92163125589864,50.46410400991534,49.00849500836031,47.56866793311738,46.19290296136879,44.904740104207534,43.71993854350618,42.65161948546469,41.70945748652867,40.90182900570815
380,0.10198787137412962,300.0,0.0,0.0,0.0,0.0,0.0,0.0,0.0,0.0,0.0,0.0,4.316802627344723,9.410168702004448,16.973837709952818,29.379427394766527,45.91416888206236,61.576303121838315,71.55885906616162,75.0956671599383,76.46211157552031,77.2581905916392,76.00817443816322,72.89256038619986,69.53274341918713,67.486252907204,65.65728631890464,65.2515256205992,65.39240133460625,64.3875127406187,62.50603462945174,59.963885200231196,57.36543081193763,55.76934827986955,54.605897254470015,53.399086522307165,51.905495491234745,50.188602530258215,48.37746840138633,46.59217477796663,44.93753405921938,43.539046950258616,42.64745676013821,42.53796556652692
381,0.10373543695222677,300.0,0.0,0.0,0.0,0.0,0.0,0.0,0.0,0.0,0.0,0.0,4.28671837077639,8.983881214696677,15.902353087959641,27.413514165603996,42.37326934719228,56.31051620866421,65.87593416022213,70.07439643658327,72.45570420201756,73.18215181647705,72.59413493982116,70.09313055287053,66.84579065832978,65.3064689988464,64.5823506155316,63.99984677495919,62.916410624161124,62.804466503533895,62.53366969308843,60.37225512099576,57.02117988520929,54.10324599218528,51.937964000493814,50.2926764315347,48.93323607370515,47.72177724545185,46.57393501340481,45.50402959820926,44.546871630113635,43.756574483042094,43.27279037288517,43.255215732680405
382,0.09188847737084645,300.0,0.0,0.0,0.0,0.0,0.0,0.0,0.0,0.0,0.0,0.0,4.241633633489095,8.750107233502566,15.515637741800543,27.17818912970421,42.54276619549778,56.514926646457326,66.0104775007197,69.8362197858068,71.06258346495311,71.9444397920867,71.20594194826694,68.72047684789558,65.62144522202166,63.909588097861025,62.61413224301272,61.41611789032232,60.44922819020072,60.20548518590317,60.15608164908388,58.519442681451416,55.82259246283163,53.741264967528814,51.88656109267125,50.052488050933526,48.253344737599974,46.61267979274854,45.23199573173771,44.07641127798803,43.08502646850459,42.19346331223066,41.30557735824927,40.32388927923498
383,0.1664270642509523,300.0,0.0,0.0,0.0,0.0,0.0,0.0,0.0,0.0,0.0,0.0,4.572832490067677,9.49501227997769,16.54208839737975,28.031638592716213,42.86339395320885,56.97978226579189,66.3353561360671,69.90298520221033,72.26477719392071,73.3157065431341,72.15863868598771,67.9125895696891,64.34163221766437,63.94985271591048,64.46855056539133,64.19846076394984,61.92424781967095,59.9701308823455,59.017795356713115,57.937911329579876,56.00689981925799,53.99684538729337,52.26532872150542,50.68336173850989,49.093136621872006,47.46381547615853,45.806257301518194,44.174813744810244,42.62697039270989,41.24542382444053,40.233101721561866,39.81012581625568
384,0.22969927134402282,300.0,0.0,0.0,0.0,0.0,0.0,0.0,0.0,0.0,0.0,0.0,4.298454995766005,9.182309318618518,16.13105480478769,26.94398634938857,40.5712202165588,53.84735765076998,63.48842494677942,67.16008580535727,68.95642658713794,70.06064674684177,69.14189894658834,65.74844309625723,62.79842855803384,61.65745016197246,61.476798524717275,62.22625386415124,62.552938983255366,62.437086222587304,61.66656873014693,58.696393143091925,54.7437118207086,52.16036340821051,50.27081005047943,48.67202878520479,47.25761223876353,46.000613258674086,44.8888676702924,43.895235135669346,42.99081992153131,42.153796164516166,41.383384069592,40.683448891918125
385,0.11422466032617169,300.0,0.0,0.0,0.0,0.0,0.0,0.0,0.0,0.0,0.0,0.0,4.151132175913178,9.133910406741242,16.590496455083926,28.515445432597954,43.73427091480578,58.765511950751296,69.05433776056032,72.24646978029692,73.44547803213725,74.82131562480438,74.24071716468139,70.97291100218222,67.14996896289205,65.65069027944043,66.46358962092415,68.37496512745341,68.53504118867968,66.12929526013046,62.66107635985688,59.60066677815015,56.72414010437702,54.09074220492358,52.27713465319758,50.98467265216916,49.791547782645026,48.59589086952849,47.3820616210357,46.1718511413577,44.993331524491914,43.8635187831966,42.76690840842265,41.681711836171885
386,0.1848359664983671,300.0,0.0,0.0,0.0,0.0,0.0,0.0,0.0,0.0,0.0,0.0,4.2247341517855,8.808879389749507,15.470815267137917,26.596415383747964,41.74963789742091,56.48966778978162,65.93700906532746,69.9877235373134,72.48430751266334,72.77432928280084,72.31100263403621,70.32664887402358,68.59153207311316,67.36061922088889,64.46932440428095,62.045462434710316,61.20073353706538,60.74233129948334,60.1349363656931,58.267381111618775,55.23874996370625,52.93094389389061,51.42606323489253,50.332012899347454,49.33511781564905,48.268481506812364,47.03890660604408,45.68196897953488,44.259841561208134,42.81367007798365,41.3231981528858,39.75790961756411
387,0.11707437862220212,300.0,0.0,0.0,0.0,0.0,0.0,0.0,0.0,0.0,0.0,0.0,4.186840496942288,9.283764640878866,16.78646273042398,28.578589518882097,43.780336384482005,59.12680408617742,70.01283525701241,74.35257813198581,77.52111934557179,78.34938441645934,76.45267518204815,73.17052013421056,69.783892632883,68.12387254742806,67.62492321032248,67.66389808258135,66.71947571379658,66.20486549344159,65.06186309200054,62.30763983818599,58.76800264533701,56.13429728786079,54.38974761124105,53.09014868708137,51.892047516100774,50.70139693229422,49.49972245946521,48.327309706054926,47.23423982572891,46.29941707832054,45.7290525290307,45.75772847724558
388,0.10879922828296716,300.0,0.0,0.0,0.0,0.0,0.0,0.0,0.0,0.0,0.0,0.0,3.836539883259345,8.844716405088306,16.595013965336243,29.21427627205093,45.33092608281253,60.15467088975401,69.55662607806048,72.95085517454504,74.2462267404145,75.12167037379409,74.8323924549228,72.36053823761956,69.42122623118954,67.76211048781673,67.11097719792974,66.74603428706118,65.38935409073709,64.48691023531363,64.04324823524317,62.36152743842343,59.23876771498231,56.46381986637677,54.37772950919466,52.7231203297306,51.2698798737553,49.934158160695105,48.6708304349232,47.444321895545535,46.22331961863673,44.96617962515015,43.585130397461235,41.992203331437956
389,0.07463361008131386,300.0,0.0,0.0,0.0,0.0,0.0,0.0,0.0,0.0,0.0,0.0,3.6320592277522947,8.3313300081603,15.679386287602167,27.551580120174822,42.5087270364498,57.14885434617732,67.22461420129243,70.55261427442615,72.42292816829273,73.4016126218448,72.53481264212145,70.00750407517997,66.60576014053345,64.71131578208015,64.31654643639219,63.9082736791288,62.46200712899585,61.60032900684107,60.51185944598793,57.86515119332492,54.501988919683,52.07658634857593,50.76008369423735,49.95944132179177,49.12790896194625,48.13725678263416,46.98425819772414,45.751010532375105,44.532562907242145,43.41511473396601,42.480263566138646,41.80426893152203
390,0.08083158747224045,300.0,0.0,0.0,0.0,0.0,0.0,0.0,0.0,0.0,0.0,0.0,4.038445768623605,8.80535455405832,16.05175549481472,28.097347701554774,43.2247104344882,57.15081462360708,67.16655192007053,71.37938011828656,73.24041753887711,74.28745334631445,73.08715042899885,70.07735413968467,66.8857035789606,64.95707022339286,64.45546688518728,64.78045549682989,65.14197196334585,64.81496568913755,62.7667880005762,59.26467447283803,56.0547740252875,54.285023727561246,53.36159985534087,52.67965634354289,51.824220798589714,50.68617464963388,49.26182529889237,47.64890563361611,45.96054281686021,44.299054947067845,42.76204390158066,41.43572824884487
391,0.11416538074034624,300.0,0.0,0.0,0.0,0.0,0.0,0.0,0.0,0.0,0.0,0.0,4.505179520059977,9.284508684207703,16.198946586229034,27.69098434171609,42.92304227645331,57.50068722782002,67.4070982399659,71.64852644105665,73.23565810458489,73.37404538734694,71.4163954896102,68.3475163652213,66.29631738944106,65.6962533064179,65.71545263377,65.87746232178114,64.95855422560983,63.848826478019035,62.0709562825735,58.6604719098638,55.061002851379655,53.05853337292933,51.83067314772869,50.797516154113275,49.698425689342784,48.572640916855065,47.49422277319247,46.415084613488176,45.26284640133015,43.90490879364039,41.96891404968664,39.10849772830283
392,0.07232472274364658,300.0,0.0,0.0,0.0,0.0,0.0,0.0,0.0,0.0,0.0,0.0,4.265993531512838,9.271641269610802,16.724270779532954,29.113821609145358,45.42934544662474,60.336438450808664,69.9989504694565,73.57383967755054,74.69629134473753,75.2882314027164,73.79815946588083,71.14363089552177,69.65600961768705,68.63823148838115,67.4927516176663,66.11736472838001,64.37146256970752,63.724311125641854,62.89742595007311,60.785707013518476,58.22785745271176,56.051207462630316,54.03471696953549,52.17143944370838,50.53287375322758,49.082079308831986,47.76916723726203,46.57792500457793,45.50032811058008,44.53783153974705,43.727294546471924,43.112116252793754
393,0.14230439006704618,300.0,0.0,0.0,0.0,0.0,0.0,0.0,0.0,0.0,0.0,0.0,3.7435213748976763,8.186691796443098,14.960137398421894,26.30345095824971,40.961339353784986,54.740649601882645,64.37118232284632,68.81792137390786,71.5356089819815,71.67507207470035,70.92607776957473,68.56106539651735,65.40832360731675,63.44695214918075,62.10272378382652,61.827802819805115,61.984710001496836,61.91503701526845,60.18496475662131,56.806385518902644,53.53561084017855,51.589609671753514,50.37773302902535,49.38560744830683,48.311806340405305,47.136415145477216,45.90356487183382,44.650730406036956,43.41074831865367,42.18642930980694,40.87837569286143,39.37546608996823
394,0.10743490168232218,300.0,0.0,0.0,0.0,0.0,0.0,0.0,0.0,0.0,0.0,0.0,4.7305184068502,9.781494143010278,17.03248261539505,28.83421860905697,43.85987782803618,57.98608037714112,68.37742553962049,72.72431059439266,73.58993060664768,74.00972097343177,73.33930264588808,70.72059958230246,68.23259244065162,66.17963255752895,64.23744945637209,63.44332013604167,63.488776269154805,63.80919537839565,62.53045991819893,59.617924634838914,56.854149120602216,55.07316547754926,53.53746628515996,51.97160527405714,50.3421181007745,48.747437985537324,47.285571160466965,45.96871092152946,44.7892749388418,43.760216039476866,42.97212220075371,42.53045990258395
395,0.13890255813249625,300.0,0.0,0.0,0.0,0.0,0.0,0.0,0.0,0.0,0.0,0.0,4.700738154287784,9.342587451273214,16.36102799407139,28.556382449285888,44.55831292675071,59.27176527955175,68.53478364716243,72.02707486797702,73.29934522645772,73.82882552068685,73.33101820976565,70.18850911813769,65.5932272318322,63.36282368785441,63.94950953776944,65.01085364152695,65.08072718804127,64.51977082499832,62.20766717905728,58.926560394224474,56.76470143706195,55.3149517619113,53.88584650983789,52.28812128413348,50.48959131885879,48.62888197186961,46.857236809152546,45.26943227034295,43.93863213108932,42.93636128708084,42.35528600978046,42.29786156156933
396,0.09739703034543384,300.0,0.0,0.0,0.0,0.0,0.0,0.0,0.0,0.0,0.0,0.0,4.11634620150809,9.322117458714297,17.162489930830347,29.709453202214117,45.66679970210854,60.78313893177281,70.78465874001058,75.21647009144323,78.64308436170434,78.64442969180591,76.67256291801942,74.13663455538237,71.66732943201067,70.3288624312345,69.78556393643127,68.91388811519036,66.60010479043878,64.66159660375648,63.57258944932373,62.129473618459514,59.54349032841672,56.93923485010834,54.73771911685933,52.95307763822736,51.540952132736564,50.33412895306405,49.17910042678696,48.04891367579885,46.94607640697357,45.886781914508035,44.94185792053932,44.190150272405155
397,0.10473470805088822,300.0,0.0,0.0,0.0,0.0,0.0,0.0,0.0,0.0,0.0,0.0,4.452561453360529,9.387428898738328,16.669150112401358,28.754410869873627,44.57606409403736,59.20731814118507,68.73553302878966,72.54089414871893,74.32478656808402,75.57129592639563,75.09064439668232,72.35818827246305,68.90759687967918,67.00628072112782,66.49098284068096,66.05778173635326,64.61299545863999,62.3835922879082,59.864605000245035,57.314886950990136,55.440329642272594,54.766647342047115,54.1415163044677,53.05140213531256,51.38774904605466,49.46055385325372,47.60044200042294,45.93600992193361,44.53998549242156,43.50161908550572,43.00281725524395,43.25568553887865
398,0.09817756305513742,300.0,0.0,0.0,0.0,0.0,0.0,0.0,0.0,0.0,0.0,0.0,4.071528099836956,8.820917982250077,16.09321992153495,28.163485561389248,43.60103040734338,57.55591727454212,66.65591238814196,69.9027018629151,72.03002936269377,73.12656443482958,71.58506170972615,68.20651331898522,65.78381765064046,64.19495367582172,62.46522311853167,60.872457114299614,59.414419049732935,59.618119055141456,59.53432811373717,57.15389385259404,54.179406727416364,52.4248957111292,51.30304362447366,50.26312152621804,49.01030491211052,47.584819061587936,46.095212870735445,44.62265091172801,43.23441609068636,41.99893781127018,41.01518438479078,40.38409820791
399,0.13666898259739302,300.0,0.0,0.0,0.0,0.0,0.0,0.0,0.0,0.0,0.0,0.0,4.527994094820802,9.22383214357365,16.085256472757937,28.155458043672684,44.923004749714124,60.86194560631002,70.3403782796808,73.1297532576861,74.5547906404997,76.44385824628716,76.04588997078623,72.43176529761237,68.71739158968153,67.5407903382387,67.43988643593218,67.74366588789076,67.19130326345244,66.63934463434445,65.1121934811192,61.58233064849521,57.54662098466748,54.88865834992243,53.32563714767055,52.24214979023316,51.18804744824978,50.03787178722182,48.774261913985534,47.48801897168829,46.28658755815282,45.296794135178104,44.75559574102319,44.92722575642231
400,0.16283426414055316,300.0,0.0,0.0,0.0,0.0,0.0,0.0,0.0,0.0,0.0,0.0,3.903262822610739,8.614644479255393,15.83044223534918,27.884904327381232,43.813004906672425,59.87946817767138,71.27948251231656,74.55040037264199,75.53946489165847,76.26832073149865,74.42659806282207,70.76495288537949,68.30307789576217,67.00716680838751,66.4285608357631,66.36674312536523,64.72190950490648,62.37939734620761,60.575337539525734,58.40887997744629,55.47194407075335,53.26573332716147,51.79558813845478,50.62835387700747,49.43837320203664,48.17928579855833,46.88181351790163,45.61973173488621,44.46993864491106,43.5384844838452,43.07052457245679,43.34727293349425
401,0.1122434825152062,300.0,0.0,0.0,0.0,0.0,0.0,0.0,0.0,0.0,0.0,0.0,4.295893649334706,9.382153790432309,16.96710925387694,28.995941464106988,44.05169315760185,57.98060406818041,67.84083140323227,72.34955081307271,75.82195885233946,76.51431865873168,74.20353731250661,71.55620767337102,69.10563136389767,66.98179213343946,65.88502524229477,65.72944438679102,65.04464803411331,64.51937318239355,63.10824439566023,60.41088199046709,57.586958761961014,55.70208037185569,54.53527150054971,53.57107010518276,52.40895338471402,51.01083369922607,49.4362464197999,47.78266588088414,46.14682119218004,44.59696965576171,43.13052615686718,41.729763061619394
402,0.09951334454947613,300.0,0.0,0.0,0.0,0.0,0.0,0.0,0.0,0.0,0.0,0.0,4.702495129187041,9.631302939967048,16.971822048311925,29.723540433727187,46.88407475267716,62.76508912388673,71.84833381124936,74.87671369619255,76.70069758009575,76.90783597060388,75.35050419980433,72.04065797844329,70.02758129290534,69.10114457453022,68.21378688217476,68.33420644863294,67.74241481336786,66.52401814364318,64.72431145213017,61.504213152145645,57.76756368809912,55.51377657601972,54.326742770478404,53.47409020536255,52.44587307357367,51.17542158246167,49.720922512404016,48.2046137190691,46.75193513294945,45.47859976130724,44.50827652895597,43.96192821880033
403,0.08532514492049263,300.0,0.0,0.0,0.0,0.0,0.0,0.0,0.0,0.0,0.0,0.0,4.294409503481355,9.454608547998923,17.28065984402647,30.040209478993276,45.84739819715998,60.48041060698201,71.05545787985277,75.2065075094124,76.37179366964023,77.7470012915959,77.52170889023122,74.27373191909625,70.15998292395803,67.69938411331924,67.10958635191832,68.28369139804363,68.71068086486353,67.72903987551645,65.48212696470704,62.00021639119986,58.64314528117411,56.50498594670082,55.12312272883425,54.01121934791294,52.84974345947632,51.562263775669415,50.147072656302726,48.65967601059434,47.163642115398744,45.73098064729465,44.48648285851018,43.55687395739821
404,0.12407168152086817,300.0,0.0,0.0,0.0,0.0,0.0,0.0,0.0,0.0,0.0,0.0,4.34948044002874,9.378079764334199,16.821051737727224,28.621774277617995,43.7513394408907,59.10780183702963,70.43635080515833,74.71317378152008,76.3086751156756,76.3452668904084,74.74430210316785,71.15138813469082,68.45494814771145,67.01851189216981,65.21148580676069,64.13788190338515,63.95582013058621,64.26120242945417,63.72328189109327,60.86681737408259,56.85887499159362,53.91099725175459,52.14477587716908,50.950521458091316,49.82211052114268,48.66739230726512,47.503264748588,46.3901574367749,45.39355140493847,44.59941176553976,44.192964314005245,44.385554407538784
405,0.1228599425209124,300.0,0.0,0.0,0.0,0.0,0.0,0.0,0.0,0.0,0.0,0.0,4.566802685521282,9.67123570162171,16.971643871618024,28.460954507381036,43.45233917766687,58.362933888222344,67.79417299645677,70.7516594086107,72.58872422594666,73.11811289918602,72.79179635772779,69.92399861924477,65.81129070745243,64.10926765319506,64.5228060369576,65.6354188127683,65.22416827234831,63.459185465374325,61.29466243838634,58.70303495985303,56.0707787765039,54.126357002236425,52.73134673720468,51.41923738409752,49.84706695138924,48.14206787154983,46.49871634723301,44.99811441723546,43.68914481028117,42.60299616226568,41.721606737787695,41.018251382538416
406,0.0874360340028206,300.0,0.0,0.0,0.0,0.0,0.0,0.0,0.0,0.0,0.0,0.0,4.173788893093716,9.094372193931195,16.44476151401003,28.57592410914578,44.60562153410132,60.245461639142,70.98636664630963,75.09070718818136,76.65631331399818,77.58091760560453,76.95104058709798,73.24127410292525,70.19962911630171,67.66934245645089,66.1757139910993,66.2493150590299,66.12408417268708,64.64979251335551,61.83350753036551,58.745340699634895,56.4331843491128,55.37563387456038,54.500995530154164,53.41083292246566,52.041894394248054,50.54190281665649,49.06951767236852,47.67208597547966,46.368303033963315,45.15415658184732,43.94729561288383,42.65465661193514
407,0.05699426782489977,300.0,0.0,0.0,0.0,0.0,0.0,0.0,0.0,0.0,0.0,0.0,4.1480190603565195,9.035845008668197,16.19517203956452,27.5673896787943,42.22008500446545,57.00122144044082,67.67125848840814,71.55428485166551,73.24351896624094,74.06237140288884,73.21841057669715,70.20891618183283,68.35094087856136,67.23564356682576,65.5295897960411,64.36368123526877,63.433567827589314,63.470444788555135,62.946343718496266,60.115702419063524,56.55069196753106,54.32887172948028,52.92583455304217,51.8436242654084,50.80754160759099,49.689552833519365,48.42958896217412,47.078702031224445,45.708840944584836,44.383770639917834,43.15845559882787,42.08121384676453
408,0.15275060859705597,300.0,0.0,0.0,0.0,0.0,0.0,0.0,0.0,0.0,0.0,0.0,4.504229908666575,9.527636276324834,16.809210699641234,28.605837320416803,43.640425715899894,57.85594876619552,67.92590109148182,72.0927910238591,73.45961419386417,74.10235322338852,73.55444346343292,70.99487963465546,68.24479800075788,66.45907144393516,65.38958627545634,64.75263379053742,62.96153124601525,62.06306312469231,62.53820274974655,61.82470600500152,59.33258610638168,56.8661934233638,54.81313041639303,53.03197271627133,51.40783603816598,49.93655982866434,48.61984340581308,47.39011589373742,46.16921929589487,44.838584117469686,43.10974805916241,40.704931835597826
409,0.12412705031455382,300.0,0.0,0.0,0.0,0.0,0.0,0.0,0.0,0.0,0.0,0.0,4.940352099080322,9.966881574668347,17.17288318057346,29.15302716396572,45.13213589144692,60.34366274012977,69.51860438586144,72.73169269433373,74.84418419313332,75.58967893624275,74.44143533962433,71.27870123557497,67.62278668933895,66.59329934484104,67.1293127133127,67.45820252646529,66.53411292419045,65.5977418802391,64.18586630454571,61.068536301896145,57.3641263550628,55.06548584145678,53.79878826935757,52.95883758450203,52.132619536525056,51.1899975669678,50.088141438644705,48.84939452248601,47.51020630289576,46.08561963160385,44.51739516218864,42.73999648837016
410,0.1326076639662199,300.0,0.0,0.0,0.0,0.0,0.0,0.0,0.0,0.0,0.0,0.0,4.3011265186493315,9.20133732801872,16.678014068531063,29.539707260062183,46.343830720649244,60.46996549125062,68.10673831929994,71.22620477832841,73.82599228664385,74.84020800500015,74.1204922097224,70.73040336205206,67.80618382211073,67.89868651286916,68.46860901771169,68.11164708345174,66.63083373997301,65.23721507983123,63.825142392525656,61.00576686526209,57.58286936760524,55.34531269172687,54.24929935422819,53.49719337612242,52.41760562027141,50.98715332441295,49.339839146638575,47.61335468479418,45.932702990816246,44.41596292874572,43.204657182363626,42.43672819920089
411,0.13031959612062669,300.0,0.0,0.0,0.0,0.0,0.0,0.0,0.0,0.0,0.0,0.0,4.586950541240555,9.318083752781638,16.3148323091303,28.3788185483711,44.593447266613396,59.37550529781746,68.70537989362413,72.54965913632886,74.07307092617762,74.15571538247784,73.45706480506571,70.94316189131389,67.21650381198475,64.36079667521985,63.332842958657004,63.11268903611728,62.41940480899824,61.14593809043338,59.349631455320726,57.142789934991924,54.8433859354967,53.12788377450617,52.069238605074695,51.264393000724546,50.324792698122444,49.15231109124961,47.743853732326464,46.177660497580824,44.544206439268535,42.91077224999492,41.286759359240065,39.66856734042114
412,0.15592833628880481,300.0,0.0,0.0,0.0,0.0,0.0,0.0,0.0,0.0,0.0,0.0,4.0492570403854335,8.666430436845276,15.660400625974091,27.28430498447408,42.4088316357754,56.637235164349185,66.41494395812565,70.1817046406707,71.81970778593652,73.58463390862529,73.06212716902955,70.57133348408315,68.05267977070622,66.3493318790955,65.7502694203609,65.61169776672149,64.43381596396377,62.80235359219124,60.84732325193285,58.554727246366596,56.67013689708951,55.42447793073428,54.22662478205652,52.86523576498976,51.31877375643934,49.72553659232536,48.22593202485598,46.86603841145196,45.66741698537483,44.64167380102401,43.769781001011815,43.027351994401066
413,0.10812452747708336,300.0,0.0,0.0,0.0,0.0,0.0,0.0,0.0,0.0,0.0,0.0,4.5662840681362225,9.852619521761484,17.431629230260334,29.357041684148545,44.98278073895392,60.69036240047488,71.60725993879339,76.06866181154903,78.73252681231295,79.49674112415899,78.92564025499433,75.12160534312224,71.36644256377058,70.44538447078425,70.00338799035731,69.18775731566767,67.85156300468267,67.44119575870344,66.43661514243765,63.19005512181358,59.51365327566455,57.049419788210464,55.46897740213643,54.29243320906198,53.19211629298101,52.06438907495381,50.87756044180018,49.66455660007535,48.47018561523928,47.35241686170145,46.4332114103856,45.84309187671842
414,0.12396307905870727,300.0,0.0,0.0,0.0,0.0,0.0,0.0,0.0,0.0,0.0,0.0,4.0698959407019695,9.000472964658073,16.43576014225238,28.64319258035492,44.20842287728815,58.36372829096717,68.46134557255061,72.93009684568125,74.57298545025606,74.60063200043979,73.36430175939823,71.70372069068796,69.87960106759046,68.60215065099173,67.66285348295301,67.33419507375613,66.91319071097674,66.26375739060346,64.65161234033582,61.23220927993849,57.63396985580867,55.46583126648383,54.11906767466095,53.02245708113677,51.82898087927029,50.4332244297087,48.823940932267504,47.11065124843597,45.41865212229134,43.87505883960944,42.66253253932167,41.96432216407567
415,0.14831743574063577,300.0,0.0,0.0,0.0,0.0,0.0,0.0,0.0,0.0,0.0,0.0,4.15464325543016,9.117385519630606,16.56257581279206,28.81339926811168,44.47165065402654,59.243207497683926,70.09136869456024,73.78813212238698,73.92069844261555,74.62600874350332,74.97048582574833,71.99996549024925,69.0019826678375,68.82409048797878,69.45224913386484,69.37145117836113,67.86183295430486,66.59111234783842,64.87954629623219,62.1052735916766,59.200006795361446,56.8972905579456,55.225609179228144,53.835815781720505,52.418511584563085,50.955816069974894,49.49942203812079,48.11302594713532,46.85714077800017,45.74025587709975,44.59267861015547,43.21845060545764
416,0.12936264816204862,300.0,0.0,0.0,0.0,0.0,0.0,0.0,0.0,0.0,0.0,0.0,3.927679758176931,8.803033444180809,16.15551005921197,27.949351374398237,42.98525183744199,57.47729880456179,67.52227917375566,71.179548109967,72.14181941844764,72.25975237147517,70.87780910073167,67.5350199048666,64.48822614663747,64.0709562250835,63.82110605691856,63.21845103972054,62.12431295647706,61.060281838398275,59.80746033546838,57.965285911791696,55.375464759592305,52.639063449854966,50.59182665738157,49.1268152275735,47.94839284379334,46.84505435872787,45.667418742074275,44.39944373112262,43.056386913254464,41.66869402159816,40.32576469991068,39.12080907977141
417,0.1408605037222693,300.0,0.0,0.0,0.0,0.0,0.0,0.0,0.0,0.0,0.0,0.0,4.659413883999224,9.750884200328315,17.305741506670163,29.709655738758478,45.06948850166726,58.93864162925692,68.44248823190571,72.45204463348442,75.92842588013399,76.46600089589556,73.96116803163794,70.15919330837971,67.04183130802585,66.43123174469167,66.48095116577787,66.32827843789087,65.10571710601127,63.62948625396271,61.682269945762165,58.73358141749596,55.604115237894575,53.626866519651784,52.40439360948499,51.416924810038104,50.32392774922763,49.08173293178705,47.723970801691905,46.30784693246463,44.89097494292055,43.57812303938056,42.6726978885692,42.51142292099319
418,0.11074684802743959,300.0,0.0,0.0,0.0,0.0,0.0,0.0,0.0,0.0,0.0,0.0,4.190247320273537,8.866132077455811,15.679841732683112,26.965877557696203,42.01903075626846,56.52288739716747,65.78039397466931,69.37664984530016,71.50262281318587,72.59084210375238,71.5244150064422,67.9858718896688,64.14767639945273,63.04462694260635,64.27166603215464,65.08887986498256,63.427593900047434,61.427602505052405,59.60122793523955,56.996000175319445,53.83583341815306,52.11473112473009,51.47067250171162,50.94766292954687,49.83956654736149,48.261922041093634,46.51138778602513,44.83530653749758,43.44348308579839,42.55144225765171,42.48749064499111,43.64578765059091
419,0.1396348113819489,300.0,0.0,0.0,0.0,0.0,0.0,0.0,0.0,0.0,0.0,0.0,4.25765711677363,9.01578746121551,15.919752574648285,27.149422330194103,41.88867918099551,56.94875005990312,68.52043758887683,72.66259224508342,73.74227134645655,75.20861224312773,74.0341276292756,70.76619723988364,67.65240250785786,66.00556119525955,65.03134486843737,64.21494907330187,62.00121641490228,60.10924687659747,58.63618905833852,57.20341035279311,55.89750554594627,54.39257787673357,52.79351505500643,51.117226710760235,49.36108534276278,47.668786013209846,46.170915672207876,44.8690859704149,43.73734261651755,42.73142647597991,41.728735330382115,40.597705065499085
420,0.1140251901740586,300.0,0.0,0.0,0.0,0.0,0.0,0.0,0.0,0.0,0.0,0.0,4.215393562200589,9.212635938524626,16.63390239021894,28.245132024980702,43.06386771499877,58.13547749034658,68.82065605588448,72.15969860517907,72.5408532890766,72.13208465717285,71.91253288018392,69.92892904160105,67.23005023751296,65.61472640903301,65.14855899547754,65.00260158403752,64.25078523772977,62.98434398741065,61.0921167487418,58.4548500185693,55.63827993817218,53.02286920476384,51.097292363073564,49.773115585123655,48.81935525379997,47.977908666665144,47.04193867395337,45.99717653768067,44.87444040601583,43.681163597321465,42.34269926266242,40.77564100485557
421,0.14081323332931134,300.0,0.0,0.0,0.0,0.0,0.0,0.0,0.0,0.0,0.0,0.0,4.333520802513971,9.06730457184236,16.247165588338614,28.73576109161252,45.20315120354344,60.50292880856399,71.16060586398491,75.27856491041162,76.34605679201212,77.48617017160052,77.0759068951573,73.93085985955004,69.65280421338363,67.40272860220625,67.03170911951833,67.01180115134741,65.93653960060749,64.64943717892073,62.98107272394608,59.72333849517543,55.62485566306751,53.400309328141766,52.6968034396227,52.55293455122116,52.22515963387104,51.522458491910676,50.42470654704065,49.02235675461392,47.42842357614468,45.74078521288109,44.02285961249289,42.32434100743444
422,0.09296900636831944,300.0,0.0,0.0,0.0,0.0,0.0,0.0,0.0,0.0,0.0,0.0,4.249240323522007,8.948525763366574,15.956505761306017,27.847050946885236,43.446580645885,58.40786699994354,68.30393939060299,71.2905163697096,73.14932150918582,74.3722333891153,72.84547595001503,68.58090137747573,65.07003076772621,64.93732878293008,65.9169984987808,66.01016421339872,64.0012400727321,61.82979441309691,59.6758636029544,57.147594754982485,54.71946591545452,52.79666090657919,51.4444985421311,50.39094856166213,49.3555673941367,48.22605086775086,46.958395435804846,45.60327122334564,44.22843933861138,42.88768368763487,41.603426941975904,40.38903235871829
423,0.10103425937548152,300.0,0.0,0.0,0.0,0.0,0.0,0.0,0.0,0.0,0.0,0.0,4.080535964691949,9.041033453625383,16.633303610824886,29.230477511505573,45.17984992222433,59.10662363471446,67.39667223178849,70.87654631690546,72.81320340637765,75.06730606533985,74.09238762018036,69.90670822444916,67.30614956057018,67.02353666096985,66.94619855144416,66.08594339220949,64.44263280977941,63.548706340887676,62.2128816783455,59.0363367594228,55.36907799349403,53.282495918918734,52.32496127603024,51.714130301388344,50.89579863312684,49.82107566925706,48.56789525914461,47.22859015497265,45.89156437732355,44.64530692484815,43.60657943365657,42.89149533365679
424,0.20579235872513943,300.0,0.0,0.0,0.0,0.0,0.0,0.0,0.0,0.0,0.0,0.0,4.304724988071964,8.933327694734354,15.680754222184358,26.855461424706622,41.98116504287254,57.59132097873743,68.59783021402961,72.7047806220849,74.77843468720083,74.38578237772568,72.2781939173305,69.58258148242918,67.01652659775368,65.9064467812466,65.49755145363977,65.39179166661572,64.88093149579034,63.54712683896857,61.30196934309396,58.488958778841486,55.89036065318292,54.13127563158217,53.098934786995194,52.40051986707205,51.67951107029549,50.76888884871714,49.57940128031572,48.12689378152085,46.45364040079112,44.528403934951406,42.05378451865111,38.75856575619392
425,0.09751635656525467,300.0,0.0,0.0,0.0,0.0,0.0,0.0,0.0,0.0,0.0,0.0,4.256364373725759,9.043108486480742,16.1529009854439,27.74098684510896,42.58867512121636,56.77065924052579,67.59063616849174,71.82619012270428,72.61602158228033,73.16005750804129,73.31077941862314,69.68764136588197,65.92037808619975,65.46845438960042,66.76719029088686,67.58018672548886,65.46034156318271,63.29702532048535,61.65674829587926,58.80414547197733,55.59138334356842,53.590856757186366,52.04717435138755,50.56236450025001,49.03714983145783,47.55057375377313,46.19893097736607,45.01449868749246,44.013263275926306,43.19104256734618,42.469132894858994,41.75577780086836
426,0.24630951219726513,300.0,0.0,0.0,0.0,0.0,0.0,0.0,0.0,0.0,0.0,0.0,4.006769364423323,8.694266608583531,15.525008670373122,26.336840902421063,40.442588887866364,55.08438549737608,66.00893788425749,69.9417648195139,72.23071418865308,73.32782974541867,71.67671625157877,68.04417784513059,63.37381701417529,60.91833560625634,61.27760935110914,63.03835196013307,63.02285362145543,61.56710226726512,59.105426058379784,56.61246675417676,54.73741500718015,52.953207747603436,51.297183912580515,49.71636977129039,48.123421821964136,46.57045978341708,45.1191318086846,43.76600015092315,42.493493048616344,41.27127851391188,40.01712890545944,38.64535136546489
427,0.04302964326147844,300.0,0.0,0.0,0.0,0.0,0.0,0.0,0.0,0.0,0.0,0.0,4.071603458594172,8.826283965410495,15.980935411192778,28.038220048513946,43.84405305954939,58.114513470537545,67.07893222137731,70.73273939313925,72.7569890266038,73.497532116639,72.78820098697362,69.61277121843402,66.82580789150057,65.82478276457931,65.90454763093572,66.41808489529049,64.89511965558181,62.85745745891092,61.2234604771699,58.87173323743077,55.80456652092286,53.43440869593015,51.86287997424374,50.74035075073577,49.769012994270504,48.815483545586,47.808002282992284,46.7505652678809,45.66392911294042,44.55260513323719,43.36503047830215,42.04205535071691
428,0.10421351106816115,300.0,0.0,0.0,0.0,0.0,0.0,0.0,0.0,0.0,0.0,0.0,4.57657742120529,9.763150314173108,17.354888427611257,29.802178076824305,45.65290576480281,60.51964896207483,70.80864918479848,73.94610931342956,75.41708847870656,76.34087890171133,75.80623768452118,72.37270782080832,69.0382497184281,67.89040063545379,67.20694195665821,67.05742580663473,66.29650522882605,65.24209083312893,63.12063811469233,59.484529781680436,56.36592726454629,54.833233040195495,53.66097927900778,52.33667653420681,50.739314872368425,49.00892124485344,47.318271892600215,45.7750778593456,44.46244306089006,43.45334057656583,42.81253611977659,42.606353526734495
429,0.12959591846432222,300.0,0.0,0.0,0.0,0.0,0.0,0.0,0.0,0.0,0.0,0.0,4.228511004218093,9.14801156210087,16.620219027587854,28.882814593006174,44.393317400315055,59.323757853559634,69.39196975384152,72.61445293101151,74.38617798727431,75.82730226630535,75.14440784121794,72.56161849731858,69.78559320775557,68.1955428782231,68.03715795570655,67.71952121334336,66.00697056485083,63.7344905374555,61.11010671666687,58.30892373214418,55.837393263557786,53.87642316840629,52.48625729570296,51.35612333335646,50.170614828061396,48.881339852263245,47.51290161971895,46.12569488779647,44.78256838332747,43.52356085219698,42.32428604105422,41.14804958103822
430,0.09350408155835645,300.0,0.0,0.0,0.0,0.0,0.0,0.0,0.0,0.0,0.0,0.0,4.396861938262819,9.32159986153993,16.60971014623229,28.724060793309512,44.76183171454038,60.52304210347931,71.26507568810783,75.25259340362247,76.90494440794171,77.90655400881312,76.86125355481403,73.74999454756984,70.43919768538346,69.3300663111335,67.68911556727255,66.73709876967852,67.05487911987878,67.34961549845261,65.25190882333433,61.10683368830563,57.71870765145328,56.6385161567875,56.362620468228116,55.900396133974425,54.752058391240574,53.09661371833772,51.238720804470354,49.3576463998534,47.58663184368823,46.04977436373824,44.893777885514666,44.26437078639727
431,0.12542610216300307,300.0,0.0,0.0,0.0,0.0,0.0,0.0,0.0,0.0,0.0,0.0,4.918669591244542,9.8483726949057,16.953315064389383,28.79182227448924,44.434599664787314,59.788719190167676,70.68416014031617,74.61915908275245,75.40154189315028,76.02928265431977,75.0196310981433,70.96168510011184,68.21045280054304,68.66341334413721,69.20499265440867,69.08701119569315,67.61823229657138,65.54559957573437,63.08855882135863,59.77635037707138,56.54849440311895,54.45637366579921,53.34500858770951,52.57412123917067,51.59660902046396,50.32868435993143,48.82487243043279,47.228964922756084,45.690987439798924,44.333738566692304,43.23312228110147,42.45112120894071
432,0.06670846011798681,300.0,0.0,0.0,0.0,0.0,0.0,0.0,0.0,0.0,0.0,0.0,4.157776485326105,9.1103097398112,16.55978767291794,28.559282193326126,43.88502224239461,58.5903140757416,67.83343434879679,71.01457716385582,73.20701098029308,74.15249748925734,72.41002237598275,68.89229331626815,66.03805734450361,65.47827570878886,65.39485715884727,64.88682670455098,64.50527371224167,64.39593972653707,62.93125780991738,59.995781632708045,56.81013357993744,53.93246410377491,51.89254747160503,50.49057447478947,49.40010489200348,48.42895516253546,47.45044352862963,46.44776804258443,45.429687038884296,44.35833045605048,43.02224450957643,41.19702288996311
433,0.05549510311307784,300.0,0.0,0.0,0.0,0.0,0.0,0.0,0.0,0.0,0.0,0.0,4.242839549045017,8.982510781048155,16.257653291921383,28.76399127207716,44.73518784322174,58.97777598698319,67.6143335530286,71.20286632593968,74.1578165250817,74.49201021097956,72.65677886371581,69.68062153813642,66.8400399764683,65.21424965931818,64.99414851970342,65.51049711368893,64.32679522521677,62.50034055036046,60.235361511941505,57.17103539675226,54.55096040757933,52.97181334595039,51.90743163049698,50.93737769121154,49.80455060823395,48.508814616822455,47.11254304576641,45.686890975111666,44.298539855730624,43.00436998438139,41.84796815380006,40.86658515621076
434,0.1351143907710259,300.0,0.0,0.0,0.0,0.0,0.0,0.0,0.0,0.0,0.0,0.0,4.308474169815815,9.184646220789586,16.649793839891995,29.744956236246207,47.14337078864936,62.85854360828882,71.79712255424181,74.74935078402575,76.69286576555785,77.25869253409616,76.61361405296384,74.06675448286873,70.36785786433602,68.98584908484563,68.33524988965209,67.92744900797504,66.78943383268819,64.98448465229579,62.73672861875413,60.18932988046959,57.755323379258186,55.76942710349598,54.12311491524614,52.65111784021257,51.24036425724442,49.89760856111352,48.651930869620806,47.518685760103914,46.508829847723966,45.68331653858155,45.3020314510469,45.675718317157916
435,0.09055022828990343,300.0,0.0,0.0,0.0,0.0,0.0,0.0,0.0,0.0,0.0,0.0,4.498212611689453,9.25215801214176,16.335221856096442,28.283989634359216,43.905528482493715,58.928349316537044,69.50149376348212,73.78082665590752,75.99215382077485,76.94256483207238,75.20585874768544,71.09568362945991,67.75791091766666,66.70445426805216,66.38435756188503,65.84079787405172,65.65659906279201,65.61158167541491,64.23793065883403,61.04912421411113,57.7016448022556,55.93302617397841,54.96536343545911,54.064647133768915,52.7988728297371,51.182687981816535,49.347562466928764,47.46089336356904,45.67934792060448,44.15829259123815,43.11771293534284,42.786090793120366
436,0.10696945941035192,300.0,0.0,0.0,0.0,0.0,0.0,0.0,0.0,0.0,0.0,0.0,3.946380834862821,8.603434464714061,15.723497610955153,27.82224556826316,43.57066044553313,57.67415925330512,66.21631753188811,69.67597863665499,72.93743569354581,73.69440042804008,71.79545823343587,68.7078360971024,66.29641283643356,65.24027888872226,64.78682471728654,64.3094027681596,62.95953371941123,60.885111779610625,58.72774791774658,57.07357047972914,55.63002129760621,54.04365522760084,52.3462959875715,50.66469894372806,49.10686954425209,47.740961599491165,46.602081788721875,45.6489267975395,44.826223353606636,44.08830203527864,43.413455338801704,42.78628604964581
437,0.08561478582940511,300.0,0.0,0.0,0.0,0.0,0.0,0.0,0.0,0.0,0.0,0.0,3.7994288686618334,8.55510013105707,15.91498669701137,28.248050937587664,44.169377312383,58.66717678512485,68.67875282850497,72.80038511931244,74.08189566798326,74.36999780760428,73.89933959501242,71.08413942280214,68.135296493284,66.45057501505715,65.01752967868235,64.4433605036761,64.02917651554584,63.63732111331761,62.00288819640383,58.24154966380098,54.539893878807256,52.51280658728041,51.63333050212268,51.07014033360758,50.201373510452534,48.99207469554714,47.56016360896728,46.05757391444769,44.62979949772577,43.41125010002651,42.548116591271906,42.186058874672376
438,0.0467995774264638,300.0,0.0,0.0,0.0,0.0,0.0,0.0,0.0,0.0,0.0,0.0,4.393593075789128,9.154140504054801,16.160986673942485,27.928784384824137,43.421230971617845,58.39710724178506,68.856293657649,72.55118462826586,73.87963031838811,74.26607210236361,73.44803973427811,70.62074399021571,66.66350991283052,65.07107834068633,65.19692124441627,65.67100711760651,64.55170506517713,63.038415551401016,61.134835870807656,58.75909224504703,56.67454439547921,55.0871349407733,53.77807721582466,52.51128651957768,51.123224153006795,49.64535647347384,48.148928809339566,46.694356181459604,45.333851787798295,44.12468815547386,43.16331277489524,42.55064997999754
439,0.11441916669720577,300.0,0.0,0.0,0.0,0.0,0.0,0.0,0.0,0.0,0.0,0.0,3.7702536821945647,8.36429586102927,15.196076598272777,26.72843939873302,42.83189609177317,57.95255098008155,66.66108213385216,69.6593675421785,71.55313273894824,72.21087401359975,71.17440442058293,67.75599983875665,64.8466848849841,64.52012624603282,64.94410409964779,64.52707007244518,62.99017266375111,62.41232957275185,61.73925016057373,58.8038773500115,54.86633276543199,52.13800001180338,50.56183293186866,49.495859115268026,48.436191017438134,47.28157624121826,46.04250896294766,44.78744422141346,43.591866216425906,42.49869626358672,41.45148290895568,40.37578380589625
440,0.07375861785365073,300.0,0.0,0.0,0.0,0.0,0.0,0.0,0.0,0.0,0.0,0.0,3.7329968941390317,8.57479268901338,16.022129800722503,27.832745726444582,42.96085525273317,57.719650884453905,67.30105340929369,70.57351791103088,73.24852401290957,74.07169431351961,72.74444743503187,69.39503428496944,66.3382330684497,65.358941854896,65.72181018445549,66.47936261345043,65.22493277262598,62.87892707844058,60.38761558544158,57.62621679346291,54.87796759668047,53.04350831471811,51.9477920732623,51.08233703331246,50.04662310179791,48.8132474168549,47.443129328142234,45.99440924217841,44.519966038455884,43.06863318417581,41.69101900045339,40.43295710090081
441,0.0882442195178058,300.0,0.0,0.0,0.0,0.0,0.0,0.0,0.0,0.0,0.0,0.0,4.239152820860322,9.052983570604045,16.21144166233584,28.232645033093707,44.1705020238126,58.80101822590888,67.88806426890086,71.04515960700367,73.82020281247428,75.47049502640775,74.0367827579666,70.32378598456786,67.58653727819971,66.42411942341322,65.56260502193003,64.4387252380457,62.68827922531993,61.57188232846707,61.27191185192614,59.73293691029708,56.47976675761278,53.85329946760788,52.55909569002165,51.91166349988764,51.19650153349254,50.24637057735061,49.051266566659876,47.68430460724083,46.232968771925805,44.74504380140492,43.14320207911103,41.33397452578138
442,0.10205664503109682,300.0,0.0,0.0,0.0,0.0,0.0,0.0,0.0,0.0,0.0,0.0,4.334262795647727,9.250717763353938,16.558450481279742,28.652399667352604,44.234607946645376,58.05419097017027,66.52738953885104,70.01689374982377,72.15458858737942,73.25317453803436,71.94336458085026,68.11921656572571,65.09916839987669,63.914835785150295,63.55466567786509,63.80930468940672,63.66490802820785,63.42657858017216,62.39961629105736,59.36658785315183,55.604877245401745,52.797282386363285,50.73684633873541,49.19037109932204,48.029526953915735,47.061017436515286,46.11426301441922,45.132289502996706,44.087066747974234,42.9588831450633,41.752609606813245,40.4788282164765
443,0.1713558702899118,300.0,0.0,0.0,0.0,0.0,0.0,0.0,0.0,0.0,0.0,0.0,4.4700857314427855,9.354975489540351,16.613381137416514,28.937325279621465,44.895294308520036,59.29343513781652,68.92474333431987,73.40168464466727,76.47190223815083,77.20717664082649,76.44623039238367,73.1469163489287,69.1952424328506,66.83315100569457,65.85492566085802,66.2294504465019,65.42528537088599,63.119431775151185,60.45726254293731,58.38319921372345,57.1711022868014,56.06261874930056,54.95362377956663,53.79716171302477,52.537927091000235,51.25161927085405,50.01895627719414,48.84091478958342,47.700248338540355,46.533016840868854,45.095984160977665,43.13549241170386
444,0.11905127991688506,300.0,0.0,0.0,0.0,0.0,0.0,0.0,0.0,0.0,0.0,0.0,4.235457922121243,8.990768424150524,15.88086881619299,26.9868125535912,41.70790295572299,56.69421772765935,67.98804052686297,72.39727902837552,73.54724851936842,73.46434598975733,73.23451137783212,71.47615799993187,67.98549281240416,66.19147102317446,65.71595013195565,64.7799701925454,63.150559040060486,61.658815727475144,60.57945752417138,59.24181083096886,56.92410806898592,54.31746859227552,52.338509710244345,50.85254112168668,49.539759622672584,48.243316183827076,46.88708878840571,45.53569326520144,44.278594131679405,43.22964818453819,42.62865746183402,42.744796423411735
445,0.09713426240809618,300.0,0.0,0.0,0.0,0.0,0.0,0.0,0.0,0.0,0.0,0.0,4.237688067768574,9.070253086625348,16.444878920709847,28.903938282731346,45.36673434452836,61.29108199842071,72.03837993048091,75.79972496090627,77.54896303135044,78.59755457532937,77.15288729157389,72.92582521599948,69.48403423997478,68.75349510272882,68.58113308244289,67.0974173735327,64.82415882563089,64.26334120130649,63.53062149350327,60.59305617857862,57.44480078280436,55.44338674282155,53.97484534767059,52.72975120129364,51.600057509603104,50.53217525517344,49.48682364725599,48.42550670774247,47.3120638925083,46.07004672006436,44.46394379620352,42.259124685869054
446,0.13949520816907254,300.0,0.0,0.0,0.0,0.0,0.0,0.0,0.0,0.0,0.0,0.0,4.036815848495049,8.930726246852755,16.239785174098618,28.079386018368055,43.647454533771175,58.63014159816872,68.7806754687027,73.39954599396755,76.26352879927168,76.79062438670208,74.76115275850032,71.61428472382467,70.20052040266815,69.66869254969102,68.47947939632816,66.40762551005992,63.69029903547038,62.38910960722795,62.10016999005512,60.23107795186338,56.7053044048475,54.18229193664715,52.792894722951786,51.938108208417276,51.14615786638622,50.290208099496226,49.33060180203996,48.24028975956567,46.99782716490814,45.596921340281426,44.077763664125804,42.488286365953016
447,0.08652210313228065,300.0,0.0,0.0,0.0,0.0,0.0,0.0,0.0,0.0,0.0,0.0,4.354704335077894,9.13049223602022,16.40269982336023,29.18085623644871,45.94240818331324,60.40128448786579,69.429312994295,73.27555341804845,76.05144327366087,76.86869710413806,75.47987891792367,72.10303706766501,68.518081740189,66.33966338870061,65.73319298643644,66.22267520353932,65.27002004469925,63.6601200326545,61.9492801364162,59.294124097782216,56.11099755553494,53.9386176031636,52.620167652152375,51.65075970081501,50.65446064874038,49.542738361510466,48.30480386470286,46.95888993686452,45.52904032783248,44.00300593381338,42.23863018079897,40.090058966375835
448,0.10936872441766347,300.0,0.0,0.0,0.0,0.0,0.0,0.0,0.0,0.0,0.0,0.0,4.277296712809907,9.135636224460757,16.199825277123885,27.725961177949998,43.3543250382142,59.0832590558259,69.95713751229948,73.69953427383443,75.37681500659579,76.9123199044959,76.51608359164611,73.47770124624844,69.91183614256454,68.600890694294,68.1534201142411,67.5515358260669,66.51887009933051,65.95291235739104,64.84193197761039,61.68165171220613,57.965166074477786,55.314277177168194,53.37249667923119,51.93204296737741,50.91513762603196,50.123798004194704,49.363825247407334,48.5360815439857,47.56816681754385,46.35186050383937,44.63019342487706,42.16118601286391
449,0.13241644931437457,300.0,0.0,0.0,0.0,0.0,0.0,0.0,0.0,0.0,0.0,0.0,4.084124229516389,9.116425571527362,16.790237940427797,29.68387326338483,46.78030933773847,62.269024633554025,72.13458247787086,76.49560717543756,78.92990060544494,79.70843080607693,78.17268530920146,74.97942821612865,72.89558510499315,72.45525813634141,71.50752573854979,70.12162098807882,67.51018495191019,65.30376726813793,64.27990186159501,62.41882936208342,59.64294660697195,57.182410037580695,55.24499595946919,53.699855396581704,52.41136058979385,51.22053876918193,50.003469893934266,48.765733180980796,47.540977144500886,46.35539975425734,45.21745994234835,44.13078504389476
450,0.12089605011715011,300.0,0.0,0.0,0.0,0.0,0.0,0.0,0.0,0.0,0.0,0.0,3.92026071570713,8.571941389519838,15.743068416556243,27.93422576827269,43.870199418095446,59.09111649484021,69.26026800904917,73.16814021942982,75.61340708022644,75.91253782182292,73.95902332480709,70.27894076362132,67.97271891883787,68.14244969832139,67.86740965814481,66.50202665220249,64.84787197669546,63.45328316953847,61.505215211261586,58.67656300314158,55.95463143729282,54.16467175663789,53.089033272797735,52.274589834094684,51.36676953867706,50.32767244814568,49.18639981330147,47.93893265809854,46.5749362459615,45.07074958921044,43.346957809572295,41.32666742193306
451,0.03230226247950933,300.0,0.0,0.0,0.0,0.0,0.0,0.0,0.0,0.0,0.0,0.0,4.183485849825107,8.970215343816216,16.311754243993228,28.697127592256358,44.57862314898072,59.037085630442476,68.58090446865356,72.59443715757479,74.94899555192816,75.17425284417514,73.97541366577602,71.62877076710589,69.19480633030965,67.49900535719166,66.5423735350933,65.96563320837427,64.87893400658245,64.1312279175354,62.86468374586291,60.379455515158824,57.34413632559358,55.333548337501334,53.942380980954916,52.649906043052034,51.159923236596114,49.53934109112042,47.919651067089156,46.38028369033287,44.98145329748868,43.79464444638934,42.95858484124955,42.62444873937779
452,0.12857639682787456,300.0,0.0,0.0,0.0,0.0,0.0,0.0,0.0,0.0,0.0,0.0,4.298675623092299,8.754694744608853,15.409852987182088,26.747212183366486,41.742157130852114,56.33776545270957,66.06883815835457,69.84530283023999,72.53298198887576,72.7894690045088,72.47512280701447,70.29351911685873,67.4611831520732,65.71365981614937,64.97840762847929,64.42463348483433,62.2966533438967,60.23742688156119,58.913894544189866,56.913698765522625,54.48717141259463,52.908884671554965,51.86533157689652,50.8539559424299,49.55855525733668,48.06820659948553,46.53925560949318,45.045857689286095,43.63708992686702,42.34561417944603,41.16159160494646,40.066576974416144
453,0.12304167637811128,300.0,0.0,0.0,0.0,0.0,0.0,0.0,0.0,0.0,0.0,0.0,4.554083157130504,9.43496051876464,16.612571635541265,28.51451089817025,44.135707690458986,59.23981753302845,70.19288240602052,73.64755176711921,73.93870198932844,75.63111242466839,75.58049958275953,71.4777685834197,67.19216840709178,65.66516048922522,65.93234219489713,66.86391965508359,67.38763888360344,66.89164650438595,64.65161234340422,60.96600219042473,57.578961348293525,55.432961035277486,53.80843247956604,52.40456365984776,51.12902448240743,49.906795414372795,48.689349187288784,47.502879051554565,46.387785068355136,45.39168133043895,44.602986503439325,44.11630878176291
454,0.25822680624264055,300.0,0.0,0.0,0.0,0.0,0.0,0.0,0.0,0.0,0.0,0.0,4.995490773706068,10.05574671489152,17.44675265894404,30.06083383881027,46.00106382758023,59.21763370131371,67.56531740084827,71.71365589847551,74.30308329654598,74.5416560798724,72.11659537261349,68.97686783617979,67.76676274116537,68.31016507856882,67.9154436973201,66.5521071504705,64.94059535375352,63.14807146750997,61.14750845185696,58.25348612742469,54.657945980361944,52.06932870868823,50.53287856518419,49.58842617401221,48.8509326640399,48.11509028089988,47.25908682348311,46.30442700899143,45.30447806788572,44.306070949710204,43.34315610901972,42.44434177152439
455,0.0798232723396569,300.0,0.0,0.0,0.0,0.0,0.0,0.0,0.0,0.0,0.0,0.0,4.248155498164883,9.198162349781544,16.41363870856167,27.976529992501668,43.15219559302366,58.217152052816964,68.44606321050067,72.21451315536626,73.87310486412626,75.46570727646642,74.40832364930428,70.09800712983797,67.08326952052184,65.34229868633291,63.99399260376403,63.83390084682238,63.96063721131315,63.65950435226296,62.547905882039665,60.12302535936005,56.833944209172316,53.93115249898758,52.08433743920414,50.98197701635445,50.1983959660264,49.480045001167504,48.654572578905565,47.68938620878274,46.586799807939684,45.33665456716632,43.87867199069507,42.15139442627468
456,0.13097001244132533,300.0,0.0,0.0,0.0,0.0,0.0,0.0,0.0,0.0,0.0,0.0,4.853153780794598,9.721098613654643,16.884487026660164,28.990766283554006,44.82973477080331,60.06520441528363,70.09050368301322,73.94046934487936,75.983572526058,77.18322047310701,76.58144799738469,73.56210700381756,70.43277600665337,68.60266940482111,67.6526363528658,66.99864748986089,65.26891792421328,63.51109217338286,62.245348654595176,60.091860109113455,56.639295909477504,53.6990288694523,51.858784496218455,50.735913765045865,49.91427739310504,49.213167140356354,48.52477845662183,47.79726763004003,46.99382924927909,46.06993638715407,44.94564953005119,43.541791804469376
457,0.09166107620987064,300.0,0.0,0.0,0.0,0.0,0.0,0.0,0.0,0.0,0.0,0.0,4.378848530025996,9.241281469268538,16.60580870397785,29.414282556808814,46.45323688056487,61.24206955970733,70.21087744559942,74.1914807746082,77.0314626888512,77.65552472543565,76.38248929833044,72.17040925462943,68.49171142350293,66.90344630094944,66.97420543035699,66.95889208491054,64.81656545647658,64.2066247640572,64.86095435088592,62.76471234389131,58.185356874107434,55.13521829587579,53.53580878704885,52.53639517694051,51.53871336949305,50.38197222461109,49.0491071446461,47.65951199689489,46.35275259626509,45.27077399550289,44.61249823778491,44.58990682183197
458,0.04158178223751095,300.0,0.0,0.0,0.0,0.0,0.0,0.0,0.0,0.0,0.0,0.0,4.029447717096952,8.891676341657089,16.353745379601772,28.706723414970877,44.46000750290968,58.990094946231444,68.86076108704002,72.56894159811318,74.45531866796163,75.50194626476315,74.50957665889506,71.64136348791322,68.5047589666845,66.57737951558543,65.75481999055555,65.5788468457917,64.87407041664116,63.63920516623418,62.22814064076889,59.76155667300002,56.36357093898075,54.12762421216061,52.877027278411234,51.97365816990412,50.9551887482971,49.73307891947208,48.323047135037775,46.788386082502825,45.198203771595395,43.61719360035783,42.11474838757038,40.75378621664744
459,0.04531469531831741,300.0,0.0,0.0,0.0,0.0,0.0,0.0,0.0,0.0,0.0,0.0,4.048700562725855,8.889237332545559,16.014564096328805,27.53703811173655,42.67591525642995,57.34445709042464,67.32935188434261,70.88796660047002,72.99251570849538,73.98619167329639,72.98963663188024,69.1831368320021,66.11391845190825,65.08272485327355,64.46438292456689,63.5997260300589,62.259606156824134,61.70508399669579,61.47839303134219,59.536732886886995,56.14179897152694,53.61556770347879,51.93189759287918,50.578234235657085,49.20175837202676,47.76607472289827,46.31606974030571,44.928069070404284,43.67792091003586,42.68812158289918,42.29062983941272,42.87698185453878
460,0.12556932842866103,300.0,0.0,0.0,0.0,0.0,0.0,0.0,0.0,0.0,0.0,0.0,4.223501465389899,9.528627788502732,17.74846084323055,31.093135316593468,47.49024834399583,62.343698505292494,72.35770624477898,76.23013784303073,78.32219453260284,79.33805481420066,77.93541269229684,73.95362666403182,71.31777301913161,70.62313628750739,69.52561454105445,68.65680427401551,67.45882862459104,67.1736067757774,66.83873688531085,64.10732486128859,59.169190206692505,55.75255219489703,54.13490319447966,53.319391686597456,52.484237677442394,51.501401085089334,50.415834274345244,49.29838511799413,48.22082932664585,47.25474880246435,46.490962385616754,46.02171740929144
461,0.07591627030893318,300.0,0.0,0.0,0.0,0.0,0.0,0.0,0.0,0.0,0.0,0.0,4.481776627607418,9.517359423246198,16.911952518176957,29.036129195259743,44.66080966256877,59.48997038292616,70.2225467702585,74.3326790446027,74.96987854448416,76.18654109860591,76.32994400372486,72.5134963749686,67.99669422694676,66.71005214317496,66.67078672973821,66.47104166958736,65.35168901573243,64.21273494546494,63.149454361007464,61.162061327384336,58.27188957059251,55.54307079531861,53.284845260930005,51.45598016905345,49.98166736811485,48.7416376958166,47.62691196130367,46.58553040363011,45.581046044320985,44.61232174674836,43.80636519673777,43.31334130918707
462,0.10614917665362109,300.0,0.0,0.0,0.0,0.0,0.0,0.0,0.0,0.0,0.0,0.0,4.584693553867597,9.412448123604173,16.418509562379796,28.05222562834438,43.24739900833527,57.28134775839974,66.68792672582508,70.34811270680942,72.87419620519556,73.54015726356484,73.07005849534707,70.34951698709196,67.65239580435623,66.0371761288562,65.16481311505821,65.15438594185805,65.06195786480278,64.5012041527554,62.572533202404244,59.89113480697283,57.184680855651344,54.90199669910577,53.482626122980655,52.526470595283776,51.53163719743245,50.321619650025035,48.83925490915914,47.16202383881353,45.391846805845006,43.64447250662636,42.118096245915254,41.00819353666005
463,0.09225457638891434,300.0,0.0,0.0,0.0,0.0,0.0,0.0,0.0,0.0,0.0,0.0,4.057819894032457,9.061255530754709,16.68683830529575,29.144516711533843,45.15378399080633,60.03951164293098,69.70123383999295,73.25222203714722,75.77490313221901,76.87786512564037,76.19790368984303,71.84549099852728,67.41264862319956,66.2084172705896,66.79049568936756,67.26593995710637,65.90671215468046,64.65513307944616,62.8537710302301,59.46289132493074,55.714585961136095,53.545405970760555,52.45466463285141,51.686623712111356,50.725549704381834,49.53516532495354,48.19418434020042,46.78092118083887,45.36719443808252,44.02265750417212,42.8324974031159,41.87863600568113
464,0.09882578436149533,300.0,0.0,0.0,0.0,0.0,0.0,0.0,0.0,0.0,0.0,0.0,5.014956320842691,10.062446045616865,17.427084143223215,29.68183753408699,45.51943273293023,60.09044020872337,69.54521778028857,72.91497228229491,74.82281063687233,75.30693517692558,74.46405710780672,71.82952500180916,69.13535969346579,67.76545110938683,66.67681702476106,65.69404039619192,64.73910293258572,64.68657742967105,63.7613547210246,60.486423048949156,56.920081004541615,55.20788665484244,54.152703782412644,53.013836047236595,51.50829510331797,49.80182877037357,48.12015184247182,46.5658065111513,45.20480676600731,44.105048986165585,43.367190493906435,43.100060579902255
465,0.11115985584749159,300.0,0.0,0.0,0.0,0.0,0.0,0.0,0.0,0.0,0.0,0.0,4.193966992336714,9.221253775452714,16.915265323217632,29.799522858136733,46.39135802588985,61.58509938014381,72.31327931699983,76.86176256527963,79.13650926168768,79.99325975125132,78.2028978257689,74.07061469423756,72.06266617196405,71.3476770395735,69.93996578672099,69.09154933382293,67.7146541218166,66.65470871179346,65.58070340290242,63.113950756108714,60.428544433906154,58.62826920935309,57.171594808147816,55.66246382752309,53.938535673094975,52.1637437316374,50.52903422675992,49.094708237838134,47.88803850871997,46.945364817823254,46.34579002983017,46.180330824377634
466,0.18305308004892945,300.0,0.0,0.0,0.0,0.0,0.0,0.0,0.0,0.0,0.0,0.0,4.249520973852375,9.168401472848712,16.498997273656556,28.585586544854166,44.18519706659229,59.00821463332043,70.14743072518029,75.55419803413403,77.97548001782513,77.38569719807367,75.76756041722635,72.66548645379791,70.20470902669706,68.62726558039594,66.67430588274743,65.92838132713494,66.10186037378335,66.18152575560916,64.7040862706015,61.472489711675074,57.82011342864452,55.366485210808456,53.89269775329369,52.87289522039272,51.90595673513018,50.82004869294352,49.532402254467826,48.07349028077846,46.49821406104194,44.828622150192565,42.97724142490071,40.84926700800015
467,0.10469724985144307,300.0,0.0,0.0,0.0,0.0,0.0,0.0,0.0,0.0,0.0,0.0,4.051343151100692,8.84194861670849,16.004017324221046,27.37971693862647,41.84256175721136,55.6286725334973,64.60440235531316,68.21776308463865,70.87892218924526,72.24109547139254,70.63573818748333,66.69651190354361,64.21696579661372,64.2817458994409,65.08022453043716,64.58195149011848,62.885322562599406,61.40308883476416,60.07257716527136,57.904193936454995,55.02832640973941,52.90841626446696,51.32939960857268,49.952176780150374,48.58479016234262,47.18340447381499,45.75012716101505,44.32659829771699,42.9588563691152,41.721893095548985,40.81859398524441,40.472077681527225
468,0.11939863176301876,300.0,0.0,0.0,0.0,0.0,0.0,0.0,0.0,0.0,0.0,0.0,3.9186446871741225,8.818516630072162,16.4481659419887,28.849047518245133,44.02854087746513,57.8956646648434,67.15206933521355,71.28321488052761,73.96543277002148,73.91998829638244,72.10016217323623,68.98983313334459,66.52385883378177,64.76698078695678,63.85510742762134,62.947107082854544,61.29638756767027,60.211809929995454,59.10295130491928,57.0183078575352,54.71157994683354,52.58134952696143,50.72176570695738,49.12268455916085,47.743191213403954,46.49500422983861,45.30561216756975,44.18635146644176,43.165721931339974,42.27149169483167,41.53803380542501,41.0002174159815
469,0.15113528603560872,300.0,0.0,0.0,0.0,0.0,0.0,0.0,0.0,0.0,0.0,0.0,4.26483999949386,9.179129134862995,16.476643580123493,28.699560399421312,45.304318744076085,61.263304016838205,71.23305225223675,74.10522092793511,75.79821645308385,78.203425444281,77.80099791442115,73.93872643543648,69.81478374138003,68.0165721439761,68.321239801644,68.45711891294619,65.68888087957686,63.366083364404425,63.4693226641069,62.773867227077304,59.71909609895145,56.67147333108432,54.505613023297215,52.961641626346776,51.71682185600349,50.602144144970204,49.506404173803745,48.382937721114516,47.202419331573665,45.90761676243809,44.329562168973695,42.29956313620713
470,0.1572616561009747,300.0,0.0,0.0,0.0,0.0,0.0,0.0,0.0,0.0,0.0,0.0,4.634329848544769,9.640177471680945,16.850053435132754,28.791298792513984,45.438526604436674,62.16357811375714,71.98045250965174,75.14325698309315,77.9671489513163,78.7274204180246,77.59718871835354,74.44971030102242,71.33264005346929,69.63636666191567,68.36667500088193,67.6878132242555,67.16532782706312,66.47660348871887,64.60140326645988,62.11269810241119,60.62029076299523,59.365768202135754,57.639036795026584,55.623956772677104,53.631599888302176,51.82830406419287,50.310605231379625,49.07829184258413,48.11183930947675,47.39485413426797,46.91167025799294,46.64928016100296
471,0.10574796558010517,300.0,0.0,0.0,0.0,0.0,0.0,0.0,0.0,0.0,0.0,0.0,4.0158105048063995,8.795523037516348,15.912328124250836,27.716770686531095,43.633826307960724,59.11245446674013,68.69880654835625,72.026217016279,74.59619288814795,74.91271844026684,73.43822166742838,70.3714741155443,67.0651139872104,65.51961440234224,65.48161883586272,65.39061286682092,63.19182375830699,60.317767099756686,58.345573528756,56.98129195116776,55.732308995449365,54.48401931264181,53.198727877624414,51.80774145642436,50.27430895338097,48.695779710280604,47.182033836838976,45.80021810594048,44.60210750071152,43.63863638894506,42.975292673511596,42.6818497166226
472,0.04320047291419036,300.0,0.0,0.0,0.0,0.0,0.0,0.0,0.0,0.0,0.0,0.0,4.142380017768483,8.949321985846304,16.239055463574118,28.171172021154444,43.09086157217612,57.370865837914934,67.95805092713289,72.07620292348817,73.5707374838975,74.81474036440558,74.24066472743361,71.32339522419589,67.71023992627669,66.27544405134763,66.3913097390363,65.89984348748916,64.08323335035814,62.588479177714234,61.71840165845318,60.00074296464215,57.15997029907196,54.66610672038515,53.09849933626281,51.98857512270026,50.82885215946412,49.539820031100454,48.15348937333115,46.738349810667174,45.36484114752206,44.04404178569886,42.58780855980525,40.786541548412025
473,0.12369897579655244,300.0,0.0,0.0,0.0,0.0,0.0,0.0,0.0,0.0,0.0,0.0,4.696177650701808,9.525528713842677,16.459017980385333,27.89891068682133,43.418720792148,58.533802309246255,68.12312520666934,71.08957622740041,71.92193685059853,72.65336906334596,71.92370242398572,68.68064893256411,65.47418954007232,64.24272159071961,63.730108714592035,63.247912653100734,62.17683112122542,61.18084256828547,59.68886468359918,57.53815765021246,55.132755222524814,53.41707104253054,52.25452437834226,51.29633427756928,50.28288739591341,49.153865568792,47.90781355744911,46.58133865240442,45.216919662685015,43.85261566860289,42.52210987677443,41.25485838998109
474,0.08150074796821415,300.0,0.0,0.0,0.0,0.0,0.0,0.0,0.0,0.0,0.0,0.0,4.67223973445617,9.396796253190555,16.302205087454958,27.86268554323127,43.01398313372495,58.07362550159823,68.7537714509994,72.17282209720693,73.01855518312642,74.52325822720543,73.1867839126044,69.16368728938868,66.60185778215792,65.83922929922196,64.79945426436615,63.71606482492307,63.11720156541612,63.090615608786095,60.93994573126803,56.630439708089845,53.61505503080226,52.81289651105587,52.43042198820957,51.76150861014234,50.61636971804381,49.154416948713596,47.58933700522737,46.05041189123959,44.63595422080274,43.42330693059689,42.44788620672351,41.73521175118553
475,0.11856427780568633,300.0,0.0,0.0,0.0,0.0,0.0,0.0,0.0,0.0,0.0,0.0,4.948758015490543,9.625343896772764,16.262583533748092,27.786940767444655,43.454516245627914,57.95245867151106,67.55038694626654,71.4390423105666,73.34568970354448,73.94353622854432,72.57368077459158,69.25231794111853,66.5846741340572,65.57939563666275,65.753531484128,65.76372910610198,63.88851261187661,62.10439742506366,60.79148543078758,59.186102055612324,57.65396364262171,55.83705342172825,54.05596338681005,52.49587798569564,51.18982401552239,49.99448156678781,48.76395796946806,47.470372930963585,46.11425435775175,44.69344862810866,43.19478755630079,41.60512412469794
476,0.06435422587198608,300.0,0.0,0.0,0.0,0.0,0.0,0.0,0.0,0.0,0.0,0.0,4.323590755121632,9.231564400595962,16.306945699544748,27.7896012359311,42.833966041571614,56.958638896678636,66.51766312556788,70.50683492458931,72.86692182623783,73.1807328288791,71.50026177344648,68.56867468021629,66.67441936891693,66.028169652732,65.3474429196004,64.80538380420654,63.767893179996776,62.645645745715186,60.82218409386899,57.42734872082799,54.13677812558293,52.33999990725606,51.096919252411425,49.91608933796221,48.629276549595836,47.29655828633394,46.015004078131334,44.83870416830635,43.8078955371099,42.97217444927524,42.430017142077986,42.29162922664976
477,0.09754790790157254,300.0,0.0,0.0,0.0,0.0,0.0,0.0,0.0,0.0,0.0,0.0,4.608508093036506,9.341187981932617,16.070307010230945,27.420904129403723,42.962172550334344,58.03302624052782,67.96674422575413,71.71173427653699,73.61078322750004,74.08219111340401,73.06872484061118,70.49152807560154,67.93893745237668,66.55096813975028,65.79771976610782,65.76635852936826,64.73692713996829,62.980643963382775,60.24809246932073,56.922237716015694,54.30784674977921,53.0565832872735,52.11454569706259,51.057265890631776,49.777818097178525,48.344440194289966,46.8520656866295,45.35563014370197,43.896129109024336,42.5160898998047,41.279579753458385,40.24976659406073
478,0.12779581473019958,300.0,0.0,0.0,0.0,0.0,0.0,0.0,0.0,0.0,0.0,0.0,4.143084954621646,9.329963753724186,17.225643153845397,29.83131642303896,45.39071906111968,59.5659448702535,69.28205693053101,73.46265168619745,75.78860478509723,76.99830162336747,77.11428879682154,73.0456070505275,69.00770863668735,67.85468167401288,68.81519184811906,69.6040420731068,67.61525332191928,64.70725050659479,61.86464943501058,58.87525889457397,56.59986018336283,55.16886209170109,53.86225546468077,52.50805356222515,51.122265721406606,49.74400904696616,48.406685614811245,47.111769118998915,45.853169382768314,44.613796379148,43.33489502613626,41.95394864996283
479,0.10634607160673544,300.0,0.0,0.0,0.0,0.0,0.0,0.0,0.0,0.0,0.0,0.0,4.135478377294456,8.966960305243115,16.146534615142066,28.093969241581608,43.91565967443515,59.73322899146246,70.84115293792904,73.99921211461397,74.53727561061748,75.8939673965773,74.9648919836449,71.28422535133555,67.77403053397984,66.11078967750927,65.97362557422588,66.30996159392801,65.57211953192179,64.42910280620643,63.30060729791936,60.795538968188524,57.22353848847567,55.12729483836675,54.15993270874681,53.52383531428461,52.663349283295645,51.50768115324671,50.10978435212421,48.538141925313305,46.86058126915683,45.11816367807829,43.27031155470111,41.26690559386339
480,0.07189526434961026,300.0,0.0,0.0,0.0,0.0,0.0,0.0,0.0,0.0,0.0,0.0,4.177643365511898,8.85197128838501,15.940268986232605,27.925266052023577,43.31351762241535,57.13589895292106,66.43844132759862,70.13054166507204,71.26927609130648,71.4190380890153,70.63268745111341,68.3243785101655,65.822602891328,64.06791020771769,62.83613179033665,62.41330955659536,61.43878410717744,60.30181677224853,59.44419961441134,57.563395538498526,54.58291680744393,52.58195617212277,51.44830836198035,50.54585676678244,49.40664996484469,47.98433389198776,46.35636984999363,44.67867208142222,43.10761592567925,41.83543434633885,41.25964850712021,41.8355087238891
481,0.15729312098244355,300.0,0.0,0.0,0.0,0.0,0.0,0.0,0.0,0.0,0.0,0.0,4.502812030141483,9.738826339225,17.52342250958383,30.254268283777453,46.84951448909642,63.14422101654732,74.0686853326849,77.871467669684,78.64783135486333,79.64950118909232,77.73450189892523,73.16041453652399,70.24742377925082,70.01658960583856,69.47684120795637,67.96627882171722,66.07147712881785,65.00091800938257,64.70556907096734,63.23032246585655,60.30944519630923,57.29664357993159,55.131272456968254,53.62571112438909,52.41653207265302,51.24526183242922,49.94369829254017,48.56073309523601,47.18953313851904,45.97514642126099,45.29225834827408,45.565767139757284
482,0.13283973170564425,300.0,0.0,0.0,0.0,0.0,0.0,0.0,0.0,0.0,0.0,0.0,4.177013081495158,8.767762133854426,15.533737709619443,26.635057703840978,41.25768645399111,55.01275658487733,63.89879853724606,67.41479862017893,69.67441058442705,70.14972665014814,68.71736771950148,65.32927797570606,62.958010660101614,61.488394624452106,60.354437555820724,59.73464697831817,59.169693003525104,59.3159952494028,58.96318221183361,56.75342555555023,53.74004900027588,51.46443424538907,49.80970946240453,48.35119899893584,46.807344043992224,45.245132524665514,43.78475392592409,42.47487494706375,41.34436483473148,40.44088951842585,39.89494492142967,39.857497785393896
483,0.08474716391082779,300.0,0.0,0.0,0.0,0.0,0.0,0.0,0.0,0.0,0.0,0.0,4.291474568777038,8.882198107084607,15.76960812565388,27.60824860147133,43.35108007448338,58.232161359954915,68.43988112702459,72.61673636291229,73.89865174136285,74.06911131116769,72.00457658917028,69.3623955613669,67.63286253844613,66.76692020982205,65.48107330350965,63.75762818231775,62.242141108007004,61.46667824055165,60.535046486419844,58.51981022783918,55.59157584196184,53.368283035164495,52.09728922890936,51.24236386980331,50.30311897906755,49.1649795991653,47.833342778190314,46.4067328312778,44.996112496713216,43.7248380686011,42.80150849942416,42.445773370016326
484,0.06881542829775339,300.0,0.0,0.0,0.0,0.0,0.0,0.0,0.0,0.0,0.0,0.0,4.38851443299141,9.231674639709436,16.34982427240325,28.03573006860197,42.971634203592046,56.88786631981054,66.67761903407079,70.54088855624647,72.0762992967248,72.80560557784578,72.03328117760157,68.91075207685796,66.08298303813103,63.962169430875086,62.81530446350848,62.662182270210636,61.34499338505417,60.320833044243685,59.73641034675483,58.49381476478519,56.109141802454815,53.503623708211244,51.51150750514521,49.96629036773445,48.561709151036716,47.21166754164688,45.89613593146609,44.64511702658818,43.496608761134034,42.509575584687646,41.83734576665408,41.65226489022597
485,0.043214872108213544,300.0,0.0,0.0,0.0,0.0,0.0,0.0,0.0,0.0,0.0,0.0,4.47473135813959,9.566651606042203,17.15776927993611,29.599873312313825,45.44432633721647,60.16678201232616,69.77539506912487,73.42802862625507,75.47973363894525,76.61238921049502,75.28799074671004,72.39847440563503,69.66755332306936,67.50849096378955,66.59309063337044,66.3957666558202,65.3427281728974,64.61818076993924,62.954579159285885,59.950860176602156,57.48032152981606,56.00909769519806,54.712721940917675,53.36994868356334,51.985145618389105,50.61206969987737,49.295992676313055,48.02005591872022,46.75460406356003,45.45153597400875,43.986553261333135,42.2337009850084
486,0.1167150051186002,300.0,0.0,0.0,0.0,0.0,0.0,0.0,0.0,0.0,0.0,0.0,4.062065525966838,8.694315622728261,15.782955335517334,27.905310724401055,43.83200785059539,58.59911287507484,67.92874463644668,71.60007950238798,74.50442916047146,75.33776623497879,74.4441159567409,70.90157304155238,68.28213736526625,68.18296724861594,68.02539449676313,67.8446896217969,67.0870783989404,65.82587265149479,64.06906765123166,61.03811916484466,57.506793957582566,55.71445294225365,54.80274484600116,53.96431518110771,52.76615933894818,51.26675181417063,49.62539757490479,47.950906223739295,46.33053152797768,44.82756555615652,43.44918211784506,42.18964260447405
487,0.14318096529472188,300.0,0.0,0.0,0.0,0.0,0.0,0.0,0.0,0.0,0.0,0.0,4.161841890320533,8.963238407517771,16.097836990519585,27.707611590878884,42.693970603897625,57.481880248776235,67.55438755543125,71.08689813956524,72.89023984531474,74.59393692603959,73.48641020195622,68.89090448180173,65.45397866119835,64.88586734444809,65.61238427358501,65.44994264769274,63.729169237914384,62.38657552880037,61.46591488413632,59.772437012137445,57.36063045884665,55.3042460753029,53.605172620313034,52.083488120139904,50.62016107381774,49.163017314508274,47.681833554972144,46.16356981583737,44.600304295443514,42.94506142842866,41.003881878305506,38.588572485428635
488,0.14172877598217246,300.0,0.0,0.0,0.0,0.0,0.0,0.0,0.0,0.0,0.0,0.0,4.938444066412163,9.590644858351332,16.24884062786761,27.518380678007315,42.04961913656626,56.06274543356983,66.65450244117643,70.42441243180077,71.73009940935452,72.73334975149682,71.96838635578278,68.82607253494784,65.11498575853733,63.63008733667516,62.876372234387254,61.593521548870264,60.803032475221414,60.63102841833825,59.72116698301175,57.55571887127161,54.950121122657734,52.60849063912024,50.56374718850482,48.77471430648953,47.22345374538155,45.90606165318198,44.80643947534043,43.84856528099644,42.94789967610219,42.020533060451086,40.96642327159697,39.69089896317238
489,0.15840332179126923,300.0,0.0,0.0,0.0,0.0,0.0,0.0,0.0,0.0,0.0,0.0,4.316394136770197,9.519827968941186,17.315026421290217,29.99108220378159,45.8874215886305,60.602574242624044,71.0077338902013,75.11384908367981,77.7788038031745,78.8137696440794,77.24832970189307,74.51193238333657,72.11068624113469,69.29074364384834,66.68075200968566,66.77949536783734,66.67639250682066,65.48884358669605,63.510215764333715,60.89325278687255,58.16314027849501,55.88954998351152,54.33428444349923,53.254319296987276,52.355710033422234,51.489095547336966,50.56547941549183,49.584620799655966,48.566472870888454,47.529534990254184,46.49168562419921,45.46931002032158
490,0.12995025655892317,300.0,0.0,0.0,0.0,0.0,0.0,0.0,0.0,0.0,0.0,0.0,4.859716622405952,9.770862409850409,16.750985470321258,28.25963457402837,43.175469666009185,57.783846759616615,68.04761636390066,71.86043604105376,73.48283559941638,74.59289546861248,73.21461583000098,70.50645984537734,68.364304859552,67.13523521197736,66.12330707254111,66.12728405650063,65.80366537695957,65.46879580725764,64.94771103339164,62.437594078547185,57.94054918421548,54.62631559530569,52.80414910593071,51.67935407019125,50.594896657718486,49.43080857931898,48.19960859481322,46.933263369731186,45.66548517387149,44.38179207772338,42.89707335663746,41.01240209408826
491,0.0811700170444068,300.0,0.0,0.0,0.0,0.0,0.0,0.0,0.0,0.0,0.0,0.0,4.470140967224013,9.255342796848408,16.258716153309063,27.84993027051104,42.78165710440624,56.629362595136634,66.53486900375967,70.52604065188409,72.07727905626581,72.60639197258347,71.30475728504686,67.70615363218181,65.41517709009597,65.20948717901956,64.3486661972824,62.77546769037271,61.61242071930139,60.59932255434109,59.39927001578378,57.57570249602424,55.338679000702214,53.42890673738793,51.92323121304157,50.67132452988046,49.523021461011815,48.32778466226973,46.9789615528575,45.512241106397674,43.99227446535429,42.46059191598408,40.89228313134579,39.2519153343397
492,0.062211973646191514,300.0,0.0,0.0,0.0,0.0,0.0,0.0,0.0,0.0,0.0,0.0,4.559464125376126,9.362356243815762,16.66777003977143,29.459556430313214,46.08370569282267,60.40555214968842,69.90703602727545,74.16878283342258,76.1277040164024,77.27182187915531,76.04452651034434,71.85788089495114,68.80213300788397,67.76067029784427,66.85943096936968,65.4103160743345,64.35483182955825,64.33566187022141,63.90138011209949,61.54232515200037,57.952272477499605,54.90042108243762,52.81010118778458,51.371059052780645,50.255159465749294,49.27915580758445,48.32508476966681,47.37584253424835,46.437740664924256,45.51183117784043,44.58184406172675,43.628406615754294
493,0.14687369155367658,300.0,0.0,0.0,0.0,0.0,0.0,0.0,0.0,0.0,0.0,0.0,4.913714150734971,9.948195469815031,17.20761912786846,29.415156209701323,45.163903388763465,59.61619640523161,69.54143681977861,73.47462604153253,76.1131534723312,77.63893416509895,75.76842609106248,72.74216382666606,69.83078521641282,68.35361145432765,67.77957845223426,67.46151276933215,66.57965407458597,65.56506105325536,63.60176908084432,60.765393953849475,58.56064690362642,57.16095748807841,56.08668992740457,55.04406174497344,53.85725174879573,52.52351747304708,51.07561542187658,49.526665020502215,47.88529810401259,46.11259738103661,43.994770633942416,41.324003697244436
494,0.15136221972015654,300.0,0.0,0.0,0.0,0.0,0.0,0.0,0.0,0.0,0.0,0.0,3.7016592438129794,8.14351041176855,15.005381733421038,26.655534837814795,41.968813958931705,55.70502505247088,64.65437262972475,68.55773433127932,70.83598164177286,72.59017259159064,71.71289339320009,67.76599622483982,64.93409014371962,64.34823553358582,64.60644655068539,64.61230918541652,62.68600861074755,60.79521773849172,59.98793000833169,58.804927538939815,56.55478637036398,54.1807355046364,52.04475995939676,50.16439009292577,48.522136368306775,47.072833181510646,45.77090441111047,44.58254263663006,43.478663449028666,42.42525950455384,41.36277868322238,40.230377786253804
495,0.11775878162246228,300.0,0.0,0.0,0.0,0.0,0.0,0.0,0.0,0.0,0.0,0.0,4.199976143232782,9.044760431867635,16.22909140982752,28.144975105727134,43.473110072982216,57.48240006602657,67.07243577994522,71.19887732895447,74.23632160986115,75.41461164778272,74.34958725037933,71.56173221965366,68.37447890375732,66.88622419571134,66.1305729758389,64.93590603502695,63.768365020648154,63.47093548565145,62.741808212723114,59.771637895867535,55.55134402018814,52.465146702336966,50.78709587038089,49.850489488471204,49.0513941841674,48.19382086984199,47.214634262982024,46.17746096447184,45.17046984507947,44.289003637606335,43.680183844120194,43.50054134594483
496,0.10677237788009136,300.0,0.0,0.0,0.0,0.0,0.0,0.0,0.0,0.0,0.0,0.0,3.9871990246424764,8.724522386055815,15.94242255228366,27.91127015337483,43.523251146996444,57.870714533185804,67.32077735091299,71.29504047863666,72.91664612335455,73.49453818207559,73.2298075237053,70.4055942381745,67.2138971096654,66.36054173478443,66.52170726450669,66.37648592354726,65.54267615383172,65.50649828157874,64.75730264724899,61.273424575329386,56.811373102067,54.33477407994006,52.86517068709146,51.62356918155063,50.260114449783885,48.8171696403367,47.411143604951626,46.11211610252352,44.973996246566536,44.09116169054601,43.73395390574401,44.22264266259378
497,0.08770300491994554,300.0,0.0,0.0,0.0,0.0,0.0,0.0,0.0,0.0,0.0,0.0,4.085704057641791,8.909265446248709,16.3715279915785,28.78051910306783,44.38822561901257,58.458449613948524,68.30494280168021,72.75408100702799,75.07624018975693,75.21440084358206,74.62359069459623,72.36437218217866,68.23482970051388,66.31410749976791,66.73756174593646,67.71034914100129,67.25701955739389,65.59513971797841,63.18786789824705,60.387195224770856,57.523392127424955,55.67070651626586,54.7641641680835,54.06283178692667,52.930638162132276,51.39325151843844,49.63147914593579,47.81168916942778,46.07968358531047,44.555107569646324,43.32033155353921,42.44519726541961
498,0.19772623613302837,300.0,0.0,0.0,0.0,0.0,0.0,0.0,0.0,0.0,0.0,0.0,4.689514784393706,9.34699839488112,16.080472306406364,27.203333012462416,41.479736042956524,54.68677775033448,63.81995972238797,67.7034385002032,69.56358150739524,70.11112576418114,69.76533189846923,67.30461853697456,64.98803168518178,64.03803104628662,63.61254983199101,63.49297406618826,62.48370656113129,61.24156167044298,60.150643790400586,58.141572651286104,55.00915169753004,52.307576792625284,50.469607561174236,49.13880383158435,47.94980558944563,46.77212107586206,45.54488195682036,44.25052235901931,42.882848842638914,41.43699232721183,39.90901596685653,38.29702137796069
499,0.19378459793881922,300.0,0.0,0.0,0.0,0.0,0.0,0.0,0.0,0.0,0.0,0.0,4.836157820351833,10.046923510708076,17.56352413544991,29.82749549504692,45.56646503430982,60.005268797283016,70.03045036072868,74.33483390986757,75.98964212193138,76.46139135454852,75.31030724124523,72.10858801034712,69.5227238102102,68.28435154968214,66.81811513883643,65.93396503341182,65.36324366144652,64.98157874561541,63.43372873699975,59.600080647500036,55.217448391661705,52.876258554283154,51.893278528295205,51.26750091954153,50.31922405013228,49.02597109859762,47.52031327287751,45.91894504605539,44.32446432498418,42.84333542630091,41.63453998041544,40.85719423184265
500,0.18650929064060937,300.0,0.0,0.0,0.0,0.0,0.0,0.0,0.0,0.0,0.0,0.0,4.718049061031478,9.908185749840039,17.380165231012672,29.54264203116683,45.0377291048204,59.18377612053154,68.5368228849325,71.90727331646943,73.63610345636451,75.29057042813184,74.24087626874208,71.42051362029396,68.04429547322854,65.80972651842062,65.36069147560234,65.57867130375593,65.48931781023254,65.52199138232464,65.17597740730115,63.01729901638699,59.38146214814894,56.13509722766855,53.7728691116802,51.96488593786402,50.376443836154266,48.90509412330178,47.51910666752693,46.24228955520024,45.108198801150245,44.156381557737106,43.46088973830455,43.1028543369589
501,0.06458109012872806,300.0,0.0,0.0,0.0,0.0,0.0,0.0,0.0,0.0,0.0,0.0,3.982942138927478,8.805855469475452,16.07769140653112,28.151325256444668,43.55503631517789,58.12683917758498,68.46377462843935,72.5353077072458,75.45888552150404,76.28218363887844,74.34338447923277,71.74410554738378,68.8200387210738,66.90048582365237,66.09648892555283,66.04532974356646,65.54776998288018,64.33746457993283,62.34798786976245,59.71970404262293,57.00769771501928,54.746182237287236,52.99663798708355,51.54393575712381,50.18605047455257,48.868036333074464,47.575319739231766,46.31289374620997,45.08920370626161,43.900990565531124,42.70479294767234,41.451837853855025
502,0.08874673727417977,300.0,0.0,0.0,0.0,0.0,0.0,0.0,0.0,0.0,0.0,0.0,4.014234978141661,8.916251482281016,16.451932617692197,28.81557356017092,44.73041754087995,59.319399157835065,68.6851420041608,72.88935285594636,75.98480557387046,76.6504696828387,75.22794755313852,72.56697659117597,70.15693930764951,69.779455723596,69.53634225154828,68.51378710940872,66.98584493987343,65.49819362071781,63.500581030431725,60.19959423030062,57.121224767250844,55.43422878663289,54.289129623642886,53.20137710604914,51.96691283433236,50.60452545270055,49.1793081940387,47.73973110514877,46.32628651613546,45.008938819676096,43.9840632489775,43.465867431788446
503,0.08671317880457956,300.0,0.0,0.0,0.0,0.0,0.0,0.0,0.0,0.0,0.0,0.0,3.9629814024261947,8.802031032803024,16.150994734708735,28.110006986788,43.41947936163843,58.31628535272336,68.69196172516497,72.31986008207099,74.08457617105098,75.60103949683192,74.14303762975982,69.8643402721309,66.48572773811236,66.25305387604321,67.07548103054819,66.45886291655772,64.43341287640777,63.52515301711662,63.02531464360729,61.243287438938886,58.35585916081429,55.74287312083957,53.80234329393574,52.35039586942296,51.15272556337028,49.98288374550226,48.67383770281658,47.24457776353139,45.75436914786245,44.24408516195715,42.70267003439739,41.10968298176767
504,0.0767378727611029,300.0,0.0,0.0,0.0,0.0,0.0,0.0,0.0,0.0,0.0,0.0,4.632219177597222,9.490779320847277,16.51813601600424,28.30825318226727,43.90157912696961,58.95441861586352,68.8186645203214,72.05219891640245,74.02630130146053,74.12287052976218,72.87322796616081,70.81363358159597,67.64307186362804,65.28182943688327,63.903996791084026,63.62466886119468,63.00416806683271,62.24909488138129,61.09066662376885,58.32412220197755,54.69209867487803,52.29094951342976,51.02957576157006,50.17131014095106,49.140381361741866,47.90596868945758,46.56552485720783,45.214409757035945,43.93909501103082,42.85950415522894,42.255320619871306,42.44310347244124
505,0.17770413227261167,300.0,0.0,0.0,0.0,0.0,0.0,0.0,0.0,0.0,0.0,0.0,4.625066115433365,9.613540523755157,17.135526651765446,29.661398952577102,45.673004999163226,60.97456411525395,71.93496232333884,76.02137549942454,77.71941298091141,79.79119409122231,79.42981876036559,74.31317058448501,70.12684006054107,69.49489214970731,69.30790107647806,68.67641061636066,67.54832547973805,67.08824575005141,66.35537818167117,64.31688455875063,62.18738381191703,60.38683110297606,58.57456626303063,56.68086892462509,54.74688612324169,52.867259374311864,51.12619883146847,49.55183119293798,48.15740517165934,46.97919596023593,46.14777780453742,45.81291093565744
506,0.11763990796819357,300.0,0.0,0.0,0.0,0.0,0.0,0.0,0.0,0.0,0.0,0.0,3.9995426034411765,8.696142719913569,15.811832095741147,27.648798502684574,43.13311445667986,57.889004536351734,67.17898797002834,69.9766354690824,71.82245270548984,73.99851393910949,72.82736949179652,69.22651984065753,66.1035088816109,64.17215030353638,63.81924313300387,64.58275807154133,64.48314480962428,63.54136444653934,62.36241462367961,59.61580713333481,55.663675034010524,52.79590963986009,50.95282821825184,49.59247780054071,48.33602270435151,47.11332059641503,45.92560832018219,44.7714493036863,43.64848987129519,42.57914762624876,41.68125451049626,41.087471381397776
507,0.07120415624457116,300.0,0.0,0.0,0.0,0.0,0.0,0.0,0.0,0.0,0.0,0.0,3.943269614230148,8.673810785962127,15.706689197172262,27.076319965005528,41.701182708432036,55.37779030552253,64.87246094701494,68.96087386934511,70.76738703864962,71.61547713343342,70.89515741942112,67.81805904903685,64.68662179983852,63.860939445708745,63.46740154582691,62.692804216924124,61.32392382175779,60.21115076764465,58.68614662686191,56.24464278635515,53.78365306881157,52.23525208269706,51.297082265612055,50.43148378765553,49.2458775991564,47.78098516907778,46.18158441932284,44.60387070308926,43.1903215094921,42.117979691455304,41.75752218923059,42.5446589830617
508,0.1257636133219798,300.0,0.0,0.0,0.0,0.0,0.0,0.0,0.0,0.0,0.0,0.0,4.144817346182564,9.178169404671353,16.995156459367944,30.010439052134114,45.66037545284093,59.40808807914557,69.51312974350114,73.90325453752567,75.05660208669816,75.07677674839891,75.21396329813295,72.738481915739,69.22774114934599,67.69961391074901,67.7378736183084,67.52818455874092,65.99837981358337,64.75943698563468,63.82343079266081,61.59845385598207,58.31861762006515,55.74897942053518,54.12116466073254,52.98726687790889,51.94224518288016,50.85376343234523,49.663833996933626,48.341980185470995,46.867503227342326,45.1710964831646,42.99440610800647,40.09869608806925
509,0.11758780893751326,300.0,0.0,0.0,0.0,0.0,0.0,0.0,0.0,0.0,0.0,0.0,4.213302939350307,9.002563064507598,15.885022248604827,27.020685611182763,41.867926321947856,56.86671816197209,67.54090267374372,71.28569944072166,73.00271699714779,73.115479053048,70.92177010397087,67.76909323560152,65.39534742105047,64.8770793629835,64.59889572949419,63.53176594170941,62.37526142742147,61.91046019413314,61.263322194489874,59.144506224222155,56.235726671975264,54.34789653538972,53.00429166681434,51.73571012862535,50.32605905383828,48.85148983488555,47.43107453997323,46.11360848555031,44.92818539908802,43.89229158866203,42.98936646101017,42.196428408585064
510,0.20105329760490145,300.0,0.0,0.0,0.0,0.0,0.0,0.0,0.0,0.0,0.0,0.0,4.454614148030102,9.393840657972017,16.75318530470113,28.8795079738523,45.3141071214433,62.10576263627614,73.19954873126423,76.79277662809773,78.74096211823564,80.1042034016144,79.29175774840934,76.10203047593927,72.39607906242118,70.70240501563052,71.1187140051737,72.35387447717855,71.76534730940486,69.3748313106864,65.6095806068651,61.29405638160331,57.9429855151098,56.07835755563689,55.01292188862323,54.201647869671156,53.28427867570564,52.1787715721721,50.887606842804715,49.471976773630836,48.002072041407935,46.54328806872264,45.16287582317842,43.92223226928956
511,0.0726374597001086,300.0,0.0,0.0,0.0,0.0,0.0,0.0,0.0,0.0,0.0,0.0,4.522035028424299,9.25398276292136,16.22156692189341,27.787699741394547,43.10649808333044,58.71048517609557,70.17846089387542,73.98753823766495,74.65363193755613,76.13582075219408,75.46112759353264,71.01134629498424,67.64241193555817,67.5004056544724,67.64875324808415,67.37148287386248,66.64893908212565,64.92284285281565,62.720810281887225,60.16546159233323,57.1886177824362,54.55343629022763,52.762628618307936,51.49796264821767,50.36791338684418,49.250539856223284,48.10555063881191,46.95361906315747,45.82721634915324,44.78071886721852,43.96288342061107,43.537777901141695
512,0.18581981708688658,300.0,0.0,0.0,0.0,0.0,0.0,0.0,0.0,0.0,0.0,0.0,4.227459228255067,9.147379762643203,16.585407057465844,29.26178709663949,46.332332191110034,62.762936455943596,73.69661760399289,77.2914853862988,78.10273832946945,78.52956312431752,77.7829736682114,75.55173684649318,72.1574469068162,70.13171225666446,68.91899793975666,67.39590961651092,65.56312629630241,64.1445196556141,63.08787695414175,60.86034737789886,57.69591033204503,55.60810580989206,54.58683000287677,53.95516912956242,53.15716641158458,52.0992350431242,50.81768320861084,49.407895130029225,47.971542021324716,46.60327315284195,45.402050097354845,44.46053757595511
513,0.1424703197000855,300.0,0.0,0.0,0.0,0.0,0.0,0.0,0.0,0.0,0.0,0.0,4.535672570643493,9.379650018699442,16.26733786225915,27.640229739575293,42.76171053027664,57.34200794733678,67.77985156777372,72.28508194060514,74.993520916514,75.30114824934438,74.4913698078599,70.88993633777459,68.27693003889446,67.14729862982915,65.06594285871671,63.458652409484095,61.90173005948044,60.67310750786133,59.76277374104065,58.13598230028025,55.66633408026753,53.67713758545016,52.611996784994815,51.9404161886972,51.09473224036615,49.93939256431556,48.47867595958213,46.83029767245388,45.12761116981005,43.49384177287304,42.05997307425028,40.94616675262245
514,0.07621812840465476,300.0,0.0,0.0,0.0,0.0,0.0,0.0,0.0,0.0,0.0,0.0,4.51885495076622,9.631743120288942,17.02118865839334,28.85149970974713,44.17779610643601,59.31309621207083,69.4874464038044,73.58732929146713,76.20719369485971,76.96513391594458,75.32718362107185,72.06503070044113,69.79419400212407,69.65938517750473,68.72101919208083,67.1103122721287,65.55274560462473,64.50992480492344,63.411060647148545,61.18199500410012,58.004929028044565,55.257514048116114,53.273673979501794,51.76897802617603,50.451023652996334,49.182171235225645,47.88978024010823,46.59399521260428,45.33340455502355,44.14944908489667,43.10765564226662,42.274506275460006
515,0.13310266335909238,300.0,0.0,0.0,0.0,0.0,0.0,0.0,0.0,0.0,0.0,0.0,4.1647127110324655,9.001342650678358,16.267636864037893,28.577878251433592,44.90245238638921,60.06917182985262,69.45490770857846,72.80395211976801,75.38653726319346,76.90362845069524,75.72857533740421,71.08275021843517,68.04559841200444,68.33670047815785,68.72565326135208,68.2177382860834,66.79792689299175,65.42158524553435,63.438278809874426,59.63218158276201,55.564440928438636,53.40914302601083,52.42061132165091,51.8644832759767,51.28460363855566,50.50804314616587,49.45894848737612,48.15661845314158,46.64407167943036,44.936401325794634,42.94627639088416,40.585681972678444
516,0.15535982094357192,300.0,0.0,0.0,0.0,0.0,0.0,0.0,0.0,0.0,0.0,0.0,3.93697139337189,8.67902408902692,15.893593431889737,28.25881105718243,44.589249941309475,59.21600507538807,67.80094816291493,70.91679456286919,72.4899235628232,73.63815531998631,72.96014063117687,69.33687842533485,65.24801612843068,63.361109404897604,63.64717959094763,64.98313956135658,64.21412942392988,62.87271667443836,61.20401621420939,58.860004313154896,57.12256164719611,55.76087468491434,54.08759377494712,52.19338537896502,50.30585162055091,48.47730027889932,46.72877624246525,45.12271005838279,43.72330922704506,42.58410224719724,41.74375774350815,41.238859976033346
517,0.11999435240099957,300.0,0.0,0.0,0.0,0.0,0.0,0.0,0.0,0.0,0.0,0.0,4.533437302824671,9.20881919851692,15.908779058022645,27.311321650653372,42.97357340062032,58.36679547364427,68.78033658179675,72.30421874812743,73.06267725203189,74.00335324445639,74.60936980695092,72.0136946783501,68.60843475163627,66.41619057122071,64.9300896873357,65.0627161365913,65.00134270001425,64.31392027467511,62.036187967903096,59.202241122464635,56.95114967820693,54.86042508961061,53.31097297675788,52.05344956467502,50.71583282517634,49.27062592777877,47.77186718925723,46.28031262131111,44.852284779318026,43.54397952442251,42.43257567841382,41.59478842933774
518,0.16482748229084257,300.0,0.0,0.0,0.0,0.0,0.0,0.0,0.0,0.0,0.0,0.0,4.310967279720361,9.401813624760695,16.885276305931743,28.867248833836964,43.95061259002958,57.68493957879534,66.72053230142946,70.45293808246805,72.81157490104984,73.16525543608965,71.33593353709094,68.04654585107878,67.09527726381826,67.56866308247278,67.6681621704595,67.54443974295933,65.66535599834867,62.70495571733457,60.313951402965465,58.09697610662821,54.99914858619323,52.38902994493548,50.98175482564009,50.192387168873914,49.370745024246744,48.399871052139055,47.30134786715203,46.13431525864206,44.96215652396107,43.800169650551574,42.49962452486061,40.89151839511147
519,0.10082278570232396,300.0,0.0,0.0,0.0,0.0,0.0,0.0,0.0,0.0,0.0,0.0,4.798096445868055,9.785165290706201,17.13194352084325,29.39092453400842,45.47587896447297,60.9241839434648,71.4808476512114,75.38534452547752,75.94780517237783,76.2007832190637,75.31221128503374,72.34174158820356,69.71312505685928,67.84644884825563,66.90625872196804,66.15837011255749,64.62820782530343,64.12324303384936,62.95814670567637,59.82009290147471,56.81587117830193,54.70355575799671,53.27983544444746,52.16991055758592,51.05524551127232,49.8214014699844,48.43449764684993,46.96825960835801,45.513845493865475,44.13552764021286,42.82729022316107,41.56819291643609
520,0.05623820841279117,300.0,0.0,0.0,0.0,0.0,0.0,0.0,0.0,0.0,0.0,0.0,4.250503506058272,9.18403603993887,16.49637911987577,28.36824932821367,43.43761591375661,57.426032061649025,66.8166832316701,70.42105068909265,72.80844986620113,73.59244830242939,72.52186176821982,69.73022922489139,66.50640233057332,65.19607352177574,64.6459851374607,64.1802058909117,63.872433961411794,63.441193097938665,61.810636949054455,58.58963440484921,54.75907133382302,51.93836322654395,50.32166183011173,49.338320448301154,48.46814611620299,47.59471081002403,46.698188937997,45.75960234717934,44.76118010884432,43.65816515157678,42.300114152358105,40.53309838967512
521,0.17494931615691064,300.0,0.0,0.0,0.0,0.0,0.0,0.0,0.0,0.0,0.0,0.0,4.653634128618105,9.62621152643995,16.811721979995834,28.537109284159456,43.77141953178702,57.973653950483225,66.99514790946299,70.81162662866272,74.60785089011853,76.41212837267778,74.32697730563038,70.57031384286823,68.20119547747194,67.20814782574536,66.09741683661787,65.74659555274978,65.57794903039671,65.46291023291973,64.44433975371967,61.881148235674075,58.4059523486652,55.27977566206245,53.34748618095768,52.185364336976164,51.21773681404512,50.177592892483545,48.92320160537013,47.4882013651564,45.9443221894954,44.377176350052004,42.94155425384869,41.79198040978144
522,0.12181883760034766,300.0,0.0,0.0,0.0,0.0,0.0,0.0,0.0,0.0,0.0,0.0,4.790484345380467,9.81681722128284,17.295096898730943,30.054936179689896,46.90476685376831,62.06756464845401,71.94814635406216,76.50028977942175,79.48584101853818,80.13944505844438,78.69335477346014,75.02937034045809,71.44451229434186,69.31311946267931,67.9935688673774,66.98795206424936,66.15728079679475,65.54613342582131,64.45702137594598,61.66134072620768,58.50814217729769,57.11000984798652,56.230493543819755,55.19407694742912,53.801565749204435,52.222061819007706,50.66679998913668,49.21917388325516,47.9273130711603,46.805777784045034,45.757288480611905,44.66597256297035
523,0.14587948479598103,300.0,0.0,0.0,0.0,0.0,0.0,0.0,0.0,0.0,0.0,0.0,4.457946516583307,9.166177611822617,16.257113438013082,28.165558221660095,43.40309200048166,57.89302353959435,67.75392903558487,71.34520214529708,72.31151889610902,72.13143720078094,71.26542785270519,69.04130043828614,66.26032156093677,64.69628678492796,64.643612517815,65.8308922144913,66.23594925408453,65.20515396056153,62.516005860459735,58.41008698305022,54.49910450584727,52.201479683504886,51.05532821749219,50.37962329206701,49.67527808474561,48.832920596560285,47.84570756500112,46.73474278611096,45.52685675454587,44.22449707118153,42.743007524470755,40.99087087569781
524,0.12040785911554681,300.0,0.0,0.0,0.0,0.0,0.0,0.0,0.0,0.0,0.0,0.0,4.576525376415388,9.687751875833383,17.4414380043879,30.312324086958842,47.02384670240001,62.285452769503905,72.50195980422384,76.97200598386631,79.98474071942097,81.18812284703168,79.56795945040615,75.39203289530211,71.99080679795951,69.94238362450342,69.43567989122215,70.28655255443213,68.81309242564605,66.52791934800754,64.97001498165098,63.34590103328121,60.909696890750546,58.4167712004679,56.598806065142384,55.157163333786066,53.67765096193612,52.090272087388286,50.42250613874824,48.761497626634636,47.19842576337905,45.843113991092075,44.9128120351407,44.64325233269312
525,0.16922358073092272,300.0,0.0,0.0,0.0,0.0,0.0,0.0,0.0,0.0,0.0,0.0,3.8550586224277925,8.789674532115379,16.341573355772617,28.65488987632459,44.871027754269214,59.91272607512168,68.9683088650144,72.43504618148646,74.52109421734596,76.65676150811045,76.24945535842593,72.88766243405885,69.96719804988925,68.47247854953896,67.39069725182475,67.09233299050189,66.66771799500685,65.94069314173737,64.3312387587895,61.390110583010106,57.989013112488,55.71626812807273,54.47484703730639,53.70177462128407,52.93402605868001,52.01655769007254,50.89626599330706,49.6147800956887,48.23340676333719,46.773000016352,45.11670376994561,43.13480983209666
526,0.11150542053633748,300.0,0.0,0.0,0.0,0.0,0.0,0.0,0.0,0.0,0.0,0.0,4.130110360530926,8.86306699982735,16.00520601370403,27.41662200600935,41.69583122548939,55.311201048886645,64.56267096126109,68.1284440079707,70.75750705705866,70.78085074474208,69.37165056935736,67.32198812177815,65.08529180122595,64.08735592855516,63.30670547616842,62.95146539788668,62.373912577904235,60.48132428886257,57.84599763663628,55.54478329531165,53.50810120814418,51.94639211179238,50.58587227677469,49.15006289185991,47.50186245198582,45.82122251971967,44.3016013217206,42.973692624589944,41.83097765695622,40.890682432800965,40.25912108300924,40.06258766750966
527,0.08872260200989317,300.0,0.0,0.0,0.0,0.0,0.0,0.0,0.0,0.0,0.0,0.0,4.07959519941165,8.763666761904588,15.904772976577439,27.717615210358193,42.88322578299544,57.77579143590569,68.14865456554728,71.88480460752504,74.05630300420948,74.97170737814393,74.16687507029975,71.7357205938425,69.24013570733979,67.31627239628561,66.1313070791261,66.14332305171156,65.70651776820837,64.28052455375084,62.640384399497904,60.14790353155305,56.45145917680758,53.384558170669834,51.5871438820998,50.53823893607357,49.67081938066679,48.74958632860528,47.65982251607107,46.43010038602041,45.12011055280836,43.77881270678821,42.42920258751491,41.08660351490078
528,0.1279213084143237,300.0,0.0,0.0,0.0,0.0,0.0,0.0,0.0,0.0,0.0,0.0,4.31747099234608,9.168605359430753,16.4599497330559,28.806296841330916,45.34656419454672,61.26902197261937,71.79547429439756,75.56251765749245,76.63047773293792,78.80521368772126,77.97758242060705,73.00325768967139,69.1346980188737,68.21571670628803,68.13267179549804,67.85699692065586,67.49377134822802,67.3020717997345,65.87667240149341,63.1203858791044,60.4803461490962,58.3648533551926,56.61510880897963,55.0670467182958,53.593895519585125,52.12586104116329,50.62741726272107,49.13193740942881,47.68452220953636,46.32655457527231,45.10187663316453,44.05136152608961
529,0.0944457039611544,300.0,0.0,0.0,0.0,0.0,0.0,0.0,0.0,0.0,0.0,0.0,4.32261162484183,9.449025122448468,17.40211666896635,30.449792647835345,46.58190973301091,61.45322320297351,71.85260414598812,75.7954629022292,76.5072732374196,77.3590512573135,77.2911878726822,73.88297433297882,70.14580016374265,68.45441259028568,68.67524192125192,69.22004106285935,67.9670084969928,65.64103460885572,63.12274968020052,60.479042840958655,57.95086988898379,56.391315097538175,55.32235392068886,54.29008453670104,53.027460723466916,51.538936545226534,49.90040020094893,48.21476258327117,46.58076128568469,45.10184288278262,43.93778498946721,43.251581574352144
530,0.08883546171822171,300.0,0.0,0.0,0.0,0.0,0.0,0.0,0.0,0.0,0.0,0.0,4.597698595280888,9.46265480200493,16.47403483775609,27.975359151108123,43.079071423630786,58.049501718288255,68.71619644219105,72.72851288712717,74.6551853814589,75.21987191317268,73.07766188699941,69.33657562427244,67.11779178217729,66.74914683123409,66.18506639892456,65.33410621041558,64.8921910176936,65.0002202496895,64.10538664063931,60.954743356570134,56.994745954482674,54.71206826326029,53.30815518282386,52.07751256195604,50.67782873184672,49.15456367613392,47.62510597934581,46.15529076860113,44.793350243801314,43.60471701277598,42.73956463717735,42.3625201585315
531,0.16349520798916883,300.0,0.0,0.0,0.0,0.0,0.0,0.0,0.0,0.0,0.0,0.0,4.3091486761041145,9.0197602660221,15.986314458523486,27.910434323461434,43.823713845217604,59.07833172186017,69.76475529854012,73.5961268468456,75.34033882972084,76.49955745647547,75.52293738735072,72.36285668745916,70.56616343492011,70.2637192570348,69.45694577088074,68.43973579911498,66.71384613227961,65.26519620101267,63.60043633852898,61.69525227646343,60.162294817188545,58.39750551985557,56.26673406110085,54.02440466208818,51.91148483177509,50.03630095250673,48.44323866272385,47.07620619411717,45.862672346571266,44.72970965876767,43.580768232402825,42.32141904662712
532,0.14263719737846794,300.0,0.0,0.0,0.0,0.0,0.0,0.0,0.0,0.0,0.0,0.0,4.264394224871591,9.080885460044206,16.144470198741427,27.682506394625403,42.637895195153625,56.96348865581186,66.39920375243345,70.10118888783147,72.55220980057744,74.61733503497138,74.18796014196029,70.46084289358,66.8412644139896,66.14841341663008,66.13807855854613,65.07197177260068,63.48694597299484,62.96125892652912,62.725930721585186,61.368784987936834,58.49673543514649,55.36852536617004,52.92635246968366,51.125596407565695,49.74964086574383,48.60650565127429,47.53801760934602,46.46020690636711,45.31087589448489,44.02653804684782,42.523404071146246,40.72644776459599
533,0.10416635629150653,300.0,0.0,0.0,0.0,0.0,0.0,0.0,0.0,0.0,0.0,0.0,4.836781520419353,9.853229767629719,17.133386222633707,29.319660868241623,45.39186424870635,61.04103282316876,71.98013522358723,75.84672511192979,77.09253136441664,78.2539287735609,77.04194520505224,73.84535676853233,70.06845729893965,68.0562098566319,67.90943645006936,68.6166927228993,68.09960337786642,66.85234429584652,65.21099634366456,61.99069675605843,57.80943138619373,55.27675895361557,53.970856219556524,53.125082158314285,52.22422136832175,51.127499476302866,49.806970356371366,48.30874537322353,46.693430128748865,45.004435197523996,43.23516710170456,41.371010240589385
534,0.15586341987294852,300.0,0.0,0.0,0.0,0.0,0.0,0.0,0.0,0.0,0.0,0.0,4.222480701858279,8.625079075097958,14.928440109498414,25.809560962345124,41.20624806291741,56.73071134297277,67.01106731744888,70.15482329269541,71.74267349000687,72.59577681696709,70.69767852296371,68.15468394473366,66.64587686119448,65.72691380243376,64.17069717910506,63.30444647381726,62.51412008897293,61.97776055748803,60.283720406887355,56.41708776132235,53.115435034452965,51.94383870255935,51.31392170560087,50.534358075023846,49.41269558075019,48.06975577935219,46.664155612787056,45.23916364829363,43.80910152908608,42.370870864794924,40.861610387934405,39.21365841276557
535,0.14296254935316352,300.0,0.0,0.0,0.0,0.0,0.0,0.0,0.0,0.0,0.0,0.0,3.8004213529803126,8.295572309351215,15.18030134252039,26.713436010353835,41.447616626615606,54.924677417787755,64.20406681107917,68.39849480557221,71.11758164459229,71.13491214995334,70.00438359476058,67.67036976607295,64.75244584857539,62.362258091018155,61.50400830671706,61.37511103414459,60.09671552406068,59.56273290219106,59.41660135234965,57.36747833436492,54.029031312554196,51.865545277478354,50.7951666305782,50.11508513082362,49.284962192339975,48.22061707060647,46.95426345152611,45.535409330774385,44.01479790039017,42.4153456273294,40.66878569266719,38.699907012651934
536,0.14209259947636896,300.0,0.0,0.0,0.0,0.0,0.0,0.0,0.0,0.0,0.0,0.0,4.281851339806524,8.697777450325423,15.277842313223676,26.604478041353843,41.903697779379094,55.92824451981677,64.35498589120714,67.43448560451056,69.99338462174752,70.23960205933291,69.13978138146462,67.01956749300288,64.46181706362069,62.652996339749,62.29566850503894,62.85826092528079,62.109491844061395,60.945050621992024,58.49108291150373,54.779635796574745,51.8405698483517,50.108125496478195,48.8492336861261,47.67889862083653,46.419953423539376,45.129779853032225,43.906648168784145,42.81591711904134,41.91083823070823,41.25669858728303,40.980346614271724,41.22871264390995
537,0.0730325890091824,300.0,0.0,0.0,0.0,0.0,0.0,0.0,0.0,0.0,0.0,0.0,4.034765829469662,8.850596202242844,16.019638104730166,27.84224708408075,43.06206135537614,56.619484721626684,65.44071805894175,68.88800426636155,70.99374891207329,72.19271960059545,70.93114088659725,68.25063600387725,64.86306188118532,62.24915989690365,62.004211531889936,62.6996376142065,62.07489269398974,60.982922313352326,59.37266350616634,56.879402988891094,54.24386185570223,52.322546726958905,50.786965457460525,49.44951765110514,48.24499668246714,47.133698804444045,46.08427157351838,45.06996532464403,44.06635425198234,43.04991693132369,41.996035389027604,40.881762339543265
538,0.059896325888312035,300.0,0.0,0.0,0.0,0.0,0.0,0.0,0.0,0.0,0.0,0.0,4.4655397411526625,9.474761631639467,16.735682578120358,28.78046351760357,44.60587552849953,59.660700459089774,70.14679990746818,74.59945936454135,76.76559946169172,77.38316473614938,76.47707858624662,73.37016846517403,70.104980479347,68.20461676734968,67.78102983024907,68.01551871430804,66.6311631723576,64.06216869886997,62.00493885846265,60.48596749381146,58.30603073702548,55.56387724342127,53.48514388688351,52.067581920510285,51.00644464379475,50.087060117927905,49.152387444637604,48.16251177055244,47.10639643352645,45.9329897924935,44.43794677330876,42.411767307953
539,0.11423779638967158,300.0,0.0,0.0,0.0,0.0,0.0,0.0,0.0,0.0,0.0,0.0,4.776177208292856,9.689953118503395,16.85067424154268,29.041760576831155,45.623404107342466,61.71283900577363,71.41694776823074,74.94817808905982,76.99347044235914,78.45675773855767,77.4767094951717,73.37315037953555,69.86132366611174,68.49595403816615,67.3402971741638,66.5894868986393,66.43318546281671,66.94434828242798,66.5733365022875,63.744968140403195,60.00720499443433,57.3982421986842,55.34702950136465,53.52000809398999,51.82702290660836,50.22740887636908,48.706323520628445,47.29823833012068,46.04480314974112,44.96981843126849,44.04342017920103,43.22589295048267
540,0.050800693875813055,300.0,0.0,0.0,0.0,0.0,0.0,0.0,0.0,0.0,0.0,0.0,4.353635323204049,9.044072333683827,15.901409826219004,27.495511082361112,43.09196422755076,58.265548153289814,68.14536236095395,71.38525134966855,73.50597668512636,74.21240973473498,72.12462439750423,68.799494300057,66.66061191658018,66.02897857161528,64.80442426322706,63.21067441124666,62.44615900927866,62.11409059406374,60.96475054388574,58.206740433528836,55.36827441241659,53.58169335624405,52.263388007660474,51.081343138895335,49.8992289228743,48.68019044166671,47.42272250310915,46.167771671808914,44.96209840275191,43.85403685389958,42.913595924942584,42.21180676934408
541,0.11653898898463516,300.0,0.0,0.0,0.0,0.0,0.0,0.0,0.0,0.0,0.0,0.0,3.810449312750147,8.570018346455342,15.940981692749748,27.882186645761795,42.77208516733972,56.60380946055778,66.00941925505632,69.49748565463432,71.99076097344471,72.94148412677421,71.72300600745137,68.66985340924654,65.69738544861876,65.30361423859458,66.06265995300141,66.48757230300157,65.05223727323363,62.993940182980154,60.59170609284685,56.966706000742704,53.52864537755145,52.012325725822706,51.42620294954196,50.9869145285054,50.25288971700057,49.200074692300944,47.91307517893904,46.49510872782567,45.045669420730206,43.63701563941191,42.27031873722771,40.931163882493756
542,0.08873931992038521,300.0,0.0,0.0,0.0,0.0,0.0,0.0,0.0,0.0,0.0,0.0,4.110763816810063,8.748643590253748,15.642932424138282,27.326530990540974,42.96494332338053,57.91431421262015,67.11793048930605,70.42250413106994,73.0689421894694,73.66766125923665,72.29682651670568,69.32258142671967,66.66100553796139,65.44874720799683,64.98511561433887,65.57893765954746,65.45496327389738,64.37263976278754,61.879821551518134,58.516079047414124,55.447945518667474,53.34321454231785,51.83656373826831,50.483073356108406,48.98654104343544,47.389963499284086,45.80953812520928,44.359885690055044,43.14416088511735,42.2725237735092,41.920064610052975,42.28759583845722
543,0.055612419026600544,300.0,0.0,0.0,0.0,0.0,0.0,0.0,0.0,0.0,0.0,0.0,4.287281943040843,8.994033431525123,15.898315882150419,27.409306185609,42.72180949758746,57.5571541656036,66.89446475984684,70.10438839410793,71.53897718193092,73.23210484107864,72.83784063077175,69.21094084693483,65.79905002654263,64.2204417011269,63.90054201332925,63.83596743473478,62.5789174088399,61.340935150060986,60.1668474471552,58.12018471290122,55.27568420045766,52.934196213944205,51.2568086372858,49.97892334668285,48.858242179651995,47.738738122585346,46.52128252826417,45.22575891944903,43.89707085296252,42.5693996480934,41.249822121580586,39.9388468948424
544,0.15625441649273927,300.0,0.0,0.0,0.0,0.0,0.0,0.0,0.0,0.0,0.0,0.0,4.534246858485062,9.132479990110847,16.103292857159357,28.378270667114442,44.84911718843255,60.02056234807138,70.05578757939392,74.59328481490707,76.63379850262467,76.8838015459604,76.09372521658042,73.89628650498662,71.21514896597203,68.88645616691878,67.02523700110343,65.84972122489938,64.24913086291564,63.531302161844536,62.956470595947664,61.200517112956085,59.21910572294759,57.45881526237714,56.11019846823451,54.952489739115585,53.712403891940106,52.27745636835662,50.62020438497772,48.868549492455394,47.17166552441352,45.67948436798896,44.60396730010305,44.162677618692186
545,0.1370368342193974,300.0,0.0,0.0,0.0,0.0,0.0,0.0,0.0,0.0,0.0,0.0,4.11560801793535,8.941908652801,16.09692152748359,27.808202539066293,42.78823902787289,56.271795765503235,65.54796675709221,70.0006531151375,72.97472801203062,73.47620027829049,72.46871825540285,69.4203684099205,66.16033606479209,64.9314244212522,64.7440391231087,63.81223821751456,61.62955229739185,60.765357348092095,60.65449326597843,58.53103236832463,55.36443460022724,53.73341365342136,52.90372238816498,52.223810133224106,51.36758060560589,50.277689830427235,48.9742090765423,47.51634311234338,45.96847591748877,44.40324946729649,42.94072237659187,41.69899135555578
546,0.09706339280047172,300.0,0.0,0.0,0.0,0.0,0.0,0.0,0.0,0.0,0.0,0.0,4.26740905372039,9.126689460680403,16.335434067491153,28.20320708986754,43.622876141569655,58.269631899375405,68.37460130792113,72.03624923908149,73.45004469558064,74.44213864832099,73.01257802387833,70.78991330958677,69.18142505643172,67.27996554460758,64.92113890378687,63.69442471506324,62.68810816084397,61.56751190036097,60.221991655906805,58.50010146402491,56.56371861469069,54.42310379099762,52.41054715369134,50.68294220968717,49.28305437820847,48.11541715714779,47.076718163263315,46.13125337733253,45.260191573237016,44.46234985348914,43.80183273617193,43.35549756020511
547,0.0966809463209465,300.0,0.0,0.0,0.0,0.0,0.0,0.0,0.0,0.0,0.0,0.0,4.666130706746305,9.451053454036996,16.297393022373402,27.695259587713817,42.83498840383187,57.94739152024177,68.60002621286556,72.13291134483575,73.38673423037942,73.74762845536526,72.1827574683148,69.84468587324649,68.33102349983459,67.34332536594435,65.72120659224905,64.13779517803687,62.9250998298798,62.92588944060878,62.3887948280906,59.6037759848544,56.3967491027485,54.743266646687424,53.59662346038607,52.30243053308766,50.62666996438015,48.770923817551015,46.98929591766083,45.41609133235131,44.147104393912336,43.28508536691808,42.99390112050899,43.466164458494106
548,0.21786463403104717,300.0,0.0,0.0,0.0,0.0,0.0,0.0,0.0,0.0,0.0,0.0,4.101057183066065,9.03135877875523,16.353612049775666,28.388782894212085,43.63805430980378,57.26995663584475,66.47638582798774,69.74678823951038,72.01559185057864,72.48210089939441,70.52978863535753,67.39116569766699,63.70573548903727,61.16590600424701,60.15515138251857,60.39626576807402,60.43093844939114,60.68187343377233,60.23893305561329,57.3954974645293,53.34492932921147,50.57447467643911,48.88195773635982,47.75067020424469,46.844123656710735,46.027879924352256,45.227662913076415,44.40784477208853,43.543249977801246,42.581659109731746,41.36389702669708,39.72620304990836
549,0.20018878226842202,300.0,0.0,0.0,0.0,0.0,0.0,0.0,0.0,0.0,0.0,0.0,4.353737043322172,9.073373730777828,16.05430857996114,27.864846207020083,43.13455672900399,56.98076236619495,66.35540317861927,69.89996458995923,72.24700759561131,73.54275467319486,73.13909103068451,70.59526168642394,68.06722940788906,66.92447008967731,65.41666770299372,63.82120041926622,62.94615041274957,63.034102135719934,62.52139241319561,59.911972070002584,55.85877037506937,52.54557895524405,50.48520145140389,49.160997422140944,48.06632229714221,47.046139024804816,46.056725122656886,45.156231474973715,44.42222488104696,43.952092432100955,43.93933688276136,44.61262049764324
550,0.034217915693383505,300.0,0.0,0.0,0.0,0.0,0.0,0.0,0.0,0.0,0.0,0.0,4.135166303357696,9.00638728353909,16.45188416256724,28.8867809584321,44.66191686852585,59.1817742227244,69.23811768265348,73.3778580302639,75.17978748897123,75.77837349549813,74.42359492539389,70.72037917435885,67.75228829849421,66.80466253705856,65.89222002082963,65.4379436263485,64.61843831069434,63.519759643731895,61.90802386858246,59.719400430457185,56.843916627403885,54.17354005944577,52.38660374518048,51.098261576396176,49.83490370735733,48.53834626830561,47.25265321087768,46.044792573335215,44.981264094648026,44.10924072908473,43.4213931898324,42.89939641265557
551,0.10855880110177189,300.0,0.0,0.0,0.0,0.0,0.0,0.0,0.0,0.0,0.0,0.0,4.2704461593463074,9.42973407618637,16.96325378616192,28.880707265012173,44.479104006284054,59.76881708271641,69.62333692720826,72.69444698876646,74.89797788916175,76.87108575535227,75.22387559056689,71.33526385451987,68.82095034372023,67.06545772239413,65.62708770368705,65.36007565785016,64.42965006226537,63.16196562585137,61.665538505437574,59.366302268195604,56.46936386022269,53.87415557951242,51.99581190081194,50.628554688174894,49.511796082835254,48.533053979460085,47.62773631112417,46.77102230928333,45.94800936801454,45.17160156537236,44.560962777793016,44.2562165357753
552,0.14452922562104217,300.0,0.0,0.0,0.0,0.0,0.0,0.0,0.0,0.0,0.0,0.0,4.099592713025027,8.936487894698802,16.24097744487305,28.683370370048543,44.64735544075007,58.93313611008692,68.33429388314907,72.57192151999323,74.65564895784986,73.91650147174187,72.82639247182973,69.49407904622485,66.83419091095382,67.25172464315584,68.24857836841039,67.98493805668222,66.24644807855677,64.25859002235526,62.002847390853375,60.0340279572464,58.36657603905647,56.1601486250215,53.94912264332331,51.97213043352349,50.258631519818046,48.750549433684824,47.3850976898429,46.14099406205418,45.007188969251864,43.950539830866624,42.851781607168505,41.58176148482461
553,0.1302292447739469,300.0,0.0,0.0,0.0,0.0,0.0,0.0,0.0,0.0,0.0,0.0,3.9518433095411374,9.024473471031,16.782008626362614,29.38417320927726,45.43078646034124,60.585242184691204,70.5271888815418,73.56367034086128,75.46888746537152,77.59358916845416,77.02354527220271,72.58426583009008,68.09084648653473,66.71117432819544,66.40049123004674,65.810106046609,64.40773239013633,63.17507380250304,62.539546591011906,60.722932800881296,57.22524775579208,54.135661275126864,52.18621353122839,51.00872072102246,50.16457780399138,49.36895692995102,48.426183854437404,47.32239720961196,46.08733628692198,44.76289786904544,43.43950272992156,42.2100970269179
554,0.08290686728868778,300.0,0.0,0.0,0.0,0.0,0.0,0.0,0.0,0.0,0.0,0.0,4.413943470574741,9.648676704084473,17.32859853094712,29.396678748483883,44.87546334548292,59.901274463367436,70.09281495858845,73.72182327754216,74.67786883119409,75.25477807169159,75.19976937479336,72.71759255916676,68.66248481805722,66.88431024013377,67.00494712965728,67.15501063955365,65.76726473691963,64.40018965293521,63.480244757904885,61.21261577526209,57.83872342101122,55.31069049525554,53.77691045682405,52.697391535326,51.621660179099656,50.48539536952979,49.316446157358136,48.14688144422736,47.007104275141934,45.90682104583022,44.78645296506169,43.575396627954426
555,0.10872147381633498,300.0,0.0,0.0,0.0,0.0,0.0,0.0,0.0,0.0,0.0,0.0,3.768872123916789,8.436371538221563,15.610187360739983,27.90614334068277,43.912738995098714,57.44576209654709,66.04073304178003,69.97775560573379,72.432493946541,73.01871787262267,72.68029069965478,69.64360510922393,65.46509758711242,63.785250628347185,63.940409030659964,64.0705222832805,63.544112531019955,62.230904349252484,59.467352180341614,55.78502192929635,53.06978618547773,51.817802831560556,51.1043776110433,50.40180917159668,49.43720594618872,48.2272296289807,46.857875773689024,45.415426634221674,43.978851091187494,42.64059920055858,41.5715039132894,40.94931701441155
556,0.10073030251824062,300.0,0.0,0.0,0.0,0.0,0.0,0.0,0.0,0.0,0.0,0.0,4.229049352877056,9.366573378978694,17.2335503300774,30.181359264482523,46.01527538469177,59.822234857239515,69.04846628898666,72.94360184745761,75.34822697829766,75.61975833611156,73.95697342653698,70.34588776435915,68.30049703046834,67.07862602293609,65.564266717952,64.95541063959347,64.81635671725984,64.69204382060728,63.53129874119456,61.24209489581537,58.509958122248676,56.06583934114339,54.39594662149707,53.18737110542662,52.02417074824474,50.70553869997949,49.14157443121696,47.439172462048525,45.7384999448013,44.204849521024535,43.15170676518089,42.91294097872775
557,0.11868583320070336,300.0,0.0,0.0,0.0,0.0,0.0,0.0,0.0,0.0,0.0,0.0,4.21390892234847,9.017203028613743,16.100284279128612,28.05734148142492,43.540521759848154,57.55516703819988,66.65560065400373,70.20789979274033,72.17107677668243,72.99772236515875,71.60749532251496,69.69793023533464,67.56404426675716,65.34890213482943,64.43268636710648,64.15879807658106,63.31894308830837,62.825291724350016,62.22050720982357,59.93397309682632,57.21569691809583,55.58288206817505,54.25867322742337,52.94225577551434,51.6009778699487,50.202083725410105,48.730351295187575,47.230413564054324,45.755800443355156,44.372955658970454,43.2164951614599,42.426772229187364
558,0.1083982317825637,300.0,0.0,0.0,0.0,0.0,0.0,0.0,0.0,0.0,0.0,0.0,4.267378679001396,9.46873779154515,17.296202846023988,30.08132925137714,46.64757856825397,61.734918154406074,71.30709089756948,75.13722707757955,76.35908045447258,77.06913885692866,76.54562957437106,74.46370334140222,71.86920422454656,69.812369548295,69.4604924104168,69.56939729987982,67.98368379616889,65.96954288324213,63.61244504536918,61.66665530431157,60.02693325712064,57.9119142515321,56.112158500731226,54.5792407494017,53.03968316881888,51.5248530328756,50.11041718715849,48.7909507984551,47.543288871727896,46.33962511580487,45.12968452774115,43.862057341835865
559,0.09955966903899921,300.0,0.0,0.0,0.0,0.0,0.0,0.0,0.0,0.0,0.0,0.0,4.389266054414258,9.420018418802412,17.142208474651756,30.312423834108255,47.223986711228676,61.98042587836351,71.14019539058928,74.59837892337332,77.32830942144429,78.97053607591492,77.06332412159315,72.64351081592345,69.02612319394605,68.38256802718386,68.60917114676734,68.17346625482449,66.61487425305523,65.066280556283,63.78862138994388,61.7572411541815,58.79835279671281,56.13046753574219,54.22314773443607,52.85285644267645,51.744227873058534,50.743968467870594,49.74541777679484,48.694957159520555,47.55423588466077,46.28352451328178,44.82808850750277,43.13820781865498
560,0.10327606796970286,300.0,0.0,0.0,0.0,0.0,0.0,0.0,0.0,0.0,0.0,0.0,4.574963908796516,9.372604776453928,16.53421278299018,28.93987569535612,45.80651751299836,61.60169144265185,71.61032316824745,75.57578115740564,77.93092382132852,79.0511855010103,78.00436237873672,74.2881038639276,70.98379968798707,69.75625190330727,69.8852602118234,70.10743615379191,69.41051461120237,68.04225627922925,65.51619875119022,61.88473894442018,58.91589529823156,57.419444538112685,56.462633387730925,55.56547104246088,54.50910213934425,53.235287783571586,51.747430702814775,50.125521908855646,48.460292094690885,46.827937337206635,45.27937540395094,43.85476998765191
561,0.13888793056406376,300.0,0.0,0.0,0.0,0.0,0.0,0.0,0.0,0.0,0.0,0.0,4.387096723088809,9.27207131699895,16.616919450529483,29.14801084854864,45.32691453362032,59.386443586318556,68.5048564108287,71.63497422047844,72.07139854989443,73.35425393085026,72.85332863890356,68.83823893613165,65.60154015475538,65.4416145973134,66.04730533900435,65.84569047301332,63.458161976052466,60.9850410898844,59.54150376113514,58.2442737114537,56.21740582256141,53.9164076014105,51.9542730306644,50.30993250825996,48.85151918982789,47.55285757893539,46.41146599249149,45.422109118206194,44.579365534896795,43.854598134981714,43.12717233526322,42.26116904025967
562,0.18375260658879086,300.0,0.0,0.0,0.0,0.0,0.0,0.0,0.0,0.0,0.0,0.0,3.753845326606125,8.84885261744499,16.672599047171026,29.17520286846764,44.5927215420805,58.37438252585845,67.64868112220991,71.23339445475278,73.23732159347097,75.2663342575633,74.89546559310664,72.53356048598842,69.21470146687199,66.13527955537604,64.47874241888803,64.09823028835194,63.75264906193031,63.36224747736279,62.35657564438164,60.145507230402394,57.05349096598591,54.260293438776685,52.474289976673724,51.28689792642841,50.181199523449045,48.98302142524968,47.63434313872315,46.19389922737744,44.74141681691371,43.357495847843545,42.1524164732188,41.234259816447974
563,0.11553144547206352,300.0,0.0,0.0,0.0,0.0,0.0,0.0,0.0,0.0,0.0,0.0,4.31003139628324,9.142650539731422,16.355274115335966,28.466529852031456,44.198497145597905,58.770716993113425,68.275948437957,72.00577327645128,74.71905889065677,76.1772636481887,74.47337705831808,72.13934918881458,70.61199315311775,68.3422796666734,66.40748164907738,66.05468769329273,65.47627490789408,65.63576477400873,65.27266741110971,61.99811817992276,57.39644710334806,54.60850027755773,53.11163151150887,52.08471982374417,51.015229047022885,49.83142601156585,48.56934558160798,47.277170593198704,46.00185414999094,44.76176053630006,43.48211304802674,42.07457649557672
564,0.19592213411582654,300.0,0.0,0.0,0.0,0.0,0.0,0.0,0.0,0.0,0.0,0.0,4.660070081296619,9.807642097181901,17.355649985850413,29.82412663331883,45.352117592570664,59.37320503891014,69.84739450239918,74.7909017164673,77.41021869463079,78.6244614184855,78.57085068574014,75.43378122596974,71.46487690219271,69.73279759367503,69.37691603279237,69.08311696820823,68.00952334479884,66.43590947030557,64.43412445151849,62.20435633723437,60.10056483330253,58.33601975479054,56.88409612490863,55.588468282343776,54.30620107673772,52.99256768185861,51.62936628392549,50.20756276450768,48.72110123977057,47.124901119125816,45.22641798239838,42.834261803962285
565,0.07980378435525146,300.0,0.0,0.0,0.0,0.0,0.0,0.0,0.0,0.0,0.0,0.0,4.01956721321336,8.844907604527393,16.190312667299604,28.429239363454574,44.42898065174405,59.882001925771604,70.16884807415528,73.8253122576603,75.74646319108771,75.75669273486305,74.35028429666995,71.00380010565964,68.34224425862395,67.27287985758203,66.49427593106294,66.08855501541467,64.72156412390159,63.65451638083238,62.810583438248194,60.33299240250147,56.422548651503675,53.43991197789174,51.549819043624154,50.2437958272907,49.116982953924804,48.04105797530588,46.97295238864694,45.93868506772073,44.97761301439189,44.105954343697775,43.26210907148984,42.370136066301605
566,0.0836386427819387,300.0,0.0,0.0,0.0,0.0,0.0,0.0,0.0,0.0,0.0,0.0,4.185517479327535,9.10353671970153,16.480823165356036,28.695632557872862,44.73203886997175,60.15043654779306,70.20766587547087,73.5255856112867,74.71318455386171,75.34428654157989,75.10481662244217,72.29147895858642,69.04163399205201,66.83088788548638,65.35568008946244,65.66347706399429,65.57701636984221,64.80305519325975,63.12707319494109,59.902255110479715,55.89946766142094,53.03186139332552,51.51993769139434,50.73996112190366,50.11125580452769,49.41373722168931,48.54406695708554,47.50612764865585,46.32957629566843,45.032101532871216,43.58878018611892,41.970129283950854
567,0.09405870242179638,300.0,0.0,0.0,0.0,0.0,0.0,0.0,0.0,0.0,0.0,0.0,4.270275571231603,8.854731392943137,15.465734904203275,26.55030449406159,41.478632804854726,56.517176436641655,66.73729780406583,70.52272277189029,71.64707448747882,72.35406604419353,72.11258283815309,69.18207313276237,66.11364768357433,64.78731615452635,63.53337202301943,62.209579555509485,61.72816156802634,61.47534514203153,60.79116625176244,58.804407296934805,55.960814140542375,53.90704694152115,52.596766319318405,51.50044979628682,50.21998585751451,48.77007763111844,47.25784602241382,45.7827341886127,44.43289388927735,43.291366209418236,42.455013692266284,42.02204261551175
568,0.19187853039205824,300.0,0.0,0.0,0.0,0.0,0.0,0.0,0.0,0.0,0.0,0.0,4.701321700522606,9.637274305817682,16.854703869102313,28.49060762418808,43.131441020353805,57.191364306357606,67.55452872984235,71.54386455040635,73.03297580053396,73.87275594898747,73.67022524822256,71.40278549382451,69.6868902549735,68.8180315130307,67.79924175865796,67.23472985024016,65.87727348773589,64.38253107224848,62.89891017603039,60.57100593806299,57.725211933651394,55.82057755828347,54.691617802257056,53.760764264275096,52.58005783010873,51.073750662411136,49.29361670272842,47.41693652588312,45.62896470824781,44.09534983895742,42.98831238915881,42.47578287034209
569,0.09956562999271706,300.0,0.0,0.0,0.0,0.0,0.0,0.0,0.0,0.0,0.0,0.0,4.360829571179003,9.415825379045039,16.93105937814023,29.474867195616106,45.77790300560202,60.44731549031849,70.1257226309452,74.75853358593147,76.00609103627464,76.2418410032061,75.69833347819045,72.72598462880791,69.54023073280321,67.64424470815739,66.27737211888214,65.37889597930761,63.932072215805384,62.58106120905355,61.63156792571977,59.79336166516666,57.141917014060574,55.41547322645521,54.28120683849961,53.22872419214413,51.949591749906325,50.426794983143985,48.72760484336372,46.971962438448585,45.27880738092545,43.764055473116215,42.58125590248949,41.883406048666295
570,0.09844263684974981,300.0,0.0,0.0,0.0,0.0,0.0,0.0,0.0,0.0,0.0,0.0,3.96504418644813,8.756160471304845,16.20740186884443,28.82323911478649,45.42013149942076,60.978279342623324,70.38861324853589,73.55447410291012,75.93497098762604,76.36997665124827,75.33524673280327,72.17682766287253,68.89325876239658,67.35026429635249,66.17681249895483,64.99027134164693,64.25711613273208,64.8020548018961,64.74247653420956,61.44890467323661,56.86785165737083,54.21120568006754,52.77603144233963,51.822639306498544,50.94927460237334,50.046202289898424,49.07984624120121,48.037122687664876,46.910611334682194,45.67814134087638,44.25920559241085,42.57130030783798
571,0.0735099811388618,300.0,0.0,0.0,0.0,0.0,0.0,0.0,0.0,0.0,0.0,0.0,4.070579199409105,8.915634540142674,16.110043652893676,27.776554198028194,42.50469533909943,56.11041118964996,65.1272381752993,69.00364648140987,71.44062685836843,71.95542602820835,70.94240310261719,68.1814622837412,65.1925746836407,64.47986209404802,64.52982318550481,64.22104670477046,62.57721218012111,60.25576967333054,58.01079040113307,56.060353406995425,54.40073770823701,52.71938371888269,51.028626265752294,49.464886343525755,48.1115469199194,46.87084055831434,45.634710065618776,44.39177016142426,43.152432055300395,41.91917553012699,40.66868173611844,39.3742131122233
572,0.133520309324418,300.0,0.0,0.0,0.0,0.0,0.0,0.0,0.0,0.0,0.0,0.0,3.5182441126652173,8.013998290706917,14.916857048877784,25.946840489921946,40.209394521869875,54.960061809459354,65.53219003235138,68.81710264555129,70.59773070265204,71.78051070455433,70.70596787727288,67.29890825782117,64.95372056341651,63.98174943579467,62.60324571555799,61.5546802902927,61.29654116185001,61.434412784839516,60.18913409373082,56.814679840655835,53.10880280387906,50.71537693720651,49.3169972440001,48.36737214471374,47.47155966949086,46.50189201815764,45.420526860744154,44.27989801967564,43.14879414333421,42.07424264298319,41.04072970469581,40.019813999950436
573,0.08591672723601422,300.0,0.0,0.0,0.0,0.0,0.0,0.0,0.0,0.0,0.0,0.0,4.098998974366907,8.914896067952945,16.319920039621078,28.859454167640116,44.997786607250966,59.76242499047367,70.17753180320375,74.78128144748653,77.12499456009408,77.21322659233716,76.52729310021148,73.9735916429141,70.64992599032155,69.66465415910885,69.2691431544861,67.86604494461754,66.08262847703888,64.58631444975542,63.77444437225331,62.19451197194825,58.876891039610655,55.809436331671286,53.83109294518058,52.57448284064513,51.58080704336589,50.581781066022174,49.41335219112294,48.11255053982724,46.75943044830834,45.42369498629334,44.15797453956839,43.00652248910183
574,0.10449524725072112,300.0,0.0,0.0,0.0,0.0,0.0,0.0,0.0,0.0,0.0,0.0,4.664433449124396,9.734982252139579,16.87684489675555,28.411408283467708,43.68761243930701,59.115112477558434,69.79749246611861,73.49637098194631,74.868327446305,75.66248733051957,75.39570950636254,71.2833423757678,67.12849915572902,65.7063417380483,65.5357282320326,65.98526962246255,65.9157779208351,65.91691499980078,64.87064727428462,60.967630832229204,56.33572154446603,53.87275554752693,52.59364537770464,51.699007392165086,50.776113222622676,49.71223236068825,48.49000100625078,47.172272663281255,45.835222061652814,44.50838451089348,43.068504061373424,41.373263567646575
575,0.16784354933663,300.0,0.0,0.0,0.0,0.0,0.0,0.0,0.0,0.0,0.0,0.0,3.5867767256927388,8.21031717930553,15.530479444288256,27.86900721083447,43.64297344717922,57.57022147689731,66.42422182338795,69.88927224184016,72.29263058737932,73.133080601266,71.0182920128236,67.1991327416068,64.9679324299861,65.34126813837791,65.14751912874212,63.73492002903783,61.38341965191883,59.99902613916686,59.635576208405766,58.30683629952292,55.66618181546816,52.71447305512208,50.17026378510754,48.20185336289358,46.812153320802075,45.79507110055649,44.94439452292796,44.18144553830275,43.45991419485522,42.735704265205264,41.96575018632608,41.109589225110845
576,0.11654336831293222,300.0,0.0,0.0,0.0,0.0,0.0,0.0,0.0,0.0,0.0,0.0,4.191593708859718,8.807852012940845,15.602579881092224,27.123751057114994,42.605587012503506,57.39527829906291,67.66376547482784,71.95717175551559,73.95545575996618,74.3838284127407,73.05932040749778,70.00794054983604,68.0835991981095,67.41947343788134,65.94670389760033,64.28603496170638,63.20241566196817,63.434475282869705,63.104629638772465,60.465258669251114,57.32541526781306,55.130891213482016,53.42037255343756,51.974612422346766,50.73802036823121,49.63468712092604,48.594130799489854,47.57276360263628,46.535291861302824,45.4434939193058,44.24104083201952,42.873208334027076
577,0.10857881727806269,300.0,0.0,0.0,0.0,0.0,0.0,0.0,0.0,0.0,0.0,0.0,3.874569523142544,8.750472573017536,16.23631743599058,28.54523362232573,44.3116202120086,58.93380839342925,68.45845164603114,72.42174013456855,74.9096694766012,75.89828785432593,74.70995615827559,71.44551179650422,68.39696934722224,66.55855446305821,65.90481496603395,65.90452594865296,64.93191256602051,63.740928858705516,61.85081561973274,58.309236134364546,54.99381054054771,53.60311727239897,52.95550737004516,52.402544526074955,51.677108238606166,50.75252936156317,49.661470576597715,48.437548880360126,47.113168760014226,45.7201006146242,44.293430329472145,42.86598893713139
578,0.14829011479793167,300.0,0.0,0.0,0.0,0.0,0.0,0.0,0.0,0.0,0.0,0.0,4.174000689278728,8.866857126193315,15.75711759510297,27.28378482346505,42.61954175408945,57.6720820105732,67.59283743461259,70.51391455656284,71.58927728714963,72.19565825829338,70.61164846195452,67.34864108403191,64.55193876492461,63.859308580271545,64.0457164931489,63.45213771339834,61.286064258710226,60.11764494006169,59.848991482131524,58.391710385443325,56.12393434718586,54.481807283648116,53.248043087960234,52.040078494537674,50.63809954336713,49.11461508370477,47.58524181962768,46.092306239723655,44.65806181469851,43.2928271967054,41.97158307032028,40.663688464952905
579,0.16074448131243188,300.0,0.0,0.0,0.0,0.0,0.0,0.0,0.0,0.0,0.0,0.0,4.160580604006687,9.039216838433482,16.3872116049044,28.65264771874494,44.786932687031936,59.684924249518026,69.36427660878908,73.3787066779434,76.32225211240655,76.66568351875006,74.98484420281854,70.65960801753705,66.83630225455963,65.69308186537438,65.70293526306718,66.13543962549039,65.74360916706344,64.02127729337678,61.298498274941466,58.58619685516624,56.79925111229151,55.90973961356843,55.250812853208394,54.419849853287715,53.184725487678804,51.56123829496627,49.64968515700472,47.63162147625692,45.68565469792925,43.969228059177304,42.64140574732945,41.852105888787605
580,0.06605397644669526,300.0,0.0,0.0,0.0,0.0,0.0,0.0,0.0,0.0,0.0,0.0,4.308267607324877,9.26411932340592,16.646645116346267,28.85302626378068,44.79790216083148,59.57423213234707,68.93699809930757,72.36772313953695,74.69639598872386,75.1682904932793,72.64867005721902,69.44921928795938,66.90899413921552,65.70646506011855,65.14069739590504,64.8575232477987,63.64444458796584,62.1209668882672,60.70137122659405,58.57617587262371,55.64300878553454,53.17517097403001,51.67690758738269,50.7729272395294,50.013212636046056,49.13186462885515,47.97378705386076,46.6152028952696,45.18005707608734,43.787010806579644,42.570122580149004,41.65618877337247
581,0.1425652657578028,300.0,0.0,0.0,0.0,0.0,0.0,0.0,0.0,0.0,0.0,0.0,4.0451607130611755,8.657250757470749,15.738395781637339,27.991829003856928,44.6363326641166,60.33480702054231,70.20433321027178,73.43189888309263,73.90356300545324,74.74664485463859,73.9934561710139,71.0275039738317,68.25870489037268,67.39786838182336,68.08332124876583,68.1595176890385,65.94970541839493,63.784351840219635,61.73257353883801,58.93501859719834,56.12244271071408,54.41382538844194,53.38146974354786,52.44546011309788,51.2285301448753,49.826440019289514,48.40931616044989,47.031008813777625,45.71505124547668,44.42745766707745,42.9270504128679,40.95752625710175
582,0.14180955242566215,300.0,0.0,0.0,0.0,0.0,0.0,0.0,0.0,0.0,0.0,0.0,4.235442156142334,8.847033040836193,15.653313723955145,27.228075480269162,42.620334255722106,56.901582614689445,67.0005943874011,71.22423551840204,72.42969242711418,73.16283887073493,72.71012080910506,69.21803780204507,65.87267241534813,64.25917528343655,63.07047449113543,62.240410297899274,60.62381691982053,59.262247210178856,57.57933211934165,55.258208823156814,53.33339993735603,52.032917663308915,50.671733389651315,49.21486266652092,47.801999137595075,46.46571273212706,45.214757902445186,44.06713385385508,43.041153668125716,42.20924386424562,41.86108727876733,42.34393715108106
583,0.10478681992855109,300.0,0.0,0.0,0.0,0.0,0.0,0.0,0.0,0.0,0.0,0.0,4.342991342265553,9.36925571193134,16.835865411286555,29.002806782532907,44.47388182602418,59.436865828847395,70.5309228368899,74.89021683719719,76.19363521877189,77.55141201985141,77.45715455534399,74.00148967810196,70.2837325100513,69.5774270655805,69.52884898741694,68.73905650760996,67.32052486502367,66.85272596043455,66.32510033030529,63.34274088803843,58.90451646435082,55.576094449364255,53.75301380693246,52.82235935078456,52.191702126540605,51.548691432104576,50.69421053763879,49.59622425999236,48.26616861084393,46.70233429908226,44.84567645052397,42.64007235885515
584,0.13392884787154172,300.0,0.0,0.0,0.0,0.0,0.0,0.0,0.0,0.0,0.0,0.0,4.191848086978967,8.828936507799696,15.599395813943556,26.776628833537856,41.96119591440207,57.59748127789689,68.0015115830884,70.53501600271684,71.51199182281009,72.97343677212488,72.29860656584748,69.69769082629988,66.83424694800597,65.49213254320065,65.0011433068415,64.25606876347736,62.59780439473968,60.65422633675867,58.740520681725215,56.95475277527579,54.89643090091572,52.78692055880728,51.10180495496803,49.66335426547567,48.213666754390395,46.75926704738339,45.36248035995206,44.077055883426624,42.949993356536886,42.02101087683931,41.317654232651535,40.86531540087239
585,0.06921765813697518,300.0,0.0,0.0,0.0,0.0,0.0,0.0,0.0,0.0,0.0,0.0,4.035615299467474,8.650143031481468,15.664378889195765,27.73918147270146,43.605202469998574,57.49900026987356,66.19112140782654,70.09660277759953,72.50806766604848,73.17266225851131,72.62586842810549,70.02312589360785,66.64212512603561,64.89058276303219,64.90137944868788,65.21189018206722,64.05277991855728,62.58111826233506,61.33754562467401,59.4959036235521,56.775922699872915,54.3121999613361,52.48858945272651,51.08603430860576,49.85854458578219,48.69835982366464,47.54766495796781,46.4042716277882,45.278116421591086,44.21023256767347,43.364766539813246,42.92622587726059
586,0.060059249353808714,300.0,0.0,0.0,0.0,0.0,0.0,0.0,0.0,0.0,0.0,0.0,4.595086085935032,9.551964548021896,16.835589981990832,29.01653674651206,44.50357415193932,59.04088933251711,69.17764602134507,72.8012527078709,73.92336285499238,74.9428191458389,74.60283589330338,71.21335118502975,67.86690616126062,66.66807765143591,66.06963129813211,64.8272588532564,63.227820058886586,62.08038824775257,60.881485059944275,59.001785590915496,56.95142080506878,54.78117941847957,52.84863497006116,51.23273816070705,49.88918784471287,48.696037395471556,47.54712084460731,46.44154860207446,45.40137530026889,44.455472340906745,43.666476676684375,43.10205182441982
587,0.15199704772148412,300.0,0.0,0.0,0.0,0.0,0.0,0.0,0.0,0.0,0.0,0.0,4.688235294166758,9.763296822087334,17.142658345947883,29.231751057472792,45.1326370666027,60.57117791035749,71.29402179785802,75.65049565349825,77.91039343566871,78.5023863835186,77.0034807778443,74.20589685489574,71.41464784997555,69.78630904026318,68.81894651793723,67.36806814647792,65.53706378084195,64.5410853015498,63.65678005561904,60.94147738395255,56.91117863308996,54.10297150571707,52.51900200549042,51.48193495759591,50.478883830926236,49.44827947284852,48.43358273244434,47.475729118090506,46.61226901787002,45.90600276057033,45.528516646612445,45.6784040772307
588,0.10461246376871808,300.0,0.0,0.0,0.0,0.0,0.0,0.0,0.0,0.0,0.0,0.0,4.674121098089939,9.532032138714278,16.674495700071,28.73105432401081,44.39800313336875,58.94759795053841,68.16712073516538,71.3439188325353,72.86005062281959,73.59686189149932,72.89178999317521,70.3979898084554,68.27572752123454,68.16215840271148,68.0576356360266,67.0301196701256,65.26079255124012,63.579134752068704,61.7944769465498,59.17654577311688,56.49522714234197,54.66162496573842,53.309857324882095,52.044293044264755,50.63876505399781,49.179695097885734,47.789841855352584,46.481654035710704,45.24211116577838,44.06482475121112,42.96651585713225,41.96748442418488
589,0.11849420833269358,300.0,0.0,0.0,0.0,0.0,0.0,0.0,0.0,0.0,0.0,0.0,4.158020380231093,9.022428112654271,16.222729266956026,27.894045422544128,42.809262433884136,56.55840918545111,65.46441010797741,69.12058866711259,71.11112931515852,71.32966077487646,69.56941237434017,66.40433528802727,64.65728545765327,64.4102274080755,63.838309535713776,62.89667202400082,61.00289692969447,59.56950587853372,59.11313958023851,58.24770089603564,55.784709074181464,52.85486837900346,50.53834604348932,48.79243004428324,47.37680870137825,46.11607918542355,44.89223017733012,43.71826908412828,42.63439135393653,41.69361162790296,41.012038025080074,40.71754278400598
590,0.05801182062089627,300.0,0.0,0.0,0.0,0.0,0.0,0.0,0.0,0.0,0.0,0.0,4.797467932031079,9.660797271483133,16.65167752901274,28.640381133902967,44.82954410082585,59.76336226309364,69.19843177501514,72.8986959787937,74.34376925566325,74.51072359777977,73.88374574365152,71.31727879356274,68.72912843484123,67.80840862376999,67.10240463690621,66.26527639230841,65.23898172324056,64.34226784837747,62.75822816636628,59.70038741597982,56.55625757530077,54.41385270240076,53.000293212020026,51.925570425802334,50.90579203932964,49.82505482619956,48.627896869736965,47.32581638185059,45.945026066988014,44.505773592975196,43.01137004897321,41.461884424020305
591,0.10906953465545133,300.0,0.0,0.0,0.0,0.0,0.0,0.0,0.0,0.0,0.0,0.0,4.54889772302161,9.706205367168822,17.438024560022562,29.70789335171545,44.735729155018234,58.92170924820566,69.09436516252707,73.16318833531493,75.21099177264007,75.39614208341739,74.86125599285256,72.7920555650095,69.26424582303724,67.0903826954032,66.48005075387962,66.13716287971612,65.4430968970417,64.53904899090568,62.52624291868213,59.41729465734684,56.34164849951593,53.802197586308004,51.97549131603487,50.72264848630812,49.84228251915057,49.095776711970245,48.28688287120577,47.39275369072291,46.43175813272569,45.42510036198719,44.408266533763275,43.417445627157306
592,0.13949944495756222,300.0,0.0,0.0,0.0,0.0,0.0,0.0,0.0,0.0,0.0,0.0,5.152603938613521,9.944306254179782,16.84873977981359,28.764386296788924,45.09098437897896,60.99195717767366,70.95054531563385,74.16745961355704,75.75006296015556,76.64368628876872,75.82341846068228,72.63123599582661,69.59538852855496,67.68938408678767,66.53727184655743,66.13953595370612,64.53303509900276,62.1554391474096,60.045240881273465,58.38410853778213,56.763158934193264,54.7725592432388,53.18477323643736,51.97658163684706,50.89511962574495,49.81792852864689,48.67946068631832,47.501337244914076,46.32297991258314,45.191374562715,44.19409554743184,43.422252715198994
593,0.06449047663047079,300.0,0.0,0.0,0.0,0.0,0.0,0.0,0.0,0.0,0.0,0.0,4.3713202099944,9.214123227778481,16.50589167531179,28.851784800130144,45.15824934822285,60.40969245043221,69.64140930609194,72.9406588499288,75.19713660361329,76.44087061831499,75.56225857280143,71.42914666956959,67.68270471119138,65.76623738653925,65.07242576976478,65.15398418607656,64.95976889101519,64.97697419252123,63.44846880740803,60.14180934838364,56.89408914162046,54.79025597709276,53.45585611073828,52.383837825890964,51.210806861104636,49.88209483834006,48.42719305705392,46.91317068837594,45.40940365999165,43.983005332347155,42.71700221372917,41.690901208779216
594,0.17852397354507327,300.0,0.0,0.0,0.0,0.0,0.0,0.0,0.0,0.0,0.0,0.0,4.33353788401015,9.035616985802006,15.747405142332493,26.593062915571558,41.33242311758846,57.14186352025758,68.31326272859432,71.75719965439932,71.97293322445813,72.05845226659198,71.48406651540643,69.33085676490879,66.99499420066229,66.39832040489813,65.89011430072298,64.58142399175922,63.57429675281575,63.07424786503442,61.54143463020948,58.15826402408573,54.10447516933916,51.37489130300977,49.80962922882057,48.83125669163075,47.99914304098638,47.12723694365511,46.12929995400502,45.05575673944832,43.984559759313,43.028475655357255,42.456669520834595,42.5717149785062
595,0.04872146807308984,300.0,0.0,0.0,0.0,0.0,0.0,0.0,0.0,0.0,0.0,0.0,4.434186142500599,9.348576261867736,16.81749822124141,29.07452332771303,44.370096474584074,58.65565495703716,68.55956740420136,72.24568263256047,74.1704902319193,74.70616573027927,74.3323608270304,71.15456351797165,67.67365971649166,65.81885768770465,64.70560453691348,64.5570248002964,64.7165717686471,65.05690774076237,63.749828992236125,60.142043968394916,56.44578828839192,54.438975019435716,53.386497928985804,52.515606981682495,51.34302540447565,49.89942446246748,48.32876630477545,46.74972402437419,45.26388502345854,43.95868983169487,42.90725072943927,42.17628307689487
596,0.12017496551806071,300.0,0.0,0.0,0.0,0.0,0.0,0.0,0.0,0.0,0.0,0.0,4.6633398954780905,9.66549598809351,17.188194387458765,29.818348590856154,46.3103755792646,61.543952436207064,71.28410787222094,75.06481667705302,77.63642342915207,78.93111070549689,77.87430136702608,73.3528073580069,69.54153904004077,69.10209240224776,69.39254715109256,69.05081296092995,67.84963620610831,66.564459862133,64.79421655689156,61.25592307258083,57.04094895516834,54.62224662874705,53.36953400976699,52.57748606951067,51.835099816032724,51.05059427623053,50.20179567451833,49.237854396282394,48.10488365351426,46.693801238829764,44.67636603483712,41.74802135673355
597,0.11003723845181633,300.0,0.0,0.0,0.0,0.0,0.0,0.0,0.0,0.0,0.0,0.0,3.9961576352361146,8.576368968588918,15.536090397834899,27.232214297315405,42.2777802932914,56.72389868782799,67.06631491519553,71.11404591324211,72.53857936346188,72.77692729351564,71.2042924833855,68.78237904480328,67.37185754317153,66.70652955676105,65.9135671393311,64.41324050048449,61.85328647701829,60.470072794642,60.42465317218586,59.317985106001515,56.569180719598265,53.69629225726881,51.61890431797758,50.153456927414126,48.97557395479417,47.91123265623894,46.85441292070837,45.804866047197535,44.78562085922425,43.81208109471585,42.87779692281176,41.97156471090791
598,0.0743510514849821,300.0,0.0,0.0,0.0,0.0,0.0,0.0,0.0,0.0,0.0,0.0,3.99787617564088,9.033192925875534,16.68644505714158,29.142865101806837,45.155222055577795,59.624618783713466,69.54128100567524,73.66970688955809,74.19323703423541,74.95253872094906,74.97836764909918,71.34964939834825,67.9882620886678,67.06426723405954,66.7483720473444,66.53830807429809,65.37113519178915,63.529911006965456,61.265343584166416,58.437892431664416,56.0098139968013,54.92328821716572,54.11343892851922,53.05199162771473,51.58907620455129,49.9419947833509,48.35350538329654,46.89403171572317,45.59029597184354,44.46949761242064,43.571182948533966,42.93678043441019
599,0.10186223791895516,300.0,0.0,0.0,0.0,0.0,0.0,0.0,0.0,0.0,0.0,0.0,3.8559955094231495,8.366872252043553,15.0916119885492,26.7358770803662,42.723576600990455,57.08868913799445,65.16931594577328,68.51176998768202,71.31550225068207,71.56549585275967,70.09435838146199,67.36526459576041,64.96028078036302,63.584191542667085,62.507573487864285,62.25471126299429,61.71167704883773,60.1062105687105,58.272805099350876,55.888946909629624,52.974181806638576,50.863608371624025,49.44796610162167,48.332707210871185,47.241917449367364,46.13027568719045,45.013016812806526,43.92951433903306,42.92127073542671,42.05448601749364,41.504185659886566,41.46892824359368
600,0.09794213715487858,300.0,0.0,0.0,0.0,0.0,0.0,0.0,0.0,0.0,0.0,0.0,4.072100868552171,9.12663028989755,16.807890630573993,29.18425866208227,44.527494190965804,58.527261888209225,68.03808403024817,71.88956207527568,73.51928585257895,73.74981388224855,72.89158363652156,70.0406295727068,67.27805722879427,65.61296370957632,64.66199084930251,63.56246663881268,61.33818785433657,60.22367416034173,59.961539093583326,58.70359438197445,56.37246928641697,53.98804730993052,52.05757971088215,50.47468317620655,49.061522049758246,47.73880716014122,46.47003654512425,45.284293975517805,44.222404692297,43.35090808983413,42.84953008150524,42.925173900030856
601,0.0956283069715455,300.0,0.0,0.0,0.0,0.0,0.0,0.0,0.0,0.0,0.0,0.0,4.442018468703424,9.498289632161786,16.97110330701973,28.842342114157045,43.7580426813406,58.7938733559822,70.46085463893165,74.99383091885828,75.47352454073712,75.6263385125051,75.7852228492561,72.7932798032973,69.45728835219464,67.9194513612853,67.02197944649348,66.40427409838995,64.95024289186394,63.8237245071698,62.910833866099956,60.930139545854885,57.9754496242641,55.57340054092982,53.780448715908825,52.33987472783911,51.0774463409321,49.95258679076051,48.94569812707395,47.99639245830406,47.03809769027161,45.9800302013897,44.627196001942,42.78546791913737
602,0.16198092560091962,300.0,0.0,0.0,0.0,0.0,0.0,0.0,0.0,0.0,0.0,0.0,4.909578781739811,9.825139322299307,16.849560307088083,28.591173546775973,44.7512899333351,61.490772908945765,73.26005870698826,77.8262754148798,80.10089680940808,80.14199653484688,78.3453279824344,75.37333656997981,72.40548695266756,70.35195774361081,69.7139409559762,69.81948171266481,68.15291280939972,66.71804097104236,65.26212932072067,62.149177654883474,58.52530534639649,56.333019609617075,55.088049821207676,54.167790488233685,53.17386796154022,52.026386415375704,50.7405592321346,49.397820358166875,48.08797045688742,46.883451102352694,45.818680424517424,44.91747508992713
603,0.13046635866980866,300.0,0.0,0.0,0.0,0.0,0.0,0.0,0.0,0.0,0.0,0.0,3.962991182754895,8.843611225036396,16.078495140940195,27.685746973180137,42.50417107648094,56.44839756092797,66.60910442351185,70.67077858310735,72.16948158700949,72.91669828979204,73.06267159821202,69.6092597720946,65.98577960087484,64.67677631427539,64.25193530320327,62.80641615210835,60.12543614755744,58.83276358990669,58.94852437764534,57.791494066321896,54.73203954314337,52.50519798499224,51.209945743648476,50.23224479956199,49.14233075911453,47.99426255072401,46.92072665270823,45.9405008082062,45.045388141508575,44.18695564927149,43.16154064151068,41.747230832103284
604,0.20378437659442528,300.0,0.0,0.0,0.0,0.0,0.0,0.0,0.0,0.0,0.0,0.0,3.971693054128574,8.676489597841067,15.607735226443072,26.921467157987163,41.682417602280424,55.28161006674262,64.11206174973863,67.94023762792443,69.97103340105059,70.37978339223838,69.16723013157296,65.9836108730535,63.45224272027566,62.19337267236044,61.59331316758415,61.75165789700529,61.923880875059474,61.89409934660723,61.213852407357486,59.16787451066849,56.300322738170465,54.391829760455366,52.871229978803576,51.29270564896052,49.50367361247714,47.640647678918114,45.86858563381082,44.258083569091255,42.852234371394914,41.68183490424241,40.7488456742201,40.05047531914463
605,0.08154849162896967,300.0,0.0,0.0,0.0,0.0,0.0,0.0,0.0,0.0,0.0,0.0,4.206686293194924,8.883471163681195,16.025074609034675,27.978718184113017,43.503992673841644,59.02093334805629,70.01253495713021,73.96839687264865,75.60234283535377,76.30872266196991,74.6724841786486,71.2872895973665,68.89630322252317,67.56183699847841,66.09369642913622,65.07684113137427,63.26043470712992,61.73274526060809,60.68062933522307,59.0930179449967,56.27290413026833,53.61914893226334,52.02500193378047,51.100098497271006,50.30773629585624,49.38572364298706,48.196404318008064,46.80473208727348,45.31780958279062,43.84022603504628,42.49627706478168,41.40307461886331
606,0.17718282388611473,300.0,0.0,0.0,0.0,0.0,0.0,0.0,0.0,0.0,0.0,0.0,4.137347251754731,9.018836292171338,16.216673743870206,27.95555753391425,43.410334596409946,58.581445472007864,69.26919203841528,73.09113850923067,74.85756658737498,75.56073164610405,73.94810489335708,70.5209152009387,68.11225903300816,68.38495360659726,68.71673113553224,67.83600843306073,66.01994099369749,64.2520168819172,62.05402701988698,58.87436462960651,55.775460192326555,53.537302441598115,52.06004535543096,50.946064608809486,49.84834324275816,48.64106511647139,47.274760681810946,45.7760086671433,44.18705996362061,42.550138947155546,40.91714542337587,39.33625623785838
607,0.09670898479012008,300.0,0.0,0.0,0.0,0.0,0.0,0.0,0.0,0.0,0.0,0.0,4.295178608800007,9.18086043289465,16.38852329433156,28.227042258970446,43.56948081705319,57.67142969748415,66.15129164616934,69.78445490364949,73.2020147574473,73.60963924231038,72.10515331368903,69.20945580880999,66.61100985264483,64.66647597844896,63.74534896563255,63.803447228588276,63.3198068424084,61.991494626909095,60.21335091608117,58.53784978704891,57.01243809531655,55.34843216945697,53.36417130636948,51.24417364191089,49.2194535072905,47.454638285419016,46.03965599786945,44.88584806852809,43.87397807976674,42.87049700223035,41.654500418199376,40.00865806260562
608,0.09315081103588815,300.0,0.0,0.0,0.0,0.0,0.0,0.0,0.0,0.0,0.0,0.0,4.350472570601889,9.65552749560532,17.423928687578883,29.516090277483457,44.751369711353604,58.96477976420546,69.17220568557723,73.52625456341765,74.78465608782948,75.68579576058465,75.28140686052089,71.68900338151437,67.85205235205042,66.54405839572142,66.13766437232707,65.87399995649015,64.63850957011712,63.560504879972406,62.633650288525146,60.54093806766984,57.579539119228656,55.19548865239188,53.719120829708615,52.75713001380099,51.89995855652625,50.95913545615312,49.83560052496697,48.55468775616862,47.16917912460612,45.69619843713749,44.03094516795311,42.05833373504884
609,0.15151882128065938,300.0,0.0,0.0,0.0,0.0,0.0,0.0,0.0,0.0,0.0,0.0,4.18130087465428,9.047388564942418,16.36793421265119,28.906089445857884,45.523224230567436,60.26996633574409,69.09310802580302,72.68694448347337,76.80458004082556,77.68038890106067,75.62722215667536,73.26301116891368,71.01187710108873,69.79673662995498,69.31218565354088,69.3071532249371,67.80675470862248,65.49194713431066,62.91675368484711,60.31586150424127,57.89755346136892,56.11429496181829,54.904347276227035,53.87896495559776,52.70158595044988,51.34835477916097,49.87905548511478,48.38900740619225,46.972702224339024,45.75290436024788,44.995195263805066,44.9945314528824
610,0.11717053865101114,300.0,0.0,0.0,0.0,0.0,0.0,0.0,0.0,0.0,0.0,0.0,4.054614860956437,8.871162188062321,16.323354808530294,28.62812683067954,44.718953137195754,60.46495567841621,71.01067752157705,74.72717370179917,75.96282746457545,76.28088536545815,76.09622046190594,73.97103879295656,70.82710283569092,69.23427911542316,68.55303561027588,67.62886914220543,65.56448057808574,64.38837834218965,63.56668208762229,61.055340875692195,57.65957956502588,55.48764953108456,54.185310683096255,53.20395429543316,52.20316470810093,51.11913534752266,49.958936759530125,48.74672484681525,47.50874571828398,46.29766850211553,45.27423958810843,44.61370677327094
611,0.13141824273553393,300.0,0.0,0.0,0.0,0.0,0.0,0.0,0.0,0.0,0.0,0.0,3.8694952192674297,9.042534770376545,17.07910446338264,29.556558033154385,44.302593254909894,58.08272478332781,67.66218892789153,71.44933225386265,73.8069671331263,74.17355406668315,73.43526516742469,71.0331609635002,68.07691131140952,67.26302294920663,67.07052263310158,67.00671300705767,66.6628038689612,66.11180833123305,64.41491062277973,61.10373108540693,57.47284704128584,54.75412806735568,52.904848486143415,51.49221427269692,50.16542772838483,48.86384274844763,47.60156819525718,46.420085473161876,45.363425261774964,44.509521176372246,44.08233416047123,44.343224054865715
612,0.08566533999959398,300.0,0.0,0.0,0.0,0.0,0.0,0.0,0.0,0.0,0.0,0.0,4.273861235843398,9.219391280720494,16.471991382186122,28.117404891157296,42.93552496421234,57.2050813830155,68.05940923961933,72.48910002972781,74.90716241619104,75.56687589340889,74.12693803879782,70.96526609699104,68.5530646952338,67.91604755591669,67.80720282433606,66.98105216252732,64.89406746486864,63.531306508770946,62.27539086454867,59.493399830460696,56.38516452816535,54.35222232887523,52.939667849811556,51.64351996946259,50.17222481024737,48.589625632118114,47.023789629152695,45.55651854463837,44.25163563240113,43.188217660276415,42.528573372116824,42.454509883909985
613,0.08741297784252466,300.0,0.0,0.0,0.0,0.0,0.0,0.0,0.0,0.0,0.0,0.0,4.5395846592760165,9.468258421237945,16.702581960439776,28.717349105014407,44.62623460762324,59.68293200173003,69.49635353337256,73.23411320175472,74.9867013191134,75.09013684129515,74.2069467737534,70.87525726276515,67.17994226955301,65.69778487980331,65.24806226849014,65.75610140456851,66.18047863529245,65.1932538901518,63.06138599989983,59.99544984593254,56.333188730288306,53.800862049918834,52.229521607357775,51.038677966556456,49.80561012640143,48.45219052990076,47.00822071898612,45.59891726339538,44.3586542053845,43.449378740394884,43.190152200613156,43.95549666780994
614,0.07466626466443886,300.0,0.0,0.0,0.0,0.0,0.0,0.0,0.0,0.0,0.0,0.0,4.035611238443747,8.611093585470561,15.524047353329015,27.357735831315452,42.5638603695308,56.92547979184088,67.21256410165951,70.87795960873017,72.51137265825864,73.52411400156993,72.8659630375612,69.92730857250405,67.36095435192607,65.89879089367156,64.79083416596596,65.1299100269774,65.0308973025949,63.83507900108251,61.49323283956381,58.65508685310953,56.17191727447691,54.033378981856835,52.320114174947506,50.82708038294919,49.32859946963773,47.807450759397646,46.30086309083399,44.87345099440973,43.589287674726755,42.527485341061265,41.849484254140336,41.73494127559098
615,0.0877176112473473,300.0,0.0,0.0,0.0,0.0,0.0,0.0,0.0,0.0,0.0,0.0,4.4024678903241,9.134617482072995,15.97956258424751,27.248316560154034,42.54616368152453,58.13591416026793,67.96358784862682,70.54036812566302,72.12677705067853,72.98873404455232,71.47818292625561,68.39903728143877,65.23161865651434,64.02663750617312,64.18038847535703,63.58503606766661,61.81907737233038,60.49082506542648,59.675917031120996,57.72842485045375,54.65481292515362,51.84396906074778,49.99043816313091,48.81695245665701,47.932492622842915,47.074549080892254,46.06524948189674,44.91108950498011,43.66078283610443,42.35830492637872,41.03992431429815,39.736997424028296
616,0.13537661085087796,300.0,0.0,0.0,0.0,0.0,0.0,0.0,0.0,0.0,0.0,0.0,4.073923304346976,8.740835969969451,15.761431194321728,27.746711089079778,43.92651971344104,59.04947765062217,68.81158176886164,72.84594672896013,74.86891515391977,75.01393621066872,74.84657484430541,72.21648147873525,68.9753153241157,67.26474431209277,66.5244529520046,65.55820088484731,63.599725625797234,61.958388751720854,60.61965278796746,58.15189674451251,54.906953018615845,52.610062979145304,51.04391173869162,49.84717116421529,48.80655478017275,47.82280763682744,46.83444700066085,45.812488560718776,44.73697563899768,43.57334584923736,42.22729976325399,40.60344591194766
617,0.09212495477974117,300.0,0.0,0.0,0.0,0.0,0.0,0.0,0.0,0.0,0.0,0.0,4.167087013132682,8.97723650596003,16.07494827477756,27.837164450436354,43.19161160194597,57.83250159671186,67.10399375568035,70.17366042815294,71.59628182378805,72.59493001754505,71.41458928085639,67.79996832004142,64.71232644558656,63.9354565177404,63.80852255513203,63.33882109327897,62.799118436010446,62.295530480680775,60.360385981088186,56.48389344422906,52.69053755929614,50.666089154922794,49.547039822418284,48.7289783268276,47.89322097516455,46.93112337829688,45.811711940440645,44.59761475834208,43.36795368582474,42.21371596172239,41.29478896891807,40.778139057235144
618,0.09495650314120088,300.0,0.0,0.0,0.0,0.0,0.0,0.0,0.0,0.0,0.0,0.0,4.811034449011635,9.864131257896249,17.15010000512558,29.061328314566396,44.505723714322194,59.378652139438096,69.26421761383469,72.92170079300834,74.27066736997486,75.2759936856569,74.89241665320293,72.01456244576785,68.96844558430807,67.662804894118,67.62005147004396,67.78967300017541,66.16008244109692,64.6246410292435,63.05362531872259,60.17063000303331,56.60397320880698,53.86566920323672,52.0525143699253,50.787220696881015,49.73545997991581,48.705889706948206,47.584765037954476,46.40563714030049,45.23252210355052,44.148234643128404,43.32667047144744,42.95555255993966
619,0.06385181272984816,300.0,0.0,0.0,0.0,0.0,0.0,0.0,0.0,0.0,0.0,0.0,4.3369792459577345,9.0446555492287,16.11469540723345,28.178253680013334,44.04667648077346,58.39072110994042,67.90921310822068,71.75328678196367,73.50679502520941,73.22437530497704,72.14412851633946,70.08389330975653,67.82613451144834,65.98738637477683,64.97782727635123,65.6831464340007,65.800326697142,64.69383957314503,61.98910934403429,58.79877913909987,56.75490491057378,54.9482922850748,53.334770320855526,51.913089914073254,50.59671321056372,49.30053334303716,47.96630730398859,46.6222723478926,45.31299818971502,44.10566777838926,43.169192202954186,42.68729472820098
620,0.10933898906288685,300.0,0.0,0.0,0.0,0.0,0.0,0.0,0.0,0.0,0.0,0.0,4.433014000068571,9.715966870178057,17.584327781116492,30.701088424101183,47.502954227181306,62.37230752093915,71.88439948468493,75.7214125201471,77.92434971333489,78.32538808248141,76.56784934508617,73.98785920885811,71.66899432130646,69.8364657058538,68.37888906525122,66.8731480787308,66.02224205811228,66.3909527585347,65.93999015480715,63.23775465003614,59.12034040013752,55.5861631156803,53.338164531306184,51.92602577904618,50.8419853547002,49.88371040141595,48.944360233678495,47.9939512355965,47.02130003068855,46.00197583277377,44.859704769684534,43.5136149566081
621,0.1312977104858719,300.0,0.0,0.0,0.0,0.0,0.0,0.0,0.0,0.0,0.0,0.0,4.70798382744499,9.611945156713434,16.682816958312145,28.383916595738523,43.837633524357756,59.12943144162615,70.40332039698947,74.86957124028228,75.5930225316618,76.25635320948055,76.65091642868055,72.82452876454167,68.34112139394787,67.3097034679663,68.50108457279912,69.5122264713582,68.39809291534212,66.40317982827207,63.27540362014819,59.992729584482205,57.98211731555445,56.51612611719554,55.19912457464288,53.884662444916316,52.47492067854311,51.01110749246698,49.55907846771623,48.16767016786079,46.87744680734169,45.71963200434499,44.70452697977292,43.83729455713893
622,0.10765008712289174,300.0,0.0,0.0,0.0,0.0,0.0,0.0,0.0,0.0,0.0,0.0,4.615470208266527,9.412343268663228,16.487056033928503,28.518797214182154,44.20371310050381,58.720421026484395,68.28878374984652,72.10006701900632,74.80026983522448,75.76315600583874,73.88361039862166,70.53069638921276,68.43950486010331,68.41862633105337,68.33544859607439,67.64568021350382,65.90725067907516,64.52854757348915,63.12176599036504,59.69292078465822,55.42770305041125,52.79670926312038,51.22555828790197,50.1284587889898,49.19599598981611,48.34014583383259,47.52330990168457,46.696560842102315,45.81055590213394,44.7886702360611,43.44229534814075,41.5831343051413
623,0.13408830339475597,300.0,0.0,0.0,0.0,0.0,0.0,0.0,0.0,0.0,0.0,0.0,4.753271663835747,9.45267058690465,16.44655738096978,28.372763040637977,44.258740684900864,59.72626571835214,70.3094544345341,74.76042792049819,77.2835322494479,77.80831963808241,77.17721225575292,73.26643092307765,68.91353476939788,67.95209723683496,68.40141450319847,68.82734196173985,68.55032508312635,66.89594099285557,63.99922654291834,60.694157379244636,57.98995455053099,56.327955622661655,55.06792085906043,53.75202546509175,52.14036630708085,50.34322071331276,48.530221469121706,46.81937375043184,45.30489258681341,44.10066331123069,43.43654136649188,43.57290734799493
624,0.1761344433560311,300.0,0.0,0.0,0.0,0.0,0.0,0.0,0.0,0.0,0.0,0.0,4.067959930340187,8.775147129753744,15.826233485174614,27.682721272682137,43.235861147901915,58.20256176397356,68.58259687127762,72.39977315247513,74.20295191125001,74.43375702985973,73.0164072745232,70.23146214690668,67.46895865098513,65.90586395172241,64.6885332792407,63.196970615120875,61.37865140027485,60.3638700211465,59.906532264432,58.0937414920518,55.243210455678195,53.28422196392317,52.01517048038655,51.13384739132493,50.469405858886695,49.82058881902854,49.02030324427235,48.047270119453266,46.91651252714511,45.63638945858363,44.18820823477792,42.55189857525258
625,0.061811473544409086,300.0,0.0,0.0,0.0,0.0,0.0,0.0,0.0,0.0,0.0,0.0,4.167410012090007,8.924813950256569,15.981945278115319,27.73322574585868,43.15173871780506,57.695449378998084,66.98432453352699,70.73049217447456,72.87205675347985,72.94506242390055,72.04151657179379,68.79377002925357,66.05795114174704,65.04912050710546,63.94255159473141,62.58981631593533,61.06652294925284,59.968087320321864,59.07621490068092,57.130043490255495,54.357941637052086,52.25843461744852,50.952637108255324,49.986627993766554,48.974634725878985,47.872039076206526,46.72065087809112,45.58474172031618,44.52854521408787,43.579066243598696,42.63961481875599,41.59189068930564
626,0.05115289131163254,300.0,0.0,0.0,0.0,0.0,0.0,0.0,0.0,0.0,0.0,0.0,4.076690958970059,9.062638086207853,16.664311903003718,28.986572078263137,44.116382558755106,58.430218093701534,68.77341840129993,72.6303926166632,74.53904576337311,75.72932009786827,74.83896308312902,71.31755867489836,67.82327257575695,66.56327657976556,66.42598933932337,66.46383237854826,65.90333008323246,65.93889219484423,64.70214807236862,60.95776898678182,56.843553616105545,54.354403485497066,52.867822405150456,51.720823632910275,50.51153598091812,49.195081932443266,47.81652065611031,46.44410630338477,45.14503254670498,44.022217843107256,43.33998437308953,43.39698472578198
627,0.2044415398693644,300.0,0.0,0.0,0.0,0.0,0.0,0.0,0.0,0.0,0.0,0.0,4.1853169194906545,9.066188996312771,16.35911172567504,28.287725894587876,43.42653709174727,57.30682632039929,65.90504238965696,68.90452558106928,70.82424937657275,71.71672049888133,70.73327623799398,67.44157856582247,64.59716227321734,64.44510608120578,64.59239996334695,63.96512538471535,62.597473999752815,61.45148033014784,59.59451562396949,56.24096888011311,52.60827682129752,50.16999507869124,48.59038244422578,47.401435468138295,46.28980279468077,45.14132701855907,43.91969963328942,42.69389260067997,41.55000588591696,40.591265864475496,40.01662459180096,40.046611234318256
628,0.05469604012286519,300.0,0.0,0.0,0.0,0.0,0.0,0.0,0.0,0.0,0.0,0.0,4.078169549097945,9.039055785051412,16.582620670973412,28.716254316234398,43.99355427099266,58.675874381516024,69.4018920451296,73.12198656692037,73.93967617264809,74.94868117310278,73.80877118956204,70.7343216178603,68.14323140973961,67.09550036882143,65.98254412175392,64.37982735692995,62.836369909227926,62.3653728852123,61.555792286768806,58.878740475252805,55.77200862420814,53.86949227127807,52.64719524669219,51.58274160624143,50.38816639780578,49.10593261488248,47.839981494079936,46.648053777495626,45.57298312323837,44.65482949771081,43.93650024631499,43.46088383203567
629,0.09573157797947295,300.0,0.0,0.0,0.0,0.0,0.0,0.0,0.0,0.0,0.0,0.0,4.544091233380591,9.353957538906316,16.32317491217234,28.036191940253403,43.532758029043976,59.132308630770844,70.13784622547095,74.554770885492,76.26768809079864,77.04384244811452,75.7634373598923,71.78486453085196,69.74947202068738,69.33392426652337,68.8887228617285,68.53805912352158,66.81140082165786,65.07430862344651,62.99317920823636,60.00938119797303,56.855599023153424,54.85822649830986,53.85881934193374,53.147716497000424,52.15340278292138,50.908942298093855,49.573347801997215,48.244685276282006,46.99936432997477,45.88869598756154,44.89292980711719,43.97774678547616
630,0.1491632540747586,300.0,0.0,0.0,0.0,0.0,0.0,0.0,0.0,0.0,0.0,0.0,4.0000195534708185,9.16790624548093,17.19713587037208,30.369177048319514,47.15948578967384,62.588145616527314,72.05019941672569,75.26260173323124,77.4403148424778,78.56756349854346,77.63882750470137,74.28331560935636,71.02911511678771,69.13162179400646,67.6734763001285,66.70384578006748,66.01338576932339,65.36663377145605,63.8716792633482,61.382867001869286,59.00898194069314,57.64197103808577,56.72698613591704,55.731836196208185,54.34776867740206,52.705999106126384,51.00978983574746,49.37185291500462,47.87421727083451,46.616654645189996,45.79944534437271,45.643579228388184
631,0.12812459044045488,300.0,0.0,0.0,0.0,0.0,0.0,0.0,0.0,0.0,0.0,0.0,4.491450191783613,9.124008989456295,15.973641880530664,27.64417273564133,43.15430276162899,57.80222651436304,67.62944153697516,71.58357377993015,73.14850708048658,72.58780067264773,70.89917572104285,69.22395333842931,67.47143583016485,66.24032976488863,65.89335150683885,65.845702480494,64.2138783899266,62.27970170778515,60.78435530904804,58.968576619519375,56.36110618259306,53.687709833748755,51.50482500859459,49.73328680267428,48.20351483088856,46.838355622375815,45.59754055204356,44.48888573259591,43.529998187516156,42.7755291465707,42.429949989542145,42.73739325288316
632,0.09434566777687597,300.0,0.0,0.0,0.0,0.0,0.0,0.0,0.0,0.0,0.0,0.0,4.3331866496527125,9.214630609230532,16.379936980602032,28.363031713671784,44.07983913898478,58.58439084836474,67.93321978684385,72.29861064865266,74.72335066044276,75.41508763475255,75.5243007785949,72.49026430289732,69.04733887846261,67.18468500724356,66.09716450414581,65.81930293030415,64.98336360091106,63.380537159662296,61.5501398378423,59.561549324962265,57.600891663945134,56.00321777352875,54.65636643241463,53.40610421097758,52.13277276444564,50.74871396726444,49.21720709054917,47.64793759851157,46.17199995460047,44.95153615848174,44.31863573543924,44.64798387828354
633,0.047280310602149496,300.0,0.0,0.0,0.0,0.0,0.0,0.0,0.0,0.0,0.0,0.0,4.334297730644618,9.417944406481558,16.964661012355084,29.117077807993383,45.009449651496475,60.25832659652526,69.761958803659,73.06278658805424,75.09187804487543,76.08721363137404,74.73046895342138,71.80474348866701,68.80382716047201,67.19566592413102,65.9254472755831,65.14162709387735,64.13058885351504,62.905446643176994,61.58919843466536,59.48981445919741,56.819079222787536,54.34754728509703,52.774431974774195,51.76264229490797,50.82990713349135,49.77784232440881,48.52178170249454,47.13337878293905,45.71400740112492,44.310377373105155,42.79502638550142,41.018447615433736
634,0.0671487170823301,300.0,0.0,0.0,0.0,0.0,0.0,0.0,0.0,0.0,0.0,0.0,3.9771385364087117,8.77946916126321,16.18851960730629,28.71025438442724,44.55567852671807,58.47099003224405,67.21205266194652,70.53783081966084,72.60469425011789,73.59231955041953,72.34553232863088,69.12991306290282,66.35579569769712,66.1760228901192,67.03510322356074,66.21537758957886,63.79655790002754,62.629798548706646,61.54642546379078,58.65597417355818,55.25304701982746,52.939871278148026,51.78848372586596,51.11367868761704,50.28642960459942,49.17863191906407,47.81421430239774,46.31990935592646,44.83455531733608,43.455119825727344,42.168773315804806,40.93994519938848
635,0.15064077122490233,300.0,0.0,0.0,0.0,0.0,0.0,0.0,0.0,0.0,0.0,0.0,4.304448716000711,9.176617758705726,16.262170554094894,27.84774216550512,43.238054528923925,57.901143943241344,67.04727208750755,70.12293354746366,72.25697740518186,73.37738176735667,71.67002721871343,68.24061643424692,65.98196312465518,66.16184298041357,66.8417318820381,66.08404445027787,63.125297648364125,60.26230218592253,57.95986669236901,56.03004011548503,54.83997940813059,53.861689286612965,52.70457416345693,51.41032795269756,50.074387527530426,48.69251304345817,47.246502155011356,45.749996466027795,44.222564347631945,42.66560107398164,41.01903178485906,39.21863183502323
636,0.07729386923097364,300.0,0.0,0.0,0.0,0.0,0.0,0.0,0.0,0.0,0.0,0.0,4.039706028536105,9.026027868616655,16.555711014135667,28.624849307812994,43.680262785638675,57.61112913503457,66.52718176967095,69.68187848617188,71.94642681116235,73.32540675733581,72.84168348268034,69.5857773266363,66.76629739169627,65.93748913762906,65.58684841595536,64.84375156867927,63.35941160688811,62.670904630471256,61.41171975746305,58.46041572130178,54.9165792343504,52.495377785254234,51.22644770887574,50.38937786300486,49.369070732060784,48.13890290560036,46.80828786090124,45.47573277843469,44.22873552691822,43.1429436471123,42.278811439293165,41.69146894895318
637,0.10565910031035951,300.0,0.0,0.0,0.0,0.0,0.0,0.0,0.0,0.0,0.0,0.0,3.858427928960499,8.49879507110663,15.521175284592307,26.942037865590432,41.47788456676154,55.06676191014008,64.46284976390979,68.32054463899297,70.53099905072104,71.116591358418,68.88179300554643,66.45455697633925,64.50476980272815,63.30791492485175,62.86500555118278,62.96818460868967,61.88871760789469,60.85424768073181,59.438443465558194,56.11495446947321,52.01063688979078,49.64299621410194,48.57961091971069,47.961041250334645,47.17971956443082,46.16034141129497,44.96844602937878,43.71183927552345,42.498942816060065,41.44447664135105,40.72351588218087,40.521167945689314
638,0.0704627923128532,300.0,0.0,0.0,0.0,0.0,0.0,0.0,0.0,0.0,0.0,0.0,4.076640310577575,8.841372199549834,16.13208543169567,28.255621521769882,43.39445108843508,57.03566935992973,66.46589765367351,70.31563469182927,72.09526803909769,73.22742554883534,73.0055242595598,69.66085812143186,65.87504147664266,63.37710947576387,62.58129108993569,63.075448760700354,62.92328564741372,62.03791940997805,60.13046170274202,57.56229161058963,55.437472078069575,53.89108814601862,52.46956555768877,51.075951860027345,49.71923513292651,48.38543673588496,47.06195221110331,45.75976856877106,44.49372300592258,43.270615281015786,42.072973882957896,40.87923791618738
639,0.09472588895421845,300.0,0.0,0.0,0.0,0.0,0.0,0.0,0.0,0.0,0.0,0.0,5.005136469484685,9.538936705126822,16.15578234320304,27.72554333315715,43.31925637116501,58.188973256695625,68.22577695475246,71.90700084255526,72.21324824464561,73.92083217247566,72.73105104962181,68.77864418000958,66.43385303459372,65.62216852602404,64.51452701791843,63.00383985213852,62.010811299297345,61.04361514442752,59.61033530163292,57.41350531578762,55.04775923483425,53.06323300478436,51.721642778352326,50.673565492237934,49.532754950505584,48.22970845745845,46.79396020187896,45.338581409655035,43.98424761495861,42.855059786688855,42.133494249464,42.01416594733036
640,0.09593028149897526,300.0,0.0,0.0,0.0,0.0,0.0,0.0,0.0,0.0,0.0,0.0,3.8392953249934725,8.762796449291313,16.607578645731053,29.327440294214092,45.27558775318031,60.5267700504494,70.62305514536331,74.20693001665096,75.85459867671133,76.57974831509586,76.10096919359665,73.17889866437535,70.36749375886615,69.21128563317555,68.58800916883497,68.70663513162613,67.64428300992111,66.440709489462,64.88865325672245,61.9079978829768,58.69559504635805,56.88733326264698,55.786027932216314,54.7698180537935,53.49810936540677,51.999450513881435,50.38289349988456,48.739047295271156,47.14584821937388,45.66149739607738,44.29950417596612,43.062329418212464
641,0.24761214292556338,300.0,0.0,0.0,0.0,0.0,0.0,0.0,0.0,0.0,0.0,0.0,3.765508519371219,8.650203823375755,16.340895721830066,28.952368305805795,44.344694077433495,57.99985727493182,66.83638262089445,70.38997004074517,73.0155745269572,72.59523604742373,70.01618213875282,68.51905793112387,67.78720684132118,66.60086136116308,65.62859545832427,65.90436717078332,65.42501499758306,63.815321126003624,61.91192724278226,59.67661237645411,57.37925065369111,55.94273238588942,54.82604049800531,53.61743202963608,52.13507786320703,50.49342497486007,48.846876637473116,47.26970301900803,45.81142672084844,44.53803805189146,43.598675638545274,43.15598899641569
642,0.10474072508945095,300.0,0.0,0.0,0.0,0.0,0.0,0.0,0.0,0.0,0.0,0.0,4.018857673437298,8.666729521909666,15.697385567624165,27.277900030218014,42.52992035427613,57.76818634198203,67.93057651545949,71.40643931531092,73.76139422313335,73.64128275794863,71.14147621083482,68.85921686921522,67.73845038514467,66.60095538911484,65.31556153502724,64.33695826002821,63.207122600558414,63.08127344285103,62.98077408688115,60.136277348718885,56.005052274094666,53.54912071737451,52.08665429551363,50.92917309936864,49.73070978797663,48.476103484225426,47.22407401325873,46.0258702457181,44.92677849236806,43.97554921405909,43.24908039351463,42.82884739185235
643,0.08648845842431242,300.0,0.0,0.0,0.0,0.0,0.0,0.0,0.0,0.0,0.0,0.0,4.263306782273011,9.102541904047795,16.23718498446441,27.859134363841203,42.863554789164255,57.508068566532586,67.45425254250014,71.28023244534465,74.0855249355936,75.44241206745988,73.41073306498745,69.11460055572768,67.03131126907158,66.77048783105892,65.8964144390034,64.91613552614074,63.95686494020721,62.7429608631975,60.59831138819068,57.95136882735155,55.68529311930643,54.13643501575935,53.110257255203834,52.24555937700515,51.23424497850851,49.99249505984595,48.527275077929865,46.97045713170311,45.46930590600401,44.19110327258733,43.435310383162474,43.529523621014675
644,0.18650819131647098,300.0,0.0,0.0,0.0,0.0,0.0,0.0,0.0,0.0,0.0,0.0,4.175208112999616,9.270367776530353,17.1378393528006,29.95037191828552,45.761443720226765,60.886270588991444,72.54705962473686,77.63969038172242,78.43555295979611,78.31411515177575,77.43430804452746,73.48990783660035,69.91156601013616,68.17845865686834,67.72151769548606,67.53689777525292,66.06363123407678,64.7615222451333,63.8761508551367,62.19916301587922,59.92178845094451,57.60581777310111,55.87549215125091,54.51226871267411,53.16802747663708,51.745344209279565,50.22613865884155,48.659610534512005,47.105197191717636,45.58831713716957,44.02800492342463,42.329659256790634
645,0.16056638019683117,300.0,0.0,0.0,0.0,0.0,0.0,0.0,0.0,0.0,0.0,0.0,4.982965736173174,9.603024100686524,16.37548336267954,28.50533619969031,45.630294620454514,62.17839785404483,71.62405205542694,74.59806113895915,75.90516845204972,77.75143736770613,77.4468024040304,72.80197795792236,68.63984905280981,67.75131680871262,67.67954706117958,67.42695111964082,65.96068129180813,64.4349798825449,62.76658080233019,59.86123548930284,56.581540623468804,54.47891226252378,53.177899691257096,52.06990319747238,50.7574569947151,49.30345578189126,47.85166766980098,46.46581442314845,45.18629253059413,44.08990478509893,43.408894304590284,43.408742081715495
646,0.06898648220346262,300.0,0.0,0.0,0.0,0.0,0.0,0.0,0.0,0.0,0.0,0.0,4.17252330342092,8.858447918144531,15.926918409590483,27.7061899278503,42.788417193680985,57.07278777050576,66.8783148742916,70.4860551593287,72.46835153204526,73.2802776403008,72.86674352693421,70.50453816029176,67.18577844102973,65.01919158336335,63.642630131962854,62.773440763742535,61.48288298311362,60.56989160025731,59.69009106807749,57.62435909559645,55.12066912831342,53.24263298570507,51.80881042101141,50.574053564608064,49.38438724050251,48.16284893259527,46.871898310154165,45.54453959702698,44.22646806506991,42.95314989650445,41.736612163186905,40.58247765925278
647,0.13701312302197724,300.0,0.0,0.0,0.0,0.0,0.0,0.0,0.0,0.0,0.0,0.0,4.394699465175609,8.975382401859404,15.68882570695296,27.168349873151346,42.66781907769262,57.16319077247322,66.01954337816595,69.87404841020661,73.49650157087858,74.24292913815476,73.30129331970228,70.6710779800727,68.13184784331258,67.00933278140002,66.14821524686259,64.55603728156268,62.37627976472857,61.328242657975785,60.73713537086729,58.603644566232404,55.59907782512454,53.63252863733457,52.44050421994143,51.514655499145974,50.5203418393312,49.39340777471571,48.14730124604364,46.840719224384294,45.537819915991456,44.29546260240828,43.16299256060377,42.18424135239475
648,0.20776414368557766,300.0,0.0,0.0,0.0,0.0,0.0,0.0,0.0,0.0,0.0,0.0,3.8868030810945715,8.36042286760036,15.042754779645826,25.997994314957225,40.29621251326338,54.21654482341998,64.00554744294013,67.55875984639245,68.3304338223444,69.27350675227756,69.08879856235001,65.57559872188462,62.86114860211553,62.15356721401521,61.62028776597941,60.663788207347274,59.277245135494944,58.81191154933816,58.713947516883096,57.55122548129422,55.5719109806158,53.7287587542869,52.112200011644376,50.51048160211215,48.77499053466614,47.004816467423375,45.330519672951404,43.82387513045456,42.53692396317915,41.53715501603483,40.97169914201626,41.00973034601749
649,0.13758637737564675,300.0,0.0,0.0,0.0,0.0,0.0,0.0,0.0,0.0,0.0,0.0,4.496970553767829,9.544957877495849,16.928197416693823,28.795072347159824,43.6531068722269,57.615802682713635,67.80293393132847,71.77044640714422,73.21773227873115,73.31532381949233,71.98557816485584,67.79559152888544,65.24110490235289,65.34013029006593,64.4948753194086,63.193551124844326,62.41352679800693,62.23909499255733,60.88291852587992,58.0056322042882,55.10020222131578,52.866539152036516,51.29398668588045,50.100997926248894,49.019615928460546,47.918108067238485,46.72124653617882,45.431777427128964,44.07009734230888,42.638701085733025,41.077481962053355,39.32215710426388
650,0.20255202199349234,300.0,0.0,0.0,0.0,0.0,0.0,0.0,0.0,0.0,0.0,0.0,3.864696576917882,8.338107339247221,15.201519020832267,27.289929963741383,43.732896236553074,58.26000407682019,66.28158250918432,68.67679556032684,69.69937678809795,70.96250234496665,70.35363971480265,66.82436990486978,63.899076026471356,63.051675344024524,62.758563205174006,62.10508992062229,59.90291219342417,58.91353465763754,58.624967527646014,56.270537955041526,52.53409708223624,50.23911406197505,48.94484986648861,47.96961540683869,46.91944374271998,45.78479813087581,44.63841842976883,43.52892179197314,42.49557695598025,41.544003242244465,40.5635751427102,39.42576550684725
651,0.13266292233073862,300.0,0.0,0.0,0.0,0.0,0.0,0.0,0.0,0.0,0.0,0.0,4.002559545417662,8.725553719510494,15.904524914388881,28.018861665217877,43.68867201188895,57.37959716361795,66.3014168557093,70.8018508464554,74.15358232518484,75.86497892646699,74.36239213446039,69.21237054774336,66.00432230503966,65.72708314563936,65.87164899374613,64.8596813682217,63.22309190821432,62.96404814345056,62.21391537448284,59.29240000383547,55.79853790154934,53.47166861563818,51.86100704547159,50.53108332463756,49.25086698687933,47.98985481506537,46.76237021756772,45.577514729136645,44.44210127324819,43.33460134126117,42.129558200999405,40.69035298951574
652,0.15314239027411583,300.0,0.0,0.0,0.0,0.0,0.0,0.0,0.0,0.0,0.0,0.0,4.052656116536917,9.167436494882118,16.87506583566528,29.244431881640796,44.89742093359931,59.17311942180677,68.90282907517233,73.16179661935516,74.56797037161897,74.40625900870772,74.23203398042313,71.45064080767324,68.01468178432819,65.2521491364919,63.51022227813885,63.411074143946706,63.82484513558674,64.5100010598743,64.07138248536732,60.75650419649738,56.49820525554012,53.80721512601593,52.29324523125964,51.27064717436138,50.26366218000266,49.09239427095258,47.69381188758851,46.159263483143654,44.60661442258129,43.111693548517046,41.633408916859636,40.1101413716885
653,0.06034314729757815,300.0,0.0,0.0,0.0,0.0,0.0,0.0,0.0,0.0,0.0,0.0,4.207026709008973,8.803731540291375,15.49118651381664,26.66464342330548,41.426790559248516,55.46792269273943,65.60820792859687,69.45774897724579,70.90256941373477,71.70085867390922,70.84830531258389,68.10526228972203,64.81364923780404,63.53244247751798,63.89139988665213,63.46645828943929,61.63677011773569,60.29136785268779,59.92400014685084,58.12193979085607,54.3728222457908,51.65786244062477,50.188549827733496,49.25615820975928,48.306116765884134,47.275933566541646,46.21248809835479,45.138201132032755,44.06819675553167,43.023178823393714,42.05025543937442,41.19906043006105
654,0.07956146174493675,300.0,0.0,0.0,0.0,0.0,0.0,0.0,0.0,0.0,0.0,0.0,4.492659303155517,9.316260380370348,16.612925885457646,29.153100231441638,45.62803813641284,61.006729243092664,70.9100609077605,74.27679534023899,75.58598019964973,76.84946249478543,75.90511632197247,71.50624624720422,67.64280846298988,67.07273387375943,67.0699647837956,65.72212557316941,63.82972407580677,62.91753410735752,62.43317508367307,60.729129033393875,57.86334203222598,55.14730121280362,53.165750749660326,51.719155776784625,50.52184041295313,49.38782816415664,48.19604142301995,46.96019417004516,45.722792485936644,44.50412104756108,43.253276898162866,41.90830408577141
655,0.06352097109254218,300.0,0.0,0.0,0.0,0.0,0.0,0.0,0.0,0.0,0.0,0.0,4.257724701100846,9.09137367041132,16.174031215341383,27.721050781525385,42.510824860315694,56.73694305486141,66.44557739518987,69.87846277642677,71.44388306502921,72.43179014519669,71.17088206431418,67.85601732807426,64.77285764544595,63.17316719452577,62.55683351550905,62.2920137055622,61.372446489701495,60.54321247600091,59.21280944061609,56.640027918026206,53.92041439757278,51.744339942853735,49.88380404139879,48.314384054158566,47.06978942699746,46.052846114192796,45.15400166895449,44.309223824509445,43.46781320695365,42.5546734898007,41.39299309618242,39.80288141636904
656,0.10519465088819278,300.0,0.0,0.0,0.0,0.0,0.0,0.0,0.0,0.0,0.0,0.0,4.186497291243199,8.800065949402459,15.780375725669872,28.09347583397647,44.31194087660613,58.857225290738576,68.65265670710079,72.27472927877892,73.11591578708571,74.20969464368955,73.50878108967338,69.4349590253267,65.84877164139066,64.98598292874561,65.30436673064692,65.7017593043292,64.7770938044819,63.22234888792336,61.45318663639436,59.42860531742287,57.29967413352516,55.41862008516778,53.76697904714228,52.25985752130174,50.82247706747118,49.366816510632056,47.845637408732,46.35892062933001,45.02875437771074,44.008756006579645,43.62165147640713,44.243203632956536
657,0.12627947453935687,300.0,0.0,0.0,0.0,0.0,0.0,0.0,0.0,0.0,0.0,0.0,4.530072151550674,9.386201537442062,16.503777530586287,28.350209081584854,43.65837431090303,57.965580975556854,67.49270077048425,71.53679692868765,74.85572576705067,76.22490138030312,74.59700295820879,70.8497286406376,67.40847624685168,66.36301341906017,66.37534258965229,66.22683934718502,65.54824134867025,64.93934781133589,63.795612149380865,61.06281261130565,57.62470816180611,54.7721054707456,52.94390914260401,51.79469283840663,50.91106702707027,50.03144151974409,48.99125009906673,47.83792350310428,46.6640469489904,45.577538762137316,44.77037498163278,44.446790466917925
658,0.11993808901323852,300.0,0.0,0.0,0.0,0.0,0.0,0.0,0.0,0.0,0.0,0.0,4.09265629841484,8.977319695668648,16.36529753426993,28.506269688071004,44.194682465702236,58.749597275300424,68.19528893505371,71.97265276144994,73.89971676913584,74.79084697163509,74.0066616490337,69.05363899337556,65.43259126249548,65.8476301234155,66.66394984615056,65.35052631637419,62.592285752329964,61.54243304802656,61.327881547954206,59.5830287589872,57.01639167447956,54.92805781502083,53.15266513952644,51.60098201412361,50.2617090671963,49.00297934733882,47.69780050568912,46.31803902183816,44.86003127612671,43.30259541099271,41.55638912232635,39.53327279915548
659,0.0750863076893057,300.0,0.0,0.0,0.0,0.0,0.0,0.0,0.0,0.0,0.0,0.0,4.722194263591583,9.757754177408865,17.165957921722047,29.593951884622562,45.59841178405716,59.99121620734525,69.4135720094308,73.49552188265534,76.33450980272353,77.38509563400312,76.15402022867185,72.57451810577761,69.16751738791474,68.30983290895284,68.26002250548271,68.06802731567525,67.31582596418345,65.85014353579507,63.02635358094936,59.603439391527075,56.90139270255029,54.788262797207366,53.319004809978836,52.2164525688839,51.16116994248334,50.05849607977235,48.877231286077624,47.61823773372551,46.28981099477327,44.91646836536546,43.58451834789937,42.385791097314105
660,0.11361375283209012,300.0,0.0,0.0,0.0,0.0,0.0,0.0,0.0,0.0,0.0,0.0,3.8551272279067046,8.684886946872297,16.246805873670933,29.04634511896457,45.38692143145276,59.97132655806677,69.57856655302432,73.61360746108458,74.59604486194594,75.15942651997345,75.12793612701074,72.090425984617,68.3390327967594,65.90700576887683,64.51662247255585,64.96895755613701,64.69341362589165,63.20963871459024,61.51663776525179,60.110175807142056,58.02856640414343,55.391323800264686,53.58980837539937,52.44479283913066,51.44106908546579,50.35686287335587,49.08359603478349,47.65824456655845,46.14838829777227,44.622354766467886,43.16899639926893,41.87261272880942
661,0.1965716692833993,300.0,0.0,0.0,0.0,0.0,0.0,0.0,0.0,0.0,0.0,0.0,4.831017641662322,9.78621032825517,16.808277811666986,28.61573478976683,44.27889391326677,58.68815853191431,68.78009927052348,73.25819941181638,75.87053576556245,76.93569332390683,76.40820163557976,72.6753094448662,68.37507261279896,67.70381835172587,67.76946470781061,66.440969816595,64.06884862057153,63.16634419541463,63.04442790307305,61.41561521503958,58.81927326373623,57.19850950945774,56.3297917056165,55.51082289584273,54.24600838022135,52.65701239465526,50.97318591751826,49.30150432328587,47.71198506738262,46.220788351413525,44.66917558073098,42.87817118864239
662,0.06777563521406071,300.0,0.0,0.0,0.0,0.0,0.0,0.0,0.0,0.0,0.0,0.0,4.065778770092657,8.7158336455301,15.781737664888714,27.679087332734607,43.19467275200813,57.8953550451644,68.1257286236726,71.90810704608924,74.04854556422441,75.06113168482563,73.5305505371241,70.24614913008902,66.92960067875993,65.25907372297611,65.05107096374334,64.51591377218305,63.19553692392482,62.598310157246075,62.865284238770464,60.981508770979744,56.9763593431176,54.309853842589526,52.932047651679945,52.03312497204278,51.02506517059821,49.78551286816905,48.32844647403702,46.749478136530406,45.15406586821482,43.62286187462391,42.18032498256466,40.83623465522078
663,0.04376974502020858,300.0,0.0,0.0,0.0,0.0,0.0,0.0,0.0,0.0,0.0,0.0,4.417752810657551,9.327660869632004,16.77069489829848,29.425369393964512,45.54970143589849,59.523288679288896,67.86354086675234,71.67234503953702,74.37108358666812,74.93554217363254,74.14791973694993,71.16379475072335,68.0430775294791,66.33731311940787,65.92579089287395,66.69657111200029,65.75021882089678,64.10621068709072,62.35758470520906,60.11861752467127,57.233077936121525,54.64277632549692,52.940993299208344,51.79966825623663,50.783574909131005,49.66106827616049,48.308538334203895,46.802114263564384,45.25647083824737,43.798357051310134,42.63763850818834,41.98871642634491
664,0.10697631855904732,300.0,0.0,0.0,0.0,0.0,0.0,0.0,0.0,0.0,0.0,0.0,3.9932223093884858,8.517407069428016,15.52286085054642,27.47316645670798,42.91126077971523,57.06780009979087,66.62017539939734,70.40768137205177,72.50972439567818,74.03826229303539,72.32899089611188,68.2821005016797,67.14070113542965,67.34177791630889,66.65207211462429,65.09652432287679,64.02698946572441,64.06820968147976,63.34275550703464,60.386819284597706,56.33351973660183,53.62830079844117,52.11494998872188,51.04055097435598,49.860270849041704,48.59090807712604,47.351980829160816,46.16949372632149,45.04644371269692,43.98959833806754,43.02271435902382,42.17164201363341
665,0.1290607899810137,300.0,0.0,0.0,0.0,0.0,0.0,0.0,0.0,0.0,0.0,0.0,4.170592346754065,8.961028700822432,16.11933357471403,27.920009221535423,43.30713067066046,58.054748691193176,67.98427045416804,71.74855718867182,72.81058171849901,73.49173862330066,72.1003505746186,68.72531677792027,67.00638222514124,67.400343312802,67.42817552903531,66.01354073813862,64.15783126223992,63.72081200172664,63.32167448676038,60.28656932232789,56.20553418241394,53.879120205405385,52.42242891747678,51.260102682754045,50.188429793115176,49.17245880170491,48.21334566570369,47.29918736035005,46.415354803550464,45.53093765709488,44.55100212319426,43.37300130242219
666,0.08263244774997518,300.0,0.0,0.0,0.0,0.0,0.0,0.0,0.0,0.0,0.0,0.0,4.544628660362911,9.600276980610307,17.090561001339548,29.382816078276225,44.82928362351517,59.31669799788086,70.23450821385646,74.6486267380469,76.50987417330988,78.10271799386203,76.85648652218394,72.23309312538342,68.83466455903513,68.01991675945165,67.7279529812719,67.5374486300083,67.0025353932584,66.63178911508712,64.80748414988408,61.382487115546674,57.92722936304498,55.72269528995093,54.52497480469374,53.67989008562552,52.662783385232196,51.41363529715649,50.001987684156944,48.562258667169196,47.23147839795774,46.11744333023728,45.262714649926515,44.695231971944416
667,0.09378667770566336,300.0,0.0,0.0,0.0,0.0,0.0,0.0,0.0,0.0,0.0,0.0,4.063432896424467,8.747516504975508,15.905108334395562,27.74237504892392,42.511428649017645,56.392603651448546,66.4468522984554,70.3802887136872,72.0596487462305,72.3986612787871,70.64114510652739,67.68251264868667,65.95547279880857,65.29041318986151,64.94785353667967,64.65595096297483,63.70038173734728,62.537229297319826,61.09310211472208,58.64710833456007,56.09331249905413,54.43073505817009,53.22358462919263,52.106560410549136,50.876335829086344,49.497732856727445,47.99358449819697,46.45033316293785,44.9600780818232,43.63092789502893,42.66670924321586,42.28461347321968
668,0.08499755217417825,300.0,0.0,0.0,0.0,0.0,0.0,0.0,0.0,0.0,0.0,0.0,4.342657866658668,9.470906803355302,17.226620557768527,30.19884271122041,46.30395034862878,60.344859977438595,70.1693115757252,74.43209402028661,76.11816217980521,77.1589066820932,76.89971932540152,73.57680851191604,70.05344416772782,68.74916158860121,67.8446642047938,67.24934202782599,65.50721747226986,64.20690222748857,63.95026101322997,62.25856950190393,58.580045275082085,55.218425870268234,53.01378684864729,51.61576721492303,50.58874662305598,49.633839658198006,48.546144230231576,47.328150249748006,46.02958509713957,44.69531328570314,43.36334127310446,42.066742152385615
669,0.07170987443435958,300.0,0.0,0.0,0.0,0.0,0.0,0.0,0.0,0.0,0.0,0.0,4.197866056064271,9.02180863665425,16.299941021214305,28.559402378482527,44.416715232683934,59.389294166096924,70.04575541937024,73.95442422171824,75.58243805144237,76.38241364697109,75.1044461851186,72.86874948045843,70.01366894043524,67.64312544765355,65.90954053805586,64.84303616355459,64.083508460402,63.55728261799502,62.579093815379494,60.76429242681078,58.50232260545692,56.545931853830844,54.970181852158994,53.54290890856013,52.066083117246606,50.5364383960266,48.995286729168775,47.48663558054553,46.05063915361029,44.7146699264749,43.473507584181775,42.314995247288344
670,0.12706270058047142,300.0,0.0,0.0,0.0,0.0,0.0,0.0,0.0,0.0,0.0,0.0,4.343442184609799,9.025307658953658,15.919179774345679,27.43705367546555,42.38738515037145,56.483645262259586,66.10732542477697,69.89547848202454,72.49328941190566,72.42095582167066,70.57724882646224,67.80963491658262,66.11154143515427,65.12171909831434,63.909896627048994,63.836357634467255,63.32409698418183,61.15078099236807,57.50606373553008,54.661677436816326,53.65819258386258,53.33567827741568,52.71462784450838,51.60841773763294,50.05461252308619,48.272036231837305,46.482112512761994,44.80983359161113,43.34606429346842,42.18075847510931,41.439347968806395,41.25721103718646
671,0.10124889487209762,300.0,0.0,0.0,0.0,0.0,0.0,0.0,0.0,0.0,0.0,0.0,4.324825205249223,9.22824334536893,16.486997884991805,28.286503906168782,43.188640373335964,57.09994667124053,66.20810173571269,70.00729784573697,72.71844756519843,73.3369263314837,72.14644643442014,68.87887697854356,66.1249647799826,65.80610880992579,66.82033009556969,66.57346871574863,63.860718216535524,61.14572913275701,59.43486451471401,57.60663763463248,55.24737910371102,53.35249799805328,52.278712919026844,51.46401557778307,50.3491368636977,48.963227799151866,47.45427501407362,45.89995595099956,44.35555374515232,42.84291767034703,41.27940973299409,39.57036199693976
672,0.19653218168795084,300.0,0.0,0.0,0.0,0.0,0.0,0.0,0.0,0.0,0.0,0.0,3.691972160642377,8.349262720684196,15.642103842804678,27.73049634434428,43.28388354171821,58.30359579066028,68.6671897465081,72.0812150407096,74.45534015211214,75.69731272690925,73.08426098431534,69.48722829656714,67.357615932747,66.50708763424208,65.26905392353139,62.897459983502934,60.71602137846411,59.95985543037369,59.81743615725042,58.088807024703826,55.40947387564074,53.43317009668646,52.14035765518846,51.1430302735101,50.142186749371774,49.04680441252039,47.82626306652433,46.4834020241261,45.02940013803648,43.4300545633431,41.48360368028011,38.993280674481234
673,0.11968633278593271,300.0,0.0,0.0,0.0,0.0,0.0,0.0,0.0,0.0,0.0,0.0,3.98751139358613,8.82501513954685,16.209316676188894,28.341671913592656,43.531210604612816,57.74014251539809,67.57688240977095,70.45289077854483,70.83788659286866,73.0380701705435,73.2385839317223,68.731573620762,65.49957703348133,66.03869948415897,66.18290840777033,64.5546299787954,62.941748188456195,61.915870795678984,60.954923382012396,59.009087914998545,56.43516318122186,54.34048641538831,52.721307685112336,51.33867503543295,50.00452798915714,48.60628234162689,47.09093462993448,45.54347146705112,44.07038036128724,42.81189502054085,42.07920048379261,42.22044155565445
674,0.2087833691934998,300.0,0.0,0.0,0.0,0.0,0.0,0.0,0.0,0.0,0.0,0.0,4.540217176114622,9.907749287673807,17.801627143859125,30.486181126290774,46.71736312048944,61.882144732581224,71.72188809982566,75.08579174498367,76.27803217445523,76.29463357676471,75.73277847228037,73.02934732622364,70.78808433309511,70.78449349946652,71.04006851875131,69.92247793606676,67.60937800839295,66.57321158987212,65.6572731101882,63.236459633397466,60.430847465402195,58.49280437823064,57.15109993551026,55.99182366670235,54.73406556048564,53.340693961340236,51.839572105557224,50.28430794580967,48.729587225943746,47.20145244560668,45.63702070015281,43.961149044494306
675,0.14819241540105482,300.0,0.0,0.0,0.0,0.0,0.0,0.0,0.0,0.0,0.0,0.0,4.1873255905843605,9.024599202010185,16.36433460263701,28.722604751873565,44.78812867032707,59.85460873841457,70.3263001792009,74.54056392981637,75.77405542837964,76.59247018164908,75.63466862522134,72.44594406684632,69.76207863521103,69.2274085536428,69.03638323808875,68.77479429501356,68.35758491138014,67.40347813168844,65.04389776965074,61.00747823154245,56.621592683544215,54.11816772225879,52.90282818337918,52.10001988973308,51.13164208482429,50.01071346139174,48.87658889751113,47.82563999634618,46.93805514256927,46.28055697958045,45.88706352695874,45.7860229327057
676,0.10192661299641233,300.0,0.0,0.0,0.0,0.0,0.0,0.0,0.0,0.0,0.0,0.0,4.72978031817506,9.57981338362456,16.668131026477745,28.64263310684875,44.27097784476693,58.96415801084935,68.6620175807239,72.36453922501686,74.82586747741236,74.51094650521557,72.80860472386213,70.79351279741917,68.17924816906635,66.29320586383878,65.7406911293858,65.29265788750706,64.30942057357277,64.24703863826866,63.61075300795067,60.04757304987742,55.636050783836495,53.149657377209685,51.76547837550846,50.80804530019479,49.9266101909672,48.951592685318545,47.788212306115305,46.445707307566025,44.9578899910646,43.343053847532275,41.565257770035814,39.58560278034221
677,0.11373595440183602,300.0,0.0,0.0,0.0,0.0,0.0,0.0,0.0,0.0,0.0,0.0,4.13912241700465,8.92584589749784,16.117431170843624,28.026763522674965,43.44784740955944,57.84122778001878,67.5501031094319,70.8918968898232,72.66321766582915,74.34200818024246,73.46122976543761,70.37252829655726,67.68369182379539,66.11579285426896,65.14380387226906,64.79897471426118,64.19375030980532,62.60693933912599,59.64553375607766,56.654677563533426,54.25503891897842,52.6161903995863,51.82737296944736,51.40644432820038,50.83905542266988,49.99036812566281,48.84865935511524,47.50292360779588,46.059940409862115,44.58238311415874,42.99582587306428,41.2066693213961
678,0.17892847574956122,300.0,0.0,0.0,0.0,0.0,0.0,0.0,0.0,0.0,0.0,0.0,4.5704858315647385,9.46744085414316,16.63711063944019,28.336835125923713,43.401479208947855,57.37169469905092,66.65966081236641,70.05831426329097,71.03475630644888,71.58471891848538,70.63372186754236,67.18959611813081,63.82395035773399,62.86217569798472,62.40767495590648,61.36003268186588,59.974866567689254,58.479702457667265,57.37391146472201,56.32184727186664,54.44589258495501,52.30457759276742,50.41182138023353,48.773087924877764,47.31384255820857,46.01399276831061,44.858828377385464,43.80538194877684,42.80708299847667,41.817885693742944,40.78318695282697,39.65072647954056
679,0.10916541939005994,300.0,0.0,0.0,0.0,0.0,0.0,0.0,0.0,0.0,0.0,0.0,4.244143994583414,8.924907971882263,16.076352424632745,27.94849683189718,42.86267624545542,56.47981968849116,65.39277692785114,68.99982181129963,71.13892938459499,71.97194464192754,70.65384671336717,67.56986508896243,65.41674132384833,64.96634136265727,65.05017606013443,65.1856439097302,63.57541209238827,60.99561624872646,58.09209797572876,55.703487074533854,54.241289196725795,52.94102416808723,51.84159950406413,50.82754512705971,49.704658198519965,48.379014904198336,46.82262541268273,45.14522388406985,43.476068767755514,41.92342121770675,40.56702256064937,39.47328540088641
680,0.10119396269235595,300.0,0.0,0.0,0.0,0.0,0.0,0.0,0.0,0.0,0.0,0.0,4.252826001758108,9.571460083596108,17.387408824205203,29.588255633079417,44.85818261998002,59.936119719365266,70.45486632352919,73.69721941939419,74.97878791457474,75.9402210294581,73.79397943892423,70.98484936677218,68.99645575026997,68.62583865926098,67.97528032000749,66.38353256453483,64.46785639193469,63.78496139367498,63.51015769138741,61.713070006165864,58.61968844513384,56.176112458894124,54.29210349049145,52.58826158394391,50.853350272970445,49.14772121703732,47.573324985478315,46.18180463498072,45.00954819207735,44.10301879676231,43.55898207388084,43.48850270233279
681,0.0920144779901613,300.0,0.0,0.0,0.0,0.0,0.0,0.0,0.0,0.0,0.0,0.0,4.299934420072136,9.09835842154222,16.322883378404992,28.434888691500504,44.56439230650191,60.22637201700179,69.55675065937376,72.49909077321071,74.6854469381853,76.06302636771635,75.74643400289403,72.1349506434821,67.72513508801325,67.11279511334075,67.76059848550962,66.7195209414756,64.75061596320529,64.27673700088435,63.743144315853165,61.11139987193466,57.67292619416844,55.414138588326566,53.853120922257986,52.41572210553125,50.79193099400963,49.078236572339584,47.43418205107612,45.93909757525808,44.647474190832426,43.638054978239765,43.103885156708365,43.26887655321736
682,0.16443869503040448,300.0,0.0,0.0,0.0,0.0,0.0,0.0,0.0,0.0,0.0,0.0,4.64918339082846,9.531293491762304,16.52468527958722,28.068946962667457,43.341827483662414,58.40888071465264,67.81068042217912,70.46971150163377,71.93192839284345,72.3482614551999,70.47738538491032,68.1227880489947,65.30424012090093,64.22069463023463,64.796091481016,65.2483674262173,64.1334676701224,62.249777536220286,59.81333844545888,57.25779075866579,54.74036877891613,52.65803300459825,51.42826255810511,50.69688113821812,50.00914625140524,49.167454545603064,48.08321638148001,46.83167359577623,45.52072378975671,44.23594306299704,43.007823166633536,41.85205229433312
683,0.08050187410825832,300.0,0.0,0.0,0.0,0.0,0.0,0.0,0.0,0.0,0.0,0.0,4.380298630982657,9.129875433371005,16.13295648486777,27.948035670092644,43.24650483580417,57.40138345441944,66.9911156795379,70.68394310615905,72.18709432019126,72.5912364465159,71.99463119913705,70.00813479255616,67.75490083450707,66.9427398036837,66.85333379075868,66.02640970985487,64.00063953764095,62.40451478557446,60.76907610574529,58.67849236529823,56.241107663486574,53.629134372698516,51.6616423651561,50.27438527301606,49.17585445346042,48.11613979446806,46.91975406883621,45.62511281689349,44.31543639164097,43.089717169760554,42.13270052563459,41.63876958173164
684,0.1382777972806147,300.0,0.0,0.0,0.0,0.0,0.0,0.0,0.0,0.0,0.0,0.0,4.440948737167693,9.32375002608202,16.44210305913526,28.325978020864586,43.89183587252544,58.818360443270784,68.89748789278786,72.89194486571272,75.63340033747207,76.78263780268472,75.76329456745569,72.42549959111263,68.97444314018747,68.05572998498266,67.64645608657817,66.9027739294051,65.8866561935054,65.10564855986705,64.18409250545363,62.044910497656,58.700815683541045,55.70980285209637,53.61347311925577,52.11556906351531,50.87371169646814,49.718782387979594,48.56487276244017,47.47006497560081,46.52028265857787,45.85631436123796,45.86007262512947,46.99753824218223
685,0.07772320491616339,300.0,0.0,0.0,0.0,0.0,0.0,0.0,0.0,0.0,0.0,0.0,3.9004084075453274,8.494430631019894,15.523482653668998,27.216822601900095,42.25678029443818,56.55967950261936,65.97409219626276,69.55032854647155,71.55830209760157,71.5755145186968,70.36020356211193,67.72577104137834,65.83435726171795,64.67067514961741,62.9437552247286,62.66328183698673,62.43159383383945,61.87760482142596,60.36889121574009,57.82166352379174,54.99640592410044,53.048273442792784,51.828402849231466,50.777072505232155,49.452909474395,47.8408904333718,46.04866450941178,44.26121787936837,42.65847302705649,41.435863214652294,40.93268613504588,41.538251925225644
686,0.043490243500736485,300.0,0.0,0.0,0.0,0.0,0.0,0.0,0.0,0.0,0.0,0.0,4.09319511940916,8.928194697213359,16.273247154556483,28.426144499084693,43.63045143178396,57.856104207445675,68.32709180964841,72.29303996037781,73.96356322164385,75.20846860108506,73.62515989440641,70.46339508800486,67.13007300798796,65.30596069939762,65.06940498060999,65.80594231507655,65.07484684354417,63.60074772207791,61.618900591039655,58.83107759278077,56.229202031309036,54.31434678372099,52.89508373461261,51.600693910334165,50.14600933718189,48.55434098947421,46.925157754043745,45.38481174275627,44.05257168176104,43.082786640746626,42.81407628411706,43.65022299187594
687,0.1152407147312479,300.0,0.0,0.0,0.0,0.0,0.0,0.0,0.0,0.0,0.0,0.0,4.018072032873795,8.599768898815128,15.561227298772954,27.331232283091225,42.48687553650018,56.22807907952001,65.22517734732911,68.77369380358834,70.040702498879,70.75323069109406,70.25930085938637,66.56331601179376,62.89929484694424,62.2064133881754,62.44646690179049,62.930444335005944,62.90736936522782,61.61712233773284,58.946593249016814,55.54498901257278,52.850231548394014,51.46089189187588,50.6692195270251,49.87205356772903,48.69371155776223,47.205421427805454,45.57310251804659,43.93016699690327,42.38888938972569,41.05734345005603,40.07538175712941,39.58489579523345
688,0.14279634583691528,300.0,0.0,0.0,0.0,0.0,0.0,0.0,0.0,0.0,0.0,0.0,4.091020058929569,8.926052889924632,16.39528525857487,28.838964471435386,44.67823870207829,59.11236243098891,68.9438268172544,73.345995034501,76.980622132774,77.64783783873519,76.27388823758614,73.03505093823745,69.87080777851038,68.65589605582376,67.84807272104318,67.02909068614713,66.59426456132991,67.02454233778458,66.9071706033258,63.84390954989944,59.10676604025917,55.705243007750056,53.77692404255216,52.636873568181564,51.72779040799573,50.845749618287805,49.89127691544167,48.8338267332683,47.660910706109256,46.33549059885032,44.723363474911196,42.690403764215056
689,0.07764755938637471,300.0,0.0,0.0,0.0,0.0,0.0,0.0,0.0,0.0,0.0,0.0,4.190962650770958,9.284907094386137,16.84027403956359,28.90193674627837,44.20506917539191,59.18504077543928,69.80872822725128,73.96865405462796,75.41567444526947,76.00084246453723,74.78034962490841,72.08912979421673,69.06031790149773,66.58341516456397,65.64324701180182,66.03258788248554,64.80809151926279,63.503253558451014,61.79145956096322,58.69239675101799,55.52019832067469,53.796939355274084,52.77648686187942,51.98070812598722,51.186222117146535,50.300479088009794,49.277602598964,48.12244016650542,46.85195597820975,45.41411337665736,43.50216751072764,40.81339510002625
690,0.070869834251383,300.0,0.0,0.0,0.0,0.0,0.0,0.0,0.0,0.0,0.0,0.0,4.217686865772473,8.928197956370559,15.948397019336213,27.6166597260839,42.719863651583324,57.341429795758096,67.97384953105588,72.04173590275002,73.94410505051854,75.11155711039817,73.98716394784846,70.68051642051967,67.6782742449964,66.17941803914366,65.3562339694319,65.00567800690621,63.66785830205127,63.294027349009916,63.31834433431881,61.41748817656033,57.442580036175286,54.03316179028174,51.89332231160083,50.56459517138691,49.57473954586669,48.70871006641512,47.83834744423746,46.921048359043226,45.93597793767009,44.878639101731956,43.80200954474688,42.768057872712745
691,0.14096276448417983,300.0,0.0,0.0,0.0,0.0,0.0,0.0,0.0,0.0,0.0,0.0,4.246895103933078,9.244617105045688,16.81124240122508,29.14420461688511,44.58876744319159,58.552090807158095,67.4587888269519,70.65535140025817,72.07160606916327,72.97409084780865,73.0449747545123,70.64788405682401,67.78332573359108,66.34010852182575,64.8769610988144,64.49366296637548,63.79858222593111,62.43391334266199,60.53979933071733,58.743665429128285,57.177011236435725,55.029452880902255,52.949995433584704,51.24967043990546,49.97702987079728,48.96808013322466,48.04373728781271,47.11949898909943,46.136572919341894,45.001677044669854,43.480277376846416,41.34245736810032
692,0.12862945774311157,300.0,0.0,0.0,0.0,0.0,0.0,0.0,0.0,0.0,0.0,0.0,3.9657908390707792,8.59227677675454,15.669462070774546,27.286696834464767,41.705776572815445,55.44417561944549,65.23216970140234,69.11444611407794,70.22317701320216,70.82414154574953,70.43233779077453,66.71825898551553,62.85390341015221,62.23999501800402,62.77290850631545,62.7806804607085,61.37502265828571,59.40373973755189,57.681602216468804,55.59628936897756,53.37461804969967,51.85939170465393,50.65097101228193,49.452227177177996,48.13045521439539,46.71066151926072,45.247926407725934,43.77999661961323,42.33717386663897,40.92508654964698,39.46908126085718,37.88621678211537
693,0.1980318152790543,300.0,0.0,0.0,0.0,0.0,0.0,0.0,0.0,0.0,0.0,0.0,3.811291037518909,8.60479454694824,15.914472479318373,28.04952037726928,44.05753297125364,59.32784087213687,69.73942885130528,73.7410574771151,75.83273402322227,75.25693882192022,72.58916118095355,70.48672802192957,69.04175164179709,67.49409397703998,66.31067235531938,66.02052534394747,65.7010724439,65.68494801151294,64.58953819222607,60.660693133479135,55.936806580310574,53.30619382187364,51.84251656703803,50.757507796855144,49.652395945670705,48.48195121214514,47.27838369097026,46.0537956853498,44.81475893346731,43.541426401506634,42.11725581515006,40.418952530379514
694,0.14549612489782163,300.0,0.0,0.0,0.0,0.0,0.0,0.0,0.0,0.0,0.0,0.0,4.651412621963892,9.536202831555192,16.584366004657358,28.11332614070948,43.24880554754945,59.02984073612898,70.7629117018186,75.01121231387523,76.09000934968657,76.35717899652776,76.2828628241325,74.08594839800487,70.84602603724076,68.9461816056358,68.84574375070616,69.03209831728779,68.09291050978914,66.33039929236858,63.763665515456104,60.09164073513515,57.09874332108316,55.61416699906127,54.51817082963205,53.29439642194756,51.78010927520568,50.11717986152162,48.49130898274133,47.023875979964224,45.81134353794654,44.944928930270166,44.52760120050287,44.67227921830423
695,0.10932382472489657,300.0,0.0,0.0,0.0,0.0,0.0,0.0,0.0,0.0,0.0,0.0,4.12520642749825,8.946536799004038,16.19153852582519,28.06916980027581,43.61735656729239,58.1811378514697,67.74202530259313,71.42976981700228,72.90537194912324,73.46655670788213,73.17442594958547,70.70846909123624,67.1249256482901,65.46684931663971,65.26664528485934,64.48270529735176,61.72445931643005,59.597576423305135,58.747719771543686,57.43639314205077,54.86941919038727,53.01331567133044,51.845859546897266,50.851335682522425,49.66499331966739,48.26059377642026,46.70044411833111,45.07522722125025,43.47301425121688,41.989924159340895,40.786451522278924,40.0255929400447
696,0.1699433468450716,300.0,0.0,0.0,0.0,0.0,0.0,0.0,0.0,0.0,0.0,0.0,4.389973228247295,9.218874277238323,16.412511056852196,28.329991559460872,43.53880854594976,58.16583587650149,68.43967421995774,72.49691089709256,75.37403975785953,75.8306026747141,73.65760147811365,70.63348690539647,68.02374271238601,65.3181284855811,63.078213990146565,62.886743572189616,63.4053492185655,64.79259006911172,64.91893778578223,61.345618692058544,55.938095243334544,52.7308561120339,51.434227929198435,50.91778394259773,50.34424882908633,49.572286128557884,48.62881242548773,47.5356438221973,46.31319698022066,44.911832346521464,43.023132840849144,40.3428655895121
697,0.09423186587631674,300.0,0.0,0.0,0.0,0.0,0.0,0.0,0.0,0.0,0.0,0.0,4.387863918022985,9.452221615185788,16.826246900763838,28.62103523859062,43.93216402257895,58.9838611332957,69.56471872037214,73.70825700482713,75.70062952066374,76.64589980819774,75.56349787526135,72.57377045574,69.07794508928502,66.3746641220961,64.72004193656839,64.8980865408651,64.97478467573632,64.25036592260749,62.88862154981282,61.07827275986197,59.11311631253679,57.10824361920906,55.341038153589125,53.78758665089804,52.33444465249912,50.85377805164823,49.26447352338816,47.64839715596844,46.114502086871894,44.764750379379755,43.716767267926926,43.08657128262341
698,0.16699432015491106,300.0,0.0,0.0,0.0,0.0,0.0,0.0,0.0,0.0,0.0,0.0,4.285983312546087,9.08909332237401,16.074138859399604,27.39721155062862,42.16452457480407,56.37811894177403,65.82849339642982,69.07440561710727,71.32484438313713,73.19751032542568,71.63070924949675,67.2783939027173,64.06592685271994,63.34535178140014,63.64102199422658,63.613022178954765,62.472922876835995,61.08392427094809,59.11876789923115,56.08590736773631,52.896061754292234,50.553897813243864,49.09295365893502,48.142247620769496,47.35189488354726,46.52312996531142,45.52504186672546,44.33237909883662,42.94811181358624,41.38244321328694,39.66272565949717,37.82017899646834
699,0.14905477286039362,300.0,0.0,0.0,0.0,0.0,0.0,0.0,0.0,0.0,0.0,0.0,4.236658851192263,9.262668717758837,16.92163789503903,29.981360932061936,46.99565766382567,61.9955723648212,71.33553242696412,75.76298344458934,79.53878412260968,80.18930491070611,78.94585926975564,75.66695367636258,71.87653001398995,70.46942974744472,70.26736383018088,70.0176571904186,68.7563464325966,67.8292054974304,66.65475559205608,63.96308264698711,61.22490656810874,59.33112831307308,57.69937590087628,56.10973770673661,54.520561174527394,52.9140618992745,51.284839885831,49.6511436753556,48.03441194700758,46.443776747571974,44.850847641719305,43.2222766025451
700,0.05484671218250795,300.0,0.0,0.0,0.0,0.0,0.0,0.0,0.0,0.0,0.0,0.0,4.021814985792625,8.91441213787342,16.50679019409184,29.18721233117366,45.10235135786725,59.214197371401504,68.20410416411843,71.61391530585416,73.89175521208219,75.09428610753858,74.40990624256172,70.65976545006681,67.05430714927375,66.02027771547874,65.63418539660964,65.1946015978056,64.02515881853242,63.16644520428647,62.098688585001895,59.68327923662148,56.33805464158686,53.43138571166268,51.50727895122667,50.251151895683755,49.27286638173071,48.33820546747243,47.30159279740507,46.19383865462265,45.08341275759847,44.0357134066226,43.12340469280465,42.41661498724236
701,0.27884890727324146,300.0,0.0,0.0,0.0,0.0,0.0,0.0,0.0,0.0,0.0,0.0,4.824450018745897,9.984115444935318,17.46244995076905,29.650849168666653,45.01131064888165,59.24073906217818,68.33953824743506,71.96523163542899,72.91014967949373,73.00466636606578,72.39427577898769,70.37638294980825,67.93907243751207,66.02708884214164,64.36684498508498,62.75447600000773,61.24075543658157,59.94336569629201,58.243795431827266,56.0729345949152,54.3270183733865,53.35359659167629,52.42077607749744,51.234395422171936,49.73678858948418,48.07218617712128,46.40291590304407,44.81806004433093,43.381641994107646,42.14791051877273,41.16067732676848,40.46030507048065
702,0.1654645499239375,300.0,0.0,0.0,0.0,0.0,0.0,0.0,0.0,0.0,0.0,0.0,4.585779501857196,9.274777266322785,16.042709108271485,27.661676065993273,43.63169224845052,59.05134487359731,68.3837120753422,71.47279432503805,72.99536019141252,74.15389661193242,72.99398690974826,70.38606147880282,68.18363627471268,66.60059634925422,64.70848894549795,63.082041022459414,61.54558193790373,61.29504247137,61.78389262807251,60.981240051653955,58.42452399308996,55.69341324413533,53.89078112664369,52.70886821545441,51.64745099468494,50.45912243713312,49.01682863422406,47.393190351588984,45.699761915566185,44.03365292441759,42.47390547434083,41.087061696014736
703,0.20416554358354475,300.0,0.0,0.0,0.0,0.0,0.0,0.0,0.0,0.0,0.0,0.0,4.098713445643032,8.970173885226773,16.307989862741312,28.588619431578753,44.43915590508466,57.99341201599827,65.97151453399178,70.14509130357479,74.58399318670423,75.0488335311042,72.72047025656505,69.90604506837118,67.84460756614918,66.37937619697392,64.88770442172873,64.3901524396042,64.47160102117113,64.47426850287576,63.48398907625784,60.51744668415498,56.65714170851346,54.18380750480102,52.78120600186159,51.73189126820126,50.539749044416176,49.1608994061322,47.654880311514546,46.06808203990619,44.44035278033579,42.77337655094729,40.94069439385119,38.810155325099736
704,0.1586839970313833,300.0,0.0,0.0,0.0,0.0,0.0,0.0,0.0,0.0,0.0,0.0,4.640102187659671,9.490504879600744,16.51451852356441,28.277854152904116,43.51456694202151,57.604088631097945,66.90017320153586,69.86395142811108,70.60676008076477,72.34191164340224,71.92418233190753,68.79220537761701,65.97905985081731,64.7012615080801,64.60578494253917,64.94058514502008,63.70879864226714,61.9215444078499,60.333285296890054,57.8762947720687,54.508615184083375,51.78396665638137,49.97831283234011,48.69411248270535,47.557362909451406,46.41772603707322,45.210168886420846,43.97878461409578,42.78798128177141,41.72657380011333,40.99852092269049,40.82873078321217
705,0.08346500315799082,300.0,0.0,0.0,0.0,0.0,0.0,0.0,0.0,0.0,0.0,0.0,4.407838953164846,9.125765987540664,16.173460920248253,28.039141520632985,43.27271433235447,57.385058924964355,67.04117694434743,70.8605280154869,73.52349133670165,73.90428219115744,71.74162241038509,68.30837343377748,65.64992529216825,65.06974402771765,64.46380096006403,62.67212640780055,61.6348157070068,62.252722124493104,62.16265939455156,58.905765177210256,54.34684897652065,51.629354278513404,50.47998479422907,49.984262985448986,49.43153431852557,48.5652995449186,47.304812673148135,45.791063437447846,44.20491223310071,42.72705426850308,41.59685367193685,41.05224129537945
706,0.16548871208172353,300.0,0.0,0.0,0.0,0.0,0.0,0.0,0.0,0.0,0.0,0.0,4.100312390072957,8.955310735021978,16.33752732126183,28.869939350890643,45.02960889595723,59.035447716709534,67.63853593727394,71.17545396816412,72.63961030417862,73.50825099613161,72.80630434932347,69.40901320383344,67.45157331494984,66.82922223791887,65.58252053972906,64.20721853119392,62.67225946967532,61.32211952521613,59.52455438309633,57.006223229932594,54.1886382547584,52.095556971501146,51.04724250017397,50.55381793802727,50.087882294946986,49.47388533514185,48.650771568611084,47.66142011738444,46.571364960331714,45.367548893221304,43.75359102270462,41.41727356446156
707,0.1435860416900928,300.0,0.0,0.0,0.0,0.0,0.0,0.0,0.0,0.0,0.0,0.0,4.0130801330775085,8.871577620047333,16.194330549335135,28.290021776521463,44.22363686741985,59.78415234042929,70.03295642899074,73.2191644958619,76.51255493728254,77.2906319881272,74.57024447690009,70.87764190039832,68.33026415479313,67.1541984567968,66.55252259175866,66.30626980333825,65.42483514588102,65.20975904871284,64.51115932181156,62.1873728727228,59.27109649956388,56.710671111049336,54.681753498515164,52.94126935074737,51.25380053854517,49.583479642964534,47.95990478438244,46.4868416229896,45.274182518457245,44.43847143698854,44.16025538625493,44.648409639425765
708,0.1477950043572059,300.0,0.0,0.0,0.0,0.0,0.0,0.0,0.0,0.0,0.0,0.0,4.5070396865835125,9.62536444065098,17.231539121941076,29.92779975733708,46.4322482732019,62.2892512356971,73.75692164831263,78.38496572273253,80.57174027729606,80.90196940715855,78.10368448332373,74.56619926846064,72.26016319240307,70.9645401695207,70.23240939478602,69.76509155206834,68.22698318965418,67.12446177782427,66.08702029368027,63.023899138787066,59.13082069631176,57.30454861007603,56.602906455091436,56.031615880455234,55.01451792618763,53.594219742288686,51.9542932444743,50.24658315946388,48.60167865397712,47.12984583177512,45.91397783463242,45.02624580441785
709,0.044178249508486464,300.0,0.0,0.0,0.0,0.0,0.0,0.0,0.0,0.0,0.0,0.0,4.264320218820931,9.350676803206243,16.865615124659982,28.758060448136472,43.942036557808734,58.8378135637699,69.33630467708294,73.76548034356594,75.58882289888201,75.96315504633377,75.27565146196467,72.62150554960736,69.1787557132593,67.5006758268047,66.65282160967055,65.68364705699165,64.25768889595719,63.71611551684319,63.18751094153256,60.51562681811996,56.60728940514765,54.07010283131549,52.74356297624869,51.886689479497434,50.94212678256924,49.78172750485309,48.41340705699886,46.957966644141784,45.55077320203277,44.32950883888344,43.48855619294685,43.230518503536864
710,0.10805267799251908,300.0,0.0,0.0,0.0,0.0,0.0,0.0,0.0,0.0,0.0,0.0,4.334354830180525,8.918201909218526,15.584490318951305,26.660531004830997,41.21234478963621,55.86907042406784,67.00859300585503,70.83378378993595,71.94048853647769,72.73982712640108,71.75476411685858,68.12443436896658,65.31813138929192,64.42193547272124,64.37349881006553,64.18692042925551,61.95887877397423,59.89660156202677,58.62662789230277,56.62483745217992,54.003452643157274,52.31433161589361,51.46674461221411,50.801374428178335,49.77875636494292,48.34865211506759,46.60973482354297,44.75635566999484,42.98205021632283,41.44593114427379,40.26425205175167,39.53864268718014
711,0.04883140208322193,300.0,0.0,0.0,0.0,0.0,0.0,0.0,0.0,0.0,0.0,0.0,4.540481410250691,9.39626434696598,16.39519388998664,28.13423238196797,43.77908483941142,58.457436263110154,67.6663264293789,70.97316077234017,73.16314975724326,73.96365850134072,72.80482877972489,70.34195863746316,67.9020965193134,66.81328199699658,66.36657699268531,65.95305945456538,64.42412816825217,62.70380460712004,61.760555117545,59.79651984468671,56.05369100131343,53.000419326201,51.40098339361228,50.55800829694998,49.75525260919203,48.81960792188484,47.72784638772247,46.525463575350514,45.270681120424086,44.01386590607125,42.7909251194755,41.63138853322422
712,0.13825050687862137,300.0,0.0,0.0,0.0,0.0,0.0,0.0,0.0,0.0,0.0,0.0,3.6689166824207207,8.497857364075529,16.102624861154577,28.461624770084608,44.0620169455217,58.92066449525784,69.21119869160349,72.74014740978323,74.45053221186106,75.17076444758115,73.3740347586966,70.21453651895216,68.5681479854052,67.5864156731898,65.9161478396421,64.37516171062113,62.798319514721484,61.9446615546785,60.75041806370502,57.7987407071669,54.89168264725656,53.545243149986696,52.57246133680223,51.52371437910727,50.32406227182953,48.96584910842473,47.468483061031485,45.88974543690823,44.29082008313946,42.720941291944015,41.20589651769541,39.76351947896814
713,0.0779659183224421,300.0,0.0,0.0,0.0,0.0,0.0,0.0,0.0,0.0,0.0,0.0,4.017129620007695,8.570668488735107,15.456988972286327,27.205358183174063,42.706528135213986,57.34590156674226,66.6945840879654,69.89306576563146,72.02645619616644,73.19374131139097,71.31106332332618,68.79158126728312,66.06193596329237,64.55917268357952,64.98351420045545,65.16903049973764,63.79840392296171,62.76963934362433,61.87194214030951,59.21110555365051,55.56510758117308,53.11728075212713,51.745154444807255,50.79373740928904,49.76097437733161,48.5347105655631,47.118975345150666,45.59401554341194,44.0500988272948,42.55803965192057,41.14679074984292,39.8332185318367
714,0.14198288233752346,300.0,0.0,0.0,0.0,0.0,0.0,0.0,0.0,0.0,0.0,0.0,4.520593871450648,9.350227161261156,16.329645005284664,27.661149202799,42.31782901344362,57.01276146774357,67.57953988532275,71.2285625083651,73.44975832679877,75.1329701120521,73.91487347734024,70.20674485100643,67.28793232230245,66.77402358250559,67.53053855929392,67.80838940995282,66.28327357961044,64.51842082882273,62.79018922088395,60.530118280166114,58.23165841599998,56.68503885347881,55.32064824848742,53.857553295292156,52.23360493753555,50.56062023562286,48.95367248784589,47.42093671277038,45.94646468398282,44.51551163762271,43.11442615441131,41.730809563120836
715,0.1161301264596007,300.0,0.0,0.0,0.0,0.0,0.0,0.0,0.0,0.0,0.0,0.0,4.076797747214003,8.59721071562119,15.38681581311377,26.90677223794278,42.14864879841523,56.126645021465094,65.25440281121541,68.79597920178011,70.60562389193538,71.2216317348525,69.88085068557194,67.31960948842607,65.86023783460855,65.34277430945276,65.15554590130195,65.26922296704319,63.617500804251165,61.17543026712271,59.06343968751671,56.882164357697235,54.410107433904045,52.644448130198214,51.66053359303872,50.921418972458994,49.942768551430596,48.67344700555149,47.18099196829049,45.57896321556769,43.98069194930857,42.47414446152583,41.09404726484753,39.86023015600251
716,0.15149647277900324,300.0,0.0,0.0,0.0,0.0,0.0,0.0,0.0,0.0,0.0,0.0,4.246154296572029,8.979200593493513,15.97494547871485,27.67424905688588,42.772731988570605,56.71017640017207,66.04422705560215,69.92658497104483,73.15772985792259,73.58372306056052,71.59843384141334,67.97238671095661,65.10382119397784,64.42392687648767,63.94823542949158,62.74721720063617,62.09579534628333,62.672056624020485,62.62977283762824,59.83850992853328,55.69831359094195,53.19130933111045,51.774042567413815,50.74267878181807,49.701234743145044,48.60142809834979,47.477980048872354,46.370670402000705,45.31725050750972,44.37660158999966,43.70098645049765,43.46033024682851
717,0.20941186567688966,300.0,0.0,0.0,0.0,0.0,0.0,0.0,0.0,0.0,0.0,0.0,3.532988229921498,8.246090173518384,15.685542469004256,27.820455827321183,42.917592889381076,56.79322857073836,65.64816379500287,69.04215143123926,71.55877802333363,73.0861850711737,72.37174029721443,69.63182014574161,66.34003285886614,64.30334139687652,63.199970524850464,62.249009066871714,61.06411748580213,60.75877910515455,60.18201748204784,58.02207904015779,55.93971677261541,54.962675459304066,54.04274802833021,52.81254301177057,51.24885020597305,49.48408980462883,47.66283902040203,45.86876675266408,44.163257186862566,42.608355614849714,41.29620994783063,40.318046356043915
718,0.056200662115507685,300.0,0.0,0.0,0.0,0.0,0.0,0.0,0.0,0.0,0.0,0.0,4.3481850510933135,9.21727010265535,16.624561510178893,29.206623959307443,45.58655165266149,60.451243391332206,70.16040487191225,73.77751792768687,74.95523159323668,75.44498150385658,73.76201216987384,70.66017476849949,68.10852789272248,67.17432221952106,66.72401662721019,66.21976348409912,65.11947585562508,64.07379828405693,63.01095380835587,60.417614348857896,56.58681737930315,54.13540233448158,52.8782206393045,52.06397643040769,51.13835022934512,49.95717968625534,48.5215169531081,46.99027128277503,45.54270461101556,44.364302938557195,43.732041190251664,43.94729713647872
719,0.10880049429313639,300.0,0.0,0.0,0.0,0.0,0.0,0.0,0.0,0.0,0.0,0.0,4.298464493648433,9.205421458589742,16.6567637204704,29.313656408745818,45.8879272922558,60.87447415886473,70.51814652335567,74.25646177596855,75.76875154421866,76.54715896808833,76.18883183661345,72.9492112811198,68.9539263403756,66.89466359800532,65.21692132271875,64.05209524688857,63.227882429848755,62.749620243703085,61.514434548247465,59.28238307397567,57.053549940416524,55.46925543059516,54.136271352918946,52.83580179193987,51.470119787793635,49.986479679272705,48.374685547777176,46.73274130886316,45.17209149636943,43.86701961334916,43.278465350594615,43.94245095526546
720,0.12171347227164522,300.0,0.0,0.0,0.0,0.0,0.0,0.0,0.0,0.0,0.0,0.0,3.9668402621509977,8.871440013899585,16.342890220008783,28.544699661927595,43.88763651754623,57.63497760908994,66.72437149573426,71.28508043949155,74.81383716674591,74.65341802694314,72.88411217117226,70.58798116530123,68.07969512689111,66.1192942824914,64.51677535411702,64.01310673780124,63.17500923968799,62.81876713528142,63.02810398255108,61.35899634550661,57.86112627158763,54.820208409101156,52.54000923443307,50.746919271295354,49.22722145444631,47.892399447724294,46.69154076898375,45.59504279346028,44.57965640082428,43.5994742504576,42.517443364307056,41.187507573073404
721,0.0700935307283103,300.0,0.0,0.0,0.0,0.0,0.0,0.0,0.0,0.0,0.0,0.0,4.473328197361151,9.224749030587311,16.161803704243606,27.76111316967576,43.52612643976261,58.714273730341205,68.44445065279405,71.76592318923315,74.32755103096676,75.55685590612065,74.06457978521395,70.03654837240744,66.5497697105839,65.4723504301671,65.06635762444037,64.39356826284924,62.98892659870483,62.19176295072406,61.66609602071582,59.662338985710825,56.61766678435907,53.86158493873868,51.93469463292403,50.538643718380534,49.301834408604876,48.043813095001816,46.677603674378574,45.27722926443589,43.94520209726776,42.81540780543829,42.179645613983226,42.365764377069745
722,0.1766396517853796,300.0,0.0,0.0,0.0,0.0,0.0,0.0,0.0,0.0,0.0,0.0,4.428809256463723,9.68550824013895,17.547435268580276,30.52985257036214,46.65695451092976,60.916829550218935,71.07142030910467,75.46553279890873,77.62650092421723,77.52498881683105,76.2211069746488,74.11596391341457,71.82594785813485,69.09531186942208,67.40589011285536,67.74313592339963,67.9807619840547,67.23753303707657,65.42406957163924,61.15852985640701,56.27453279427038,53.61380674971487,52.309557568957594,51.46687602502858,50.55772994755225,49.49012954937926,48.29152501134375,47.042413279014994,45.82891567443567,44.728499886674285,43.812255378709466,43.14643765551713
723,0.0758271210840749,300.0,0.0,0.0,0.0,0.0,0.0,0.0,0.0,0.0,0.0,0.0,4.351958725177097,9.202187766799543,16.250963662305292,27.742365626678335,42.67558422870154,56.90641564856335,66.50953854953767,70.40559024529406,72.8311489337125,73.09946818925813,72.01213900266899,68.0806182094936,64.5034961549272,64.13206146277996,64.78799364161586,64.80302734574397,64.00785478221627,62.475455715606664,60.454637516751085,58.03384081941121,55.52430631528614,53.50071215884914,52.20736816445288,51.241649306756344,50.16592727650121,48.85757778206229,47.3154165744758,45.69293212128021,44.16208702480143,42.875663711645586,41.98222556954895,41.62701242479696
724,0.09395108946500158,300.0,0.0,0.0,0.0,0.0,0.0,0.0,0.0,0.0,0.0,0.0,4.603992717567584,9.929698532800534,17.73762145994793,30.043467225306273,45.4409308373547,60.36349329902667,71.0561884379751,75.22941917008886,76.96645222825694,77.42455269771347,75.79538768969554,72.94668656168422,70.58488759006661,68.387668626761,67.38781218425285,67.63094944193192,67.03005714887941,65.47441044399748,63.34226867207126,60.76969791982789,57.742302807280886,54.92845394747683,53.30556618146865,52.512599907053314,51.958228450197836,51.30671176352216,50.3543213491657,49.15460536162383,47.81917428142994,46.4311416093923,44.98976581468282,43.476810431671545
725,0.2765589752949212,300.0,0.0,0.0,0.0,0.0,0.0,0.0,0.0,0.0,0.0,0.0,3.2426711423260786,7.750732083880875,15.119624694083644,27.349781147734994,42.56861041545277,55.96856238027829,64.69463527552614,68.2772995741287,70.2245037780065,70.59276075712148,69.74781686388623,67.36987019359742,65.69444866361778,65.44717340789674,64.50308909778522,63.66490720247862,63.09958927612886,62.61527192893047,61.869035902263825,59.58228017712428,55.94696586076495,52.96201210189236,50.90149126180145,49.38193220039088,48.0603224209539,46.749464446754374,45.349276650907846,43.924140662611244,42.5679492942062,41.4050963277014,40.71241114552343,40.79915259538371
726,0.08103977836003591,300.0,0.0,0.0,0.0,0.0,0.0,0.0,0.0,0.0,0.0,0.0,4.433367619333313,9.30217338880957,16.32691419459908,27.528783953001227,42.344621813844725,57.530490636286075,68.2774866460321,72.03139625869883,73.52953610296565,74.28940960520784,73.38040698783622,70.25452183314592,67.35006296311612,65.95698857163624,64.22558129733886,62.65565355178829,61.50445963004487,60.981961794387246,60.551827146893956,58.6080484589432,55.67413577331325,53.60048475412214,52.26257905691736,51.18477866316586,50.03119318780794,48.73511210922905,47.306021542368356,45.79394965487824,44.25373815144759,42.744989808362334,41.363047083315664,40.20148367161659
727,0.19142725070849143,300.0,0.0,0.0,0.0,0.0,0.0,0.0,0.0,0.0,0.0,0.0,4.040592586520491,8.95057261558419,16.23003606070879,28.08590547707641,43.352227555853204,58.45598527606387,69.27534372071098,73.30895008354626,75.83797970709858,75.96306945231535,73.87075272583898,70.83307440111385,67.78257736298865,65.69461913649175,64.50306528655567,63.90986643307432,62.40256309487689,60.81931669910737,59.30279381496681,57.28776827795779,55.17521979538245,53.15156983422133,51.34412605715777,49.75216917079668,48.32450351205172,46.95324798805809,45.56118981729381,44.213682103180844,43.00073881081503,42.096814669265875,42.04088778174062,43.50222431769489
728,0.19826884355111007,300.0,0.0,0.0,0.0,0.0,0.0,0.0,0.0,0.0,0.0,0.0,4.218967317778859,9.197499682244763,16.71077920962139,29.02369061619519,44.8750087218914,59.741447702578355,69.66354818540606,73.58097635463643,75.17031673324594,75.24571971394516,73.74592355058701,70.20216682692266,66.78137723200469,64.90771590975213,63.30217902607387,62.357909519115374,61.10733335189571,60.60381156302176,59.814673246160986,57.12240968191775,54.235447540704165,52.9939421969056,52.43182145418386,51.85679226540213,50.923770729320275,49.65592141418185,48.1640078265257,46.550421239495726,44.90702383823656,43.334435115928066,41.99778848866,41.061984145665924
729,0.2255320753009749,300.0,0.0,0.0,0.0,0.0,0.0,0.0,0.0,0.0,0.0,0.0,4.6215964051878995,9.876879203415493,17.5945570760986,30.145806926595213,46.18668658032692,61.881388968341085,72.25137603009256,75.33413901904439,77.05258842121542,78.71214977175507,77.94675839286332,74.93980422376355,72.25569475090107,71.35939080067304,70.7835270915443,71.77654219859589,72.16748955555936,70.51459771600257,66.73262645929998,62.07937503381031,58.21471554719561,56.54163149214297,55.92149208728807,55.45127976480865,54.6042681723134,53.41735775529548,52.04655366043567,50.58275887220199,49.09541628794935,47.635691500167205,46.207209479404135,44.80277833860738
730,0.1292363263767755,300.0,0.0,0.0,0.0,0.0,0.0,0.0,0.0,0.0,0.0,0.0,4.3665009076879855,8.892742381525796,15.517673341456632,26.932799321178226,42.75871024460432,57.99265499972444,67.48811399585564,70.69425569782192,72.89944803833596,74.29829450356847,72.86845380642143,69.41094024963682,66.96263270832867,65.1072822225203,63.7662927535447,63.84372133085123,64.78192618918911,65.17615236251295,63.63215183673036,60.27807226888999,56.405323187354426,53.59856943461815,51.81717726939768,50.58339540404941,49.509881624394296,48.44921028401552,47.33995438010721,46.22083832897989,45.14993704977628,44.21900572145298,43.66781423728275,43.76900737001758
731,0.14013164073087306,300.0,0.0,0.0,0.0,0.0,0.0,0.0,0.0,0.0,0.0,0.0,4.682562485177683,9.401466750503157,16.07791478452221,27.155686343563037,41.893563039690086,56.70805742688886,67.62006976663865,71.68767753400915,72.59927809835465,74.58353736340342,73.70226126415959,69.09017152227061,65.30466937581804,64.37466028525257,64.76494160252186,64.92959403036599,63.208861039889435,61.69315342152523,60.92542316417549,58.69168146989714,54.70512399466597,52.182186907892486,50.949055607437465,50.143659394095025,49.16966382919183,48.00933928878984,46.7614692252161,45.450522969766,44.08292948150171,42.630405855538136,40.93676271036129,38.84413899845245
732,0.0935471406077159,300.0,0.0,0.0,0.0,0.0,0.0,0.0,0.0,0.0,0.0,0.0,3.664014262715275,8.33798331962425,15.558772043688107,27.412075382187474,42.79592242307377,56.866897911923296,65.4191053332361,68.65686646461386,70.3984868170193,71.32917029166717,70.76472574794711,67.6420434318689,64.45901503188014,63.00468073281157,62.73924158329063,63.388054738395375,63.134978476436416,61.88884492997393,59.933736628646564,56.795989321331454,53.808015234091286,52.34948359494513,51.286691894722566,50.20655415057841,49.04862436323005,47.768268919468646,46.34768507392492,44.84618665079326,43.3348225119075,41.89579882652935,40.67799280146131,39.832896737956084
733,0.07597393288597917,300.0,0.0,0.0,0.0,0.0,0.0,0.0,0.0,0.0,0.0,0.0,4.538686301659769,9.694447239461523,17.110496213187236,29.153359392517665,45.06837025318962,60.29747504201779,70.74143261976066,74.76008525183813,76.28959629781386,76.97268620106144,76.20815027495728,72.4389934076097,68.07034146142018,66.42553032728244,66.18481781236356,66.20115325134523,65.8440705411584,65.71917724109039,64.65546457551403,61.34570121995956,57.682952538417055,55.35434605571552,53.86152704918654,52.713028699120976,51.61668969232614,50.48823590100704,49.300639390071275,48.05189094986575,46.74585951696823,45.37193972827917,43.86567654850376,42.15958155174302
734,0.12938997420126291,300.0,0.0,0.0,0.0,0.0,0.0,0.0,0.0,0.0,0.0,0.0,4.831382604441114,9.80657455996353,17.05767804779561,29.1661383844833,45.013115793265975,60.360882711912495,71.06565695781744,75.14912330573992,77.18972933108083,78.10407557369358,77.47302946667334,74.43884244293069,71.46569807771841,70.25853378119552,68.97588922385891,67.67022048505592,67.59942984678969,68.0149566706207,66.62240606428371,63.34072319535327,59.85957564598836,57.41103706698692,56.0072740360875,55.06721836555344,54.063990229421485,52.889124858579635,51.55647488161735,50.156991588336446,48.79155445990598,47.55597262923577,46.559131134031155,45.90778483570958
735,0.11944669542854744,300.0,0.0,0.0,0.0,0.0,0.0,0.0,0.0,0.0,0.0,0.0,3.912332399539569,8.817922827365287,16.117824748633222,27.98924518343681,43.02702061457201,56.49747555916311,64.88030795193842,68.53337553468225,70.65638129911994,71.35373619238,70.80035898313074,67.42913588610645,63.99512786683938,63.412284936464104,64.44097835567364,65.00979163585072,62.800026857740384,60.074331070460744,57.79277486440417,55.69454676790799,53.5992438560518,51.55571589843359,50.073950800695364,49.05971790215558,48.26662525845972,47.49145118936641,46.5859920696828,45.55615862982569,44.44329208369733,43.276737977113896,42.0487648532691,40.74470761609573
736,0.12276659508377877,300.0,0.0,0.0,0.0,0.0,0.0,0.0,0.0,0.0,0.0,0.0,4.352015655520995,8.991371088953295,15.671450609464612,26.901056979293486,42.15436009208738,57.59693409772935,68.63928190034804,72.75935727941325,73.93331066558368,74.4199196560659,74.04340101140588,71.47616794184016,68.17014894683358,66.74930228893594,66.45741189699321,66.09757233839848,63.638041736932074,60.99540167550858,59.365427314934976,58.0567646608744,56.398947643747114,54.453057438167065,52.85530621428019,51.6009516351899,50.507536287243035,49.401600937202204,48.155953245644085,46.78740192589642,45.34421978562716,43.87833726056091,42.46758633697078,41.187604373165634
737,0.06039656527115619,300.0,0.0,0.0,0.0,0.0,0.0,0.0,0.0,0.0,0.0,0.0,4.33342226681232,8.890807362621715,15.619462918498774,27.28605160192195,43.072395941220464,58.203209783039355,68.05964427813755,71.47583418234373,73.31684507568626,74.66460841447778,73.23736542420393,69.53610809748332,67.07350493080263,66.07486638255048,65.16945111611759,63.94092126579643,62.01510461142162,61.15147675692097,60.556500961291135,58.16993675306439,54.918023265548634,52.91069830654429,51.62252435981496,50.578781101550135,49.54407892741911,48.42439797643279,47.17821426947741,45.82523396654984,44.397904243154535,42.938069353997705,41.53010046188732,40.258940861479545
738,0.15611263138637718,300.0,0.0,0.0,0.0,0.0,0.0,0.0,0.0,0.0,0.0,0.0,5.347191539988401,10.472071040960847,17.583343823148876,29.590538764096003,46.17235199470408,62.016696837058284,72.16183711178091,76.48837869400349,78.53065861311599,79.51812037525954,78.82386915147823,74.4993754158378,70.61406815899605,68.84762668374579,68.10490704884558,67.51267167539523,66.41084704271726,65.74979639468745,64.93024705868677,62.61725375772925,58.791691172028415,55.69844772652989,54.03338951483806,53.22466526277469,52.639697276096314,51.94467368797464,50.94279149026829,49.67286695109042,48.228173716899335,46.67692724202456,45.01014415248096,43.20537860949085
739,0.10474404968624532,300.0,0.0,0.0,0.0,0.0,0.0,0.0,0.0,0.0,0.0,0.0,4.583291270775858,9.587428754869709,16.99674839028959,29.28002115550999,45.00353999898479,60.35310294966064,71.47231430253659,75.61634850826216,76.85120562258236,77.88923414818406,77.7034098520098,74.36101066185428,70.50490208438762,68.58562080061269,67.69583794539751,68.2160223370066,67.83961877663802,66.20300234363563,64.03860772347923,61.086977167791154,58.12992547601853,55.9081238796985,54.20421145048397,52.79618923595291,51.54177593122327,50.35319738926458,49.18280307347244,48.07615540190356,47.096136357022644,46.33487457097722,46.016878023999574,46.40369203274473
740,0.08578814416904432,300.0,0.0,0.0,0.0,0.0,0.0,0.0,0.0,0.0,0.0,0.0,4.64676632681016,9.11676263206304,15.543678658537198,26.52398036674869,41.31716242330165,56.098463108486605,66.76423978143538,70.47177081072766,71.53943794338677,72.38171407850798,72.06381466368187,68.79537632139338,65.89863366909312,64.89671972007217,64.58852158336809,63.70421366502159,62.36247640181711,61.567595254195226,60.443287977664205,57.62143124520637,54.49158942847206,52.980293041935916,52.17357953823607,51.381399613857056,50.267948149609104,48.88708688798356,47.375582380721646,45.84139130525133,44.37587213772827,43.05819457110747,41.95621790351625,41.13129712358616
741,0.08965533616911928,300.0,0.0,0.0,0.0,0.0,0.0,0.0,0.0,0.0,0.0,0.0,4.439161146184752,9.373246498710088,16.689667312115294,28.696077615181398,44.68020506607277,59.97536264201673,70.1024453244305,74.02040783172899,74.87614072670847,76.59310887509233,76.02021069960288,72.1325221129826,69.31454874513001,68.71134723561131,67.53726034156122,66.06645844658208,65.04331471106512,65.79716579521725,66.34184948220916,63.56879525543719,59.04080000459585,55.71572408008699,53.60255234233747,52.17236821384995,51.02853055535587,49.93459838540194,48.74796236007978,47.514120621537884,46.31695207288794,45.271735517550425,44.64100559299402,44.71884959828507
742,0.14942781607729233,300.0,0.0,0.0,0.0,0.0,0.0,0.0,0.0,0.0,0.0,0.0,4.002237672022253,8.890849286223673,16.171262845886975,27.98792041539643,43.20834134685578,57.694947163413005,68.33187932378088,72.95697295109112,75.98507414014287,76.0937461101107,73.72199167327969,70.28031667338358,68.53727571344903,68.42888991971195,67.63282389023874,65.96293038082825,63.99474462604529,63.55626146515943,63.62520582542416,61.697287031763814,57.9911396551596,54.90601747559672,52.72248951470738,51.1254768194732,49.8692777936943,48.841832616081916,47.96776602580793,47.17837091879625,46.409420749649726,45.57659154008245,44.50847139861815,43.03001284612854
743,0.08570443723106001,300.0,0.0,0.0,0.0,0.0,0.0,0.0,0.0,0.0,0.0,0.0,4.530160659549093,9.7175414328004,17.28602519306096,29.67476785416612,45.928248305886804,61.48357771498295,71.38985136376839,74.83937323535659,75.91196499402258,76.5261782791951,75.83035620298277,73.12304268996112,70.65799936414209,69.15916566760878,67.90959159925517,67.16566491915255,66.16063281978383,64.96981402819446,63.771513907833416,61.47013504619569,58.494862131005966,56.76603260321364,55.345008132013355,53.72789805184917,51.83482194235556,49.93386831915323,48.292326672470786,46.966135706405424,45.96372346096495,45.284481228007515,44.88518062600908,44.717040528643345
744,0.054450230273212996,300.0,0.0,0.0,0.0,0.0,0.0,0.0,0.0,0.0,0.0,0.0,4.226776914906879,9.163404470679154,16.54829709138794,28.7164881978588,44.43535884078738,59.401672840721,69.74974992085664,73.82397288813006,76.03011143028384,77.34546761800028,75.5885740423341,72.09638520298383,69.1035607524923,68.3023058043672,68.73158869424987,68.73836808745916,66.4037723031586,63.67564374941843,61.9466930171907,60.223004619386906,57.9250686932487,55.98245168110115,54.34277877192307,52.83893621634952,51.38483732534178,49.96192675943315,48.566139968935666,47.189135476443695,45.82196291585273,44.4804210480784,43.27197255479748,42.31540984841358
745,0.05000304754826907,300.0,0.0,0.0,0.0,0.0,0.0,0.0,0.0,0.0,0.0,0.0,4.554864750638454,9.627449565080493,17.129310378561886,29.737884856586216,45.65528951302461,59.78274857025282,69.60113454955503,73.46356637902915,75.1340885069169,76.06665661556312,74.61592453397839,71.48271260099872,69.03777956955051,67.87087127771825,67.66851345873957,67.37379750003919,65.28762786327319,62.974224090324185,61.793921271608596,60.073798320468924,57.260540834199254,55.11976135895939,53.75013614145486,52.6556590287113,51.44816927155941,50.112919210154786,48.71227948916468,47.27272695829176,45.81071562605971,44.346592456596916,42.920449096297624,41.57250731400534
746,0.07954681942091488,300.0,0.0,0.0,0.0,0.0,0.0,0.0,0.0,0.0,0.0,0.0,3.9717998179614744,8.890229015939191,16.366927647284783,28.628902072918212,44.44045111854518,58.664124155614026,67.5128200379777,71.33111728419492,74.13385528916056,74.26793131110308,72.2197825968718,69.03582538904581,67.56494647872366,67.61329892895411,67.00045039210677,65.52558317820827,64.35805890763487,63.13901204331993,61.05834790287626,58.42674126501231,56.01364083442147,54.3023264605929,53.17178334601118,52.259628359851426,51.25010752682888,50.05779337682994,48.67722475111829,47.18587186965004,45.673345490221486,44.23097807191416,42.98611885453239,42.06393539928754
747,0.08766462528585507,300.0,0.0,0.0,0.0,0.0,0.0,0.0,0.0,0.0,0.0,0.0,4.080946140694586,8.96648352705923,16.448748505830483,28.9113211341031,44.9340598310563,60.22325592521193,70.30059262861631,74.01642763786968,75.83465425853244,76.33894473341482,74.6575598891524,71.34424991223099,68.42412915124449,67.03652653306717,66.36880259439184,65.99436976126212,65.31167027158777,64.66025974119671,62.97015961884462,60.128909127042405,57.066316092150636,54.47352078087448,52.4472596259435,50.92793462926181,49.833877727191286,48.99719048411363,48.25924291301365,47.546639686819645,46.808320450572715,45.99735042192152,45.075548454533816,44.009820595087405
748,0.166772247793788,300.0,0.0,0.0,0.0,0.0,0.0,0.0,0.0,0.0,0.0,0.0,4.659548468409875,9.684079169687918,16.868723483191474,28.348983221187286,43.18202023635173,58.48244679889782,70.08385051791385,74.44221176485762,76.26205713484705,75.99463161980752,75.05495020954727,72.48121154489488,70.48317953553912,70.10998863887954,69.17103798585671,67.90445790352076,67.11476603950724,66.51032136163266,64.53552888778468,61.256001832945415,58.623338857152135,56.790165836902524,55.11650631529557,53.38236295792879,51.54613269263663,49.74066851426755,48.0921150561477,46.59563350442064,45.218630257394935,43.95310195311506,42.87504055180457,42.074021791972726
749,0.053187758924324854,300.0,0.0,0.0,0.0,0.0,0.0,0.0,0.0,0.0,0.0,0.0,4.606390197304922,9.313630014137473,16.057037448588314,27.425646734754938,42.79477986220409,57.660877808154595,67.6148054038283,71.13780848920386,72.9514131829296,73.90722807729527,73.43609712762895,70.39697509055372,66.57750648712577,65.23212974656464,64.30351140451866,63.02248277053705,62.282693618604824,62.279631045353305,61.461420461263266,58.65139352817795,55.10020578292123,53.00846905107418,51.83720526443272,50.95809550238664,49.99142578041217,48.83144494414248,47.46780654656197,45.98957732887708,44.50045807825534,43.13006371540172,42.14177824301988,41.816938639858655
750,0.1186440404215015,300.0,0.0,0.0,0.0,0.0,0.0,0.0,0.0,0.0,0.0,0.0,4.525678942227538,9.37580073316385,16.33282378518696,27.64522470084334,42.86668299672915,58.70529028595389,69.6935906788995,73.38504836114456,74.26129107337177,75.90929084502424,74.8503401430749,71.44201358275386,68.31457086685222,66.96232764912934,67.2605908398507,68.45200025420553,67.34966916785835,64.638837477595,62.302549961621445,59.71543721462828,56.49129501252336,53.61764706731476,51.60285533712398,50.22031580130498,49.17577174593791,48.313755366739066,47.53461540829378,46.81230608934411,46.13848350242162,45.460633383425595,44.55534320721991,43.17716204270495
751,0.14718064102400713,300.0,0.0,0.0,0.0,0.0,0.0,0.0,0.0,0.0,0.0,0.0,4.63664386057809,9.33709195199627,16.31855799642729,28.721202519171978,45.34908563232236,60.42165342394929,70.23818168994012,74.00759465513713,75.46668968386639,76.35607503482562,74.75424718047292,71.4903229354842,69.53537867327698,70.2545297877559,70.79237929630997,69.40193128014884,66.52257079130085,64.30553447845992,62.729209955147674,60.947875431339504,59.03758686621439,57.01461360090611,55.52563754110072,54.403383881898066,53.296228092915165,52.04797359708775,50.58508232020263,48.95089786493903,47.21242877414501,45.43783082981216,43.71672439656205,42.132874365487794
752,0.14261821521640902,300.0,0.0,0.0,0.0,0.0,0.0,0.0,0.0,0.0,0.0,0.0,4.60145566221288,9.361179726907706,16.15552569735936,27.54017936747912,43.04589348103919,58.56812018135083,69.2529680245823,73.41271645305491,75.06928389635588,74.90248288168766,73.56737428503789,70.20264721492717,67.4505057075563,67.29633427058644,66.75367470539847,64.9933584164686,62.53586877679669,61.64247219167012,61.344283242723314,59.63884642081039,56.88974719220087,54.9893627841844,53.814172347354315,52.76347487994109,51.41502740214653,49.85305979335012,48.26118005134358,46.773104089978226,45.49908409399259,44.573383571479404,44.26460573052545,44.888047587737425
753,0.04269599193773609,300.0,0.0,0.0,0.0,0.0,0.0,0.0,0.0,0.0,0.0,0.0,4.252026721031542,9.028675729365236,16.07634572029468,27.85994922802164,43.57764230448238,58.23457392384658,67.29097016686224,70.75651820610237,72.9872366357304,73.26887122493376,72.52203909590175,70.20943531635679,67.32945180251006,65.32969701978692,64.81376988924094,64.93121077298105,63.7053541534256,62.38206763966276,60.81169061723987,58.19713552009627,55.387881263788124,53.633616180306866,52.67471162309842,51.93374696511699,50.96552891229268,49.70811238839003,48.21187167081859,46.59158862868242,44.966028714790845,43.4213151182751,41.96432329334666,40.584128363375356
754,0.12649841800272055,300.0,0.0,0.0,0.0,0.0,0.0,0.0,0.0,0.0,0.0,0.0,4.54242432745192,8.994513818593116,15.412890986225142,26.474777488587282,41.66403793373643,56.353605506344586,65.71311334487514,69.12566188729109,70.03467643718999,69.95023379985473,69.35428619753418,66.06883478341183,63.37093796067652,62.852852902187955,62.46148250213491,61.98073596922305,60.66874635727319,60.10454515302973,59.31223442612074,56.90308913990506,53.748400718636354,51.419745877878185,49.73764575076258,48.452520644600725,47.40706018517113,46.380784969753556,45.204332469802196,43.927035937112116,42.643112789793754,41.45805861873393,40.55037464329784,40.10636671606181
755,0.06837522400989186,300.0,0.0,0.0,0.0,0.0,0.0,0.0,0.0,0.0,0.0,0.0,4.272710230281459,9.002106164557404,15.87339719765042,27.26385101566956,42.331755314921985,56.93296752223826,65.87912478598749,68.90015971011908,71.69241488469163,72.82959104739982,71.67025136777755,67.93172201994685,64.87925285034008,63.95628196624987,63.6502712932851,63.173158186952044,61.57788079749788,60.17931201395735,58.672822917394505,56.41865954871256,54.074050077951625,52.54968628244137,51.526620674010196,50.52303898409525,49.22294867921029,47.735998404829196,46.2416211675604,44.834385986311,43.58155355525971,42.53055573177067,41.67732412617486,41.0076849262537
756,0.09583672934220279,300.0,0.0,0.0,0.0,0.0,0.0,0.0,0.0,0.0,0.0,0.0,4.247099984128432,8.926985309110831,15.85392784860839,27.40991061021623,42.77392531921955,57.36358621924615,66.57853467846793,70.00271623960978,71.65736944098364,72.7859885355732,72.22298991919446,68.38753520415675,65.13684252571801,64.48116286041669,64.7820578302528,64.98489438289447,64.78484741107074,64.16265445751777,62.847439619578296,60.3149168036253,56.91925266438369,54.27253128556875,52.547782731614696,51.29338847215809,50.11782665668418,48.92764779445503,47.709771618273926,46.485657034042525,45.28247999213263,44.106166674815235,42.89121305309906,41.562139303517924
757,0.046054692550338644,300.0,0.0,0.0,0.0,0.0,0.0,0.0,0.0,0.0,0.0,0.0,4.420258461502563,9.494941810090728,17.18771602023829,29.906106341654752,45.67330895481599,60.045704018463184,70.05259296317384,74.11849739880053,75.77774732293024,76.91347215661153,76.1464106147726,72.53379166146817,69.33308433041748,68.0529437512826,67.20665229921936,66.88383756707367,66.45862257662168,65.69046327353344,63.48262486844791,59.886071945069105,56.71594061294887,55.11980866375152,54.2100521238276,53.36344579106494,52.24406098011831,50.8587713858626,49.30034684234209,47.67647749505281,46.08805825965275,44.622485607943744,43.354065966238636,42.34855617375935
758,0.19325121545139878,300.0,0.0,0.0,0.0,0.0,0.0,0.0,0.0,0.0,0.0,0.0,3.7757987316530595,8.265257368176892,14.98545495163504,25.996347402697094,40.59163985386062,55.65868036788988,66.70352528264964,70.24544841124734,71.58567613386865,73.67834049060026,73.01557471024985,68.55811426842646,65.51770503006986,64.54914611747589,64.06454715696125,64.05381173764461,64.26236844691913,63.673447737942446,61.621044258178244,58.06070228760745,54.29347306802703,51.824604641092584,50.58103206731473,49.849077628177504,49.016014289250634,47.976720172793996,46.77481909840375,45.54881806443895,44.44730587638364,43.60818504478098,43.17518207136356,43.29777641511905
759,0.1410232211484551,300.0,0.0,0.0,0.0,0.0,0.0,0.0,0.0,0.0,0.0,0.0,4.255577723331114,8.980626377264386,15.88907048168817,27.115050962395735,41.504471171176334,55.12735085943892,64.36253916249663,67.97347600428009,70.49248576448906,71.18607371952692,69.27466742376427,65.78917418305289,63.634965674465334,63.560929691470065,63.48443335176264,62.47110892092919,60.59512853621194,59.181565950973074,58.19749600790257,57.28252481513951,55.962070564663215,53.577952236984615,51.41961480104738,49.70339452641502,48.261613263425716,46.94847362767659,45.6617219150879,44.418498844439966,43.26011164751972,42.23040736188938,41.39751087682844,40.832275116971736
760,0.11747748138982624,300.0,0.0,0.0,0.0,0.0,0.0,0.0,0.0,0.0,0.0,0.0,4.38901297438558,9.226251870931119,16.27348497602587,27.955875459357618,43.39001392648827,57.936603167080115,67.11419680440612,70.2722790856301,72.40482416155078,73.42599754318928,72.29679299943277,70.08511895218533,67.57035220176869,66.41630295286728,67.0606716771138,66.40658259876767,63.442159954413846,61.44335644742617,60.304560937337634,57.613081009226406,53.92361469351223,51.61489919102736,50.4573349518208,49.79434950740465,49.148322952832984,48.3575602434437,47.36210220803468,46.18904539527002,44.88505801660859,43.48500655086517,41.986917930480644,40.38266820453641
761,0.14218300757521324,300.0,0.0,0.0,0.0,0.0,0.0,0.0,0.0,0.0,0.0,0.0,3.8484977810099665,8.643059658715533,15.978541774370598,27.910591457387284,42.563033120875744,56.320751050405505,67.14142684429044,72.05133206977845,73.0923949140376,73.93588448003518,74.23224235801585,70.28822234359146,66.00878058148305,64.31257503175526,63.4598036240551,62.71396767842344,61.62939216750788,60.65056811331455,59.750228578806436,58.146978574023635,55.506414503110214,53.01264325992576,51.37654404458357,50.275088560295856,49.2859252199586,48.27606565660628,47.19947481362065,46.0720311395398,44.9223494060017,43.76928850372996,42.602773550519565,41.407151236697885
762,0.058944724370311834,300.0,0.0,0.0,0.0,0.0,0.0,0.0,0.0,0.0,0.0,0.0,4.463357132185939,9.458679986796085,16.88586285668019,29.007838144853928,44.54919308657023,59.594614895628,69.95928320566094,74.27830584863835,76.40312055726432,76.27673980209913,75.93247030046639,73.81150604619852,70.45828178854232,68.55262338787838,67.16086024428236,66.19263842551763,65.45070987625805,65.0498442114626,63.8283500590176,61.07378051832511,58.06822562542901,56.01007708515223,54.39330866015494,52.90461933842064,51.42394597391119,49.953816721942886,48.525380860427525,47.17646358834381,45.94272076024399,44.869898367710306,44.055556551943894,43.60621679354353
763,0.06762597290926095,300.0,0.0,0.0,0.0,0.0,0.0,0.0,0.0,0.0,0.0,0.0,4.191783147307079,9.026875208258836,16.15370694980026,28.069515818236663,43.88624276503982,58.521845549015254,68.01887851161784,71.39607370148825,74.03492181777972,75.39609847172541,73.58146526123707,70.69369327310677,68.62706030702785,68.06830059064309,67.47039067556851,66.19908496194371,64.81804936722834,63.85811223880072,62.440100248408186,60.136755958820466,57.607113104399474,55.72448399435019,54.35730035268581,53.07032261107061,51.55056609592183,49.91676310447497,48.35096272937513,46.93386281578358,45.717072881680764,44.71852817701189,43.84339654467156,42.97718474918894
764,0.09245263729410366,300.0,0.0,0.0,0.0,0.0,0.0,0.0,0.0,0.0,0.0,0.0,3.982441936394871,8.535959785543339,15.548311279248933,27.505199791235682,42.77617188326239,56.583912681706366,65.68910748072088,69.83268377971864,72.6972071195538,73.16625171761744,72.43077756173955,69.25299885033623,65.8624138869009,64.23664005299364,63.326784469513214,62.854167744487434,62.50798437357031,62.31100997024676,61.39237853068091,58.68128766572808,54.87356097490116,51.93509875304955,50.11156853579053,48.93205130241854,47.97820724910501,47.103960848876795,46.245840233501454,45.402413713309215,44.586064472639464,43.78204285668607,42.87519801836288,41.735649616104595
765,0.1120982999804194,300.0,0.0,0.0,0.0,0.0,0.0,0.0,0.0,0.0,0.0,0.0,4.545240465024528,9.23495469293046,16.20245348306867,28.508015438953603,44.925477984128676,59.64416857372858,68.953141272519,72.38897619341019,73.93243328649852,75.05760812242983,75.00562347736056,72.00855284109235,68.4244030113862,66.57618267755015,65.42789490432979,65.15014798097452,65.46368503892019,65.28723767018595,63.50535018993438,61.36253646856528,59.59881843664505,57.31872890465183,54.907823711334615,52.71740177970842,50.89544729110401,49.35556096731968,47.98562496516259,46.7450863756777,45.61157737259343,44.58277161352881,43.728111014879076,43.130068095373296
766,0.15067858524052294,300.0,0.0,0.0,0.0,0.0,0.0,0.0,0.0,0.0,0.0,0.0,4.454987892795623,9.352430944983581,16.42451362943476,28.0400382736856,42.9783800256394,57.15493377798123,66.78926053282709,71.0404358828051,74.4075232762675,74.3157090627112,71.7112599651536,68.48860394800823,66.92717389730183,66.61866572123064,65.23755414792086,63.62366450842861,61.71598955788507,60.76258203074283,60.7063602092311,59.35842590911476,56.331853897144185,53.64472917131945,51.59249850037322,49.99994791082891,48.73790275567246,47.71932984890085,46.87148348112432,46.12325469355985,45.406980413632525,44.615753690106686,43.4821041256507,41.73126970096312
767,0.08081648561103587,300.0,0.0,0.0,0.0,0.0,0.0,0.0,0.0,0.0,0.0,0.0,4.156101367679182,8.91089763391534,16.048919172827073,28.260080826190045,44.01485162114551,57.48685204619013,66.37526182430753,70.606524080668,74.32168479326887,74.81735001945677,73.23842572704875,70.4724594878781,68.06414335439318,66.79558616067642,65.90045411623137,65.93250759004758,65.1039861149285,63.554247353023484,61.61435821759458,59.0650521251122,56.49335126778157,53.959336646794775,51.981514334453315,50.56240960539714,49.522949339524914,48.5882342453428,47.529105104565815,46.34162898225226,45.073554775827205,43.758790897090705,42.39005876692302,40.95244606134876
768,0.17271996522276042,300.0,0.0,0.0,0.0,0.0,0.0,0.0,0.0,0.0,0.0,0.0,4.027146634228576,8.790305120108611,15.820689357648863,27.22974829438405,41.897384295898746,56.62863419654499,67.86642146166011,71.87660586466761,72.46343240949271,72.39109859662369,72.38980113640298,69.69352312483963,66.95859717808811,65.71136623637696,65.30244454685872,65.18311416362741,64.97342404296934,64.36572611988045,62.10841592947672,58.448451827984734,55.287291129351985,53.44174166639374,52.34282231379467,51.54100173890501,50.7335152519588,49.74973954543439,48.486704484234544,46.957786137526604,45.20564170012806,43.246165908439075,40.996647408086844,38.3791033335774
769,0.14347420462655172,300.0,0.0,0.0,0.0,0.0,0.0,0.0,0.0,0.0,0.0,0.0,4.732471417703255,9.575152332135188,16.719721545738476,28.906155856453463,44.699646897561315,58.44080105966351,66.29829817117543,69.33405134356242,72.21111784781107,72.66970173336973,71.40410613568342,68.93948092442017,66.66811324058828,65.62419257354586,65.06077292471036,63.882000406566924,62.36691447744871,61.5500149444759,60.417701040700244,57.81902245523923,54.811677696770296,52.79973265681277,51.49757048265788,50.464516706168105,49.41626044131514,48.34592969819838,47.30060348314817,46.290139867476924,45.31498311780909,44.34425241679546,43.22917155476795,41.80785731896589
770,0.0787432405063602,300.0,0.0,0.0,0.0,0.0,0.0,0.0,0.0,0.0,0.0,0.0,4.214881934649978,9.253929465666252,17.02154117572824,30.02701296239198,46.55221652006949,61.50217301480057,71.66063211540225,75.19840422210886,77.31390818278744,77.2184776115764,75.38474637279069,72.72916163470443,69.89147061997308,67.38951342703098,66.30315602276669,66.67754200316116,66.39100678948476,65.68152532937572,64.12338356971676,60.96165045717002,57.20892868466528,55.138389751560034,54.099783748058634,53.35282312399456,52.447540397096745,51.300626305923174,49.93311880055115,48.416973563161655,46.830529794871296,45.27327390530578,43.94676027394142,43.058147119368385
771,0.11894296697827562,300.0,0.0,0.0,0.0,0.0,0.0,0.0,0.0,0.0,0.0,0.0,4.202193743865505,9.014190529908056,16.05843128614594,27.69197238464577,42.87476391448198,57.54185402972659,67.2024270409845,70.23507454898889,71.77006581051339,73.06094647563802,73.14897406144287,70.6762987651414,68.24082077077496,67.11168933834799,66.11699975716397,64.7643001097384,63.053026888109926,61.928686411256436,60.75870255028821,58.73087328829913,55.93531710282631,53.53789046133327,51.88988717597561,50.66715919448314,49.52614219941226,48.34824912548306,47.09438025182895,45.81469220781448,44.574824161853634,43.44282020927718,42.51759156062142,41.90001072360559
772,0.06171513660631394,300.0,0.0,0.0,0.0,0.0,0.0,0.0,0.0,0.0,0.0,0.0,4.405098447583794,9.433195037060383,16.86982621056661,28.882426865548563,43.9523529207468,58.16802553105183,68.67904748806743,72.92119043899896,74.00578694164454,75.0428792326025,74.60209198549589,71.21268845185466,67.54247444815873,66.6887518297115,67.14532573945924,67.32663717794419,66.45254107016889,65.01582907811891,63.728836865395884,61.49458278399398,57.86466891227294,55.14351143083336,53.412910761909444,52.03917301532429,50.56185203075734,49.0365852029182,47.60665016315385,46.323708077929375,45.21523268220068,44.29714900611502,43.549163650381175,42.9445440924883
773,0.15785099922732687,300.0,0.0,0.0,0.0,0.0,0.0,0.0,0.0,0.0,0.0,0.0,4.326840608025709,9.156345203751686,16.259395231157743,28.050930062752453,43.17330897319348,56.85401939935995,66.23679534710807,70.61034187319295,73.82763935210762,74.54353309343074,74.29979894652493,72.32272047309473,69.06751308923548,66.15723475457506,65.12275774622579,65.05889322790041,64.3315686477043,63.0151281658925,61.01589033523964,58.01206911148459,55.29788303567,53.760985351470886,52.696421896217586,51.64981896401768,50.40995201939239,49.05274345462333,47.696945447397844,46.38788414000652,45.15069116342035,44.00742431896062,42.97803139593793,42.08055565238152
774,0.20516870115414834,300.0,0.0,0.0,0.0,0.0,0.0,0.0,0.0,0.0,0.0,0.0,4.534290513160698,9.610166030220864,16.99479855882322,29.192811509276396,45.734437698164164,62.062917687801864,72.29328119725139,75.24144224243597,76.32308130001545,76.13872709863206,75.20509197883315,72.98885630675863,70.18258066065283,69.73390884427394,69.64306683603441,68.75533908847466,67.79612363739689,67.13303780265653,66.10528748353438,64.17570617277912,61.676616685034574,59.18730664204447,57.071721943268315,55.28819944041202,53.715829037774995,52.23557783994352,50.75370481367787,49.24887278286954,47.71720039243721,46.1506497157327,44.52440146005782,42.81356919498287
775,0.05713431753213206,300.0,0.0,0.0,0.0,0.0,0.0,0.0,0.0,0.0,0.0,0.0,4.076659496046624,8.8261362481763,15.823723233893679,27.44121906319421,42.73678465897866,57.21923231320537,66.73995968658632,70.20418670703003,71.43154843047782,71.99433423994354,71.36566711924435,68.96562026362882,66.2300689778982,64.42195241156985,63.353593690486605,62.727065489166,61.88109362130747,61.990838931659766,61.572927084250146,58.977905477456645,55.58865874944579,53.12708498021108,51.6949121003591,50.719870922312715,49.688820922851384,48.47644779214012,47.08217445801232,45.614913869047655,44.197859787071856,42.96330953719945,42.12340606339051,41.90304746198064
776,0.2714390642149035,300.0,0.0,0.0,0.0,0.0,0.0,0.0,0.0,0.0,0.0,0.0,4.52473170165878,9.540786836758677,17.143052670607894,30.256305827317533,47.36496230504757,62.896329047314175,72.95291724791784,76.798978955669,78.16959672888952,78.0269953942192,76.7461204294738,74.37796833564403,71.99337324799296,71.37280116159792,70.30106390480073,67.40484188848855,64.02571238809938,62.87320108670568,62.432756663095546,60.09525677489659,56.336760002778156,53.629192779132424,52.20698993377678,51.45933563817713,50.839153496440645,50.10789935730434,49.138927687340235,47.9376050766097,46.54192895154115,44.98319642057789,43.267941247112255,41.399950240208234
777,0.1451982480344724,300.0,0.0,0.0,0.0,0.0,0.0,0.0,0.0,0.0,0.0,0.0,3.995653743532796,8.704801764351647,15.83502258108351,27.69608230832085,42.553597323148345,55.60208637432621,64.52567784383683,68.55965724456543,70.99868165657345,70.86955826310165,70.46203844893924,68.6143096536179,65.54425200074773,64.56520514211356,65.38778589216982,65.13230769644362,62.916690799307396,61.4830309072021,60.69057169902715,58.22330701849494,54.53142626266515,51.85192742080688,50.27337274442956,49.20132159175195,48.153693785108594,47.021286851283406,45.80980171847616,44.62005797319962,43.56574455308523,42.800659036128735,42.6730481401175,43.59886545462628
778,0.12975232658839936,300.0,0.0,0.0,0.0,0.0,0.0,0.0,0.0,0.0,0.0,0.0,4.233725814352016,9.242861865995465,16.772136461287722,28.982153191779027,44.63501539998682,59.406128976887366,69.6375475820559,73.73818109310639,75.51896499947419,76.62003184563015,75.1818224585326,71.4582764117777,67.2002450544549,64.74217955242568,63.81139931492207,63.72379663803614,63.441072073475524,63.20618570025789,61.852325623350715,58.66164468240292,55.45270932952799,53.61945741500776,52.542290611559345,51.58703060151042,50.36172742329309,48.90782721124863,47.363994665366164,45.86029532792968,44.51223974756582,43.481564586988,43.155045760291586,43.99173754094592
779,0.11879049123965424,300.0,0.0,0.0,0.0,0.0,0.0,0.0,0.0,0.0,0.0,0.0,4.174715410435182,8.935530239087099,16.00764339180406,27.863231476886224,43.64719600864757,58.79080124208913,69.14681899968222,73.2303850578596,75.3073509511687,76.14368166331502,76.01505488006673,73.4636038330568,70.3500550143187,68.90434286969547,67.81296114732517,66.5020893587109,65.16512675286398,64.99594572206934,63.91408863150277,60.52094455551202,57.12761024321216,55.377829973459285,54.43219106135394,53.62569976741863,52.592808856470874,51.36656376266952,50.049644314909585,48.657260202389324,47.18457756887321,45.622924834856526,43.945783430191526,42.127850915957026
780,0.1479465633968175,300.0,0.0,0.0,0.0,0.0,0.0,0.0,0.0,0.0,0.0,0.0,4.111332045871138,9.374734125902439,17.497652996751064,30.45872921157403,46.65050993846592,62.11639310930538,72.97666058601341,76.98558533023909,79.30802482604987,79.68524358239125,77.21149065942359,74.77919342452986,71.4090869295991,68.10882283637201,66.81921145062064,67.57768063071612,67.773119319125,67.81572300431574,66.26194614568772,62.56140536822658,59.19072733194799,57.51413433724813,56.2991661788949,54.97136441616227,53.362657628475496,51.612874693316364,49.90753851171922,48.37369952710261,47.11412860641122,46.239034868316146,45.92265973534545,46.36663552180784
781,0.14480931683175866,300.0,0.0,0.0,0.0,0.0,0.0,0.0,0.0,0.0,0.0,0.0,4.854132721783501,9.678398259809441,16.592736336552036,28.41202132610404,44.498541703830675,59.44311135824881,68.97449459780549,72.94259480659464,74.19133181905686,74.34165809359091,73.91122862894426,70.23848657832825,66.26792002863945,64.9550054472001,64.85748816894792,64.24419444735763,63.220479846112354,62.4549547558726,61.61719310325859,59.45380393884688,56.34191513393177,54.138029908460915,52.661038177106306,51.40704670927939,50.04927597039896,48.60001735843497,47.13262365394626,45.66380824094588,44.19639209313841,42.712765621131574,41.121010937629215,39.32589022233323
782,0.05960565795525344,300.0,0.0,0.0,0.0,0.0,0.0,0.0,0.0,0.0,0.0,0.0,4.471021099150842,9.574622377773602,17.187094091501645,29.492717643689225,45.022063194515546,59.76750209708797,70.12720027428216,74.06752117209847,75.83729415073417,76.76718518874387,75.94624766607762,71.80405477363466,68.59271698595126,68.4135647966158,68.13041146279024,67.31314278843558,65.83695425416167,64.834496470124,64.0873521645607,62.27998755046822,59.49971879774334,56.921728865278645,54.7792740282489,52.900729509612574,51.15031640618393,49.5874487206884,48.27415981776876,47.137120581654926,46.07862903409836,44.999212547727105,43.76891691608348,42.263751083856754
783,0.14264173713570344,300.0,0.0,0.0,0.0,0.0,0.0,0.0,0.0,0.0,0.0,0.0,4.71543239368599,9.788173314610345,17.141002785538223,29.299656061144915,44.96268044620359,59.283385015286875,68.99015300173562,73.30971597653473,75.7033064836089,77.00904831407239,76.68770449948705,73.24968976885017,69.49798447366935,68.20523557895248,67.60892185102556,67.17836350671266,66.57313379663435,66.99052045261188,66.97790379881656,64.26690265315716,59.888161896896946,56.7263482469897,54.75330886451503,53.32423765930988,51.96733082703851,50.55131010672361,49.05403715893573,47.552380314949886,46.13745467229008,44.92549667326942,44.16312096050653,44.123563885389466
784,0.0989376157416209,300.0,0.0,0.0,0.0,0.0,0.0,0.0,0.0,0.0,0.0,0.0,4.0925548390052775,9.20793836620916,17.05732600388292,29.896954022740623,46.25203709293553,61.5860020152734,72.08857557711828,75.93058497649308,77.50230115331851,77.77145114969527,76.88370561791263,74.02177105093575,71.64330180722096,70.6693366194063,70.56920936873234,70.66959464414698,68.85997044147132,66.93287303343659,65.61127322164457,63.25049711825827,59.51734285337648,56.95508777160542,55.6253955015838,54.73277549933848,53.65315523962269,52.37417917936669,51.01803992620639,49.672783821730306,48.41160946773484,47.27091116428625,46.16996936810503,45.007451570682115
785,0.10931572116373894,300.0,0.0,0.0,0.0,0.0,0.0,0.0,0.0,0.0,0.0,0.0,3.957216955521785,8.895257732703557,16.218242324868896,27.9867114836424,43.5480232187573,58.998846265804104,69.3791200801072,72.5429676005306,73.57659270335559,74.64528703919176,73.82056340044231,69.98258740767265,66.77281827547117,65.71828451616189,65.338133915847,65.25216735025248,63.69639482630836,62.592810237891904,62.335503691319836,61.21479153984494,58.8572523156035,56.33029284007268,54.55247905401497,53.22780475284669,51.89459143104211,50.401085291414276,48.71621194108471,46.96566551133833,45.29585686202313,43.86244551343159,42.91745218186821,42.72883571339558
786,0.1734163696459024,300.0,0.0,0.0,0.0,0.0,0.0,0.0,0.0,0.0,0.0,0.0,4.233203232742094,9.063246965498669,16.211495992918586,27.96441056979727,42.86713786583477,56.736399924957865,66.26296864792846,69.9461127917782,72.44806040071173,74.27988727516761,72.54223616520962,68.23190941255903,66.02541051846008,65.84003843257717,64.61835138404551,62.63508272975984,60.99919526122182,60.289439014233736,59.82796546272578,58.436844130715755,56.233712172161326,54.48809412187481,53.19035182700059,51.94381476497798,50.46578873310686,48.843742237145214,47.236681111154894,45.77561563082752,44.5732523547403,43.7742844645375,43.68934116865061,44.696178382807666
787,0.0857560151117647,300.0,0.0,0.0,0.0,0.0,0.0,0.0,0.0,0.0,0.0,0.0,4.4107523904267785,9.383693249038059,16.805826816660414,29.204631316756604,45.11649843340865,59.59925987182994,68.97028238906182,72.4695168852074,74.94702391830477,76.39656151990634,74.77692048620644,71.74610736005846,69.24474098174248,68.70782967896022,68.78354428988816,68.61072391751603,67.05342035596107,64.47419078259072,62.014301125501845,59.590432972402226,57.142258355244515,55.18741859889074,53.794526419139515,52.73474995640277,51.77170996721879,50.73528841805435,49.50483265291957,48.068403797957274,46.44208131008534,44.68153792820404,42.98188956108074,41.545213421308766
788,0.11809446935116451,300.0,0.0,0.0,0.0,0.0,0.0,0.0,0.0,0.0,0.0,0.0,4.4887502873200695,9.658282705108485,17.461219877904686,29.97680956462755,45.278339052236745,59.53849573405493,69.75687271292514,73.84248014489862,76.3718548328664,77.44064829859106,76.45823751000421,73.28354149423747,69.7985085190377,68.53763547961734,67.80460767994299,66.72204863036653,65.65080388187704,64.56748816216594,62.4848088204605,59.21507195122696,56.25486559766741,54.68973869668747,53.88004016805076,53.132664529795996,51.97894484624862,50.424549682507575,48.60696393195424,46.72144885435642,44.953927291512166,43.498960666110484,42.66851875085215,42.80226138126617
789,0.16934388801095715,300.0,0.0,0.0,0.0,0.0,0.0,0.0,0.0,0.0,0.0,0.0,4.773626619183443,9.712096789494781,16.884986183859517,29.268158007731063,45.74637414227917,60.299370894766774,69.89549075901515,74.0283148371609,74.90070508430485,75.77327387766084,76.45467358453894,73.85087878460027,69.72368264502617,67.46161084600575,66.38422862319858,65.59215364286707,65.3056007798167,66.04875722982207,65.98005444542312,62.68890244704926,57.67558230413364,54.38141425634175,52.49725228993341,51.26397616660808,50.18040955449363,49.059372313215064,47.831615709311514,46.57835759123482,45.40766309508074,44.45081449787241,43.96425702765869,44.236857306424334
790,0.06614219981594227,300.0,0.0,0.0,0.0,0.0,0.0,0.0,0.0,0.0,0.0,0.0,4.52032714760681,9.547165068921233,16.89938629685053,28.97152744149157,44.37987221526175,59.41866730476336,70.821493680123,75.2543344835784,76.82050274164773,77.31935103314848,75.73702159241275,72.64871433107756,69.82849976062913,68.26485097235218,68.12460880470924,68.81443143542337,67.43469462325122,65.50771344455366,64.5039405505517,62.45255161198129,58.36855924864136,55.085228300519894,53.41830567883437,52.57869623071727,51.76270243824938,50.73133907122691,49.42711330986939,47.94951403766542,46.42594033649402,44.9561173710656,43.575580732247005,42.30253886689697
791,0.15864402696129337,300.0,0.0,0.0,0.0,0.0,0.0,0.0,0.0,0.0,0.0,0.0,4.216477499770136,9.149690806115778,16.934720525957562,30.150204198691988,46.24307519858591,60.02690614165874,69.16061516905603,73.98761359526358,77.72325526851319,76.90844123583668,75.06998306638391,73.09293220610152,70.10657336951319,68.85606383689455,69.22480236866797,69.36454218216342,67.37346588226072,65.28774310217388,63.433666109223424,61.0614321883014,58.065489475160746,54.90930129245332,52.60125979507916,51.04950343271999,49.92599073427847,49.00879247824936,48.14267853520762,47.307270331628175,46.51354892364434,45.76347352131788,45.02777161348202,44.27113535338317
792,0.07593225335400829,300.0,0.0,0.0,0.0,0.0,0.0,0.0,0.0,0.0,0.0,0.0,4.636325023060289,9.440689566103252,16.453434052731122,28.305224897665838,43.9231912210994,59.17723452501308,69.47799334956821,73.25032427589336,75.74765141064596,76.47116117480309,74.25740187874506,70.98605646217901,68.46177600212754,66.66783517846152,65.42132743004055,64.75666201873354,64.01694397934843,63.629357257318944,62.23645342782069,59.3109726164454,56.27612952132115,53.58061191697202,51.470231179063965,49.906708060186986,48.76021452392494,47.811477362788715,46.87068292708825,45.90621959590701,44.923815152071796,43.947266392997015,43.07181440163161,42.40326674495965
793,0.1614826613456817,300.0,0.0,0.0,0.0,0.0,0.0,0.0,0.0,0.0,0.0,0.0,4.092327771447474,8.77293401961574,15.67726996726566,27.25240079953547,42.87610623568931,57.8887713066174,68.05174228308542,72.48944799119114,73.8232083264267,73.29056399440117,72.72006524207164,69.61737820902803,67.08517919961758,65.84382391697666,64.8247167882079,63.29519067714868,61.149795471319464,60.577329039681786,61.44451298904804,60.71883915735561,56.988436788461655,53.177810699043725,50.87753932739964,49.58702431280567,48.63575210004182,47.80086763001712,46.982648817950455,46.14091705008703,45.2509465736891,44.30397718954788,43.347824328594406,42.43984942665784
794,0.12307928592296981,300.0,0.0,0.0,0.0,0.0,0.0,0.0,0.0,0.0,0.0,0.0,4.3801769692401376,9.10139140940991,16.172530612685755,28.239012014063512,44.670531153043626,60.653223463745846,71.44522154162222,75.46140088806206,77.03434733459243,77.40128277832828,76.70452902395608,73.55413319238264,70.08251274728121,68.10869822146933,66.88911768919584,66.02423654978556,64.6579122158174,63.24849125279493,61.36037266319603,58.9234755936179,56.33492143655988,54.48378819007001,53.34836795759404,52.45074804366251,51.392788757183276,50.20272845143362,48.98679085517269,47.7751461160487,46.57851926210852,45.371378667879746,43.995519400538356,42.28114039085738
795,0.14845224002327345,300.0,0.0,0.0,0.0,0.0,0.0,0.0,0.0,0.0,0.0,0.0,4.08878172675912,8.856519829258705,15.779765210376691,27.03034049550129,41.600006801238706,55.278413362681555,64.79314493780116,68.82686617086135,70.77588017498816,70.21709443810296,69.25965278701182,67.42522069411777,65.29220217597864,62.94783054767365,61.120333395968075,60.301759574074474,59.76546153697147,59.676205162642404,59.35323049344868,57.8374887991932,55.2971622141394,52.841038463290495,51.13028872418769,49.88148641833042,48.709108458383945,47.481393605966666,46.14759113517488,44.72422664481182,43.241773811157266,41.7592001958549,40.449626114904525,39.494806463280064
796,0.0942099940776293,300.0,0.0,0.0,0.0,0.0,0.0,0.0,0.0,0.0,0.0,0.0,4.147277135410117,8.79620142879984,15.671248107957304,26.820112272104343,41.361784340479076,56.29146025991227,66.7331353656245,69.7123923427863,70.13007141782698,71.99080465888659,71.7760472091687,68.39296237816498,65.32879571322599,63.696929830943034,63.573391623378946,64.07784681456845,62.81757616533832,60.965446949269264,59.47247720479981,56.74049340607194,53.195289377495854,51.43540901380438,50.650824347423836,49.9639975211122,48.900896152129505,47.61177963569802,46.333635791406934,45.10327630675006,43.91024343324341,42.71481795615003,41.36566743642631,39.70434008444435
797,0.17357910050521055,300.0,0.0,0.0,0.0,0.0,0.0,0.0,0.0,0.0,0.0,0.0,3.943594254634185,8.42720844105557,15.139568850217065,26.764184229443682,42.420914724643765,57.057321640125885,65.96407790124456,68.91547200259055,70.30378792451687,70.68521483494767,69.51141998803539,67.08943036636182,65.38959529715648,64.89673673012682,63.64992408514716,62.727518713010305,61.83210815609532,61.100897980366824,59.72157534040977,56.958202656686055,54.40938913291881,52.87849935488782,51.62531825541875,50.317911365523024,48.85840515674751,47.304471206471554,45.73416275915811,44.18257867038687,42.67192069648919,41.19559041131206,39.64952990807284,37.922273245197225
798,0.08851438600308552,300.0,0.0,0.0,0.0,0.0,0.0,0.0,0.0,0.0,0.0,0.0,3.8816002715996443,8.857147773097811,16.371904877252174,28.545741130914227,44.043297756686606,58.192321928700835,66.91086365009257,70.52745849937062,73.79805620891294,74.8757270865925,72.88520288576233,69.59337534923289,66.5313174871877,64.85570287983565,63.916650494726035,63.447377483840555,62.532938497369315,62.373749563750174,61.68105756453729,58.779964633433444,55.21687981689395,53.31046761177285,52.44197513991917,51.84052321042242,51.0041100020272,49.83501394414403,48.36446278453507,46.7219341107752,45.04766355480725,43.46255872988004,42.0648772307108,40.938932864128525
799,0.11637095715840112,300.0,0.0,0.0,0.0,0.0,0.0,0.0,0.0,0.0,0.0,0.0,4.965527440272718,9.834399208128117,16.77328846232097,28.417181008438963,43.692780767680325,57.89593470728875,67.13330012495102,70.77629645339132,72.99409018355826,73.52257004125514,72.14029233883957,69.04212738808451,66.86495949168237,66.65166899167255,66.7236684536242,66.14471956927223,64.24901600355291,62.51287209699861,61.56320740136588,60.01226517953513,57.269603117872535,54.32932081651835,52.052177650028426,50.468227135,49.4136730139029,48.59281346991115,47.74041558640312,46.78625680610719,45.70903784984913,44.506534403282565,43.24084456160282,41.983422360896306
800,0.1147460066595629,300.0,0.0,0.0,0.0,0.0,0.0,0.0,0.0,0.0,0.0,0.0,4.33404132717057,9.10237706503566,16.232618491954398,28.47108693709904,44.62224720521591,58.619827027247695,66.66961185335562,70.29105753722082,73.32210491693466,74.6077424025702,74.19154088570575,71.35646958436737,68.15614456544425,67.43622062610328,67.26914319466644,66.91757197635329,66.07209818981364,64.251453871968,61.80634822471959,59.18943803333616,56.38558383532099,53.76012485499535,51.97215794469687,50.864289140241404,50.097651386529215,49.34781087842579,48.36346862111006,47.13641033913606,45.71736228576501,44.17455836209755,42.64457162318325,41.264434115877904
801,0.06618400921977202,300.0,0.0,0.0,0.0,0.0,0.0,0.0,0.0,0.0,0.0,0.0,4.276855614137798,9.36925476025468,16.955356095409673,29.182421391646773,44.87204592257179,59.920291973202026,70.42597550076003,74.15231049153661,75.32673015185081,75.85756616209834,75.21399724175949,72.44862617705141,69.65055619963745,68.45395131542658,67.37361970133298,66.2771305885615,65.4327812313336,64.83868668003167,63.127268941795876,59.48221372112162,55.706417709173934,53.59651217869431,52.43568448736179,51.61191497827708,50.77606101995269,49.83830945136128,48.779371657022324,47.606589936089065,46.33353963824387,44.947614879320845,43.33940495616679,41.39555219223509
802,0.18176719507392144,300.0,0.0,0.0,0.0,0.0,0.0,0.0,0.0,0.0,0.0,0.0,3.597093997663527,8.150278344951115,15.296404836800104,27.258718736966873,42.22638689134643,55.05843396384514,63.43976786287671,66.84372568569711,69.07094877232703,70.1257004114916,69.2233202849581,66.94169955216469,64.6347505999297,62.12776073971504,60.1192797035254,59.842206699121355,59.91174952761541,60.358306440354916,59.50520195876727,56.388732958856856,52.81727133858472,50.61712069394349,49.59454406374478,48.982125082149444,48.15908210127922,47.07687356394373,45.82093185493711,44.45930550059111,43.0511747599226,41.62456852839902,40.10892079683646,38.42216140257941
803,0.08985766933393619,300.0,0.0,0.0,0.0,0.0,0.0,0.0,0.0,0.0,0.0,0.0,4.1313098515903395,9.166642784008586,16.575589580089886,27.978406736934648,42.22789915439744,56.35137105602929,67.2421836187666,71.97548556987188,73.35788352327305,73.86967655922587,72.29475532689176,68.96145932139795,67.54419429233329,67.0197995543868,65.86036964308951,65.09090186180678,63.71163216173411,62.468620915321274,61.2805974057741,59.0629490956375,56.16423829561073,53.95200813030355,52.5937713301953,51.61127118620178,50.55010702955567,49.24469104956037,47.65548301956017,45.930442353735714,44.24380792714242,42.77704108456643,41.81015317328912,41.63759895884186
804,0.15617834797682123,300.0,0.0,0.0,0.0,0.0,0.0,0.0,0.0,0.0,0.0,0.0,4.030633170490506,9.046761998952398,16.691997917925924,29.163171665851923,45.49003237452944,61.20686889769147,71.212778028742,75.10057261877814,77.79811911317861,78.66012670260494,77.57525828076005,73.40792600577068,69.33931833227179,66.88740316418003,65.96410221932898,66.53204356291874,65.85785634157067,64.02045560975544,61.29266242687693,58.512706257801035,56.713154412737794,55.46127891754252,54.40677334414832,53.34888361409473,52.131299662443645,50.71101762020797,49.09872920289875,47.3946061386513,45.70875029209653,44.17442434185222,43.0547144609474,42.62805961598443
805,0.10500845937654589,300.0,0.0,0.0,0.0,0.0,0.0,0.0,0.0,0.0,0.0,0.0,4.425254929426754,9.502755324981885,17.15836697345097,29.64181658923947,45.71476636717292,61.23229540090093,71.78570746770512,75.54874184453377,78.01072494823211,78.78156628571419,76.6436244630573,73.77369812800724,71.60044431425604,70.71212255232716,69.3217865945307,67.47977953240894,66.00342788739903,65.21139763002517,63.59075125185305,60.22109359786114,56.58066461164354,54.56995036430657,53.58875383720372,52.93544244966508,52.156432211315256,51.17742088326913,50.02894381911492,48.786568653034784,47.53079387354798,46.31942658509858,45.146790495762275,43.99338438998461
806,0.16675248001835344,300.0,0.0,0.0,0.0,0.0,0.0,0.0,0.0,0.0,0.0,0.0,4.3301363320010084,9.263066530122535,16.531262909912893,28.420200276405087,43.967628074427076,58.297059612681124,67.46891559997401,71.59729245585703,73.92317518498288,73.37553715153915,72.42350368509959,70.57177791868625,67.9435209384253,65.91888872521314,64.14269824451218,62.09806277760786,60.011835050481245,59.68975823900077,60.13818162283095,58.61915967947765,55.432600141799824,52.902148555594536,51.338625607106955,50.26471666028227,49.242225271753306,48.065191388554254,46.639920104253626,45.061324972900316,43.45778688839109,41.94044355198661,40.60151146906546,39.52066782751427
807,0.14993442828595016,300.0,0.0,0.0,0.0,0.0,0.0,0.0,0.0,0.0,0.0,0.0,4.73406887870603,9.726818882684288,16.855676511773623,28.344373229035714,43.26731639404744,57.55807119288585,67.81549123415806,72.73224188640887,75.16503507159155,75.02366629443021,73.57258762405408,70.75720844258295,68.7866955708042,68.31829117484153,67.88741732753088,67.54773801909414,66.9366767634888,66.09900918394034,63.204595331188315,59.559726109281115,57.183345559957786,55.34262058532957,53.81911374265608,52.56090645533709,51.46753119064246,50.37076138356161,49.134392368998675,47.78024082545859,46.36426216690988,44.899461694343735,43.25358788763896,41.28212106101584
808,0.13260462938577686,300.0,0.0,0.0,0.0,0.0,0.0,0.0,0.0,0.0,0.0,0.0,3.8056600764191653,8.544259764969024,15.718736819164086,27.696527544709316,43.20912700773619,56.64312801394922,65.20408952119332,69.12923502496756,71.03758483930542,72.33167199960006,71.33782294610404,67.62663698310598,64.59431094591166,63.978221525548484,64.59058324810013,64.94267319090696,62.72900576742886,60.40022157091138,59.45573313263586,58.701110937897845,56.91113448372768,54.26895487515419,52.101633825752565,50.513729857315894,49.26570277463017,48.09577423904448,46.797853800313455,45.35612490494966,43.79942844412483,42.16282374660212,40.50786401880559,38.89494038965081
809,0.1816141438615074,300.0,0.0,0.0,0.0,0.0,0.0,0.0,0.0,0.0,0.0,0.0,3.8709243798590567,8.529014861174392,15.37806202655191,26.281076997197072,40.15046866394237,53.310879963935385,63.224896723718004,67.66529165436063,68.70843875740202,69.62304294931685,69.64977388427216,67.2281546602993,64.56036923981517,63.62171055325013,63.394665632726294,63.01364262284037,61.320845020484946,59.83150434209859,58.60195031586812,56.404787275622674,53.46877749018072,51.438592758833,50.20197822342877,49.31471324890119,48.44492038209166,47.44791088238543,46.254984622072605,44.90062371928827,43.44108331020054,41.88604972736687,40.08621770214237,37.88605602316003
810,0.18369628605921653,300.0,0.0,0.0,0.0,0.0,0.0,0.0,0.0,0.0,0.0,0.0,3.837554316208646,8.481942760941621,15.685402172688587,27.939187639014172,43.65336449251918,56.98549829223702,65.25505487493506,69.21153678467633,71.8895688166257,72.84938330270877,71.62839521090265,68.09378922108908,64.61704155945321,62.75536850031586,61.39362977589755,60.27773754779645,59.80744236395128,60.14283098667064,60.023505268838946,58.16149662415375,55.14524631421667,53.04926397065212,51.80192075981651,50.81433534996162,49.661740371538166,48.36903244090666,47.051844346420715,45.78089795346872,44.61093431703197,43.57849425861452,42.668785342991974,41.856570197603695
811,0.051086620021882544,300.0,0.0,0.0,0.0,0.0,0.0,0.0,0.0,0.0,0.0,0.0,4.067420122787149,8.976873371521918,16.31513729840664,28.161617241370443,43.34334945390851,57.69878507543573,67.24537724406312,71.2689381966638,74.04049483533127,75.30371925235457,74.28238325840648,70.31005849600325,66.75548615088056,65.334266564753,65.18254696609362,65.07702930334176,63.86666700928616,62.739317497505695,61.30758277002161,58.70142174370448,55.62650611620459,53.545190006668015,52.41083493044613,51.59635198857612,50.573524329511756,49.27553286824079,47.76391030352719,46.158133143909765,44.579243016334566,43.14137550388464,41.978335254532176,41.219736496135965
812,0.13981033802498102,300.0,0.0,0.0,0.0,0.0,0.0,0.0,0.0,0.0,0.0,0.0,4.408539470598116,9.459771458730941,17.07046935142409,29.533585625617576,45.26891066650822,59.21666599987534,67.3011805767462,70.10563584493896,72.07744109925854,73.20148307306113,72.00968223853805,69.42622517515237,66.3280651154753,65.04034164052932,64.82844623954152,64.44393419659896,62.42106252951515,61.006860317330066,60.21438675446073,58.40491339340115,55.44093847830416,52.84283959650965,51.109032927989055,49.89575864598765,48.82386454073726,47.74373627594703,46.590736922875124,45.40414164748215,44.243216352557134,43.18512566190753,42.39421802468848,42.04867388020093
813,0.0779126183094914,300.0,0.0,0.0,0.0,0.0,0.0,0.0,0.0,0.0,0.0,0.0,4.389278590494478,9.366153405803342,16.599631753373163,28.341692604407104,43.8516646927178,59.351100827588844,69.8698292486327,73.03577795224804,74.47702085367568,75.36571749256355,74.50314661142582,72.02469981224922,69.3369687048627,66.70506335884171,65.16023468135668,64.73917073356527,64.21720051835614,64.18236615795529,63.42454377149981,60.3284479796271,56.24069746980137,53.56298820479855,51.89128718489516,50.62465606964539,49.4061347407844,48.19947977042043,47.0391082050891,45.947831496631714,44.943889695882795,44.06763582652484,43.45138383962209,43.24621619482331
814,0.1381846492045926,300.0,0.0,0.0,0.0,0.0,0.0,0.0,0.0,0.0,0.0,0.0,4.204971931288988,9.136010574807202,16.43948570400804,28.474255799365363,44.3180561928217,59.700052508290185,70.46159500538006,74.41260871873419,75.95435164715728,76.18554064691567,75.323844430261,72.3120458842563,69.24016172144998,68.99540000384471,68.64242123937453,66.9912391707309,64.95058925766484,62.618059699152546,59.545415925977856,57.145897558985666,56.067713790732604,55.20355598183607,54.11577112595856,52.757510514185554,51.15370803529059,49.47102117854497,47.86700143474669,46.386121036637306,45.04416234306544,43.842516622564055,42.73504919683241,41.66841864968325
815,0.10863489055563887,300.0,0.0,0.0,0.0,0.0,0.0,0.0,0.0,0.0,0.0,0.0,4.094000684269495,9.02148951099753,16.515874761342975,29.00457012199402,45.178277680616,60.3717852980169,70.15041946580111,73.81396638821874,75.47531134633978,75.20474191005655,73.63399088471225,72.38906968580761,70.61843130934635,68.34842281793138,66.16862261046028,65.32747686787813,64.89363440092419,64.45486470137413,63.077753944428295,60.07005103050713,56.66669092973339,54.27046436780356,52.76417523968919,51.614637331291235,50.396713076952494,49.04077450775213,47.58423348867456,46.14727478195473,44.85691978528597,43.854615551000215,43.384603921661146,43.72226012788686
816,0.07170634381398708,300.0,0.0,0.0,0.0,0.0,0.0,0.0,0.0,0.0,0.0,0.0,4.692392073686381,9.539120234712295,16.526412368629334,28.148954561203926,43.3950352883086,58.13272363294009,68.1167659885727,72.04698605241899,74.80892093785421,75.95554183027203,74.18597829222128,70.15171402279837,67.40218080021796,66.13003131759305,65.30107182084902,65.30161040416974,64.31831959908672,62.617985780792445,61.08419335100842,59.38880412571733,56.690945975991845,54.15527943684654,52.546549259955185,51.37264780345195,50.06470949020428,48.58876850687236,47.04144393953675,45.54362178003615,44.20952179290926,43.17183020345708,42.67903068666751,43.01385015120261
817,0.09925463667500825,300.0,0.0,0.0,0.0,0.0,0.0,0.0,0.0,0.0,0.0,0.0,4.7329899055130875,9.68411013295114,16.87124594418704,28.88373539284365,44.1834949760426,58.09061430018674,68.14945899278227,72.3183528418725,74.85627877206215,75.61242985550989,73.95554584836623,70.40496783647018,68.19707578159841,67.58058964626552,66.26304561281482,64.33167485329088,63.12122224485312,62.01870160741189,60.924976067802675,59.15023977234709,55.81152605811709,52.84060188542542,50.946497701559245,49.75513925411716,48.840862317444405,47.98511120093745,47.054708692864196,46.03955761713616,44.958367742520515,43.81653954228521,42.572851126025014,41.18050969805543
818,0.06520923067669727,300.0,0.0,0.0,0.0,0.0,0.0,0.0,0.0,0.0,0.0,0.0,4.2402456437324965,8.970054884572157,15.79053374361628,27.155264696706904,42.48800895639433,57.19627952435634,66.70592263664345,70.53845796017482,72.24562876222755,72.49731712701414,71.75065729683249,68.96518201428695,65.6333649341817,63.18706086824178,62.15454194196799,62.675875559436534,62.36916441078253,61.328062450057075,59.40725911670674,56.96248781271305,54.889348908983756,53.32672804997491,52.15206272691577,51.04674535797426,49.74657861304351,48.31984147306046,46.88930102319284,45.50967334994378,44.21570064363084,43.0331530483889,41.96707885520459,41.017527089107816
819,0.05266726781901369,300.0,0.0,0.0,0.0,0.0,0.0,0.0,0.0,0.0,0.0,0.0,4.028473080239737,8.789829827234323,16.016836734679323,28.191191706128446,43.95811566561931,58.41997009032077,68.40275330188108,72.2144514326863,73.6992589435762,74.57241374044443,74.19506722956912,70.28053004898327,66.09632335587641,64.9741627223189,65.0161420840458,64.9733033766389,64.16069902500482,62.88702765612118,60.87164483296165,58.02141269858407,55.4575944993369,53.66753056540947,52.23457623550337,50.94862114084471,49.72585010697269,48.56983615547777,47.4919774048849,46.46038644710065,45.43510963320157,44.35414736284629,43.06403309189106,41.408417894573645
820,0.082060241326016,300.0,0.0,0.0,0.0,0.0,0.0,0.0,0.0,0.0,0.0,0.0,3.88973267429154,8.941781451149136,16.689797557164933,29.20881455371275,45.08609113188626,59.83041423543262,69.44937308130223,72.69195428005763,75.11405090132274,76.39333802762172,75.43081917217172,72.5123520966544,69.17546740611675,68.02006990068242,67.326832947381,66.477377196751,65.97874444761486,65.13098784862252,63.13475422778644,60.010685157463605,56.85116527158289,54.56037812634579,53.20558595167952,52.38503042897034,51.69505190129381,50.905253556281885,49.87567061401946,48.63710476987532,47.259150597568535,45.82228132691647,44.46064329670487,43.307878625512956
821,0.08629440228499144,300.0,0.0,0.0,0.0,0.0,0.0,0.0,0.0,0.0,0.0,0.0,4.4992769750150226,9.579378750322839,17.259904409156416,29.77763961126417,45.35776624098349,60.17770495950085,70.39119348613752,74.03504570766339,76.32522337640592,76.76620894387527,74.31261867660318,70.95239736582174,68.87777353781681,69.14317200036679,69.15256764031481,67.60018525383508,66.01251406553564,65.39344624675732,64.09450217829311,61.150644563780915,57.66237375301631,55.21039456731839,53.6369026340059,52.39010893601116,51.066310762042434,49.672202908671615,48.30015518060001,47.01682645431806,45.87755347756533,44.943813842199816,44.31898206328818,44.11605408035501
822,0.23456982280882407,300.0,0.0,0.0,0.0,0.0,0.0,0.0,0.0,0.0,0.0,0.0,4.235402432409696,9.16192244375333,16.275778118688105,27.631382197091394,42.394757474426434,56.666957452556645,66.6086808970535,71.08000743821343,73.6809087443632,74.30291616266038,74.29819362137351,72.10281578737488,68.95158878621147,66.97650534024088,65.64401115147113,64.82150124532146,62.5231529694353,60.43987282628018,59.02048921019775,56.86262221985845,54.39279083391298,53.52993769877748,52.77423800729584,51.54073667976816,49.8312076908322,47.96860817163019,46.25560778558053,44.7380382549926,43.40316483879605,42.23759180496098,41.221604033311834,40.33567518601302
823,0.17341886031072037,300.0,0.0,0.0,0.0,0.0,0.0,0.0,0.0,0.0,0.0,0.0,4.922663969754879,10.040226843235867,17.400130555901,29.20123835041085,44.12314731560776,59.40984217557617,70.75238035739946,75.30030099617503,76.40487248229788,76.5259686695914,75.60426085752637,71.89663358707895,68.61398817602964,67.79622188141775,68.46026290242008,68.3339002365688,65.70835225260139,63.25280161638697,60.93317884154681,58.17354506497801,55.87369133084278,54.46109666029732,53.62119027735084,52.893310286608234,51.903904702758986,50.58024610566887,48.96368088907968,47.23190479947089,45.574694380138325,44.186217536037454,43.355465339834,43.39149106631428
824,0.04949783174870536,300.0,0.0,0.0,0.0,0.0,0.0,0.0,0.0,0.0,0.0,0.0,4.25700028778886,9.081294583588008,16.222329748012665,28.161721865316544,43.87792137364061,58.43768894163092,68.07131083871143,71.96546768549761,73.70625754464882,74.7914786836173,73.09615314915656,69.7114885863273,67.773492048222,67.36194837878156,66.77969423241284,65.54698956925218,63.34682176254774,62.026082526275644,61.458496258058666,59.09508459838814,55.189015805903786,52.56196091656721,51.155332537316546,50.211742690386124,49.16782286742931,47.94922114731624,46.61259238694848,45.267975497251456,44.02743383502168,42.99325651143306,42.26918077558353,41.95838814677871
825,0.10605183948664877,300.0,0.0,0.0,0.0,0.0,0.0,0.0,0.0,0.0,0.0,0.0,4.536538704338295,9.496928991926548,16.64999208257019,28.302179159101485,43.739541342649495,59.11999441392084,69.5764142173252,73.30742016674631,75.39767442736164,76.32769868771663,74.68128130842422,70.15976237906436,67.34417962850642,67.2243247141459,67.13580221746422,66.36337863650377,65.0848788458581,64.7616693373881,64.83830607332611,62.6519927584307,58.4121940675411,55.19575482567839,53.11910769959461,51.69300537876062,50.57529296238149,49.60293037668834,48.67375186940932,47.742372727362614,46.778455877259276,45.75836148494544,44.678444602265465,43.540076199132734
826,0.09376324474921278,300.0,0.0,0.0,0.0,0.0,0.0,0.0,0.0,0.0,0.0,0.0,4.029192255995946,8.575483594334486,15.215630093862792,26.153460068949165,40.908696387401335,55.407513816393916,65.06231514989989,68.60431667989208,70.8738768555111,71.93294282170207,70.58903063724992,66.18471085815007,63.75252072362055,63.0197059938601,62.38240555384023,62.037456833892996,60.763453005192666,59.359394870978505,58.002632983527285,55.822065407331415,53.57542979171087,52.097100591181636,50.93444905522625,49.821038345135634,48.64455407486532,47.372936152118726,46.00434003934598,44.57484238118331,43.12585081895558,41.72478885173942,40.550397109156826,39.7919448251728
827,0.08141891022296646,300.0,0.0,0.0,0.0,0.0,0.0,0.0,0.0,0.0,0.0,0.0,4.806606946415269,9.853915213211328,17.203434300850837,29.36291457570134,45.05763574158398,59.592826570361225,69.70412013505874,74.01883983012351,76.05766330882801,76.65509950530554,75.03163398058358,71.81334651742101,70.07354205257113,69.5524351288481,68.69315810169805,67.82986935536941,66.8496738506758,65.85037657541109,64.22288858741398,61.46050025683447,58.30654968832902,56.13566671819588,54.85365775018207,53.91418978639792,52.87477365106664,51.661104618790645,50.296044786580644,48.83250839465837,47.326212660075214,45.80711011410029,44.22537921460447,42.52032788220448
828,0.09171526516725706,300.0,0.0,0.0,0.0,0.0,0.0,0.0,0.0,0.0,0.0,0.0,4.370789890418259,9.444874890740982,17.006797297249058,29.43549957120096,45.15842219049847,60.247394541799544,70.86416466027872,74.2570947021039,75.93646490434548,77.22944575399721,76.7638812413976,73.65230088663978,70.42091686433176,67.96878497229265,66.61935220086254,66.5519807230993,66.36580771859525,66.61484823161028,66.4632260606687,63.82711131041216,59.68735919198919,56.7966493465546,55.11748738353269,53.90100258496077,52.58544900127873,51.13085485872479,49.619615339934484,48.138928258802146,46.768887435530374,45.58331049022483,44.661230481066795,44.08047682668706
829,0.04116469267066372,300.0,0.0,0.0,0.0,0.0,0.0,0.0,0.0,0.0,0.0,0.0,4.492926962216591,9.336165797695937,16.433128445543293,28.17402819214804,43.72455996069701,58.782774586834364,68.91458033631392,72.39074761760978,73.90373624028085,74.5759910904943,74.08733073239077,71.02344339816267,67.30429360370935,65.5604134653754,65.49686216513831,65.33590264775555,63.707502716224596,63.219670734687696,62.89857611726939,60.20893156006875,55.87312359403377,53.014307717416955,51.61844472294291,50.89201122087672,50.21226033565324,49.37522333524393,48.31196356704211,47.071950158281965,45.729392878466754,44.34306288434204,42.93073030728481,41.499917519137256
830,0.10255448396818276,300.0,0.0,0.0,0.0,0.0,0.0,0.0,0.0,0.0,0.0,0.0,4.253553671996471,9.100040416681352,16.378835876274184,28.57804561944713,44.114307602867896,58.1871786291825,67.62743316732575,71.18002473001877,73.11083091966587,74.02686743099756,73.02832641772575,69.45359906388565,65.99933479067565,64.92592430281202,65.66490697453163,66.59186383930675,65.91541118642608,64.50818944948934,62.020141028168304,57.785229738256135,53.80603210399727,52.32607875545855,51.76955682186424,51.27359681963163,50.50337188229303,49.498271173948986,48.36659820370237,47.139129094748355,45.82757274265542,44.42070280946428,42.82293513818629,40.93506848613195
831,0.0974664432146726,300.0,0.0,0.0,0.0,0.0,0.0,0.0,0.0,0.0,0.0,0.0,4.589652961220775,9.442590625970173,16.844580250861462,29.76989512725447,46.48029383344272,60.554435706036685,68.78996381996888,72.78377817545014,75.81785273032907,75.58838144349359,74.48214714133105,71.97741262398584,69.40406821178554,67.72563045817658,66.68094333378693,66.9245629085937,67.08928461564565,66.36408223842363,64.09829826342707,60.7937539981604,58.16366954639653,56.77991060331137,55.72497946835355,54.598844843069465,53.26491431356916,51.75552039211952,50.14285830153502,48.505306186724376,46.91503343307383,45.48070263716972,44.47729297250854,44.206429458827216
832,0.0716062002449333,300.0,0.0,0.0,0.0,0.0,0.0,0.0,0.0,0.0,0.0,0.0,4.35948794881269,9.131877840892429,16.37640629073749,28.766204901161704,44.588333471830865,58.8143790403467,68.78657908320244,72.40321553956109,73.99515256522243,73.87242521231381,71.81902610426006,69.17969287237123,67.07199769895884,65.40693694954028,64.46083462592131,65.05345824408685,64.2275635769278,62.29978081611123,60.843045849086494,59.22048275044744,56.46460889772848,53.658373016754126,51.63311390010171,50.16470108141691,48.902498112331536,47.70502082187995,46.50633525543916,45.32748882309559,44.206728093954496,43.163874250259745,42.16095138733444,41.149515361246166
833,0.21418107146400184,300.0,0.0,0.0,0.0,0.0,0.0,0.0,0.0,0.0,0.0,0.0,4.1405736550129895,8.94669150615084,16.084379761364833,28.001700253894327,43.55101137647437,58.38130292056354,68.35651848734,71.50108014552089,73.41853945119294,74.71072487058697,74.24478650287779,70.78255437558376,67.12698622482695,65.78832675829184,65.57798059959843,64.98920154132212,64.20029670497249,63.61368349988316,62.981998345267776,60.88486688198597,57.73899766316639,55.75466978434498,54.86634106897925,54.31456294976611,53.467933357013635,52.16181710173444,50.39370610379353,48.30525787751277,46.05963650005831,43.76898116937061,41.41444972909957,38.9579618737276
834,0.0904226238745146,300.0,0.0,0.0,0.0,0.0,0.0,0.0,0.0,0.0,0.0,0.0,3.927114665624688,8.759573028393211,16.02162867873277,27.64342576785882,42.39688781736784,57.1932779030553,68.56442768138851,73.02880027940093,73.88765732791602,74.8128978556417,74.88579538160168,71.52119921077575,68.12444917475146,66.80504851107949,67.2265015720779,67.5024062939902,66.25681102276772,64.73292609526528,62.88282999829026,59.9981953142922,56.52324826249937,53.82037111802276,52.27875185370402,51.32881798904949,50.38683961068129,49.31113130828932,48.09195107825183,46.81168353654083,45.566787069871026,44.43250710219613,43.43346010785516,42.58156258045945
835,0.13227108185528125,300.0,0.0,0.0,0.0,0.0,0.0,0.0,0.0,0.0,0.0,0.0,3.7093639252985984,8.468079951710498,15.712023962311207,27.589117198232767,42.76244066350324,55.98716632660875,64.15577642384632,67.76304585553545,69.87526035792165,70.30433626273415,69.37837528735272,67.12553522873837,63.955289982283766,62.032128280196034,61.837556277025094,62.91108219478295,62.735737663916126,60.89468699191507,58.63378428680233,55.99001415561354,53.471721880147534,51.86166315667052,50.973585466744645,50.32265486985006,49.503588754402884,48.41183935788314,47.0505703857108,45.538179163298466,44.00882005806391,42.56856221106371,41.264255842266884,40.125714071840605
836,0.1358903525670552,300.0,0.0,0.0,0.0,0.0,0.0,0.0,0.0,0.0,0.0,0.0,4.215526023603654,8.640641459467295,15.290174137202856,26.860076368846386,42.27399134157335,56.19843595685957,64.87303847948492,68.8348413716171,72.0242249213903,72.87938404396823,72.4417533760798,69.5570402321607,65.92624127193325,64.15546326490299,63.666439355820664,63.55594262537286,62.98895462396099,62.45711578144746,60.72939814760133,57.06862166723159,53.433354354201846,51.91186294361768,51.60378942634048,51.36950045966849,50.42276625322483,48.87169831844918,47.02333023425067,45.10434121673996,43.29814970433289,41.79014679535193,40.859779351367784,40.80482288444624
837,0.06625447837963454,300.0,0.0,0.0,0.0,0.0,0.0,0.0,0.0,0.0,0.0,0.0,4.479855904049934,9.491015611021393,16.963772109337693,29.21980203315075,44.65886954821995,59.03006839147324,68.42706499388599,71.81571868852247,74.1508037362356,75.25097161366959,73.36149736300439,70.49490739810014,67.83703153170525,66.56404143639242,65.76040482626613,65.01246051404482,64.19308925422801,63.76186357473417,62.265267072149214,59.3121049144148,55.663720858837685,52.81479789573055,51.11193696862128,50.11472493040075,49.36909104918881,48.65924277687544,47.85447188533192,46.92205735990268,45.85444230216931,44.61947424762505,43.08782497525883,41.12991414897685
838,0.04207997150892188,300.0,0.0,0.0,0.0,0.0,0.0,0.0,0.0,0.0,0.0,0.0,4.175291206552058,9.11502422630752,16.629892865295275,29.16416769103072,44.78432437687992,59.13965638944739,69.32192465714802,72.87655527559107,73.95722463355696,75.07333408911767,74.57919282917325,70.6934110500067,67.04275119932757,66.59751933567067,66.7096483050895,65.37500882986453,63.57233055761481,63.06314951135952,62.80521002065544,60.67614730334172,57.27960603867366,54.448995714946896,52.53718204263198,51.21173692682416,50.131336125563095,49.071639087662874,47.8860441918665,46.59366970272895,45.249602516285464,43.97022892332702,43.12041207702623,43.10906163621819
839,0.08800544191715348,300.0,0.0,0.0,0.0,0.0,0.0,0.0,0.0,0.0,0.0,0.0,4.669108438318951,9.523982167682778,16.543600817401042,28.501187341392487,44.658189839575165,59.75439378050961,69.90400503667607,74.22157105964092,76.46816757179397,75.97883270320939,74.3244304561806,72.19451081455337,69.97962276115369,67.94237390614865,66.64767860620864,66.46441128662832,65.8248735686875,65.1546092742194,63.584385671126974,60.84605290307602,58.15528259428169,56.48827915757323,55.43224192340837,54.37003600631174,52.8803920878049,51.09797769137312,49.25019726958506,47.4562301446549,45.799169747559674,44.34945687176812,43.16616213752272,42.303033204015144
840,0.06003694235214873,300.0,0.0,0.0,0.0,0.0,0.0,0.0,0.0,0.0,0.0,0.0,4.298199487744638,9.068457339370767,15.940377703277763,27.043611041793415,41.70985063182599,56.12767148242138,65.99609337251727,69.78947373159852,71.4995415596172,72.10418470746214,70.53135666571936,67.69648915239539,66.17722518309748,65.22714962460114,63.945936835017875,63.40080018527174,62.566030593810176,61.82022483685636,60.823144111542874,58.30603754264524,55.17588299112597,52.684478557075785,50.99331680240439,49.7519331207043,48.6350884952849,47.55590214384317,46.492220551849705,45.45076161024286,44.44383390168058,43.4594437514438,42.39745471515023,41.14610295869665
841,0.1814580847859537,300.0,0.0,0.0,0.0,0.0,0.0,0.0,0.0,0.0,0.0,0.0,4.349861835889387,9.177848775698497,16.486968945064863,28.979680389132938,45.42962662557641,60.36714701376193,69.66514842023663,72.65696030888058,73.72475370578373,74.53591084375527,72.80057688454562,69.56298950983462,66.39532823465615,64.11318078843058,63.35749244148158,64.05290114221377,64.68850258688275,64.57335118739941,62.45965015170656,58.83290728273405,55.62286554338815,53.268752675960556,51.47617976369046,50.05764701040051,48.88056834347308,47.801738069327534,46.701284454444725,45.536459911715234,44.285003101607145,42.90125824939249,41.24505143258017,39.17989358734997
842,0.11334867171901254,300.0,0.0,0.0,0.0,0.0,0.0,0.0,0.0,0.0,0.0,0.0,4.390519798898393,9.329896172483473,16.343172004723016,27.658201564327317,42.958595202201835,58.400101123236944,68.71180550707393,72.54385679909112,75.5699495733787,76.10639107119586,73.59406407906216,70.14673728471762,67.40432936041674,66.46085397534085,65.71076988831236,64.72576017645262,64.23867616494462,64.53147533372865,63.874595199979396,60.52503321379726,55.834370541488674,52.94522666271041,51.77318478641835,51.316637109604436,50.759602607286055,49.91755704200156,48.791956357279965,47.493231790007684,46.1492642446316,44.888641467348705,43.879586652561606,43.29005188077901
843,0.15719963503130757,300.0,0.0,0.0,0.0,0.0,0.0,0.0,0.0,0.0,0.0,0.0,4.098545537673622,8.636787513072083,15.32471025464563,26.54263971143298,41.57674378781299,56.03478028577121,65.78190844805498,69.04983957764854,69.52742000885846,70.52998812951019,70.17168456729584,67.45957936022577,65.11938497587721,64.26806643335321,63.02540550862006,61.207470131609405,59.999533000011695,60.39166696068469,60.731712461651874,58.89738546773095,55.64169523224795,53.066611441674326,51.20181512748021,49.71420567914685,48.38229649774641,47.14187879253153,45.95770625576452,44.76113900739349,43.481309630436854,42.05559789657601,40.43101666805676,38.56737107868172
844,0.10520013347488466,300.0,0.0,0.0,0.0,0.0,0.0,0.0,0.0,0.0,0.0,0.0,4.510625154905939,9.394501742704946,16.539408124464863,28.43718481217639,44.30323799714184,59.15920766919936,68.47774538950426,71.52844627204479,72.99085536237713,73.88217963852482,73.73162422906049,70.83498057263283,66.00077764610472,64.236288276397,65.33620703546202,66.03004999418516,64.00855520091791,62.283869876134546,62.05755423376125,60.63889981546359,56.920634875200754,53.60455580728725,51.45575289317854,50.08855762780731,49.09822523490952,48.26368951899006,47.434801331495436,46.54890098076892,45.566698513500505,44.41380057753694,42.875306634703115,40.73989369754414
845,0.14643518496623206,300.0,0.0,0.0,0.0,0.0,0.0,0.0,0.0,0.0,0.0,0.0,4.45715079115713,9.542031459408168,17.15890435646892,30.00240889938305,46.319366128240674,60.59092845759436,70.57969845134734,75.00715834549878,77.32295926567419,77.34966791555333,75.76667377859778,72.79267803850571,69.33941974568457,67.48283594583074,67.2605463530114,68.10592357065701,68.62334849044555,67.65745543496898,64.7619377622526,60.665096620037716,57.40968371343191,55.7531434314063,54.305177312609565,52.71397054545118,51.02554081901446,49.32791440664149,47.702805864953746,46.19618387704354,44.841588279363144,43.69221127118357,42.89039502878559,42.59600936353789
846,0.048492005755001205,300.0,0.0,0.0,0.0,0.0,0.0,0.0,0.0,0.0,0.0,0.0,4.2249021260382404,9.066178297226582,16.47160404601677,29.053182384587423,45.28733887360958,59.79659173121384,68.84918249498989,72.5934039208222,74.71851206023945,76.19099347349687,74.605362580784,70.97100306494376,68.35947439356033,67.88114865369882,68.37814979365943,67.93915259987719,65.463485083065,63.98862700113855,63.447097956295046,61.48629204405163,58.16454625567541,55.243621271685996,53.30461321610806,52.00956316930545,50.967157587984445,49.97660986171332,48.915847582238264,47.774013901344,46.56625325526296,45.29293355512409,43.901793570728614,42.335550720088925
847,0.09279662842999493,300.0,0.0,0.0,0.0,0.0,0.0,0.0,0.0,0.0,0.0,0.0,4.025740681264648,8.756415457775843,16.113952743299627,28.391314447955732,43.257246280607724,56.54056876887183,65.96954604321122,70.25926129137167,72.39553232378304,73.53812007773122,73.01347130994802,69.77415964129891,66.18658073576684,64.90357378159997,64.75865371918391,64.2254567401802,62.150978955786734,60.29303949409106,58.77340921888285,56.53277301534325,54.20395860446573,52.79079308946108,51.699346222149686,50.615532600385166,49.437444685805076,48.17468129059398,46.86907900107682,45.589036113816746,44.402823787413276,43.38683301442778,42.67198074655474,42.39923036549577
848,0.045047176107658786,300.0,0.0,0.0,0.0,0.0,0.0,0.0,0.0,0.0,0.0,0.0,4.1853427001805175,8.97745186853849,16.19660717582347,28.13775205020989,43.658596521342695,58.41424339629215,68.76431343145347,73.12385156232307,74.40683789608337,75.38382716469258,75.15867187990398,71.73511361034677,68.75473470079106,67.4942808083625,66.13728333221474,65.72562245374412,65.38352995049799,65.30563682597644,64.14123434163751,61.07627707121202,57.62749777883955,55.36650675442161,53.89147723085591,52.72651081839048,51.561304994394014,50.26124097057841,48.7797242330899,47.22556572357814,45.731544094938464,44.41818212252978,43.40866253486916,42.821778478928344
849,0.11520531853464712,300.0,0.0,0.0,0.0,0.0,0.0,0.0,0.0,0.0,0.0,0.0,4.92955648315852,9.901426743758092,16.918412282565072,28.52430757808269,44.094466745292124,59.18586469980027,68.8677229637551,71.93805194106741,74.20203892062324,74.96552670039128,72.88068301707689,69.72916009745755,67.58084553239148,66.50706109762943,65.47219815026087,64.66680446602568,63.66466069791768,63.01981258534538,62.24503900081118,60.28648760157603,57.10335023743335,54.26294881655316,52.58677127749788,51.630024343118805,50.813529497749904,49.82385937729225,48.48619145426156,46.880841762846536,45.141137837470666,43.38749148548432,41.73007667245023,40.26404460307691
850,0.0738709746472624,300.0,0.0,0.0,0.0,0.0,0.0,0.0,0.0,0.0,0.0,0.0,4.2210606248647355,9.248114775602586,16.79494841196238,29.25957607822866,44.91307882756811,59.162492650706426,68.92479321778477,72.97485465374122,75.64510514485137,75.59199739606518,73.01415856836148,70.34877396168602,68.01219478572051,66.79965770269064,66.03146629779933,65.55641465604333,64.8053140646942,64.22103660510788,62.911405218767285,60.14890203609051,56.744952770753564,54.324859858294644,52.86077293666961,51.90793477209052,51.092321354059095,50.18655350934716,49.048986782602874,47.711146484723244,46.24321173559354,44.678874744837216,42.93101381161857,40.90168603764449
851,0.10619820801661602,300.0,0.0,0.0,0.0,0.0,0.0,0.0,0.0,0.0,0.0,0.0,4.284985894880818,8.93115775775468,15.773019049052916,27.259772281226017,42.375217365088034,56.91608598678909,67.0274267414121,71.05736889378315,72.67672756300348,73.56376489160279,73.77443537664504,70.60005816107093,66.57817397662926,65.53592083959045,66.35009998794173,66.96078491108257,66.1137283197209,64.22658007650425,62.16750195547415,59.47321308871373,55.82879313920796,53.22979709123212,51.65553451581309,50.507226980084745,49.34077416793503,48.11377022064317,46.879545532096515,45.70107704100113,44.63832514600911,43.77622000435887,43.315861186741145,43.48763693348615
852,0.08665021201706799,300.0,0.0,0.0,0.0,0.0,0.0,0.0,0.0,0.0,0.0,0.0,4.401740004647682,9.311633714948734,16.667609353942908,29.228212438056794,45.92907611295713,61.202562231520524,71.38195957827246,75.49670259950699,77.10270049847443,77.2524471557659,75.89031377302301,72.57755920359092,69.53241207177632,68.23952584182283,67.8691115574336,67.63737857232746,67.52626156230527,67.07393327827226,64.99796341455949,60.96981800756945,56.61756785044076,54.117695815336965,53.03944969840599,52.513013659345184,51.86489391031292,50.864691738136194,49.45763457693072,47.81559983496115,46.14702100997006,44.67116561059707,43.723995834290264,43.65915631480614
853,0.06657287154810988,300.0,0.0,0.0,0.0,0.0,0.0,0.0,0.0,0.0,0.0,0.0,4.317136368028017,9.337088950925331,16.71853379301991,28.818018496286722,44.34664454189279,58.51614630534804,68.0786688265935,72.0324200971617,74.21943921648423,74.22059583642631,72.9891884270437,70.1541094112169,66.73225553931096,65.40519828618075,64.92102012984127,64.73291930615622,64.16699730221426,63.49257740738298,61.78193417841771,59.045378690845936,56.35649426183057,54.20779520675689,52.34754629876118,50.66254505516395,49.12144390185362,47.72305871783747,46.47473480475922,45.39254027385634,44.4935244726332,43.823943810784556,43.547916981144056,43.86282265344352
854,0.06953605849972293,300.0,0.0,0.0,0.0,0.0,0.0,0.0,0.0,0.0,0.0,0.0,4.549891019124471,9.188504687746848,15.816991621798024,27.05391258129683,42.39030797745887,56.90009718157015,66.17563559081982,69.99353275103026,72.44154353824692,73.54168980956621,72.43445760713446,69.59956698969957,66.70269002513328,65.28574982173159,64.51990539637184,63.748629372103984,62.16632297372593,61.05490487156846,60.06464224339654,57.742898993147875,54.34764578559558,51.90105098782838,50.73781543353504,50.19192197468403,49.60612087740114,48.71488326489304,47.415440819303946,45.833612579797176,44.13845259034945,42.561687822221565,41.62493613393681,41.900996073964436
855,0.06527652456396153,300.0,0.0,0.0,0.0,0.0,0.0,0.0,0.0,0.0,0.0,0.0,4.243395708711349,9.414757234818987,17.10909625273396,29.577283481634453,45.69231367870136,61.28772847638501,71.74457499773648,75.28617955126234,77.93255173361574,78.99960144882876,76.92999317673903,73.45601165441514,71.1347621055936,69.92243288057038,68.6036678644938,68.08745205147397,67.20817373267936,65.51124567322879,63.791071074513184,61.87117448695207,59.148992399717024,56.69996052871164,54.85731819482097,53.343952705085606,51.883471714067845,50.414608202382624,48.94179971730449,47.52490157746659,46.230146443700214,45.089866418204835,44.030245725222336,42.95896126290282
856,0.16229344009923177,300.0,0.0,0.0,0.0,0.0,0.0,0.0,0.0,0.0,0.0,0.0,4.389747649904039,9.360636584537579,17.023680500271077,30.009133023182248,46.68152606191563,61.629170791614825,71.55110693439374,75.61647465133083,76.8501220938463,77.8994658354474,77.29218408069286,73.95588251657372,70.78599575860218,68.85826173138321,67.40919395673369,66.37791572801011,64.70253848984555,63.079258705465804,61.932348786561384,60.4228042426298,59.07859639558227,58.0653237569849,56.671847031931215,54.92766270540745,53.07414832379951,51.2798294053122,49.66334954922938,48.263175873235966,47.09768395548283,46.2205129173022,45.82702383465822,46.15259549340717
857,0.10704231339722652,300.0,0.0,0.0,0.0,0.0,0.0,0.0,0.0,0.0,0.0,0.0,4.243286051200218,9.118425163668402,16.462262787497224,28.389894421892553,43.332042444854,57.29694834987732,66.5377377721785,70.34449620562867,72.20417044376836,72.55538987493414,71.92078705734144,69.25592091149036,65.82506843681693,64.68962413986945,65.31337626869863,65.29620391300115,62.954071203609,60.66012835986847,59.33552698851281,58.2509219943142,56.56702244422782,54.53140892440771,52.754525478680264,51.23103814112877,49.836144043251835,48.57407063915515,47.46228858398162,46.46134237862854,45.52129225317818,44.60453475904878,43.71045616583181,42.84657816353217
858,0.0815558205246472,300.0,0.0,0.0,0.0,0.0,0.0,0.0,0.0,0.0,0.0,0.0,3.9204850927121346,9.066750611623677,16.801049348948425,28.880585773257277,44.58014635387598,60.469335654743034,71.2806448836273,74.65383391257883,75.950780223355,77.34617144148385,75.88076615102231,72.23174776017306,69.18265469299946,68.59953741246224,69.46625292697544,69.40017353071177,68.0027057798269,65.84041403063634,63.18398921729859,60.53841583194501,58.12474219564921,56.46490438571385,55.18747938443494,53.953940733069935,52.57754991003808,51.12134211368241,49.68278237369291,48.28754485564003,46.94307778350917,45.60997478243418,44.07687237133174,42.12107479327683
859,0.07384259167949418,300.0,0.0,0.0,0.0,0.0,0.0,0.0,0.0,0.0,0.0,0.0,4.060110975397101,8.801146053706823,15.923468916459168,27.555010341405538,42.77021193239906,58.35973754735338,68.87946403617813,72.17205762306276,74.11052219023102,75.37369139855727,73.99657226601002,69.86759385351822,66.35054155323517,65.06072923372162,64.21689600574054,64.29730603285967,64.43028801394536,63.783206092182496,61.86331145970776,58.95985706569037,56.19032138663144,54.15911324416622,52.77548130280806,51.65274872073187,50.45706222502035,49.13809923520255,47.73274700489925,46.3515893407403,45.11139346482858,44.11601471184603,43.46013264744002,43.23743362253132
860,0.08217305938065292,300.0,0.0,0.0,0.0,0.0,0.0,0.0,0.0,0.0,0.0,0.0,3.819039201148248,8.455718060642257,15.421724976145287,26.882518576199836,41.70809288201944,55.7163939466669,66.04479572907601,70.1102887739282,71.17766701613075,71.62706538273551,71.29833652243225,68.48719641346744,65.19123155987364,64.25536194964762,64.00681512479503,62.7837281565356,61.26158377921454,60.914998352947414,59.84541345077415,57.523610104785675,55.17592221467218,52.86205973654542,50.92315028138776,49.34729702554922,47.9992816383097,46.739615127258276,45.46362979014694,44.17764016064702,42.91140291110376,41.70171476884681,40.622545560947934,39.75040301132092
861,0.06630668909529387,300.0,0.0,0.0,0.0,0.0,0.0,0.0,0.0,0.0,0.0,0.0,4.370331589053837,9.311318717637485,16.542668651645698,28.43190562324416,43.86935543134977,58.41376190459052,68.33385527110639,72.01796521525411,74.53438811805154,75.05284145631497,73.0489850415097,69.98434038505603,67.30775321214543,65.35687217559429,64.29943627565802,64.67199949925092,64.28656071943196,62.71696191984757,60.590461459758224,58.00471346255858,55.18901932904479,52.995252676436806,51.49846502362524,50.41449787046889,49.47167980989102,48.49652793091559,47.37472843926419,46.11047895670378,44.735427964729695,43.25154414591771,41.55565119075432,39.539889934194846
862,0.07156902395020685,300.0,0.0,0.0,0.0,0.0,0.0,0.0,0.0,0.0,0.0,0.0,4.3480628930895255,9.314494360910523,16.95393654280465,29.99837449262164,46.52445030031832,61.17553036357552,70.36250607414384,74.03024966755045,76.30582346346227,77.64891922168951,76.87137690194406,72.72788391008449,69.47122126076626,67.40730862627481,66.26401801496088,66.27614153775664,66.10676191131678,65.27578637682711,63.5250504911065,60.851675416448195,57.490755170411994,55.0381051820341,53.82397132017791,53.161682284589695,52.382154710861506,51.35968774396017,50.119064860311575,48.7488166969489,47.34551285363488,45.97374074713122,44.60590923338336,43.19690146094277
863,0.08706936490488788,300.0,0.0,0.0,0.0,0.0,0.0,0.0,0.0,0.0,0.0,0.0,3.897229335309499,8.6038924392954,15.726170884040636,27.643028248044857,43.150964645721665,58.08126401052199,68.8079686861968,73.03843209636682,74.54065502220088,74.55986436686814,73.52890469764856,71.29238526238237,68.93769686464535,67.5564962956787,65.95536907433308,64.61604099668209,63.641384050619706,63.48148463051881,62.88818620864798,59.955660237349655,56.039868833694186,54.093295110024776,52.95524064348627,51.881554660805165,50.61545890498601,49.24697133720654,47.90717375038545,46.599593399083076,45.29921291573185,43.98007104529607,42.606485733108016,41.14456521878364
864,0.09294396574463515,300.0,0.0,0.0,0.0,0.0,0.0,0.0,0.0,0.0,0.0,0.0,4.037377541964286,8.987517717648483,16.633840487653398,29.366676045338224,45.54029076177758,60.13130487453472,69.24706566020969,72.34091573394727,74.12581442026405,75.21513307223331,73.27970623216164,68.9677617401474,66.92368889333272,67.03010483967,66.61308442193163,65.6371621597471,64.04704856334124,62.6766795775472,61.215789118122416,59.213337708643266,56.86524159141801,54.701601958383485,53.048723648338004,51.68884994472177,50.353545067136196,48.973823260449905,47.5495845457625,46.15835112725782,44.88735156152133,43.79903713537841,42.891677854558075,42.15015288248204
865,0.18213684814294107,300.0,0.0,0.0,0.0,0.0,0.0,0.0,0.0,0.0,0.0,0.0,4.33654136466052,9.207592808192134,16.509503461523124,28.638924401327486,44.167023018016216,58.78165058457695,69.14375123658117,73.37178457295212,75.39632253726143,75.4490067681858,73.08288332495158,70.21602780826886,67.56988642649439,65.58009168510762,64.75795160001641,64.23589778202005,62.37972764955814,60.3235926590718,58.19578011436818,56.40921368504185,55.25031228726647,53.73064232490663,52.1901960709196,50.834946574648406,49.69312468991742,48.6915483173824,47.74867144465231,46.82848353054426,45.90687552140818,44.93956391933371,43.80161125279894,42.36198042753509
866,0.13549677188673856,300.0,0.0,0.0,0.0,0.0,0.0,0.0,0.0,0.0,0.0,0.0,3.814983975367128,8.479093384922212,15.568933799150834,27.16276667135636,41.85474722792082,55.272617598464024,64.10369917471868,67.89584593131244,70.53388804420757,71.6069344523566,69.77008138933168,66.03964494724407,64.20144497583539,64.45055044596072,65.0027882908887,65.36158084330417,63.49452936972026,61.81515482802457,60.58322877658594,57.9480906750773,54.47598242742084,52.10267587646347,50.568483469207855,49.41099001942929,48.34247069587373,47.28231241905419,46.20272683391603,45.08652111994125,43.92002878137892,42.67945779557885,41.29922095508602,39.7133178978632
867,0.11113307118454648,300.0,0.0,0.0,0.0,0.0,0.0,0.0,0.0,0.0,0.0,0.0,3.990648021856339,8.686116014684755,15.815643012429112,27.55469897641069,42.96712775762587,57.702843017753416,66.68382393833168,69.68035368558557,73.058618945188,74.39097548576413,72.847752207799,69.88662054061125,66.45874762277361,65.27862321396887,65.0237293514167,64.67703526006649,63.56122948349983,62.08721139482483,60.306162767486995,57.85890729603535,54.95047108308165,52.7857382996576,51.48508608680187,50.50856165543257,49.384227661435304,48.11898220314186,46.826757904853324,45.60944238555174,44.55796972509224,43.77014275738025,43.39892939852755,43.61555748733054
868,0.06757057320005588,300.0,0.0,0.0,0.0,0.0,0.0,0.0,0.0,0.0,0.0,0.0,4.290127405974474,9.394533053069152,16.934881265241653,28.82980066133546,43.80885796047399,58.76071713783498,69.18668276213391,72.35145073910917,74.10375464779389,76.20418687918725,74.36965619867826,69.8682466342039,68.12848519115923,67.6895997934312,66.61993422928036,65.76442522744597,64.72427749633015,63.95035660514778,63.15664786320263,60.964695739056,57.67905553900989,54.99608523429165,53.195298356308676,51.83176398899355,50.497865862911695,49.098922030216265,47.63611094101505,46.18853301963236,44.84469043414565,43.71441223086348,43.022574823938314,43.01909604934184
869,0.090185364238547,300.0,0.0,0.0,0.0,0.0,0.0,0.0,0.0,0.0,0.0,0.0,4.439613387782152,9.099494412595792,15.840554305336815,27.378039986032416,43.07818365253916,58.10295493808142,68.13565982687152,71.55642089750638,73.76030194114766,74.93978919863824,73.58253190819778,70.37576043404354,67.33477206842336,65.38437113226452,64.85072907615795,65.2169389025554,64.36206044222543,63.25649061745318,62.314866702162014,60.3389366409618,57.06343745741701,53.905751760379104,51.56641881994278,49.84633210005534,48.45227400201108,47.20342870579471,45.98426365370366,44.8010389137788,43.685807168255515,42.68121438197685,41.881680239337385,41.38956547952171
870,0.1387087169975574,300.0,0.0,0.0,0.0,0.0,0.0,0.0,0.0,0.0,0.0,0.0,4.781505672256314,9.945852731953812,17.49287243783715,30.138083756530392,46.78545616596272,62.25995469989867,72.61361252600271,76.4934695559003,78.47395998880869,80.06039538799925,78.35339745091395,73.24447958214483,69.97955724464904,69.55118444417735,69.55158574364859,68.02090366352704,65.0928338308614,64.03191751603715,64.82995493107136,63.50966743181393,59.527971756971915,56.47428235001842,54.613379284256375,53.35976163346686,52.26450363820611,51.09373128557431,49.723558931202035,48.22796542107317,46.71893813420861,45.32200025553716,44.251206598363694,43.729037577776104
871,0.2131445231688189,300.0,0.0,0.0,0.0,0.0,0.0,0.0,0.0,0.0,0.0,0.0,4.551719257342893,9.370893128204267,16.308217993735465,27.89941980789575,43.12290120457215,57.40237977353208,67.50918481824364,71.53699449006015,73.60108007984452,73.64251939560916,71.14404760811546,68.39215765618492,68.43091169556551,68.98381263696648,67.16941186704584,64.42918048365756,61.44076169874348,60.52084495230904,60.74867067416571,58.49086416660257,54.45593865299826,52.039154874997166,50.734868286597624,49.81502431620121,48.87051227305438,47.816050341829545,46.66124104023185,45.47841920106425,44.34826387671355,43.38505148913635,42.85857236574738,43.07515704775935
872,0.15077516316570896,300.0,0.0,0.0,0.0,0.0,0.0,0.0,0.0,0.0,0.0,0.0,4.205952038768508,8.82956229468694,15.602106842157134,26.77835097714346,41.3280606329301,55.05901543136311,64.55047741181366,68.6019093736282,70.27736983567276,70.15010788005783,68.69741991354388,66.18055937076377,63.9116362080333,62.071317803332995,60.75587320703164,60.153046696533025,59.33259339059828,58.346589979657026,56.879970673051865,54.476071108855145,51.810441365954105,49.5282895485821,47.90739584549002,46.779414504600226,45.905624602253646,45.062183364755754,44.08025686196186,42.963853071844234,41.75660937176612,40.50533885179444,39.27776528932532,38.13984335477093
873,0.1125780528371001,300.0,0.0,0.0,0.0,0.0,0.0,0.0,0.0,0.0,0.0,0.0,4.371980507113541,9.021807507901638,15.924168411211447,27.817520019122103,43.694301345710485,58.14126461912937,67.26694274188908,70.55366297770895,72.5186476674065,74.0581051002799,73.39101771649726,70.20926731240128,66.76247509961357,64.89228525032375,63.22816951369675,62.226163176779046,61.64777818024515,61.2385950838279,60.00739516186138,57.744057851336905,55.48501474380002,53.31828913946874,51.379364997019245,49.72047458047288,48.32099004974803,47.057960200309,45.81759934504747,44.584291226944835,43.3647668477305,42.14920224522666,40.868623075957586,39.448240086138874
874,0.19623043329957582,300.0,0.0,0.0,0.0,0.0,0.0,0.0,0.0,0.0,0.0,0.0,3.5759837783796713,7.91627391979479,14.600480293232506,26.096815492121813,41.378728272077694,55.761306309333136,64.84378566574223,68.01496280859062,70.16388406956679,71.36797057304315,70.39978563546381,67.07495773325554,64.08951794847054,63.22067237676779,63.33757325448849,62.89755554490011,60.317758023307405,57.721099083144274,56.21205987730836,54.58007895065413,52.46572913921125,50.61680436387648,49.07898342060786,47.75953217606502,46.595722532284825,45.53272229754927,44.529184247002554,43.580497293072,42.690140983548886,41.8498467992188,41.008457494963345,40.1080210643307
875,0.12289974862804558,300.0,0.0,0.0,0.0,0.0,0.0,0.0,0.0,0.0,0.0,0.0,4.486348222384413,9.512399668924948,17.014318623528503,29.45939029892334,45.62169122454191,60.80829083600233,70.87568225022518,74.93516883104938,76.69631737201968,77.28905007495365,76.2565486091481,72.98814688631953,70.27662363617907,70.44796490020383,71.26271925572048,70.3342159350405,67.43779691324048,65.65056487424184,65.08390427616199,63.77888929222384,61.258331687876954,58.627091131785704,56.52536299622761,54.800132721116746,53.214481527805795,51.709836650785604,50.278724491858014,48.94777800027414,47.74850076687189,46.71534333867881,45.9050411088161,45.3780843200108
876,0.09631083584765546,300.0,0.0,0.0,0.0,0.0,0.0,0.0,0.0,0.0,0.0,0.0,3.9121144536,8.769625791120315,16.371022949294364,28.902273605446446,44.64197854174961,58.871434628963364,67.87181203293515,71.40916054150422,74.01166649433942,74.70026664129803,73.8563286821937,70.89072094269149,67.02346261361117,65.05412499711672,65.22344026598947,65.35628844482537,64.10164064582672,62.177590664029196,60.172912015605846,57.94627511981626,55.809124261663534,54.62357989939971,53.825578478698546,52.96317126489846,51.80535223293153,50.42702186622381,48.94943075610901,47.40852764809301,45.818951650221365,44.18985950065907,42.513468116545845,40.7802050384798
877,0.20506242155017346,300.0,0.0,0.0,0.0,0.0,0.0,0.0,0.0,0.0,0.0,0.0,4.2966280527508705,9.28412511081122,16.749368135992142,28.91182485110066,44.61887931467567,59.50797039627273,68.83556678219986,72.00500178251819,74.40855414515185,74.55005970806238,71.67877790256843,68.23933943495679,66.04886953528303,64.57705101980702,64.27756930131982,64.929494923372,64.921436854759,64.64726085670392,63.49157758144785,60.890116674976554,57.89248451176756,55.43548396375578,53.49752336292019,51.9045701581305,50.51880239322401,49.23943452493925,48.000771310251885,46.82214160575686,45.73974159512856,44.77737222438312,43.92279152014445,43.1563370115774
878,0.03598378901309999,300.0,0.0,0.0,0.0,0.0,0.0,0.0,0.0,0.0,0.0,0.0,4.206371477123121,9.15209917313525,16.545336315076824,29.02571349541204,45.19266125400196,59.393427149598544,68.58977084422416,72.40378615238353,74.03282781002231,74.14968466297158,73.37536112113838,71.11467353537464,67.92813827876813,66.25146328653477,65.56942155497516,65.5605069556852,64.37049953185245,62.4613791635989,61.132623482814644,59.37543939584665,56.434857637913105,53.934388485021756,52.304333666658565,51.13578751643083,50.03480371502381,48.93103915902672,47.82798107437336,46.71991861044334,45.599168630047444,44.44301391060677,43.170910465747156,41.6980015874511
879,0.12533369807094852,300.0,0.0,0.0,0.0,0.0,0.0,0.0,0.0,0.0,0.0,0.0,4.343960199659229,9.15371392815375,16.308151170870186,28.131249864953627,43.08897192955155,57.22102297542741,67.61196463740475,71.89597472734623,72.68275929931478,73.33364049655069,72.28016959965399,69.84235159104408,67.36360314046573,66.2528076333076,66.52031812399474,66.12429512751842,63.22778044516468,60.44862234023505,58.66186967669797,56.260985102361886,53.73666741436711,52.45410392538027,51.41508556389016,50.25774564227456,48.969141721370924,47.60862417285284,46.24098557933253,44.901246029382605,43.61456231931798,42.39430531994226,41.21908412827687,40.061416004977126
880,0.17362512771308974,300.0,0.0,0.0,0.0,0.0,0.0,0.0,0.0,0.0,0.0,0.0,4.403645945403987,9.190429128435332,16.293867357442362,28.511130304491616,44.950997735617804,60.11008699718766,69.80650761126861,73.8802278729062,76.75769051442688,76.6185632333533,74.95924457073124,72.16273670127951,67.87944932924083,65.5850116975726,65.45279167712893,65.17348995398952,63.32856536751178,61.32036945082063,59.7799857167783,58.43604818388197,57.286963505055766,56.33539447827328,55.39926151482223,54.189627227548016,52.516802213025265,50.57911233689871,48.621322234644175,46.77518048885852,45.13346703221765,43.78518784812824,42.84734048083237,42.44262063222956
881,0.0971329930031351,300.0,0.0,0.0,0.0,0.0,0.0,0.0,0.0,0.0,0.0,0.0,4.005239836433168,8.798708175965107,16.07862661231713,28.16649489123872,43.968117182919904,59.32273359056261,69.97566502621828,74.28549420551485,75.10648207867308,75.95466334474392,75.70436525067029,72.46627844536111,69.87951145717416,68.90542154685947,68.00032478125968,67.35739003732573,66.2291791593961,64.50843208320924,62.26136409021542,59.82135762312194,57.49531391336985,55.62722797449896,54.068423301423174,52.740274111317625,51.60479545203223,50.57503943377404,49.563032885215165,48.508141530089965,47.35959813922034,46.06897640806627,44.5838542265849,42.85947359062213
882,0.10977711267490471,300.0,0.0,0.0,0.0,0.0,0.0,0.0,0.0,0.0,0.0,0.0,4.000342855873357,8.52988321693448,15.345864045377667,27.31161376993734,43.327218772117476,57.872222229942736,66.82887366349918,70.04624038695853,71.80375661916766,73.11245323004061,72.31481904574039,69.48564990183648,66.75501058344136,65.10280083930762,64.8973266691964,65.52959458186905,64.97785555518323,63.641021746766704,61.418168739565566,58.579541920519645,56.10228358922519,53.86600974080378,51.813289787962574,49.9580967165467,48.31302320252151,46.91614203545243,45.78966389702888,44.8824484458551,44.131119353616356,43.48190289695888,42.9022010421116,42.36547221161971
883,0.08628468909789985,300.0,0.0,0.0,0.0,0.0,0.0,0.0,0.0,0.0,0.0,0.0,4.23898350246852,9.10924808051676,16.47569276341025,28.886035765506634,44.89640195815669,59.582122284008115,69.39180177214678,73.46194222310021,75.45744332455014,76.0837345393262,75.03694361183115,71.9976131198784,69.39868001371482,68.9077268453224,69.00701206447305,68.9346998754643,66.76635794372966,64.02980481953493,62.28370736775942,60.450552675308394,57.652739196311245,55.03764664235694,53.18253435539141,51.696185477882246,50.162996392829314,48.61165196762562,47.15148615878534,45.831900506708855,44.68499265586582,43.73196443696925,42.96247973118265,42.36057943983521
884,0.15400875507122883,300.0,0.0,0.0,0.0,0.0,0.0,0.0,0.0,0.0,0.0,0.0,4.517384638102905,9.204115138487296,16.339719490029072,28.569258533376125,44.33983110127086,58.72768037398441,68.0828640503658,72.10481391802595,74.82316901920132,75.93863276731817,75.18679633963114,71.9910902903052,69.78349942683103,70.23079964837908,70.43786956437222,68.70906847733772,65.10038927846293,63.32414780282496,62.494535116600645,59.858499186361115,56.20081679806161,53.86402451853927,52.81712533227228,52.24044882139634,51.447946920073356,50.3240719045181,48.920717102571594,47.384185268126195,45.86917137162232,44.55789188645663,43.79381435669316,43.95424381766174
885,0.14213747040488903,300.0,0.0,0.0,0.0,0.0,0.0,0.0,0.0,0.0,0.0,0.0,4.459023645013683,9.664146459725753,17.0440032497518,28.28083639918376,42.774966044189014,58.11355936729795,69.6332722204575,73.58430991147308,74.91070867060272,74.78315254666246,72.62421113271705,71.00315123260211,69.39001367106034,67.80879258349843,67.48046595234104,67.23259761652047,65.08816953704171,62.833744691528686,61.63038222325444,59.94250068267313,57.13642828177802,54.864921744098496,53.753922673868146,53.14996222619337,52.35494317077753,51.26426950858799,49.92845545684412,48.431223117768724,46.85802521814679,45.26801115424588,43.64668289795084,41.96610175598011
886,0.10108568798457912,300.0,0.0,0.0,0.0,0.0,0.0,0.0,0.0,0.0,0.0,0.0,4.304315366689631,9.490982798657237,17.18785601230631,29.80244441367239,46.277210290875544,61.98658014356404,72.3079409099275,76.14588487751331,77.9289976144583,77.91759309848133,76.57493714971886,73.41327383810571,70.19985281879532,69.04521810252308,67.29760204278669,65.57104828796622,64.74420543849952,64.78977185682496,64.7554330020657,62.76755012535886,59.18100830883147,56.287215152177815,54.55935482426585,53.451968127876896,52.441140137558584,51.38977936981371,50.26145585964619,49.04759179071245,47.74685052422776,46.33058351475577,44.666171809734195,42.618907371507184
887,0.10723139807517357,300.0,0.0,0.0,0.0,0.0,0.0,0.0,0.0,0.0,0.0,0.0,4.850565497445244,9.572571086603118,16.329564000191827,27.704379167143973,43.25773013788324,58.71395195201925,68.7461540899803,72.03984666870667,73.71611243996573,73.9513597652407,73.20699939373397,71.63564567469543,68.6249010418712,65.76480550755771,64.27394020573092,64.29967657797862,63.696511915481125,63.10290503138261,62.175779802085074,59.49671006336476,56.01474951755886,53.55564877683845,51.97277434721648,50.79519914445409,49.69269996325225,48.598327772792615,47.509105684126546,46.42837553806792,45.360287156186,44.355233365814996,43.64377657793676,43.4908197243983
888,0.15793682660593247,300.0,0.0,0.0,0.0,0.0,0.0,0.0,0.0,0.0,0.0,0.0,4.139008970353766,9.142860448366045,16.577782266848754,28.89976622851492,45.26640817833532,60.9326421533455,70.41958250652816,72.78630376971374,74.11120157163928,76.4291561608504,74.74004066738976,70.37471446085738,67.11623126313927,65.69091721716599,65.43893526605825,65.60348601714296,64.66372036582031,63.24180950257541,61.3043928809263,58.487367255060754,55.93882359040354,54.495885657670364,53.44726120727193,52.485254701330845,51.50800491764889,50.43464155391672,49.21651479589659,47.89718153479034,46.537874699860915,45.18527804936571,43.848639292466125,42.528129989668116
889,0.09126844897585172,300.0,0.0,0.0,0.0,0.0,0.0,0.0,0.0,0.0,0.0,0.0,4.23267839318634,9.171557416252044,16.502051250057274,28.25896326331154,43.276589603602936,57.57558330686483,66.54890508285773,70.41818207758787,73.82889429800625,74.30223892002986,72.72867539226378,70.09782804945647,68.3450271306578,67.69197139020015,67.11786501151917,66.7032715767621,65.13107480432467,63.41797073765618,61.80039158786161,58.859939260647444,55.55835765937808,53.99228496198675,52.957871062586875,51.792731870870945,50.30746199181675,48.67784002277331,47.11868233371541,45.7201267476922,44.53744709997663,43.629186021160756,43.084798757980764,43.00390513195562
890,0.10703372816508629,300.0,0.0,0.0,0.0,0.0,0.0,0.0,0.0,0.0,0.0,0.0,4.1367933220620605,9.252659691710322,17.13408923391252,30.147810849317743,46.71561290006675,61.71056771509194,71.45872876941027,75.40480917194633,77.48748994778506,78.59178988812526,77.10196590319521,73.77455476657076,70.69721227670543,68.52505015791446,66.85904052548814,66.2933233432596,65.99011936990887,65.77334547826311,64.77513656368563,62.16306989676855,58.682759474550544,55.91703331051453,54.20391952276384,53.184616626912295,52.47632340470677,51.818682201056006,51.01725182023153,50.00542438944105,48.75220045512865,47.22594548064519,45.37551196314697,43.16063722734985
891,0.2217176781201509,300.0,0.0,0.0,0.0,0.0,0.0,0.0,0.0,0.0,0.0,0.0,4.256555110815822,9.225506082048298,16.664240759177083,28.99299151831241,45.36011824748668,61.330692522841126,71.56971813391908,75.04127242484357,76.46614451518636,77.01885076188236,75.99835191125251,72.18855506798285,68.21473998242367,66.69254878523401,66.03481705198467,66.32411810734585,67.40397762678725,67.93982071795082,66.761562679383,63.824739129496805,60.02336090077778,57.04824658299969,55.17773289513439,53.9823053530182,53.032956805627784,52.06078800717077,50.880218347717815,49.45531220731859,47.79018134359202,45.85989444040827,43.5212106174332,40.6461598385443
892,0.11834339275953418,300.0,0.0,0.0,0.0,0.0,0.0,0.0,0.0,0.0,0.0,0.0,4.124883201512477,8.860332976412195,16.219628486320893,29.08238202841814,45.7182402760433,60.22843558603115,69.37831909598366,73.08965595749225,74.7135871915374,75.03025376667391,73.79194089448156,71.47755243071839,68.47113716086119,66.17745099535198,65.16344291195331,65.82067553650523,66.22015951684963,65.96510194358028,64.78834514660426,62.22180198809717,58.96759151139144,56.42280056943374,54.50855271072921,52.99160926955578,51.71148365559378,50.49897663488491,49.228901356208496,47.92481605647325,46.64113028280612,45.43348332357089,44.37964672769233,43.557280597802716
893,0.035152095065784095,300.0,0.0,0.0,0.0,0.0,0.0,0.0,0.0,0.0,0.0,0.0,4.214552944502299,9.111705262683719,16.362260398502567,28.646571370664848,44.75516137740758,59.071495691961545,67.83628900434134,71.96413044667678,74.35359949775962,74.29101145569051,73.24027978279427,71.03250953035085,68.38920492663827,67.10879641042537,66.52860499541862,66.06427077452737,64.62456216065176,62.84742481595746,61.351838818859626,58.774525072898626,55.51540924813465,53.573606286280096,52.34485104393926,51.325964535409305,50.28536286203968,49.17410865650181,47.99448820264134,46.77620716026334,45.55276390422482,44.35383815984067,43.20488619446681,42.12818761563786
894,0.11773712224094236,300.0,0.0,0.0,0.0,0.0,0.0,0.0,0.0,0.0,0.0,0.0,4.21863526286682,9.081378014019394,16.62180172417238,29.628176226014116,46.39372809102099,61.60013497981579,71.86524234109847,75.85311926486044,77.2451846916522,77.84976287226755,76.64221024315539,73.32258415515884,70.37448622793629,69.12654443704729,69.04899193759158,69.2965320305078,68.55390996008128,67.19718439665216,65.3476822821385,63.08232656942604,59.544240153698205,55.660773397826055,53.04362085413555,51.444485277983,50.30132961568795,49.342929125759,48.40838312981807,47.475855235246804,46.55586557979339,45.63936835019397,44.64601629128718,43.48511506046819
895,0.1047891043460332,300.0,0.0,0.0,0.0,0.0,0.0,0.0,0.0,0.0,0.0,0.0,4.356585087299493,9.062236125943391,16.071319153797837,27.9838093291138,43.67718145674429,58.85333545773966,69.10886789172214,73.09785774529051,74.91707685100872,74.5107070244919,72.79101918440367,70.83706037560836,68.70401511531487,67.31413229545926,66.20938225073093,65.93460677067553,65.41290463325974,64.54083915920528,62.538457091220295,58.77403335151203,54.62050533662174,52.2363792415296,51.33873299411827,51.06805514569329,50.716814690206824,50.02771290163621,48.91604939139927,47.51146662787492,45.98560207456317,44.49280222205289,43.16946448741773,42.136307661615156
896,0.13909355625052092,300.0,0.0,0.0,0.0,0.0,0.0,0.0,0.0,0.0,0.0,0.0,4.101044034888908,9.340306326383315,17.375181939024074,30.32910203635418,46.57331569986873,61.50158169829935,71.3401675952194,74.72822838600702,75.73281290904389,76.35713904142915,75.17305217314629,71.1772632335975,68.72624795069865,69.13475499851661,69.39905633805573,68.19235019666385,65.63640949330706,64.70294476833459,64.51707618653447,62.49203327973915,58.800602837943494,55.914639545548766,54.17470910305254,53.02488346577228,51.97757885650632,50.91236216922604,49.80597914785745,48.66982164618674,47.52208261093932,46.358332761401925,45.093878191944576,43.63436813001475
897,0.07230676400136236,300.0,0.0,0.0,0.0,0.0,0.0,0.0,0.0,0.0,0.0,0.0,3.885577492350475,8.669021084531387,16.014495784320314,28.387952211703322,44.30318373208652,58.379933569342036,67.13841049526397,70.4998014947628,73.12764902479863,73.73680545671174,71.68881677536469,68.37579813875756,65.67869245319301,65.37081787764751,65.91493562223671,65.66839997068942,64.0868783924065,62.011566658199975,60.13813720809938,57.8131187889641,54.93230648261638,52.98695635903037,51.77207622144343,50.781196511287554,49.66188555398595,48.366468953970106,46.937770840740136,45.48260210515153,44.11181498023378,42.92138977546867,41.991407023072234,41.39569503926021
898,0.09117627427060276,300.0,0.0,0.0,0.0,0.0,0.0,0.0,0.0,0.0,0.0,0.0,3.9847705166537315,8.974929004117547,16.505911519366173,28.626593166907135,44.04501432650965,58.49704790173604,68.15264638426925,71.96851061391702,74.77204194746618,76.51130066140792,74.68966538504782,70.36482335011698,67.93514478813542,67.8696514907602,67.47316085831186,66.5545142157223,65.37035572159951,64.53882208058066,63.5349143662497,61.39874204395086,58.163342155565765,54.99785720680879,52.6554955411897,50.985897836586105,49.70139133766767,48.57206138143193,47.42895212185073,46.250794883708366,45.05048289673675,43.85912571171817,42.78091251946624,41.92856893089697
899,0.2854850918838996,300.0,0.0,0.0,0.0,0.0,0.0,0.0,0.0,0.0,0.0,0.0,3.9576947972535828,8.650265538040843,15.612753973280578,26.853016658736102,41.5636430327293,56.63054850909972,67.2686970260789,71.05296353115949,72.09998096391655,71.9180665345322,70.48471665138166,66.64964394987264,62.81957559782035,63.02813313227388,64.63220539413423,64.89047586645191,64.13358196176364,62.8619463475285,60.27198209492562,56.842547006216265,53.81018816272661,51.97913170949339,50.76799994896232,49.71691789077196,48.56494086452794,47.321058475412705,46.060624984307466,44.877467742647994,43.861921855510694,43.14061351554666,43.01113269082077,43.829860505998845
900,0.0938248444846838,300.0,0.0,0.0,0.0,0.0,0.0,0.0,0.0,0.0,0.0,0.0,4.282973469441952,9.172004693829967,16.444048008921136,28.525505649196617,44.195461074362356,59.14319842062234,69.63959604303925,73.60787265376753,74.39956145324676,74.79004754495179,74.55275627823356,70.89076242560954,67.45456435980924,67.0424928400399,67.90646084113419,68.31402571018918,66.91104811746017,65.38306433369638,64.26373139313806,61.565498478094646,57.81107558054795,55.211583392415584,53.56198593200451,52.41989478026745,51.49158478399729,50.55347782345036,49.44607298260047,48.16906709883058,46.759598726141455,45.21808032603615,43.4138578601798,41.211573886572076
901,0.08187928864570675,300.0,0.0,0.0,0.0,0.0,0.0,0.0,0.0,0.0,0.0,0.0,4.540041756283583,9.554872870598748,17.086069130101635,29.578329996644836,45.60754833293944,60.272918091018525,69.85779980966657,73.36536130958108,75.60981171023423,75.43186828584942,75.37216155682103,73.41816267133102,69.80342415981077,68.36011413075137,68.5495910236524,68.6842126521713,67.39469190647183,65.2622910828041,62.98181006838027,60.100245260059175,57.184964252925056,55.51584311281771,54.42436482798308,53.40202935252298,52.20044460396618,50.8466286610498,49.41923704493311,47.95457892328123,46.47663858326415,45.01351718452898,43.61669115889537,42.33756172306887
902,0.058198033437880645,300.0,0.0,0.0,0.0,0.0,0.0,0.0,0.0,0.0,0.0,0.0,4.313322802772451,9.285426690282312,16.80034302885479,29.324608368757943,45.22492267895502,59.32429581461502,69.22793055498866,73.35308159385697,74.50518670774275,75.47597791973205,75.13312880864845,72.55101762666874,69.29320174412904,66.7917415242139,65.50867431773925,65.26090732301762,64.6718545687576,64.81390592208811,63.84267049508829,60.48836678360526,56.89402824507754,54.568048746111124,53.11078443135794,52.03889785323985,51.02255736626471,49.93853613311202,48.739817084309855,47.471341702502855,46.19525211268345,44.99223854059456,44.032457207411774,43.497343316689
903,0.16274308120628614,300.0,0.0,0.0,0.0,0.0,0.0,0.0,0.0,0.0,0.0,0.0,4.367915730047636,8.93253592222356,15.661976874855933,26.831368245077016,40.95058859190812,54.09817430855272,63.49087449796808,67.059812389724,68.57011478818625,70.25529303286011,69.69720887548702,66.1119147086695,62.667521206605066,61.667749225157266,61.129643688323675,59.96663944246079,58.29625404983817,57.57630315993536,57.066691759815306,54.75866529007856,51.29737389032828,48.90761325533708,47.752503430966705,47.13940609711832,46.45236892111397,45.52788464057177,44.34875832668766,43.02247440343249,41.6761609242123,40.437887974317796,39.48102020922513,38.97992254052727
904,0.12286211422675183,300.0,0.0,0.0,0.0,0.0,0.0,0.0,0.0,0.0,0.0,0.0,4.715287855625789,9.896900488525281,17.387317888341418,29.38166684158052,45.07923731147002,60.76711366907295,71.33677724567904,74.77884608959019,76.38958887792407,77.8996542646918,76.93046148104527,73.06303601631825,69.70206536948044,67.6973961220374,66.70489024283552,65.7815257512127,64.6418158058407,64.65994535048355,64.01553062589193,61.10412128702435,57.102729392941995,54.13941457351243,52.29404666068903,51.02550939060528,49.88775962614063,48.7350774336079,47.52315872351378,46.31303204528938,45.1841087264301,44.23630314030403,43.6742797271301,43.72670044125461
905,0.062308929500395266,300.0,0.0,0.0,0.0,0.0,0.0,0.0,0.0,0.0,0.0,0.0,4.285376407343711,8.998252019739157,15.953612270641859,27.76432533945599,43.42502182084647,58.11356845270273,67.44919030386927,71.29272119771333,73.50534237847884,74.78984661564668,74.34398341307869,70.64606714022963,66.98734656700688,65.06808815763925,64.51933642835279,65.65768575754186,65.78346211170553,64.68283306482591,62.33398025942937,58.93698978379565,55.89664117629089,54.06970549879025,52.97823912388589,52.113477899173716,51.122743911126996,49.9397760365328,48.58167937360464,47.11421684353144,45.60892864853225,44.13372143304968,42.765196132900584,41.57447725506801
906,0.05316629344268888,300.0,0.0,0.0,0.0,0.0,0.0,0.0,0.0,0.0,0.0,0.0,4.289767128066996,8.87183137573416,15.583893951697437,27.120141831228114,42.60273168495354,56.540988096548716,65.1079760551719,68.63012814534777,70.94202712213163,71.44247967382579,70.11408112385105,67.22036381706954,64.74488961771128,63.586522831093,62.53800758891381,61.659668105433894,60.39984920812749,59.7119281426665,58.91775078173224,56.57470296713063,53.312581163893604,51.09890105545496,49.896343310078656,49.073270150785035,48.128739979443054,47.002033216720086,45.74608829736531,44.443820211487896,43.177811445370864,42.038734337982646,41.176138531135585,40.7467802599386
907,0.09735759170451441,300.0,0.0,0.0,0.0,0.0,0.0,0.0,0.0,0.0,0.0,0.0,4.65560342913394,9.399948749275177,16.086520381160593,27.178159306119902,42.48633031998537,58.08825864849015,69.03442174296454,72.55590340463488,74.12887797338472,74.37177993112988,73.00295870813628,70.8815865727612,68.89742565093471,67.5437274801227,66.4290174949486,65.2149171257777,63.832303236050464,63.2545175906274,62.53673583337914,60.176047942176055,56.33588506283332,53.20443283442466,51.277046521388655,50.05937521202411,49.06437279392685,48.094539228238105,47.05462210376581,45.96451560444275,44.86856261720319,43.79112831847005,42.69288027444491,41.52335967115014
908,0.14106888774642803,300.0,0.0,0.0,0.0,0.0,0.0,0.0,0.0,0.0,0.0,0.0,4.551228855418064,9.22029326919957,15.83800280951845,26.825318968836164,41.55635215671301,56.10275291441479,66.33662550600376,70.13038734752017,72.27406283568651,73.5221838434747,72.54789028874994,69.55183962489573,66.97030117369233,65.32177946220665,63.65139328200057,63.225559999344384,63.26904000988523,63.110816730481005,62.6882060786426,61.01814550265945,57.76086176491412,54.34808148653619,51.94975212781903,50.36349544035584,49.18013506633311,48.1492016336394,47.10777091675886,46.05710171307789,45.034817287386694,44.05249041242147,43.032949917365926,41.8846930558656
909,0.05872634143876341,300.0,0.0,0.0,0.0,0.0,0.0,0.0,0.0,0.0,0.0,0.0,4.489000744014211,9.279211893226284,16.383761479836032,28.618641785151777,44.97232429556018,60.438437176947694,71.17232414427878,75.37742072565197,77.17142661013902,77.29735364942488,76.69901037685112,73.68357444140182,70.35185471413553,68.43487362638297,67.76326957008833,67.50297806003606,66.28322557186213,64.72062836328753,63.47293219094113,61.37343031757419,58.115884024200035,55.760284423336884,54.201666685136686,52.905055669666524,51.52520578313506,50.10399391583328,48.748425466379274,47.49074413566202,46.34393469441174,45.349200049374346,44.662002147020644,44.46115494181022
910,0.11534982468200287,300.0,0.0,0.0,0.0,0.0,0.0,0.0,0.0,0.0,0.0,0.0,4.030217745788681,8.745308672863702,15.973690475601723,28.267427208941747,44.44271140363964,58.60994585856113,67.1619428157505,71.04409982581701,73.88866134412429,74.66219724844046,73.8469699936364,70.23951108414289,66.29549154605833,63.64251522825593,62.53176657586156,63.55020076734399,63.76228478474408,62.40377564374506,60.080455083791755,57.379276889662634,54.859883433039855,52.75339050427473,51.20824157714593,50.11943042534809,49.31367734640775,48.55345127560559,47.6428176773367,46.581846674555074,45.4163713727038,44.193885010053265,42.976394284060476,41.823863426960955
911,0.21679279760322195,300.0,0.0,0.0,0.0,0.0,0.0,0.0,0.0,0.0,0.0,0.0,3.8688738740398643,8.438111612386633,15.165542404411376,26.030295494748174,39.938899368044474,53.185207319506745,62.9177888857394,67.26641777300935,70.11739258407582,70.60119108633357,69.63554965370969,67.81018589983368,65.61747891985362,63.24117355784731,60.79054906982624,60.006246880185955,60.02444202512167,59.52249411631775,58.116028728942624,56.244269310167,54.044789943673855,52.081926682118386,50.53126581128986,49.146619088922655,47.700705709250606,46.247077486998,44.88007901049906,43.62545297058293,42.4916011909431,41.48806080845595,40.63270395052756,39.94460195031071
912,0.21227520342658285,300.0,0.0,0.0,0.0,0.0,0.0,0.0,0.0,0.0,0.0,0.0,4.736643584141958,9.544370574712184,16.609137837679004,28.524026660005674,43.589671407063406,56.594062580438404,64.79830417084513,68.11840416219304,69.48115529302726,71.03906075518287,70.83019197766983,67.46560630839922,63.382751705345015,61.81619082826922,61.95347427384203,62.34350418299899,62.06629764478218,61.65119609481686,60.32360145782814,57.20318637329149,53.668069441815355,51.48702394077334,49.98148998109561,48.69699540621199,47.444180654089834,46.185868965159315,44.932693572433195,43.740713342563005,42.67108767004744,41.77368676526468,41.074668474240255,40.59496217749774
913,0.14156501188921666,300.0,0.0,0.0,0.0,0.0,0.0,0.0,0.0,0.0,0.0,0.0,4.124386846029417,8.875793628821803,16.036048777671848,28.11869260339657,43.745317031862896,57.70275996421798,66.56826448827256,70.19103306878227,72.862032686772,73.70730610810847,71.52071221762745,68.31032392786376,66.46085094166395,66.19084776674434,65.55261140940797,63.69719731754257,60.428699281862734,58.20390881855495,57.465930761483214,57.14814886077825,56.05880014418722,53.819383323614026,51.833322406438,50.37018324142867,49.27966383368699,48.265736579322216,47.07858347541851,45.73167411808693,44.29729641006206,42.8973795547735,41.85994482724005,41.540619802325665
914,0.07979846331109705,300.0,0.0,0.0,0.0,0.0,0.0,0.0,0.0,0.0,0.0,0.0,4.178907955635866,9.137665715013297,16.59611603994933,28.667693804587376,43.58288277473158,57.67944558840546,68.04127601262925,72.02007813282302,73.7191310621898,73.82073138774412,72.16677356974975,69.51484276894878,67.37496462969621,66.72550376371225,65.87345460498457,65.03916746007916,64.15610992438256,62.77352669966264,60.58581106811212,57.924214197271034,55.71668052278649,53.86972151624794,52.42850357622523,51.27595201068345,50.251493572335846,49.25802568469676,48.23365096410744,47.18369354432928,46.128033580582944,45.07298422693577,43.97907356154433,42.79964447388027
915,0.18863257627396274,300.0,0.0,0.0,0.0,0.0,0.0,0.0,0.0,0.0,0.0,0.0,4.109373271220168,8.877608525565183,15.975088712818602,27.92089925017136,44.10386415984607,60.18811178587771,71.29318305148848,75.64335928239079,78.68665624755805,78.84968809566855,77.15420763495335,73.57165054079552,70.74592408834938,69.91392031703909,69.35295955471304,68.4183997647635,67.53412085259961,67.24895392272535,66.1781924252418,62.693222515507024,58.950239951350014,57.55302733725833,56.780058745463634,55.81789322584542,54.46237868966661,52.84313848632248,51.13419563142349,49.40488386509602,47.695307655233016,46.03465729738358,44.42691802670611,42.87002825190407
916,0.14483279074725378,300.0,0.0,0.0,0.0,0.0,0.0,0.0,0.0,0.0,0.0,0.0,4.253177241722944,9.25911255740934,16.73978351604464,29.03457047653634,45.21443284623327,61.13096806675992,71.67117900980571,75.2358265695627,75.96069574582452,75.30875937596035,75.3725310875375,73.66831246478621,70.44139619075752,68.51297669351642,68.05959880838593,67.98660088092561,66.9295101202864,64.61693852930837,62.11895510634005,59.77416215819191,57.26717324748447,54.96007510460908,53.24448147968916,51.952442615719775,50.822544713954734,49.663669323176656,48.3543578293055,46.94887719150473,45.536126830100635,44.23588232688681,43.314529996838914,43.061050723734986
917,0.1631389024097186,300.0,0.0,0.0,0.0,0.0,0.0,0.0,0.0,0.0,0.0,0.0,4.77961434215755,9.986971651841829,17.566856781283036,29.481993252796574,44.23849191360596,58.6251616020922,68.68738865664226,72.63835685059931,75.77570550275826,76.306012009505,75.10276866109037,72.64216757173082,69.4224198618148,66.6060055648546,65.34881697972216,65.30866870107633,64.1328750125201,63.02618170219456,62.080215141551484,59.53977708403449,56.2092684595084,54.149167939891115,53.02148856071182,52.22327669065869,51.33897731072337,50.23730030380811,48.88776795683926,47.366594086176185,45.76859741796275,44.14534088062812,42.41584982632919,40.483295144827636
918,0.1354153879140235,300.0,0.0,0.0,0.0,0.0,0.0,0.0,0.0,0.0,0.0,0.0,4.274601467854745,9.060810282924457,16.316826926340163,28.602133405771404,44.95369499857137,59.86745226241178,68.62008273809876,71.86110961181093,72.80852378792375,74.7265231247693,74.88798311124319,70.45286074433905,66.53040631519266,66.26735192007015,67.44866366620079,67.48327636587223,65.58075323120018,63.65729086767974,61.6060861932701,58.80491530996491,56.57649693531837,55.39943889499502,54.345405114642496,53.12973214712703,51.73651105656414,50.24336347945471,48.741247877164255,47.30627830173084,46.00420304419768,44.92030753578164,44.239348343356525,44.168089547870984
919,0.03802391989068752,300.0,0.0,0.0,0.0,0.0,0.0,0.0,0.0,0.0,0.0,0.0,4.548242895074334,9.542266377186188,16.722180806272075,28.474270069714926,44.031274536808084,59.44172424536509,70.3641308273459,74.0161506292474,74.98703522044266,76.11300644769598,75.51598229068796,72.74993949426788,68.76217546769762,67.00955145029725,67.29382498788463,67.36472226947744,65.96690889529135,64.39858585044654,63.27473203716745,61.02465937506529,57.68823302454363,55.29092884194562,53.62124469988359,52.303643460282444,51.13075986898711,49.99767551161871,48.84070059612318,47.650053198773854,46.428522472944536,45.18049167530479,43.917457160704245,42.65151842360287
920,0.13688622239010698,300.0,0.0,0.0,0.0,0.0,0.0,0.0,0.0,0.0,0.0,0.0,3.8868483436863883,8.311547254110561,15.035365928429604,26.440396492386004,41.45287502647578,56.157805261438554,67.02722117480273,70.95600071530058,72.06171703929068,73.4960606431903,73.05339297426534,70.03639451942827,66.74872983086163,64.73078073393957,63.919814796054624,63.60523261610435,62.395912100731614,61.09570065709586,60.096057182706005,58.48658341407421,56.33758371402913,54.481215289403174,52.869408146762325,51.35322371089523,49.84400507527809,48.30826273193008,46.74394167362238,45.21377881253817,43.78785393854958,42.55083148748909,41.67118918740242,41.33126862926072
921,0.15936403044357805,300.0,0.0,0.0,0.0,0.0,0.0,0.0,0.0,0.0,0.0,0.0,4.4078742560863295,9.686818850195122,17.390028992932283,29.349108173268668,44.58852101948317,58.987311644847736,68.78331928516957,72.71194466407213,75.17445905506617,75.23754639147936,74.02533920741855,70.77065631290766,67.50590567375724,66.09314215788854,66.26636497224165,66.73240747104073,65.60846779822587,64.59456379709897,63.00711683681499,60.26636831450713,57.69322670000226,56.160345249539404,54.79316464903429,53.17807469788123,51.220442273591075,49.136964249553486,47.158732340838846,45.3773154340989,43.844840739152254,42.59343993660837,41.60186505479083,40.84065923027555
922,0.07917345108008665,300.0,0.0,0.0,0.0,0.0,0.0,0.0,0.0,0.0,0.0,0.0,4.455071098315594,9.577537845110708,16.896222521213378,28.71300014200478,44.774257556176984,60.42578839377894,71.19307173476051,75.41435154064115,77.30042022967065,77.32507839311616,76.73495514387676,74.23899134887662,70.23286811684389,67.75108406322774,66.82833619525422,66.66921531817235,65.57390949644243,64.70432053455046,64.18722924712681,62.03712215148226,58.74739692932549,56.805509691352285,55.60085571057779,54.460699308454686,53.05187710856086,51.48225069770531,49.925317059022206,48.44296593863202,47.0670118503309,45.84581052198353,44.90370115481765,44.37714894630482
923,0.09419409535056332,300.0,0.0,0.0,0.0,0.0,0.0,0.0,0.0,0.0,0.0,0.0,4.096753014854703,9.208106801441334,16.80955307985957,28.927986127368385,44.145913339657504,58.88330038225764,69.63472245103796,73.89793184160551,76.34551847118092,76.82065487565399,75.24757325011348,71.80946882414003,69.73529181720455,69.56993212696533,69.27586098315979,67.66806849234229,64.78359338714937,63.11621142570145,62.42999334463174,61.06740980074313,58.90514821368553,56.96454203399318,55.38669378169908,53.95147604352522,52.48198141513837,51.00344367017722,49.57556968796122,48.223443741961766,46.962073736784646,45.79122010047303,44.659037152710496,43.50582305591096
924,0.1512282059198652,300.0,0.0,0.0,0.0,0.0,0.0,0.0,0.0,0.0,0.0,0.0,4.25345705706275,8.931099268784338,15.793174777390501,27.437894317454386,43.01869648733385,57.71541216427611,68.09647183191115,73.12777413969687,75.3145053705346,74.90041483295128,73.41488227469152,70.15995534936707,67.18307039609925,65.25166780851868,64.38566198533461,64.15606242591656,63.63611548420691,62.93012734655311,61.46430200096526,58.91886794498698,55.530723434523935,53.14991788033203,51.7084988825312,50.5648192663112,49.24604079373915,47.798162099132526,46.36958063692226,45.059243497925614,43.94673625356613,43.145896369804085,42.93135691962481,43.63151363666234
925,0.13388467155914116,300.0,0.0,0.0,0.0,0.0,0.0,0.0,0.0,0.0,0.0,0.0,4.117497448445886,8.853664446106189,16.07798988637388,28.221508448659346,43.751077677562186,58.61518174663936,69.08230348844344,72.65495429208727,74.19521622740668,74.4690271757745,73.60955095514757,72.31979635091949,70.26864554411176,68.06290130858336,66.40760659244698,65.44671958281346,65.30213099717966,66.06707762809492,65.03308881267,60.59593598577818,55.912361686640686,53.86981142380147,53.05985104757762,52.45648390400846,51.53794482451474,50.33125021549573,48.98299651025577,47.5970022883096,46.25887824983026,45.05601060561043,44.11161317223955,43.55155887589263
926,0.05071176457906634,300.0,0.0,0.0,0.0,0.0,0.0,0.0,0.0,0.0,0.0,0.0,4.32059996560615,9.229144460572734,16.250451765862362,27.53267107797153,42.353604247557804,57.393639252134825,67.6217359954068,70.85246592292042,72.43720528853441,73.58438738326288,72.36978239958687,69.97178768675914,66.85292654051875,65.02863127592725,64.80522596038833,65.12446390836634,63.616074907546775,61.36709686217009,59.62774275603114,57.52207215357712,54.87030909591653,53.10272439924271,52.057647598280525,51.2019617677878,50.147786965707844,48.88242665069517,47.478262838142825,45.992297775431815,44.47361375058954,42.9785098380872,41.60582208958035,40.45386023345279
927,0.13683040413997657,300.0,0.0,0.0,0.0,0.0,0.0,0.0,0.0,0.0,0.0,0.0,4.452935013356768,9.772587398249634,17.517447402156208,29.89983679431824,45.514603759238895,59.77415774488773,69.44391009391377,73.43876130192646,75.96643400494995,76.33274611191229,74.9952939385453,73.30324840091066,71.07024008169361,68.76903204995912,66.67694927413385,65.10063847339867,63.64448735442424,62.64863125354291,62.28255563737799,61.228725194521914,58.64009529227386,55.81495475974576,53.912957620268735,52.66406714340982,51.59208307560072,50.489273138712946,49.255019605283806,47.935958002856076,46.60809287956055,45.35357151699095,44.301109058668935,43.58192548982725
928,0.24658607680716416,300.0,0.0,0.0,0.0,0.0,0.0,0.0,0.0,0.0,0.0,0.0,4.3543242439584064,9.415233663324797,17.095324050770774,30.352016944446607,47.8743225209201,63.55289000464078,74.4553784070938,78.88400547371597,80.35211284406729,80.03806523262251,78.2604493930765,74.76261327444679,70.43580646950937,67.902326022779,67.69051199528694,68.35662327101038,67.88315290675865,67.12756453721735,65.45713986600533,62.79770472747668,60.67242572973514,58.97497345915739,57.309746865813366,55.55929184224278,53.711066556876524,51.91347558859214,50.30903999999868,48.925835096456744,47.76543402943305,46.81056041412947,45.969730481380815,45.13954130096861
929,0.11275197748893696,300.0,0.0,0.0,0.0,0.0,0.0,0.0,0.0,0.0,0.0,0.0,4.196059261728854,8.990791190827363,16.036917208854735,27.593618066730127,42.839194666388764,57.62813869047505,67.5859906416069,71.32587671295742,73.30906516401936,73.72267454997224,71.74164915803306,69.68742364134457,67.80321115097139,66.71493302440794,66.57175045737887,66.993943616193,66.24571011640683,64.7190065042885,62.787224480654636,59.7553584388457,55.99009427165666,53.44333284685857,51.94473613257436,51.005913281980774,50.28171033278582,49.59150191244796,48.80910207524025,47.85673947876721,46.67385216219175,45.17381493630996,43.15294824395426,40.43233862327488
930,0.11482526301682242,300.0,0.0,0.0,0.0,0.0,0.0,0.0,0.0,0.0,0.0,0.0,4.045330208176438,8.931193580143274,16.484283417208133,28.93379071173771,44.756045562588895,59.07768038552172,68.20319581273799,71.79775411867824,74.13389891928146,74.87411517986848,73.52595358954427,70.51578357865813,67.50520046339054,65.10313735802207,63.15380897714071,62.89712412228881,62.959079355970474,62.192021239923264,60.891134264523686,58.259259433650556,54.38735898568899,51.660058437660375,50.462244012895965,50.0576021781595,49.732622529362416,49.19003405415443,48.291191761847166,47.10589719645684,45.750898446823975,44.29369989891202,42.640269067580924,40.677389529500324
931,0.117002448400265,300.0,0.0,0.0,0.0,0.0,0.0,0.0,0.0,0.0,0.0,0.0,4.498152897635326,9.598731668399989,17.17396400815467,30.01414059380287,46.78109589512021,62.69277506144651,73.77220153279343,78.3278267787461,79.74342645809756,79.63072272417018,78.2266879098006,74.77597470179047,72.05979311673515,70.65108848890614,69.39257374470542,68.18033315980617,67.33045156350235,67.29885582039132,66.84450670177083,64.35996365297811,60.38908217118693,57.426550815893165,55.67122017084315,54.52943638189273,53.49614213450049,52.381555425569324,51.105547991572,49.70451229925058,48.23874837504578,46.80285326769228,45.6373038664647,44.99920464302129
932,0.1279440908573703,300.0,0.0,0.0,0.0,0.0,0.0,0.0,0.0,0.0,0.0,0.0,4.270635914975019,9.43350415782591,17.063934688709235,29.10752271616949,44.652568738697106,60.27094279456684,71.27018217687208,75.18731487211467,76.24087616763477,76.25847614108474,74.97698629502656,71.88958318121324,69.33201795033511,68.82163179687232,68.42621263666105,68.0092509682958,68.23025868122286,67.85683928178611,65.4483543582217,61.43772621531518,57.451258816359676,54.75945253882859,52.94528610348255,51.56812341988897,50.35406008541276,49.2199118276215,48.1311183144983,47.06267687335473,45.99293171415818,44.87375854085462,43.55295187285103,41.87256744875617
933,0.044212129562421175,300.0,0.0,0.0,0.0,0.0,0.0,0.0,0.0,0.0,0.0,0.0,4.282658717618791,9.110026508236421,16.31430551283652,28.538872104974708,44.88624103135965,59.41777658067817,68.41165055125597,72.29521705842612,75.31056475959579,75.57693078628515,74.34685146632717,71.38669885858346,68.6157425348089,67.81223625500797,68.0657445378026,68.0883174025391,66.42620077620231,64.65101533440871,63.58019043247305,61.68454896048835,58.20383094242791,55.356490981251696,53.52933999855612,52.24441560587842,51.07547293209468,49.87939742808387,48.608004413388755,47.30820224030008,46.04402701266934,44.88509836390907,43.94323891158958,43.33421153612496
934,0.12859069110245402,300.0,0.0,0.0,0.0,0.0,0.0,0.0,0.0,0.0,0.0,0.0,4.170036165475666,9.188018166780655,16.519141488359097,28.327854706662713,43.670784474276964,58.70571542678208,69.62130978724666,73.80832782643074,75.81533278384546,76.95886186504008,75.9167947420488,72.85191830955854,69.53758293681254,68.75054446200882,67.84872215586961,65.757509579151,63.53502751829308,62.51057282576532,61.593838505446534,59.84166521417958,57.5191559815979,55.330100260329665,53.48876269587435,51.83503682578979,50.20838225759758,48.623511563006865,47.124720898937454,45.72780248091751,44.44052818277586,43.269509509892075,42.221401684810544,41.302356637487634
935,0.1821551852369263,300.0,0.0,0.0,0.0,0.0,0.0,0.0,0.0,0.0,0.0,0.0,4.31422017859524,9.088001457258095,16.192852598381293,28.016070350240298,43.095650067500515,56.8883872695361,65.81747957346892,69.52589481315219,72.7615114780917,74.97659930215166,73.2137590032648,69.62358505495081,67.80741026637016,67.30776095969384,67.13079213785362,67.0332015561403,65.64679439807895,63.103975346060736,60.53149143924948,57.8734158090994,55.05949898638684,53.46419926767146,52.52131997537914,51.63911401996292,50.4786531367547,49.06573415235166,47.5184121277815,45.97992522888684,44.584889031696925,43.49240168000421,43.00948436713223,43.48737669484315
936,0.07846520215336081,300.0,0.0,0.0,0.0,0.0,0.0,0.0,0.0,0.0,0.0,0.0,3.86863463994857,8.975536068124631,16.689486632368514,28.938578759313746,44.595056173007826,59.95866269929308,70.0291359110807,73.2163809208052,75.77502969881338,76.59061391811697,74.89954214480005,71.71076245264261,69.21944680200416,68.65869102094206,69.34597565545403,69.10253697936892,66.84548326710151,65.47753270131327,64.6767155336998,61.866994620374676,57.907506199171394,55.10254823649109,53.31282451914334,52.041451009310734,50.93812001951747,49.8299386315533,48.62476732008658,47.36054229791154,46.10125276947799,44.93071452677778,44.02820591832741,43.58651679423335
937,0.13160694521656768,300.0,0.0,0.0,0.0,0.0,0.0,0.0,0.0,0.0,0.0,0.0,3.9883503024258604,8.624158909317307,15.47177560102907,26.8717417789381,41.88435034770402,57.11552825408495,68.1799477890214,72.24224156118997,73.80855832196875,74.93774316684026,74.18198225091392,69.44488540918007,65.66622505473322,64.80811795762585,64.85801090581478,65.02077234904147,63.906511745422875,63.43163507927293,62.70903926246724,59.490851161933556,55.3841901034265,52.750389761811235,51.4569663205522,50.72027138007481,49.911445967480255,48.91204851163705,47.74667168253189,46.510641134073175,45.30791984742739,44.23169830621259,43.36590481569841,42.788980435454924
938,0.12620482956324658,300.0,0.0,0.0,0.0,0.0,0.0,0.0,0.0,0.0,0.0,0.0,3.9553317630812623,8.704012214719137,15.788789816816983,27.104261972544528,41.3249868912587,55.31310113533289,65.25968308610514,69.06137047431447,70.08896469786563,70.27892747998659,70.13383928432361,67.48220814119617,64.38089057183768,62.579027669909316,61.70592718508637,61.81715106156279,61.20310594280957,60.10900126741007,58.50876921224637,55.517416845381746,52.093573822788564,50.49814141502088,49.9670757734895,49.62571039151289,48.930471446691854,47.89843576972661,46.670302986189746,45.33481588741539,43.962505423699476,42.64757656623237,41.59512879741019,41.02206607642746
939,0.15365451889192444,300.0,0.0,0.0,0.0,0.0,0.0,0.0,0.0,0.0,0.0,0.0,4.440102326566185,8.922494830393724,15.496425878868726,26.832491351513074,42.232069286814124,56.90799603856861,67.49703964086584,72.06275801262139,74.517235805553,74.72796982862809,73.49028589755689,70.55557887821229,67.68075664625886,66.35565268499784,66.0800946909899,65.54126723256698,63.48137771368191,62.09460886757492,61.002558068444586,59.241955645804055,56.42333436249393,53.09017233750142,50.684717941860754,49.10716180994115,47.93035604935945,46.89774168757123,45.847214360250355,44.79573885925671,43.79878049023769,42.94918903075116,42.50157218230585,42.74940485286958
940,0.17782233776186362,300.0,0.0,0.0,0.0,0.0,0.0,0.0,0.0,0.0,0.0,0.0,4.162958275761543,8.981546820676114,16.05946887178408,27.596126003503645,42.78802927282516,57.726669544915445,67.76345254933238,71.59589070781814,74.10138721286884,74.80735013003357,73.70542146017245,71.68453161235914,70.26494382914956,69.73577032151731,68.30942241878279,66.10453949111513,63.83841747767457,62.57764535255855,61.58845385389427,60.02974769064806,58.03175552248777,56.228609009423884,54.78219359084054,53.38159723967055,51.75073830700079,49.99606594098457,48.284151161962896,46.70999924120862,45.34378325884225,44.26816426716942,43.641248927560376,43.64144699006094
941,0.16858571096311256,300.0,0.0,0.0,0.0,0.0,0.0,0.0,0.0,0.0,0.0,0.0,4.9721624323845335,9.894011146843258,16.89925124980935,28.748947008125448,44.62932592353953,60.0253532556749,71.43215777860966,76.15735412621807,77.94973568370848,78.34404926387909,76.88174147431853,74.67361153453078,71.71353994740436,69.11100003792646,66.83177596297232,65.82849628985312,65.72651604794403,65.4348588029959,64.35670609743453,62.63898308911019,60.156227134560005,57.39881316298374,55.244673677399554,53.74380096839894,52.7107516472776,51.83672794545865,50.84957628734702,49.69266798101596,48.363477298024314,46.82247998357771,44.88639090810285,42.377738603988796
942,0.09676508458935988,300.0,0.0,0.0,0.0,0.0,0.0,0.0,0.0,0.0,0.0,0.0,3.955945295836222,8.76426391895053,16.193418508717713,28.540837858691727,43.809591673061455,57.33274828561484,66.86671425396632,71.0410144300426,73.3069059888027,74.13612882552326,74.0127438438886,70.54907398092932,67.49705625827951,66.85095395444178,67.67561142434546,67.38363901101862,64.26180224713653,61.72299097418251,60.682763302129594,59.38403505386873,56.73959576415862,53.92103674414068,52.047989476593585,50.91475361675167,50.09617977481452,49.30450955011463,48.345377192675805,47.23668783348604,46.04445706436693,44.83703022360642,43.706289337238545,42.742199066167345
943,0.09059151180423236,300.0,0.0,0.0,0.0,0.0,0.0,0.0,0.0,0.0,0.0,0.0,4.362550448577109,9.202214270659006,16.400160889225827,28.525853854319895,44.514075512314825,58.92822267777649,67.97433512643669,71.50951293379285,73.02688252563671,74.51633695067157,74.584653073354,70.78756700182792,67.17303404523945,65.2157824931,63.81588636348822,63.914037055289754,64.01957922244378,63.36586554387944,61.188483696499674,57.559011875020545,54.18687770623017,52.502722502502756,51.88861305075962,51.501637348359644,50.72859426343854,49.556889996147504,48.1255879199692,46.583515929471524,45.06847014720033,43.6805287424505,42.426999662643446,41.29450970811561
944,0.13329292229630815,300.0,0.0,0.0,0.0,0.0,0.0,0.0,0.0,0.0,0.0,0.0,4.410387158945268,9.36001881968386,16.884980243007245,29.65421474307909,46.00029012761465,61.08448709994467,71.17387010863087,74.806075090467,75.92134939344572,77.12044810542514,77.09926260813454,72.84121583382125,69.24810565013733,68.99685986332477,68.77264562211066,68.11263852681327,68.20200356520657,68.45228436923773,67.3803698860739,63.75431801164933,59.046331148480036,56.305222681336346,55.07158706015718,54.42638785808791,53.722836918556666,52.795221713258115,51.61647234629509,50.232547711401416,48.70459864831579,47.07586715013608,45.33405047097697,43.4585378450309
945,0.08407713566603295,300.0,0.0,0.0,0.0,0.0,0.0,0.0,0.0,0.0,0.0,0.0,3.949536946364615,8.634778314723603,15.705876969112332,27.183077834317977,42.2154194834705,57.52303232107201,69.0862360989658,73.03509778359539,74.2853750954414,75.25160887146528,73.97307036551261,71.44447440446085,68.62134033406814,67.2004559508521,66.48936475366772,65.85762470697162,64.22711626135448,63.27554077440798,62.933416215803234,60.834406557930336,57.24727053837975,54.40043063999904,52.651883800371415,51.5651394950841,50.716434510509714,49.83419765802379,48.7455315414918,47.49386568935344,46.169447667453866,44.8488148074266,43.580068591080774,42.400785733459735
946,0.08401150507128409,300.0,0.0,0.0,0.0,0.0,0.0,0.0,0.0,0.0,0.0,0.0,4.961559855870672,9.949558532829325,17.070133919988486,28.518459419035825,43.614705318032435,58.815647813517465,69.38899973177374,73.08664128251218,74.67642646015683,75.05303064891544,74.40990948994538,71.51999524690325,68.06669904567065,66.48158840579144,65.94785354088265,65.39113789081004,64.01496740998729,63.05017280985417,62.07100309357424,59.83116084550573,56.598557247659016,53.90765240287999,52.265735872574446,51.13819805031054,49.97348853634128,48.69907655935775,47.36273334193295,46.040893824121554,44.80957397310069,43.782070621928455,43.242400302820016,43.51624411567069
947,0.06398079119204551,300.0,0.0,0.0,0.0,0.0,0.0,0.0,0.0,0.0,0.0,0.0,4.149424113497498,8.934637458270327,15.992907074133184,27.528526785508536,42.46489407591815,56.98275583005831,67.65589605269555,72.28766800445952,73.85908969672634,74.13891046929616,73.26641263109312,70.00461110812485,66.86026831109506,65.69676509692701,64.67322069859549,64.32631099314807,63.33467742907621,61.93651716071978,61.16846517503811,59.8021629622734,56.94512861491279,54.062735295947945,51.85707431551417,50.260331889037055,49.0952712142601,48.11159586491281,47.099459081156056,46.03101834475273,44.92110512761427,43.80966660274825,42.83603340967444,42.152908538608834
948,0.09608546476090445,300.0,0.0,0.0,0.0,0.0,0.0,0.0,0.0,0.0,0.0,0.0,4.35590938519138,9.080648287124964,16.140053783830062,27.826595369060556,42.62902361276062,56.232703308219946,65.65682147202531,69.7505168134744,72.42691680938381,72.82697898869607,71.31291929972713,68.85073144017001,66.13224520051807,63.60614873397161,62.1393934476102,61.77933411136437,60.893762124214525,60.09654188635418,58.84130391749908,56.10923354559812,53.18555202474925,51.36531070575284,50.23462650171165,49.30944633701373,48.2726646931973,47.0663872539879,45.715195325440156,44.31529714231975,42.96995933609305,41.778152558790076,40.85975686180515,40.33435544969954
949,0.09414823476791209,300.0,0.0,0.0,0.0,0.0,0.0,0.0,0.0,0.0,0.0,0.0,4.03592679515354,8.997875093676752,16.339227936471325,28.01727306716703,42.50000748699472,56.778896399571245,68.01336302029235,72.36868572892226,72.83582466174815,73.15733138288485,72.3907102988838,70.02326365178122,67.21168161689364,64.51907203794791,63.03816242078273,63.32796778005647,63.325877773691424,63.211456772111504,62.235208377710514,59.14248831720825,55.02066746849885,52.63961243612966,51.52768447691083,50.80928133205047,49.897958951344165,48.765228641518334,47.507033466190684,46.18637813929268,44.854039477121574,43.530279519248104,42.13642435883573,40.58101274904784
950,0.07799702907862013,300.0,0.0,0.0,0.0,0.0,0.0,0.0,0.0,0.0,0.0,0.0,4.072014053763571,8.77622960945963,15.962677095776936,28.018904049920067,43.47213106505347,57.400455675970285,66.42541873181817,70.16757363211279,71.98853325646823,72.10070732611881,71.4931991645961,69.5509065367363,66.80827453752943,64.85405147094065,63.64424333932061,63.439561883666514,63.44841899217617,62.75802570026558,60.5082616355319,57.00566603543077,53.92188942727363,51.928918615006275,50.55259827558772,49.4433311466662,48.38503395033892,47.29076909246379,46.130457237563476,44.965095744822214,43.871021296356155,42.950701879297924,42.43208727791874,42.57263211778773
951,0.23462401498876667,300.0,0.0,0.0,0.0,0.0,0.0,0.0,0.0,0.0,0.0,0.0,4.518034507301298,9.51769479426929,16.962860411150192,29.465397426110478,46.07651162166943,62.93397753377566,74.7689124279756,78.73414666088323,79.47391427267064,80.41725467657895,80.65405715903731,77.92986346914135,74.87382423804091,73.47686170675142,71.90117341449047,69.86453950196697,67.7530252437495,67.5658207577729,67.68840218691786,64.98548836180649,60.72375266272594,57.666219040444666,55.81595841965187,54.53051264270073,53.32164132688281,52.08144538304309,50.79939936888172,49.490527809002835,48.174203139643645,46.85659204754045,45.500360271852635,44.062211286774904
952,0.19640356986531177,300.0,0.0,0.0,0.0,0.0,0.0,0.0,0.0,0.0,0.0,0.0,4.494684912317467,9.213614629750893,15.933513515707668,27.25366095991302,42.4345273246282,57.06985884531625,67.13043606136199,70.9342015234825,72.73147020292893,74.17141398878188,74.35791188387509,69.89390864473417,64.82966986158827,64.55935514450027,66.54825623161611,67.45820996157686,66.27642369459053,63.82860848833645,61.362158119650005,59.109403863784955,56.74939052507111,55.04352582808006,53.85074302889043,52.83031208490966,51.733405682540955,50.50876648080607,49.16577559186889,47.760813258698164,46.356063822464975,45.01825306757181,43.85157516148801,42.96082811122568
953,0.17340621446658652,300.0,0.0,0.0,0.0,0.0,0.0,0.0,0.0,0.0,0.0,0.0,4.314721094083994,9.472437292693165,17.27398540140247,30.012031853661366,46.142844705527516,60.281254930068,69.1224231310243,72.8328062643687,75.56590831984866,76.28750948811945,74.17065830750236,70.44967653863173,68.18281951860757,68.31900218786483,69.16673371053052,68.53230187457675,66.12597219608264,63.781234393407885,61.78504477122258,59.35633989986643,56.70951852192601,54.99580251389758,53.61043111840345,52.10591285069922,50.311146032670095,48.40282207956864,46.59699982710078,45.01651415097809,43.75251316413827,42.91317878866958,42.70546599688,43.37903614606527
954,0.09028541212320353,300.0,0.0,0.0,0.0,0.0,0.0,0.0,0.0,0.0,0.0,0.0,4.406324009435467,9.277070343063928,16.44380631703724,28.524139408649553,44.186402529829394,58.70682669960235,69.08765517443952,73.56209727759071,75.7343293337029,75.67879572457323,73.70108539721627,70.33310440108076,68.97245985895324,68.51453085174096,66.88688233937339,64.79273384190019,63.12377444949894,62.53482256081895,61.973355107041975,59.65632134742763,56.34110916393336,54.179166603557505,53.027873716950936,52.19628737470603,51.159149346776786,49.86355240478433,48.37823401005117,46.79915755081999,45.21980839294942,43.722369445628125,42.37988904402385,41.256791886357014
955,0.15067556164758444,300.0,0.0,0.0,0.0,0.0,0.0,0.0,0.0,0.0,0.0,0.0,4.047485148407928,9.237046356564605,17.111557063529457,29.367611336770473,44.5111394338077,59.046109889064844,68.7604957079756,72.08426575512601,72.67878471108453,74.36567029020668,74.24714035600505,71.10547046329678,68.12080764654114,67.1813616649333,67.29735869534329,67.56171893899618,65.99649593483663,63.5655050507731,61.350171748643504,59.52268737516261,57.64422930572414,55.872819163979536,54.539405256320016,53.440411388060575,52.301167774829246,51.0431508008291,49.65610429807894,48.203271168499604,46.758829772822345,45.41120992290243,44.327815720228514,43.683829821840995
956,0.12052689266227772,300.0,0.0,0.0,0.0,0.0,0.0,0.0,0.0,0.0,0.0,0.0,4.354116792426493,9.572769768202264,17.28027582113209,29.134127674687218,44.00614063453392,58.84304710749885,69.66579041959672,73.85457298420084,76.09920285475557,76.83598463166109,75.69596090982395,73.93221965204489,71.72334297855797,69.4894644009293,67.6050617351063,67.14646704343721,66.56040452654764,65.62302020878751,64.80370707068238,62.813928689304795,59.15109866684285,56.009278368014215,54.159356749968346,53.03333272792648,52.01550340037099,50.90173951241438,49.62601101545958,48.260607104186334,46.90303883829417,45.68387047022992,44.89159937274058,44.844192458010795
957,0.08781186113498475,300.0,0.0,0.0,0.0,0.0,0.0,0.0,0.0,0.0,0.0,0.0,4.070707923643409,8.950137254262534,16.61369301494111,29.420763830200897,45.16980015773721,59.123174659683016,68.7418649341861,72.6370841161547,74.62103730863053,76.06793363121814,75.22207050408561,71.41976817853165,67.43727705960279,65.37203998210002,64.47209776136626,63.994581766469004,63.20308002251428,62.47359239258089,60.80011849013404,58.428903598596186,56.134891137459505,53.890935652501895,52.16930449926713,50.852146798406636,49.67577517041415,48.4944507985046,47.22935397907795,45.931897502098344,44.67788027792832,43.528546792764345,42.51462796731926,41.65814649629651
958,0.07695370005650472,300.0,0.0,0.0,0.0,0.0,0.0,0.0,0.0,0.0,0.0,0.0,4.048799292056071,8.890747179629182,16.087913984873524,27.87809604885243,43.173000590803646,57.27853190309704,66.59017604798821,70.51980410055432,72.6101174198598,73.99679968891813,73.7335555857373,70.02869945603015,67.10530198029835,66.7300447880083,65.83698673989646,63.44927516205607,61.43906701365907,61.247001488673384,60.706119732755056,58.201038120392916,55.01788660202487,52.86237446340908,51.455808456553264,50.30272859432265,49.079569995253536,47.776644509394956,46.46013308628244,45.211236423939525,44.10751645448987,43.230254672558004,42.700520256545715,42.65016898866091
959,0.10447674550761539,300.0,0.0,0.0,0.0,0.0,0.0,0.0,0.0,0.0,0.0,0.0,4.053970166990325,8.603417756213315,15.427463345000643,26.905611235282702,41.421321896218984,54.70584488554995,64.30107951038119,68.17049506303358,70.46042263463166,71.46885835241322,70.54224589562764,67.07474563511553,64.10742431943856,63.24328263663164,63.09083444294574,63.2292763010576,62.80434484254962,61.61655213645518,59.48853510611363,56.87818754481213,54.446205183957055,52.27802956877484,50.57279080898091,49.15604725003846,47.80822174490586,46.496998174287405,45.24618867105175,44.1293602721098,43.22556715072894,42.60446096139539,42.319344787012206,42.424499221952125
960,0.032219052692676345,300.0,0.0,0.0,0.0,0.0,0.0,0.0,0.0,0.0,0.0,0.0,4.148590243650535,8.927473995601096,16.14651840590128,28.13196224445437,43.68298562942919,58.138556505994394,68.41384545079428,72.4981988564236,74.01761502691105,74.61774780579826,73.56204995604699,70.44121588219573,67.61309302675025,66.29612007104362,65.5259248515031,64.36890410584591,62.39336603663735,61.710348215030294,61.27176204251632,59.292334390241066,56.586424826322016,54.33847986638534,52.67310479926974,51.32178056404155,50.04131296496488,48.75466292112678,47.44441829009328,46.16444455229069,44.97949448491987,43.95391534248058,43.17229300557291,42.72161342786867
961,0.12290854934854019,300.0,0.0,0.0,0.0,0.0,0.0,0.0,0.0,0.0,0.0,0.0,4.403483011090568,9.16440425495847,15.97121237824527,27.219483674869416,42.73748273586995,58.885643149227754,69.76504098011807,73.4689695553915,75.25309073441456,75.86309795273117,75.81515779783776,72.5570268623561,67.51408664959445,65.51790376820347,66.33077630397554,67.01118868737463,65.4106244583627,63.987765408291395,62.60695148304262,60.32387982295374,57.84874236824935,55.766139846437326,54.07415074136451,52.55423630131152,51.02234089544328,49.47148080471498,47.94466547258349,46.52393420033443,45.29206822761796,44.36520927925542,44.0191976702994,44.57927628097388
962,0.039407702775008414,300.0,0.0,0.0,0.0,0.0,0.0,0.0,0.0,0.0,0.0,0.0,3.99310314707073,8.796436962341124,15.962514453698285,27.468160856838633,42.83004772138413,58.239475637381105,68.74587645574846,71.96327062224645,73.48681326988667,74.74983136809928,73.40525734842424,70.46939676958232,68.30889014117848,66.44932488703351,65.01086040236527,64.93699781411534,64.3976062020124,63.39605861024627,61.688792521402235,58.843624797818634,55.941301477821106,54.279785846114585,53.00881665535858,51.741651434036655,50.38481927788796,48.95235448173879,47.486552859891205,46.04675164324441,44.690251236831166,43.498978750923925,42.67079542961078,42.42432513270694
963,0.0836138997782909,300.0,0.0,0.0,0.0,0.0,0.0,0.0,0.0,0.0,0.0,0.0,3.9109334993225735,8.9376018422331,16.543093066766488,28.672137198407224,44.346839056430404,59.91848839543728,70.36814467990116,74.01632154303135,76.20731525347102,77.25015218650245,75.60410557103523,72.63138951731831,69.80865222010928,68.06220204291063,67.880032297094,68.77964769621613,67.77620043981531,65.64917624773516,64.02806224110753,62.422607156855804,59.89494645685545,56.87083163753245,54.51789913223363,52.726695945251315,51.14250467300746,49.64893473752787,48.20833576560508,46.8606661451854,45.65890068108138,44.66664938343631,44.00699454738543,43.81622127261073
964,0.1075344162043667,300.0,0.0,0.0,0.0,0.0,0.0,0.0,0.0,0.0,0.0,0.0,4.20710164313287,9.05994443274907,16.13473388297886,27.458567543992448,42.338372499710395,56.98464465507936,66.64434457892571,70.12941851651709,72.39246109048096,72.6360573772106,71.33313409086539,68.52906599491764,66.14979755426073,65.06885932226736,63.849156005881646,63.17420311682548,62.749022104791045,62.39523965448403,61.44884637215719,59.471930503076024,56.35763653275746,53.199430007456066,50.95429198788158,49.381088148289216,48.076007058689434,46.874238840246335,45.68484386931268,44.46907184318588,43.20257038535466,41.856382497769694,40.37693248994084,38.71346980346726
965,0.12092835399344343,300.0,0.0,0.0,0.0,0.0,0.0,0.0,0.0,0.0,0.0,0.0,4.748741952866055,9.975212350440078,17.477484760239,29.512350483788495,45.66375369664617,61.70000115606077,71.6817966121822,75.08645491778648,77.42173000241934,78.38897372378982,78.0135820529538,74.34819680926697,70.49860756492288,68.00121745381014,67.12160820303255,68.71853200610286,69.49760036443087,67.78726672963785,64.72121122703922,61.543396227589945,58.77400270751837,56.35905896194559,54.32491321690383,52.66098581443898,51.31621221768214,50.15627323224483,49.05218050347771,47.94353343566532,46.78887605501369,45.547396395348464,44.17088572522087,42.61574862259431
966,0.1591298564412031,300.0,0.0,0.0,0.0,0.0,0.0,0.0,0.0,0.0,0.0,0.0,4.799629336414101,9.97888919080228,17.597927961631743,30.33602254393986,46.58368303290536,61.211724276657634,70.88092788506115,74.59212799708777,75.16645822230477,75.7745868669956,74.82975039159335,71.26703832669989,68.38114244040526,67.09733392618578,66.04366301397079,65.56875924107085,64.42257990460209,63.112351226455374,61.84467553270692,59.906002613219506,57.43096897992714,55.339606184030856,54.00990552469827,53.031711254318175,51.954357029642075,50.681577057679796,49.222100710786144,47.65172867944014,46.05482134238387,44.46848697531579,42.78204295590806,40.86847658282057
967,0.0849592942954323,300.0,0.0,0.0,0.0,0.0,0.0,0.0,0.0,0.0,0.0,0.0,4.374359611126884,9.395164165518223,16.98270924146316,29.431654330766886,45.48966910420358,61.15983279427644,72.51789496971286,76.19841794287184,77.07830309474316,77.84932664595705,77.42374630215745,74.26468007647821,70.34284691374484,68.37048567391668,67.44298403499103,66.36367175907672,65.26411070378737,65.24110200451123,64.82703126221664,62.048180026834395,58.206043986409135,55.55247605437645,54.05141432208376,53.042105480033655,51.99996283293593,50.83753998133394,49.582284487090206,48.30104024245927,47.06407558771682,45.97214799190816,45.265953805426705,45.214198030697055
968,0.07506415345889084,300.0,0.0,0.0,0.0,0.0,0.0,0.0,0.0,0.0,0.0,0.0,3.975698266744629,8.661430036177325,15.585612036330993,27.19122978432241,43.07505328032839,58.2691975425411,67.29999380020182,70.5076514884763,72.73127989296482,73.43405836052403,71.98849072467428,68.83419480933092,65.56747175859685,63.690362847607865,62.84215067368619,62.74376525010242,62.161121758392866,61.22391044440834,59.78392255294413,58.05062751332876,56.1135888536092,53.9250762798652,52.02284607183237,50.45872388716184,49.127690158369894,47.922637212890606,46.75744707970535,45.60964272792691,44.472011598623695,43.344925458324184,42.25690016502147,41.24026332604002
969,0.08949852071609848,300.0,0.0,0.0,0.0,0.0,0.0,0.0,0.0,0.0,0.0,0.0,4.186390634383698,9.010679131832934,16.356150674200844,28.58218866825464,44.3161691618981,58.900711009914296,68.65578527943744,72.98514319451041,75.1365317869665,75.3709189413629,75.07654048280793,72.09724090681023,69.33695441341023,68.75114666296959,67.48612664616299,64.91040635039737,63.50591120154105,63.55835865790786,62.56859871687818,59.63052588025307,56.51304084903825,54.568853478321714,53.22841186030809,52.015302422169285,50.673834427866566,49.22074192532495,47.72932921029709,46.25498073687751,44.843821512923164,43.498379555064496,42.07475931231724,40.41306751157706
970,0.10551128460091191,300.0,0.0,0.0,0.0,0.0,0.0,0.0,0.0,0.0,0.0,0.0,3.955466092058369,8.609202704954152,15.830512056785446,28.306665186622787,44.658491249462244,59.51673337426068,69.26128302328571,73.22201898087155,75.06075419772372,75.52620862573339,73.91133993838437,70.25037539977554,67.69792657226013,67.42802886521774,67.9175036007071,67.48279655315102,65.17665187784613,63.1566557770814,61.70432963811336,59.02905171108612,55.98705888073872,54.14251338336094,52.888080926738844,51.78236149001359,50.631549869936904,49.444817486658984,48.27207009966974,47.14391047768228,46.08407071038139,45.1161681108379,44.27137692268261,43.58102909589349
971,0.22636715585394523,300.0,0.0,0.0,0.0,0.0,0.0,0.0,0.0,0.0,0.0,0.0,4.3821585746164855,9.13463957626367,16.314235864118164,28.605382473570298,44.61389747273317,60.3602744346664,71.86798568300398,75.44987269922576,75.5308855383378,78.00837986893981,78.4001726076304,74.09037790217276,69.55012112205802,67.46975354036188,67.1544403384611,67.73025539995776,66.74650679199809,64.48859226097125,61.55518784009598,58.434241066300146,55.3085007008916,53.32143574375714,52.49135757869905,52.13125898439492,51.61025257264078,50.796157834494366,49.70106228215374,48.408793661312714,47.01505287336264,45.60844828458166,44.27419743262599,43.08906591305563
972,0.10102512000588254,300.0,0.0,0.0,0.0,0.0,0.0,0.0,0.0,0.0,0.0,0.0,4.444116589806778,9.371403385180875,16.68743491295879,28.799233540800913,44.47225647066146,58.90030287455994,68.20506625710213,71.47559991785062,72.81291757383046,73.35322787545212,71.87246545949868,68.99004676329872,65.66676342904293,64.57118909142547,65.38232904584194,66.27613739144873,65.03897522728028,62.93504238843768,61.27029796623728,58.91757703835176,56.01610547472725,53.978654928708025,52.74439686372008,51.81022927137098,50.77267646448874,49.54708232586303,48.15073431531704,46.68920981131591,45.278209117723314,44.04600266056221,43.21043020521614,43.00433101895196
973,0.1388066442482197,300.0,0.0,0.0,0.0,0.0,0.0,0.0,0.0,0.0,0.0,0.0,4.358312348587873,9.081318665784297,16.125076981982087,28.024540427177335,43.74066781388407,58.978043211392894,69.32052039490361,73.42634892215814,75.61573245691284,74.84133586970594,74.05645432445529,71.98009705587438,68.67374648712347,66.41566110607978,64.43663067324624,63.32130987694444,62.405440909362746,61.36336560350138,60.65900883666099,59.62815360924142,57.51843292600948,55.390425584445055,53.78164405544459,52.531916688150545,51.403055540783186,50.231777052468395,48.91829743403643,47.51479926286082,46.10304348879596,44.78782005613797,43.787825342919014,43.33640502949055
974,0.05222877278495947,300.0,0.0,0.0,0.0,0.0,0.0,0.0,0.0,0.0,0.0,0.0,4.2162370536128995,9.312299844503569,16.892826157081263,29.192609652026913,44.98430568472635,59.785032906890585,69.68747821878743,73.5127249940341,74.60161100792467,76.02736133823139,75.62216370698768,70.7793772017448,67.18638786992426,66.24251518308913,66.17444274645575,66.25569118517109,65.80750223653618,64.63726153326422,62.65579111363897,59.612159869840895,56.430348766299545,54.269897526519955,53.009550406970796,52.09759693638269,51.07831062573942,49.88111757500332,48.54072115978593,47.13778661880715,45.75641525192599,44.47692243656322,43.393483710711145,42.59738390497149
975,0.13907349945093003,300.0,0.0,0.0,0.0,0.0,0.0,0.0,0.0,0.0,0.0,0.0,4.525744422667384,9.340441964385269,16.297374870844607,27.71218529920765,42.77545541817639,57.507055689131654,68.18653230027064,72.82735812831508,75.23296204340609,76.03925405698484,74.61823074893638,71.39704362955645,68.89805471889376,67.52343446788608,66.20703497931994,65.4013425221617,63.693807550994975,62.12143940145468,60.891708609711635,59.2565841336322,56.98736438327469,54.95658058489767,53.338951710544926,51.9359187477313,50.56214564145701,49.162101512824385,47.71670657154991,46.2243987376222,44.68782728787881,43.11112787257181,41.50359671712826,39.87514320497443
976,0.1397728988048449,300.0,0.0,0.0,0.0,0.0,0.0,0.0,0.0,0.0,0.0,0.0,4.080233757302569,8.93363120906956,16.346940500385504,28.56517955584807,44.02607862245169,58.61709615226104,68.51247532756278,71.89850189527411,73.67843581512204,74.44126327308246,72.87744714318794,69.60788630768961,66.52728991671266,65.03514026952755,64.47728597380048,64.13772204577077,62.96494088665561,62.34349389442397,61.65221617832856,59.123999989182934,55.348431916059354,52.487970014927676,50.54472657140727,49.150482191441334,48.047667046098056,47.081927876408436,46.157513254205966,45.29279491552294,44.53062282447812,43.983581977136936,44.05119978314852,45.22822182138233
977,0.12912128748808707,300.0,0.0,0.0,0.0,0.0,0.0,0.0,0.0,0.0,0.0,0.0,3.955807800650407,8.705998959175119,15.678266215578699,26.661488162208705,40.81655184401952,55.03070390969001,64.65470227732672,68.26697667275623,71.12947734442272,71.75866799201913,69.85742134757662,66.5819149392918,63.79560993361559,62.54729566695188,61.643019073775974,60.43611713795192,58.654980315002646,57.7476336693803,57.063860332214844,55.57938302546045,53.301459495666116,51.1241733797797,49.483352884016945,48.222709552726364,47.12323917085752,46.079531297952876,45.02775271354,43.949759380316436,42.83870497383425,41.67394916427189,40.381456588400944,38.884399635375914
978,0.10540359668026557,300.0,0.0,0.0,0.0,0.0,0.0,0.0,0.0,0.0,0.0,0.0,4.355831836974686,9.336194513156148,16.79688029401349,29.01847237329257,44.45950379750454,59.373829956035486,69.95953741968923,73.19833740709107,74.74910414427595,76.16303620100099,73.77212786059378,70.42953299903962,68.94439205062315,68.83863456740136,68.66003948368068,67.3843549592371,64.6516462763382,62.60437818687497,61.49313024884008,60.14648308751042,57.74137054602104,55.18421557301848,53.31468229702108,51.917365387661675,50.625811047506424,49.28092501462994,47.81256713778071,46.281899444069715,44.77309270134005,43.36146230282453,42.11947390010944,41.11307115892954
979,0.11334458623294656,300.0,0.0,0.0,0.0,0.0,0.0,0.0,0.0,0.0,0.0,0.0,4.141174153690901,9.04965383253789,16.75694673907406,29.710390942132964,46.2765789832786,61.64945294889087,71.87470728987446,75.49482537323945,78.05820012074155,78.73252979966294,77.58864987060042,75.3120328569909,71.73594077115014,68.85511498653045,67.17679890466276,67.21784228740167,67.07355212193238,65.6008746836864,63.15353617358811,60.44101341807287,57.853856397468164,56.03366693775829,54.70521078716905,53.51012483830354,52.20861913681378,50.78953276951688,49.29835349428985,47.79383003339778,46.33213947424107,44.983756442748025,43.89404096734553,43.21641022300048
980,0.13298323020200858,300.0,0.0,0.0,0.0,0.0,0.0,0.0,0.0,0.0,0.0,0.0,3.9655883417201645,8.665848580170957,15.757454690531471,27.66913634277619,43.579468957185895,57.99120620610011,66.21077177962239,69.00860620781528,71.91223493116877,73.05853520664749,70.62152290461525,67.62180523571824,65.42317448651696,63.9938490363504,62.47032023609706,61.566020242003155,61.650678517313814,62.398558311671586,61.476326203718266,58.10975832614263,54.22915156487113,51.90116989777671,50.37009388299151,49.17316777216539,48.12089768703389,47.071377248931846,45.923469305440115,44.67041096463578,43.32770865342197,41.91583788398904,40.475310811744535,39.04713641865923
981,0.23209208934665276,300.0,0.0,0.0,0.0,0.0,0.0,0.0,0.0,0.0,0.0,0.0,4.744396395900583,9.587623564783616,16.74047588636162,29.264778917459083,46.759826905810655,63.564183546495585,74.03533347053235,78.18060065853733,80.44595307251116,81.18643791664206,80.26594023566552,76.43889224999072,72.43352636485447,70.95786174401962,70.00587187475686,68.1180545391217,65.8371251037502,65.03155905247232,64.84851942348386,62.739492214808024,59.45705547202666,57.55352568056921,56.31303495760634,55.10417225679299,53.65966795978346,52.09129360955708,50.57247189088994,49.206509050290016,48.07299896827459,47.29221798932334,47.16894541265177,48.07272459677725
982,0.351640217576016,300.0,0.0,0.0,0.0,0.0,0.0,0.0,0.0,0.0,0.0,0.0,4.164337459473696,8.456941687671605,14.739121215832057,25.295490775079507,39.45380629419893,54.19775562625318,65.85670918872314,70.53389539387535,73.10066666867347,73.65324729519313,72.46244979135543,69.41719855339096,66.34956637352649,64.19131936307603,62.689435317438836,62.591085341987736,63.06901153645804,63.78529529640689,62.73303904832982,58.31583160727349,53.23242088316552,50.52109216292382,49.31742035363635,48.69513925963958,48.07720576675399,47.292187606760656,46.29649834403224,45.15027823921909,43.93399473195993,42.75460720749425,41.84020131821244,41.43436931898173
983,0.07381658896157416,300.0,0.0,0.0,0.0,0.0,0.0,0.0,0.0,0.0,0.0,0.0,4.335302961426015,9.463282276218823,17.065025545507112,29.465821485678678,45.27344253335267,59.86551538414432,69.36745331385266,72.76046079434076,75.23426401011345,76.06774604618742,74.73816104583366,71.92831172575373,69.28951145858579,67.93331828058054,67.28052179134615,67.01708993874801,65.96615450106805,64.01210314130908,61.27682763348846,58.53191772357902,56.395590599327875,54.57443039276699,53.20103744996477,52.14149075319686,51.18439608339408,50.19971540102337,49.107328482708624,47.93052987413861,46.714488762264196,45.51725644163574,44.457809024734004,43.66066072425271
984,0.15466967502329435,300.0,0.0,0.0,0.0,0.0,0.0,0.0,0.0,0.0,0.0,0.0,4.450004582038626,9.587903775465763,17.122683561146147,29.00426926827136,44.17732175581921,58.8019714506805,69.39164091963221,74.3014271964655,76.95165897216792,76.98256041004518,75.07502905613916,71.75273346047062,70.05481485117141,70.0636545576267,69.50982602937476,68.35482773421235,66.78538082015784,65.54706345335379,64.13831388732575,62.077795208590985,58.80210000660555,55.62604642102376,53.64793250283074,52.45002103654959,51.44798124404832,50.48092425797059,49.50676958399246,48.549709366978504,47.64717307190125,46.80673370366996,45.9304825089595,44.90200766447566
985,0.12768477216507826,300.0,0.0,0.0,0.0,0.0,0.0,0.0,0.0,0.0,0.0,0.0,4.6105996520085215,9.618938754429205,16.821677188482244,28.24682904592289,43.06430650485604,58.29542182677465,68.90278656848899,72.1723391992889,73.83599238952374,75.00804216173643,73.05445447681653,68.79842580362268,65.86630239174075,64.57691649210167,64.02700731330299,64.05449785906703,63.26790297423759,61.73419091178543,60.522713834038434,59.28242683193758,57.446041486958194,55.001939216297,52.69211928266367,50.760748884734085,49.223610391003966,47.89474021829389,46.600749619621084,45.34533334943335,44.170011003919704,43.144898147752535,42.4648463113273,42.349811769097784
986,0.16553012016760685,300.0,0.0,0.0,0.0,0.0,0.0,0.0,0.0,0.0,0.0,0.0,4.790359776908986,9.798090189699947,17.150976631274567,29.697817181993035,46.80416790348686,62.63657662857586,72.27228818101685,76.14693263068064,77.28536984080017,78.23512884121985,77.84367629011565,74.4872795046981,70.8441433797969,68.4885322049683,66.97767445238478,65.97592461724956,64.35986468854345,63.29601863739485,62.44360885153539,60.17575238120518,56.84050113194765,54.164941060492815,52.54924166696495,51.51047033488017,50.56563773304927,49.571821407160854,48.49083372137941,47.367750085027275,46.26313550520945,45.20100987675903,44.08295987286704,42.79111923882018
987,0.09287957875403219,300.0,0.0,0.0,0.0,0.0,0.0,0.0,0.0,0.0,0.0,0.0,4.2112586880206875,9.050232000537711,16.301921643454424,28.19867542594248,43.52695358064201,58.44246874153624,69.15409713997242,72.91689246824612,73.9816480598428,73.96739339917313,72.98583336188001,70.18887419048374,68.21094417027106,67.73109037639502,67.36259726781016,66.635058246865,64.6557296750991,63.01992829496655,62.1542341886496,60.74405303060891,58.27621692706914,55.58437529746802,53.26460494790663,51.344497416088984,49.74056578406145,48.34246949200009,47.06412650942906,45.910562241819115,44.90610358369482,44.10673512555162,43.699241007038054,43.90401000612948
988,0.07826561686727716,300.0,0.0,0.0,0.0,0.0,0.0,0.0,0.0,0.0,0.0,0.0,4.532742897153603,9.51852006864504,16.84242394122898,28.780853899943978,43.99353452564963,58.900630399057434,69.86496432637153,74.17121499797612,76.0708801130031,76.78797542728634,75.66408280583983,72.11009131457858,68.79280938365413,67.39454788427051,66.41634622424094,65.48686863654275,64.31003376970934,63.59254054271521,62.80345088046253,60.98935094298443,58.68394806039757,56.806768532089336,55.33825806479114,54.01095631381649,52.6194871121626,51.15257548713427,49.643264120129224,48.12358509214565,46.622310357654676,45.15889673720102,43.728572132655124,42.32158455563509
989,0.10123803776980046,300.0,0.0,0.0,0.0,0.0,0.0,0.0,0.0,0.0,0.0,0.0,4.181166755359341,9.114013945633635,16.41841639408409,28.26218530276514,43.77769828147663,59.21558125356406,69.62669335851261,73.30139683104025,74.83161785142894,75.5346157750853,73.4562012803939,69.81996567068607,68.10120729466169,68.48905792647956,68.75870501246712,68.09593338502526,66.0711291388416,64.70416524965383,63.660437185029785,61.102481718359876,58.405049664127446,56.60971751677683,55.00922549611288,53.3855986260711,51.74975867423209,50.13963392268461,48.59652067350625,47.16234728177921,45.875012389540736,44.79103201527592,44.052936769339055,43.82106450733833
990,0.0954840490678191,300.0,0.0,0.0,0.0,0.0,0.0,0.0,0.0,0.0,0.0,0.0,3.974039263984203,8.681409044883319,15.785594313249591,27.438764871360082,42.0765402694779,56.0076184414399,66.21092565123304,70.13767649918805,71.13832835811928,72.54048424673393,71.916325218688,68.85613004643831,66.37067716160885,65.34948576326222,65.13718036434274,64.47819386389722,62.10799930577763,60.900473098467,60.16993054817543,57.85129432685207,54.52047128084531,52.381475507120015,51.2795675888904,50.499289044061136,49.50440099205897,48.266917107023936,46.89252371553668,45.532602731971394,44.3351049329751,43.462921487935695,43.18985178049522,43.83097033190188
991,0.10780703724230634,300.0,0.0,0.0,0.0,0.0,0.0,0.0,0.0,0.0,0.0,0.0,4.199961807394061,9.22563035792631,16.60185190444489,28.50269437302113,43.92927339955524,59.11851418037827,70.23394226632128,74.40646988247167,75.4467520748208,76.13013480242059,76.78433943057306,74.0110207490504,69.98643573763538,67.9791856426656,67.19573457777422,66.48874773563705,65.036607846288,64.12155933272304,63.27350445383254,61.65730181088153,59.273473609422695,56.45132977606573,54.19487998752443,52.58275368137807,51.42113524009694,50.44862770855782,49.43658453967558,48.30549699543807,47.01552678798479,45.529021599294694,43.8015406899569,41.79800449482088
992,0.12763355309641755,300.0,0.0,0.0,0.0,0.0,0.0,0.0,0.0,0.0,0.0,0.0,4.203940569097213,9.236748095327656,16.89055327521822,29.277934256230964,45.00761429239609,59.816116437395145,70.24706956715612,74.5432867294138,76.7999729957788,75.8976502603577,73.79267088190502,71.91782033448852,69.17477676257725,66.96067164517466,65.72760247176275,64.72664899469507,63.905398899860465,63.20757506810244,62.005352395886945,59.53010929346535,56.245430153450755,54.04010445587833,52.73374797609642,51.71830003056513,50.557778793580404,49.22048179424625,47.76995509371299,46.269025547722045,44.77480226840973,43.345608568787135,42.06448214034892,41.01250058700459
993,0.1356145870464941,300.0,0.0,0.0,0.0,0.0,0.0,0.0,0.0,0.0,0.0,0.0,4.6193494345093296,9.377483218757732,16.294617450655522,28.13161890530806,44.444783577889815,60.75460257361634,71.36781566974315,74.68365685810775,75.5054473942389,77.60462785976132,78.0441565272785,74.19741427637344,69.58969780022979,67.86413963211042,67.93362462716227,68.08747762714324,66.89510939903447,64.97936605550775,63.0302175162975,60.61138628289881,58.00646136097936,56.092949828798695,54.78243257455711,53.60087876247603,52.18339762999123,50.6130616876585,49.049004474215415,47.56863553644865,46.22430397609376,45.041013344320746,43.959000013394196,42.90392640880559
994,0.14858193081805326,300.0,0.0,0.0,0.0,0.0,0.0,0.0,0.0,0.0,0.0,0.0,4.279919227649241,9.193360801164587,16.617784180554136,29.15210826185289,45.289995908738035,58.97303240873221,66.85659609207319,70.45301936637301,73.28596470253576,74.47142695056189,73.65264428169964,69.45652224144035,65.16236236636612,63.27198845295299,63.23932752623697,63.818183066558504,63.341400375259425,62.82219247460537,62.04148652479265,59.013574046036325,54.83952944960933,52.58704976987128,51.643723596872725,51.08728004276792,50.32083297468079,49.27119063096439,48.00458071110895,46.62669164439932,45.243775873482065,43.96411642761641,42.93803730174753,42.31688041107014
995,0.11212626540131441,300.0,0.0,0.0,0.0,0.0,0.0,0.0,0.0,0.0,0.0,0.0,4.159243220899185,9.32223671480862,17.252051828585024,30.21076950968329,45.97225387370674,60.02480123409891,69.4076062662339,72.47378850757627,73.89339448309276,75.80978316160657,74.14361727433636,70.17129655957471,67.88944457612372,67.29146113696615,66.95125389739694,67.01985273344047,66.35452121532516,64.75751031431312,62.44042583298002,59.91625464578784,57.349943123797615,54.73675130678758,52.637338280281206,51.03616159217944,49.75783313655455,48.6526196462334,47.60240087453539,46.56376625040539,45.51237025450306,44.40823199061448,43.147482406807484,41.62334904254534
996,0.13650670956574742,300.0,0.0,0.0,0.0,0.0,0.0,0.0,0.0,0.0,0.0,0.0,4.300813264073796,9.731756778461474,18.016308241472814,31.238396476284834,47.62043958739679,62.78115816141017,72.84787012816038,76.22390770080118,78.41359888453731,79.5913895280541,77.69192535538978,74.83606698357639,72.4603182965713,71.12727268249162,70.38450109775133,69.97418328036525,68.6729904956412,67.35741669538793,65.46838704933373,62.1268731824037,58.75197689016983,56.59911859532969,55.21450100429034,54.000235457299155,52.564603157691316,50.974816460465526,49.382729720362356,47.87842679376521,46.53002797138513,45.39682492860169,44.52950604976312,43.97643973895033
997,0.14300759569892915,300.0,0.0,0.0,0.0,0.0,0.0,0.0,0.0,0.0,0.0,0.0,3.7474235359132377,8.29666568304503,15.122600155260645,26.38481204008483,40.904990448113956,54.76301175196216,64.63367711928392,68.64107750247685,70.81856198580999,71.34783459729819,70.68276308079827,67.94412826801057,64.56233420532017,62.39354262118852,61.65656829277256,62.29109627612986,62.541923928106975,62.27087935455007,60.18562382683332,56.253209425286734,52.69678875023137,50.37738333374041,48.80108848787755,47.61105127631299,46.58478067417375,45.5907733815891,44.550391165139,43.48997554683038,42.45722328884048,41.50640768411978,40.73138916358424,40.2308431594812
998,0.19655449201162534,300.0,0.0,0.0,0.0,0.0,0.0,0.0,0.0,0.0,0.0,0.0,4.553322062912017,9.529802620758636,16.942429163907025,29.216141895091575,44.73153503877531,58.677314346272226,67.32081002059871,70.7536051687814,74.22402085078794,75.67604285419489,74.03805115685967,69.37574760973501,66.35621684604129,66.01722877459477,65.79711747135838,65.15280132738218,64.10602417201716,63.26555897771829,61.258738467909545,57.47596485286945,54.09540320008054,51.86059754677105,50.2863877105008,49.16226003168792,48.383632651646295,47.768383663336685,47.138314280867554,46.383143210842334,45.41429944774673,44.096035402013825,42.097999472700714,39.12862965681796
999,0.23096476272681596,300.0,0.0,0.0,0.0,0.0,0.0,0.0,0.0,0.0,0.0,0.0,5.236779270613127,10.636762840951882,18.351364895204163,30.877090977936195,46.80883694173936,62.301795344156,73.38895156317966,77.43315640078691,78.73241423376429,79.5959531830417,77.61740842540807,73.4850335078902,70.71063678017323,69.90573595107932,69.9671142109191,70.27197330318702,69.645903641999,68.38391299426675,66.89524219731837,63.824268770112575,60.03062079963789,58.02721041815352,56.799664114554304,55.55903350637757,53.95312682126715,52.06761882848161,50.07979248081618,48.14673085402214,46.40292243374559,44.98747042224227,44.11926024225113,44.03601030495481
