channel_id,target,residual,threshold_MeV,energy_MeV,sigma_mb
p_C12_x_C11,C12,C11,17.9,5.0,0.0
p_C12_x_C11,C12,C11,17.9,5.242070116861436,0.0
p_C12_x_C11,C12,C11,17.9,5.484140233722871,0.0
p_C12_x_C11,C12,C11,17.9,5.726210350584307,0.0
p_C12_x_C11,C12,C11,17.9,5.968280467445743,0.0
p_C12_x_C11,C12,C11,17.9,6.210350584307179,0.0
p_C12_x_C11,C12,C11,17.9,6.452420701168615,0.0
p_C12_x_C11,C12,C11,17.9,6.69449081803005,0.0
p_C12_x_C11,C12,C11,17.9,6.936560934891486,0.0
p_C12_x_C11,C12,C11,17.9,7.178631051752921,0.0
p_C12_x_C11,C12,C11,17.9,7.420701168614357,0.0
p_C12_x_C11,C12,C11,17.9,7.6627712854757934,0.0
p_C12_x_C11,C12,C11,17.9,7.904841402337229,0.0
p_C12_x_C11,C12,C11,17.9,8.146911519198664,0.0
p_C12_x_C11,C12,C11,17.9,8.3889816360601,0.0
p_C12_x_C11,C12,C11,17.9,8.631051752921536,0.0
p_C12_x_C11,C12,C11,17.9,8.873121869782972,0.0
p_C12_x_C11,C12,C11,17.9,9.115191986644408,0.0
p_C12_x_C11,C12,C11,17.9,9.357262103505844,0.0
p_C12_x_C11,C12,C11,17.9,9.59933222036728,0.0
p_C12_x_C11,C12,C11,17.9,9.841402337228716,0.0
p_C12_x_C11,C12,C11,17.9,10.083472454090147,0.0
p_C12_x_C11,C12,C11,17.9,10.325542570951589,0.0
p_C12_x_C11,C12,C11,17.9,10.56761268781302,0.0
p_C12_x_C11,C12,C11,17.9,10.809682804674456,0.0
p_C12_x_C11,C12,C11,17.9,11.051752921535892,0.0
p_C12_x_C11,C12,C11,17.9,11.293823038397328,0.0
p_C12_x_C11,C12,C11,17.9,11.535893155258766,0.0
p_C12_x_C11,C12,C11,17.9,11.7779632721202,0.0
p_C12_x_C11,C12,C11,17.9,12.020033388981636,0.0
p_C12_x_C11,C12,C11,17.9,12.262103505843072,0.0
p_C12_x_C11,C12,C11,17.9,12.504173622704506,0.0
p_C12_x_C11,C12,C11,17.9,12.746243739565944,0.0
p_C12_x_C11,C12,C11,17.9,12.98831385642738,0.0
p_C12_x_C11,C12,C11,17.9,13.230383973288816,0.0
p_C12_x_C11,C12,C11,17.9,13.47245409015025,0.0
p_C12_x_C11,C12,C11,17.9,13.714524207011689,0.0
p_C12_x_C11,C12,C11,17.9,13.95659432387312,0.0
p_C12_x_C11,C12,C11,17.9,14.198664440734555,0.0
p_C12_x_C11,C12,C11,17.9,14.440734557595992,0.0
p_C12_x_C11,C12,C11,17.9,14.68280467445743,0.0
p_C12_x_C11,C12,C11,17.9,14.924874791318866,0.0
p_C12_x_C11,C12,C11,17.9,15.1669449081803,0.0
p_C12_x_C11,C12,C11,17.9,15.409015025041736,0.0
p_C12_x_C11,C12,C11,17.9,15.651085141903172,0.0
p_C12_x_C11,C12,C11,17.9,15.893155258764608,0.0
p_C12_x_C11,C12,C11,17.9,16.135225375626042,0.0
p_C12_x_C11,C12,C11,17.9,16.377295492487477,0.0
p_C12_x_C11,C12,C11,17.9,16.619365609348915,0.0
p_C12_x_C11,C12,C11,17.9,16.861435726210352,0.0
p_C12_x_C11,C12,C11,17.9,17.103505843071787,0.0
p_C12_x_C11,C12,C11,17.9,17.34557595993322,0.0
p_C12_x_C11,C12,C11,17.9,17.587646076794655,0.0
p_C12_x_C11,C12,C11,17.9,17.829716193656093,0.0
p_C12_x_C11,C12,C11,17.9,18.07178631051753,1.8109334576509777
p_C12_x_C11,C12,C11,17.9,18.313856427378965,2.905197736243481
p_C12_x_C11,C12,C11,17.9,18.5559265442404,3.7680745346413578
p_C12_x_C11,C12,C11,17.9,18.79799666110183,4.52616412817581
p_C12_x_C11,C12,C11,17.9,19.040066777963272,5.2251501261683675
p_C12_x_C11,C12,C11,17.9,19.28213689482471,5.880519533563476
p_C12_x_C11,C12,C11,17.9,19.524207011686144,6.50392118289331
p_C12_x_C11,C12,C11,17.9,19.76627712854758,7.107335571673204
p_C12_x_C11,C12,C11,17.9,20.008347245409013,7.693724321392487
p_C12_x_C11,C12,C11,17.9,20.25041736227045,8.267896669223019
p_C12_x_C11,C12,C11,17.9,20.49248747913189,8.833982670940514
p_C12_x_C11,C12,C11,17.9,20.734557595993323,9.409428879559515
p_C12_x_C11,C12,C11,17.9,20.976627712854757,10.002084163360465
p_C12_x_C11,C12,C11,17.9,21.218697829716195,10.595992069087124
p_C12_x_C11,C12,C11,17.9,21.46076794657763,11.207523364726883
p_C12_x_C11,C12,C11,17.9,21.702838063439064,11.851274666600435
p_C12_x_C11,C12,C11,17.9,21.9449081803005,12.530237054802829
p_C12_x_C11,C12,C11,17.9,22.186978297161936,13.256150157849191
p_C12_x_C11,C12,C11,17.9,22.429048414023377,14.033014259838122
p_C12_x_C11,C12,C11,17.9,22.671118530884808,14.858011349831738
p_C12_x_C11,C12,C11,17.9,22.91318864774624,15.750585664556713
p_C12_x_C11,C12,C11,17.9,23.15525876460768,16.715562374507385
p_C12_x_C11,C12,C11,17.9,23.39732888146911,17.730430694120038
p_C12_x_C11,C12,C11,17.9,23.639398998330552,18.842030100033448
p_C12_x_C11,C12,C11,17.9,23.881469115191987,20.000018722635787
p_C12_x_C11,C12,C11,17.9,24.12353923205342,21.263707581279174
p_C12_x_C11,C12,C11,17.9,24.36560934891486,22.598416213866415
p_C12_x_C11,C12,C11,17.9,24.607679465776293,24.024750979209607
p_C12_x_C11,C12,C11,17.9,24.84974958263773,25.527116530966083
p_C12_x_C11,C12,C11,17.9,25.091819699499165,27.09552758660332
p_C12_x_C11,C12,C11,17.9,25.3338898163606,28.723502983360397
p_C12_x_C11,C12,C11,17.9,25.57595993322204,30.403600056622793
p_C12_x_C11,C12,C11,17.9,25.818030050083472,32.135824877370595
p_C12_x_C11,C12,C11,17.9,26.06010016694491,33.89030475745442
p_C12_x_C11,C12,C11,17.9,26.302170283806344,35.6595650577527
p_C12_x_C11,C12,C11,17.9,26.54424040066778,37.448303628056735
p_C12_x_C11,C12,C11,17.9,26.786310517529216,39.235416611248624
p_C12_x_C11,C12,C11,17.9,27.02838063439065,41.01830775301296
p_C12_x_C11,C12,C11,17.9,27.27045075125209,42.777841357287784
p_C12_x_C11,C12,C11,17.9,27.512520868113523,44.54726475558034
p_C12_x_C11,C12,C11,17.9,27.754590984974957,46.32846744680336
p_C12_x_C11,C12,C11,17.9,27.996661101836395,48.11023490009662
p_C12_x_C11,C12,C11,17.9,28.23873121869783,49.90650950722015
p_C12_x_C11,C12,C11,17.9,28.480801335559267,51.683985333751224
p_C12_x_C11,C12,C11,17.9,28.7228714524207,53.44304862066632
p_C12_x_C11,C12,C11,17.9,28.964941569282136,55.186797793086015
p_C12_x_C11,C12,C11,17.9,29.207011686143577,56.90155006298768
p_C12_x_C11,C12,C11,17.9,29.449081803005008,58.60546932672435
p_C12_x_C11,C12,C11,17.9,29.69115191986645,60.271360553055025
p_C12_x_C11,C12,C11,17.9,29.93322203672788,61.86453617133512
p_C12_x_C11,C12,C11,17.9,30.17529215358931,63.4000312272717
p_C12_x_C11,C12,C11,17.9,30.417362270450752,64.89999498346415
p_C12_x_C11,C12,C11,17.9,30.659432387312187,66.30594212137102
p_C12_x_C11,C12,C11,17.9,30.901502504173624,67.65516493453615
p_C12_x_C11,C12,C11,17.9,31.14357262103506,68.94737022363287
p_C12_x_C11,C12,C11,17.9,31.385642737896493,70.18229495237657
p_C12_x_C11,C12,C11,17.9,31.62771285475793,71.34367002331365
p_C12_x_C11,C12,C11,17.9,31.869782971619365,72.4535430712368
p_C12_x_C11,C12,C11,17.9,32.1118530884808,73.49193432265238
p_C12_x_C11,C12,C11,17.9,32.35392320534224,74.47545696814679
p_C12_x_C11,C12,C11,17.9,32.59599332220367,75.38710729834759
p_C12_x_C11,C12,C11,17.9,32.83806343906511,76.2363024614516
p_C12_x_C11,C12,C11,17.9,33.080133555926544,77.04120712784686
p_C12_x_C11,C12,C11,17.9,33.32220367278798,77.79646275635994
p_C12_x_C11,C12,C11,17.9,33.56427378964942,78.51424077675202
p_C12_x_C11,C12,C11,17.9,33.80634390651085,79.1682077768426
p_C12_x_C11,C12,C11,17.9,34.04841402337229,79.78756575804184
p_C12_x_C11,C12,C11,17.9,34.29048414023372,80.37187749534297
p_C12_x_C11,C12,C11,17.9,34.53255425709516,80.91245554611697
p_C12_x_C11,C12,C11,17.9,34.7746243739566,81.44378954721185
p_C12_x_C11,C12,C11,17.9,35.016694490818026,81.93799845925778
p_C12_x_C11,C12,C11,17.9,35.25876460767947,82.4159005389162
p_C12_x_C11,C12,C11,17.9,35.5008347245409,82.87817121333867
p_C12_x_C11,C12,C11,17.9,35.742904841402336,83.32201225753077
p_C12_x_C11,C12,C11,17.9,35.98497495826378,83.75265563168266
p_C12_x_C11,C12,C11,17.9,36.2270450751252,84.1683161685558
p_C12_x_C11,C12,C11,17.9,36.469115191986646,84.54410323687884
p_C12_x_C11,C12,C11,17.9,36.71118530884808,84.8989802396436
p_C12_x_C11,C12,C11,17.9,36.953255425709514,85.23153734870644
p_C12_x_C11,C12,C11,17.9,37.19532554257095,85.5752152778371
p_C12_x_C11,C12,C11,17.9,37.43739565943239,85.88238680884287
p_C12_x_C11,C12,C11,17.9,37.679465776293824,86.18021996272651
p_C12_x_C11,C12,C11,17.9,37.92153589315526,86.45294460568874
p_C12_x_C11,C12,C11,17.9,38.16360601001669,86.70710427871205
p_C12_x_C11,C12,C11,17.9,38.40567612687813,86.92967980816312
p_C12_x_C11,C12,C11,17.9,38.64774624373957,87.12264319325402
p_C12_x_C11,C12,C11,17.9,38.889816360601,87.30761392259052
p_C12_x_C11,C12,C11,17.9,39.13188647746244,87.47178114547759
p_C12_x_C11,C12,C11,17.9,39.37395659432387,87.59250943189072
p_C12_x_C11,C12,C11,17.9,39.616026711185306,87.70816373894289
p_C12_x_C11,C12,C11,17.9,39.85809682804675,87.8233816903221
p_C12_x_C11,C12,C11,17.9,40.10016694490818,87.90354808811503
p_C12_x_C11,C12,C11,17.9,40.342237061769616,87.96960813612134
p_C12_x_C11,C12,C11,17.9,40.58430717863105,88.02423755174186
p_C12_x_C11,C12,C11,17.9,40.826377295492485,88.05698423563516
p_C12_x_C11,C12,C11,17.9,41.068447412353926,88.06446973300865
p_C12_x_C11,C12,C11,17.9,41.31051752921536,88.05291453058052
p_C12_x_C11,C12,C11,17.9,41.552587646076795,88.03773143327427
p_C12_x_C11,C12,C11,17.9,41.79465776293823,88.00889820417422
p_C12_x_C11,C12,C11,17.9,42.03672787979966,87.95643970678393
p_C12_x_C11,C12,C11,17.9,42.278797996661105,87.91332523039631
p_C12_x_C11,C12,C11,17.9,42.52086811352254,87.85110371509741
p_C12_x_C11,C12,C11,17.9,42.76293823038397,87.7816615713688
p_C12_x_C11,C12,C11,17.9,43.00500834724541,87.69858443652429
p_C12_x_C11,C12,C11,17.9,43.24707846410684,87.62714912377494
p_C12_x_C11,C12,C11,17.9,43.48914858096828,87.5306755858695
p_C12_x_C11,C12,C11,17.9,43.73121869782972,87.43212590685296
p_C12_x_C11,C12,C11,17.9,43.97328881469115,87.31560129506394
p_C12_x_C11,C12,C11,17.9,44.215358931552586,87.20168516238218
p_C12_x_C11,C12,C11,17.9,44.45742904841402,87.09813832573353
p_C12_x_C11,C12,C11,17.9,44.69949916527546,86.97258955229547
p_C12_x_C11,C12,C11,17.9,44.941569282136896,86.86420995808062
p_C12_x_C11,C12,C11,17.9,45.18363939899833,86.73993927699428
p_C12_x_C11,C12,C11,17.9,45.425709515859765,86.63443696538809
p_C12_x_C11,C12,C11,17.9,45.6677796327212,86.52168836159669
p_C12_x_C11,C12,C11,17.9,45.90984974958264,86.41510743311096
p_C12_x_C11,C12,C11,17.9,46.151919866444075,86.28733675599156
p_C12_x_C11,C12,C11,17.9,46.39398998330551,86.18060424534178
p_C12_x_C11,C12,C11,17.9,46.636060100166944,86.07234869917664
p_C12_x_C11,C12,C11,17.9,46.87813021702838,85.95842491700826
p_C12_x_C11,C12,C11,17.9,47.12020033388982,85.86357042317721
p_C12_x_C11,C12,C11,17.9,47.362270450751254,85.75375351027638
p_C12_x_C11,C12,C11,17.9,47.60434056761269,85.6543027907131
p_C12_x_C11,C12,C11,17.9,47.84641068447412,85.5468953040704
p_C12_x_C11,C12,C11,17.9,48.08848080133556,85.46347583587232
p_C12_x_C11,C12,C11,17.9,48.330550918197,85.36636663238684
p_C12_x_C11,C12,C11,17.9,48.57262103505843,85.26643222191674
p_C12_x_C11,C12,C11,17.9,48.81469115191987,85.18852065374809
p_C12_x_C11,C12,C11,17.9,49.0567612687813,85.09804416882449
p_C12_x_C11,C12,C11,17.9,49.298831385642735,85.01706763446437
p_C12_x_C11,C12,C11,17.9,49.54090150250418,84.9401140125793
p_C12_x_C11,C12,C11,17.9,49.78297161936561,84.87500569826761
p_C12_x_C11,C12,C11,17.9,50.025041736227045,84.79608834567412
p_C12_x_C11,C12,C11,17.9,50.26711185308848,84.72884182393057
p_C12_x_C11,C12,C11,17.9,50.509181969949914,84.66545666128388
p_C12_x_C11,C12,C11,17.9,50.751252086811355,84.61827552279095
p_C12_x_C11,C12,C11,17.9,50.99332220367279,84.56114263328871
p_C12_x_C11,C12,C11,17.9,51.235392320534224,84.51520757115084
p_C12_x_C11,C12,C11,17.9,51.47746243739566,84.46846249556499
p_C12_x_C11,C12,C11,17.9,51.71953255425709,84.43130113648792
p_C12_x_C11,C12,C11,17.9,51.961602671118534,84.39550733648775
p_C12_x_C11,C12,C11,17.9,52.20367278797997,84.35425255487067
p_C12_x_C11,C12,C11,17.9,52.4457429048414,84.31772480498029
p_C12_x_C11,C12,C11,17.9,52.68781302170284,84.29180324036608
p_C12_x_C11,C12,C11,17.9,52.92988313856427,84.28975253122674
p_C12_x_C11,C12,C11,17.9,53.17195325542571,84.24691601761057
p_C12_x_C11,C12,C11,17.9,53.41402337228715,84.23263378943373
p_C12_x_C11,C12,C11,17.9,53.65609348914858,84.2104861298834
p_C12_x_C11,C12,C11,17.9,53.898163606010016,84.19919950608144
p_C12_x_C11,C12,C11,17.9,54.14023372287145,84.19425389949757
p_C12_x_C11,C12,C11,17.9,54.38230383973289,84.1810695835162
p_C12_x_C11,C12,C11,17.9,54.624373956594326,84.17065514982431
p_C12_x_C11,C12,C11,17.9,54.86644407345576,84.17885080633557
p_C12_x_C11,C12,C11,17.9,55.108514190317194,84.179280875872
p_C12_x_C11,C12,C11,17.9,55.35058430717863,84.18460050214864
p_C12_x_C11,C12,C11,17.9,55.59265442404007,84.18204550918506
p_C12_x_C11,C12,C11,17.9,55.834724540901504,84.17927731303423
p_C12_x_C11,C12,C11,17.9,56.07679465776294,84.17267981213406
p_C12_x_C11,C12,C11,17.9,56.31886477462437,84.15006581851537
p_C12_x_C11,C12,C11,17.9,56.56093489148581,84.13891963088807
p_C12_x_C11,C12,C11,17.9,56.80300500834725,84.12491182347256
p_C12_x_C11,C12,C11,17.9,57.04507512520868,84.09525473868011
p_C12_x_C11,C12,C11,17.9,57.28714524207012,84.05868297858586
p_C12_x_C11,C12,C11,17.9,57.52921535893155,84.01026628895485
p_C12_x_C11,C12,C11,17.9,57.771285475792986,83.94410055633685
p_C12_x_C11,C12,C11,17.9,58.01335559265443,83.86762538727541
p_C12_x_C11,C12,C11,17.9,58.25542570951586,83.78360160629853
p_C12_x_C11,C12,C11,17.9,58.497495826377296,83.66794566872568
p_C12_x_C11,C12,C11,17.9,58.73956594323873,83.54368247574754
p_C12_x_C11,C12,C11,17.9,58.981636060100165,83.39656221339072
p_C12_x_C11,C12,C11,17.9,59.223706176961606,83.23195915428064
p_C12_x_C11,C12,C11,17.9,59.46577629382304,83.04668384885396
p_C12_x_C11,C12,C11,17.9,59.707846410684475,82.84877209882707
p_C12_x_C11,C12,C11,17.9,59.94991652754591,82.62941589179765
p_C12_x_C11,C12,C11,17.9,60.19198664440734,82.38647948411688
p_C12_x_C11,C12,C11,17.9,60.434056761268785,82.11185866524306
p_C12_x_C11,C12,C11,17.9,60.67612687813022,81.8177176916972
p_C12_x_C11,C12,C11,17.9,60.91819699499165,81.5032375297157
p_C12_x_C11,C12,C11,17.9,61.16026711185309,81.18618922053781
p_C12_x_C11,C12,C11,17.9,61.40233722871452,80.84780479995302
p_C12_x_C11,C12,C11,17.9,61.64440734557597,80.51231853862683
p_C12_x_C11,C12,C11,17.9,61.8864774624374,80.16946835418165
p_C12_x_C11,C12,C11,17.9,62.12854757929883,79.8159496637821
p_C12_x_C11,C12,C11,17.9,62.37061769616027,79.4594630592085
p_C12_x_C11,C12,C11,17.9,62.6126878130217,79.12046467113271
p_C12_x_C11,C12,C11,17.9,62.85475792988314,78.77420514205349
p_C12_x_C11,C12,C11,17.9,63.09682804674458,78.40493652283723
p_C12_x_C11,C12,C11,17.9,63.33889816360601,78.06149850384762
p_C12_x_C11,C12,C11,17.9,63.580968280467445,77.72987933258383
p_C12_x_C11,C12,C11,17.9,63.82303839732888,77.41540675093687
p_C12_x_C11,C12,C11,17.9,64.06510851419031,77.1079612919898
p_C12_x_C11,C12,C11,17.9,64.30717863105176,76.81356999481271
p_C12_x_C11,C12,C11,17.9,64.5492487479132,76.53048341845553
p_C12_x_C11,C12,C11,17.9,64.79131886477462,76.27992583151728
p_C12_x_C11,C12,C11,17.9,65.03338898163605,76.0439726232323
p_C12_x_C11,C12,C11,17.9,65.27545909849749,75.81740970976736
p_C12_x_C11,C12,C11,17.9,65.51752921535893,75.61413850384822
p_C12_x_C11,C12,C11,17.9,65.75959933222038,75.4411015298084
p_C12_x_C11,C12,C11,17.9,66.0016694490818,75.29183047311116
p_C12_x_C11,C12,C11,17.9,66.24373956594323,75.15192173822481
p_C12_x_C11,C12,C11,17.9,66.48580968280467,75.02398246105835
p_C12_x_C11,C12,C11,17.9,66.72787979966611,74.90996701716715
p_C12_x_C11,C12,C11,17.9,66.96994991652755,74.81973318369158
p_C12_x_C11,C12,C11,17.9,67.21202003338898,74.70563013392302
p_C12_x_C11,C12,C11,17.9,67.45409015025041,74.63851058910859
p_C12_x_C11,C12,C11,17.9,67.69616026711185,74.5775643381528
p_C12_x_C11,C12,C11,17.9,67.93823038397329,74.5003464777898
p_C12_x_C11,C12,C11,17.9,68.18030050083473,74.42143468105388
p_C12_x_C11,C12,C11,17.9,68.42237061769616,74.32837877787318
p_C12_x_C11,C12,C11,17.9,68.66444073455759,74.25127208422833
p_C12_x_C11,C12,C11,17.9,68.90651085141903,74.17425165698609
p_C12_x_C11,C12,C11,17.9,69.14858096828047,74.10159310603049
p_C12_x_C11,C12,C11,17.9,69.3906510851419,74.05636935004615
p_C12_x_C11,C12,C11,17.9,69.63272120200334,73.99662432432851
p_C12_x_C11,C12,C11,17.9,69.87479131886478,73.94330897996565
p_C12_x_C11,C12,C11,17.9,70.11686143572621,73.84630644265789
p_C12_x_C11,C12,C11,17.9,70.35893155258765,73.74829146014332
p_C12_x_C11,C12,C11,17.9,70.60100166944908,73.66666832838112
p_C12_x_C11,C12,C11,17.9,70.84307178631052,73.55167948840455
p_C12_x_C11,C12,C11,17.9,71.08514190317196,73.44021337643022
p_C12_x_C11,C12,C11,17.9,71.32721202003339,73.34822923247157
p_C12_x_C11,C12,C11,17.9,71.56928213689483,73.2198792360893
p_C12_x_C11,C12,C11,17.9,71.81135225375625,73.08111873135482
p_C12_x_C11,C12,C11,17.9,72.0534223706177,72.93861375229983
p_C12_x_C11,C12,C11,17.9,72.29549248747914,72.81853831471958
p_C12_x_C11,C12,C11,17.9,72.53756260434056,72.65766067302503
p_C12_x_C11,C12,C11,17.9,72.779632721202,72.52793174094106
p_C12_x_C11,C12,C11,17.9,73.02170283806343,72.43154266460624
p_C12_x_C11,C12,C11,17.9,73.26377295492487,72.30799678610832
p_C12_x_C11,C12,C11,17.9,73.50584307178632,72.18165807150294
p_C12_x_C11,C12,C11,17.9,73.74791318864774,72.01922423115828
p_C12_x_C11,C12,C11,17.9,73.98998330550918,71.88299115272844
p_C12_x_C11,C12,C11,17.9,74.23205342237061,71.74020124894565
p_C12_x_C11,C12,C11,17.9,74.47412353923205,71.58587197031125
p_C12_x_C11,C12,C11,17.9,74.7161936560935,71.46148436791626
p_C12_x_C11,C12,C11,17.9,74.95826377295492,71.29715781954322
p_C12_x_C11,C12,C11,17.9,75.20033388981636,71.15457943470454
p_C12_x_C11,C12,C11,17.9,75.44240400667779,70.97326616731938
p_C12_x_C11,C12,C11,17.9,75.68447412353923,70.83914669400812
p_C12_x_C11,C12,C11,17.9,75.92654424040067,70.70276044900422
p_C12_x_C11,C12,C11,17.9,76.1686143572621,70.56417413388232
p_C12_x_C11,C12,C11,17.9,76.41068447412354,70.4499754693966
p_C12_x_C11,C12,C11,17.9,76.65275459098497,70.30567616721032
p_C12_x_C11,C12,C11,17.9,76.89482470784641,70.16402442667021
p_C12_x_C11,C12,C11,17.9,77.13689482470785,70.01089877674703
p_C12_x_C11,C12,C11,17.9,77.37896494156928,69.87916805446409
p_C12_x_C11,C12,C11,17.9,77.62103505843072,69.7349449984518
p_C12_x_C11,C12,C11,17.9,77.86310517529215,69.5555122714019
p_C12_x_C11,C12,C11,17.9,78.10517529215359,69.36556947558488
p_C12_x_C11,C12,C11,17.9,78.34724540901503,69.18483281369265
p_C12_x_C11,C12,C11,17.9,78.58931552587646,69.01431686377978
p_C12_x_C11,C12,C11,17.9,78.8313856427379,68.83346998286339
p_C12_x_C11,C12,C11,17.9,79.07345575959933,68.6473536047211
p_C12_x_C11,C12,C11,17.9,79.31552587646077,68.40091358139819
p_C12_x_C11,C12,C11,17.9,79.55759599332221,68.17453619891614
p_C12_x_C11,C12,C11,17.9,79.79966611018364,67.96183999877744
p_C12_x_C11,C12,C11,17.9,80.04173622704508,67.6969287425967
p_C12_x_C11,C12,C11,17.9,80.2838063439065,67.46470124706465
p_C12_x_C11,C12,C11,17.9,80.52587646076795,67.16027470480583
p_C12_x_C11,C12,C11,17.9,80.76794657762939,66.8625881988484
p_C12_x_C11,C12,C11,17.9,81.01001669449082,66.57721425633714
p_C12_x_C11,C12,C11,17.9,81.25208681135226,66.28474396099534
p_C12_x_C11,C12,C11,17.9,81.49415692821368,66.01280217212198
p_C12_x_C11,C12,C11,17.9,81.73622704507513,65.6863042040635
p_C12_x_C11,C12,C11,17.9,81.97829716193657,65.40675605105305
p_C12_x_C11,C12,C11,17.9,82.220367278798,65.06391881553664
p_C12_x_C11,C12,C11,17.9,82.46243739565944,64.77407549241295
p_C12_x_C11,C12,C11,17.9,82.70450751252086,64.48982235182315
p_C12_x_C11,C12,C11,17.9,82.9465776293823,64.23540939850548
p_C12_x_C11,C12,C11,17.9,83.18864774624375,63.992519905303965
p_C12_x_C11,C12,C11,17.9,83.43071786310517,63.717973146518986
p_C12_x_C11,C12,C11,17.9,83.67278797996661,63.44493704631988
p_C12_x_C11,C12,C11,17.9,83.91485809682804,63.245540757074934
p_C12_x_C11,C12,C11,17.9,84.15692821368948,63.04826204200934
p_C12_x_C11,C12,C11,17.9,84.39899833055092,62.89050531132969
p_C12_x_C11,C12,C11,17.9,84.64106844741235,62.75699977240401
p_C12_x_C11,C12,C11,17.9,84.88313856427379,62.666904920675336
p_C12_x_C11,C12,C11,17.9,85.12520868113522,62.577413157988
p_C12_x_C11,C12,C11,17.9,85.36727879799666,62.52018246129038
p_C12_x_C11,C12,C11,17.9,85.6093489148581,62.44030628624797
p_C12_x_C11,C12,C11,17.9,85.85141903171953,62.42770469875143
p_C12_x_C11,C12,C11,17.9,86.09348914858097,62.42902340385115
p_C12_x_C11,C12,C11,17.9,86.3355592654424,62.42477238406305
p_C12_x_C11,C12,C11,17.9,86.57762938230384,62.46515444619767
p_C12_x_C11,C12,C11,17.9,86.81969949916528,62.512687343994635
p_C12_x_C11,C12,C11,17.9,87.06176961602671,62.56959607608984
p_C12_x_C11,C12,C11,17.9,87.30383973288815,62.63491777964765
p_C12_x_C11,C12,C11,17.9,87.54590984974958,62.700170255330946
p_C12_x_C11,C12,C11,17.9,87.78797996661102,62.79357701493183
p_C12_x_C11,C12,C11,17.9,88.03005008347246,62.81939340121943
p_C12_x_C11,C12,C11,17.9,88.27212020033389,62.89003855086413
p_C12_x_C11,C12,C11,17.9,88.51419031719533,62.94506308795819
p_C12_x_C11,C12,C11,17.9,88.75626043405676,62.97984851028562
p_C12_x_C11,C12,C11,17.9,88.9983305509182,63.03814183402045
p_C12_x_C11,C12,C11,17.9,89.24040066777964,63.06525857412957
p_C12_x_C11,C12,C11,17.9,89.48247078464107,63.119768203955694
p_C12_x_C11,C12,C11,17.9,89.72454090150251,63.10945224636061
p_C12_x_C11,C12,C11,17.9,89.96661101836393,63.13133372888009
p_C12_x_C11,C12,C11,17.9,90.20868113522538,63.137194734885526
p_C12_x_C11,C12,C11,17.9,90.45075125208682,63.0912800653639
p_C12_x_C11,C12,C11,17.9,90.69282136894824,63.048255331049845
p_C12_x_C11,C12,C11,17.9,90.93489148580969,63.00155598795136
p_C12_x_C11,C12,C11,17.9,91.17696160267111,62.96681672282722
p_C12_x_C11,C12,C11,17.9,91.41903171953255,62.88279556759587
p_C12_x_C11,C12,C11,17.9,91.661101836394,62.812178992059955
p_C12_x_C11,C12,C11,17.9,91.90317195325542,62.70312691846392
p_C12_x_C11,C12,C11,17.9,92.14524207011686,62.61596906473413
p_C12_x_C11,C12,C11,17.9,92.38731218697828,62.51233396283584
p_C12_x_C11,C12,C11,17.9,92.62938230383972,62.41086079614975
p_C12_x_C11,C12,C11,17.9,92.87145242070116,62.275973943734144
p_C12_x_C11,C12,C11,17.9,93.1135225375626,62.14809756420651
p_C12_x_C11,C12,C11,17.9,93.35559265442404,62.0207851973727
p_C12_x_C11,C12,C11,17.9,93.59766277128548,61.88493724027899
p_C12_x_C11,C12,C11,17.9,93.83973288814693,61.75471677717685
p_C12_x_C11,C12,C11,17.9,94.08180300500835,61.6475916126405
p_C12_x_C11,C12,C11,17.9,94.32387312186978,61.52207685829702
p_C12_x_C11,C12,C11,17.9,94.56594323873122,61.42218632121077
p_C12_x_C11,C12,C11,17.9,94.80801335559264,61.30337385576183
p_C12_x_C11,C12,C11,17.9,95.05008347245408,61.21066496637221
p_C12_x_C11,C12,C11,17.9,95.29215358931552,61.09274151384463
p_C12_x_C11,C12,C11,17.9,95.53422370617696,60.96662881783503
p_C12_x_C11,C12,C11,17.9,95.7762938230384,60.85711003644717
p_C12_x_C11,C12,C11,17.9,96.01836393989984,60.764499490180384
p_C12_x_C11,C12,C11,17.9,96.26043405676128,60.683857224546934
p_C12_x_C11,C12,C11,17.9,96.50250417362273,60.61158504150258
p_C12_x_C11,C12,C11,17.9,96.74457429048414,60.54216607387004
p_C12_x_C11,C12,C11,17.9,96.98664440734558,60.47154372107596
p_C12_x_C11,C12,C11,17.9,97.228714524207,60.420025137172416
p_C12_x_C11,C12,C11,17.9,97.47078464106843,60.366518656628216
p_C12_x_C11,C12,C11,17.9,97.71285475792988,60.32757646204924
p_C12_x_C11,C12,C11,17.9,97.95492487479132,60.28181523523102
p_C12_x_C11,C12,C11,17.9,98.19699499165276,60.23137375673547
p_C12_x_C11,C12,C11,17.9,98.4390651085142,60.17999849380529
p_C12_x_C11,C12,C11,17.9,98.68113522537564,60.13357756636638
p_C12_x_C11,C12,C11,17.9,98.92320534223708,60.07306645531675
p_C12_x_C11,C12,C11,17.9,99.1652754590985,60.00549376197691
p_C12_x_C11,C12,C11,17.9,99.40734557595994,59.97864128505567
p_C12_x_C11,C12,C11,17.9,99.64941569282136,59.94069727141899
p_C12_x_C11,C12,C11,17.9,99.8914858096828,59.90105704092131
p_C12_x_C11,C12,C11,17.9,100.13355592654425,59.86303455233269
p_C12_x_C11,C12,C11,17.9,100.37562604340567,59.83270825699691
p_C12_x_C11,C12,C11,17.9,100.61769616026712,59.78678675219492
p_C12_x_C11,C12,C11,17.9,100.85976627712854,59.74945792706333
p_C12_x_C11,C12,C11,17.9,101.10183639398998,59.6993529843911
p_C12_x_C11,C12,C11,17.9,101.34390651085144,59.66710372841996
p_C12_x_C11,C12,C11,17.9,101.58597662771284,59.60657853442173
p_C12_x_C11,C12,C11,17.9,101.8280467445743,59.5713274997356
p_C12_x_C11,C12,C11,17.9,102.07011686143572,59.52792184120701
p_C12_x_C11,C12,C11,17.9,102.31218697829716,59.459573585661175
p_C12_x_C11,C12,C11,17.9,102.5542570951586,59.388267157292205
p_C12_x_C11,C12,C11,17.9,102.79632721202005,59.311640315177314
p_C12_x_C11,C12,C11,17.9,103.03839732888147,59.24910354480029
p_C12_x_C11,C12,C11,17.9,103.2804674457429,59.19104336076391
p_C12_x_C11,C12,C11,17.9,103.52253756260434,59.142757571792615
p_C12_x_C11,C12,C11,17.9,103.76460767946578,59.09062828376648
p_C12_x_C11,C12,C11,17.9,104.0066777963272,58.99218737983517
p_C12_x_C11,C12,C11,17.9,104.24874791318864,58.913403193799695
p_C12_x_C11,C12,C11,17.9,104.49081803005008,58.84350277868437
p_C12_x_C11,C12,C11,17.9,104.73288814691152,58.77218580276437
p_C12_x_C11,C12,C11,17.9,104.97495826377296,58.73254146388444
p_C12_x_C11,C12,C11,17.9,105.2170283806344,58.67315562477464
p_C12_x_C11,C12,C11,17.9,105.45909849749584,58.614325608451665
p_C12_x_C11,C12,C11,17.9,105.70116861435726,58.52355441495834
p_C12_x_C11,C12,C11,17.9,105.9432387312187,58.481983666096696
p_C12_x_C11,C12,C11,17.9,106.18530884808014,58.41115497696257
p_C12_x_C11,C12,C11,17.9,106.42737896494155,58.340151212292696
p_C12_x_C11,C12,C11,17.9,106.669449081803,58.25529819973698
p_C12_x_C11,C12,C11,17.9,106.91151919866444,58.187269092786806
p_C12_x_C11,C12,C11,17.9,107.15358931552588,58.11170531210391
p_C12_x_C11,C12,C11,17.9,107.39565943238732,58.030142297975345
p_C12_x_C11,C12,C11,17.9,107.63772954924876,57.9516022796324
p_C12_x_C11,C12,C11,17.9,107.8797996661102,57.882587070369425
p_C12_x_C11,C12,C11,17.9,108.1218697829716,57.81866679294667
p_C12_x_C11,C12,C11,17.9,108.36393989983306,57.73111490635205
p_C12_x_C11,C12,C11,17.9,108.6060100166945,57.65759009471512
p_C12_x_C11,C12,C11,17.9,108.84808013355592,57.58093252701224
p_C12_x_C11,C12,C11,17.9,109.09015025041737,57.52260132027429
p_C12_x_C11,C12,C11,17.9,109.3322203672788,57.44546082549425
p_C12_x_C11,C12,C11,17.9,109.57429048414023,57.38322713509254
p_C12_x_C11,C12,C11,17.9,109.81636060100168,57.288133874540435
p_C12_x_C11,C12,C11,17.9,110.0584307178631,57.20866830658997
p_C12_x_C11,C12,C11,17.9,110.30050083472456,57.145587131076454
p_C12_x_C11,C12,C11,17.9,110.54257095158596,57.082985704077686
p_C12_x_C11,C12,C11,17.9,110.7846410684474,57.02378524459824
p_C12_x_C11,C12,C11,17.9,111.02671118530886,56.949659576698494
p_C12_x_C11,C12,C11,17.9,111.26878130217028,56.87282116504322
p_C12_x_C11,C12,C11,17.9,111.51085141903172,56.794373196799576
p_C12_x_C11,C12,C11,17.9,111.75292153589317,56.71316535207584
p_C12_x_C11,C12,C11,17.9,111.9949916527546,56.64047241148652
p_C12_x_C11,C12,C11,17.9,112.23706176961603,56.56825020396978
p_C12_x_C11,C12,C11,17.9,112.47913188647746,56.48374925558643
p_C12_x_C11,C12,C11,17.9,112.7212020033389,56.404852160905705
p_C12_x_C11,C12,C11,17.9,112.96327212020032,56.318319270926295
p_C12_x_C11,C12,C11,17.9,113.20534223706176,56.23808168280679
p_C12_x_C11,C12,C11,17.9,113.4474123539232,56.162063859190255
p_C12_x_C11,C12,C11,17.9,113.68948247078464,56.08134371467068
p_C12_x_C11,C12,C11,17.9,113.93155258764608,55.99544312077876
p_C12_x_C11,C12,C11,17.9,114.17362270450752,55.91883198043581
p_C12_x_C11,C12,C11,17.9,114.41569282136896,55.835374735793394
p_C12_x_C11,C12,C11,17.9,114.6577629382304,55.75458437087998
p_C12_x_C11,C12,C11,17.9,114.89983305509182,55.685268766676934
p_C12_x_C11,C12,C11,17.9,115.14190317195326,55.62193432661352
p_C12_x_C11,C12,C11,17.9,115.38397328881469,55.550450250079486
p_C12_x_C11,C12,C11,17.9,115.62604340567611,55.46890595726549
p_C12_x_C11,C12,C11,17.9,115.86811352253756,55.38433853507243
p_C12_x_C11,C12,C11,17.9,116.110183639399,55.309517339040255
p_C12_x_C11,C12,C11,17.9,116.35225375626044,55.23146110943985
p_C12_x_C11,C12,C11,17.9,116.59432387312188,55.1703086860581
p_C12_x_C11,C12,C11,17.9,116.8363939899833,55.105702559518264
p_C12_x_C11,C12,C11,17.9,117.07846410684476,55.02394736720594
p_C12_x_C11,C12,C11,17.9,117.32053422370618,54.94453777900564
p_C12_x_C11,C12,C11,17.9,117.56260434056762,54.857613918809385
p_C12_x_C11,C12,C11,17.9,117.80467445742904,54.77683584476017
p_C12_x_C11,C12,C11,17.9,118.04674457429049,54.70224644727706
p_C12_x_C11,C12,C11,17.9,118.28881469115191,54.622093310070206
p_C12_x_C11,C12,C11,17.9,118.53088480801335,54.54043259109116
p_C12_x_C11,C12,C11,17.9,118.7729549248748,54.4664191093314
p_C12_x_C11,C12,C11,17.9,119.01502504173622,54.39368277130171
p_C12_x_C11,C12,C11,17.9,119.25709515859766,54.33262088806677
p_C12_x_C11,C12,C11,17.9,119.4991652754591,54.26533362264816
p_C12_x_C11,C12,C11,17.9,119.74123539232052,54.19906917598482
p_C12_x_C11,C12,C11,17.9,119.98330550918196,54.12213504059255
p_C12_x_C11,C12,C11,17.9,120.2253756260434,54.04432770644607
p_C12_x_C11,C12,C11,17.9,120.46744574290484,53.980804267605166
p_C12_x_C11,C12,C11,17.9,120.70951585976628,53.89980746802805
p_C12_x_C11,C12,C11,17.9,120.95158597662773,53.82023054279924
p_C12_x_C11,C12,C11,17.9,121.19365609348915,53.73870899677897
p_C12_x_C11,C12,C11,17.9,121.43572621035058,53.67703574619047
p_C12_x_C11,C12,C11,17.9,121.67779632721202,53.602643209228034
p_C12_x_C11,C12,C11,17.9,121.91986644407346,53.52587878390253
p_C12_x_C11,C12,C11,17.9,122.16193656093488,53.453614451404306
p_C12_x_C11,C12,C11,17.9,122.40400667779632,53.3854837270037
p_C12_x_C11,C12,C11,17.9,122.64607679465776,53.31221019364114
p_C12_x_C11,C12,C11,17.9,122.8881469115192,53.256848139631856
p_C12_x_C11,C12,C11,17.9,123.13021702838064,53.193259378254986
p_C12_x_C11,C12,C11,17.9,123.37228714524208,53.116595289371126
p_C12_x_C11,C12,C11,17.9,123.61435726210352,53.04487598571523
p_C12_x_C11,C12,C11,17.9,123.85642737896494,52.96342960271279
p_C12_x_C11,C12,C11,17.9,124.09849749582638,52.889518163332745
p_C12_x_C11,C12,C11,17.9,124.34056761268782,52.81831060103482
p_C12_x_C11,C12,C11,17.9,124.58263772954923,52.7414925320956
p_C12_x_C11,C12,C11,17.9,124.82470784641067,52.67338299696789
p_C12_x_C11,C12,C11,17.9,125.06677796327212,52.607528822525296
p_C12_x_C11,C12,C11,17.9,125.30884808013356,52.54002603137104
p_C12_x_C11,C12,C11,17.9,125.550918196995,52.47338685966701
p_C12_x_C11,C12,C11,17.9,125.79298831385644,52.41158173743236
p_C12_x_C11,C12,C11,17.9,126.03505843071788,52.3441724928524
p_C12_x_C11,C12,C11,17.9,126.2771285475793,52.2840992401854
p_C12_x_C11,C12,C11,17.9,126.51919866444074,52.22737869017042
p_C12_x_C11,C12,C11,17.9,126.76126878130218,52.173060513102826
p_C12_x_C11,C12,C11,17.9,127.0033388981636,52.09674433860711
p_C12_x_C11,C12,C11,17.9,127.24540901502505,52.021675495843525
p_C12_x_C11,C12,C11,17.9,127.48747913188647,51.96729981794664
p_C12_x_C11,C12,C11,17.9,127.72954924874792,51.9059563682201
p_C12_x_C11,C12,C11,17.9,127.97161936560936,51.84893888473267
p_C12_x_C11,C12,C11,17.9,128.21368948247078,51.7628262830283
p_C12_x_C11,C12,C11,17.9,128.45575959933225,51.71052670143279
p_C12_x_C11,C12,C11,17.9,128.69782971619367,51.65469068330394
p_C12_x_C11,C12,C11,17.9,128.9398998330551,51.59314155284079
p_C12_x_C11,C12,C11,17.9,129.18196994991655,51.51327571383352
p_C12_x_C11,C12,C11,17.9,129.42404006677796,51.44725596524755
p_C12_x_C11,C12,C11,17.9,129.6661101836394,51.38479860712204
p_C12_x_C11,C12,C11,17.9,129.90818030050082,51.326010832587926
p_C12_x_C11,C12,C11,17.9,130.15025041736226,51.27877191220543
p_C12_x_C11,C12,C11,17.9,130.3923205342237,51.20872663392853
p_C12_x_C11,C12,C11,17.9,130.63439065108514,51.14730017105048
p_C12_x_C11,C12,C11,17.9,130.87646076794658,51.09289042319254
p_C12_x_C11,C12,C11,17.9,131.11853088480802,51.03439908315592
p_C12_x_C11,C12,C11,17.9,131.3606010016695,50.96481440205365
p_C12_x_C11,C12,C11,17.9,131.6026711185309,50.901465285454094
p_C12_x_C11,C12,C11,17.9,131.84474123539232,50.84790061596405
p_C12_x_C11,C12,C11,17.9,132.08681135225376,50.7783640820059
p_C12_x_C11,C12,C11,17.9,132.32888146911515,50.741959402730885
p_C12_x_C11,C12,C11,17.9,132.57095158597662,50.68788375674343
p_C12_x_C11,C12,C11,17.9,132.81302170283806,50.6229488121631
p_C12_x_C11,C12,C11,17.9,133.0550918196995,50.55915208388945
p_C12_x_C11,C12,C11,17.9,133.29716193656094,50.51884980723932
p_C12_x_C11,C12,C11,17.9,133.53923205342238,50.45949247769278
p_C12_x_C11,C12,C11,17.9,133.7813021702838,50.416403585639735
p_C12_x_C11,C12,C11,17.9,134.02337228714524,50.37057522008297
p_C12_x_C11,C12,C11,17.9,134.26544240400668,50.323316099255514
p_C12_x_C11,C12,C11,17.9,134.50751252086812,50.27188793571008
p_C12_x_C11,C12,C11,17.9,134.74958263772956,50.21387526242121
p_C12_x_C11,C12,C11,17.9,134.99165275459097,50.1590225327888
p_C12_x_C11,C12,C11,17.9,135.2337228714524,50.11100257127957
p_C12_x_C11,C12,C11,17.9,135.47579298831386,50.06783379928545
p_C12_x_C11,C12,C11,17.9,135.7178631051753,50.03057429348071
p_C12_x_C11,C12,C11,17.9,135.95993322203674,49.9841382861204
p_C12_x_C11,C12,C11,17.9,136.20200333889815,49.9308773361279
p_C12_x_C11,C12,C11,17.9,136.4440734557596,49.87533741434608
p_C12_x_C11,C12,C11,17.9,136.68614357262103,49.83745994724612
p_C12_x_C11,C12,C11,17.9,136.92821368948248,49.79796011699148
p_C12_x_C11,C12,C11,17.9,137.17028380634392,49.752142845686734
p_C12_x_C11,C12,C11,17.9,137.41235392320533,49.715758366789984
p_C12_x_C11,C12,C11,17.9,137.65442404006677,49.67059766517407
p_C12_x_C11,C12,C11,17.9,137.8964941569282,49.62266784629601
p_C12_x_C11,C12,C11,17.9,138.13856427378963,49.58912031354463
p_C12_x_C11,C12,C11,17.9,138.3806343906511,49.548921823777775
p_C12_x_C11,C12,C11,17.9,138.6227045075125,49.501780092970314
p_C12_x_C11,C12,C11,17.9,138.86477462437395,49.46539607224159
p_C12_x_C11,C12,C11,17.9,139.1068447412354,49.40633465218256
p_C12_x_C11,C12,C11,17.9,139.34891485809683,49.36005902454541
p_C12_x_C11,C12,C11,17.9,139.59098497495827,49.32973305076356
p_C12_x_C11,C12,C11,17.9,139.8330550918197,49.27868582930728
p_C12_x_C11,C12,C11,17.9,140.07512520868113,49.23715720376645
p_C12_x_C11,C12,C11,17.9,140.31719532554257,49.20517450898882
p_C12_x_C11,C12,C11,17.9,140.559265442404,49.18108763216897
p_C12_x_C11,C12,C11,17.9,140.80133555926545,49.16550068757997
p_C12_x_C11,C12,C11,17.9,141.04340567612687,49.12871276855638
p_C12_x_C11,C12,C11,17.9,141.2854757929883,49.09972459673699
p_C12_x_C11,C12,C11,17.9,141.52754590984975,49.06251432636098
p_C12_x_C11,C12,C11,17.9,141.7696160267112,49.04004806585913
p_C12_x_C11,C12,C11,17.9,142.01168614357263,49.00913795905767
p_C12_x_C11,C12,C11,17.9,142.25375626043405,48.97976572615243
p_C12_x_C11,C12,C11,17.9,142.4958263772955,48.951433643549414
p_C12_x_C11,C12,C11,17.9,142.73789649415693,48.91698559126199
p_C12_x_C11,C12,C11,17.9,142.97996661101837,48.8753286506557
p_C12_x_C11,C12,C11,17.9,143.2220367278798,48.84656819363438
p_C12_x_C11,C12,C11,17.9,143.46410684474122,48.82211756325277
p_C12_x_C11,C12,C11,17.9,143.7061769616027,48.79163649376828
p_C12_x_C11,C12,C11,17.9,143.9482470784641,48.77055065883755
p_C12_x_C11,C12,C11,17.9,144.19031719532555,48.74274285834619
p_C12_x_C11,C12,C11,17.9,144.432387312187,48.72042199875578
p_C12_x_C11,C12,C11,17.9,144.6744574290484,48.706884814201715
p_C12_x_C11,C12,C11,17.9,144.91652754590984,48.68323856922332
p_C12_x_C11,C12,C11,17.9,145.15859766277129,48.6671761565658
p_C12_x_C11,C12,C11,17.9,145.40066777963273,48.64992399080985
p_C12_x_C11,C12,C11,17.9,145.64273789649417,48.62942038777613
p_C12_x_C11,C12,C11,17.9,145.88480801335558,48.60932547267829
p_C12_x_C11,C12,C11,17.9,146.12687813021702,48.57526055136208
p_C12_x_C11,C12,C11,17.9,146.36894824707846,48.55106085170006
p_C12_x_C11,C12,C11,17.9,146.6110183639399,48.52966845300588
p_C12_x_C11,C12,C11,17.9,146.85308848080135,48.51862469065068
p_C12_x_C11,C12,C11,17.9,147.09515859766276,48.498053555937105
p_C12_x_C11,C12,C11,17.9,147.3372287145242,48.49738075227977
p_C12_x_C11,C12,C11,17.9,147.57929883138564,48.48323902636777
p_C12_x_C11,C12,C11,17.9,147.82136894824708,48.482163242818274
p_C12_x_C11,C12,C11,17.9,148.06343906510853,48.475329948124696
p_C12_x_C11,C12,C11,17.9,148.30550918196994,48.46997222595069
p_C12_x_C11,C12,C11,17.9,148.54757929883138,48.455104135103014
p_C12_x_C11,C12,C11,17.9,148.78964941569282,48.45517129866623
p_C12_x_C11,C12,C11,17.9,149.03171953255426,48.44740310357319
p_C12_x_C11,C12,C11,17.9,149.2737896494157,48.45010135061372
p_C12_x_C11,C12,C11,17.9,149.51585976627712,48.43362347884753
p_C12_x_C11,C12,C11,17.9,149.75792988313856,48.443105981126834
p_C12_x_C11,C12,C11,17.9,150.0,48.43529807813543
p_O16_x_O15,O16,O15,14.29,5.0,0.0
p_O16_x_O15,O16,O15,14.29,5.242070116861436,0.0
p_O16_x_O15,O16,O15,14.29,5.484140233722871,0.0
p_O16_x_O15,O16,O15,14.29,5.726210350584307,0.0
p_O16_x_O15,O16,O15,14.29,5.968280467445743,0.0
p_O16_x_O15,O16,O15,14.29,6.210350584307179,0.0
p_O16_x_O15,O16,O15,14.29,6.452420701168615,0.0
p_O16_x_O15,O16,O15,14.29,6.69449081803005,0.0
p_O16_x_O15,O16,O15,14.29,6.936560934891486,0.0
p_O16_x_O15,O16,O15,14.29,7.178631051752921,0.0
p_O16_x_O15,O16,O15,14.29,7.420701168614357,0.0
p_O16_x_O15,O16,O15,14.29,7.6627712854757934,0.0
p_O16_x_O15,O16,O15,14.29,7.904841402337229,0.0
p_O16_x_O15,O16,O15,14.29,8.146911519198664,0.0
p_O16_x_O15,O16,O15,14.29,8.3889816360601,0.0
p_O16_x_O15,O16,O15,14.29,8.631051752921536,0.0
p_O16_x_O15,O16,O15,14.29,8.873121869782972,0.0
p_O16_x_O15,O16,O15,14.29,9.115191986644408,0.0
p_O16_x_O15,O16,O15,14.29,9.357262103505844,0.0
p_O16_x_O15,O16,O15,14.29,9.59933222036728,0.0
p_O16_x_O15,O16,O15,14.29,9.841402337228716,0.0
p_O16_x_O15,O16,O15,14.29,10.083472454090147,0.0
p_O16_x_O15,O16,O15,14.29,10.325542570951589,0.0
p_O16_x_O15,O16,O15,14.29,10.56761268781302,0.0
p_O16_x_O15,O16,O15,14.29,10.809682804674456,0.0
p_O16_x_O15,O16,O15,14.29,11.051752921535892,0.0
p_O16_x_O15,O16,O15,14.29,11.293823038397328,0.0
p_O16_x_O15,O16,O15,14.29,11.535893155258766,0.0
p_O16_x_O15,O16,O15,14.29,11.7779632721202,0.0
p_O16_x_O15,O16,O15,14.29,12.020033388981636,0.0
p_O16_x_O15,O16,O15,14.29,12.262103505843072,0.0
p_O16_x_O15,O16,O15,14.29,12.504173622704506,0.0
p_O16_x_O15,O16,O15,14.29,12.746243739565944,0.0
p_O16_x_O15,O16,O15,14.29,12.98831385642738,0.0
p_O16_x_O15,O16,O15,14.29,13.230383973288816,0.0
p_O16_x_O15,O16,O15,14.29,13.47245409015025,0.0
p_O16_x_O15,O16,O15,14.29,13.714524207011689,0.0
p_O16_x_O15,O16,O15,14.29,13.95659432387312,0.0
p_O16_x_O15,O16,O15,14.29,14.198664440734555,0.0
p_O16_x_O15,O16,O15,14.29,14.440734557595992,0.7588364525554571
p_O16_x_O15,O16,O15,14.29,14.68280467445743,1.3725349515974008
p_O16_x_O15,O16,O15,14.29,14.924874791318866,1.923746473987074
p_O16_x_O15,O16,O15,14.29,15.1669449081803,2.458720148417304
p_O16_x_O15,O16,O15,14.29,15.409015025041736,2.9841151121118923
p_O16_x_O15,O16,O15,14.29,15.651085141903172,3.5062351582287783
p_O16_x_O15,O16,O15,14.29,15.893155258764608,4.025293188469437
p_O16_x_O15,O16,O15,14.29,16.135225375626042,4.548663104270656
p_O16_x_O15,O16,O15,14.29,16.377295492487477,5.088629394821737
p_O16_x_O15,O16,O15,14.29,16.619365609348915,5.637349486037609
p_O16_x_O15,O16,O15,14.29,16.861435726210352,6.200373686863266
p_O16_x_O15,O16,O15,14.29,17.103505843071787,6.789370610407644
p_O16_x_O15,O16,O15,14.29,17.34557595993322,7.381949290148182
p_O16_x_O15,O16,O15,14.29,17.587646076794655,8.00063820536688
p_O16_x_O15,O16,O15,14.29,17.829716193656093,8.656661364849551
p_O16_x_O15,O16,O15,14.29,18.07178631051753,9.33055534773684
p_O16_x_O15,O16,O15,14.29,18.313856427378965,10.042277740016694
p_O16_x_O15,O16,O15,14.29,18.5559265442404,10.798600405146832
p_O16_x_O15,O16,O15,14.29,18.79799666110183,11.598499772748148
p_O16_x_O15,O16,O15,14.29,19.040066777963272,12.440044068306648
p_O16_x_O15,O16,O15,14.29,19.28213689482471,13.344009927592888
p_O16_x_O15,O16,O15,14.29,19.524207011686144,14.304006663448586
p_O16_x_O15,O16,O15,14.29,19.76627712854758,15.31624904732493
p_O16_x_O15,O16,O15,14.29,20.008347245409013,16.40686664815001
p_O16_x_O15,O16,O15,14.29,20.25041736227045,17.58738977652759
p_O16_x_O15,O16,O15,14.29,20.49248747913189,18.8427335351861
p_O16_x_O15,O16,O15,14.29,20.734557595993323,20.173951549213868
p_O16_x_O15,O16,O15,14.29,20.976627712854757,21.59577231617435
p_O16_x_O15,O16,O15,14.29,21.218697829716195,23.09445772184518
p_O16_x_O15,O16,O15,14.29,21.46076794657763,24.655214621377965
p_O16_x_O15,O16,O15,14.29,21.702838063439064,26.28545947824857
p_O16_x_O15,O16,O15,14.29,21.9449081803005,27.977479875223228
p_O16_x_O15,O16,O15,14.29,22.186978297161936,29.743971317923517
p_O16_x_O15,O16,O15,14.29,22.429048414023377,31.558026513009857
p_O16_x_O15,O16,O15,14.29,22.671118530884808,33.40547892538158
p_O16_x_O15,O16,O15,14.29,22.91318864774624,35.28324886319507
p_O16_x_O15,O16,O15,14.29,23.15525876460768,37.194444057167125
p_O16_x_O15,O16,O15,14.29,23.39732888146911,39.11401457376948
p_O16_x_O15,O16,O15,14.29,23.639398998330552,41.04647136598943
p_O16_x_O15,O16,O15,14.29,23.881469115191987,42.97193479363036
p_O16_x_O15,O16,O15,14.29,24.12353923205342,44.897288859011574
p_O16_x_O15,O16,O15,14.29,24.36560934891486,46.81121165999044
p_O16_x_O15,O16,O15,14.29,24.607679465776293,48.69106538204311
p_O16_x_O15,O16,O15,14.29,24.84974958263773,50.541586867053425
p_O16_x_O15,O16,O15,14.29,25.091819699499165,52.33505732885893
p_O16_x_O15,O16,O15,14.29,25.3338898163606,54.0949909936281
p_O16_x_O15,O16,O15,14.29,25.57595993322204,55.80599152441215
p_O16_x_O15,O16,O15,14.29,25.818030050083472,57.45133676909769
p_O16_x_O15,O16,O15,14.29,26.06010016694491,59.02517086627354
p_O16_x_O15,O16,O15,14.29,26.302170283806344,60.5279890212264
p_O16_x_O15,O16,O15,14.29,26.54424040066778,61.9285709888835
p_O16_x_O15,O16,O15,14.29,26.786310517529216,63.25380288779392
p_O16_x_O15,O16,O15,14.29,27.02838063439065,64.4868366670884
p_O16_x_O15,O16,O15,14.29,27.27045075125209,65.65926642263085
p_O16_x_O15,O16,O15,14.29,27.512520868113523,66.69462626074608
p_O16_x_O15,O16,O15,14.29,27.754590984974957,67.63295435883191
p_O16_x_O15,O16,O15,14.29,27.996661101836395,68.45067965148579
p_O16_x_O15,O16,O15,14.29,28.23873121869783,69.21408903221892
p_O16_x_O15,O16,O15,14.29,28.480801335559267,69.87770598019998
p_O16_x_O15,O16,O15,14.29,28.7228714524207,70.43273198213654
p_O16_x_O15,O16,O15,14.29,28.964941569282136,70.89699378898545
p_O16_x_O15,O16,O15,14.29,29.207011686143577,71.30597122219658
p_O16_x_O15,O16,O15,14.29,29.449081803005008,71.6496956681429
p_O16_x_O15,O16,O15,14.29,29.69115191986645,71.93854300289843
p_O16_x_O15,O16,O15,14.29,29.93322203672788,72.20345437964467
p_O16_x_O15,O16,O15,14.29,30.17529215358931,72.43839076158113
p_O16_x_O15,O16,O15,14.29,30.417362270450752,72.65358731657216
p_O16_x_O15,O16,O15,14.29,30.659432387312187,72.82184035281118
p_O16_x_O15,O16,O15,14.29,30.901502504173624,72.98587817781366
p_O16_x_O15,O16,O15,14.29,31.14357262103506,73.11909660140279
p_O16_x_O15,O16,O15,14.29,31.385642737896493,73.26554195174849
p_O16_x_O15,O16,O15,14.29,31.62771285475793,73.38509884375902
p_O16_x_O15,O16,O15,14.29,31.869782971619365,73.48921914586575
p_O16_x_O15,O16,O15,14.29,32.1118530884808,73.6017770453808
p_O16_x_O15,O16,O15,14.29,32.35392320534224,73.68391129648958
p_O16_x_O15,O16,O15,14.29,32.59599332220367,73.76301306709841
p_O16_x_O15,O16,O15,14.29,32.83806343906511,73.84154092299487
p_O16_x_O15,O16,O15,14.29,33.080133555926544,73.8811983823281
p_O16_x_O15,O16,O15,14.29,33.32220367278798,73.92296343730413
p_O16_x_O15,O16,O15,14.29,33.56427378964942,73.95336363542931
p_O16_x_O15,O16,O15,14.29,33.80634390651085,73.97067370691244
p_O16_x_O15,O16,O15,14.29,34.04841402337229,73.98819863316353
p_O16_x_O15,O16,O15,14.29,34.29048414023372,74.00730056753784
p_O16_x_O15,O16,O15,14.29,34.53255425709516,74.02734662985648
p_O16_x_O15,O16,O15,14.29,34.7746243739566,74.08182663676965
p_O16_x_O15,O16,O15,14.29,35.016694490818026,74.12577373337945
p_O16_x_O15,O16,O15,14.29,35.25876460767947,74.16585986514767
p_O16_x_O15,O16,O15,14.29,35.5008347245409,74.21384726637316
p_O16_x_O15,O16,O15,14.29,35.742904841402336,74.2622680600171
p_O16_x_O15,O16,O15,14.29,35.98497495826378,74.29701057968867
p_O16_x_O15,O16,O15,14.29,36.2270450751252,74.35943858811143
p_O16_x_O15,O16,O15,14.29,36.469115191986646,74.39639838812411
p_O16_x_O15,O16,O15,14.29,36.71118530884808,74.44478487836966
p_O16_x_O15,O16,O15,14.29,36.953255425709514,74.49816083278158
p_O16_x_O15,O16,O15,14.29,37.19532554257095,74.55054586097287
p_O16_x_O15,O16,O15,14.29,37.43739565943239,74.59330591960108
p_O16_x_O15,O16,O15,14.29,37.679465776293824,74.63811546606149
p_O16_x_O15,O16,O15,14.29,37.92153589315526,74.6960863409879
p_O16_x_O15,O16,O15,14.29,38.16360601001669,74.73019431421186
p_O16_x_O15,O16,O15,14.29,38.40567612687813,74.75536588935138
p_O16_x_O15,O16,O15,14.29,38.64774624373957,74.79769695379616
p_O16_x_O15,O16,O15,14.29,38.889816360601,74.82993199278468
p_O16_x_O15,O16,O15,14.29,39.13188647746244,74.8678061793713
p_O16_x_O15,O16,O15,14.29,39.37395659432387,74.89671610393634
p_O16_x_O15,O16,O15,14.29,39.616026711185306,74.91616229587491
p_O16_x_O15,O16,O15,14.29,39.85809682804675,74.92391010739884
p_O16_x_O15,O16,O15,14.29,40.10016694490818,74.94546366753731
p_O16_x_O15,O16,O15,14.29,40.342237061769616,74.93128739361666
p_O16_x_O15,O16,O15,14.29,40.58430717863105,74.93801935131617
p_O16_x_O15,O16,O15,14.29,40.826377295492485,74.9258415766001
p_O16_x_O15,O16,O15,14.29,41.068447412353926,74.91483553817667
p_O16_x_O15,O16,O15,14.29,41.31051752921536,74.90917007780575
p_O16_x_O15,O16,O15,14.29,41.552587646076795,74.8882814168162
p_O16_x_O15,O16,O15,14.29,41.79465776293823,74.8480096481449
p_O16_x_O15,O16,O15,14.29,42.03672787979966,74.80898883997233
p_O16_x_O15,O16,O15,14.29,42.278797996661105,74.77883786334095
p_O16_x_O15,O16,O15,14.29,42.52086811352254,74.74374023816816
p_O16_x_O15,O16,O15,14.29,42.76293823038397,74.6759585566978
p_O16_x_O15,O16,O15,14.29,43.00500834724541,74.60283707925532
p_O16_x_O15,O16,O15,14.29,43.24707846410684,74.53258458497359
p_O16_x_O15,O16,O15,14.29,43.48914858096828,74.45036337872966
p_O16_x_O15,O16,O15,14.29,43.73121869782972,74.36343937645216
p_O16_x_O15,O16,O15,14.29,43.97328881469115,74.27574285803132
p_O16_x_O15,O16,O15,14.29,44.215358931552586,74.18078254340449
p_O16_x_O15,O16,O15,14.29,44.45742904841402,74.0819031144006
p_O16_x_O15,O16,O15,14.29,44.69949916527546,73.97393087412064
p_O16_x_O15,O16,O15,14.29,44.941569282136896,73.85119910837955
p_O16_x_O15,O16,O15,14.29,45.18363939899833,73.7411001803052
p_O16_x_O15,O16,O15,14.29,45.425709515859765,73.63016057691001
p_O16_x_O15,O16,O15,14.29,45.6677796327212,73.49596698707957
p_O16_x_O15,O16,O15,14.29,45.90984974958264,73.35024902761725
p_O16_x_O15,O16,O15,14.29,46.151919866444075,73.19192518521706
p_O16_x_O15,O16,O15,14.29,46.39398998330551,73.04587759773781
p_O16_x_O15,O16,O15,14.29,46.636060100166944,72.87748244306833
p_O16_x_O15,O16,O15,14.29,46.87813021702838,72.71832181343899
p_O16_x_O15,O16,O15,14.29,47.12020033388982,72.54878438374703
p_O16_x_O15,O16,O15,14.29,47.362270450751254,72.38688017753188
p_O16_x_O15,O16,O15,14.29,47.60434056761269,72.22332875631638
p_O16_x_O15,O16,O15,14.29,47.84641068447412,72.04917161061543
p_O16_x_O15,O16,O15,14.29,48.08848080133556,71.87936014668938
p_O16_x_O15,O16,O15,14.29,48.330550918197,71.70984624685207
p_O16_x_O15,O16,O15,14.29,48.57262103505843,71.53988120119054
p_O16_x_O15,O16,O15,14.29,48.81469115191987,71.38645934397658
p_O16_x_O15,O16,O15,14.29,49.0567612687813,71.21663254342698
p_O16_x_O15,O16,O15,14.29,49.298831385642735,71.05645317727564
p_O16_x_O15,O16,O15,14.29,49.54090150250418,70.87780357828919
p_O16_x_O15,O16,O15,14.29,49.78297161936561,70.70535066477495
p_O16_x_O15,O16,O15,14.29,50.025041736227045,70.55561901134554
p_O16_x_O15,O16,O15,14.29,50.26711185308848,70.40335421051054
p_O16_x_O15,O16,O15,14.29,50.509181969949914,70.22881898929442
p_O16_x_O15,O16,O15,14.29,50.751252086811355,70.076904423945
p_O16_x_O15,O16,O15,14.29,50.99332220367279,69.91132498692282
p_O16_x_O15,O16,O15,14.29,51.235392320534224,69.76125906846761
p_O16_x_O15,O16,O15,14.29,51.47746243739566,69.61991359060512
p_O16_x_O15,O16,O15,14.29,51.71953255425709,69.46492797188566
p_O16_x_O15,O16,O15,14.29,51.961602671118534,69.31662769258998
p_O16_x_O15,O16,O15,14.29,52.20367278797997,69.15929181145825
p_O16_x_O15,O16,O15,14.29,52.4457429048414,69.01550899668545
p_O16_x_O15,O16,O15,14.29,52.68781302170284,68.8862382701044
p_O16_x_O15,O16,O15,14.29,52.92988313856427,68.74141593821757
p_O16_x_O15,O16,O15,14.29,53.17195325542571,68.6099445365945
p_O16_x_O15,O16,O15,14.29,53.41402337228715,68.4648087894902
p_O16_x_O15,O16,O15,14.29,53.65609348914858,68.34230538829081
p_O16_x_O15,O16,O15,14.29,53.898163606010016,68.23139852095564
p_O16_x_O15,O16,O15,14.29,54.14023372287145,68.12382069777816
p_O16_x_O15,O16,O15,14.29,54.38230383973289,68.01632080656188
p_O16_x_O15,O16,O15,14.29,54.624373956594326,67.90756581138496
p_O16_x_O15,O16,O15,14.29,54.86644407345576,67.81323785978387
p_O16_x_O15,O16,O15,14.29,55.108514190317194,67.72276562575001
p_O16_x_O15,O16,O15,14.29,55.35058430717863,67.63074691479662
p_O16_x_O15,O16,O15,14.29,55.59265442404007,67.55142179360456
p_O16_x_O15,O16,O15,14.29,55.834724540901504,67.47425098519611
p_O16_x_O15,O16,O15,14.29,56.07679465776294,67.3880441832132
p_O16_x_O15,O16,O15,14.29,56.31886477462437,67.29502649002292
p_O16_x_O15,O16,O15,14.29,56.56093489148581,67.22125258166781
p_O16_x_O15,O16,O15,14.29,56.80300500834725,67.15519777236962
p_O16_x_O15,O16,O15,14.29,57.04507512520868,67.0924226358328
p_O16_x_O15,O16,O15,14.29,57.28714524207012,67.04042636812855
p_O16_x_O15,O16,O15,14.29,57.52921535893155,66.98032001142198
p_O16_x_O15,O16,O15,14.29,57.771285475792986,66.931171820093
p_O16_x_O15,O16,O15,14.29,58.01335559265443,66.87725125296771
p_O16_x_O15,O16,O15,14.29,58.25542570951586,66.83933111011277
p_O16_x_O15,O16,O15,14.29,58.497495826377296,66.7868731382538
p_O16_x_O15,O16,O15,14.29,58.73956594323873,66.74150632603241
p_O16_x_O15,O16,O15,14.29,58.981636060100165,66.68704608973002
p_O16_x_O15,O16,O15,14.29,59.223706176961606,66.6409036517777
p_O16_x_O15,O16,O15,14.29,59.46577629382304,66.61104631270443
p_O16_x_O15,O16,O15,14.29,59.707846410684475,66.54702938621375
p_O16_x_O15,O16,O15,14.29,59.94991652754591,66.5063616288453
p_O16_x_O15,O16,O15,14.29,60.19198664440734,66.49308095693631
p_O16_x_O15,O16,O15,14.29,60.434056761268785,66.4349378593069
p_O16_x_O15,O16,O15,14.29,60.67612687813022,66.39984279003693
p_O16_x_O15,O16,O15,14.29,60.91819699499165,66.35937188515516
p_O16_x_O15,O16,O15,14.29,61.16026711185309,66.3353913808799
p_O16_x_O15,O16,O15,14.29,61.40233722871452,66.29288465536013
p_O16_x_O15,O16,O15,14.29,61.64440734557597,66.27156773201872
p_O16_x_O15,O16,O15,14.29,61.8864774624374,66.27167611784293
p_O16_x_O15,O16,O15,14.29,62.12854757929883,66.23845340446333
p_O16_x_O15,O16,O15,14.29,62.37061769616027,66.20251728025221
p_O16_x_O15,O16,O15,14.29,62.6126878130217,66.17635752606586
p_O16_x_O15,O16,O15,14.29,62.85475792988314,66.13270252079025
p_O16_x_O15,O16,O15,14.29,63.09682804674458,66.1060442657145
p_O16_x_O15,O16,O15,14.29,63.33889816360601,66.08404394388961
p_O16_x_O15,O16,O15,14.29,63.580968280467445,66.05601313320541
p_O16_x_O15,O16,O15,14.29,63.82303839732888,66.02411358155996
p_O16_x_O15,O16,O15,14.29,64.06510851419031,66.01458129465287
p_O16_x_O15,O16,O15,14.29,64.30717863105176,65.99614399148429
p_O16_x_O15,O16,O15,14.29,64.5492487479132,65.9635119832377
p_O16_x_O15,O16,O15,14.29,64.79131886477462,65.94871321984506
p_O16_x_O15,O16,O15,14.29,65.03338898163605,65.92596534311284
p_O16_x_O15,O16,O15,14.29,65.27545909849749,65.9218928736095
p_O16_x_O15,O16,O15,14.29,65.51752921535893,65.9099551275931
p_O16_x_O15,O16,O15,14.29,65.75959933222038,65.892455800293
p_O16_x_O15,O16,O15,14.29,66.0016694490818,65.8821650358326
p_O16_x_O15,O16,O15,14.29,66.24373956594323,65.85734127581034
p_O16_x_O15,O16,O15,14.29,66.48580968280467,65.83932359682669
p_O16_x_O15,O16,O15,14.29,66.72787979966611,65.82642009746594
p_O16_x_O15,O16,O15,14.29,66.96994991652755,65.84078745569195
p_O16_x_O15,O16,O15,14.29,67.21202003338898,65.81888504808023
p_O16_x_O15,O16,O15,14.29,67.45409015025041,65.80369010669187
p_O16_x_O15,O16,O15,14.29,67.69616026711185,65.78729636152357
p_O16_x_O15,O16,O15,14.29,67.93823038397329,65.76425347495683
p_O16_x_O15,O16,O15,14.29,68.18030050083473,65.72665438623605
p_O16_x_O15,O16,O15,14.29,68.42237061769616,65.692155349535
p_O16_x_O15,O16,O15,14.29,68.66444073455759,65.66386815900458
p_O16_x_O15,O16,O15,14.29,68.90651085141903,65.63757688853016
p_O16_x_O15,O16,O15,14.29,69.14858096828047,65.6213678371543
p_O16_x_O15,O16,O15,14.29,69.3906510851419,65.60421282663665
p_O16_x_O15,O16,O15,14.29,69.63272120200334,65.58464348607095
p_O16_x_O15,O16,O15,14.29,69.87479131886478,65.56428096024797
p_O16_x_O15,O16,O15,14.29,70.11686143572621,65.52633849572553
p_O16_x_O15,O16,O15,14.29,70.35893155258765,65.4776763130613
p_O16_x_O15,O16,O15,14.29,70.60100166944908,65.42531791604725
p_O16_x_O15,O16,O15,14.29,70.84307178631052,65.39006341833783
p_O16_x_O15,O16,O15,14.29,71.08514190317196,65.33968761367743
p_O16_x_O15,O16,O15,14.29,71.32721202003339,65.317693362227
p_O16_x_O15,O16,O15,14.29,71.56928213689483,65.26115340731153
p_O16_x_O15,O16,O15,14.29,71.81135225375625,65.18726962463437
p_O16_x_O15,O16,O15,14.29,72.0534223706177,65.13626278436806
p_O16_x_O15,O16,O15,14.29,72.29549248747914,65.08350927596717
p_O16_x_O15,O16,O15,14.29,72.53756260434056,65.02279266770148
p_O16_x_O15,O16,O15,14.29,72.779632721202,64.97690247426625
p_O16_x_O15,O16,O15,14.29,73.02170283806343,64.93513020502161
p_O16_x_O15,O16,O15,14.29,73.26377295492487,64.86183633658126
p_O16_x_O15,O16,O15,14.29,73.50584307178632,64.81813710674786
p_O16_x_O15,O16,O15,14.29,73.74791318864774,64.72530334199699
p_O16_x_O15,O16,O15,14.29,73.98998330550918,64.65748208039486
p_O16_x_O15,O16,O15,14.29,74.23205342237061,64.58613279916469
p_O16_x_O15,O16,O15,14.29,74.47412353923205,64.52055847836971
p_O16_x_O15,O16,O15,14.29,74.7161936560935,64.48218693056639
p_O16_x_O15,O16,O15,14.29,74.95826377295492,64.43491677989061
p_O16_x_O15,O16,O15,14.29,75.20033388981636,64.37355725328847
p_O16_x_O15,O16,O15,14.29,75.44240400667779,64.32029405248304
p_O16_x_O15,O16,O15,14.29,75.68447412353923,64.26609514634762
p_O16_x_O15,O16,O15,14.29,75.92654424040067,64.2320159322135
p_O16_x_O15,O16,O15,14.29,76.1686143572621,64.18249181262551
p_O16_x_O15,O16,O15,14.29,76.41068447412354,64.11252190923437
p_O16_x_O15,O16,O15,14.29,76.65275459098497,64.06250296009125
p_O16_x_O15,O16,O15,14.29,76.89482470784641,64.02015951632738
p_O16_x_O15,O16,O15,14.29,77.13689482470785,63.983262428369194
p_O16_x_O15,O16,O15,14.29,77.37896494156928,63.931451434201065
p_O16_x_O15,O16,O15,14.29,77.62103505843072,63.89010042711939
p_O16_x_O15,O16,O15,14.29,77.86310517529215,63.839295053253025
p_O16_x_O15,O16,O15,14.29,78.10517529215359,63.78901435906053
p_O16_x_O15,O16,O15,14.29,78.34724540901503,63.73467577867908
p_O16_x_O15,O16,O15,14.29,78.58931552587646,63.67352160642052
p_O16_x_O15,O16,O15,14.29,78.8313856427379,63.620543224560194
p_O16_x_O15,O16,O15,14.29,79.07345575959933,63.58085603811245
p_O16_x_O15,O16,O15,14.29,79.31552587646077,63.525168599772854
p_O16_x_O15,O16,O15,14.29,79.55759599332221,63.47591477220881
p_O16_x_O15,O16,O15,14.29,79.79966611018364,63.44103293444225
p_O16_x_O15,O16,O15,14.29,80.04173622704508,63.391375378625426
p_O16_x_O15,O16,O15,14.29,80.2838063439065,63.333516296582545
p_O16_x_O15,O16,O15,14.29,80.52587646076795,63.28900089755621
p_O16_x_O15,O16,O15,14.29,80.76794657762939,63.233158847832385
p_O16_x_O15,O16,O15,14.29,81.01001669449082,63.17761025610709
p_O16_x_O15,O16,O15,14.29,81.25208681135226,63.14544906602026
p_O16_x_O15,O16,O15,14.29,81.49415692821368,63.09462712669016
p_O16_x_O15,O16,O15,14.29,81.73622704507513,63.04411429523819
p_O16_x_O15,O16,O15,14.29,81.97829716193657,62.973829201376326
p_O16_x_O15,O16,O15,14.29,82.220367278798,62.90387052626206
p_O16_x_O15,O16,O15,14.29,82.46243739565944,62.83389976876791
p_O16_x_O15,O16,O15,14.29,82.70450751252086,62.771492689041104
p_O16_x_O15,O16,O15,14.29,82.9465776293823,62.709142757662136
p_O16_x_O15,O16,O15,14.29,83.18864774624375,62.65305871449672
p_O16_x_O15,O16,O15,14.29,83.43071786310517,62.571001718175
p_O16_x_O15,O16,O15,14.29,83.67278797996661,62.482622832136144
p_O16_x_O15,O16,O15,14.29,83.91485809682804,62.41207380316112
p_O16_x_O15,O16,O15,14.29,84.15692821368948,62.35069186767154
p_O16_x_O15,O16,O15,14.29,84.39899833055092,62.25100032409499
p_O16_x_O15,O16,O15,14.29,84.64106844741235,62.17531685792545
p_O16_x_O15,O16,O15,14.29,84.88313856427379,62.0692364768618
p_O16_x_O15,O16,O15,14.29,85.12520868113522,61.96251306261547
p_O16_x_O15,O16,O15,14.29,85.36727879799666,61.861466272752935
p_O16_x_O15,O16,O15,14.29,85.6093489148581,61.763066759810016
p_O16_x_O15,O16,O15,14.29,85.85141903171953,61.6517241052922
p_O16_x_O15,O16,O15,14.29,86.09348914858097,61.53108420285538
p_O16_x_O15,O16,O15,14.29,86.3355592654424,61.42446316998485
p_O16_x_O15,O16,O15,14.29,86.57762938230384,61.32044757910436
p_O16_x_O15,O16,O15,14.29,86.81969949916528,61.19412851420089
p_O16_x_O15,O16,O15,14.29,87.06176961602671,61.062576140154746
p_O16_x_O15,O16,O15,14.29,87.30383973288815,60.96699214943436
p_O16_x_O15,O16,O15,14.29,87.54590984974958,60.851504549667546
p_O16_x_O15,O16,O15,14.29,87.78797996661102,60.7213664880065
p_O16_x_O15,O16,O15,14.29,88.03005008347246,60.595268611010326
p_O16_x_O15,O16,O15,14.29,88.27212020033389,60.47048354558548
p_O16_x_O15,O16,O15,14.29,88.51419031719533,60.332726997328145
p_O16_x_O15,O16,O15,14.29,88.75626043405676,60.21136228904446
p_O16_x_O15,O16,O15,14.29,88.9983305509182,60.06914496379173
p_O16_x_O15,O16,O15,14.29,89.24040066777964,59.920551223753975
p_O16_x_O15,O16,O15,14.29,89.48247078464107,59.78198661510738
p_O16_x_O15,O16,O15,14.29,89.72454090150251,59.657166345784255
p_O16_x_O15,O16,O15,14.29,89.96661101836393,59.51078870673773
p_O16_x_O15,O16,O15,14.29,90.20868113522538,59.357712353924185
p_O16_x_O15,O16,O15,14.29,90.45075125208682,59.21233081643601
p_O16_x_O15,O16,O15,14.29,90.69282136894824,59.07224159944147
p_O16_x_O15,O16,O15,14.29,90.93489148580969,58.91425885657295
p_O16_x_O15,O16,O15,14.29,91.17696160267111,58.75315561104924
p_O16_x_O15,O16,O15,14.29,91.41903171953255,58.600168075877306
p_O16_x_O15,O16,O15,14.29,91.661101836394,58.444916086269345
p_O16_x_O15,O16,O15,14.29,91.90317195325542,58.2928408469072
p_O16_x_O15,O16,O15,14.29,92.14524207011686,58.1562061799116
p_O16_x_O15,O16,O15,14.29,92.38731218697828,58.01680737645253
p_O16_x_O15,O16,O15,14.29,92.62938230383972,57.865101090115445
p_O16_x_O15,O16,O15,14.29,92.87145242070116,57.7156624744424
p_O16_x_O15,O16,O15,14.29,93.1135225375626,57.56746464498866
p_O16_x_O15,O16,O15,14.29,93.35559265442404,57.43164302388652
p_O16_x_O15,O16,O15,14.29,93.59766277128548,57.27003227825243
p_O16_x_O15,O16,O15,14.29,93.83973288814693,57.124058075280885
p_O16_x_O15,O16,O15,14.29,94.08180300500835,56.998282115058856
p_O16_x_O15,O16,O15,14.29,94.32387312186978,56.856107493455255
p_O16_x_O15,O16,O15,14.29,94.56594323873122,56.7201684121912
p_O16_x_O15,O16,O15,14.29,94.80801335559264,56.58214161827448
p_O16_x_O15,O16,O15,14.29,95.05008347245408,56.43753752323951
p_O16_x_O15,O16,O15,14.29,95.29215358931552,56.295083297695555
p_O16_x_O15,O16,O15,14.29,95.53422370617696,56.17994654278552
p_O16_x_O15,O16,O15,14.29,95.7762938230384,56.05200356438945
p_O16_x_O15,O16,O15,14.29,96.01836393989984,55.943178888138696
p_O16_x_O15,O16,O15,14.29,96.26043405676128,55.808065581497566
p_O16_x_O15,O16,O15,14.29,96.50250417362273,55.684989104282224
p_O16_x_O15,O16,O15,14.29,96.74457429048414,55.55784263209074
p_O16_x_O15,O16,O15,14.29,96.98664440734558,55.45331701292483
p_O16_x_O15,O16,O15,14.29,97.228714524207,55.35296956116127
p_O16_x_O15,O16,O15,14.29,97.47078464106843,55.24005348085834
p_O16_x_O15,O16,O15,14.29,97.71285475792988,55.134915125345394
p_O16_x_O15,O16,O15,14.29,97.95492487479132,55.03009135447348
p_O16_x_O15,O16,O15,14.29,98.19699499165276,54.94059909752818
p_O16_x_O15,O16,O15,14.29,98.4390651085142,54.85038630188931
p_O16_x_O15,O16,O15,14.29,98.68113522537564,54.75869357742248
p_O16_x_O15,O16,O15,14.29,98.92320534223708,54.66574117839123
p_O16_x_O15,O16,O15,14.29,99.1652754590985,54.5492300666445
p_O16_x_O15,O16,O15,14.29,99.40734557595994,54.44926268179253
p_O16_x_O15,O16,O15,14.29,99.64941569282136,54.36396613627244
p_O16_x_O15,O16,O15,14.29,99.8914858096828,54.26973407512343
p_O16_x_O15,O16,O15,14.29,100.13355592654425,54.18385768504331
p_O16_x_O15,O16,O15,14.29,100.37562604340567,54.0784409489802
p_O16_x_O15,O16,O15,14.29,100.61769616026712,53.98817542133415
p_O16_x_O15,O16,O15,14.29,100.85976627712854,53.8983675930135
p_O16_x_O15,O16,O15,14.29,101.10183639398998,53.8152072588343
p_O16_x_O15,O16,O15,14.29,101.34390651085144,53.73508587234991
p_O16_x_O15,O16,O15,14.29,101.58597662771284,53.666465343552886
p_O16_x_O15,O16,O15,14.29,101.8280467445743,53.591684366138985
p_O16_x_O15,O16,O15,14.29,102.07011686143572,53.52304926244051
p_O16_x_O15,O16,O15,14.29,102.31218697829716,53.455805559735445
p_O16_x_O15,O16,O15,14.29,102.5542570951586,53.37401328248731
p_O16_x_O15,O16,O15,14.29,102.79632721202005,53.30647780235573
p_O16_x_O15,O16,O15,14.29,103.03839732888147,53.23706532815613
p_O16_x_O15,O16,O15,14.29,103.2804674457429,53.16147311122263
p_O16_x_O15,O16,O15,14.29,103.52253756260434,53.11282799736048
p_O16_x_O15,O16,O15,14.29,103.76460767946578,53.041062662663784
p_O16_x_O15,O16,O15,14.29,104.0066777963272,52.96329569908275
p_O16_x_O15,O16,O15,14.29,104.24874791318864,52.90379194127812
p_O16_x_O15,O16,O15,14.29,104.49081803005008,52.84293074489426
p_O16_x_O15,O16,O15,14.29,104.73288814691152,52.77793592718823
p_O16_x_O15,O16,O15,14.29,104.97495826377296,52.723792163251446
p_O16_x_O15,O16,O15,14.29,105.2170283806344,52.67281519775272
p_O16_x_O15,O16,O15,14.29,105.45909849749584,52.61060063373267
p_O16_x_O15,O16,O15,14.29,105.70116861435726,52.5542468308652
p_O16_x_O15,O16,O15,14.29,105.9432387312187,52.49016736823895
p_O16_x_O15,O16,O15,14.29,106.18530884808014,52.433105436020504
p_O16_x_O15,O16,O15,14.29,106.42737896494155,52.36838525999414
p_O16_x_O15,O16,O15,14.29,106.669449081803,52.31062418752583
p_O16_x_O15,O16,O15,14.29,106.91151919866444,52.24750761274608
p_O16_x_O15,O16,O15,14.29,107.15358931552588,52.19649185580217
p_O16_x_O15,O16,O15,14.29,107.39565943238732,52.14372841653669
p_O16_x_O15,O16,O15,14.29,107.63772954924876,52.09202166756431
p_O16_x_O15,O16,O15,14.29,107.8797996661102,52.04012119806104
p_O16_x_O15,O16,O15,14.29,108.1218697829716,51.994503735738846
p_O16_x_O15,O16,O15,14.29,108.36393989983306,51.937058230388274
p_O16_x_O15,O16,O15,14.29,108.6060100166945,51.88722834720467
p_O16_x_O15,O16,O15,14.29,108.84808013355592,51.8381045815543
p_O16_x_O15,O16,O15,14.29,109.09015025041737,51.78383060585084
p_O16_x_O15,O16,O15,14.29,109.3322203672788,51.72937481572227
p_O16_x_O15,O16,O15,14.29,109.57429048414023,51.676303986662866
p_O16_x_O15,O16,O15,14.29,109.81636060100168,51.62572249128348
p_O16_x_O15,O16,O15,14.29,110.0584307178631,51.572171922070304
p_O16_x_O15,O16,O15,14.29,110.30050083472456,51.51546738812395
p_O16_x_O15,O16,O15,14.29,110.54257095158596,51.45824864877295
p_O16_x_O15,O16,O15,14.29,110.7846410684474,51.409113752071065
p_O16_x_O15,O16,O15,14.29,111.02671118530886,51.35359144983238
p_O16_x_O15,O16,O15,14.29,111.26878130217028,51.299001723259266
p_O16_x_O15,O16,O15,14.29,111.51085141903172,51.246127524069905
p_O16_x_O15,O16,O15,14.29,111.75292153589317,51.18702479564331
p_O16_x_O15,O16,O15,14.29,111.9949916527546,51.13639771131609
p_O16_x_O15,O16,O15,14.29,112.23706176961603,51.09269778907206
p_O16_x_O15,O16,O15,14.29,112.47913188647746,51.03368830668428
p_O16_x_O15,O16,O15,14.29,112.7212020033389,50.98581171925968
p_O16_x_O15,O16,O15,14.29,112.96327212020032,50.91562174943087
p_O16_x_O15,O16,O15,14.29,113.20534223706176,50.860229557046736
p_O16_x_O15,O16,O15,14.29,113.4474123539232,50.80120899758742
p_O16_x_O15,O16,O15,14.29,113.68948247078464,50.74490835429323
p_O16_x_O15,O16,O15,14.29,113.93155258764608,50.688804258898465
p_O16_x_O15,O16,O15,14.29,114.17362270450752,50.61883588597021
p_O16_x_O15,O16,O15,14.29,114.41569282136896,50.55638805182679
p_O16_x_O15,O16,O15,14.29,114.6577629382304,50.50198179024928
p_O16_x_O15,O16,O15,14.29,114.89983305509182,50.440750586347946
p_O16_x_O15,O16,O15,14.29,115.14190317195326,50.37895062076445
p_O16_x_O15,O16,O15,14.29,115.38397328881469,50.32148607006822
p_O16_x_O15,O16,O15,14.29,115.62604340567611,50.259035704585926
p_O16_x_O15,O16,O15,14.29,115.86811352253756,50.20079250910184
p_O16_x_O15,O16,O15,14.29,116.110183639399,50.1478554699913
p_O16_x_O15,O16,O15,14.29,116.35225375626044,50.098796738279155
p_O16_x_O15,O16,O15,14.29,116.59432387312188,50.040971430100456
p_O16_x_O15,O16,O15,14.29,116.8363939899833,49.981915532137144
p_O16_x_O15,O16,O15,14.29,117.07846410684476,49.922347526218054
p_O16_x_O15,O16,O15,14.29,117.32053422370618,49.86059673664703
p_O16_x_O15,O16,O15,14.29,117.56260434056762,49.80207944923461
p_O16_x_O15,O16,O15,14.29,117.80467445742904,49.74845875769787
p_O16_x_O15,O16,O15,14.29,118.04674457429049,49.69475501510483
p_O16_x_O15,O16,O15,14.29,118.28881469115191,49.642589630014825
p_O16_x_O15,O16,O15,14.29,118.53088480801335,49.580590809714266
p_O16_x_O15,O16,O15,14.29,118.7729549248748,49.51335796560725
p_O16_x_O15,O16,O15,14.29,119.01502504173622,49.45431346768582
p_O16_x_O15,O16,O15,14.29,119.25709515859766,49.38419843265381
p_O16_x_O15,O16,O15,14.29,119.4991652754591,49.311886899507144
p_O16_x_O15,O16,O15,14.29,119.74123539232052,49.246944315515435
p_O16_x_O15,O16,O15,14.29,119.98330550918196,49.18546058609934
p_O16_x_O15,O16,O15,14.29,120.2253756260434,49.12418543722676
p_O16_x_O15,O16,O15,14.29,120.46744574290484,49.06717815074113
p_O16_x_O15,O16,O15,14.29,120.70951585976628,49.00211633320773
p_O16_x_O15,O16,O15,14.29,120.95158597662773,48.93961447466545
p_O16_x_O15,O16,O15,14.29,121.19365609348915,48.8784044824448
p_O16_x_O15,O16,O15,14.29,121.43572621035058,48.81134912759502
p_O16_x_O15,O16,O15,14.29,121.67779632721202,48.74333400920714
p_O16_x_O15,O16,O15,14.29,121.91986644407346,48.67775261870605
p_O16_x_O15,O16,O15,14.29,122.16193656093488,48.613625908580175
p_O16_x_O15,O16,O15,14.29,122.40400667779632,48.545467311891144
p_O16_x_O15,O16,O15,14.29,122.64607679465776,48.479823301422726
p_O16_x_O15,O16,O15,14.29,122.8881469115192,48.414595893857154
p_O16_x_O15,O16,O15,14.29,123.13021702838064,48.34611352637339
p_O16_x_O15,O16,O15,14.29,123.37228714524208,48.276254366579565
p_O16_x_O15,O16,O15,14.29,123.61435726210352,48.2007788697415
p_O16_x_O15,O16,O15,14.29,123.85642737896494,48.13814361272067
p_O16_x_O15,O16,O15,14.29,124.09849749582638,48.07728308387895
p_O16_x_O15,O16,O15,14.29,124.34056761268782,48.00641267809729
p_O16_x_O15,O16,O15,14.29,124.58263772954923,47.93770635905487
p_O16_x_O15,O16,O15,14.29,124.82470784641067,47.87618114766998
p_O16_x_O15,O16,O15,14.29,125.06677796327212,47.81472299053996
p_O16_x_O15,O16,O15,14.29,125.30884808013356,47.75262293592364
p_O16_x_O15,O16,O15,14.29,125.550918196995,47.692236590040594
p_O16_x_O15,O16,O15,14.29,125.79298831385644,47.62114456382061
p_O16_x_O15,O16,O15,14.29,126.03505843071788,47.55710667461176
p_O16_x_O15,O16,O15,14.29,126.2771285475793,47.48967901438457
p_O16_x_O15,O16,O15,14.29,126.51919866444074,47.42118532622644
p_O16_x_O15,O16,O15,14.29,126.76126878130218,47.359369247662315
p_O16_x_O15,O16,O15,14.29,127.0033388981636,47.28787947766027
p_O16_x_O15,O16,O15,14.29,127.24540901502505,47.22421641322116
p_O16_x_O15,O16,O15,14.29,127.48747913188647,47.165258454275666
p_O16_x_O15,O16,O15,14.29,127.72954924874792,47.10451428758597
p_O16_x_O15,O16,O15,14.29,127.97161936560936,47.03855219122061
p_O16_x_O15,O16,O15,14.29,128.21368948247078,46.97585762266507
p_O16_x_O15,O16,O15,14.29,128.45575959933225,46.90994014931724
p_O16_x_O15,O16,O15,14.29,128.69782971619367,46.84537911743727
p_O16_x_O15,O16,O15,14.29,128.9398998330551,46.78258322967929
p_O16_x_O15,O16,O15,14.29,129.18196994991655,46.72186592630602
p_O16_x_O15,O16,O15,14.29,129.42404006677796,46.66281588613302
p_O16_x_O15,O16,O15,14.29,129.6661101836394,46.59646207177221
p_O16_x_O15,O16,O15,14.29,129.90818030050082,46.52657141566723
p_O16_x_O15,O16,O15,14.29,130.15025041736226,46.461122253793185
p_O16_x_O15,O16,O15,14.29,130.3923205342237,46.39551037312468
p_O16_x_O15,O16,O15,14.29,130.63439065108514,46.33103061461895
p_O16_x_O15,O16,O15,14.29,130.87646076794658,46.267884311964025
p_O16_x_O15,O16,O15,14.29,131.11853088480802,46.20933832080284
p_O16_x_O15,O16,O15,14.29,131.3606010016695,46.15138608792845
p_O16_x_O15,O16,O15,14.29,131.6026711185309,46.09266654466747
p_O16_x_O15,O16,O15,14.29,131.84474123539232,46.037948125330146
p_O16_x_O15,O16,O15,14.29,132.08681135225376,45.98017635298472
p_O16_x_O15,O16,O15,14.29,132.32888146911515,45.916856465487925
p_O16_x_O15,O16,O15,14.29,132.57095158597662,45.85675307479925
p_O16_x_O15,O16,O15,14.29,132.81302170283806,45.78724369649193
p_O16_x_O15,O16,O15,14.29,133.0550918196995,45.72801170636974
p_O16_x_O15,O16,O15,14.29,133.29716193656094,45.667732531700146
p_O16_x_O15,O16,O15,14.29,133.53923205342238,45.60957101194395
p_O16_x_O15,O16,O15,14.29,133.7813021702838,45.547148575532674
p_O16_x_O15,O16,O15,14.29,134.02337228714524,45.48510389520534
p_O16_x_O15,O16,O15,14.29,134.26544240400668,45.419310096359254
p_O16_x_O15,O16,O15,14.29,134.50751252086812,45.353700898319545
p_O16_x_O15,O16,O15,14.29,134.74958263772956,45.29731730121797
p_O16_x_O15,O16,O15,14.29,134.99165275459097,45.22530944465851
p_O16_x_O15,O16,O15,14.29,135.2337228714524,45.163541253482805
p_O16_x_O15,O16,O15,14.29,135.47579298831386,45.09985339460851
p_O16_x_O15,O16,O15,14.29,135.7178631051753,45.03364354475029
p_O16_x_O15,O16,O15,14.29,135.95993322203674,44.97023841009921
p_O16_x_O15,O16,O15,14.29,136.20200333889815,44.91404009680756
p_O16_x_O15,O16,O15,14.29,136.4440734557596,44.852635633306704
p_O16_x_O15,O16,O15,14.29,136.68614357262103,44.78893891104456
p_O16_x_O15,O16,O15,14.29,136.92821368948248,44.72910645335287
p_O16_x_O15,O16,O15,14.29,137.17028380634392,44.6697288102058
p_O16_x_O15,O16,O15,14.29,137.41235392320533,44.60879893049927
p_O16_x_O15,O16,O15,14.29,137.65442404006677,44.545648455092305
p_O16_x_O15,O16,O15,14.29,137.8964941569282,44.482888242155894
p_O16_x_O15,O16,O15,14.29,138.13856427378963,44.42536917178157
p_O16_x_O15,O16,O15,14.29,138.3806343906511,44.37794167144637
p_O16_x_O15,O16,O15,14.29,138.6227045075125,44.33304509278436
p_O16_x_O15,O16,O15,14.29,138.86477462437395,44.28198401718359
p_O16_x_O15,O16,O15,14.29,139.1068447412354,44.22747634108351
p_O16_x_O15,O16,O15,14.29,139.34891485809683,44.17836744246208
p_O16_x_O15,O16,O15,14.29,139.59098497495827,44.124530405489864
p_O16_x_O15,O16,O15,14.29,139.8330550918197,44.061214026391355
p_O16_x_O15,O16,O15,14.29,140.07512520868113,43.99984084625397
p_O16_x_O15,O16,O15,14.29,140.31719532554257,43.94527798100458
p_O16_x_O15,O16,O15,14.29,140.559265442404,43.89847856140442
p_O16_x_O15,O16,O15,14.29,140.80133555926545,43.83807268537295
p_O16_x_O15,O16,O15,14.29,141.04340567612687,43.78104243715999
p_O16_x_O15,O16,O15,14.29,141.2854757929883,43.731247187563454
p_O16_x_O15,O16,O15,14.29,141.52754590984975,43.68862434630469
p_O16_x_O15,O16,O15,14.29,141.7696160267112,43.6445273824402
p_O16_x_O15,O16,O15,14.29,142.01168614357263,43.60357462676173
p_O16_x_O15,O16,O15,14.29,142.25375626043405,43.54177657741648
p_O16_x_O15,O16,O15,14.29,142.4958263772955,43.50056845979228
p_O16_x_O15,O16,O15,14.29,142.73789649415693,43.447864298733066
p_O16_x_O15,O16,O15,14.29,142.97996661101837,43.395878718522354
p_O16_x_O15,O16,O15,14.29,143.2220367278798,43.355542720884785
p_O16_x_O15,O16,O15,14.29,143.46410684474122,43.29435551483523
p_O16_x_O15,O16,O15,14.29,143.7061769616027,43.24105754963
p_O16_x_O15,O16,O15,14.29,143.9482470784641,43.19215743542462
p_O16_x_O15,O16,O15,14.29,144.19031719532555,43.147311002484734
p_O16_x_O15,O16,O15,14.29,144.432387312187,43.08863149257676
p_O16_x_O15,O16,O15,14.29,144.6744574290484,43.03754389124797
p_O16_x_O15,O16,O15,14.29,144.91652754590984,42.99362643073477
p_O16_x_O15,O16,O15,14.29,145.15859766277129,42.94474681620706
p_O16_x_O15,O16,O15,14.29,145.40066777963273,42.89988306857646
p_O16_x_O15,O16,O15,14.29,145.64273789649417,42.84520045147637
p_O16_x_O15,O16,O15,14.29,145.88480801335558,42.799646367059296
p_O16_x_O15,O16,O15,14.29,146.12687813021702,42.76053599845014
p_O16_x_O15,O16,O15,14.29,146.36894824707846,42.72538297205346
p_O16_x_O15,O16,O15,14.29,146.6110183639399,42.67271076734382
p_O16_x_O15,O16,O15,14.29,146.85308848080135,42.62035059374067
p_O16_x_O15,O16,O15,14.29,147.09515859766276,42.57318461653897
p_O16_x_O15,O16,O15,14.29,147.3372287145242,42.523467641975515
p_O16_x_O15,O16,O15,14.29,147.57929883138564,42.475581654196695
p_O16_x_O15,O16,O15,14.29,147.82136894824708,42.45409813193439
p_O16_x_O15,O16,O15,14.29,148.06343906510853,42.42491237856444
p_O16_x_O15,O16,O15,14.29,148.30550918196994,42.3961732145744
p_O16_x_O15,O16,O15,14.29,148.54757929883138,42.34973660354635
p_O16_x_O15,O16,O15,14.29,148.78964941569282,42.31287167448952
p_O16_x_O15,O16,O15,14.29,149.03171953255426,42.28150458121776
p_O16_x_O15,O16,O15,14.29,149.2737896494157,42.238805160496405
p_O16_x_O15,O16,O15,14.29,149.51585976627712,42.20622848963683
p_O16_x_O15,O16,O15,14.29,149.75792988313856,42.16910012236852
p_O16_x_O15,O16,O15,14.29,150.0,42.1121856267136
p_O16_x_C11,O16,C11,25.17,5.0,0.0
p_O16_x_C11,O16,C11,25.17,5.242070116861436,0.0
p_O16_x_C11,O16,C11,25.17,5.484140233722871,0.0
p_O16_x_C11,O16,C11,25.17,5.726210350584307,0.0
p_O16_x_C11,O16,C11,25.17,5.968280467445743,0.0
p_O16_x_C11,O16,C11,25.17,6.210350584307179,0.0
p_O16_x_C11,O16,C11,25.17,6.452420701168615,0.0
p_O16_x_C11,O16,C11,25.17,6.69449081803005,0.0
p_O16_x_C11,O16,C11,25.17,6.936560934891486,0.0
p_O16_x_C11,O16,C11,25.17,7.178631051752921,0.0
p_O16_x_C11,O16,C11,25.17,7.420701168614357,0.0
p_O16_x_C11,O16,C11,25.17,7.6627712854757934,0.0
p_O16_x_C11,O16,C11,25.17,7.904841402337229,0.0
p_O16_x_C11,O16,C11,25.17,8.146911519198664,0.0
p_O16_x_C11,O16,C11,25.17,8.3889816360601,0.0
p_O16_x_C11,O16,C11,25.17,8.631051752921536,0.0
p_O16_x_C11,O16,C11,25.17,8.873121869782972,0.0
p_O16_x_C11,O16,C11,25.17,9.115191986644408,0.0
p_O16_x_C11,O16,C11,25.17,9.357262103505844,0.0
p_O16_x_C11,O16,C11,25.17,9.59933222036728,0.0
p_O16_x_C11,O16,C11,25.17,9.841402337228716,0.0
p_O16_x_C11,O16,C11,25.17,10.083472454090147,0.0
p_O16_x_C11,O16,C11,25.17,10.325542570951589,0.0
p_O16_x_C11,O16,C11,25.17,10.56761268781302,0.0
p_O16_x_C11,O16,C11,25.17,10.809682804674456,0.0
p_O16_x_C11,O16,C11,25.17,11.051752921535892,0.0
p_O16_x_C11,O16,C11,25.17,11.293823038397328,0.0
p_O16_x_C11,O16,C11,25.17,11.535893155258766,0.0
p_O16_x_C11,O16,C11,25.17,11.7779632721202,0.0
p_O16_x_C11,O16,C11,25.17,12.020033388981636,0.0
p_O16_x_C11,O16,C11,25.17,12.262103505843072,0.0
p_O16_x_C11,O16,C11,25.17,12.504173622704506,0.0
p_O16_x_C11,O16,C11,25.17,12.746243739565944,0.0
p_O16_x_C11,O16,C11,25.17,12.98831385642738,0.0
p_O16_x_C11,O16,C11,25.17,13.230383973288816,0.0
p_O16_x_C11,O16,C11,25.17,13.47245409015025,0.0
p_O16_x_C11,O16,C11,25.17,13.714524207011689,0.0
p_O16_x_C11,O16,C11,25.17,13.95659432387312,0.0
p_O16_x_C11,O16,C11,25.17,14.198664440734555,0.0
p_O16_x_C11,O16,C11,25.17,14.440734557595992,0.0
p_O16_x_C11,O16,C11,25.17,14.68280467445743,0.0
p_O16_x_C11,O16,C11,25.17,14.924874791318866,0.0
p_O16_x_C11,O16,C11,25.17,15.1669449081803,0.0
p_O16_x_C11,O16,C11,25.17,15.409015025041736,0.0
p_O16_x_C11,O16,C11,25.17,15.651085141903172,0.0
p_O16_x_C11,O16,C11,25.17,15.893155258764608,0.0
p_O16_x_C11,O16,C11,25.17,16.135225375626042,0.0
p_O16_x_C11,O16,C11,25.17,16.377295492487477,0.0
p_O16_x_C11,O16,C11,25.17,16.619365609348915,0.0
p_O16_x_C11,O16,C11,25.17,16.861435726210352,0.0
p_O16_x_C11,O16,C11,25.17,17.103505843071787,0.0
p_O16_x_C11,O16,C11,25.17,17.34557595993322,0.0
p_O16_x_C11,O16,C11,25.17,17.587646076794655,0.0
p_O16_x_C11,O16,C11,25.17,17.829716193656093,0.0
p_O16_x_C11,O16,C11,25.17,18.07178631051753,0.0
p_O16_x_C11,O16,C11,25.17,18.313856427378965,0.0
p_O16_x_C11,O16,C11,25.17,18.5559265442404,0.0
p_O16_x_C11,O16,C11,25.17,18.79799666110183,0.0
p_O16_x_C11,O16,C11,25.17,19.040066777963272,0.0
p_O16_x_C11,O16,C11,25.17,19.28213689482471,0.0
p_O16_x_C11,O16,C11,25.17,19.524207011686144,0.0
p_O16_x_C11,O16,C11,25.17,19.76627712854758,0.0
p_O16_x_C11,O16,C11,25.17,20.008347245409013,0.0
p_O16_x_C11,O16,C11,25.17,20.25041736227045,0.0
p_O16_x_C11,O16,C11,25.17,20.49248747913189,0.0
p_O16_x_C11,O16,C11,25.17,20.734557595993323,0.0
p_O16_x_C11,O16,C11,25.17,20.976627712854757,0.0
p_O16_x_C11,O16,C11,25.17,21.218697829716195,0.0
p_O16_x_C11,O16,C11,25.17,21.46076794657763,0.0
p_O16_x_C11,O16,C11,25.17,21.702838063439064,0.0
p_O16_x_C11,O16,C11,25.17,21.9449081803005,0.0
p_O16_x_C11,O16,C11,25.17,22.186978297161936,0.0
p_O16_x_C11,O16,C11,25.17,22.429048414023377,0.0
p_O16_x_C11,O16,C11,25.17,22.671118530884808,0.0
p_O16_x_C11,O16,C11,25.17,22.91318864774624,0.0
p_O16_x_C11,O16,C11,25.17,23.15525876460768,0.0
p_O16_x_C11,O16,C11,25.17,23.39732888146911,0.0
p_O16_x_C11,O16,C11,25.17,23.639398998330552,0.0
p_O16_x_C11,O16,C11,25.17,23.881469115191987,0.0
p_O16_x_C11,O16,C11,25.17,24.12353923205342,0.0
p_O16_x_C11,O16,C11,25.17,24.36560934891486,0.0
p_O16_x_C11,O16,C11,25.17,24.607679465776293,0.0
p_O16_x_C11,O16,C11,25.17,24.84974958263773,0.0
p_O16_x_C11,O16,C11,25.17,25.091819699499165,0.0
p_O16_x_C11,O16,C11,25.17,25.3338898163606,0.4636589736056972
p_O16_x_C11,O16,C11,25.17,25.57595993322204,0.8559437119423551
p_O16_x_C11,O16,C11,25.17,25.818030050083472,1.1973146808902408
p_O16_x_C11,O16,C11,25.17,26.06010016694491,1.5095183844842246
p_O16_x_C11,O16,C11,25.17,26.302170283806344,1.816147241306611
p_O16_x_C11,O16,C11,25.17,26.54424040066778,2.1249412210850487
p_O16_x_C11,O16,C11,25.17,26.786310517529216,2.4316632912120744
p_O16_x_C11,O16,C11,25.17,27.02838063439065,2.7381907558270893
p_O16_x_C11,O16,C11,25.17,27.27045075125209,3.0427154846569584
p_O16_x_C11,O16,C11,25.17,27.512520868113523,3.3453002528687836
p_O16_x_C11,O16,C11,25.17,27.754590984974957,3.6489622066339775
p_O16_x_C11,O16,C11,25.17,27.996661101836395,3.944274001482163
p_O16_x_C11,O16,C11,25.17,28.23873121869783,4.238119636496375
p_O16_x_C11,O16,C11,25.17,28.480801335559267,4.528867883559441
p_O16_x_C11,O16,C11,25.17,28.7228714524207,4.819379540927537
p_O16_x_C11,O16,C11,25.17,28.964941569282136,5.109086240199097
p_O16_x_C11,O16,C11,25.17,29.207011686143577,5.39842437491946
p_O16_x_C11,O16,C11,25.17,29.449081803005008,5.687752890394167
p_O16_x_C11,O16,C11,25.17,29.69115191986645,5.977501527688114
p_O16_x_C11,O16,C11,25.17,29.93322203672788,6.268710307474585
p_O16_x_C11,O16,C11,25.17,30.17529215358931,6.568274473766905
p_O16_x_C11,O16,C11,25.17,30.417362270450752,6.8784195969186905
p_O16_x_C11,O16,C11,25.17,30.659432387312187,7.194981978534152
p_O16_x_C11,O16,C11,25.17,30.901502504173624,7.525536324487885
p_O16_x_C11,O16,C11,25.17,31.14357262103506,7.863371826422343
p_O16_x_C11,O16,C11,25.17,31.385642737896493,8.207933765396227
p_O16_x_C11,O16,C11,25.17,31.62771285475793,8.567365701813433
p_O16_x_C11,O16,C11,25.17,31.869782971619365,8.931011984983616
p_O16_x_C11,O16,C11,25.17,32.1118530884808,9.30417734881338
p_O16_x_C11,O16,C11,25.17,32.35392320534224,9.690840559547963
p_O16_x_C11,O16,C11,25.17,32.59599332220367,10.08276344636584
p_O16_x_C11,O16,C11,25.17,32.83806343906511,10.48356794269056
p_O16_x_C11,O16,C11,25.17,33.080133555926544,10.899568044584909
p_O16_x_C11,O16,C11,25.17,33.32220367278798,11.325408689103847
p_O16_x_C11,O16,C11,25.17,33.56427378964942,11.759845441969706
p_O16_x_C11,O16,C11,25.17,33.80634390651085,12.195556224011902
p_O16_x_C11,O16,C11,25.17,34.04841402337229,12.643358020964914
p_O16_x_C11,O16,C11,25.17,34.29048414023372,13.104265522639915
p_O16_x_C11,O16,C11,25.17,34.53255425709516,13.566458784408448
p_O16_x_C11,O16,C11,25.17,34.7746243739566,14.028214481656988
p_O16_x_C11,O16,C11,25.17,35.016694490818026,14.501166312990469
p_O16_x_C11,O16,C11,25.17,35.25876460767947,14.9827135459563
p_O16_x_C11,O16,C11,25.17,35.5008347245409,15.46300151567356
p_O16_x_C11,O16,C11,25.17,35.742904841402336,15.9462193501403
p_O16_x_C11,O16,C11,25.17,35.98497495826378,16.433518800713202
p_O16_x_C11,O16,C11,25.17,36.2270450751252,16.92171317622703
p_O16_x_C11,O16,C11,25.17,36.469115191986646,17.415061084563902
p_O16_x_C11,O16,C11,25.17,36.71118530884808,17.90478391871168
p_O16_x_C11,O16,C11,25.17,36.953255425709514,18.392536397565426
p_O16_x_C11,O16,C11,25.17,37.19532554257095,18.874149936835675
p_O16_x_C11,O16,C11,25.17,37.43739565943239,19.352378201716725
p_O16_x_C11,O16,C11,25.17,37.679465776293824,19.829529549123414
p_O16_x_C11,O16,C11,25.17,37.92153589315526,20.303312508646737
p_O16_x_C11,O16,C11,25.17,38.16360601001669,20.77458120741545
p_O16_x_C11,O16,C11,25.17,38.40567612687813,21.233287235405868
p_O16_x_C11,O16,C11,25.17,38.64774624373957,21.684125189329254
p_O16_x_C11,O16,C11,25.17,38.889816360601,22.128167446471167
p_O16_x_C11,O16,C11,25.17,39.13188647746244,22.56046597441849
p_O16_x_C11,O16,C11,25.17,39.37395659432387,22.979487127295936
p_O16_x_C11,O16,C11,25.17,39.616026711185306,23.375842665451053
p_O16_x_C11,O16,C11,25.17,39.85809682804675,23.774095201412493
p_O16_x_C11,O16,C11,25.17,40.10016694490818,24.151790903102132
p_O16_x_C11,O16,C11,25.17,40.342237061769616,24.51205952510131
p_O16_x_C11,O16,C11,25.17,40.58430717863105,24.864094294913315
p_O16_x_C11,O16,C11,25.17,40.826377295492485,25.19628212901397
p_O16_x_C11,O16,C11,25.17,41.068447412353926,25.52103288498965
p_O16_x_C11,O16,C11,25.17,41.31051752921536,25.821382308655345
p_O16_x_C11,O16,C11,25.17,41.552587646076795,26.10220326652828
p_O16_x_C11,O16,C11,25.17,41.79465776293823,26.365363732669728
p_O16_x_C11,O16,C11,25.17,42.03672787979966,26.610243959326667
p_O16_x_C11,O16,C11,25.17,42.278797996661105,26.84469092526653
p_O16_x_C11,O16,C11,25.17,42.52086811352254,27.05928230828487
p_O16_x_C11,O16,C11,25.17,42.76293823038397,27.25632278709834
p_O16_x_C11,O16,C11,25.17,43.00500834724541,27.445659908912337
p_O16_x_C11,O16,C11,25.17,43.24707846410684,27.620099355079233
p_O16_x_C11,O16,C11,25.17,43.48914858096828,27.78001432513588
p_O16_x_C11,O16,C11,25.17,43.73121869782972,27.91638269171442
p_O16_x_C11,O16,C11,25.17,43.97328881469115,28.04312146002207
p_O16_x_C11,O16,C11,25.17,44.215358931552586,28.152798438877532
p_O16_x_C11,O16,C11,25.17,44.45742904841402,28.25264937600204
p_O16_x_C11,O16,C11,25.17,44.69949916527546,28.33671949347597
p_O16_x_C11,O16,C11,25.17,44.941569282136896,28.41449931090849
p_O16_x_C11,O16,C11,25.17,45.18363939899833,28.469156031006115
p_O16_x_C11,O16,C11,25.17,45.425709515859765,28.499286036598573
p_O16_x_C11,O16,C11,25.17,45.6677796327212,28.544503831436863
p_O16_x_C11,O16,C11,25.17,45.90984974958264,28.561288187677263
p_O16_x_C11,O16,C11,25.17,46.151919866444075,28.573276870316658
p_O16_x_C11,O16,C11,25.17,46.39398998330551,28.573938051796432
p_O16_x_C11,O16,C11,25.17,46.636060100166944,28.564128518363972
p_O16_x_C11,O16,C11,25.17,46.87813021702838,28.54746599310648
p_O16_x_C11,O16,C11,25.17,47.12020033388982,28.52430876102818
p_O16_x_C11,O16,C11,25.17,47.362270450751254,28.48952753823485
p_O16_x_C11,O16,C11,25.17,47.60434056761269,28.445413639047494
p_O16_x_C11,O16,C11,25.17,47.84641068447412,28.400706061760605
p_O16_x_C11,O16,C11,25.17,48.08848080133556,28.351383792883546
p_O16_x_C11,O16,C11,25.17,48.330550918197,28.29529819997836
p_O16_x_C11,O16,C11,25.17,48.57262103505843,28.22317797020635
p_O16_x_C11,O16,C11,25.17,48.81469115191987,28.14985110650057
p_O16_x_C11,O16,C11,25.17,49.0567612687813,28.08093124413694
p_O16_x_C11,O16,C11,25.17,49.298831385642735,28.007534568563177
p_O16_x_C11,O16,C11,25.17,49.54090150250418,27.929423200278485
p_O16_x_C11,O16,C11,25.17,49.78297161936561,27.848079013246668
p_O16_x_C11,O16,C11,25.17,50.025041736227045,27.771357029623324
p_O16_x_C11,O16,C11,25.17,50.26711185308848,27.680060558526748
p_O16_x_C11,O16,C11,25.17,50.509181969949914,27.588244318067424
p_O16_x_C11,O16,C11,25.17,50.751252086811355,27.507774221678645
p_O16_x_C11,O16,C11,25.17,50.99332220367279,27.411440066109808
p_O16_x_C11,O16,C11,25.17,51.235392320534224,27.31782617875566
p_O16_x_C11,O16,C11,25.17,51.47746243739566,27.21779254638149
p_O16_x_C11,O16,C11,25.17,51.71953255425709,27.127469995721277
p_O16_x_C11,O16,C11,25.17,51.961602671118534,27.036502989666545
p_O16_x_C11,O16,C11,25.17,52.20367278797997,26.939040810974763
p_O16_x_C11,O16,C11,25.17,52.4457429048414,26.84265372993186
p_O16_x_C11,O16,C11,25.17,52.68781302170284,26.753434041928372
p_O16_x_C11,O16,C11,25.17,52.92988313856427,26.658014931800153
p_O16_x_C11,O16,C11,25.17,53.17195325542571,26.558332224268874
p_O16_x_C11,O16,C11,25.17,53.41402337228715,26.45814532445765
p_O16_x_C11,O16,C11,25.17,53.65609348914858,26.35696659213317
p_O16_x_C11,O16,C11,25.17,53.898163606010016,26.25824651126304
p_O16_x_C11,O16,C11,25.17,54.14023372287145,26.15988684784726
p_O16_x_C11,O16,C11,25.17,54.38230383973289,26.052200345665725
p_O16_x_C11,O16,C11,25.17,54.624373956594326,25.954304372048185
p_O16_x_C11,O16,C11,25.17,54.86644407345576,25.854741769865377
p_O16_x_C11,O16,C11,25.17,55.108514190317194,25.750019523358972
p_O16_x_C11,O16,C11,25.17,55.35058430717863,25.64489025870737
p_O16_x_C11,O16,C11,25.17,55.59265442404007,25.541463807121175
p_O16_x_C11,O16,C11,25.17,55.834724540901504,25.437174808340217
p_O16_x_C11,O16,C11,25.17,56.07679465776294,25.340986235089883
p_O16_x_C11,O16,C11,25.17,56.31886477462437,25.239748422193667
p_O16_x_C11,O16,C11,25.17,56.56093489148581,25.137816158653255
p_O16_x_C11,O16,C11,25.17,56.80300500834725,25.04076285059939
p_O16_x_C11,O16,C11,25.17,57.04507512520868,24.93704833310509
p_O16_x_C11,O16,C11,25.17,57.28714524207012,24.832860392893036
p_O16_x_C11,O16,C11,25.17,57.52921535893155,24.72772960582713
p_O16_x_C11,O16,C11,25.17,57.771285475792986,24.6299247676513
p_O16_x_C11,O16,C11,25.17,58.01335559265443,24.5242062040926
p_O16_x_C11,O16,C11,25.17,58.25542570951586,24.423062762962775
p_O16_x_C11,O16,C11,25.17,58.497495826377296,24.32804690118637
p_O16_x_C11,O16,C11,25.17,58.73956594323873,24.22099121563894
p_O16_x_C11,O16,C11,25.17,58.981636060100165,24.13062718089958
p_O16_x_C11,O16,C11,25.17,59.223706176961606,24.037833857823863
p_O16_x_C11,O16,C11,25.17,59.46577629382304,23.93837221156004
p_O16_x_C11,O16,C11,25.17,59.707846410684475,23.837837452413684
p_O16_x_C11,O16,C11,25.17,59.94991652754591,23.743500892441222
p_O16_x_C11,O16,C11,25.17,60.19198664440734,23.65290668078958
p_O16_x_C11,O16,C11,25.17,60.434056761268785,23.560458148677945
p_O16_x_C11,O16,C11,25.17,60.67612687813022,23.465872470261253
p_O16_x_C11,O16,C11,25.17,60.91819699499165,23.375917742888255
p_O16_x_C11,O16,C11,25.17,61.16026711185309,23.284376149500247
p_O16_x_C11,O16,C11,25.17,61.40233722871452,23.19965973447065
p_O16_x_C11,O16,C11,25.17,61.64440734557597,23.118906297876578
p_O16_x_C11,O16,C11,25.17,61.8864774624374,23.04462870111348
p_O16_x_C11,O16,C11,25.17,62.12854757929883,22.962873537187996
p_O16_x_C11,O16,C11,25.17,62.37061769616027,22.88601704830699
p_O16_x_C11,O16,C11,25.17,62.6126878130217,22.80746577909151
p_O16_x_C11,O16,C11,25.17,62.85475792988314,22.721095447968573
p_O16_x_C11,O16,C11,25.17,63.09682804674458,22.657775426498624
p_O16_x_C11,O16,C11,25.17,63.33889816360601,22.58688667450536
p_O16_x_C11,O16,C11,25.17,63.580968280467445,22.51843380463967
p_O16_x_C11,O16,C11,25.17,63.82303839732888,22.4517846289029
p_O16_x_C11,O16,C11,25.17,64.06510851419031,22.39246801571033
p_O16_x_C11,O16,C11,25.17,64.30717863105176,22.321365706240424
p_O16_x_C11,O16,C11,25.17,64.5492487479132,22.262855835250416
p_O16_x_C11,O16,C11,25.17,64.79131886477462,22.212756534821153
p_O16_x_C11,O16,C11,25.17,65.03338898163605,22.15433308115761
p_O16_x_C11,O16,C11,25.17,65.27545909849749,22.102598431024724
p_O16_x_C11,O16,C11,25.17,65.51752921535893,22.04930783408112
p_O16_x_C11,O16,C11,25.17,65.75959933222038,21.994351920537877
p_O16_x_C11,O16,C11,25.17,66.0016694490818,21.945606579205585
p_O16_x_C11,O16,C11,25.17,66.24373956594323,21.90536016948092
p_O16_x_C11,O16,C11,25.17,66.48580968280467,21.85577730086046
p_O16_x_C11,O16,C11,25.17,66.72787979966611,21.807847220791032
p_O16_x_C11,O16,C11,25.17,66.96994991652755,21.77069729463655
p_O16_x_C11,O16,C11,25.17,67.21202003338898,21.73507218142113
p_O16_x_C11,O16,C11,25.17,67.45409015025041,21.70097231700959
p_O16_x_C11,O16,C11,25.17,67.69616026711185,21.668560693428553
p_O16_x_C11,O16,C11,25.17,67.93823038397329,21.638201038797657
p_O16_x_C11,O16,C11,25.17,68.18030050083473,21.59982735271349
p_O16_x_C11,O16,C11,25.17,68.42237061769616,21.568766681992567
p_O16_x_C11,O16,C11,25.17,68.66444073455759,21.545416094485603
p_O16_x_C11,O16,C11,25.17,68.90651085141903,21.521358994660964
p_O16_x_C11,O16,C11,25.17,69.14858096828047,21.496742712574655
p_O16_x_C11,O16,C11,25.17,69.3906510851419,21.46999386429291
p_O16_x_C11,O16,C11,25.17,69.63272120200334,21.44560188343945
p_O16_x_C11,O16,C11,25.17,69.87479131886478,21.4173983425445
p_O16_x_C11,O16,C11,25.17,70.11686143572621,21.387831673378063
p_O16_x_C11,O16,C11,25.17,70.35893155258765,21.362124019010796
p_O16_x_C11,O16,C11,25.17,70.60100166944908,21.342846261389713
p_O16_x_C11,O16,C11,25.17,70.84307178631052,21.31837139043487
p_O16_x_C11,O16,C11,25.17,71.08514190317196,21.289783980297983
p_O16_x_C11,O16,C11,25.17,71.32721202003339,21.263325485092633
p_O16_x_C11,O16,C11,25.17,71.56928213689483,21.23603737836563
p_O16_x_C11,O16,C11,25.17,71.81135225375625,21.2159358006608
p_O16_x_C11,O16,C11,25.17,72.0534223706177,21.172772376293807
p_O16_x_C11,O16,C11,25.17,72.29549248747914,21.156051583912863
p_O16_x_C11,O16,C11,25.17,72.53756260434056,21.123261933811612
p_O16_x_C11,O16,C11,25.17,72.779632721202,21.089669292786176
p_O16_x_C11,O16,C11,25.17,73.02170283806343,21.05781961339084
p_O16_x_C11,O16,C11,25.17,73.26377295492487,21.02802821394061
p_O16_x_C11,O16,C11,25.17,73.50584307178632,20.99710545859279
p_O16_x_C11,O16,C11,25.17,73.74791318864774,20.967156053416844
p_O16_x_C11,O16,C11,25.17,73.98998330550918,20.936036363451784
p_O16_x_C11,O16,C11,25.17,74.23205342237061,20.908817178954937
p_O16_x_C11,O16,C11,25.17,74.47412353923205,20.87425459764613
p_O16_x_C11,O16,C11,25.17,74.7161936560935,20.84199997506643
p_O16_x_C11,O16,C11,25.17,74.95826377295492,20.814518243528426
p_O16_x_C11,O16,C11,25.17,75.20033388981636,20.788906887541017
p_O16_x_C11,O16,C11,25.17,75.44240400667779,20.76174715667426
p_O16_x_C11,O16,C11,25.17,75.68447412353923,20.73341043758161
p_O16_x_C11,O16,C11,25.17,75.92654424040067,20.70779200942672
p_O16_x_C11,O16,C11,25.17,76.1686143572621,20.67749204122805
p_O16_x_C11,O16,C11,25.17,76.41068447412354,20.65297264042885
p_O16_x_C11,O16,C11,25.17,76.65275459098497,20.6267152140801
p_O16_x_C11,O16,C11,25.17,76.89482470784641,20.591661267912492
p_O16_x_C11,O16,C11,25.17,77.13689482470785,20.563623794790523
p_O16_x_C11,O16,C11,25.17,77.37896494156928,20.538327094301533
p_O16_x_C11,O16,C11,25.17,77.62103505843072,20.516032947737052
p_O16_x_C11,O16,C11,25.17,77.86310517529215,20.485168478632986
p_O16_x_C11,O16,C11,25.17,78.10517529215359,20.461985459479013
p_O16_x_C11,O16,C11,25.17,78.34724540901503,20.433491859445972
p_O16_x_C11,O16,C11,25.17,78.58931552587646,20.412499996897793
p_O16_x_C11,O16,C11,25.17,78.8313856427379,20.39486135212045
p_O16_x_C11,O16,C11,25.17,79.07345575959933,20.372384856692364
p_O16_x_C11,O16,C11,25.17,79.31552587646077,20.351853256742544
p_O16_x_C11,O16,C11,25.17,79.55759599332221,20.32540485835829
p_O16_x_C11,O16,C11,25.17,79.79966611018364,20.300930088132205
p_O16_x_C11,O16,C11,25.17,80.04173622704508,20.274257350515708
p_O16_x_C11,O16,C11,25.17,80.2838063439065,20.249832416117187
p_O16_x_C11,O16,C11,25.17,80.52587646076795,20.221885547296875
p_O16_x_C11,O16,C11,25.17,80.76794657762939,20.190398939241756
p_O16_x_C11,O16,C11,25.17,81.01001669449082,20.16098862712832
p_O16_x_C11,O16,C11,25.17,81.25208681135226,20.13762510053019
p_O16_x_C11,O16,C11,25.17,81.49415692821368,20.10600733548126
p_O16_x_C11,O16,C11,25.17,81.73622704507513,20.075829303401925
p_O16_x_C11,O16,C11,25.17,81.97829716193657,20.0440701210012
p_O16_x_C11,O16,C11,25.17,82.220367278798,20.011207017483436
p_O16_x_C11,O16,C11,25.17,82.46243739565944,19.973770609012803
p_O16_x_C11,O16,C11,25.17,82.70450751252086,19.941922208066103
p_O16_x_C11,O16,C11,25.17,82.9465776293823,19.912639710391858
p_O16_x_C11,O16,C11,25.17,83.18864774624375,19.884977675689537
p_O16_x_C11,O16,C11,25.17,83.43071786310517,19.85081989931593
p_O16_x_C11,O16,C11,25.17,83.67278797996661,19.82205157600997
p_O16_x_C11,O16,C11,25.17,83.91485809682804,19.78505619646044
p_O16_x_C11,O16,C11,25.17,84.15692821368948,19.758570378479636
p_O16_x_C11,O16,C11,25.17,84.39899833055092,19.730375369370904
p_O16_x_C11,O16,C11,25.17,84.64106844741235,19.690478912019422
p_O16_x_C11,O16,C11,25.17,84.88313856427379,19.650582502478677
p_O16_x_C11,O16,C11,25.17,85.12520868113522,19.61639385192776
p_O16_x_C11,O16,C11,25.17,85.36727879799666,19.5778664659394
p_O16_x_C11,O16,C11,25.17,85.6093489148581,19.548279719388276
p_O16_x_C11,O16,C11,25.17,85.85141903171953,19.50459095450212
p_O16_x_C11,O16,C11,25.17,86.09348914858097,19.471945945688688
p_O16_x_C11,O16,C11,25.17,86.3355592654424,19.44230323167456
p_O16_x_C11,O16,C11,25.17,86.57762938230384,19.41005973086094
p_O16_x_C11,O16,C11,25.17,86.81969949916528,19.377138169522645
p_O16_x_C11,O16,C11,25.17,87.06176961602671,19.336247434503967
p_O16_x_C11,O16,C11,25.17,87.30383973288815,19.2943442071443
p_O16_x_C11,O16,C11,25.17,87.54590984974958,19.25767979218745
p_O16_x_C11,O16,C11,25.17,87.78797996661102,19.216890468867657
p_O16_x_C11,O16,C11,25.17,88.03005008347246,19.176276310861724
p_O16_x_C11,O16,C11,25.17,88.27212020033389,19.133538002793166
p_O16_x_C11,O16,C11,25.17,88.51419031719533,19.094424683838824
p_O16_x_C11,O16,C11,25.17,88.75626043405676,19.052485232940615
p_O16_x_C11,O16,C11,25.17,88.9983305509182,19.01079605094848
p_O16_x_C11,O16,C11,25.17,89.24040066777964,18.976355624358828
p_O16_x_C11,O16,C11,25.17,89.48247078464107,18.925519992725512
p_O16_x_C11,O16,C11,25.17,89.72454090150251,18.88637996926432
p_O16_x_C11,O16,C11,25.17,89.96661101836393,18.845828546891035
p_O16_x_C11,O16,C11,25.17,90.20868113522538,18.80292914772815
p_O16_x_C11,O16,C11,25.17,90.45075125208682,18.759284988668995
p_O16_x_C11,O16,C11,25.17,90.69282136894824,18.718819843539343
p_O16_x_C11,O16,C11,25.17,90.93489148580969,18.672012381541343
p_O16_x_C11,O16,C11,25.17,91.17696160267111,18.616944047027783
p_O16_x_C11,O16,C11,25.17,91.41903171953255,18.5719788093389
p_O16_x_C11,O16,C11,25.17,91.661101836394,18.531659188878415
p_O16_x_C11,O16,C11,25.17,91.90317195325542,18.479240543003225
p_O16_x_C11,O16,C11,25.17,92.14524207011686,18.428955042123366
p_O16_x_C11,O16,C11,25.17,92.38731218697828,18.385656707833327
p_O16_x_C11,O16,C11,25.17,92.62938230383972,18.3359758663464
p_O16_x_C11,O16,C11,25.17,92.87145242070116,18.297333831816637
p_O16_x_C11,O16,C11,25.17,93.1135225375626,18.262757990115944
p_O16_x_C11,O16,C11,25.17,93.35559265442404,18.225588232803375
p_O16_x_C11,O16,C11,25.17,93.59766277128548,18.178883904470524
p_O16_x_C11,O16,C11,25.17,93.83973288814693,18.13845079569963
p_O16_x_C11,O16,C11,25.17,94.08180300500835,18.093823922445267
p_O16_x_C11,O16,C11,25.17,94.32387312186978,18.0510053881353
p_O16_x_C11,O16,C11,25.17,94.56594323873122,18.012482035035802
p_O16_x_C11,O16,C11,25.17,94.80801335559264,17.974476889300583
p_O16_x_C11,O16,C11,25.17,95.05008347245408,17.937309943019844
p_O16_x_C11,O16,C11,25.17,95.29215358931552,17.900685943843904
p_O16_x_C11,O16,C11,25.17,95.53422370617696,17.859875089410124
p_O16_x_C11,O16,C11,25.17,95.7762938230384,17.815497798169915
p_O16_x_C11,O16,C11,25.17,96.01836393989984,17.78196324083345
p_O16_x_C11,O16,C11,25.17,96.26043405676128,17.742526188401058
p_O16_x_C11,O16,C11,25.17,96.50250417362273,17.70948144704164
p_O16_x_C11,O16,C11,25.17,96.74457429048414,17.67752479064903
p_O16_x_C11,O16,C11,25.17,96.98664440734558,17.641480297267435
p_O16_x_C11,O16,C11,25.17,97.228714524207,17.60932177835459
p_O16_x_C11,O16,C11,25.17,97.47078464106843,17.574359095146534
p_O16_x_C11,O16,C11,25.17,97.71285475792988,17.54252619702357
p_O16_x_C11,O16,C11,25.17,97.95492487479132,17.512679703196767
p_O16_x_C11,O16,C11,25.17,98.19699499165276,17.484168427667964
p_O16_x_C11,O16,C11,25.17,98.4390651085142,17.457271359238305
p_O16_x_C11,O16,C11,25.17,98.68113522537564,17.430767412040613
p_O16_x_C11,O16,C11,25.17,98.92320534223708,17.403504755550593
p_O16_x_C11,O16,C11,25.17,99.1652754590985,17.371181020765544
p_O16_x_C11,O16,C11,25.17,99.40734557595994,17.344188894697904
p_O16_x_C11,O16,C11,25.17,99.64941569282136,17.319930048595943
p_O16_x_C11,O16,C11,25.17,99.8914858096828,17.29360761922097
p_O16_x_C11,O16,C11,25.17,100.13355592654425,17.26429620694007
p_O16_x_C11,O16,C11,25.17,100.37562604340567,17.239784097404883
p_O16_x_C11,O16,C11,25.17,100.61769616026712,17.213625589854956
p_O16_x_C11,O16,C11,25.17,100.85976627712854,17.189545586244108
p_O16_x_C11,O16,C11,25.17,101.10183639398998,17.164282017612834
p_O16_x_C11,O16,C11,25.17,101.34390651085144,17.13937502580179
p_O16_x_C11,O16,C11,25.17,101.58597662771284,17.12062016383706
p_O16_x_C11,O16,C11,25.17,101.8280467445743,17.105393852306463
p_O16_x_C11,O16,C11,25.17,102.07011686143572,17.080407057492334
p_O16_x_C11,O16,C11,25.17,102.31218697829716,17.062115213414373
p_O16_x_C11,O16,C11,25.17,102.5542570951586,17.041510284797376
p_O16_x_C11,O16,C11,25.17,102.79632721202005,17.016731165747967
p_O16_x_C11,O16,C11,25.17,103.03839732888147,17.00220075807327
p_O16_x_C11,O16,C11,25.17,103.2804674457429,16.98421850672989
p_O16_x_C11,O16,C11,25.17,103.52253756260434,16.96286805431344
p_O16_x_C11,O16,C11,25.17,103.76460767946578,16.942931638979065
p_O16_x_C11,O16,C11,25.17,104.0066777963272,16.921999974904473
p_O16_x_C11,O16,C11,25.17,104.24874791318864,16.904510795629147
p_O16_x_C11,O16,C11,25.17,104.49081803005008,16.88547698898619
p_O16_x_C11,O16,C11,25.17,104.73288814691152,16.87086517178257
p_O16_x_C11,O16,C11,25.17,104.97495826377296,16.855903425117987
p_O16_x_C11,O16,C11,25.17,105.2170283806344,16.83920790367074
p_O16_x_C11,O16,C11,25.17,105.45909849749584,16.82280369492137
p_O16_x_C11,O16,C11,25.17,105.70116861435726,16.80659598924786
p_O16_x_C11,O16,C11,25.17,105.9432387312187,16.79190462931461
p_O16_x_C11,O16,C11,25.17,106.18530884808014,16.777557858504032
p_O16_x_C11,O16,C11,25.17,106.42737896494155,16.758220465099065
p_O16_x_C11,O16,C11,25.17,106.669449081803,16.743303244679012
p_O16_x_C11,O16,C11,25.17,106.91151919866444,16.72635592809969
p_O16_x_C11,O16,C11,25.17,107.15358931552588,16.71054263097879
p_O16_x_C11,O16,C11,25.17,107.39565943238732,16.6970685197322
p_O16_x_C11,O16,C11,25.17,107.63772954924876,16.68580593446992
p_O16_x_C11,O16,C11,25.17,107.8797996661102,16.674927372434688
p_O16_x_C11,O16,C11,25.17,108.1218697829716,16.66466448042234
p_O16_x_C11,O16,C11,25.17,108.36393989983306,16.654660988725055
p_O16_x_C11,O16,C11,25.17,108.6060100166945,16.63852451894799
p_O16_x_C11,O16,C11,25.17,108.84808013355592,16.62005775863679
p_O16_x_C11,O16,C11,25.17,109.09015025041737,16.60497135064663
p_O16_x_C11,O16,C11,25.17,109.3322203672788,16.594221761268123
p_O16_x_C11,O16,C11,25.17,109.57429048414023,16.582977548517835
p_O16_x_C11,O16,C11,25.17,109.81636060100168,16.56774004246224
p_O16_x_C11,O16,C11,25.17,110.0584307178631,16.56099286069599
p_O16_x_C11,O16,C11,25.17,110.30050083472456,16.54874681568253
p_O16_x_C11,O16,C11,25.17,110.54257095158596,16.54030049960963
p_O16_x_C11,O16,C11,25.17,110.7846410684474,16.52763708463288
p_O16_x_C11,O16,C11,25.17,111.02671118530886,16.517068994191725
p_O16_x_C11,O16,C11,25.17,111.26878130217028,16.502768014586877
p_O16_x_C11,O16,C11,25.17,111.51085141903172,16.486004748315686
p_O16_x_C11,O16,C11,25.17,111.75292153589317,16.475780851187654
p_O16_x_C11,O16,C11,25.17,111.9949916527546,16.46598901589988
p_O16_x_C11,O16,C11,25.17,112.23706176961603,16.45161099262333
p_O16_x_C11,O16,C11,25.17,112.47913188647746,16.44080422442611
p_O16_x_C11,O16,C11,25.17,112.7212020033389,16.42873238817613
p_O16_x_C11,O16,C11,25.17,112.96327212020032,16.419977746986746
p_O16_x_C11,O16,C11,25.17,113.20534223706176,16.408683230852134
p_O16_x_C11,O16,C11,25.17,113.4474123539232,16.396231910084232
p_O16_x_C11,O16,C11,25.17,113.68948247078464,16.386126558796647
p_O16_x_C11,O16,C11,25.17,113.93155258764608,16.378341453802456
p_O16_x_C11,O16,C11,25.17,114.17362270450752,16.373292632031266
p_O16_x_C11,O16,C11,25.17,114.41569282136896,16.367908722073476
p_O16_x_C11,O16,C11,25.17,114.6577629382304,16.35970458018079
p_O16_x_C11,O16,C11,25.17,114.89983305509182,16.351981218924927
p_O16_x_C11,O16,C11,25.17,115.14190317195326,16.34484891292126
p_O16_x_C11,O16,C11,25.17,115.38397328881469,16.3386985781005
p_O16_x_C11,O16,C11,25.17,115.62604340567611,16.332758459758132
p_O16_x_C11,O16,C11,25.17,115.86811352253756,16.322484740016037
p_O16_x_C11,O16,C11,25.17,116.110183639399,16.311197745967995
p_O16_x_C11,O16,C11,25.17,116.35225375626044,16.30135664609366
p_O16_x_C11,O16,C11,25.17,116.59432387312188,16.293745287463587
p_O16_x_C11,O16,C11,25.17,116.8363939899833,16.284801065507672
p_O16_x_C11,O16,C11,25.17,117.07846410684476,16.276263973020157
p_O16_x_C11,O16,C11,25.17,117.32053422370618,16.266849899927102
p_O16_x_C11,O16,C11,25.17,117.56260434056762,16.25842500881046
p_O16_x_C11,O16,C11,25.17,117.80467445742904,16.248245638658716
p_O16_x_C11,O16,C11,25.17,118.04674457429049,16.241641376477666
p_O16_x_C11,O16,C11,25.17,118.28881469115191,16.234814919376852
p_O16_x_C11,O16,C11,25.17,118.53088480801335,16.22469065143717
p_O16_x_C11,O16,C11,25.17,118.7729549248748,16.217294167441988
p_O16_x_C11,O16,C11,25.17,119.01502504173622,16.20722532890492
p_O16_x_C11,O16,C11,25.17,119.25709515859766,16.198120249566493
p_O16_x_C11,O16,C11,25.17,119.4991652754591,16.19021312514642
p_O16_x_C11,O16,C11,25.17,119.74123539232052,16.179163693885847
p_O16_x_C11,O16,C11,25.17,119.98330550918196,16.168411427916496
p_O16_x_C11,O16,C11,25.17,120.2253756260434,16.157377492033692
p_O16_x_C11,O16,C11,25.17,120.46744574290484,16.150340699773793
p_O16_x_C11,O16,C11,25.17,120.70951585976628,16.14458185267987
p_O16_x_C11,O16,C11,25.17,120.95158597662773,16.13826623288881
p_O16_x_C11,O16,C11,25.17,121.19365609348915,16.13154337900219
p_O16_x_C11,O16,C11,25.17,121.43572621035058,16.120923782218416
p_O16_x_C11,O16,C11,25.17,121.67779632721202,16.11522201983206
p_O16_x_C11,O16,C11,25.17,121.91986644407346,16.10738826708336
p_O16_x_C11,O16,C11,25.17,122.16193656093488,16.102642809104687
p_O16_x_C11,O16,C11,25.17,122.40400667779632,16.09630886099611
p_O16_x_C11,O16,C11,25.17,122.64607679465776,16.09030721315962
p_O16_x_C11,O16,C11,25.17,122.8881469115192,16.083629160246996
p_O16_x_C11,O16,C11,25.17,123.13021702838064,16.080036202930117
p_O16_x_C11,O16,C11,25.17,123.37228714524208,16.074945734624492
p_O16_x_C11,O16,C11,25.17,123.61435726210352,16.06930463613935
p_O16_x_C11,O16,C11,25.17,123.85642737896494,16.061552083280013
p_O16_x_C11,O16,C11,25.17,124.09849749582638,16.055304053934858
p_O16_x_C11,O16,C11,25.17,124.34056761268782,16.04921279720469
p_O16_x_C11,O16,C11,25.17,124.58263772954923,16.04292631304383
p_O16_x_C11,O16,C11,25.17,124.82470784641067,16.038226794099216
p_O16_x_C11,O16,C11,25.17,125.06677796327212,16.03214161867843
p_O16_x_C11,O16,C11,25.17,125.30884808013356,16.025259479169108
p_O16_x_C11,O16,C11,25.17,125.550918196995,16.020068720880154
p_O16_x_C11,O16,C11,25.17,125.79298831385644,16.014252813414735
p_O16_x_C11,O16,C11,25.17,126.03505843071788,16.008288368105717
p_O16_x_C11,O16,C11,25.17,126.2771285475793,16.00192193446339
p_O16_x_C11,O16,C11,25.17,126.51919866444074,15.995575038826756
p_O16_x_C11,O16,C11,25.17,126.76126878130218,15.991239402388352
p_O16_x_C11,O16,C11,25.17,127.0033388981636,15.987453417691288
p_O16_x_C11,O16,C11,25.17,127.24540901502505,15.98032700250512
p_O16_x_C11,O16,C11,25.17,127.48747913188647,15.973846818683594
p_O16_x_C11,O16,C11,25.17,127.72954924874792,15.971492937789396
p_O16_x_C11,O16,C11,25.17,127.97161936560936,15.968083460149092
p_O16_x_C11,O16,C11,25.17,128.21368948247078,15.965609178823025
p_O16_x_C11,O16,C11,25.17,128.45575959933225,15.958760134554725
p_O16_x_C11,O16,C11,25.17,128.69782971619367,15.952925006791135
p_O16_x_C11,O16,C11,25.17,128.9398998330551,15.948249001452368
p_O16_x_C11,O16,C11,25.17,129.18196994991655,15.943794540886934
p_O16_x_C11,O16,C11,25.17,129.42404006677796,15.937893230692769
p_O16_x_C11,O16,C11,25.17,129.6661101836394,15.93262630842801
p_O16_x_C11,O16,C11,25.17,129.90818030050082,15.928303911738016
p_O16_x_C11,O16,C11,25.17,130.15025041736226,15.922878523549516
p_O16_x_C11,O16,C11,25.17,130.3923205342237,15.91597140297228
p_O16_x_C11,O16,C11,25.17,130.63439065108514,15.909264391956343
p_O16_x_C11,O16,C11,25.17,130.87646076794658,15.905325197688178
p_O16_x_C11,O16,C11,25.17,131.11853088480802,15.901214901161032
p_O16_x_C11,O16,C11,25.17,131.3606010016695,15.895645046018217
p_O16_x_C11,O16,C11,25.17,131.6026711185309,15.894819027221288
p_O16_x_C11,O16,C11,25.17,131.84474123539232,15.89265195841317
p_O16_x_C11,O16,C11,25.17,132.08681135225376,15.88796749923009
p_O16_x_C11,O16,C11,25.17,132.32888146911515,15.88395864030156
p_O16_x_C11,O16,C11,25.17,132.57095158597662,15.87974165884614
p_O16_x_C11,O16,C11,25.17,132.81302170283806,15.87470943544756
p_O16_x_C11,O16,C11,25.17,133.0550918196995,15.86706711792096
p_O16_x_C11,O16,C11,25.17,133.29716193656094,15.86325988698179
p_O16_x_C11,O16,C11,25.17,133.53923205342238,15.859018588687848
p_O16_x_C11,O16,C11,25.17,133.7813021702838,15.853985288893904
p_O16_x_C11,O16,C11,25.17,134.02337228714524,15.84937514628586
p_O16_x_C11,O16,C11,25.17,134.26544240400668,15.84535223888882
p_O16_x_C11,O16,C11,25.17,134.50751252086812,15.841768553533756
p_O16_x_C11,O16,C11,25.17,134.74958263772956,15.835577141339192
p_O16_x_C11,O16,C11,25.17,134.99165275459097,15.831540879872836
p_O16_x_C11,O16,C11,25.17,135.2337228714524,15.823812210865537
p_O16_x_C11,O16,C11,25.17,135.47579298831386,15.814158568322917
p_O16_x_C11,O16,C11,25.17,135.7178631051753,15.806898109174966
p_O16_x_C11,O16,C11,25.17,135.95993322203674,15.800314159947291
p_O16_x_C11,O16,C11,25.17,136.20200333889815,15.793122965325477
p_O16_x_C11,O16,C11,25.17,136.4440734557596,15.784774527147388
p_O16_x_C11,O16,C11,25.17,136.68614357262103,15.782526237623074
p_O16_x_C11,O16,C11,25.17,136.92821368948248,15.776096359197028
p_O16_x_C11,O16,C11,25.17,137.17028380634392,15.77089852557455
p_O16_x_C11,O16,C11,25.17,137.41235392320533,15.76776616155145
p_O16_x_C11,O16,C11,25.17,137.65442404006677,15.761893627254487
p_O16_x_C11,O16,C11,25.17,137.8964941569282,15.757835586716844
p_O16_x_C11,O16,C11,25.17,138.13856427378963,15.748880903009898
p_O16_x_C11,O16,C11,25.17,138.3806343906511,15.742548637768532
p_O16_x_C11,O16,C11,25.17,138.6227045075125,15.740833891121577
p_O16_x_C11,O16,C11,25.17,138.86477462437395,15.731083139046042
p_O16_x_C11,O16,C11,25.17,139.1068447412354,15.725050694870182
p_O16_x_C11,O16,C11,25.17,139.34891485809683,15.720118373228283
p_O16_x_C11,O16,C11,25.17,139.59098497495827,15.714390817041505
p_O16_x_C11,O16,C11,25.17,139.8330550918197,15.703504165285937
p_O16_x_C11,O16,C11,25.17,140.07512520868113,15.69843102341722
p_O16_x_C11,O16,C11,25.17,140.31719532554257,15.692033559148095
p_O16_x_C11,O16,C11,25.17,140.559265442404,15.681581002621389
p_O16_x_C11,O16,C11,25.17,140.80133555926545,15.674874260506986
p_O16_x_C11,O16,C11,25.17,141.04340567612687,15.661153675396056
p_O16_x_C11,O16,C11,25.17,141.2854757929883,15.65147456629656
p_O16_x_C11,O16,C11,25.17,141.52754590984975,15.64118084780955
p_O16_x_C11,O16,C11,25.17,141.7696160267112,15.630576408013257
p_O16_x_C11,O16,C11,25.17,142.01168614357263,15.619974140275763
p_O16_x_C11,O16,C11,25.17,142.25375626043405,15.609561754780117
p_O16_x_C11,O16,C11,25.17,142.4958263772955,15.600121567002224
p_O16_x_C11,O16,C11,25.17,142.73789649415693,15.593521563773628
p_O16_x_C11,O16,C11,25.17,142.97996661101837,15.580541295572544
p_O16_x_C11,O16,C11,25.17,143.2220367278798,15.568669071932035
p_O16_x_C11,O16,C11,25.17,143.46410684474122,15.554930020124663
p_O16_x_C11,O16,C11,25.17,143.7061769616027,15.544878811367326
p_O16_x_C11,O16,C11,25.17,143.9482470784641,15.53407140398387
p_O16_x_C11,O16,C11,25.17,144.19031719532555,15.521738054039034
p_O16_x_C11,O16,C11,25.17,144.432387312187,15.510125347347016
p_O16_x_C11,O16,C11,25.17,144.6744574290484,15.496626817411656
p_O16_x_C11,O16,C11,25.17,144.91652754590984,15.484136685172064
p_O16_x_C11,O16,C11,25.17,145.15859766277129,15.470742991037495
p_O16_x_C11,O16,C11,25.17,145.40066777963273,15.45803848258146
p_O16_x_C11,O16,C11,25.17,145.64273789649417,15.442013113133918
p_O16_x_C11,O16,C11,25.17,145.88480801335558,15.427400623719883
p_O16_x_C11,O16,C11,25.17,146.12687813021702,15.414265330503756
p_O16_x_C11,O16,C11,25.17,146.36894824707846,15.397678229617114
p_O16_x_C11,O16,C11,25.17,146.6110183639399,15.380894260557984
p_O16_x_C11,O16,C11,25.17,146.85308848080135,15.362305556160624
p_O16_x_C11,O16,C11,25.17,147.09515859766276,15.347531070213854
p_O16_x_C11,O16,C11,25.17,147.3372287145242,15.32595070767332
p_O16_x_C11,O16,C11,25.17,147.57929883138564,15.307633397557836
p_O16_x_C11,O16,C11,25.17,147.82136894824708,15.291431263480124
p_O16_x_C11,O16,C11,25.17,148.06343906510853,15.272425201622164
p_O16_x_C11,O16,C11,25.17,148.30550918196994,15.250025305514528
p_O16_x_C11,O16,C11,25.17,148.54757929883138,15.234575473305071
p_O16_x_C11,O16,C11,25.17,148.78964941569282,15.211990674789853
p_O16_x_C11,O16,C11,25.17,149.03171953255426,15.199167982676862
p_O16_x_C11,O16,C11,25.17,149.2737896494157,15.174997726711997
p_O16_x_C11,O16,C11,25.17,149.51585976627712,15.1579035927872
p_O16_x_C11,O16,C11,25.17,149.75792988313856,15.13591502742468
p_O16_x_C11,O16,C11,25.17,150.0,15.114550753256244
p_N14_x_N13,N14,N13,8.9,5.0,0.0
p_N14_x_N13,N14,N13,8.9,5.242070116861436,0.0
p_N14_x_N13,N14,N13,8.9,5.484140233722871,0.0
p_N14_x_N13,N14,N13,8.9,5.726210350584307,0.0
p_N14_x_N13,N14,N13,8.9,5.968280467445743,0.0
p_N14_x_N13,N14,N13,8.9,6.210350584307179,0.0
p_N14_x_N13,N14,N13,8.9,6.452420701168615,0.0
p_N14_x_N13,N14,N13,8.9,6.69449081803005,0.0
p_N14_x_N13,N14,N13,8.9,6.936560934891486,0.0
p_N14_x_N13,N14,N13,8.9,7.178631051752921,0.0
p_N14_x_N13,N14,N13,8.9,7.420701168614357,0.0
p_N14_x_N13,N14,N13,8.9,7.6627712854757934,0.0
p_N14_x_N13,N14,N13,8.9,7.904841402337229,0.0
p_N14_x_N13,N14,N13,8.9,8.146911519198664,0.0
p_N14_x_N13,N14,N13,8.9,8.3889816360601,0.0
p_N14_x_N13,N14,N13,8.9,8.631051752921536,0.0
p_N14_x_N13,N14,N13,8.9,8.873121869782972,0.0
p_N14_x_N13,N14,N13,8.9,9.115191986644408,0.0855269039549797
p_N14_x_N13,N14,N13,8.9,9.357262103505844,0.1723953070247983
p_N14_x_N13,N14,N13,8.9,9.59933222036728,0.2769293105701018
p_N14_x_N13,N14,N13,8.9,9.841402337228716,0.3983332757516042
p_N14_x_N13,N14,N13,8.9,10.083472454090147,0.5384724154271481
p_N14_x_N13,N14,N13,8.9,10.325542570951589,0.7019623859698814
p_N14_x_N13,N14,N13,8.9,10.56761268781302,0.8907563822281275
p_N14_x_N13,N14,N13,8.9,10.809682804674456,1.1031010093841336
p_N14_x_N13,N14,N13,8.9,11.051752921535892,1.3421658262157297
p_N14_x_N13,N14,N13,8.9,11.293823038397328,1.612344557320944
p_N14_x_N13,N14,N13,8.9,11.535893155258766,1.9061857425260953
p_N14_x_N13,N14,N13,8.9,11.7779632721202,2.2352751818723524
p_N14_x_N13,N14,N13,8.9,12.020033388981636,2.5976499343878343
p_N14_x_N13,N14,N13,8.9,12.262103505843072,2.997849947174461
p_N14_x_N13,N14,N13,8.9,12.504173622704506,3.432791756908256
p_N14_x_N13,N14,N13,8.9,12.746243739565944,3.909300525597097
p_N14_x_N13,N14,N13,8.9,12.98831385642738,4.42928275300218
p_N14_x_N13,N14,N13,8.9,13.230383973288816,5.00336343420315
p_N14_x_N13,N14,N13,8.9,13.47245409015025,5.627978458207798
p_N14_x_N13,N14,N13,8.9,13.714524207011689,6.300556768412565
p_N14_x_N13,N14,N13,8.9,13.95659432387312,7.025326639476139
p_N14_x_N13,N14,N13,8.9,14.198664440734555,7.806764600824927
p_N14_x_N13,N14,N13,8.9,14.440734557595992,8.648805834895377
p_N14_x_N13,N14,N13,8.9,14.68280467445743,9.545348722493216
p_N14_x_N13,N14,N13,8.9,14.924874791318866,10.498313601104236
p_N14_x_N13,N14,N13,8.9,15.1669449081803,11.482473356333209
p_N14_x_N13,N14,N13,8.9,15.409015025041736,12.508967998177658
p_N14_x_N13,N14,N13,8.9,15.651085141903172,13.568562543206651
p_N14_x_N13,N14,N13,8.9,15.893155258764608,14.659230769321644
p_N14_x_N13,N14,N13,8.9,16.135225375626042,15.76727634565984
p_N14_x_N13,N14,N13,8.9,16.377295492487477,16.8812558451579
p_N14_x_N13,N14,N13,8.9,16.619365609348915,17.98800927473988
p_N14_x_N13,N14,N13,8.9,16.861435726210352,19.06250887107571
p_N14_x_N13,N14,N13,8.9,17.103505843071787,20.12154368204233
p_N14_x_N13,N14,N13,8.9,17.34557595993322,21.14068900316941
p_N14_x_N13,N14,N13,8.9,17.587646076794655,22.11243455560011
p_N14_x_N13,N14,N13,8.9,17.829716193656093,23.037477024145076
p_N14_x_N13,N14,N13,8.9,18.07178631051753,23.93444184252194
p_N14_x_N13,N14,N13,8.9,18.313856427378965,24.7655868948005
p_N14_x_N13,N14,N13,8.9,18.5559265442404,25.50753185460544
p_N14_x_N13,N14,N13,8.9,18.79799666110183,26.188904559622152
p_N14_x_N13,N14,N13,8.9,19.040066777963272,26.803444565149363
p_N14_x_N13,N14,N13,8.9,19.28213689482471,27.345450214206497
p_N14_x_N13,N14,N13,8.9,19.524207011686144,27.826747140075597
p_N14_x_N13,N14,N13,8.9,19.76627712854758,28.23042202389383
p_N14_x_N13,N14,N13,8.9,20.008347245409013,28.571762374101404
p_N14_x_N13,N14,N13,8.9,20.25041736227045,28.865043316571068
p_N14_x_N13,N14,N13,8.9,20.49248747913189,29.063455188184875
p_N14_x_N13,N14,N13,8.9,20.734557595993323,29.22156332771768
p_N14_x_N13,N14,N13,8.9,20.976627712854757,29.337476226294363
p_N14_x_N13,N14,N13,8.9,21.218697829716195,29.38526821500853
p_N14_x_N13,N14,N13,8.9,21.46076794657763,29.41218338013182
p_N14_x_N13,N14,N13,8.9,21.702838063439064,29.40240985645924
p_N14_x_N13,N14,N13,8.9,21.9449081803005,29.37906860191114
p_N14_x_N13,N14,N13,8.9,22.186978297161936,29.334524856122872
p_N14_x_N13,N14,N13,8.9,22.429048414023377,29.274828188148717
p_N14_x_N13,N14,N13,8.9,22.671118530884808,29.18462231432585
p_N14_x_N13,N14,N13,8.9,22.91318864774624,29.10074093558703
p_N14_x_N13,N14,N13,8.9,23.15525876460768,28.98836637831924
p_N14_x_N13,N14,N13,8.9,23.39732888146911,28.889629252341848
p_N14_x_N13,N14,N13,8.9,23.639398998330552,28.781106546205073
p_N14_x_N13,N14,N13,8.9,23.881469115191987,28.70547602863554
p_N14_x_N13,N14,N13,8.9,24.12353923205342,28.61788922902611
p_N14_x_N13,N14,N13,8.9,24.36560934891486,28.50966650923098
p_N14_x_N13,N14,N13,8.9,24.607679465776293,28.426106068437253
p_N14_x_N13,N14,N13,8.9,24.84974958263773,28.3306551215914
p_N14_x_N13,N14,N13,8.9,25.091819699499165,28.25496711512415
p_N14_x_N13,N14,N13,8.9,25.3338898163606,28.179206194345348
p_N14_x_N13,N14,N13,8.9,25.57595993322204,28.131916373935695
p_N14_x_N13,N14,N13,8.9,25.818030050083472,28.07708622623241
p_N14_x_N13,N14,N13,8.9,26.06010016694491,28.036535710856345
p_N14_x_N13,N14,N13,8.9,26.302170283806344,27.99049129484944
p_N14_x_N13,N14,N13,8.9,26.54424040066778,27.975059771431404
p_N14_x_N13,N14,N13,8.9,26.786310517529216,27.94853536159949
p_N14_x_N13,N14,N13,8.9,27.02838063439065,27.930093849489023
p_N14_x_N13,N14,N13,8.9,27.27045075125209,27.936629167864535
p_N14_x_N13,N14,N13,8.9,27.512520868113523,27.92518267808567
p_N14_x_N13,N14,N13,8.9,27.754590984974957,27.924092649399196
p_N14_x_N13,N14,N13,8.9,27.996661101836395,27.9284375106699
p_N14_x_N13,N14,N13,8.9,28.23873121869783,27.921373316762395
p_N14_x_N13,N14,N13,8.9,28.480801335559267,27.945971403419463
p_N14_x_N13,N14,N13,8.9,28.7228714524207,27.964429199736536
p_N14_x_N13,N14,N13,8.9,28.964941569282136,27.99217804985377
p_N14_x_N13,N14,N13,8.9,29.207011686143577,28.02609397317319
p_N14_x_N13,N14,N13,8.9,29.449081803005008,28.06792923589083
p_N14_x_N13,N14,N13,8.9,29.69115191986645,28.11252074374446
p_N14_x_N13,N14,N13,8.9,29.93322203672788,28.172478001190584
p_N14_x_N13,N14,N13,8.9,30.17529215358931,28.227341630908505
p_N14_x_N13,N14,N13,8.9,30.417362270450752,28.27375210546589
p_N14_x_N13,N14,N13,8.9,30.659432387312187,28.328406673587914
p_N14_x_N13,N14,N13,8.9,30.901502504173624,28.38778904743968
p_N14_x_N13,N14,N13,8.9,31.14357262103506,28.449206051547957
p_N14_x_N13,N14,N13,8.9,31.385642737896493,28.51693062616088
p_N14_x_N13,N14,N13,8.9,31.62771285475793,28.574418929928814
p_N14_x_N13,N14,N13,8.9,31.869782971619365,28.635915598808257
p_N14_x_N13,N14,N13,8.9,32.1118530884808,28.694323172138873
p_N14_x_N13,N14,N13,8.9,32.35392320534224,28.769358688196235
p_N14_x_N13,N14,N13,8.9,32.59599332220367,28.830825095081767
p_N14_x_N13,N14,N13,8.9,32.83806343906511,28.897843850280623
p_N14_x_N13,N14,N13,8.9,33.080133555926544,28.94676773460032
p_N14_x_N13,N14,N13,8.9,33.32220367278798,29.02156098101179
p_N14_x_N13,N14,N13,8.9,33.56427378964942,29.0832012851565
p_N14_x_N13,N14,N13,8.9,33.80634390651085,29.128743495056995
p_N14_x_N13,N14,N13,8.9,34.04841402337229,29.167140574270505
p_N14_x_N13,N14,N13,8.9,34.29048414023372,29.216227842430687
p_N14_x_N13,N14,N13,8.9,34.53255425709516,29.241095181497617
p_N14_x_N13,N14,N13,8.9,34.7746243739566,29.251719889820286
p_N14_x_N13,N14,N13,8.9,35.016694490818026,29.2612228088272
p_N14_x_N13,N14,N13,8.9,35.25876460767947,29.259920454521584
p_N14_x_N13,N14,N13,8.9,35.5008347245409,29.25038027736828
p_N14_x_N13,N14,N13,8.9,35.742904841402336,29.230552672073703
p_N14_x_N13,N14,N13,8.9,35.98497495826378,29.19625490022277
p_N14_x_N13,N14,N13,8.9,36.2270450751252,29.160666030166617
p_N14_x_N13,N14,N13,8.9,36.469115191986646,29.114675538400228
p_N14_x_N13,N14,N13,8.9,36.71118530884808,29.05362850003724
p_N14_x_N13,N14,N13,8.9,36.953255425709514,28.99868880586599
p_N14_x_N13,N14,N13,8.9,37.19532554257095,28.934311467328936
p_N14_x_N13,N14,N13,8.9,37.43739565943239,28.870872769821283
p_N14_x_N13,N14,N13,8.9,37.679465776293824,28.786071391218687
p_N14_x_N13,N14,N13,8.9,37.92153589315526,28.69974572815797
p_N14_x_N13,N14,N13,8.9,38.16360601001669,28.60836227643104
p_N14_x_N13,N14,N13,8.9,38.40567612687813,28.521881888886767
p_N14_x_N13,N14,N13,8.9,38.64774624373957,28.413726360635216
p_N14_x_N13,N14,N13,8.9,38.889816360601,28.310117894909553
p_N14_x_N13,N14,N13,8.9,39.13188647746244,28.193620102052165
p_N14_x_N13,N14,N13,8.9,39.37395659432387,28.08302342814576
p_N14_x_N13,N14,N13,8.9,39.616026711185306,27.948942315591584
p_N14_x_N13,N14,N13,8.9,39.85809682804675,27.833316249332466
p_N14_x_N13,N14,N13,8.9,40.10016694490818,27.71283153229465
p_N14_x_N13,N14,N13,8.9,40.342237061769616,27.57766234043163
p_N14_x_N13,N14,N13,8.9,40.58430717863105,27.453561491167655
p_N14_x_N13,N14,N13,8.9,40.826377295492485,27.31978953708756
p_N14_x_N13,N14,N13,8.9,41.068447412353926,27.19322795591568
p_N14_x_N13,N14,N13,8.9,41.31051752921536,27.05274354154396
p_N14_x_N13,N14,N13,8.9,41.552587646076795,26.91253609440993
p_N14_x_N13,N14,N13,8.9,41.79465776293823,26.77189743568825
p_N14_x_N13,N14,N13,8.9,42.03672787979966,26.61922824796073
p_N14_x_N13,N14,N13,8.9,42.278797996661105,26.47012711271191
p_N14_x_N13,N14,N13,8.9,42.52086811352254,26.32182611796908
p_N14_x_N13,N14,N13,8.9,42.76293823038397,26.17233505761891
p_N14_x_N13,N14,N13,8.9,43.00500834724541,26.021352095538735
p_N14_x_N13,N14,N13,8.9,43.24707846410684,25.874161557842697
p_N14_x_N13,N14,N13,8.9,43.48914858096828,25.723736752007117
p_N14_x_N13,N14,N13,8.9,43.73121869782972,25.578378230736227
p_N14_x_N13,N14,N13,8.9,43.97328881469115,25.429479821910252
p_N14_x_N13,N14,N13,8.9,44.215358931552586,25.28149675693241
p_N14_x_N13,N14,N13,8.9,44.45742904841402,25.154564910236218
p_N14_x_N13,N14,N13,8.9,44.69949916527546,25.01588542549723
p_N14_x_N13,N14,N13,8.9,44.941569282136896,24.870356409916894
p_N14_x_N13,N14,N13,8.9,45.18363939899833,24.72301657617937
p_N14_x_N13,N14,N13,8.9,45.425709515859765,24.58927954957661
p_N14_x_N13,N14,N13,8.9,45.6677796327212,24.46340692779423
p_N14_x_N13,N14,N13,8.9,45.90984974958264,24.32162167260008
p_N14_x_N13,N14,N13,8.9,46.151919866444075,24.19023191228998
p_N14_x_N13,N14,N13,8.9,46.39398998330551,24.07070293911123
p_N14_x_N13,N14,N13,8.9,46.636060100166944,23.942242305503132
p_N14_x_N13,N14,N13,8.9,46.87813021702838,23.821138775977115
p_N14_x_N13,N14,N13,8.9,47.12020033388982,23.69461145989822
p_N14_x_N13,N14,N13,8.9,47.362270450751254,23.57498155156149
p_N14_x_N13,N14,N13,8.9,47.60434056761269,23.448239722930204
p_N14_x_N13,N14,N13,8.9,47.84641068447412,23.322770939106775
p_N14_x_N13,N14,N13,8.9,48.08848080133556,23.19417389677822
p_N14_x_N13,N14,N13,8.9,48.330550918197,23.07479189314699
p_N14_x_N13,N14,N13,8.9,48.57262103505843,22.953818724815378
p_N14_x_N13,N14,N13,8.9,48.81469115191987,22.843117184044793
p_N14_x_N13,N14,N13,8.9,49.0567612687813,22.736407535519504
p_N14_x_N13,N14,N13,8.9,49.298831385642735,22.62125887510747
p_N14_x_N13,N14,N13,8.9,49.54090150250418,22.503900434426797
p_N14_x_N13,N14,N13,8.9,49.78297161936561,22.394171675556947
p_N14_x_N13,N14,N13,8.9,50.025041736227045,22.284087902458552
p_N14_x_N13,N14,N13,8.9,50.26711185308848,22.179625269372213
p_N14_x_N13,N14,N13,8.9,50.509181969949914,22.082707848548715
p_N14_x_N13,N14,N13,8.9,50.751252086811355,21.97980638533151
p_N14_x_N13,N14,N13,8.9,50.99332220367279,21.879949656166815
p_N14_x_N13,N14,N13,8.9,51.235392320534224,21.77296062943143
p_N14_x_N13,N14,N13,8.9,51.47746243739566,21.68026368151659
p_N14_x_N13,N14,N13,8.9,51.71953255425709,21.58425979398208
p_N14_x_N13,N14,N13,8.9,51.961602671118534,21.48862907627781
p_N14_x_N13,N14,N13,8.9,52.20367278797997,21.39375756346498
p_N14_x_N13,N14,N13,8.9,52.4457429048414,21.299633410130298
p_N14_x_N13,N14,N13,8.9,52.68781302170284,21.202201852399693
p_N14_x_N13,N14,N13,8.9,52.92988313856427,21.10599040082447
p_N14_x_N13,N14,N13,8.9,53.17195325542571,21.01898531978796
p_N14_x_N13,N14,N13,8.9,53.41402337228715,20.932649506850055
p_N14_x_N13,N14,N13,8.9,53.65609348914858,20.857211082744797
p_N14_x_N13,N14,N13,8.9,53.898163606010016,20.772147529620423
p_N14_x_N13,N14,N13,8.9,54.14023372287145,20.68408128391581
p_N14_x_N13,N14,N13,8.9,54.38230383973289,20.591188129828552
p_N14_x_N13,N14,N13,8.9,54.624373956594326,20.51343205458147
p_N14_x_N13,N14,N13,8.9,54.86644407345576,20.440149969563585
p_N14_x_N13,N14,N13,8.9,55.108514190317194,20.35442731262139
p_N14_x_N13,N14,N13,8.9,55.35058430717863,20.284117175167417
p_N14_x_N13,N14,N13,8.9,55.59265442404007,20.202506454579805
p_N14_x_N13,N14,N13,8.9,55.834724540901504,20.132535684568285
p_N14_x_N13,N14,N13,8.9,56.07679465776294,20.055626006270927
p_N14_x_N13,N14,N13,8.9,56.31886477462437,19.98068706802475
p_N14_x_N13,N14,N13,8.9,56.56093489148581,19.90729463241246
p_N14_x_N13,N14,N13,8.9,56.80300500834725,19.831206579299824
p_N14_x_N13,N14,N13,8.9,57.04507512520868,19.75702517250227
p_N14_x_N13,N14,N13,8.9,57.28714524207012,19.696156404437296
p_N14_x_N13,N14,N13,8.9,57.52921535893155,19.630469604414547
p_N14_x_N13,N14,N13,8.9,57.771285475792986,19.5663095197565
p_N14_x_N13,N14,N13,8.9,58.01335559265443,19.50360694279837
p_N14_x_N13,N14,N13,8.9,58.25542570951586,19.440857072177167
p_N14_x_N13,N14,N13,8.9,58.497495826377296,19.379583577917632
p_N14_x_N13,N14,N13,8.9,58.73956594323873,19.32173776383498
p_N14_x_N13,N14,N13,8.9,58.981636060100165,19.261488118573517
p_N14_x_N13,N14,N13,8.9,59.223706176961606,19.20223645259366
p_N14_x_N13,N14,N13,8.9,59.46577629382304,19.143336972404413
p_N14_x_N13,N14,N13,8.9,59.707846410684475,19.08209276743322
p_N14_x_N13,N14,N13,8.9,59.94991652754591,19.030381960485236
p_N14_x_N13,N14,N13,8.9,60.19198664440734,18.977278222702623
p_N14_x_N13,N14,N13,8.9,60.434056761268785,18.925930191270808
p_N14_x_N13,N14,N13,8.9,60.67612687813022,18.868689186976816
p_N14_x_N13,N14,N13,8.9,60.91819699499165,18.810912230605943
p_N14_x_N13,N14,N13,8.9,61.16026711185309,18.758251648229702
p_N14_x_N13,N14,N13,8.9,61.40233722871452,18.71418404627127
p_N14_x_N13,N14,N13,8.9,61.64440734557597,18.669003518892517
p_N14_x_N13,N14,N13,8.9,61.8864774624374,18.620423055182503
p_N14_x_N13,N14,N13,8.9,62.12854757929883,18.565105283028497
p_N14_x_N13,N14,N13,8.9,62.37061769616027,18.51465367923158
p_N14_x_N13,N14,N13,8.9,62.6126878130217,18.466874593489024
p_N14_x_N13,N14,N13,8.9,62.85475792988314,18.416619198878266
p_N14_x_N13,N14,N13,8.9,63.09682804674458,18.36694412840409
p_N14_x_N13,N14,N13,8.9,63.33889816360601,18.316736847208055
p_N14_x_N13,N14,N13,8.9,63.580968280467445,18.254554456015175
p_N14_x_N13,N14,N13,8.9,63.82303839732888,18.20022058369868
p_N14_x_N13,N14,N13,8.9,64.06510851419031,18.148748435585944
p_N14_x_N13,N14,N13,8.9,64.30717863105176,18.1005604816638
p_N14_x_N13,N14,N13,8.9,64.5492487479132,18.052272134902022
p_N14_x_N13,N14,N13,8.9,64.79131886477462,17.99855642266892
p_N14_x_N13,N14,N13,8.9,65.03338898163605,17.938452077513645
p_N14_x_N13,N14,N13,8.9,65.27545909849749,17.88239350006335
p_N14_x_N13,N14,N13,8.9,65.51752921535893,17.82495145088378
p_N14_x_N13,N14,N13,8.9,65.75959933222038,17.767932502914455
p_N14_x_N13,N14,N13,8.9,66.0016694490818,17.706370785419708
p_N14_x_N13,N14,N13,8.9,66.24373956594323,17.643795184691516
p_N14_x_N13,N14,N13,8.9,66.48580968280467,17.578132105179222
p_N14_x_N13,N14,N13,8.9,66.72787979966611,17.52013079475137
p_N14_x_N13,N14,N13,8.9,66.96994991652755,17.461534871049544
p_N14_x_N13,N14,N13,8.9,67.21202003338898,17.39953283541718
p_N14_x_N13,N14,N13,8.9,67.45409015025041,17.330733887255146
p_N14_x_N13,N14,N13,8.9,67.69616026711185,17.279325310441656
p_N14_x_N13,N14,N13,8.9,67.93823038397329,17.213170974357457
p_N14_x_N13,N14,N13,8.9,68.18030050083473,17.13923429536292
p_N14_x_N13,N14,N13,8.9,68.42237061769616,17.06473573628433
p_N14_x_N13,N14,N13,8.9,68.66444073455759,17.005858858223505
p_N14_x_N13,N14,N13,8.9,68.90651085141903,16.947985940118485
p_N14_x_N13,N14,N13,8.9,69.14858096828047,16.88326550674212
p_N14_x_N13,N14,N13,8.9,69.3906510851419,16.81599177960667
p_N14_x_N13,N14,N13,8.9,69.63272120200334,16.755379452878564
p_N14_x_N13,N14,N13,8.9,69.87479131886478,16.691406551582514
p_N14_x_N13,N14,N13,8.9,70.11686143572621,16.622824546255345
p_N14_x_N13,N14,N13,8.9,70.35893155258765,16.567212428849615
p_N14_x_N13,N14,N13,8.9,70.60100166944908,16.497858485090553
p_N14_x_N13,N14,N13,8.9,70.84307178631052,16.43217289343004
p_N14_x_N13,N14,N13,8.9,71.08514190317196,16.378465606170984
p_N14_x_N13,N14,N13,8.9,71.32721202003339,16.310305422289126
p_N14_x_N13,N14,N13,8.9,71.56928213689483,16.246644501660093
p_N14_x_N13,N14,N13,8.9,71.81135225375625,16.180584436360764
p_N14_x_N13,N14,N13,8.9,72.0534223706177,16.118576887767418
p_N14_x_N13,N14,N13,8.9,72.29549248747914,16.057090349394933
p_N14_x_N13,N14,N13,8.9,72.53756260434056,15.99165875660346
p_N14_x_N13,N14,N13,8.9,72.779632721202,15.930057650620304
p_N14_x_N13,N14,N13,8.9,73.02170283806343,15.869154631525298
p_N14_x_N13,N14,N13,8.9,73.26377295492487,15.807756539952315
p_N14_x_N13,N14,N13,8.9,73.50584307178632,15.74597199033733
p_N14_x_N13,N14,N13,8.9,73.74791318864774,15.688084975576388
p_N14_x_N13,N14,N13,8.9,73.98998330550918,15.6295117430639
p_N14_x_N13,N14,N13,8.9,74.23205342237061,15.56360881212455
p_N14_x_N13,N14,N13,8.9,74.47412353923205,15.503751761115495
p_N14_x_N13,N14,N13,8.9,74.7161936560935,15.440090646574683
p_N14_x_N13,N14,N13,8.9,74.95826377295492,15.381068141756096
p_N14_x_N13,N14,N13,8.9,75.20033388981636,15.320563529168872
p_N14_x_N13,N14,N13,8.9,75.44240400667779,15.261360083532978
p_N14_x_N13,N14,N13,8.9,75.68447412353923,15.205281275418695
p_N14_x_N13,N14,N13,8.9,75.92654424040067,15.147405250302556
p_N14_x_N13,N14,N13,8.9,76.1686143572621,15.088293632976296
p_N14_x_N13,N14,N13,8.9,76.41068447412354,15.03593968879164
p_N14_x_N13,N14,N13,8.9,76.65275459098497,14.981051063794672
p_N14_x_N13,N14,N13,8.9,76.89482470784641,14.927852254855283
p_N14_x_N13,N14,N13,8.9,77.13689482470785,14.87738469234263
p_N14_x_N13,N14,N13,8.9,77.37896494156928,14.821844975027265
p_N14_x_N13,N14,N13,8.9,77.62103505843072,14.76963689657401
p_N14_x_N13,N14,N13,8.9,77.86310517529215,14.72152484969634
p_N14_x_N13,N14,N13,8.9,78.10517529215359,14.671055059435783
p_N14_x_N13,N14,N13,8.9,78.34724540901503,14.61921137369265
p_N14_x_N13,N14,N13,8.9,78.58931552587646,14.570071630041742
p_N14_x_N13,N14,N13,8.9,78.8313856427379,14.529874680618594
p_N14_x_N13,N14,N13,8.9,79.07345575959933,14.48204562205123
p_N14_x_N13,N14,N13,8.9,79.31552587646077,14.431230227158638
p_N14_x_N13,N14,N13,8.9,79.55759599332221,14.378717927352763
p_N14_x_N13,N14,N13,8.9,79.79966611018364,14.325124467452458
p_N14_x_N13,N14,N13,8.9,80.04173622704508,14.270860330606531
p_N14_x_N13,N14,N13,8.9,80.2838063439065,14.22414200993079
p_N14_x_N13,N14,N13,8.9,80.52587646076795,14.18371760778681
p_N14_x_N13,N14,N13,8.9,80.76794657762939,14.14095341331684
p_N14_x_N13,N14,N13,8.9,81.01001669449082,14.101886292771184
p_N14_x_N13,N14,N13,8.9,81.25208681135226,14.054428081924328
p_N14_x_N13,N14,N13,8.9,81.49415692821368,14.009323239011866
p_N14_x_N13,N14,N13,8.9,81.73622704507513,13.9640131678314
p_N14_x_N13,N14,N13,8.9,81.97829716193657,13.920182651272944
p_N14_x_N13,N14,N13,8.9,82.220367278798,13.877484232453138
p_N14_x_N13,N14,N13,8.9,82.46243739565944,13.835816612959125
p_N14_x_N13,N14,N13,8.9,82.70450751252086,13.788116604216746
p_N14_x_N13,N14,N13,8.9,82.9465776293823,13.747669631331863
p_N14_x_N13,N14,N13,8.9,83.18864774624375,13.704371592824426
p_N14_x_N13,N14,N13,8.9,83.43071786310517,13.665722979150916
p_N14_x_N13,N14,N13,8.9,83.67278797996661,13.624615954887734
p_N14_x_N13,N14,N13,8.9,83.91485809682804,13.585247708469677
p_N14_x_N13,N14,N13,8.9,84.15692821368948,13.544091753599702
p_N14_x_N13,N14,N13,8.9,84.39899833055092,13.499536085172243
p_N14_x_N13,N14,N13,8.9,84.64106844741235,13.459009711231545
p_N14_x_N13,N14,N13,8.9,84.88313856427379,13.419615837077602
p_N14_x_N13,N14,N13,8.9,85.12520868113522,13.3785064373154
p_N14_x_N13,N14,N13,8.9,85.36727879799666,13.33911097139847
p_N14_x_N13,N14,N13,8.9,85.6093489148581,13.298653817766764
p_N14_x_N13,N14,N13,8.9,85.85141903171953,13.261634681610731
p_N14_x_N13,N14,N13,8.9,86.09348914858097,13.220370031467036
p_N14_x_N13,N14,N13,8.9,86.3355592654424,13.181699639107167
p_N14_x_N13,N14,N13,8.9,86.57762938230384,13.146729669443149
p_N14_x_N13,N14,N13,8.9,86.81969949916528,13.110031658539397
p_N14_x_N13,N14,N13,8.9,87.06176961602671,13.07157720627862
p_N14_x_N13,N14,N13,8.9,87.30383973288815,13.035081354135295
p_N14_x_N13,N14,N13,8.9,87.54590984974958,12.996109374563398
p_N14_x_N13,N14,N13,8.9,87.78797996661102,12.963363049304824
p_N14_x_N13,N14,N13,8.9,88.03005008347246,12.936341794085315
p_N14_x_N13,N14,N13,8.9,88.27212020033389,12.898822780387382
p_N14_x_N13,N14,N13,8.9,88.51419031719533,12.861524371742862
p_N14_x_N13,N14,N13,8.9,88.75626043405676,12.831105803537062
p_N14_x_N13,N14,N13,8.9,88.9983305509182,12.797192987818
p_N14_x_N13,N14,N13,8.9,89.24040066777964,12.769631566483884
p_N14_x_N13,N14,N13,8.9,89.48247078464107,12.740710371515654
p_N14_x_N13,N14,N13,8.9,89.72454090150251,12.710490612382298
p_N14_x_N13,N14,N13,8.9,89.96661101836393,12.678984366964354
p_N14_x_N13,N14,N13,8.9,90.20868113522538,12.65165195353634
p_N14_x_N13,N14,N13,8.9,90.45075125208682,12.62218911808066
p_N14_x_N13,N14,N13,8.9,90.69282136894824,12.587229331923616
p_N14_x_N13,N14,N13,8.9,90.93489148580969,12.556236109344216
p_N14_x_N13,N14,N13,8.9,91.17696160267111,12.52960866529707
p_N14_x_N13,N14,N13,8.9,91.41903171953255,12.503136469683476
p_N14_x_N13,N14,N13,8.9,91.661101836394,12.47884506553892
p_N14_x_N13,N14,N13,8.9,91.90317195325542,12.456435311648852
p_N14_x_N13,N14,N13,8.9,92.14524207011686,12.433589782767008
p_N14_x_N13,N14,N13,8.9,92.38731218697828,12.414187798053977
p_N14_x_N13,N14,N13,8.9,92.62938230383972,12.39151599090196
p_N14_x_N13,N14,N13,8.9,92.87145242070116,12.369022496107306
p_N14_x_N13,N14,N13,8.9,93.1135225375626,12.34836029194571
p_N14_x_N13,N14,N13,8.9,93.35559265442404,12.324229027688272
p_N14_x_N13,N14,N13,8.9,93.59766277128548,12.303766216165211
p_N14_x_N13,N14,N13,8.9,93.83973288814693,12.285885307566469
p_N14_x_N13,N14,N13,8.9,94.08180300500835,12.26972069349778
p_N14_x_N13,N14,N13,8.9,94.32387312186978,12.255451276732217
p_N14_x_N13,N14,N13,8.9,94.56594323873122,12.235977452416684
p_N14_x_N13,N14,N13,8.9,94.80801335559264,12.215642657743626
p_N14_x_N13,N14,N13,8.9,95.05008347245408,12.203710314769438
p_N14_x_N13,N14,N13,8.9,95.29215358931552,12.185130485116176
p_N14_x_N13,N14,N13,8.9,95.53422370617696,12.166859911060143
p_N14_x_N13,N14,N13,8.9,95.7762938230384,12.1495239731597
p_N14_x_N13,N14,N13,8.9,96.01836393989984,12.132301355688472
p_N14_x_N13,N14,N13,8.9,96.26043405676128,12.113520804614245
p_N14_x_N13,N14,N13,8.9,96.50250417362273,12.096985921571466
p_N14_x_N13,N14,N13,8.9,96.74457429048414,12.079609581301884
p_N14_x_N13,N14,N13,8.9,96.98664440734558,12.063110459097976
p_N14_x_N13,N14,N13,8.9,97.228714524207,12.04745517169772
p_N14_x_N13,N14,N13,8.9,97.47078464106843,12.029837316885049
p_N14_x_N13,N14,N13,8.9,97.71285475792988,12.01114255347872
p_N14_x_N13,N14,N13,8.9,97.95492487479132,11.99920263187079
p_N14_x_N13,N14,N13,8.9,98.19699499165276,11.983991510183348
p_N14_x_N13,N14,N13,8.9,98.4390651085142,11.965054867954194
p_N14_x_N13,N14,N13,8.9,98.68113522537564,11.945761687742506
p_N14_x_N13,N14,N13,8.9,98.92320534223708,11.929158729305042
p_N14_x_N13,N14,N13,8.9,99.1652754590985,11.91202256016606
p_N14_x_N13,N14,N13,8.9,99.40734557595994,11.89391193191481
p_N14_x_N13,N14,N13,8.9,99.64941569282136,11.873903968525536
p_N14_x_N13,N14,N13,8.9,99.8914858096828,11.856862865618698
p_N14_x_N13,N14,N13,8.9,100.13355592654425,11.840912417344969
p_N14_x_N13,N14,N13,8.9,100.37562604340567,11.822859024028592
p_N14_x_N13,N14,N13,8.9,100.61769616026712,11.802789804086409
p_N14_x_N13,N14,N13,8.9,100.85976627712854,11.783244300075395
p_N14_x_N13,N14,N13,8.9,101.10183639398998,11.765343303648562
p_N14_x_N13,N14,N13,8.9,101.34390651085144,11.742406825840972
p_N14_x_N13,N14,N13,8.9,101.58597662771284,11.720007357554897
p_N14_x_N13,N14,N13,8.9,101.8280467445743,11.703297353788653
p_N14_x_N13,N14,N13,8.9,102.07011686143572,11.68603751893128
p_N14_x_N13,N14,N13,8.9,102.31218697829716,11.667391509314276
p_N14_x_N13,N14,N13,8.9,102.5542570951586,11.649853874711576
p_N14_x_N13,N14,N13,8.9,102.79632721202005,11.634910129952772
p_N14_x_N13,N14,N13,8.9,103.03839732888147,11.616409288174845
p_N14_x_N13,N14,N13,8.9,103.2804674457429,11.596227185520878
p_N14_x_N13,N14,N13,8.9,103.52253756260434,11.579258027040206
p_N14_x_N13,N14,N13,8.9,103.76460767946578,11.562665525095367
p_N14_x_N13,N14,N13,8.9,104.0066777963272,11.543877427529097
p_N14_x_N13,N14,N13,8.9,104.24874791318864,11.522639385158632
p_N14_x_N13,N14,N13,8.9,104.49081803005008,11.505054499726375
p_N14_x_N13,N14,N13,8.9,104.73288814691152,11.48682190392446
p_N14_x_N13,N14,N13,8.9,104.97495826377296,11.471569631356797
p_N14_x_N13,N14,N13,8.9,105.2170283806344,11.452262053221038
p_N14_x_N13,N14,N13,8.9,105.45909849749584,11.430878626244848
p_N14_x_N13,N14,N13,8.9,105.70116861435726,11.41351767664642
p_N14_x_N13,N14,N13,8.9,105.9432387312187,11.397670552677091
p_N14_x_N13,N14,N13,8.9,106.18530884808014,11.3792228331457
p_N14_x_N13,N14,N13,8.9,106.42737896494155,11.358043793214955
p_N14_x_N13,N14,N13,8.9,106.669449081803,11.340453933123491
p_N14_x_N13,N14,N13,8.9,106.91151919866444,11.320877213102802
p_N14_x_N13,N14,N13,8.9,107.15358931552588,11.302620271792572
p_N14_x_N13,N14,N13,8.9,107.39565943238732,11.283182659237667
p_N14_x_N13,N14,N13,8.9,107.63772954924876,11.267121375340553
p_N14_x_N13,N14,N13,8.9,107.8797996661102,11.252547860468455
p_N14_x_N13,N14,N13,8.9,108.1218697829716,11.23996340672046
p_N14_x_N13,N14,N13,8.9,108.36393989983306,11.225465506175953
p_N14_x_N13,N14,N13,8.9,108.6060100166945,11.209050237172807
p_N14_x_N13,N14,N13,8.9,108.84808013355592,11.192960347335656
p_N14_x_N13,N14,N13,8.9,109.09015025041737,11.17479413491806
p_N14_x_N13,N14,N13,8.9,109.3322203672788,11.157379759106208
p_N14_x_N13,N14,N13,8.9,109.57429048414023,11.142446222511902
p_N14_x_N13,N14,N13,8.9,109.81636060100168,11.127254369539742
p_N14_x_N13,N14,N13,8.9,110.0584307178631,11.111406080185953
p_N14_x_N13,N14,N13,8.9,110.30050083472456,11.096734291734611
p_N14_x_N13,N14,N13,8.9,110.54257095158596,11.081040878076651
p_N14_x_N13,N14,N13,8.9,110.7846410684474,11.068002529189664
p_N14_x_N13,N14,N13,8.9,111.02671118530886,11.054101156516584
p_N14_x_N13,N14,N13,8.9,111.26878130217028,11.03940504000639
p_N14_x_N13,N14,N13,8.9,111.51085141903172,11.02216389316204
p_N14_x_N13,N14,N13,8.9,111.75292153589317,11.005575776211185
p_N14_x_N13,N14,N13,8.9,111.9949916527546,10.992818235432251
p_N14_x_N13,N14,N13,8.9,112.23706176961603,10.97633507702529
p_N14_x_N13,N14,N13,8.9,112.47913188647746,10.959523079721844
p_N14_x_N13,N14,N13,8.9,112.7212020033389,10.944501174086154
p_N14_x_N13,N14,N13,8.9,112.96327212020032,10.92885532848537
p_N14_x_N13,N14,N13,8.9,113.20534223706176,10.912808008696327
p_N14_x_N13,N14,N13,8.9,113.4474123539232,10.899522705662442
p_N14_x_N13,N14,N13,8.9,113.68948247078464,10.885886222303332
p_N14_x_N13,N14,N13,8.9,113.93155258764608,10.872011598555307
p_N14_x_N13,N14,N13,8.9,114.17362270450752,10.860324864673704
p_N14_x_N13,N14,N13,8.9,114.41569282136896,10.84682699906705
p_N14_x_N13,N14,N13,8.9,114.6577629382304,10.830369314021707
p_N14_x_N13,N14,N13,8.9,114.89983305509182,10.818210293323885
p_N14_x_N13,N14,N13,8.9,115.14190317195326,10.806656769522778
p_N14_x_N13,N14,N13,8.9,115.38397328881469,10.795631025018546
p_N14_x_N13,N14,N13,8.9,115.62604340567611,10.784361795398338
p_N14_x_N13,N14,N13,8.9,115.86811352253756,10.77318484029026
p_N14_x_N13,N14,N13,8.9,116.110183639399,10.762797407511163
p_N14_x_N13,N14,N13,8.9,116.35225375626044,10.751835139517636
p_N14_x_N13,N14,N13,8.9,116.59432387312188,10.738986035114742
p_N14_x_N13,N14,N13,8.9,116.8363939899833,10.725415797110228
p_N14_x_N13,N14,N13,8.9,117.07846410684476,10.712377936569837
p_N14_x_N13,N14,N13,8.9,117.32053422370618,10.699650286368158
p_N14_x_N13,N14,N13,8.9,117.56260434056762,10.690009857959936
p_N14_x_N13,N14,N13,8.9,117.80467445742904,10.676972770845303
p_N14_x_N13,N14,N13,8.9,118.04674457429049,10.66416603215276
p_N14_x_N13,N14,N13,8.9,118.28881469115191,10.652640783708277
p_N14_x_N13,N14,N13,8.9,118.53088480801335,10.640877265711705
p_N14_x_N13,N14,N13,8.9,118.7729549248748,10.62598509608294
p_N14_x_N13,N14,N13,8.9,119.01502504173622,10.61117471121419
p_N14_x_N13,N14,N13,8.9,119.25709515859766,10.598746309391446
p_N14_x_N13,N14,N13,8.9,119.4991652754591,10.589026188349717
p_N14_x_N13,N14,N13,8.9,119.74123539232052,10.57855730838159
p_N14_x_N13,N14,N13,8.9,119.98330550918196,10.569582674970636
p_N14_x_N13,N14,N13,8.9,120.2253756260434,10.560144768674878
p_N14_x_N13,N14,N13,8.9,120.46744574290484,10.55008305340106
p_N14_x_N13,N14,N13,8.9,120.70951585976628,10.540755480225949
p_N14_x_N13,N14,N13,8.9,120.95158597662773,10.530659063754609
p_N14_x_N13,N14,N13,8.9,121.19365609348915,10.521029211220547
p_N14_x_N13,N14,N13,8.9,121.43572621035058,10.511925032637038
p_N14_x_N13,N14,N13,8.9,121.67779632721202,10.503143098112345
p_N14_x_N13,N14,N13,8.9,121.91986644407346,10.492688054583072
p_N14_x_N13,N14,N13,8.9,122.16193656093488,10.482711967537124
p_N14_x_N13,N14,N13,8.9,122.40400667779632,10.471452350669557
p_N14_x_N13,N14,N13,8.9,122.64607679465776,10.460242356427589
p_N14_x_N13,N14,N13,8.9,122.8881469115192,10.44980559829358
p_N14_x_N13,N14,N13,8.9,123.13021702838064,10.439511912133746
p_N14_x_N13,N14,N13,8.9,123.37228714524208,10.430299254064767
p_N14_x_N13,N14,N13,8.9,123.61435726210352,10.421783793551716
p_N14_x_N13,N14,N13,8.9,123.85642737896494,10.411776695400327
p_N14_x_N13,N14,N13,8.9,124.09849749582638,10.402999664225902
p_N14_x_N13,N14,N13,8.9,124.34056761268782,10.39284793573364
p_N14_x_N13,N14,N13,8.9,124.58263772954923,10.38352332110846
p_N14_x_N13,N14,N13,8.9,124.82470784641067,10.37433797412712
p_N14_x_N13,N14,N13,8.9,125.06677796327212,10.362774912630009
p_N14_x_N13,N14,N13,8.9,125.30884808013356,10.35437683806052
p_N14_x_N13,N14,N13,8.9,125.550918196995,10.346507448918851
p_N14_x_N13,N14,N13,8.9,125.79298831385644,10.3393795712281
p_N14_x_N13,N14,N13,8.9,126.03505843071788,10.32913957561565
p_N14_x_N13,N14,N13,8.9,126.2771285475793,10.31885569871542
p_N14_x_N13,N14,N13,8.9,126.51919866444074,10.310222206871185
p_N14_x_N13,N14,N13,8.9,126.76126878130218,10.300297449086433
p_N14_x_N13,N14,N13,8.9,127.0033388981636,10.290959322484184
p_N14_x_N13,N14,N13,8.9,127.24540901502505,10.28178523292924
p_N14_x_N13,N14,N13,8.9,127.48747913188647,10.274565324076274
p_N14_x_N13,N14,N13,8.9,127.72954924874792,10.268577715856209
p_N14_x_N13,N14,N13,8.9,127.97161936560936,10.259654659436128
p_N14_x_N13,N14,N13,8.9,128.21368948247078,10.25407621246922
p_N14_x_N13,N14,N13,8.9,128.45575959933225,10.24380287201231
p_N14_x_N13,N14,N13,8.9,128.69782971619367,10.236979459145685
p_N14_x_N13,N14,N13,8.9,128.9398998330551,10.23019499219533
p_N14_x_N13,N14,N13,8.9,129.18196994991655,10.223447672105229
p_N14_x_N13,N14,N13,8.9,129.42404006677796,10.216422878642035
p_N14_x_N13,N14,N13,8.9,129.6661101836394,10.208110542675968
p_N14_x_N13,N14,N13,8.9,129.90818030050082,10.201087765782084
p_N14_x_N13,N14,N13,8.9,130.15025041736226,10.19382783294304
p_N14_x_N13,N14,N13,8.9,130.3923205342237,10.185211872653818
p_N14_x_N13,N14,N13,8.9,130.63439065108514,10.176252701015072
p_N14_x_N13,N14,N13,8.9,130.87646076794658,10.16782782343886
p_N14_x_N13,N14,N13,8.9,131.11853088480802,10.161759910469868
p_N14_x_N13,N14,N13,8.9,131.3606010016695,10.153805702715353
p_N14_x_N13,N14,N13,8.9,131.6026711185309,10.145718807591514
p_N14_x_N13,N14,N13,8.9,131.84474123539232,10.138799660917796
p_N14_x_N13,N14,N13,8.9,132.08681135225376,10.13060625273666
p_N14_x_N13,N14,N13,8.9,132.32888146911515,10.12390721515318
p_N14_x_N13,N14,N13,8.9,132.57095158597662,10.114946292658992
p_N14_x_N13,N14,N13,8.9,132.81302170283806,10.106493364995796
p_N14_x_N13,N14,N13,8.9,133.0550918196995,10.098831726108012
p_N14_x_N13,N14,N13,8.9,133.29716193656094,10.089091389154916
p_N14_x_N13,N14,N13,8.9,133.53923205342238,10.080837259198104
p_N14_x_N13,N14,N13,8.9,133.7813021702838,10.075304272053142
p_N14_x_N13,N14,N13,8.9,134.02337228714524,10.066343973406951
p_N14_x_N13,N14,N13,8.9,134.26544240400668,10.05860237126418
p_N14_x_N13,N14,N13,8.9,134.50751252086812,10.050217691885171
p_N14_x_N13,N14,N13,8.9,134.74958263772956,10.042730412180829
p_N14_x_N13,N14,N13,8.9,134.99165275459097,10.03512489780111
p_N14_x_N13,N14,N13,8.9,135.2337228714524,10.02977261504586
p_N14_x_N13,N14,N13,8.9,135.47579298831386,10.023166799788973
p_N14_x_N13,N14,N13,8.9,135.7178631051753,10.015759929444208
p_N14_x_N13,N14,N13,8.9,135.95993322203674,10.0067622142251
p_N14_x_N13,N14,N13,8.9,136.20200333889815,10.001146516574092
p_N14_x_N13,N14,N13,8.9,136.4440734557596,9.995448427993072
p_N14_x_N13,N14,N13,8.9,136.68614357262103,9.984843286742777
p_N14_x_N13,N14,N13,8.9,136.92821368948248,9.977477755535949
p_N14_x_N13,N14,N13,8.9,137.17028380634392,9.97036918114332
p_N14_x_N13,N14,N13,8.9,137.41235392320533,9.96312420063128
p_N14_x_N13,N14,N13,8.9,137.65442404006677,9.957228551250562
p_N14_x_N13,N14,N13,8.9,137.8964941569282,9.953735295403476
p_N14_x_N13,N14,N13,8.9,138.13856427378963,9.948032828621576
p_N14_x_N13,N14,N13,8.9,138.3806343906511,9.940787860964852
p_N14_x_N13,N14,N13,8.9,138.6227045075125,9.93157340573076
p_N14_x_N13,N14,N13,8.9,138.86477462437395,9.922441334547994
p_N14_x_N13,N14,N13,8.9,139.1068447412354,9.91396574018302
p_N14_x_N13,N14,N13,8.9,139.34891485809683,9.905596114397316
p_N14_x_N13,N14,N13,8.9,139.59098497495827,9.897569899092383
p_N14_x_N13,N14,N13,8.9,139.8330550918197,9.890756437375796
p_N14_x_N13,N14,N13,8.9,140.07512520868113,9.881466116275467
p_N14_x_N13,N14,N13,8.9,140.31719532554257,9.874185706697595
p_N14_x_N13,N14,N13,8.9,140.559265442404,9.864995033269787
p_N14_x_N13,N14,N13,8.9,140.80133555926545,9.85584056729105
p_N14_x_N13,N14,N13,8.9,141.04340567612687,9.8444974800823
p_N14_x_N13,N14,N13,8.9,141.2854757929883,9.837477030708447
p_N14_x_N13,N14,N13,8.9,141.52754590984975,9.82723301931892
p_N14_x_N13,N14,N13,8.9,141.7696160267112,9.817820387153688
p_N14_x_N13,N14,N13,8.9,142.01168614357263,9.807990628198493
p_N14_x_N13,N14,N13,8.9,142.25375626043405,9.801273192528363
p_N14_x_N13,N14,N13,8.9,142.4958263772955,9.791975906691944
p_N14_x_N13,N14,N13,8.9,142.73789649415693,9.779074373227532
p_N14_x_N13,N14,N13,8.9,142.97996661101837,9.768243554488738
p_N14_x_N13,N14,N13,8.9,143.2220367278798,9.76170216724834
p_N14_x_N13,N14,N13,8.9,143.46410684474122,9.75210502002286
p_N14_x_N13,N14,N13,8.9,143.7061769616027,9.742787678297343
p_N14_x_N13,N14,N13,8.9,143.9482470784641,9.735334340317229
p_N14_x_N13,N14,N13,8.9,144.19031719532555,9.724642482289845
p_N14_x_N13,N14,N13,8.9,144.432387312187,9.71148476684204
p_N14_x_N13,N14,N13,8.9,144.6744574290484,9.701092154700936
p_N14_x_N13,N14,N13,8.9,144.91652754590984,9.690032626203724
p_N14_x_N13,N14,N13,8.9,145.15859766277129,9.679183280134591
p_N14_x_N13,N14,N13,8.9,145.40066777963273,9.674576874170722
p_N14_x_N13,N14,N13,8.9,145.64273789649417,9.66632339275429
p_N14_x_N13,N14,N13,8.9,145.88480801335558,9.660473848434124
p_N14_x_N13,N14,N13,8.9,146.12687813021702,9.649136435644484
p_N14_x_N13,N14,N13,8.9,146.36894824707846,9.6353781732216
p_N14_x_N13,N14,N13,8.9,146.6110183639399,9.626278853644148
p_N14_x_N13,N14,N13,8.9,146.85308848080135,9.608936749937492
p_N14_x_N13,N14,N13,8.9,147.09515859766276,9.594749761763468
p_N14_x_N13,N14,N13,8.9,147.3372287145242,9.582033178394369
p_N14_x_N13,N14,N13,8.9,147.57929883138564,9.573741519383503
p_N14_x_N13,N14,N13,8.9,147.82136894824708,9.565540144806835
p_N14_x_N13,N14,N13,8.9,148.06343906510853,9.554018274278713
p_N14_x_N13,N14,N13,8.9,148.30550918196994,9.542379945295824
p_N14_x_N13,N14,N13,8.9,148.54757929883138,9.53215150570821
p_N14_x_N13,N14,N13,8.9,148.78964941569282,9.52128832088174
p_N14_x_N13,N14,N13,8.9,149.03171953255426,9.506273588218455
p_N14_x_N13,N14,N13,8.9,149.2737896494157,9.486677131422208
p_N14_x_N13,N14,N13,8.9,149.51585976627712,9.476621901744714
p_N14_x_N13,N14,N13,8.9,149.75792988313856,9.468390231013885
p_N14_x_N13,N14,N13,8.9,150.0,9.455365880437387
p_O16_x_N13,O16,N13,5.55,5.0,0.0
p_O16_x_N13,O16,N13,5.55,5.242070116861436,0.0
p_O16_x_N13,O16,N13,5.55,5.484140233722871,0.0
p_O16_x_N13,O16,N13,5.55,5.726210350584307,0.0008086613037804
p_O16_x_N13,O16,N13,5.55,5.968280467445743,0.0108856898759539
p_O16_x_N13,O16,N13,5.55,6.210350584307179,0.0567410174780346
p_O16_x_N13,O16,N13,5.55,6.452420701168615,0.2221080461960469
p_O16_x_N13,O16,N13,5.55,6.69449081803005,0.6940459296406463
p_O16_x_N13,O16,N13,5.55,6.936560934891486,1.8130348877220732
p_O16_x_N13,O16,N13,5.55,7.178631051752921,4.0815070450378865
p_O16_x_N13,O16,N13,5.55,7.420701168614357,7.971198530781647
p_O16_x_N13,O16,N13,5.55,7.6627712854757934,13.4277359725216
p_O16_x_N13,O16,N13,5.55,7.904841402337229,19.374011002359833
p_O16_x_N13,O16,N13,5.55,8.146911519198664,23.769619629601692
p_O16_x_N13,O16,N13,5.55,8.3889816360601,25.401883949584132
p_O16_x_N13,O16,N13,5.55,8.631051752921536,24.73601560337447
p_O16_x_N13,O16,N13,5.55,8.873121869782972,23.011948827669265
p_O16_x_N13,O16,N13,5.55,9.115191986644408,21.41922760996173
p_O16_x_N13,O16,N13,5.55,9.357262103505844,20.47656594294024
p_O16_x_N13,O16,N13,5.55,9.59933222036728,20.179826280577775
p_O16_x_N13,O16,N13,5.55,9.841402337228716,20.533996213947837
p_O16_x_N13,O16,N13,5.55,10.083472454090147,21.69304850645485
p_O16_x_N13,O16,N13,5.55,10.325542570951589,23.65860187238949
p_O16_x_N13,O16,N13,5.55,10.56761268781302,26.256856371146007
p_O16_x_N13,O16,N13,5.55,10.809682804674456,29.10034444559372
p_O16_x_N13,O16,N13,5.55,11.051752921535892,31.786318886683578
p_O16_x_N13,O16,N13,5.55,11.293823038397328,33.76996242127262
p_O16_x_N13,O16,N13,5.55,11.535893155258766,35.06002526311843
p_O16_x_N13,O16,N13,5.55,11.7779632721202,35.79243718479469
p_O16_x_N13,O16,N13,5.55,12.020033388981636,36.1319181718195
p_O16_x_N13,O16,N13,5.55,12.262103505843072,36.202427124162654
p_O16_x_N13,O16,N13,5.55,12.504173622704506,36.072121566367144
p_O16_x_N13,O16,N13,5.55,12.746243739565944,35.76251606725301
p_O16_x_N13,O16,N13,5.55,12.98831385642738,35.33677749432171
p_O16_x_N13,O16,N13,5.55,13.230383973288816,34.70627244089733
p_O16_x_N13,O16,N13,5.55,13.47245409015025,33.94911093752028
p_O16_x_N13,O16,N13,5.55,13.714524207011689,33.07304839460686
p_O16_x_N13,O16,N13,5.55,13.95659432387312,32.07787593011275
p_O16_x_N13,O16,N13,5.55,14.198664440734555,31.015733445384157
p_O16_x_N13,O16,N13,5.55,14.440734557595992,29.879750149932775
p_O16_x_N13,O16,N13,5.55,14.68280467445743,28.71394221038889
p_O16_x_N13,O16,N13,5.55,14.924874791318866,27.523219028720135
p_O16_x_N13,O16,N13,5.55,15.1669449081803,26.324721020024064
p_O16_x_N13,O16,N13,5.55,15.409015025041736,25.14020734447383
p_O16_x_N13,O16,N13,5.55,15.651085141903172,23.998499737220225
p_O16_x_N13,O16,N13,5.55,15.893155258764608,22.887287600287284
p_O16_x_N13,O16,N13,5.55,16.135225375626042,21.82191738000571
p_O16_x_N13,O16,N13,5.55,16.377295492487477,20.811903835477636
p_O16_x_N13,O16,N13,5.55,16.619365609348915,19.839455653600908
p_O16_x_N13,O16,N13,5.55,16.861435726210352,18.939185815632666
p_O16_x_N13,O16,N13,5.55,17.103505843071787,18.08213200296169
p_O16_x_N13,O16,N13,5.55,17.34557595993322,17.274692898256614
p_O16_x_N13,O16,N13,5.55,17.587646076794655,16.506984377940718
p_O16_x_N13,O16,N13,5.55,17.829716193656093,15.78387984960776
p_O16_x_N13,O16,N13,5.55,18.07178631051753,15.112238244924145
p_O16_x_N13,O16,N13,5.55,18.313856427378965,14.480790587251816
p_O16_x_N13,O16,N13,5.55,18.5559265442404,13.88265070937236
p_O16_x_N13,O16,N13,5.55,18.79799666110183,13.31627750537249
p_O16_x_N13,O16,N13,5.55,19.040066777963272,12.78856819379353
p_O16_x_N13,O16,N13,5.55,19.28213689482471,12.283704159079925
p_O16_x_N13,O16,N13,5.55,19.524207011686144,11.81350261494536
p_O16_x_N13,O16,N13,5.55,19.76627712854758,11.378422701145803
p_O16_x_N13,O16,N13,5.55,20.008347245409013,10.96585404785252
p_O16_x_N13,O16,N13,5.55,20.25041736227045,10.57416667108858
p_O16_x_N13,O16,N13,5.55,20.49248747913189,10.203291880971172
p_O16_x_N13,O16,N13,5.55,20.734557595993323,9.8674386136789
p_O16_x_N13,O16,N13,5.55,20.976627712854757,9.543371058409702
p_O16_x_N13,O16,N13,5.55,21.218697829716195,9.23657612679245
p_O16_x_N13,O16,N13,5.55,21.46076794657763,8.949445690185216
p_O16_x_N13,O16,N13,5.55,21.702838063439064,8.672151029831689
p_O16_x_N13,O16,N13,5.55,21.9449081803005,8.410448831984532
p_O16_x_N13,O16,N13,5.55,22.186978297161936,7.809720942586376
p_O16_x_N13,O16,N13,5.55,22.429048414023377,7.144825137794931
p_O16_x_N13,O16,N13,5.55,22.671118530884808,6.47463651764018
p_O16_x_N13,O16,N13,5.55,22.91318864774624,5.827114906525672
p_O16_x_N13,O16,N13,5.55,23.15525876460768,5.231499259449727
p_O16_x_N13,O16,N13,5.55,23.39732888146911,4.651089477100905
p_O16_x_N13,O16,N13,5.55,23.639398998330552,4.115519392909624
p_O16_x_N13,O16,N13,5.55,23.881469115191987,3.6086711504645095
p_O16_x_N13,O16,N13,5.55,24.12353923205342,3.277602057108629
p_O16_x_N13,O16,N13,5.55,24.36560934891486,3.0987261705543103
p_O16_x_N13,O16,N13,5.55,24.607679465776293,2.9291956833524813
p_O16_x_N13,O16,N13,5.55,24.84974958263773,2.766170391863667
p_O16_x_N13,O16,N13,5.55,25.091819699499165,2.6110999362225225
p_O16_x_N13,O16,N13,5.55,25.3338898163606,2.4652219339020593
p_O16_x_N13,O16,N13,5.55,25.57595993322204,2.330797116895992
p_O16_x_N13,O16,N13,5.55,25.818030050083472,2.205317482628113
p_O16_x_N13,O16,N13,5.55,26.06010016694491,2.087474811020561
p_O16_x_N13,O16,N13,5.55,26.302170283806344,1.9794686301277156
p_O16_x_N13,O16,N13,5.55,26.54424040066778,1.8845688425271576
p_O16_x_N13,O16,N13,5.55,26.786310517529216,1.7931711850339322
p_O16_x_N13,O16,N13,5.55,27.02838063439065,1.708853113243705
p_O16_x_N13,O16,N13,5.55,27.27045075125209,1.6374615443804503
p_O16_x_N13,O16,N13,5.55,27.512520868113523,1.5786231465527605
p_O16_x_N13,O16,N13,5.55,27.754590984974957,1.5290131128783897
p_O16_x_N13,O16,N13,5.55,27.996661101836395,1.489076786276641
p_O16_x_N13,O16,N13,5.55,28.23873121869783,1.457479492743017
p_O16_x_N13,O16,N13,5.55,28.480801335559267,1.4328313420223178
p_O16_x_N13,O16,N13,5.55,28.7228714524207,1.414753274537086
p_O16_x_N13,O16,N13,5.55,28.964941569282136,1.4007737051442852
p_O16_x_N13,O16,N13,5.55,29.207011686143577,1.3937143222909358
p_O16_x_N13,O16,N13,5.55,29.449081803005008,1.3906415954555986
p_O16_x_N13,O16,N13,5.55,29.69115191986645,1.3898739610355897
p_O16_x_N13,O16,N13,5.55,29.93322203672788,1.3908805327444365
p_O16_x_N13,O16,N13,5.55,30.17529215358931,1.3955623824901011
p_O16_x_N13,O16,N13,5.55,30.417362270450752,1.4012127692551943
p_O16_x_N13,O16,N13,5.55,30.659432387312187,1.410781526888754
p_O16_x_N13,O16,N13,5.55,30.901502504173624,1.4202787811347113
p_O16_x_N13,O16,N13,5.55,31.14357262103506,1.4328578794170688
p_O16_x_N13,O16,N13,5.55,31.385642737896493,1.4453769652677693
p_O16_x_N13,O16,N13,5.55,31.62771285475793,1.460951006715604
p_O16_x_N13,O16,N13,5.55,31.869782971619365,1.4793957659870731
p_O16_x_N13,O16,N13,5.55,32.1118530884808,1.4968746371889958
p_O16_x_N13,O16,N13,5.55,32.35392320534224,1.515799550433622
p_O16_x_N13,O16,N13,5.55,32.59599332220367,1.5377562825737945
p_O16_x_N13,O16,N13,5.55,32.83806343906511,1.559311959360227
p_O16_x_N13,O16,N13,5.55,33.080133555926544,1.5826267945109138
p_O16_x_N13,O16,N13,5.55,33.32220367278798,1.6090311799378705
p_O16_x_N13,O16,N13,5.55,33.56427378964942,1.6363214783866882
p_O16_x_N13,O16,N13,5.55,33.80634390651085,1.6635287407977335
p_O16_x_N13,O16,N13,5.55,34.04841402337229,1.6910507255440814
p_O16_x_N13,O16,N13,5.55,34.29048414023372,1.7215221047592268
p_O16_x_N13,O16,N13,5.55,34.53255425709516,1.7550350588657944
p_O16_x_N13,O16,N13,5.55,34.7746243739566,1.7885712903528737
p_O16_x_N13,O16,N13,5.55,35.016694490818026,1.823659665496704
p_O16_x_N13,O16,N13,5.55,35.25876460767947,1.857724469763308
p_O16_x_N13,O16,N13,5.55,35.5008347245409,1.8946745378400032
p_O16_x_N13,O16,N13,5.55,35.742904841402336,1.9337399618727091
p_O16_x_N13,O16,N13,5.55,35.98497495826378,1.9739394426549493
p_O16_x_N13,O16,N13,5.55,36.2270450751252,2.0167221462469818
p_O16_x_N13,O16,N13,5.55,36.469115191986646,2.058792632016166
p_O16_x_N13,O16,N13,5.55,36.71118530884808,2.1038322066238826
p_O16_x_N13,O16,N13,5.55,36.953255425709514,2.1501235680958577
p_O16_x_N13,O16,N13,5.55,37.19532554257095,2.199071811747942
p_O16_x_N13,O16,N13,5.55,37.43739565943239,2.2465011604196716
p_O16_x_N13,O16,N13,5.55,37.679465776293824,2.295138648791244
p_O16_x_N13,O16,N13,5.55,37.92153589315526,2.3461264183886197
p_O16_x_N13,O16,N13,5.55,38.16360601001669,2.399404717516913
p_O16_x_N13,O16,N13,5.55,38.40567612687813,2.4538944889058776
p_O16_x_N13,O16,N13,5.55,38.64774624373957,2.5093526330675973
p_O16_x_N13,O16,N13,5.55,38.889816360601,2.5652165692691806
p_O16_x_N13,O16,N13,5.55,39.13188647746244,2.621571901527239
p_O16_x_N13,O16,N13,5.55,39.37395659432387,2.680559745094711
p_O16_x_N13,O16,N13,5.55,39.616026711185306,2.7402366490099688
p_O16_x_N13,O16,N13,5.55,39.85809682804675,2.8006338549004894
p_O16_x_N13,O16,N13,5.55,40.10016694490818,2.8613305753366127
p_O16_x_N13,O16,N13,5.55,40.342237061769616,2.9229199246421693
p_O16_x_N13,O16,N13,5.55,40.58430717863105,2.984358052846177
p_O16_x_N13,O16,N13,5.55,40.826377295492485,3.048450484469858
p_O16_x_N13,O16,N13,5.55,41.068447412353926,3.1132480725880773
p_O16_x_N13,O16,N13,5.55,41.31051752921536,3.1783120289146805
p_O16_x_N13,O16,N13,5.55,41.552587646076795,3.242488279854366
p_O16_x_N13,O16,N13,5.55,41.79465776293823,3.3055526639884167
p_O16_x_N13,O16,N13,5.55,42.03672787979966,3.3703990563649833
p_O16_x_N13,O16,N13,5.55,42.278797996661105,3.43643667143097
p_O16_x_N13,O16,N13,5.55,42.52086811352254,3.5035553215248125
p_O16_x_N13,O16,N13,5.55,42.76293823038397,3.5704007358726275
p_O16_x_N13,O16,N13,5.55,43.00500834724541,3.6378337495711937
p_O16_x_N13,O16,N13,5.55,43.24707846410684,3.704956123364119
p_O16_x_N13,O16,N13,5.55,43.48914858096828,3.773617754261855
p_O16_x_N13,O16,N13,5.55,43.73121869782972,3.8408869846606937
p_O16_x_N13,O16,N13,5.55,43.97328881469115,3.909888518997844
p_O16_x_N13,O16,N13,5.55,44.215358931552586,3.9779939419369423
p_O16_x_N13,O16,N13,5.55,44.45742904841402,4.0412856037730736
p_O16_x_N13,O16,N13,5.55,44.69949916527546,4.107111932770104
p_O16_x_N13,O16,N13,5.55,44.941569282136896,4.174087806758167
p_O16_x_N13,O16,N13,5.55,45.18363939899833,4.240987779573427
p_O16_x_N13,O16,N13,5.55,45.425709515859765,4.307365569447459
p_O16_x_N13,O16,N13,5.55,45.6677796327212,4.372143150378246
p_O16_x_N13,O16,N13,5.55,45.90984974958264,4.435379100896102
p_O16_x_N13,O16,N13,5.55,46.151919866444075,4.495658332086811
p_O16_x_N13,O16,N13,5.55,46.39398998330551,4.5578139060645135
p_O16_x_N13,O16,N13,5.55,46.636060100166944,4.617257135485573
p_O16_x_N13,O16,N13,5.55,46.87813021702838,4.677130665372276
p_O16_x_N13,O16,N13,5.55,47.12020033388982,4.736044215537921
p_O16_x_N13,O16,N13,5.55,47.362270450751254,4.790860340715714
p_O16_x_N13,O16,N13,5.55,47.60434056761269,4.84877746745583
p_O16_x_N13,O16,N13,5.55,47.84641068447412,4.89825898442961
p_O16_x_N13,O16,N13,5.55,48.08848080133556,4.952023784181089
p_O16_x_N13,O16,N13,5.55,48.330550918197,4.99925354541811
p_O16_x_N13,O16,N13,5.55,48.57262103505843,5.047548595299789
p_O16_x_N13,O16,N13,5.55,48.81469115191987,5.096175793122711
p_O16_x_N13,O16,N13,5.55,49.0567612687813,5.142338961839289
p_O16_x_N13,O16,N13,5.55,49.298831385642735,5.188720175947353
p_O16_x_N13,O16,N13,5.55,49.54090150250418,5.2315784202835705
p_O16_x_N13,O16,N13,5.55,49.78297161936561,5.269718409419633
p_O16_x_N13,O16,N13,5.55,50.025041736227045,5.309564256920353
p_O16_x_N13,O16,N13,5.55,50.26711185308848,5.343124784176407
p_O16_x_N13,O16,N13,5.55,50.509181969949914,5.3813106348101005
p_O16_x_N13,O16,N13,5.55,50.751252086811355,5.418409929552425
p_O16_x_N13,O16,N13,5.55,50.99332220367279,5.452485036832629
p_O16_x_N13,O16,N13,5.55,51.235392320534224,5.485186827227661
p_O16_x_N13,O16,N13,5.55,51.47746243739566,5.517524956561299
p_O16_x_N13,O16,N13,5.55,51.71953255425709,5.547394586062173
p_O16_x_N13,O16,N13,5.55,51.961602671118534,5.5740660937758655
p_O16_x_N13,O16,N13,5.55,52.20367278797997,5.600117548215483
p_O16_x_N13,O16,N13,5.55,52.4457429048414,5.626717515271265
p_O16_x_N13,O16,N13,5.55,52.68781302170284,5.65175404241856
p_O16_x_N13,O16,N13,5.55,52.92988313856427,5.67298052920986
p_O16_x_N13,O16,N13,5.55,53.17195325542571,5.696142597558149
p_O16_x_N13,O16,N13,5.55,53.41402337228715,5.720162360421206
p_O16_x_N13,O16,N13,5.55,53.65609348914858,5.74111014561797
p_O16_x_N13,O16,N13,5.55,53.898163606010016,5.760771017481339
p_O16_x_N13,O16,N13,5.55,54.14023372287145,5.7766818104150675
p_O16_x_N13,O16,N13,5.55,54.38230383973289,5.793914076798512
p_O16_x_N13,O16,N13,5.55,54.624373956594326,5.809478369203384
p_O16_x_N13,O16,N13,5.55,54.86644407345576,5.823776253616787
p_O16_x_N13,O16,N13,5.55,55.108514190317194,5.840412351179665
p_O16_x_N13,O16,N13,5.55,55.35058430717863,5.853402235894006
p_O16_x_N13,O16,N13,5.55,55.59265442404007,5.866322138842527
p_O16_x_N13,O16,N13,5.55,55.834724540901504,5.87156672137718
p_O16_x_N13,O16,N13,5.55,56.07679465776294,5.880387726809191
p_O16_x_N13,O16,N13,5.55,56.31886477462437,5.890603339672475
p_O16_x_N13,O16,N13,5.55,56.56093489148581,5.899556394710617
p_O16_x_N13,O16,N13,5.55,56.80300500834725,5.907400065357471
p_O16_x_N13,O16,N13,5.55,57.04507512520868,5.913829312581559
p_O16_x_N13,O16,N13,5.55,57.28714524207012,5.920005556822614
p_O16_x_N13,O16,N13,5.55,57.52921535893155,5.92168686335285
p_O16_x_N13,O16,N13,5.55,57.771285475792986,5.926800808182545
p_O16_x_N13,O16,N13,5.55,58.01335559265443,5.934048520382295
p_O16_x_N13,O16,N13,5.55,58.25542570951586,5.939252613832742
p_O16_x_N13,O16,N13,5.55,58.497495826377296,5.939462485817842
p_O16_x_N13,O16,N13,5.55,58.73956594323873,5.942467347863808
p_O16_x_N13,O16,N13,5.55,58.981636060100165,5.9451334192408485
p_O16_x_N13,O16,N13,5.55,59.223706176961606,5.949824668692301
p_O16_x_N13,O16,N13,5.55,59.46577629382304,5.9510830714872665
p_O16_x_N13,O16,N13,5.55,59.707846410684475,5.949796834430821
p_O16_x_N13,O16,N13,5.55,59.94991652754591,5.953116758660641
p_O16_x_N13,O16,N13,5.55,60.19198664440734,5.954845505430351
p_O16_x_N13,O16,N13,5.55,60.434056761268785,5.952723229722594
p_O16_x_N13,O16,N13,5.55,60.67612687813022,5.950518318222844
p_O16_x_N13,O16,N13,5.55,60.91819699499165,5.949008753045309
p_O16_x_N13,O16,N13,5.55,61.16026711185309,5.947956086411034
p_O16_x_N13,O16,N13,5.55,61.40233722871452,5.946260887165865
p_O16_x_N13,O16,N13,5.55,61.64440734557597,5.943120332043357
p_O16_x_N13,O16,N13,5.55,61.8864774624374,5.943068060731662
p_O16_x_N13,O16,N13,5.55,62.12854757929883,5.9440475525731795
p_O16_x_N13,O16,N13,5.55,62.37061769616027,5.945181970329335
p_O16_x_N13,O16,N13,5.55,62.6126878130217,5.9446685461829585
p_O16_x_N13,O16,N13,5.55,62.85475792988314,5.944196541914799
p_O16_x_N13,O16,N13,5.55,63.09682804674458,5.940594075803226
p_O16_x_N13,O16,N13,5.55,63.33889816360601,5.938193073087875
p_O16_x_N13,O16,N13,5.55,63.580968280467445,5.93615240007351
p_O16_x_N13,O16,N13,5.55,63.82303839732888,5.936552162010128
p_O16_x_N13,O16,N13,5.55,64.06510851419031,5.936022037629103
p_O16_x_N13,O16,N13,5.55,64.30717863105176,5.935574375033548
p_O16_x_N13,O16,N13,5.55,64.5492487479132,5.930765265981295
p_O16_x_N13,O16,N13,5.55,64.79131886477462,5.929673044886071
p_O16_x_N13,O16,N13,5.55,65.03338898163605,5.926858669563113
p_O16_x_N13,O16,N13,5.55,65.27545909849749,5.926981297656863
p_O16_x_N13,O16,N13,5.55,65.51752921535893,5.925932993362499
p_O16_x_N13,O16,N13,5.55,65.75959933222038,5.922846025943789
p_O16_x_N13,O16,N13,5.55,66.0016694490818,5.921578670207017
p_O16_x_N13,O16,N13,5.55,66.24373956594323,5.920308989456288
p_O16_x_N13,O16,N13,5.55,66.48580968280467,5.920663521271686
p_O16_x_N13,O16,N13,5.55,66.72787979966611,5.917750597249723
p_O16_x_N13,O16,N13,5.55,66.96994991652755,5.914681263000065
p_O16_x_N13,O16,N13,5.55,67.21202003338898,5.913189921234368
p_O16_x_N13,O16,N13,5.55,67.45409015025041,5.911035558976977
p_O16_x_N13,O16,N13,5.55,67.69616026711185,5.908726193478947
p_O16_x_N13,O16,N13,5.55,67.93823038397329,5.908157964201372
p_O16_x_N13,O16,N13,5.55,68.18030050083473,5.906205788217165
p_O16_x_N13,O16,N13,5.55,68.42237061769616,5.9056718156144345
p_O16_x_N13,O16,N13,5.55,68.66444073455759,5.901866131186601
p_O16_x_N13,O16,N13,5.55,68.90651085141903,5.901306682111503
p_O16_x_N13,O16,N13,5.55,69.14858096828047,5.9001887225060585
p_O16_x_N13,O16,N13,5.55,69.3906510851419,5.897217799551222
p_O16_x_N13,O16,N13,5.55,69.63272120200334,5.896645418671353
p_O16_x_N13,O16,N13,5.55,69.87479131886478,5.8936553791078765
p_O16_x_N13,O16,N13,5.55,70.11686143572621,5.892633568234096
p_O16_x_N13,O16,N13,5.55,70.35893155258765,5.893668442076649
p_O16_x_N13,O16,N13,5.55,70.60100166944908,5.890926394756444
p_O16_x_N13,O16,N13,5.55,70.84307178631052,5.8834837013522545
p_O16_x_N13,O16,N13,5.55,71.08514190317196,5.878381879808925
p_O16_x_N13,O16,N13,5.55,71.32721202003339,5.874537557108368
p_O16_x_N13,O16,N13,5.55,71.56928213689483,5.875223588659706
p_O16_x_N13,O16,N13,5.55,71.81135225375625,5.875801295928402
p_O16_x_N13,O16,N13,5.55,72.0534223706177,5.874407713567081
p_O16_x_N13,O16,N13,5.55,72.29549248747914,5.871834764967872
p_O16_x_N13,O16,N13,5.55,72.53756260434056,5.8695976950490145
p_O16_x_N13,O16,N13,5.55,72.779632721202,5.864182280465372
p_O16_x_N13,O16,N13,5.55,73.02170283806343,5.863037198432249
p_O16_x_N13,O16,N13,5.55,73.26377295492487,5.860648721370572
p_O16_x_N13,O16,N13,5.55,73.50584307178632,5.8601589934564755
p_O16_x_N13,O16,N13,5.55,73.74791318864774,5.855543566185515
p_O16_x_N13,O16,N13,5.55,73.98998330550918,5.854883980710506
p_O16_x_N13,O16,N13,5.55,74.23205342237061,5.850115048415271
p_O16_x_N13,O16,N13,5.55,74.47412353923205,5.851437678883725
p_O16_x_N13,O16,N13,5.55,74.7161936560935,5.85124747660179
p_O16_x_N13,O16,N13,5.55,74.95826377295492,5.84934032552382
p_O16_x_N13,O16,N13,5.55,75.20033388981636,5.84588206579952
p_O16_x_N13,O16,N13,5.55,75.44240400667779,5.845160862301879
p_O16_x_N13,O16,N13,5.55,75.68447412353923,5.845746265495517
p_O16_x_N13,O16,N13,5.55,75.92654424040067,5.848417306555346
p_O16_x_N13,O16,N13,5.55,76.1686143572621,5.848612458268691
p_O16_x_N13,O16,N13,5.55,76.41068447412354,5.849818713943596
p_O16_x_N13,O16,N13,5.55,76.65275459098497,5.850479189453541
p_O16_x_N13,O16,N13,5.55,76.89482470784641,5.851575502128634
p_O16_x_N13,O16,N13,5.55,77.13689482470785,5.850811139786002
p_O16_x_N13,O16,N13,5.55,77.37896494156928,5.854044838125407
p_O16_x_N13,O16,N13,5.55,77.62103505843072,5.857004801182002
p_O16_x_N13,O16,N13,5.55,77.86310517529215,5.859640171894823
p_O16_x_N13,O16,N13,5.55,78.10517529215359,5.861302299381423
p_O16_x_N13,O16,N13,5.55,78.34724540901503,5.863149219458682
p_O16_x_N13,O16,N13,5.55,78.58931552587646,5.867566820391094
p_O16_x_N13,O16,N13,5.55,78.8313856427379,5.872176369013545
p_O16_x_N13,O16,N13,5.55,79.07345575959933,5.87446049446876
p_O16_x_N13,O16,N13,5.55,79.31552587646077,5.874851167044811
p_O16_x_N13,O16,N13,5.55,79.55759599332221,5.878632685384673
p_O16_x_N13,O16,N13,5.55,79.79966611018364,5.879210172901474
p_O16_x_N13,O16,N13,5.55,80.04173622704508,5.882459962369803
p_O16_x_N13,O16,N13,5.55,80.2838063439065,5.884683602816426
p_O16_x_N13,O16,N13,5.55,80.52587646076795,5.886805269075346
p_O16_x_N13,O16,N13,5.55,80.76794657762939,5.8899142409635825
p_O16_x_N13,O16,N13,5.55,81.01001669449082,5.896050910814141
p_O16_x_N13,O16,N13,5.55,81.25208681135226,5.901271392571868
p_O16_x_N13,O16,N13,5.55,81.49415692821368,5.9034709025245355
p_O16_x_N13,O16,N13,5.55,81.73622704507513,5.905293038135527
p_O16_x_N13,O16,N13,5.55,81.97829716193657,5.910488313161075
p_O16_x_N13,O16,N13,5.55,82.220367278798,5.914841849501699
p_O16_x_N13,O16,N13,5.55,82.46243739565944,5.920170276700487
p_O16_x_N13,O16,N13,5.55,82.70450751252086,5.924281453659436
p_O16_x_N13,O16,N13,5.55,82.9465776293823,5.928077816383755
p_O16_x_N13,O16,N13,5.55,83.18864774624375,5.929262939325374
p_O16_x_N13,O16,N13,5.55,83.43071786310517,5.930747817138445
p_O16_x_N13,O16,N13,5.55,83.67278797996661,5.931238830837842
p_O16_x_N13,O16,N13,5.55,83.91485809682804,5.932418858407363
p_O16_x_N13,O16,N13,5.55,84.15692821368948,5.934269094653317
p_O16_x_N13,O16,N13,5.55,84.39899833055092,5.936547002821014
p_O16_x_N13,O16,N13,5.55,84.64106844741235,5.939521223711019
p_O16_x_N13,O16,N13,5.55,84.88313856427379,5.9395395740474495
p_O16_x_N13,O16,N13,5.55,85.12520868113522,5.941980939640291
p_O16_x_N13,O16,N13,5.55,85.36727879799666,5.941419354066077
p_O16_x_N13,O16,N13,5.55,85.6093489148581,5.944765768017458
p_O16_x_N13,O16,N13,5.55,85.85141903171953,5.946301572471626
p_O16_x_N13,O16,N13,5.55,86.09348914858097,5.949256523620017
p_O16_x_N13,O16,N13,5.55,86.3355592654424,5.9458458750447285
p_O16_x_N13,O16,N13,5.55,86.57762938230384,5.946704746059215
p_O16_x_N13,O16,N13,5.55,86.81969949916528,5.9468526085161955
p_O16_x_N13,O16,N13,5.55,87.06176961602671,5.947086967657643
p_O16_x_N13,O16,N13,5.55,87.30383973288815,5.946594540650915
p_O16_x_N13,O16,N13,5.55,87.54590984974958,5.945079684884541
p_O16_x_N13,O16,N13,5.55,87.78797996661102,5.9422589924466696
p_O16_x_N13,O16,N13,5.55,88.03005008347246,5.938567350230887
p_O16_x_N13,O16,N13,5.55,88.27212020033389,5.935867328181287
p_O16_x_N13,O16,N13,5.55,88.51419031719533,5.933039321094503
p_O16_x_N13,O16,N13,5.55,88.75626043405676,5.930784731905643
p_O16_x_N13,O16,N13,5.55,88.9983305509182,5.928945899537084
p_O16_x_N13,O16,N13,5.55,89.24040066777964,5.929511466136986
p_O16_x_N13,O16,N13,5.55,89.48247078464107,5.926963986541255
p_O16_x_N13,O16,N13,5.55,89.72454090150251,5.9259970677554215
p_O16_x_N13,O16,N13,5.55,89.96661101836393,5.920704414781531
p_O16_x_N13,O16,N13,5.55,90.20868113522538,5.918948248504735
p_O16_x_N13,O16,N13,5.55,90.45075125208682,5.909978821222177
p_O16_x_N13,O16,N13,5.55,90.69282136894824,5.903609562624631
p_O16_x_N13,O16,N13,5.55,90.93489148580969,5.902274291746629
p_O16_x_N13,O16,N13,5.55,91.17696160267111,5.90174790577014
p_O16_x_N13,O16,N13,5.55,91.41903171953255,5.8985684259174835
p_O16_x_N13,O16,N13,5.55,91.661101836394,5.894424602191634
p_O16_x_N13,O16,N13,5.55,91.90317195325542,5.892427179973941
p_O16_x_N13,O16,N13,5.55,92.14524207011686,5.886887439726549
p_O16_x_N13,O16,N13,5.55,92.38731218697828,5.882184675890286
p_O16_x_N13,O16,N13,5.55,92.62938230383972,5.87523019574204
p_O16_x_N13,O16,N13,5.55,92.87145242070116,5.873524310636457
p_O16_x_N13,O16,N13,5.55,93.1135225375626,5.87129100473738
p_O16_x_N13,O16,N13,5.55,93.35559265442404,5.867455778240638
p_O16_x_N13,O16,N13,5.55,93.59766277128548,5.864882394873568
p_O16_x_N13,O16,N13,5.55,93.83973288814693,5.861927109658714
p_O16_x_N13,O16,N13,5.55,94.08180300500835,5.856505774477704
p_O16_x_N13,O16,N13,5.55,94.32387312186978,5.852677225709587
p_O16_x_N13,O16,N13,5.55,94.56594323873122,5.851164159735411
p_O16_x_N13,O16,N13,5.55,94.80801335559264,5.850047190697129
p_O16_x_N13,O16,N13,5.55,95.05008347245408,5.849295070943398
p_O16_x_N13,O16,N13,5.55,95.29215358931552,5.8490903434446775
p_O16_x_N13,O16,N13,5.55,95.53422370617696,5.847650377404035
p_O16_x_N13,O16,N13,5.55,95.7762938230384,5.850236545487863
p_O16_x_N13,O16,N13,5.55,96.01836393989984,5.850220944723022
p_O16_x_N13,O16,N13,5.55,96.26043405676128,5.851648181498341
p_O16_x_N13,O16,N13,5.55,96.50250417362273,5.855089691501692
p_O16_x_N13,O16,N13,5.55,96.74457429048414,5.854853052677191
p_O16_x_N13,O16,N13,5.55,96.98664440734558,5.856463184392766
p_O16_x_N13,O16,N13,5.55,97.228714524207,5.859267194982163
p_O16_x_N13,O16,N13,5.55,97.47078464106843,5.859981655252077
p_O16_x_N13,O16,N13,5.55,97.71285475792988,5.864495018691868
p_O16_x_N13,O16,N13,5.55,97.95492487479132,5.868589584330523
p_O16_x_N13,O16,N13,5.55,98.19699499165276,5.872692335072258
p_O16_x_N13,O16,N13,5.55,98.4390651085142,5.873649625104328
p_O16_x_N13,O16,N13,5.55,98.68113522537564,5.874650255485032
p_O16_x_N13,O16,N13,5.55,98.92320534223708,5.876875154376892
p_O16_x_N13,O16,N13,5.55,99.1652754590985,5.880559876936994
p_O16_x_N13,O16,N13,5.55,99.40734557595994,5.880276421360286
p_O16_x_N13,O16,N13,5.55,99.64941569282136,5.883169704835559
p_O16_x_N13,O16,N13,5.55,99.8914858096828,5.8860074573475725
p_O16_x_N13,O16,N13,5.55,100.13355592654425,5.8915295419604625
p_O16_x_N13,O16,N13,5.55,100.37562604340567,5.8943844758070245
p_O16_x_N13,O16,N13,5.55,100.61769616026712,5.894698780288251
p_O16_x_N13,O16,N13,5.55,100.85976627712854,5.895273047538435
p_O16_x_N13,O16,N13,5.55,101.10183639398998,5.8946740355883325
p_O16_x_N13,O16,N13,5.55,101.34390651085144,5.895084199096273
p_O16_x_N13,O16,N13,5.55,101.58597662771284,5.8952115352323755
p_O16_x_N13,O16,N13,5.55,101.8280467445743,5.8951725080722905
p_O16_x_N13,O16,N13,5.55,102.07011686143572,5.895702278326352
p_O16_x_N13,O16,N13,5.55,102.31218697829716,5.8943993040848595
p_O16_x_N13,O16,N13,5.55,102.5542570951586,5.892105964613208
p_O16_x_N13,O16,N13,5.55,102.79632721202005,5.892382253545835
p_O16_x_N13,O16,N13,5.55,103.03839732888147,5.889231514796249
p_O16_x_N13,O16,N13,5.55,103.2804674457429,5.887344464212303
p_O16_x_N13,O16,N13,5.55,103.52253756260434,5.886218026183852
p_O16_x_N13,O16,N13,5.55,103.76460767946578,5.885774118872695
p_O16_x_N13,O16,N13,5.55,104.0066777963272,5.8836171103446295
p_O16_x_N13,O16,N13,5.55,104.24874791318864,5.881274252658905
p_O16_x_N13,O16,N13,5.55,104.49081803005008,5.88191432475342
p_O16_x_N13,O16,N13,5.55,104.73288814691152,5.880529472606403
p_O16_x_N13,O16,N13,5.55,104.97495826377296,5.8758834476643145
p_O16_x_N13,O16,N13,5.55,105.2170283806344,5.874288258353457
p_O16_x_N13,O16,N13,5.55,105.45909849749584,5.870023997030064
p_O16_x_N13,O16,N13,5.55,105.70116861435726,5.868531231550447
p_O16_x_N13,O16,N13,5.55,105.9432387312187,5.868386450021832
p_O16_x_N13,O16,N13,5.55,106.18530884808014,5.867237934783311
p_O16_x_N13,O16,N13,5.55,106.42737896494155,5.865919865490366
p_O16_x_N13,O16,N13,5.55,106.669449081803,5.864268713409006
p_O16_x_N13,O16,N13,5.55,106.91151919866444,5.859582990734034
p_O16_x_N13,O16,N13,5.55,107.15358931552588,5.857266351004464
p_O16_x_N13,O16,N13,5.55,107.39565943238732,5.854448732956863
p_O16_x_N13,O16,N13,5.55,107.63772954924876,5.84726418058025
p_O16_x_N13,O16,N13,5.55,107.8797996661102,5.841470799238527
p_O16_x_N13,O16,N13,5.55,108.1218697829716,5.837693054737978
p_O16_x_N13,O16,N13,5.55,108.36393989983306,5.83347609937557
p_O16_x_N13,O16,N13,5.55,108.6060100166945,5.832678808153872
p_O16_x_N13,O16,N13,5.55,108.84808013355592,5.82798814556905
p_O16_x_N13,O16,N13,5.55,109.09015025041737,5.822742231565018
p_O16_x_N13,O16,N13,5.55,109.3322203672788,5.81842436897096
p_O16_x_N13,O16,N13,5.55,109.57429048414023,5.816534724592439
p_O16_x_N13,O16,N13,5.55,109.81636060100168,5.811981645506821
p_O16_x_N13,O16,N13,5.55,110.0584307178631,5.806591133951358
p_O16_x_N13,O16,N13,5.55,110.30050083472456,5.801813733306307
p_O16_x_N13,O16,N13,5.55,110.54257095158596,5.795610121026677
p_O16_x_N13,O16,N13,5.55,110.7846410684474,5.792818658701135
p_O16_x_N13,O16,N13,5.55,111.02671118530886,5.787818544068186
p_O16_x_N13,O16,N13,5.55,111.26878130217028,5.783623435834384
p_O16_x_N13,O16,N13,5.55,111.51085141903172,5.778168624011574
p_O16_x_N13,O16,N13,5.55,111.75292153589317,5.771927260801675
p_O16_x_N13,O16,N13,5.55,111.9949916527546,5.767318290166989
p_O16_x_N13,O16,N13,5.55,112.23706176961603,5.7642114927988635
p_O16_x_N13,O16,N13,5.55,112.47913188647746,5.758508700129738
p_O16_x_N13,O16,N13,5.55,112.7212020033389,5.753536224181519
p_O16_x_N13,O16,N13,5.55,112.96327212020032,5.74840099939469
p_O16_x_N13,O16,N13,5.55,113.20534223706176,5.742734309064566
p_O16_x_N13,O16,N13,5.55,113.4474123539232,5.7375604488679315
p_O16_x_N13,O16,N13,5.55,113.68948247078464,5.731796867509532
p_O16_x_N13,O16,N13,5.55,113.93155258764608,5.726028820749795
p_O16_x_N13,O16,N13,5.55,114.17362270450752,5.7187773290603126
p_O16_x_N13,O16,N13,5.55,114.41569282136896,5.713453336228909
p_O16_x_N13,O16,N13,5.55,114.6577629382304,5.707938228554919
p_O16_x_N13,O16,N13,5.55,114.89983305509182,5.703695783381438
p_O16_x_N13,O16,N13,5.55,115.14190317195326,5.698363298910619
p_O16_x_N13,O16,N13,5.55,115.38397328881469,5.692768144921178
p_O16_x_N13,O16,N13,5.55,115.62604340567611,5.688119582781795
p_O16_x_N13,O16,N13,5.55,115.86811352253756,5.681960676613304
p_O16_x_N13,O16,N13,5.55,116.110183639399,5.675794325316436
p_O16_x_N13,O16,N13,5.55,116.35225375626044,5.669726269949008
p_O16_x_N13,O16,N13,5.55,116.59432387312188,5.66478333297461
p_O16_x_N13,O16,N13,5.55,116.8363939899833,5.658766136321642
p_O16_x_N13,O16,N13,5.55,117.07846410684476,5.6530733545660325
p_O16_x_N13,O16,N13,5.55,117.32053422370618,5.6465280468671235
p_O16_x_N13,O16,N13,5.55,117.56260434056762,5.640617457695303
p_O16_x_N13,O16,N13,5.55,117.80467445742904,5.6353635254606385
p_O16_x_N13,O16,N13,5.55,118.04674457429049,5.6283311232031314
p_O16_x_N13,O16,N13,5.55,118.28881469115191,5.624028772845632
p_O16_x_N13,O16,N13,5.55,118.53088480801335,5.618935871521167
p_O16_x_N13,O16,N13,5.55,118.7729549248748,5.612877785384871
p_O16_x_N13,O16,N13,5.55,119.01502504173622,5.608699046013945
p_O16_x_N13,O16,N13,5.55,119.25709515859766,5.6034910125510216
p_O16_x_N13,O16,N13,5.55,119.4991652754591,5.598820915338877
p_O16_x_N13,O16,N13,5.55,119.74123539232052,5.59056418644545
p_O16_x_N13,O16,N13,5.55,119.98330550918196,5.584724955172837
p_O16_x_N13,O16,N13,5.55,120.2253756260434,5.579907739224888
p_O16_x_N13,O16,N13,5.55,120.46744574290484,5.574102018252431
p_O16_x_N13,O16,N13,5.55,120.70951585976628,5.566468798328314
p_O16_x_N13,O16,N13,5.55,120.95158597662773,5.558995164002756
p_O16_x_N13,O16,N13,5.55,121.19365609348915,5.554226057055208
p_O16_x_N13,O16,N13,5.55,121.43572621035058,5.549300732701102
p_O16_x_N13,O16,N13,5.55,121.67779632721202,5.543664170681608
p_O16_x_N13,O16,N13,5.55,121.91986644407346,5.537988149549404
p_O16_x_N13,O16,N13,5.55,122.16193656093488,5.532401804658932
p_O16_x_N13,O16,N13,5.55,122.40400667779632,5.528389527735602
p_O16_x_N13,O16,N13,5.55,122.64607679465776,5.522279951059799
p_O16_x_N13,O16,N13,5.55,122.8881469115192,5.516092647866908
p_O16_x_N13,O16,N13,5.55,123.13021702838064,5.511525853660622
p_O16_x_N13,O16,N13,5.55,123.37228714524208,5.5065423911652465
p_O16_x_N13,O16,N13,5.55,123.61435726210352,5.502272234511064
p_O16_x_N13,O16,N13,5.55,123.85642737896494,5.499125787895047
p_O16_x_N13,O16,N13,5.55,124.09849749582638,5.495147705403298
p_O16_x_N13,O16,N13,5.55,124.34056761268782,5.490251285931466
p_O16_x_N13,O16,N13,5.55,124.58263772954923,5.48492187386244
p_O16_x_N13,O16,N13,5.55,124.82470784641067,5.479948935374205
p_O16_x_N13,O16,N13,5.55,125.06677796327212,5.475970707493391
p_O16_x_N13,O16,N13,5.55,125.30884808013356,5.471543748738819
p_O16_x_N13,O16,N13,5.55,125.550918196995,5.466782646115786
p_O16_x_N13,O16,N13,5.55,125.79298831385644,5.462590049382461
p_O16_x_N13,O16,N13,5.55,126.03505843071788,5.45752544280737
p_O16_x_N13,O16,N13,5.55,126.2771285475793,5.453131922563156
p_O16_x_N13,O16,N13,5.55,126.51919866444074,5.448680637946533
p_O16_x_N13,O16,N13,5.55,126.76126878130218,5.442904216803379
p_O16_x_N13,O16,N13,5.55,127.0033388981636,5.436500881747021
p_O16_x_N13,O16,N13,5.55,127.24540901502505,5.431495895292811
p_O16_x_N13,O16,N13,5.55,127.48747913188647,5.42548161105867
p_O16_x_N13,O16,N13,5.55,127.72954924874792,5.420975153569659
p_O16_x_N13,O16,N13,5.55,127.97161936560936,5.416409344855381
p_O16_x_N13,O16,N13,5.55,128.21368948247078,5.411944511501248
p_O16_x_N13,O16,N13,5.55,128.45575959933225,5.407171205075551
p_O16_x_N13,O16,N13,5.55,128.69782971619367,5.403165834121303
p_O16_x_N13,O16,N13,5.55,128.9398998330551,5.398526986833305
p_O16_x_N13,O16,N13,5.55,129.18196994991655,5.3942092892185745
p_O16_x_N13,O16,N13,5.55,129.42404006677796,5.388551243114479
p_O16_x_N13,O16,N13,5.55,129.6661101836394,5.383615274497106
p_O16_x_N13,O16,N13,5.55,129.90818030050082,5.379276346280224
p_O16_x_N13,O16,N13,5.55,130.15025041736226,5.3743247133385506
p_O16_x_N13,O16,N13,5.55,130.3923205342237,5.369722033965614
p_O16_x_N13,O16,N13,5.55,130.63439065108514,5.364402200461452
p_O16_x_N13,O16,N13,5.55,130.87646076794658,5.359435171886595
p_O16_x_N13,O16,N13,5.55,131.11853088480802,5.353581274479943
p_O16_x_N13,O16,N13,5.55,131.3606010016695,5.349576947010259
p_O16_x_N13,O16,N13,5.55,131.6026711185309,5.3458078660160915
p_O16_x_N13,O16,N13,5.55,131.84474123539232,5.341107010157797
p_O16_x_N13,O16,N13,5.55,132.08681135225376,5.336666940477968
p_O16_x_N13,O16,N13,5.55,132.32888146911515,5.3329985955701265
p_O16_x_N13,O16,N13,5.55,132.57095158597662,5.328853164231198
p_O16_x_N13,O16,N13,5.55,132.81302170283806,5.324362326543304
p_O16_x_N13,O16,N13,5.55,133.0550918196995,5.321010434898181
p_O16_x_N13,O16,N13,5.55,133.29716193656094,5.3168210926124715
p_O16_x_N13,O16,N13,5.55,133.53923205342238,5.312807422397572
p_O16_x_N13,O16,N13,5.55,133.7813021702838,5.308870286411608
p_O16_x_N13,O16,N13,5.55,134.02337228714524,5.304482800583388
p_O16_x_N13,O16,N13,5.55,134.26544240400668,5.300368452050961
p_O16_x_N13,O16,N13,5.55,134.50751252086812,5.296069774448723
p_O16_x_N13,O16,N13,5.55,134.74958263772956,5.293676263249537
p_O16_x_N13,O16,N13,5.55,134.99165275459097,5.290165565016435
p_O16_x_N13,O16,N13,5.55,135.2337228714524,5.285741480322445
p_O16_x_N13,O16,N13,5.55,135.47579298831386,5.281830591977748
p_O16_x_N13,O16,N13,5.55,135.7178631051753,5.277819327734749
p_O16_x_N13,O16,N13,5.55,135.95993322203674,5.27485396015172
p_O16_x_N13,O16,N13,5.55,136.20200333889815,5.271280166329512
p_O16_x_N13,O16,N13,5.55,136.4440734557596,5.266874128424201
p_O16_x_N13,O16,N13,5.55,136.68614357262103,5.263651515796211
p_O16_x_N13,O16,N13,5.55,136.92821368948248,5.2598684201916015
p_O16_x_N13,O16,N13,5.55,137.17028380634392,5.256379486370188
p_O16_x_N13,O16,N13,5.55,137.41235392320533,5.2520619519672245
p_O16_x_N13,O16,N13,5.55,137.65442404006677,5.247035618217445
p_O16_x_N13,O16,N13,5.55,137.8964941569282,5.242418345779487
p_O16_x_N13,O16,N13,5.55,138.13856427378963,5.239326392405008
p_O16_x_N13,O16,N13,5.55,138.3806343906511,5.236320319491819
p_O16_x_N13,O16,N13,5.55,138.6227045075125,5.231831079018935
p_O16_x_N13,O16,N13,5.55,138.86477462437395,5.225930437949909
p_O16_x_N13,O16,N13,5.55,139.1068447412354,5.220790748958913
p_O16_x_N13,O16,N13,5.55,139.34891485809683,5.215415528550517
p_O16_x_N13,O16,N13,5.55,139.59098497495827,5.211365405818962
p_O16_x_N13,O16,N13,5.55,139.8330550918197,5.206238863454939
p_O16_x_N13,O16,N13,5.55,140.07512520868113,5.201598073649145
p_O16_x_N13,O16,N13,5.55,140.31719532554257,5.198192457388185
p_O16_x_N13,O16,N13,5.55,140.559265442404,5.194604240320636
p_O16_x_N13,O16,N13,5.55,140.80133555926545,5.190801518273325
p_O16_x_N13,O16,N13,5.55,141.04340567612687,5.1862170880361695
p_O16_x_N13,O16,N13,5.55,141.2854757929883,5.182603146674662
p_O16_x_N13,O16,N13,5.55,141.52754590984975,5.178003280164021
p_O16_x_N13,O16,N13,5.55,141.7696160267112,5.172830999603851
p_O16_x_N13,O16,N13,5.55,142.01168614357263,5.168811655628698
p_O16_x_N13,O16,N13,5.55,142.25375626043405,5.16574385509789
p_O16_x_N13,O16,N13,5.55,142.4958263772955,5.16168640794385
p_O16_x_N13,O16,N13,5.55,142.73789649415693,5.158036902776725
p_O16_x_N13,O16,N13,5.55,142.97996661101837,5.151612033028483
p_O16_x_N13,O16,N13,5.55,143.2220367278798,5.144985449579828
p_O16_x_N13,O16,N13,5.55,143.46410684474122,5.137297852510276
p_O16_x_N13,O16,N13,5.55,143.7061769616027,5.129926111314118
p_O16_x_N13,O16,N13,5.55,143.9482470784641,5.125228038575566
p_O16_x_N13,O16,N13,5.55,144.19031719532555,5.119656886477255
p_O16_x_N13,O16,N13,5.55,144.432387312187,5.116777763770418
p_O16_x_N13,O16,N13,5.55,144.6744574290484,5.106039959672757
p_O16_x_N13,O16,N13,5.55,144.91652754590984,5.097309665018351
p_O16_x_N13,O16,N13,5.55,145.15859766277129,5.089430339419353
p_O16_x_N13,O16,N13,5.55,145.40066777963273,5.080975291621417
p_O16_x_N13,O16,N13,5.55,145.64273789649417,5.073091905653534
p_O16_x_N13,O16,N13,5.55,145.88480801335558,5.066426653839757
p_O16_x_N13,O16,N13,5.55,146.12687813021702,5.058801066934751
p_O16_x_N13,O16,N13,5.55,146.36894824707846,5.049422670290565
p_O16_x_N13,O16,N13,5.55,146.6110183639399,5.0403914837350445
p_O16_x_N13,O16,N13,5.55,146.85308848080135,5.029787291967129
p_O16_x_N13,O16,N13,5.55,147.09515859766276,5.018328123476225
p_O16_x_N13,O16,N13,5.55,147.3372287145242,5.005504831709311
p_O16_x_N13,O16,N13,5.55,147.57929883138564,4.9977108768255825
p_O16_x_N13,O16,N13,5.55,147.82136894824708,4.987580101229229
p_O16_x_N13,O16,N13,5.55,148.06343906510853,4.977203278224762
p_O16_x_N13,O16,N13,5.55,148.30550918196994,4.966662139003012
p_O16_x_N13,O16,N13,5.55,148.54757929883138,4.955811670220092
p_O16_x_N13,O16,N13,5.55,148.78964941569282,4.944360267095258
p_O16_x_N13,O16,N13,5.55,149.03171953255426,4.931288621647965
p_O16_x_N13,O16,N13,5.55,149.2737896494157,4.9209514670767724
p_O16_x_N13,O16,N13,5.55,149.51585976627712,4.909279999392169
p_O16_x_N13,O16,N13,5.55,149.75792988313856,4.895663658548978
p_O16_x_N13,O16,N13,5.55,150.0,4.884211967573142
