dataset_id,point_id,energy_MeV,sigma_mb,sigma_unc_mb,include_in_fit,reason_code
exfor_A0316_008_p_O16_x_O15,0,16.7,6.43,0.4501,1,accepted
exfor_A0316_008_p_O16_x_O15,1,17.7,11.8,0.8260000000000001,1,accepted
exfor_A0316_008_p_O16_x_O15,2,18.72,9.36,0.6552,1,accepted
exfor_A0316_008_p_O16_x_O15,3,19.73,20.7,1.449,1,accepted
exfor_A0316_008_p_O16_x_O15,4,20.74,22.9,1.603,1,accepted
exfor_A0316_008_p_O16_x_O15,5,21.75,27.35,1.9145,1,accepted
exfor_A0316_008_p_O16_x_O15,6,22.76,37.400000000000006,2.618,1,accepted
exfor_A0316_008_p_O16_x_O15,7,23.76,47.15,3.3005,1,accepted
exfor_A0316_008_p_O16_x_O15,8,24.77,60.0,4.2,1,accepted
exfor_A0316_008_p_O16_x_O15,9,25.78,62.5,4.375,1,accepted
exfor_A0316_008_p_O16_x_O15,10,26.78,65.4,4.577999999999999,1,accepted
exfor_A0316_008_p_O16_x_O15,11,27.8,69.9,4.893,1,accepted
exfor_A0316_008_p_O16_x_O15,12,28.8,75.30000000000001,5.271,1,accepted
exfor_A0316_008_p_O16_x_O15,13,29.8,75.5,5.285,1,accepted
exfor_A0316_008_p_O16_x_O15,14,32.82,76.1,5.327,1,accepted
exfor_A0660_018_p_C12_x_C11,0,1870.0,26.8,2.2,0,outside_energy_range
exfor_A0660_018_p_C12_x_C11,1,2690.0,25.0,3.0,0,outside_energy_range
exfor_B0076_005_p_C12_x_C11,0,8.5,0.4,0.0,0,at_or_below_threshold
exfor_B0076_005_p_C12_x_C11,1,9.8,0.4,0.0,0,at_or_below_threshold
exfor_B0076_005_p_C12_x_C11,2,17.6,15.0,0.0,0,at_or_below_threshold
exfor_B0076_005_p_C12_x_C11,3,17.6,10.7,0.0,0,at_or_below_threshold
exfor_B0076_005_p_C12_x_C11,4,19.5,8.8,0.0,0,no_positive_reported_uncertainty
exfor_B0076_005_p_C12_x_C11,5,23.2,41.6,0.0,0,no_positive_reported_uncertainty
exfor_B0076_005_p_C12_x_C11,6,23.2,46.2,0.0,0,no_positive_reported_uncertainty
exfor_B0076_005_p_C12_x_C11,7,24.3,53.400000000000006,0.0,0,no_positive_reported_uncertainty
exfor_B0076_005_p_C12_x_C11,8,27.5,72.1,0.0,0,no_positive_reported_uncertainty
exfor_B0076_005_p_C12_x_C11,9,27.5,70.3,0.0,0,no_positive_reported_uncertainty
exfor_B0076_005_p_C12_x_C11,10,29.1,84.8,0.0,0,no_positive_reported_uncertainty
exfor_B0076_005_p_C12_x_C11,11,31.4,87.8,0.0,0,no_positive_reported_uncertainty
exfor_B0076_005_p_C12_x_C11,12,31.5,84.6,0.0,0,no_positive_reported_uncertainty
exfor_B0076_005_p_C12_x_C11,13,36.6,94.7,0.0,0,no_positive_reported_uncertainty
exfor_B0076_005_p_C12_x_C11,14,39.4,98.2,0.0,0,no_positive_reported_uncertainty
exfor_B0076_005_p_C12_x_C11,15,39.4,99.6,0.0,0,no_positive_reported_uncertainty
exfor_B0076_005_p_C12_x_C11,16,42.2,94.9,0.0,0,no_positive_reported_uncertainty
exfor_B0076_005_p_C12_x_C11,17,46.1,100.0,0.0,0,no_positive_reported_uncertainty
exfor_B0076_005_p_C12_x_C11,18,46.7,101.0,0.0,0,no_positive_reported_uncertainty
exfor_B0076_005_p_C12_x_C11,19,48.2,94.7,0.0,0,no_positive_reported_uncertainty
exfor_B0076_005_p_C12_x_C11,20,53.4,94.8,0.0,0,no_positive_reported_uncertainty
exfor_B0076_005_p_C12_x_C11,21,53.6,97.8,0.0,0,no_positive_reported_uncertainty
exfor_B0076_005_p_C12_x_C11,22,57.0,91.2,0.0,0,no_positive_reported_uncertainty
exfor_B0076_005_p_C12_x_C11,23,60.0,91.2,0.0,0,no_positive_reported_uncertainty
exfor_B0076_005_p_C12_x_C11,24,61.6,91.8,0.0,0,no_positive_reported_uncertainty
exfor_B0076_005_p_C12_x_C11,25,67.5,86.6,0.0,0,no_positive_reported_uncertainty
exfor_B0076_005_p_C12_x_C11,26,67.5,87.6,0.0,0,no_positive_reported_uncertainty
exfor_B0076_005_p_C12_x_C11,27,69.8,85.9,0.0,0,no_positive_reported_uncertainty
exfor_B0076_005_p_C12_x_C11,28,74.1,82.69999999999999,0.0,0,no_positive_reported_uncertainty
exfor_B0076_005_p_C12_x_C11,29,74.1,83.8,0.0,0,no_positive_reported_uncertainty
exfor_B0076_005_p_C12_x_C11,30,79.0,80.3,0.0,0,no_positive_reported_uncertainty
exfor_B0076_005_p_C12_x_C11,31,81.4,78.60000000000001,0.0,0,no_positive_reported_uncertainty
exfor_B0076_005_p_C12_x_C11,32,81.8,79.8,0.0,0,no_positive_reported_uncertainty
exfor_B0076_005_p_C12_x_C11,33,85.6,76.39999999999999,0.0,0,no_positive_reported_uncertainty
exfor_B0076_005_p_C12_x_C11,34,88.3,75.0,0.0,0,no_positive_reported_uncertainty
exfor_B0076_005_p_C12_x_C11,35,88.3,76.2,0.0,0,no_positive_reported_uncertainty
exfor_B0076_005_p_C12_x_C11,36,92.2,73.2,0.0,0,no_positive_reported_uncertainty
exfor_B0076_005_p_C12_x_C11,37,94.9,71.8,0.0,0,no_positive_reported_uncertainty
exfor_B0076_005_p_C12_x_C11,38,95.0,72.7,0.0,0,no_positive_reported_uncertainty
exfor_B0076_005_p_C12_x_C11,39,101.0,68.6,0.0,0,no_positive_reported_uncertainty
exfor_B0076_005_p_C12_x_C11,40,101.0,70.2,0.0,0,no_positive_reported_uncertainty
exfor_B0076_005_p_C12_x_C11,41,104.0,69.0,0.0,0,no_positive_reported_uncertainty
exfor_B0077_002_p_C12_x_C11,0,15.9,0.0010107,0.0,0,dataset_pending
exfor_B0077_002_p_C12_x_C11,1,16.7,0.0020214,0.0,0,dataset_pending
exfor_B0077_002_p_C12_x_C11,2,17.6,0.0020214,0.0,0,dataset_pending
exfor_B0077_002_p_C12_x_C11,3,18.0,0.007075,0.0,0,dataset_pending
exfor_B0077_002_p_C12_x_C11,4,18.2,0.0090964,0.0,0,dataset_pending
exfor_B0077_002_p_C12_x_C11,5,18.4,0.010107,0.0,0,dataset_pending
exfor_B0077_002_p_C12_x_C11,6,18.6,0.022236,0.0,0,dataset_pending
exfor_B0077_002_p_C12_x_C11,7,18.8,0.034364,0.0,0,dataset_pending
exfor_B0077_002_p_C12_x_C11,8,18.9,0.061654,0.0,0,dataset_pending
exfor_B0077_002_p_C12_x_C11,9,19.1,0.10208,0.0,0,dataset_pending
exfor_B0077_002_p_C12_x_C11,10,19.3,0.1415,0.0,0,dataset_pending
exfor_B0077_002_p_C12_x_C11,11,19.5,0.1819299999999999,0.0,0,dataset_pending
exfor_B0077_002_p_C12_x_C11,12,19.7,0.20517,0.0,0,dataset_pending
exfor_B0077_002_p_C12_x_C11,13,19.9,0.25672,0.0,0,dataset_pending
exfor_B0077_002_p_C12_x_C11,14,20.2,0.3021999999999999,0.0,0,dataset_pending
exfor_B0077_002_p_C12_x_C11,15,20.5,0.32949,0.0,0,dataset_pending
exfor_B0077_002_p_C12_x_C11,16,21.1,0.35173,0.0,0,dataset_pending
exfor_B0077_002_p_C12_x_C11,17,21.7,0.38508,0.0,0,dataset_pending
exfor_B0077_002_p_C12_x_C11,18,22.4,0.46291,0.0,0,dataset_pending
exfor_B0077_002_p_C12_x_C11,19,23.0,0.47706,0.0,0,dataset_pending
exfor_B0077_002_p_C12_x_C11,20,23.6,0.51142,0.0,0,dataset_pending
exfor_B0077_002_p_C12_x_C11,21,24.3,0.54073,0.0,0,dataset_pending
exfor_B0077_002_p_C12_x_C11,22,24.4,0.566,0.0,0,dataset_pending
exfor_B0077_002_p_C12_x_C11,23,24.8,0.5801499999999999,0.0,0,dataset_pending
exfor_B0077_002_p_C12_x_C11,24,25.0,0.58419,0.0,0,dataset_pending
exfor_B0077_002_p_C12_x_C11,25,25.5,0.6448400000000001,0.0,0,dataset_pending
exfor_B0077_002_p_C12_x_C11,26,25.6,0.65595,0.0,0,dataset_pending
exfor_B0077_002_p_C12_x_C11,27,26.0,0.70144,0.0,0,dataset_pending
exfor_B0077_002_p_C12_x_C11,28,26.1,0.71356,0.0,0,dataset_pending
exfor_B0077_002_p_C12_x_C11,29,26.6,0.76612,0.0,0,dataset_pending
exfor_B0077_002_p_C12_x_C11,30,26.7,0.76915,0.0,0,dataset_pending
exfor_B0077_002_p_C12_x_C11,31,27.3,0.7762300000000001,0.0,0,dataset_pending
exfor_B0077_002_p_C12_x_C11,32,27.8,0.7762300000000001,0.0,0,dataset_pending
exfor_B0077_002_p_C12_x_C11,33,28.3,0.78128,0.0,0,dataset_pending
exfor_B0077_002_p_C12_x_C11,34,29.0,0.79846,0.0,0,dataset_pending
exfor_B0077_002_p_C12_x_C11,35,29.3,0.84192,0.0,0,dataset_pending
exfor_B0077_002_p_C12_x_C11,36,29.8,0.84698,0.0,0,dataset_pending
exfor_B0077_002_p_C12_x_C11,37,30.2,0.8591099999999999,0.0,0,dataset_pending
exfor_B0077_002_p_C12_x_C11,38,30.8,0.86719,0.0,0,dataset_pending
exfor_B0077_002_p_C12_x_C11,39,31.3,0.87225,0.0,0,dataset_pending
exfor_B0077_002_p_C12_x_C11,40,31.8,0.89246,0.0,0,dataset_pending
exfor_B0077_002_p_C12_x_C11,41,32.0,0.89954,0.040429,0,dataset_pending
exfor_B0077_003_p_C12_x_C11,0,93.0,0.71255,0.036386,0,dataset_pending
exfor_B0077_003_p_C12_x_C11,1,144.0,0.5710500000000001,0.0151609999999999,0,dataset_pending
exfor_B0077_003_p_C12_x_C11,2,194.0,0.5255700000000001,0.0151609999999999,0,dataset_pending
exfor_B0077_003_p_C12_x_C11,3,245.0,0.50334,0.012129,0,dataset_pending
exfor_B0077_003_p_C12_x_C11,4,263.0,0.51041,0.026279,0,dataset_pending
exfor_B0077_003_p_C12_x_C11,5,293.0,0.48211,0.010107,0,dataset_pending
exfor_B0077_003_p_C12_x_C11,6,313.0,0.4810999999999999,0.021225,0,dataset_pending
exfor_B0077_003_p_C12_x_C11,7,340.0,0.41641,0.0060643,0,dataset_pending
exfor_B0094_003_p_C12_x_C11,0,591.0,29.9,1.5,0,outside_energy_range
exfor_B0095_002_p_C12_x_C11,0,20.7,38.0,1.3,0,dataset_pending
exfor_B0095_002_p_C12_x_C11,1,21.1,32.9,1.1,0,dataset_pending
exfor_B0095_002_p_C12_x_C11,2,30.1,89.1,3.0,0,dataset_pending
exfor_B0095_002_p_C12_x_C11,3,33.3,92.5,3.1,0,dataset_pending
exfor_B0095_002_p_C12_x_C11,4,37.7,90.0,3.0,0,dataset_pending
exfor_B0095_002_p_C12_x_C11,5,42.0,89.39999999999999,3.0,0,dataset_pending
exfor_B0095_002_p_C12_x_C11,6,42.8,91.0,3.0,0,dataset_pending
exfor_B0095_002_p_C12_x_C11,7,44.2,88.8,3.0,0,dataset_pending
exfor_B0095_002_p_C12_x_C11,8,50.5,86.4,2.6,0,dataset_pending
exfor_B0101_002_p_C12_x_C11,0,350.0,36.0,0.7,0,outside_energy_range
exfor_B0101_002_p_C12_x_C11,1,340.0,36.0,3.0,0,outside_energy_range
exfor_B0101_002_p_C12_x_C11,2,325.0,35.9,0.8,0,outside_energy_range
exfor_B0101_002_p_C12_x_C11,3,320.0,35.5,0.7,0,outside_energy_range
exfor_B0101_002_p_C12_x_C11,4,295.0,37.900000000000006,0.4,0,outside_energy_range
exfor_B0101_002_p_C12_x_C11,5,295.0,35.5,1.0,0,outside_energy_range
exfor_B0101_002_p_C12_x_C11,6,270.0,35.9,1.0,0,outside_energy_range
exfor_B0101_002_p_C12_x_C11,7,240.0,37.2,1.8,0,outside_energy_range
exfor_B0101_002_p_C12_x_C11,8,204.0,37.0,2.0,0,outside_energy_range
exfor_B0101_002_p_C12_x_C11,9,170.0,39.7,0.9,0,outside_energy_range
exfor_B0157_002_p_O16_x_N13,0,6.7,0.6489999999999999,0.026,1,accepted
exfor_B0157_002_p_O16_x_N13,1,6.81,1.5399999999999998,0.072,1,accepted
exfor_B0157_002_p_O16_x_N13,2,6.92,3.15,0.1299999999999999,1,accepted
exfor_B0157_002_p_O16_x_N13,3,7.02,4.62,0.17,1,accepted
exfor_B0157_002_p_O16_x_N13,4,7.13,5.6499999999999995,0.22,1,accepted
exfor_B0157_002_p_O16_x_N13,5,7.24,8.17,0.3,1,accepted
exfor_B0157_002_p_O16_x_N13,6,7.34,12.1,0.43,1,accepted
exfor_B0157_002_p_O16_x_N13,7,7.46,11.0,0.36,1,accepted
exfor_B0157_002_p_O16_x_N13,8,7.57,16.5,0.5900000000000001,1,accepted
exfor_B0157_002_p_O16_x_N13,9,7.67,24.299999999999997,0.88,1,accepted
exfor_B0157_002_p_O16_x_N13,10,7.72,23.4,0.85,1,accepted
exfor_B0157_002_p_O16_x_N13,11,7.78,18.5,0.5900000000000001,1,accepted
exfor_B0157_002_p_O16_x_N13,12,7.82,16.9,0.67,1,accepted
exfor_B0157_002_p_O16_x_N13,13,7.88,50.7,19.0,1,accepted
exfor_B0157_002_p_O16_x_N13,14,7.94,114.0,4.5,1,accepted
exfor_B0157_002_p_O16_x_N13,15,7.99,139.0,4.5,1,accepted
exfor_B0157_002_p_O16_x_N13,16,8.04,87.8,3.2,1,accepted
exfor_B0157_002_p_O16_x_N13,17,8.09,59.0,6.7,1,accepted
exfor_B0157_002_p_O16_x_N13,18,8.2,37.7,4.8999999999999995,1,accepted
exfor_B0157_002_p_O16_x_N13,19,8.31,38.6,1.8,1,accepted
exfor_B0157_002_p_O16_x_N13,20,8.42,48.2,2.2,1,accepted
exfor_B0157_002_p_O16_x_N13,21,8.52,45.2,1.8,1,accepted
exfor_B0157_002_p_O16_x_N13,22,8.63,58.2,8.1,1,accepted
exfor_B0157_002_p_O16_x_N13,23,8.73,43.0,4.8999999999999995,1,accepted
exfor_B0157_002_p_O16_x_N13,24,8.84,16.8,1.1,1,accepted
exfor_B0157_002_p_O16_x_N13,25,8.96,19.7,0.85,1,accepted
exfor_B0157_002_p_O16_x_N13,26,9.05,8.11,0.5199999999999999,1,accepted
exfor_B0157_002_p_O16_x_N13,27,9.16,6.029999999999999,0.5599999999999999,1,accepted
exfor_B0157_002_p_O16_x_N13,28,9.27,7.77,0.53,1,accepted
exfor_C0058_002_p_C12_x_C11,0,50.7,85.2,3.0,1,accepted
exfor_C0058_002_p_C12_x_C11,1,59.5,80.3,2.8,1,accepted
exfor_C0058_002_p_C12_x_C11,2,64.7,80.60000000000001,2.4,1,accepted
exfor_C0058_002_p_C12_x_C11,3,69.7,75.6,2.3,1,accepted
exfor_C0058_002_p_C12_x_C11,4,79.2,72.6,2.2,1,accepted
exfor_C0058_002_p_C12_x_C11,5,82.7,68.2,2.0,1,accepted
exfor_C0058_002_p_C12_x_C11,6,88.2,67.2,2.0,1,accepted
exfor_C0058_002_p_C12_x_C11,7,98.5,62.7,1.9,1,accepted
exfor_C0058_002_p_C12_x_C11,8,103.8,61.9,1.9,1,accepted
exfor_C0058_002_p_C12_x_C11,9,108.8,60.5,1.8,1,accepted
exfor_C0058_002_p_C12_x_C11,10,119.4,56.4,1.7,1,accepted
exfor_C0058_002_p_C12_x_C11,11,124.3,55.3,1.7,1,accepted
exfor_C0058_002_p_C12_x_C11,12,128.7,54.9,1.6,1,accepted
exfor_C0058_002_p_C12_x_C11,13,138.3,52.5,1.5,1,accepted
exfor_C0058_002_p_C12_x_C11,14,143.4,51.8,1.5,1,accepted
exfor_C0058_002_p_C12_x_C11,15,149.2,50.6,1.5,1,accepted
exfor_C0058_002_p_C12_x_C11,16,158.6,47.8,1.4,0,outside_energy_range
exfor_C0061_018_p_O16_x_N13,0,155.0,4.5,1.0,0,outside_energy_range
exfor_C0061_019_p_O16_x_C11,0,155.0,11.0,1.0,0,outside_energy_range
exfor_C0062_011_p_C12_x_C11,0,5700.0,29.8,1.6,0,outside_energy_range
exfor_C0062_012_p_N14_x_N13,0,155.0,8.3,0.8,0,outside_energy_range
exfor_C0062_012_p_N14_x_N13,1,5700.0,7.3,0.7,0,outside_energy_range
exfor_C0062_013_p_O16_x_O15,0,155.0,38.0,4.0,0,outside_energy_range
exfor_C0062_013_p_O16_x_O15,1,5700.0,33.0,5.0,0,outside_energy_range
exfor_C0062_016_p_O16_x_O15,0,19.5,2.75,0.0,0,no_positive_reported_uncertainty
exfor_C0062_016_p_O16_x_O15,1,23.5,25.5,0.0,0,no_positive_reported_uncertainty
exfor_C0062_016_p_O16_x_O15,2,26.0,34.8,4.38,1,accepted
exfor_C0062_016_p_O16_x_O15,3,28.0,44.5,4.13,1,accepted
exfor_C0062_016_p_O16_x_O15,4,29.5,55.3,3.3800000000000003,1,accepted
exfor_C0062_016_p_O16_x_O15,5,32.0,66.5,6.5,1,accepted
exfor_C0062_016_p_O16_x_O15,6,41.0,68.3,6.0,1,accepted
exfor_C0062_016_p_O16_x_O15,7,43.5,68.8,5.75,1,accepted
exfor_C0062_016_p_O16_x_O15,8,50.5,65.0,6.38,1,accepted
exfor_C0062_016_p_O16_x_O15,9,60.0,70.0,6.13,1,accepted
exfor_C0062_016_p_O16_x_O15,10,70.0,71.0,6.75,1,accepted
exfor_C0062_016_p_O16_x_O15,11,80.0,62.3,5.63,1,accepted
exfor_C0062_016_p_O16_x_O15,12,91.0,62.5,5.38,1,accepted
exfor_C0062_016_p_O16_x_O15,13,110.0,60.5,4.75,1,accepted
exfor_C0062_016_p_O16_x_O15,14,120.0,52.8,4.75,1,accepted
exfor_C0062_016_p_O16_x_O15,15,130.0,47.8,5.13,1,accepted
exfor_C0062_016_p_O16_x_O15,16,147.0,41.3,3.63,1,accepted
exfor_C0062_016_p_O16_x_O15,17,156.0,39.8,2.8800000000000003,0,outside_energy_range
exfor_C0062_017_p_N14_x_N13,0,18.5,3.7,0.0,0,no_positive_reported_uncertainty
exfor_C0062_017_p_N14_x_N13,1,20.5,14.6,0.0,0,no_positive_reported_uncertainty
exfor_C0062_017_p_N14_x_N13,2,22.5,24.299999999999997,2.9,1,accepted
exfor_C0062_017_p_N14_x_N13,3,25.0,31.4,3.0500000000000003,1,accepted
exfor_C0062_017_p_N14_x_N13,4,28.0,39.8,2.65,1,accepted
exfor_C0062_017_p_N14_x_N13,5,34.5,34.3,2.8,1,accepted
exfor_C0062_017_p_N14_x_N13,6,45.5,25.6,2.1,1,accepted
exfor_C0062_017_p_N14_x_N13,7,49.5,21.8,1.5,1,accepted
exfor_C0062_017_p_N14_x_N13,8,60.0,17.5,1.55,1,accepted
exfor_C0062_017_p_N14_x_N13,9,70.0,16.6,1.65,1,accepted
exfor_C0062_017_p_N14_x_N13,10,85.0,14.5,1.15,1,accepted
exfor_C0062_017_p_N14_x_N13,11,99.5,12.0,1.2,1,accepted
exfor_C0062_017_p_N14_x_N13,12,109.0,10.6,1.3,1,accepted
exfor_C0062_017_p_N14_x_N13,13,125.0,10.0,0.75,1,accepted
exfor_C0062_017_p_N14_x_N13,14,142.0,8.8,0.85,1,accepted
exfor_C0062_017_p_N14_x_N13,15,156.0,8.5,0.7,0,outside_energy_range
exfor_C0202_002_p_O16_x_N13,0,6.66,0.1,0.007,1,accepted
exfor_C0202_002_p_O16_x_N13,1,6.89,1.1,0.077,1,accepted
exfor_C0202_002_p_O16_x_N13,2,7.0,1.95,0.1365,1,accepted
exfor_C0202_002_p_O16_x_N13,3,7.11,2.8,0.196,1,accepted
exfor_C0202_002_p_O16_x_N13,4,7.34,6.2,0.434,1,accepted
exfor_C0202_002_p_O16_x_N13,5,7.56,9.4,0.6579999999999999,1,accepted
exfor_C0202_002_p_O16_x_N13,6,7.79,15.9,1.113,1,accepted
exfor_C0202_002_p_O16_x_N13,7,8.0,51.3,3.591,1,accepted
exfor_C0202_002_p_O16_x_N13,8,8.22,32.599999999999994,2.282,1,accepted
exfor_C0202_002_p_O16_x_N13,9,8.45,29.5,2.065,1,accepted
exfor_C0202_002_p_O16_x_N13,10,8.68,35.5,2.485,1,accepted
exfor_C0202_002_p_O16_x_N13,11,8.9,16.299999999999997,1.141,1,accepted
exfor_C0202_002_p_O16_x_N13,12,9.0,11.6,0.812,1,accepted
exfor_C0202_002_p_O16_x_N13,13,9.11,6.4,0.448,1,accepted
exfor_C0202_002_p_O16_x_N13,14,9.32,5.1000000000000005,0.357,1,accepted
exfor_C0202_002_p_O16_x_N13,15,9.55,5.8999999999999995,0.413,1,accepted
exfor_C0202_002_p_O16_x_N13,16,9.77,8.6,0.602,1,accepted
exfor_C0202_002_p_O16_x_N13,17,10.0,20.8,1.456,1,accepted
exfor_C0202_002_p_O16_x_N13,18,10.25,24.8,1.736,1,accepted
exfor_C0202_002_p_O16_x_N13,19,10.51,32.0,2.24,1,accepted
exfor_C0202_002_p_O16_x_N13,20,10.79,43.2,3.024,1,accepted
exfor_C0202_002_p_O16_x_N13,21,11.0,51.94,3.6358,1,accepted
exfor_C0202_002_p_O16_x_N13,22,11.04,53.6,3.752,1,accepted
exfor_C0202_002_p_O16_x_N13,23,11.32,41.5,2.905,1,accepted
exfor_C0202_002_p_O16_x_N13,24,11.6,27.5,1.925,1,accepted
exfor_C0202_002_p_O16_x_N13,25,11.85,30.0,2.1,1,accepted
exfor_C0202_002_p_O16_x_N13,26,12.0,30.0,2.1,1,accepted
exfor_C0202_002_p_O16_x_N13,27,12.11,30.0,2.1,1,accepted
exfor_C0202_002_p_O16_x_N13,28,12.38,27.2,1.904,1,accepted
exfor_C0202_002_p_O16_x_N13,29,12.64,25.6,1.792,1,accepted
exfor_C0202_002_p_O16_x_N13,30,12.9,29.3,2.0509999999999997,1,accepted
exfor_C0202_002_p_O16_x_N13,31,13.0,28.139999999999997,1.9698,1,accepted
exfor_C0202_002_p_O16_x_N13,32,13.7,20.0,1.4,1,accepted
exfor_C0202_002_p_O16_x_N13,33,14.0,23.06,1.6142,1,accepted
exfor_C0202_002_p_O16_x_N13,34,14.73,30.5,2.135,1,accepted
exfor_C0202_002_p_O16_x_N13,35,15.0,28.4,1.988,1,accepted
exfor_C0202_002_p_O16_x_N13,36,15.77,22.4,1.568,1,accepted
exfor_C0202_004_p_N14_x_N13,0,12.62,6.25,0.8,1,accepted
exfor_C0202_004_p_N14_x_N13,1,13.0,6.0,0.0,0,no_positive_reported_uncertainty
exfor_C0202_004_p_N14_x_N13,2,13.64,5.6,0.2,1,accepted
exfor_C0202_004_p_N14_x_N13,3,14.0,8.42,0.0,0,no_positive_reported_uncertainty
exfor_C0202_004_p_N14_x_N13,4,14.66,13.6,1.9,1,accepted
exfor_C0202_004_p_N14_x_N13,5,15.0,15.47,0.0,0,no_positive_reported_uncertainty
exfor_C0202_004_p_N14_x_N13,6,15.68,19.2,1.8,1,accepted
exfor_C0202_004_p_N14_x_N13,7,16.0,20.0,0.0,0,no_positive_reported_uncertainty
exfor_C0202_004_p_N14_x_N13,8,16.7,21.7,0.4,1,accepted
exfor_C0202_004_p_N14_x_N13,9,17.0,23.05,0.0,0,no_positive_reported_uncertainty
exfor_C0202_004_p_N14_x_N13,10,17.7,26.200000000000003,2.3,1,accepted
exfor_C0202_004_p_N14_x_N13,11,18.0,28.1,0.0,0,no_positive_reported_uncertainty
exfor_C0202_004_p_N14_x_N13,12,18.72,32.7,0.0,0,no_positive_reported_uncertainty
exfor_C0202_004_p_N14_x_N13,13,19.0,31.3,0.0,0,no_positive_reported_uncertainty
exfor_C0202_004_p_N14_x_N13,14,19.73,31.9,0.0,0,no_positive_reported_uncertainty
exfor_C0202_004_p_N14_x_N13,15,20.0,32.2,0.0,0,no_positive_reported_uncertainty
exfor_C0202_004_p_N14_x_N13,16,20.74,33.099999999999994,0.0,0,no_positive_reported_uncertainty
exfor_C0202_004_p_N14_x_N13,17,21.0,30.700000000000003,0.0,0,no_positive_reported_uncertainty
exfor_C0202_004_p_N14_x_N13,18,21.75,31.7,0.0,0,no_positive_reported_uncertainty
exfor_C0202_004_p_N14_x_N13,19,22.0,32.099999999999994,0.0,0,no_positive_reported_uncertainty
exfor_C0202_004_p_N14_x_N13,20,22.76,33.300000000000004,0.1,1,accepted
exfor_C0202_004_p_N14_x_N13,21,23.0,33.0,0.0,0,no_positive_reported_uncertainty
exfor_C0202_004_p_N14_x_N13,22,23.76,32.099999999999994,0.0,0,no_positive_reported_uncertainty
exfor_C0202_004_p_N14_x_N13,23,24.0,32.2,0.0,0,no_positive_reported_uncertainty
exfor_C0202_004_p_N14_x_N13,24,24.77,32.5,0.0,0,no_positive_reported_uncertainty
exfor_C0202_004_p_N14_x_N13,25,25.0,32.5,0.0,0,no_positive_reported_uncertainty
exfor_C0202_004_p_N14_x_N13,26,25.78,32.599999999999994,0.0,0,no_positive_reported_uncertainty
exfor_C0202_004_p_N14_x_N13,27,26.0,32.5,0.0,0,no_positive_reported_uncertainty
exfor_C0202_004_p_N14_x_N13,28,26.78,32.099999999999994,0.4,1,accepted
exfor_C0202_004_p_N14_x_N13,29,27.0,31.0,0.0,0,no_positive_reported_uncertainty
exfor_C0202_004_p_N14_x_N13,30,27.8,31.5,0.4,1,accepted
exfor_C0202_004_p_N14_x_N13,31,28.0,31.6,0.0,0,no_positive_reported_uncertainty
exfor_C0202_004_p_N14_x_N13,32,28.8,32.099999999999994,0.3,1,accepted
exfor_C0202_004_p_N14_x_N13,33,29.0,31.8,0.0,0,no_positive_reported_uncertainty
exfor_C0202_004_p_N14_x_N13,34,29.8,30.8,0.4,1,accepted
exfor_C0206_002_p_C12_x_C11,0,288.0,33.7,1.2,0,outside_energy_range
exfor_C0206_002_p_C12_x_C11,1,313.0,34.8,1.1,0,outside_energy_range
exfor_C0206_002_p_C12_x_C11,2,339.0,34.9,1.0,0,outside_energy_range
exfor_C0206_002_p_C12_x_C11,3,362.0,32.4,1.0,0,outside_energy_range
exfor_C0206_002_p_C12_x_C11,4,383.0,31.6,1.0,0,outside_energy_range
exfor_C0208_003_p_O16_x_C11,0,362.0,13.6,1.428,0,outside_energy_range
exfor_C0208_004_2_p_O16_x_O15,0,362.0,20.2,2.121,0,outside_energy_range
exfor_C0208_005_2_p_O16_x_N13,0,362.0,1.0,0.41,0,outside_energy_range
exfor_C0216_002_p_C12_x_C11,0,2000.0,27.6,1.9,0,outside_energy_range
exfor_C0216_002_p_C12_x_C11,1,2000.0,25.9,0.5,0,outside_energy_range
exfor_C0216_002_p_C12_x_C11,2,2600.0,26.0,1.6,0,outside_energy_range
exfor_C0216_002_p_C12_x_C11,3,3000.0,25.8,1.1,0,outside_energy_range
exfor_C0216_002_p_C12_x_C11,4,3000.0,26.1,1.3,0,outside_energy_range
exfor_C0216_002_p_C12_x_C11,5,3000.0,27.2,0.7,0,outside_energy_range
exfor_C0220_003_p_C12_x_C11,0,5700.0,29.0,1.0,0,outside_energy_range
exfor_C0220_005_p_N14_x_N13,0,5700.0,7.3,0.2,0,outside_energy_range
exfor_C0220_008_p_O16_x_O15,0,5700.0,33.0,2.2,0,outside_energy_range
exfor_C0220_010_p_O16_x_N13,0,5700.0,6.0,1.1,0,outside_energy_range
exfor_C0220_011_p_O16_x_C11,0,5700.0,12.0,1.2,0,outside_energy_range
exfor_C0221_002_p_C12_x_C11,0,3000.0,29.8,1.6,0,outside_energy_range
exfor_C0221_002_p_C12_x_C11,1,4500.0,27.7,1.7,0,outside_energy_range
exfor_C0221_002_p_C12_x_C11,2,4500.0,27.2,2.1,0,outside_energy_range
exfor_C0221_002_p_C12_x_C11,3,6000.0,29.8,1.6,0,outside_energy_range
exfor_C0221_002_p_C12_x_C11,4,6000.0,32.300000000000004,1.6,0,outside_energy_range
exfor_C0221_003_p_C12_x_C11,0,4100.0,30.5,1.0,0,outside_energy_range
exfor_C0223_012_p_O16_x_O15,0,146.0,52.0,10.0,1,accepted
exfor_C0223_013_p_O16_x_N13,0,146.0,8.4,2.0,1,accepted
exfor_C0223_014_p_O16_x_C11,0,146.0,12.7,2.0,1,accepted
exfor_C0231_002_p_C12_x_C11,0,28000.0,25.9,1.2,0,outside_energy_range
exfor_C0244_002_p_N14_x_N13,0,400.0,5.6,1.12,0,outside_energy_range
exfor_C0244_002_p_N14_x_N13,1,400.0,6.6,1.32,0,outside_energy_range
exfor_C0244_002_p_N14_x_N13,2,3000.0,3.1,0.62,0,outside_energy_range
exfor_C0244_002_p_N14_x_N13,3,3000.0,5.0,1.0,0,outside_energy_range
exfor_C0998_002_p_O16_x_N13,0,12.226,23.531,7.0593,1,accepted
exfor_C0998_002_p_O16_x_N13,1,12.247,22.918999999999997,6.8757,1,accepted
exfor_C0998_002_p_O16_x_N13,2,12.268,23.348,7.0044,1,accepted
exfor_C0998_002_p_O16_x_N13,3,12.29,23.226,6.9677999999999995,1,accepted
exfor_C0998_002_p_O16_x_N13,4,12.311,22.125,6.6375,1,accepted
exfor_C0998_002_p_O16_x_N13,5,12.332,22.308999999999997,6.6927,1,accepted
exfor_C0998_002_p_O16_x_N13,6,12.348,22.308999999999997,6.6927,1,accepted
exfor_C0998_002_p_O16_x_N13,7,12.369,22.126,6.6378,1,accepted
exfor_C0998_002_p_O16_x_N13,8,12.385,21.454,6.4362,1,accepted
exfor_C0998_002_p_O16_x_N13,9,12.412,21.148,6.3444,1,accepted
exfor_C0998_002_p_O16_x_N13,10,12.433,21.21,6.3629999999999995,1,accepted
exfor_C0998_002_p_O16_x_N13,11,12.46,21.455,6.4365000000000006,1,accepted
exfor_C0998_002_p_O16_x_N13,12,12.476,21.945,6.5835,1,accepted
exfor_C0998_002_p_O16_x_N13,13,12.497,22.374,6.7122,1,accepted
exfor_C0998_002_p_O16_x_N13,14,12.539,22.68,6.804,1,accepted
exfor_C0998_002_p_O16_x_N13,15,12.555,23.17,6.951,1,accepted
exfor_C0998_002_p_O16_x_N13,16,12.576,23.843,7.1529,1,accepted
exfor_C0998_002_p_O16_x_N13,17,12.592,24.089,7.2267,1,accepted
exfor_C0998_002_p_O16_x_N13,18,12.608,23.966,7.1898,1,accepted
exfor_C0998_002_p_O16_x_N13,19,12.635,23.11,6.933,1,accepted
exfor_C0998_002_p_O16_x_N13,20,12.65,24.885,7.4655,1,accepted
exfor_C0998_002_p_O16_x_N13,21,12.672,24.702,7.4106,1,accepted
exfor_C0998_002_p_O16_x_N13,22,12.688,25.498,7.6494,1,accepted
exfor_C0998_002_p_O16_x_N13,23,12.698,24.825,7.4475,1,accepted
exfor_C0998_002_p_O16_x_N13,24,12.709,25.926,7.7778,1,accepted
exfor_C0998_002_p_O16_x_N13,25,12.73,25.804,7.7412,1,accepted
exfor_C0998_002_p_O16_x_N13,26,12.751,25.866,7.7598,1,accepted
exfor_C0998_002_p_O16_x_N13,27,12.772,26.233,7.869900000000001,1,accepted
exfor_C0998_002_p_O16_x_N13,28,12.799,25.805999999999997,7.7418,1,accepted
exfor_C0998_002_p_O16_x_N13,29,12.81,25.133,7.5399,1,accepted
exfor_C0998_002_p_O16_x_N13,30,12.841,25.99,7.797,1,accepted
exfor_C0998_002_p_O16_x_N13,31,12.857,25.012,7.5036,1,accepted
exfor_C0998_002_p_O16_x_N13,32,12.879,26.052,7.815600000000001,1,accepted
exfor_C0998_002_p_O16_x_N13,33,12.9,26.052,7.815600000000001,1,accepted
exfor_C0998_002_p_O16_x_N13,34,12.9,24.829,7.4487,1,accepted
exfor_C0998_002_p_O16_x_N13,35,12.926,25.013,7.5039,1,accepted
exfor_C0998_002_p_O16_x_N13,36,12.937,24.646,7.3938,1,accepted
exfor_C0998_002_p_O16_x_N13,37,12.964,23.668000000000003,7.1004,1,accepted
exfor_C0998_002_p_O16_x_N13,38,12.98,23.423,7.0269,1,accepted
exfor_C0998_002_p_O16_x_N13,39,12.996,22.322000000000003,6.696599999999999,1,accepted
exfor_C0998_002_p_O16_x_N13,40,13.006,22.995,6.8985,1,accepted
exfor_C0998_002_p_O16_x_N13,41,13.017,21.344,6.4032,1,accepted
exfor_C0998_002_p_O16_x_N13,42,13.044,20.61,6.183,1,accepted
exfor_C0998_002_p_O16_x_N13,43,13.065,20.733,6.219900000000001,1,accepted
exfor_C0998_002_p_O16_x_N13,44,13.065,20.549000000000003,6.164700000000001,1,accepted
exfor_C0998_002_p_O16_x_N13,45,13.097,18.898000000000003,5.6694,1,accepted
exfor_C0998_002_p_O16_x_N13,46,13.118,19.572,5.8716,1,accepted
exfor_C0998_002_p_O16_x_N13,47,13.134,18.776,5.6328000000000005,1,accepted
exfor_C0998_002_p_O16_x_N13,48,13.156,18.104,5.4312,1,accepted
exfor_C0998_002_p_O16_x_N13,49,13.177,17.187,5.1561,1,accepted
exfor_C0998_002_p_O16_x_N13,50,13.198,17.003,5.1009,1,accepted
exfor_C0998_002_p_O16_x_N13,51,13.199,16.147000000000002,4.844099999999999,1,accepted
exfor_C0998_002_p_O16_x_N13,52,13.22,15.78,4.734,1,accepted
exfor_C0998_002_p_O16_x_N13,53,13.241,15.169,4.5507,1,accepted
exfor_C0998_002_p_O16_x_N13,54,13.262,14.741,4.4223,1,accepted
exfor_C0998_002_p_O16_x_N13,55,13.289,15.17,4.551,1,accepted
exfor_C0998_002_p_O16_x_N13,56,13.305,15.293,4.587899999999999,1,accepted
exfor_C0998_002_p_O16_x_N13,57,13.332,14.742,4.422599999999999,1,accepted
exfor_C0998_002_p_O16_x_N13,58,13.363,14.743,4.422899999999999,1,accepted
exfor_C0998_002_p_O16_x_N13,59,13.395,14.193,4.2579,1,accepted
exfor_C0998_002_p_O16_x_N13,60,13.416,14.622,4.3866,1,accepted
exfor_C0998_002_p_O16_x_N13,61,13.438,14.316,4.2947999999999995,1,accepted
exfor_C0998_002_p_O16_x_N13,62,13.459,14.99,4.497,1,accepted
exfor_C0998_002_p_O16_x_N13,63,13.48,15.235,4.5705,1,accepted
exfor_C0998_002_p_O16_x_N13,64,13.501,15.48,4.644,1,accepted
exfor_C0998_002_p_O16_x_N13,65,13.523,15.542,4.6626,1,accepted
exfor_C0998_002_p_O16_x_N13,66,13.549,16.705000000000002,5.011500000000001,1,accepted
exfor_C0998_002_p_O16_x_N13,67,13.565,16.337999999999997,4.901400000000001,1,accepted
exfor_C0998_002_p_O16_x_N13,68,13.591,17.134,5.1402,1,accepted
exfor_C0998_002_p_O16_x_N13,69,13.607,16.889000000000003,5.0667,1,accepted
exfor_C0998_002_p_O16_x_N13,70,13.639,17.378999999999998,5.2137,1,accepted
exfor_C0998_002_p_O16_x_N13,71,13.66,17.38,5.2139999999999995,1,accepted
exfor_C0998_002_p_O16_x_N13,72,13.665,18.603,5.5809,1,accepted
exfor_C0998_002_p_O16_x_N13,73,13.676,18.787000000000003,5.6361,1,accepted
exfor_C0998_002_p_O16_x_N13,74,13.703,18.298,5.4894,1,accepted
exfor_C0998_002_p_O16_x_N13,75,13.724,18.788,5.6364,1,accepted
exfor_C0998_002_p_O16_x_N13,76,13.745,19.768,5.9304,1,accepted
exfor_C0998_002_p_O16_x_N13,77,13.766,20.013,6.003900000000001,1,accepted
exfor_C0998_002_p_O16_x_N13,78,13.793,19.706999999999997,5.9121,1,accepted
exfor_C0998_002_p_O16_x_N13,79,13.808,20.686,6.2058,1,accepted
exfor_C0998_002_p_O16_x_N13,80,13.83,21.482,6.4446,1,accepted
exfor_C0998_002_p_O16_x_N13,81,13.856,22.339,6.7017,1,accepted
exfor_C0998_002_p_O16_x_N13,82,13.872,22.707,6.8121,1,accepted
exfor_C0998_002_p_O16_x_N13,83,13.893,23.503,7.0508999999999995,1,accepted
exfor_C0998_002_p_O16_x_N13,84,13.914,23.748,7.1244000000000005,1,accepted
exfor_C0998_002_p_O16_x_N13,85,13.935,25.155,7.5465,1,accepted
exfor_C0998_002_p_O16_x_N13,86,13.962,25.645,7.6935,1,accepted
exfor_C0998_002_p_O16_x_N13,87,13.988,26.502,7.9506,1,accepted
exfor_C0998_002_p_O16_x_N13,88,14.004,26.503,7.950900000000001,1,accepted
exfor_C0998_002_p_O16_x_N13,89,14.03,27.543000000000003,8.2629,1,accepted
exfor_C0998_002_p_O16_x_N13,90,14.057,29.807,8.9421,1,accepted
exfor_C0998_002_p_O16_x_N13,91,14.078,31.336999999999996,9.4011,1,accepted
exfor_C0998_002_p_O16_x_N13,92,14.099,33.112,9.9336,1,accepted
exfor_C0998_002_p_O16_x_N13,93,14.109,34.03,10.209,1,accepted
exfor_C0998_002_p_O16_x_N13,94,14.114,34.397,10.319,1,accepted
exfor_C0998_002_p_O16_x_N13,95,14.135,35.071,10.521,1,accepted
exfor_C0998_002_p_O16_x_N13,96,14.151,36.416999999999994,10.925,1,accepted
exfor_C0998_002_p_O16_x_N13,97,14.151,36.784,11.035,1,accepted
exfor_C0998_002_p_O16_x_N13,98,14.167,36.601,10.98,1,accepted
exfor_C0998_002_p_O16_x_N13,99,14.188,37.274,11.182,1,accepted
exfor_C0998_002_p_O16_x_N13,100,14.204,37.336,11.201,1,accepted
exfor_C0998_002_p_O16_x_N13,101,14.22,37.458,11.237,1,accepted
exfor_C0998_002_p_O16_x_N13,102,14.22,38.376,11.513,1,accepted
exfor_C0998_002_p_O16_x_N13,103,14.231,38.193,11.458,1,accepted
exfor_C0998_002_p_O16_x_N13,104,14.246,38.315000000000005,11.495,1,accepted
exfor_C0998_002_p_O16_x_N13,105,14.262,39.538999999999994,11.862,1,accepted
exfor_C0998_002_p_O16_x_N13,106,14.268,38.377,11.513,1,accepted
exfor_C0998_002_p_O16_x_N13,107,14.273,38.805,11.642,1,accepted
exfor_C0998_002_p_O16_x_N13,108,14.289,38.378,11.513,1,accepted
exfor_C0998_002_p_O16_x_N13,109,14.294,37.827,11.348,1,accepted
exfor_C0998_002_p_O16_x_N13,110,14.294,37.521,11.256,1,accepted
exfor_C0998_002_p_O16_x_N13,111,14.305,38.317,11.495,1,accepted
exfor_C0998_002_p_O16_x_N13,112,14.316,37.216,11.165,1,accepted
exfor_C0998_002_p_O16_x_N13,113,14.332,36.971,11.091,1,accepted
exfor_C0998_002_p_O16_x_N13,114,14.332,35.809,10.743,1,accepted
exfor_C0998_002_p_O16_x_N13,115,14.353,36.299,10.89,1,accepted
exfor_C0998_002_p_O16_x_N13,116,14.364,36.115,10.835,1,accepted
exfor_C0998_002_p_O16_x_N13,117,14.379,36.544,10.963,1,accepted
exfor_C0998_002_p_O16_x_N13,118,14.401,36.116,10.835,1,accepted
exfor_C0998_002_p_O16_x_N13,119,14.417,36.178,10.853,1,accepted
exfor_C0998_002_p_O16_x_N13,120,14.422,35.26,10.578,1,accepted
exfor_C0998_002_p_O16_x_N13,121,14.438,35.994,10.798,1,accepted
exfor_C0998_002_p_O16_x_N13,122,14.449,35.811,10.743,1,accepted
exfor_C0998_002_p_O16_x_N13,123,14.454,35.138000000000005,10.541,1,accepted
exfor_C0998_002_p_O16_x_N13,124,14.464,35.934,10.78,1,accepted
exfor_C0998_002_p_O16_x_N13,125,14.47,35.016,10.505,1,accepted
exfor_C0998_002_p_O16_x_N13,126,14.491,35.077999999999996,10.523,1,accepted
exfor_C0998_002_p_O16_x_N13,127,14.507,35.017,10.505,1,accepted
exfor_C0998_002_p_O16_x_N13,128,14.512,35.323,10.597,1,accepted
exfor_C0998_002_p_O16_x_N13,129,14.533,36.057,10.817,1,accepted
exfor_C0998_002_p_O16_x_N13,130,14.549,36.67,11.001,1,accepted
exfor_C0998_002_p_O16_x_N13,131,14.56,36.792,11.037999999999998,1,accepted
exfor_C0998_002_p_O16_x_N13,132,14.56,37.282,11.185,1,accepted
exfor_C0998_002_p_O16_x_N13,133,14.576,37.465,11.24,1,accepted
exfor_C0998_002_p_O16_x_N13,134,14.576,35.018,10.505,1,accepted
exfor_C0998_002_p_O16_x_N13,135,14.587,34.101,10.23,1,accepted
exfor_C0998_002_p_O16_x_N13,136,14.587,33.855999999999995,10.157,1,accepted
exfor_C0998_002_p_O16_x_N13,137,14.592,32.143,9.6429,1,accepted
exfor_C0998_002_p_O16_x_N13,138,14.598,32.449,9.7347,1,accepted
exfor_C0998_002_p_O16_x_N13,139,14.598,30.491,9.1473,1,accepted
exfor_C0998_002_p_O16_x_N13,140,14.603,31.103,9.3309,1,accepted
exfor_C0998_002_p_O16_x_N13,141,14.604,29.084,8.725200000000001,1,accepted
exfor_C0998_002_p_O16_x_N13,142,14.604,27.371,8.2113,1,accepted
exfor_C0998_002_p_O16_x_N13,143,14.609,29.635,8.890500000000001,1,accepted
exfor_C0998_002_p_O16_x_N13,144,14.609,27.065,8.1195,1,accepted
exfor_C0998_002_p_O16_x_N13,145,14.625,25.72,7.716,1,accepted
exfor_C0998_002_p_O16_x_N13,146,14.625,25.107999999999997,7.5324,1,accepted
exfor_C0998_002_p_O16_x_N13,147,14.636,24.619,7.3857,1,accepted
exfor_C0998_002_p_O16_x_N13,148,14.652,25.107999999999997,7.5324,1,accepted
exfor_C0998_002_p_O16_x_N13,149,14.652,25.414,7.6242,1,accepted
exfor_C0998_002_p_O16_x_N13,150,14.662,25.659,7.6977,1,accepted
exfor_C0998_002_p_O16_x_N13,151,14.673,26.088,7.8264,1,accepted
exfor_C0998_002_p_O16_x_N13,152,14.689,26.271,7.8813,1,accepted
exfor_C0998_002_p_O16_x_N13,153,14.694,25.843,7.7529,1,accepted
exfor_C0998_002_p_O16_x_N13,154,14.71,26.517,7.9551,1,accepted
exfor_C0998_002_p_O16_x_N13,155,14.721,26.211,7.8633,1,accepted
exfor_C0998_002_p_O16_x_N13,156,14.742,25.294,7.5882,1,accepted
exfor_C0998_002_p_O16_x_N13,157,14.769,25.539,7.6617,1,accepted
exfor_C0998_002_p_O16_x_N13,158,14.79,25.417,7.6251,1,accepted
exfor_C0998_002_p_O16_x_N13,159,14.795,25.907,7.7721,1,accepted
exfor_C0998_002_p_O16_x_N13,160,14.811,25.295,7.5885,1,accepted
exfor_C0998_002_p_O16_x_N13,161,14.827,25.785,7.7355,1,accepted
exfor_C0998_002_p_O16_x_N13,162,14.838,25.724,7.717199999999999,1,accepted
exfor_C0998_002_p_O16_x_N13,163,14.848,25.357,7.6071,1,accepted
exfor_C0998_002_p_O16_x_N13,164,14.864,24.99,7.497,1,accepted
exfor_C0998_002_p_O16_x_N13,165,14.891,26.092,7.8276,1,accepted
exfor_C0998_002_p_O16_x_N13,166,14.891,25.357999999999997,7.6074,1,accepted
exfor_C0998_002_p_O16_x_N13,167,14.917,25.542,7.6626,1,accepted
exfor_C0998_002_p_O16_x_N13,168,14.939,25.42,7.626,1,accepted
exfor_C0998_002_p_O16_x_N13,169,14.96,24.87,7.460999999999999,1,accepted
exfor_C0998_002_p_O16_x_N13,170,14.965,25.052999999999997,7.5159,1,accepted
exfor_C0998_002_p_O16_x_N13,171,14.976,24.686,7.405799999999999,1,accepted
exfor_C0998_002_p_O16_x_N13,172,14.986,24.930999999999997,7.4793,1,accepted
exfor_C0998_002_p_O16_x_N13,173,14.997,24.565,7.3695,1,accepted
exfor_C0998_002_p_O16_x_N13,174,15.013,25.544,7.6632,1,accepted
exfor_C0998_002_p_O16_x_N13,175,15.034,25.667,7.7001,1,accepted
exfor_C0998_002_p_O16_x_N13,176,15.05,25.973,7.7919,1,accepted
exfor_C0998_002_p_O16_x_N13,177,15.05,25.606,7.6818,1,accepted
exfor_C0998_002_p_O16_x_N13,178,15.066,25.422,7.6266,1,accepted
exfor_C0998_002_p_O16_x_N13,179,15.087,25.545,7.6635,1,accepted
exfor_C0998_002_p_O16_x_N13,180,15.114,25.729,7.7187,1,accepted
exfor_C0998_002_p_O16_x_N13,181,15.14,25.179,7.5537,1,accepted
exfor_C0998_002_p_O16_x_N13,182,15.162,24.813,7.4439,1,accepted
exfor_C0998_002_p_O16_x_N13,183,15.178,23.834,7.1502,1,accepted
exfor_C0998_002_p_O16_x_N13,184,15.21,23.284,6.9852,1,accepted
exfor_C0998_002_p_O16_x_N13,185,15.231,23.468,7.0404,1,accepted
exfor_C0998_002_p_O16_x_N13,186,15.257,22.918,6.8754,1,accepted
exfor_C0998_002_p_O16_x_N13,187,15.279,22.123,6.636900000000001,1,accepted
exfor_C0998_002_p_O16_x_N13,188,15.305,21.817,6.5451,1,accepted
exfor_C0998_002_p_O16_x_N13,189,15.321,21.634,6.4902,1,accepted
exfor_C0998_002_p_O16_x_N13,190,15.353,22.002,6.6006,1,accepted
exfor_C0998_002_p_O16_x_N13,191,15.369,22.247,6.674099999999999,1,accepted
exfor_C0998_002_p_O16_x_N13,192,15.385,21.819000000000003,6.5457,1,accepted
exfor_C0998_002_p_O16_x_N13,193,15.401,21.881,6.5643,1,accepted
exfor_C0998_002_p_O16_x_N13,194,15.433,22.493,6.7479000000000005,1,accepted
exfor_C0998_002_p_O16_x_N13,195,15.454,22.616,6.7848,1,accepted
exfor_C0998_002_p_O16_x_N13,196,15.48,22.922,6.8766,1,accepted
exfor_C0998_002_p_O16_x_N13,197,15.507,22.25,6.675000000000001,1,accepted
exfor_C0998_002_p_O16_x_N13,198,15.528,22.678,6.8034,1,accepted
exfor_C0998_002_p_O16_x_N13,199,15.555,21.945,6.5835,1,accepted
exfor_C0998_002_p_O16_x_N13,200,15.56,22.433999999999997,6.730200000000001,1,accepted
exfor_C0998_002_p_O16_x_N13,201,15.571,22.802,6.840599999999999,1,accepted
exfor_C0998_002_p_O16_x_N13,202,15.597,22.435,6.7305,1,accepted
exfor_C0998_002_p_O16_x_N13,203,15.619,21.09,6.327,1,accepted
exfor_C0998_002_p_O16_x_N13,204,15.645,20.906,6.2718,1,accepted
exfor_C0998_002_p_O16_x_N13,205,15.651,19.561,5.8683,1,accepted
exfor_C0998_002_p_O16_x_N13,206,15.667,20.785,6.2355,1,accepted
exfor_C0998_002_p_O16_x_N13,207,15.667,19.744,5.9232,1,accepted
exfor_C0998_002_p_O16_x_N13,208,15.688,20.051,6.015300000000001,1,accepted
exfor_C0998_002_p_O16_x_N13,209,15.699,19.133,5.7399,1,accepted
exfor_C0998_002_p_O16_x_N13,210,15.715,19.44,5.832000000000001,1,accepted
exfor_C0998_002_p_O16_x_N13,211,15.736,18.583,5.5748999999999995,1,accepted
exfor_C0998_002_p_O16_x_N13,212,15.757,18.156,5.4468,1,accepted
exfor_C0998_002_p_O16_x_N13,213,15.757,17.911,5.3733,1,accepted
exfor_C0998_002_p_O16_x_N13,214,15.779,17.971999999999998,5.3915999999999995,1,accepted
exfor_C0998_002_p_O16_x_N13,215,15.805,16.015,4.8045,1,accepted
exfor_C0998_002_p_O16_x_N13,216,15.811,14.241,4.2722999999999995,1,accepted
exfor_C0998_002_p_O16_x_N13,217,15.827,16.26,4.878,1,accepted
exfor_C0998_002_p_O16_x_N13,218,15.848,15.404,4.6212,1,accepted
exfor_C0998_002_p_O16_x_N13,219,15.853,14.976,4.4928,1,accepted
exfor_C0998_002_p_O16_x_N13,220,15.875,14.915,4.4745,1,accepted
exfor_C0998_002_p_O16_x_N13,221,15.896,13.203,3.9609,1,accepted
exfor_C0998_002_p_O16_x_N13,222,15.906,14.182,4.2546,1,accepted
exfor_C0998_002_p_O16_x_N13,223,15.928,13.693,4.1079,1,accepted
exfor_C0998_002_p_O16_x_N13,224,15.928,12.224,3.6672,1,accepted
exfor_C0998_002_p_O16_x_N13,225,15.944,11.98,3.594,1,accepted
exfor_C0998_002_p_O16_x_N13,226,15.955,12.286,3.6858,1,accepted
exfor_C0998_002_p_O16_x_N13,227,15.981,11.491,3.4473,1,accepted
exfor_C0998_002_p_O16_x_N13,228,16.013,10.941,3.2823,1,accepted
exfor_C0998_002_p_O16_x_N13,229,16.029,10.085,3.0255,1,accepted
exfor_C0998_002_p_O16_x_N13,230,16.05,10.33,3.099,1,accepted
exfor_C0998_002_p_O16_x_N13,231,16.104,9.6582,2.8975,1,accepted
exfor_C0998_002_p_O16_x_N13,232,16.119,9.9644,2.9893,1,accepted
exfor_C0998_002_p_O16_x_N13,233,16.135,9.5364,2.8609,1,accepted
exfor_C0998_002_p_O16_x_N13,234,16.151,9.6591,2.8977,1,accepted
exfor_C0998_002_p_O16_x_N13,235,16.183,8.925600000000001,2.6776999999999997,1,accepted
exfor_C0998_002_p_O16_x_N13,236,16.194,9.0481,2.7144,1,accepted
exfor_C0998_002_p_O16_x_N13,237,16.21,8.8037,2.6411,1,accepted
exfor_C0998_002_p_O16_x_N13,238,16.231,8.2535,2.4761,1,accepted
exfor_C0998_002_p_O16_x_N13,239,16.253,8.0092,2.4028,1,accepted
exfor_C0998_002_p_O16_x_N13,240,16.274,7.826100000000001,2.3478000000000003,1,accepted
exfor_C0998_002_p_O16_x_N13,241,16.3,7.276000000000001,2.1828,1,accepted
exfor_C0998_002_p_O16_x_N13,242,16.327,6.6647,1.9994,1,accepted
exfor_C0998_002_p_O16_x_N13,243,16.348,6.971,2.0913,1,accepted
exfor_C0998_002_p_O16_x_N13,244,16.364,6.5431,1.9629,1,accepted
exfor_C0998_002_p_O16_x_N13,245,16.396,5.9931,1.7979,1,accepted
exfor_C0998_002_p_O16_x_N13,246,16.412,6.5440000000000005,1.9632,1,accepted
exfor_C0998_002_p_O16_x_N13,247,16.428,6.360799999999999,1.9082,1,accepted
exfor_C0998_002_p_O16_x_N13,248,16.449,5.8106,1.7432,1,accepted
exfor_C0998_002_p_O16_x_N13,249,16.46,5.627199999999999,1.6882,1,accepted
exfor_C0998_002_p_O16_x_N13,250,16.465,5.8109,1.7432999999999998,1,accepted
exfor_C0998_002_p_O16_x_N13,251,16.481,4.8323,1.4497,1,accepted
exfor_C0998_002_p_O16_x_N13,252,16.492,5.5055,1.6517000000000002,1,accepted
exfor_C0998_002_p_O16_x_N13,253,16.518,5.139,1.5417,1,accepted
exfor_C0998_002_p_O16_x_N13,254,16.524,5.5061,1.6518,1,accepted
exfor_C0998_002_p_O16_x_N13,255,16.545,5.3842,1.6153,1,accepted
exfor_C0998_002_p_O16_x_N13,256,16.55,5.0784,1.5235,1,accepted
exfor_C0998_002_p_O16_x_N13,257,16.577,4.7118,1.4135,1,accepted
exfor_C0998_002_p_O16_x_N13,258,16.582,5.079000000000001,1.5237,1,accepted
exfor_C0998_002_p_O16_x_N13,259,16.598,4.8346,1.4504,1,accepted
exfor_C0998_002_p_O16_x_N13,260,16.614,4.8961,1.4688,1,accepted
exfor_C0998_002_p_O16_x_N13,261,16.64,6.059100000000001,1.8177,1,accepted
exfor_C0998_002_p_O16_x_N13,262,16.731,6.1221000000000005,1.8366,1,accepted
exfor_C0998_002_p_O16_x_N13,263,16.746,6.978899999999999,2.0937,1,accepted
exfor_C0998_002_p_O16_x_N13,264,16.757,6.8568,2.057,1,accepted
exfor_C0998_002_p_O16_x_N13,265,16.762,7.224,2.1672,1,accepted
exfor_C0998_002_p_O16_x_N13,266,16.773,7.407699999999999,2.2223,1,accepted
exfor_C0998_002_p_O16_x_N13,267,16.826,8.5712,2.5714,1,accepted
exfor_C0998_002_p_O16_x_N13,268,16.863,9.8568,2.957,1,accepted
exfor_C0998_002_p_O16_x_N13,269,16.873,9.3063,2.7919,1,accepted
exfor_C0998_002_p_O16_x_N13,270,16.911,9.6742,2.9023,1,accepted
exfor_C0998_002_p_O16_x_N13,271,16.926,9.7969,2.9391,1,accepted
exfor_C0998_002_p_O16_x_N13,272,16.948,10.348,3.1044,1,accepted
exfor_C0998_002_p_O16_x_N13,273,16.964,9.9811,2.9943,1,accepted
exfor_C0998_002_p_O16_x_N13,274,16.995,10.471,3.1413,1,accepted
exfor_C0998_002_p_O16_x_N13,275,17.017,10.655,3.1965000000000003,1,accepted
exfor_C0998_002_p_O16_x_N13,276,17.038,11.084,3.3252,1,accepted
exfor_C0998_002_p_O16_x_N13,277,17.048,11.268,3.3804,1,accepted
exfor_C0998_002_p_O16_x_N13,278,17.07,11.635,3.4905,1,accepted
exfor_C0998_002_p_O16_x_N13,279,17.107,11.942,3.5826,1,accepted
exfor_C0998_002_p_O16_x_N13,280,17.107,12.37,3.711,1,accepted
exfor_C0998_002_p_O16_x_N13,281,17.117,12.982,3.8946,1,accepted
exfor_C0998_002_p_O16_x_N13,282,17.128,12.615,3.7845,1,accepted
exfor_C0998_002_p_O16_x_N13,283,17.133,12.921,3.8763,1,accepted
exfor_C0998_002_p_O16_x_N13,284,17.144,13.289,3.9867,1,accepted
exfor_C0998_002_p_O16_x_N13,285,17.159,14.635,4.3905,1,accepted
exfor_C0998_002_p_O16_x_N13,286,17.175,14.39,4.316999999999999,1,accepted
exfor_C0998_002_p_O16_x_N13,287,17.191,14.146,4.2438,1,accepted
exfor_C0998_002_p_O16_x_N13,288,17.197,14.636,4.3908000000000005,1,accepted
exfor_C0998_002_p_O16_x_N13,289,17.207,15.186,4.5558,1,accepted
exfor_C0998_002_p_O16_x_N13,290,17.218,15.309,4.5927,1,accepted
exfor_C0998_002_p_O16_x_N13,291,17.218,15.921,4.7763,1,accepted
exfor_C0998_002_p_O16_x_N13,292,17.233,16.043000000000003,4.8129,1,accepted
exfor_C0998_002_p_O16_x_N13,293,17.249,17.145,5.1434999999999995,1,accepted
exfor_C0998_002_p_O16_x_N13,294,17.255,17.267999999999997,5.1804,1,accepted
exfor_C0998_002_p_O16_x_N13,295,17.271,16.962,5.0886000000000005,1,accepted
exfor_C0998_002_p_O16_x_N13,296,17.276,17.88,5.364,1,accepted
exfor_C0998_002_p_O16_x_N13,297,17.281,17.207,5.162100000000001,1,accepted
exfor_C0998_002_p_O16_x_N13,298,17.291,19.104,5.731199999999999,1,accepted
exfor_C0998_002_p_O16_x_N13,299,17.292,17.941,5.3823,1,accepted
exfor_C0998_002_p_O16_x_N13,300,17.297,17.267999999999997,5.1804,1,accepted
exfor_C0998_002_p_O16_x_N13,301,17.302,18.859,5.6577,1,accepted
exfor_C0998_002_p_O16_x_N13,302,17.313,17.269,5.1807,1,accepted
exfor_C0998_002_p_O16_x_N13,303,17.328,19.9,5.97,1,accepted
exfor_C0998_002_p_O16_x_N13,304,17.344,19.288,5.7863999999999995,1,accepted
exfor_C0998_002_p_O16_x_N13,305,17.355,20.023,6.0069,1,accepted
exfor_C0998_002_p_O16_x_N13,306,17.36,19.717,5.915100000000001,1,accepted
exfor_C0998_002_p_O16_x_N13,307,17.366,18.86,5.6579999999999995,1,accepted
exfor_C0998_002_p_O16_x_N13,308,17.376,21.553,6.4659,1,accepted
exfor_C0998_002_p_O16_x_N13,309,17.376,20.941000000000003,6.2823,1,accepted
exfor_C0998_002_p_O16_x_N13,310,17.381,20.696,6.2088,1,accepted
exfor_C0998_002_p_O16_x_N13,311,17.387,19.84,5.952,1,accepted
exfor_C0998_002_p_O16_x_N13,312,17.387,20.268,6.0804,1,accepted
exfor_C0998_002_p_O16_x_N13,313,17.397,20.574,6.1722,1,accepted
exfor_C0998_002_p_O16_x_N13,314,17.408,20.391,6.1173,1,accepted
exfor_C0998_002_p_O16_x_N13,315,17.413,22.104,6.631200000000001,1,accepted
exfor_C0998_002_p_O16_x_N13,316,17.429,21.248,6.3744,1,accepted
exfor_C0998_002_p_O16_x_N13,317,17.429,20.881,6.2643,1,accepted
exfor_C0998_002_p_O16_x_N13,318,17.435,20.697,6.2091,1,accepted
exfor_C0998_002_p_O16_x_N13,319,17.44,19.841,5.9523,1,accepted
exfor_C0998_002_p_O16_x_N13,320,17.445,20.208,6.0624,1,accepted
exfor_C0998_002_p_O16_x_N13,321,17.451,19.963,5.9889,1,accepted
exfor_C0998_002_p_O16_x_N13,322,17.451,19.413,5.8239,1,accepted
exfor_C0998_002_p_O16_x_N13,323,17.456,21.248,6.3744,1,accepted
exfor_C0998_002_p_O16_x_N13,324,17.461,20.82,6.246,1,accepted
exfor_C0998_002_p_O16_x_N13,325,17.461,20.27,6.0809999999999995,1,accepted
exfor_C0998_002_p_O16_x_N13,326,17.477,19.352,5.8056,1,accepted
exfor_C0998_002_p_O16_x_N13,327,17.477,19.046,5.7138,1,accepted
exfor_C0998_002_p_O16_x_N13,328,17.488,19.536,5.8608,1,accepted
exfor_C0998_002_p_O16_x_N13,329,17.498,20.576,6.1728,1,accepted
exfor_C0998_002_p_O16_x_N13,330,17.504,18.986,5.6958,1,accepted
exfor_C0998_002_p_O16_x_N13,331,17.52,19.353,5.8059,1,accepted
exfor_C0998_002_p_O16_x_N13,332,17.525,18.558,5.5674,1,accepted
exfor_C0998_002_p_O16_x_N13,333,17.536,19.231,5.769299999999999,1,accepted
exfor_C0998_002_p_O16_x_N13,334,17.536,17.946,5.3838,1,accepted
exfor_C0998_002_p_O16_x_N13,335,17.541,19.537,5.8611,1,accepted
exfor_C0998_002_p_O16_x_N13,336,17.557,18.314,5.4942,1,accepted
exfor_C0998_002_p_O16_x_N13,337,17.557,17.517999999999997,5.255400000000001,1,accepted
exfor_C0998_002_p_O16_x_N13,338,17.573,17.519,5.2557,1,accepted
exfor_C0998_002_p_O16_x_N13,339,17.594,17.58,5.274,1,accepted
exfor_C0998_002_p_O16_x_N13,340,17.605,18.131,5.4393,1,accepted
exfor_C0998_002_p_O16_x_N13,341,17.61,16.846,5.0538,1,accepted
exfor_C0998_002_p_O16_x_N13,342,17.632,16.847,5.0541,1,accepted
exfor_C0998_002_p_O16_x_N13,343,17.637,15.623,4.6869,1,accepted
exfor_C0998_002_p_O16_x_N13,344,17.653,15.501,4.6503,1,accepted
exfor_C0998_002_p_O16_x_N13,345,17.664,14.828,4.4484,1,accepted
exfor_C0998_002_p_O16_x_N13,346,17.685,14.951,4.4853000000000005,1,accepted
exfor_C0998_002_p_O16_x_N13,347,17.696,14.34,4.3020000000000005,1,accepted
exfor_C0998_002_p_O16_x_N13,348,17.706,14.462,4.3386,1,accepted
exfor_C0998_002_p_O16_x_N13,349,17.722,13.851,4.1552999999999995,1,accepted
exfor_C0998_002_p_O16_x_N13,350,17.738,13.239,3.9717,1,accepted
exfor_C0998_002_p_O16_x_N13,351,17.744,12.26,3.678,1,accepted
exfor_C0998_002_p_O16_x_N13,352,17.754,14.402,4.3206,1,accepted
exfor_C0998_002_p_O16_x_N13,353,17.77,13.913,4.173900000000001,1,accepted
exfor_C0998_002_p_O16_x_N13,354,17.786,13.24,3.972,1,accepted
exfor_C1911_002_p_C12_x_C11,0,800.0,32.0,1.0,0,outside_energy_range
exfor_C1911_003_p_C12_x_C11,0,800.0,32.099999999999994,0.0,0,outside_energy_range
exfor_C1911_003_p_C12_x_C11,1,800.0,32.0,0.0,0,outside_energy_range
exfor_C1979_002_1_p_N14_x_N13,0,400.0,5.2,0.0,0,outside_energy_range
exfor_C1979_002_1_p_N14_x_N13,1,600.0,4.1000000000000005,0.0,0,outside_energy_range
exfor_C1979_002_1_p_N14_x_N13,2,720.0,3.8,0.0,0,outside_energy_range
exfor_C1979_002_1_p_N14_x_N13,3,2000.0,5.1000000000000005,0.0,0,outside_energy_range
exfor_C1979_002_1_p_N14_x_N13,4,4100.0,5.6,0.0,0,outside_energy_range
exfor_C1979_002_1_p_N14_x_N13,5,6200.0,4.8,0.0,0,outside_energy_range
exfor_C1979_002_2_p_N14_x_N13,0,400.0,5.3,0.0,0,outside_energy_range
exfor_C1979_002_2_p_N14_x_N13,1,600.0,5.4,0.0,0,outside_energy_range
exfor_C1979_002_2_p_N14_x_N13,2,720.0,4.1000000000000005,0.0,0,outside_energy_range
exfor_C1979_002_2_p_N14_x_N13,3,4100.0,5.7,0.0,0,outside_energy_range
exfor_C1979_002_2_p_N14_x_N13,4,6200.0,4.8,0.0,0,outside_energy_range
exfor_C1979_002_3_p_N14_x_N13,0,720.0,4.6,0.0,0,outside_energy_range
exfor_C2341_002_p_C12_x_C11,0,300000.0,24.6,1.6,0,outside_energy_range
exfor_C2359_002_p_C12_x_C11,0,283.0,48.9,2.5,0,outside_energy_range
exfor_C2359_002_p_C12_x_C11,1,387.0,43.6,2.2,0,outside_energy_range
exfor_C2359_003_p_C12_x_C11,0,400.0,34.0,0.0,0,outside_energy_range
exfor_D0128_005_p_C12_x_C11,0,150.0,45.0,2.0,1,accepted
exfor_D0138_003_p_O16_x_N13,0,13.1,39.0,5.0,1,accepted
exfor_D1061_002_p_O16_x_C11,0,56.9,19.8,0.6,1,accepted
exfor_D1061_002_p_O16_x_C11,1,54.8,20.8,0.8,1,accepted
exfor_D1061_002_p_O16_x_C11,2,52.5,20.5,0.5,1,accepted
exfor_D1061_002_p_O16_x_C11,3,50.2,22.8,0.8,1,accepted
exfor_D1061_002_p_O16_x_C11,4,47.8,21.9,0.5,1,accepted
exfor_D1061_002_p_O16_x_C11,5,45.3,24.2,0.7,1,accepted
exfor_D1061_002_p_O16_x_C11,6,42.7,20.5,0.6,1,accepted
exfor_D1061_002_p_O16_x_C11,7,40.0,16.9,0.6,1,accepted
exfor_D1061_002_p_O16_x_C11,8,38.6,17.9,0.3,1,accepted
exfor_D1061_002_p_O16_x_C11,9,37.0,14.0,0.5,1,accepted
exfor_D1061_002_p_O16_x_C11,10,35.6,11.0,0.3,1,accepted
exfor_D1061_002_p_O16_x_C11,11,33.9,8.200000000000001,0.5,1,accepted
exfor_D1061_002_p_O16_x_C11,12,32.3,5.6,0.2,1,accepted
exfor_D1061_002_p_O16_x_C11,13,30.6,3.6,0.2,1,accepted
exfor_D1061_002_p_O16_x_C11,14,27.0,1.0,0.1,1,accepted
exfor_D1061_002_p_O16_x_C11,15,22.9,0.7,0.3,0,at_or_below_threshold
exfor_D1061_003_p_O16_x_N13,0,56.9,3.6,0.8,1,accepted
exfor_D1061_003_p_O16_x_N13,1,54.8,6.1000000000000005,1.1,1,accepted
exfor_D1061_003_p_O16_x_N13,2,52.5,4.3,0.8,1,accepted
exfor_D1061_003_p_O16_x_N13,3,50.2,4.6,1.2,1,accepted
exfor_D1061_003_p_O16_x_N13,4,47.8,3.6,0.8,1,accepted
exfor_D1061_003_p_O16_x_N13,5,45.3,3.0,1.1,1,accepted
exfor_D1061_003_p_O16_x_N13,6,42.7,2.8,0.9,1,accepted
exfor_D1061_003_p_O16_x_N13,7,40.0,3.5,0.8,1,accepted
exfor_D1061_003_p_O16_x_N13,8,38.6,2.6,0.5,1,accepted
exfor_D1061_003_p_O16_x_N13,9,37.0,2.4,0.8,1,accepted
exfor_D1061_003_p_O16_x_N13,10,35.6,2.8,0.4,1,accepted
exfor_D1061_003_p_O16_x_N13,11,33.9,1.2,0.7,1,accepted
exfor_D1061_003_p_O16_x_N13,12,32.3,2.5,0.2,1,accepted
exfor_D1061_003_p_O16_x_N13,13,30.6,2.1,0.3,1,accepted
exfor_D1061_003_p_O16_x_N13,14,27.0,2.4,0.2,1,accepted
exfor_D1061_003_p_O16_x_N13,15,22.9,5.4,0.5,1,accepted
exfor_D1061_003_p_O16_x_N13,16,12.0,21.0,0.6,1,accepted
exfor_D1061_004_p_O16_x_O15,0,56.9,60.1,1.8,1,accepted
exfor_D1061_004_p_O16_x_O15,1,54.8,65.9,2.2,1,accepted
exfor_D1061_004_p_O16_x_O15,2,52.5,62.4,1.7,1,accepted
exfor_D1061_004_p_O16_x_O15,3,50.2,71.8,2.5,1,accepted
exfor_D1061_004_p_O16_x_O15,4,47.8,65.69999999999999,1.5,1,accepted
exfor_D1061_004_p_O16_x_O15,5,45.3,75.89999999999999,2.3,1,accepted
exfor_D1061_004_p_O16_x_O15,6,42.7,68.6,2.0,1,accepted
exfor_D1061_004_p_O16_x_O15,7,40.0,67.2,1.7,1,accepted
exfor_D1061_004_p_O16_x_O15,8,38.6,75.30000000000001,1.0,1,accepted
exfor_D1061_004_p_O16_x_O15,9,37.0,69.4,1.9,1,accepted
exfor_D1061_004_p_O16_x_O15,10,35.6,71.5,0.9,1,accepted
exfor_D1061_004_p_O16_x_O15,11,33.9,73.6,1.9,1,accepted
exfor_D1061_004_p_O16_x_O15,12,32.3,70.0,0.6,1,accepted
exfor_D1061_004_p_O16_x_O15,13,30.6,76.5,1.2,1,accepted
exfor_D1061_004_p_O16_x_O15,14,27.0,63.5,0.9,1,accepted
exfor_D1061_004_p_O16_x_O15,15,22.9,41.5,2.0,1,accepted
exfor_D1061_004_p_O16_x_O15,16,12.0,6.8999999999999995,1.9,0,at_or_below_threshold
exfor_D4128_003_p_N14_x_N13,0,11.4,3.0,0.8,1,accepted
exfor_D4128_003_p_N14_x_N13,1,12.1,6.0,1.5,1,accepted
exfor_D4128_003_p_N14_x_N13,2,13.1,17.0,3.0,1,accepted
exfor_D4128_003_p_N14_x_N13,3,14.1,26.0,4.0,1,accepted
exfor_D4128_003_p_N14_x_N13,4,15.1,29.0,4.0,1,accepted
exfor_D4128_003_p_N14_x_N13,5,15.5,24.0,3.0,1,accepted
exfor_D4128_003_p_N14_x_N13,6,16.5,22.0,3.0,1,accepted
exfor_D4128_003_p_N14_x_N13,7,17.4,31.0,4.0,1,accepted
exfor_D4128_003_p_N14_x_N13,8,18.3,39.0,5.0,1,accepted
exfor_D4128_003_p_N14_x_N13,9,19.2,40.0,5.0,1,accepted
exfor_D4145_002_p_N14_x_N13,0,19.15,37.400000000000006,2.2,1,accepted
exfor_D4145_002_p_N14_x_N13,1,21.18,39.9,2.4,1,accepted
exfor_D4145_002_p_N14_x_N13,2,23.47,37.6,2.3,1,accepted
exfor_D4145_002_p_N14_x_N13,3,25.62,34.2,2.1,1,accepted
exfor_E2449_002_p_O16_x_O15,0,7.2,1.2,0.5,0,at_or_below_threshold
exfor_E2449_002_p_O16_x_O15,1,20.7,27.9,1.5,1,accepted
exfor_E2449_002_p_O16_x_O15,2,31.6,77.5,3.8,1,accepted
exfor_E2449_002_p_O16_x_O15,3,39.8,74.30000000000001,3.7,1,accepted
exfor_E2449_002_p_O16_x_O15,4,46.8,75.6,3.7,1,accepted
exfor_E2449_002_p_O16_x_O15,5,53.1,72.1,3.6,1,accepted
exfor_E2449_002_p_O16_x_O15,6,58.8,72.1,3.6,1,accepted
exfor_E2449_002_p_O16_x_O15,7,64.1,69.7,3.5,1,accepted
exfor_E2449_002_p_O16_x_O15,8,69.1,67.9,3.4,1,accepted
exfor_E2449_003_p_O16_x_C11,0,31.6,3.6,0.7,1,accepted
exfor_E2449_003_p_O16_x_C11,1,39.8,14.1,1.3,1,accepted
exfor_E2449_003_p_O16_x_C11,2,46.8,11.3,1.1,1,accepted
exfor_E2449_003_p_O16_x_C11,3,53.1,18.1,1.4,1,accepted
exfor_E2449_003_p_O16_x_C11,4,58.8,17.3,1.1,1,accepted
exfor_E2449_003_p_O16_x_C11,5,64.1,13.0,1.1,1,accepted
exfor_E2449_003_p_O16_x_C11,6,69.1,18.1,1.3,1,accepted
exfor_E2449_004_p_O16_x_N13,0,7.2,5.8999999999999995,1.2,1,accepted
exfor_E2449_004_p_O16_x_N13,1,20.7,2.1,1.2,1,accepted
exfor_E2449_004_p_O16_x_N13,2,31.6,1.6,1.2,1,accepted
exfor_E2449_004_p_O16_x_N13,3,39.8,2.9,1.4,1,accepted
exfor_E2449_004_p_O16_x_N13,4,46.8,7.3,1.3,1,accepted
exfor_E2449_004_p_O16_x_N13,5,53.1,5.7,1.3,1,accepted
exfor_E2449_004_p_O16_x_N13,6,58.8,0.0,1.1,0,nonpositive_cross_section
exfor_E2449_004_p_O16_x_N13,7,64.1,6.8,1.3,1,accepted
exfor_E2449_004_p_O16_x_N13,8,69.1,5.6,1.2,1,accepted
exfor_E2449_005_p_C12_x_C11,0,32.5,72.5,3.0,1,accepted
exfor_E2449_005_p_C12_x_C11,1,47.5,79.8,3.3,1,accepted
exfor_E2449_005_p_C12_x_C11,2,59.4,71.2,2.9,1,accepted
exfor_E2449_005_p_C12_x_C11,3,69.6,71.9,2.9,1,accepted
exfor_E2501_002_p_C12_x_C11,0,67.61,73.47,0.5599999999999999,1,accepted
exfor_E2501_002_p_C12_x_C11,1,66.5,74.58,0.57,1,accepted
exfor_E2501_002_p_C12_x_C11,2,65.39,74.49,0.57,1,accepted
exfor_E2501_002_p_C12_x_C11,3,64.26,75.58,0.58,1,accepted
exfor_E2501_002_p_C12_x_C11,4,63.12,76.53999999999999,0.58,1,accepted
exfor_E2501_002_p_C12_x_C11,5,61.97,78.69,0.6,1,accepted
exfor_E2501_002_p_C12_x_C11,6,60.8,82.19999999999999,0.62,1,accepted
exfor_E2501_002_p_C12_x_C11,7,59.62,83.11,0.63,1,accepted
exfor_E2501_002_p_C12_x_C11,8,58.42,82.10000000000001,0.62,1,accepted
exfor_E2501_002_p_C12_x_C11,9,57.2,81.91,0.62,1,accepted
exfor_E2501_002_p_C12_x_C11,10,55.96,82.54,0.63,1,accepted
exfor_E2501_002_p_C12_x_C11,11,54.7,83.54,0.63,1,accepted
exfor_E2501_002_p_C12_x_C11,12,53.42,83.4,0.63,1,accepted
exfor_E2501_002_p_C12_x_C11,13,52.12,83.98,0.64,1,accepted
exfor_E2501_002_p_C12_x_C11,14,50.8,84.51,0.64,1,accepted
exfor_E2501_002_p_C12_x_C11,15,49.44,83.66999999999999,0.63,1,accepted
exfor_E2501_002_p_C12_x_C11,16,48.06,83.75,0.63,1,accepted
exfor_E2501_002_p_C12_x_C11,17,46.65,83.46000000000001,0.63,1,accepted
exfor_E2501_002_p_C12_x_C11,18,45.2,86.58,0.66,1,accepted
exfor_E2501_002_p_C12_x_C11,19,43.72,87.08,0.66,1,accepted
exfor_E2501_002_p_C12_x_C11,20,42.19,86.69,0.66,1,accepted
exfor_E2501_002_p_C12_x_C11,21,40.62,87.53,0.66,1,accepted
exfor_E2501_002_p_C12_x_C11,22,39.0,84.75,0.64,1,accepted
exfor_E2501_002_p_C12_x_C11,23,37.32,85.11,0.65,1,accepted
exfor_E2501_002_p_C12_x_C11,24,35.58,81.65,0.62,1,accepted
exfor_E2501_002_p_C12_x_C11,25,33.76,78.06,0.6,1,accepted
exfor_E2501_002_p_C12_x_C11,26,31.85,70.69,0.54,1,accepted
exfor_E2501_002_p_C12_x_C11,27,29.84,59.56,0.47,1,accepted
exfor_E2501_002_p_C12_x_C11,28,27.71,45.06,0.36,1,accepted
exfor_E2501_002_p_C12_x_C11,29,25.44,29.08,0.25,1,accepted
exfor_E2501_002_p_C12_x_C11,30,22.98,15.76,0.15,1,accepted
exfor_E2501_002_p_C12_x_C11,31,20.28,8.229999999999999,0.09,1,accepted
exfor_E2501_002_p_C12_x_C11,32,17.24,4.23,0.05,0,at_or_below_threshold
exfor_E2501_002_p_C12_x_C11,33,13.79,2.8600000000000003,0.04,0,at_or_below_threshold
exfor_E2501_002_p_C12_x_C11,34,10.53,2.29,0.04,0,at_or_below_threshold
exfor_E2568_002_p_O16_x_O15,0,69.93,51.88,1.33,0,dataset_pending
exfor_E2568_002_p_O16_x_O15,1,69.69,52.94,1.35,0,dataset_pending
exfor_E2568_002_p_O16_x_O15,2,69.46,53.36,1.36,0,dataset_pending
exfor_E2568_002_p_O16_x_O15,3,69.22,53.61,1.37,0,dataset_pending
exfor_E2568_002_p_O16_x_O15,4,68.98,53.89,1.37,0,dataset_pending
exfor_E2568_002_p_O16_x_O15,5,68.75,54.27,1.38,0,dataset_pending
exfor_E2568_002_p_O16_x_O15,6,68.52,54.67,1.39,0,dataset_pending
exfor_E2568_002_p_O16_x_O15,7,68.28,55.059999999999995,1.4,0,dataset_pending
exfor_E2568_002_p_O16_x_O15,8,68.04,55.43,1.41,0,dataset_pending
exfor_E2568_002_p_O16_x_O15,9,67.81,55.75,1.42,0,dataset_pending
exfor_E2568_002_p_O16_x_O15,10,67.57,56.02,1.42,0,dataset_pending
exfor_E2568_002_p_O16_x_O15,11,67.33,56.31,1.4300000000000002,0,dataset_pending
exfor_E2568_002_p_O16_x_O15,12,67.09,56.62,1.4400000000000002,0,dataset_pending
exfor_E2568_002_p_O16_x_O15,13,66.85,56.89,1.4400000000000002,0,dataset_pending
exfor_E2568_002_p_O16_x_O15,14,66.61,57.12,1.45,0,dataset_pending
exfor_E2568_002_p_O16_x_O15,15,66.38,57.3,1.45,0,dataset_pending
exfor_E2568_002_p_O16_x_O15,16,66.13,57.45,1.46,0,dataset_pending
exfor_E2568_002_p_O16_x_O15,17,65.89,57.6,1.46,0,dataset_pending
exfor_E2568_002_p_O16_x_O15,18,65.65,57.75,1.46,0,dataset_pending
exfor_E2568_002_p_O16_x_O15,19,65.41,57.92,1.47,0,dataset_pending
exfor_E2568_002_p_O16_x_O15,20,65.15,58.13,1.47,0,dataset_pending
exfor_E2568_002_p_O16_x_O15,21,64.9,58.32,1.48,0,dataset_pending
exfor_E2568_002_p_O16_x_O15,22,64.66,58.44,1.48,0,dataset_pending
exfor_E2568_002_p_O16_x_O15,23,64.41,58.55,1.48,0,dataset_pending
exfor_E2568_002_p_O16_x_O15,24,64.16,58.61,1.48,0,dataset_pending
exfor_E2568_002_p_O16_x_O15,25,63.91,58.63,1.48,0,dataset_pending
exfor_E2568_002_p_O16_x_O15,26,63.65,58.76,1.49,0,dataset_pending
exfor_E2568_002_p_O16_x_O15,27,63.4,58.94,1.49,0,dataset_pending
exfor_E2568_002_p_O16_x_O15,28,63.15,58.98,1.49,0,dataset_pending
exfor_E2568_002_p_O16_x_O15,29,62.89,59.04,1.49,0,dataset_pending
exfor_E2568_002_p_O16_x_O15,30,62.63,59.19,1.5,0,dataset_pending
exfor_E2568_002_p_O16_x_O15,31,62.38,59.39,1.5,0,dataset_pending
exfor_E2568_002_p_O16_x_O15,32,62.12,59.73,1.51,0,dataset_pending
exfor_E2568_002_p_O16_x_O15,33,61.87,60.09,1.52,0,dataset_pending
exfor_E2568_002_p_O16_x_O15,34,61.61,60.41,1.5299999999999998,0,dataset_pending
exfor_E2568_002_p_O16_x_O15,35,61.35,60.62,1.5299999999999998,0,dataset_pending
exfor_E2568_002_p_O16_x_O15,36,61.09,60.74,1.5299999999999998,0,dataset_pending
exfor_E2568_002_p_O16_x_O15,37,60.83,60.87,1.5399999999999998,0,dataset_pending
exfor_E2568_002_p_O16_x_O15,38,60.57,61.04,1.5399999999999998,0,dataset_pending
exfor_E2568_002_p_O16_x_O15,39,60.31,61.21,1.55,0,dataset_pending
exfor_E2568_002_p_O16_x_O15,40,60.04,61.440000000000005,1.55,0,dataset_pending
exfor_E2568_002_p_O16_x_O15,41,59.78,61.7,1.56,0,dataset_pending
exfor_E2568_002_p_O16_x_O15,42,59.51,61.879999999999995,1.56,0,dataset_pending
exfor_E2568_002_p_O16_x_O15,43,59.25,62.010000000000005,1.56,0,dataset_pending
exfor_E2568_002_p_O16_x_O15,44,58.98,62.120000000000005,1.56,0,dataset_pending
exfor_E2568_002_p_O16_x_O15,45,58.71,62.21,1.57,0,dataset_pending
exfor_E2568_002_p_O16_x_O15,46,58.44,62.25,1.57,0,dataset_pending
exfor_E2568_002_p_O16_x_O15,47,58.17,62.260000000000005,1.57,0,dataset_pending
exfor_E2568_002_p_O16_x_O15,48,57.89,62.22,1.57,0,dataset_pending
exfor_E2568_002_p_O16_x_O15,49,57.63,62.27,1.57,0,dataset_pending
exfor_E2568_002_p_O16_x_O15,50,57.36,62.35,1.57,0,dataset_pending
exfor_E2568_002_p_O16_x_O15,51,57.08,62.51,1.57,0,dataset_pending
exfor_E2568_002_p_O16_x_O15,52,56.81,62.74,1.58,0,dataset_pending
exfor_E2568_002_p_O16_x_O15,53,56.54,62.99,1.58,0,dataset_pending
exfor_E2568_002_p_O16_x_O15,54,56.26,63.27000000000001,1.59,0,dataset_pending
exfor_E2568_002_p_O16_x_O15,55,55.98,63.6,1.6,0,dataset_pending
exfor_E2568_002_p_O16_x_O15,56,55.7,63.94,1.61,0,dataset_pending
exfor_E2568_002_p_O16_x_O15,57,55.43,64.22,1.61,0,dataset_pending
exfor_E2568_002_p_O16_x_O15,58,55.15,64.5,1.62,0,dataset_pending
exfor_E2568_002_p_O16_x_O15,59,54.86,64.69,1.62,0,dataset_pending
exfor_E2568_002_p_O16_x_O15,60,54.57,64.72999999999999,1.62,0,dataset_pending
exfor_E2568_002_p_O16_x_O15,61,54.28,64.76,1.62,0,dataset_pending
exfor_E2568_002_p_O16_x_O15,62,53.99,64.8,1.63,0,dataset_pending
exfor_E2568_002_p_O16_x_O15,63,53.72,64.79,1.63,0,dataset_pending
exfor_E2568_002_p_O16_x_O15,64,53.44,64.83,1.63,0,dataset_pending
exfor_E2568_002_p_O16_x_O15,65,53.15,64.92,1.63,0,dataset_pending
exfor_E2568_002_p_O16_x_O15,66,52.86,65.05,1.63,0,dataset_pending
exfor_E2568_002_p_O16_x_O15,67,52.56,65.3,1.64,0,dataset_pending
exfor_E2568_002_p_O16_x_O15,68,52.26,65.57000000000001,1.64,0,dataset_pending
exfor_E2568_002_p_O16_x_O15,69,51.96,65.88,1.65,0,dataset_pending
exfor_E2568_002_p_O16_x_O15,70,51.67,66.25,1.66,0,dataset_pending
exfor_E2568_002_p_O16_x_O15,71,51.37,66.55,1.66,0,dataset_pending
exfor_E2568_002_p_O16_x_O15,72,51.06,66.78,1.6700000000000002,0,dataset_pending
exfor_E2568_002_p_O16_x_O15,73,50.77,66.97,1.6800000000000002,0,dataset_pending
exfor_E2568_002_p_O16_x_O15,74,50.48,67.05999999999999,1.6800000000000002,0,dataset_pending
exfor_E2568_002_p_O16_x_O15,75,50.16,67.12,1.6800000000000002,0,dataset_pending
exfor_E2568_002_p_O16_x_O15,76,49.85,67.22,1.6800000000000002,0,dataset_pending
exfor_E2568_002_p_O16_x_O15,77,49.54,67.32000000000001,1.6800000000000002,0,dataset_pending
exfor_E2568_002_p_O16_x_O15,78,49.23,67.45,1.6900000000000002,0,dataset_pending
exfor_E2568_002_p_O16_x_O15,79,48.92,67.65,1.6900000000000002,0,dataset_pending
exfor_E2568_002_p_O16_x_O15,80,48.61,67.91,1.7,0,dataset_pending
exfor_E2568_002_p_O16_x_O15,81,48.31,68.22,1.7,0,dataset_pending
exfor_E2568_002_p_O16_x_O15,82,48.0,68.46,1.71,0,dataset_pending
exfor_E2568_002_p_O16_x_O15,83,47.69,68.59,1.71,0,dataset_pending
exfor_E2568_002_p_O16_x_O15,84,47.37,68.6,1.71,0,dataset_pending
exfor_E2568_002_p_O16_x_O15,85,47.04,68.64,1.71,0,dataset_pending
exfor_E2568_002_p_O16_x_O15,86,46.72,68.75,1.72,0,dataset_pending
exfor_E2568_002_p_O16_x_O15,87,46.4,68.93,1.72,0,dataset_pending
exfor_E2568_002_p_O16_x_O15,88,46.07,69.19,1.73,0,dataset_pending
exfor_E2568_002_p_O16_x_O15,89,45.73,69.38999999999999,1.73,0,dataset_pending
exfor_E2568_002_p_O16_x_O15,90,45.4,69.59,1.74,0,dataset_pending
exfor_E2568_002_p_O16_x_O15,91,45.08,69.74,1.74,0,dataset_pending
exfor_E2568_002_p_O16_x_O15,92,44.75,69.88,1.74,0,dataset_pending
exfor_E2568_002_p_O16_x_O15,93,44.41,70.02,1.74,0,dataset_pending
exfor_E2568_002_p_O16_x_O15,94,44.08,70.18,1.75,0,dataset_pending
exfor_E2568_002_p_O16_x_O15,95,43.74,70.35,1.75,0,dataset_pending
exfor_E2568_002_p_O16_x_O15,96,43.4,70.52,1.76,0,dataset_pending
exfor_E2568_002_p_O16_x_O15,97,43.07,70.76,1.76,0,dataset_pending
exfor_E2568_002_p_O16_x_O15,98,42.73,71.06,1.77,0,dataset_pending
exfor_E2568_002_p_O16_x_O15,99,42.38,71.39,1.7799999999999998,0,dataset_pending
exfor_E2568_002_p_O16_x_O15,100,42.02,71.74,1.79,0,dataset_pending
exfor_E2568_002_p_O16_x_O15,101,41.65,72.09,1.79,0,dataset_pending
exfor_E2568_002_p_O16_x_O15,102,41.3,72.33000000000001,1.8,0,dataset_pending
exfor_E2568_002_p_O16_x_O15,103,40.96,72.49,1.8,0,dataset_pending
exfor_E2568_002_p_O16_x_O15,104,40.61,72.63,1.8,0,dataset_pending
exfor_E2568_002_p_O16_x_O15,105,40.26,72.8,1.81,0,dataset_pending
exfor_E2568_002_p_O16_x_O15,106,39.89,73.08000000000001,1.81,0,dataset_pending
exfor_E2568_002_p_O16_x_O15,107,39.51,73.44000000000001,1.82,0,dataset_pending
exfor_E2568_002_p_O16_x_O15,108,39.15,73.82,1.83,0,dataset_pending
exfor_E2568_002_p_O16_x_O15,109,38.78,74.21,1.84,0,dataset_pending
exfor_E2568_002_p_O16_x_O15,110,38.4,74.59,1.85,0,dataset_pending
exfor_E2568_002_p_O16_x_O15,111,38.04,74.94000000000001,1.86,0,dataset_pending
exfor_E2568_002_p_O16_x_O15,112,37.67,75.37,1.87,0,dataset_pending
exfor_E2568_002_p_O16_x_O15,113,37.28,75.84,1.88,0,dataset_pending
exfor_E2568_002_p_O16_x_O15,114,36.9,76.31,1.89,0,dataset_pending
exfor_E2568_002_p_O16_x_O15,115,36.52,76.67999999999999,1.9,0,dataset_pending
exfor_E2568_002_p_O16_x_O15,116,36.11,76.8,1.9,0,dataset_pending
exfor_E2568_002_p_O16_x_O15,117,35.71,76.74000000000001,1.9,0,dataset_pending
exfor_E2568_002_p_O16_x_O15,118,35.31,76.57,1.89,0,dataset_pending
exfor_E2568_002_p_O16_x_O15,119,34.9,76.42999999999999,1.89,0,dataset_pending
exfor_E2568_002_p_O16_x_O15,120,34.52,76.33,1.89,0,dataset_pending
exfor_E2568_002_p_O16_x_O15,121,34.12,76.28999999999999,1.89,0,dataset_pending
exfor_E2568_002_p_O16_x_O15,122,33.69,76.27000000000001,1.89,0,dataset_pending
exfor_E2568_002_p_O16_x_O15,123,33.28,76.25,1.89,0,dataset_pending
exfor_E2568_002_p_O16_x_O15,124,32.87,76.13000000000001,1.88,0,dataset_pending
exfor_E2568_002_p_O16_x_O15,125,32.41,75.94,1.88,0,dataset_pending
exfor_E2568_002_p_O16_x_O15,126,31.98,75.53999999999999,1.87,0,dataset_pending
exfor_E2568_002_p_O16_x_O15,127,31.58,74.81,1.85,0,dataset_pending
exfor_E2568_002_p_O16_x_O15,128,31.13,73.91,1.83,0,dataset_pending
exfor_E2568_002_p_O16_x_O15,129,30.67,72.81,1.81,0,dataset_pending
exfor_E2568_002_p_O16_x_O15,130,30.23,71.5,1.7799999999999998,0,dataset_pending
exfor_E2568_002_p_O16_x_O15,131,29.77,69.97,1.74,0,dataset_pending
exfor_E2568_002_p_O16_x_O15,132,29.3,68.2,1.7,0,dataset_pending
exfor_E2568_002_p_O16_x_O15,133,28.86,66.0,1.65,0,dataset_pending
exfor_E2568_002_p_O16_x_O15,134,28.39,63.88000000000001,1.62,0,dataset_pending
exfor_E2568_002_p_O16_x_O15,135,27.9,61.629999999999995,1.57,0,dataset_pending
exfor_E2568_002_p_O16_x_O15,136,27.41,58.86,1.5,0,dataset_pending
exfor_E2568_002_p_O16_x_O15,137,26.89,56.0,1.4400000000000002,0,dataset_pending
exfor_E2568_002_p_O16_x_O15,138,26.39,52.970000000000006,1.38,0,dataset_pending
exfor_E2568_002_p_O16_x_O15,139,25.9,49.79,1.3,0,dataset_pending
exfor_E2568_002_p_O16_x_O15,140,25.39,46.28,1.21,0,dataset_pending
exfor_E2568_002_p_O16_x_O15,141,24.86,42.45,1.12,0,dataset_pending
exfor_E2568_002_p_O16_x_O15,142,24.3,38.510000000000005,1.03,0,dataset_pending
exfor_E2568_002_p_O16_x_O15,143,23.74,34.72,0.95,0,dataset_pending
exfor_E2568_002_p_O16_x_O15,144,23.19,30.95,0.86,0,dataset_pending
exfor_E2568_002_p_O16_x_O15,145,22.67,27.6,0.79,0,dataset_pending
exfor_E2568_002_p_O16_x_O15,146,22.11,24.45,0.71,0,dataset_pending
exfor_E2568_002_p_O16_x_O15,147,21.51,21.41,0.64,0,dataset_pending
exfor_E2568_002_p_O16_x_O15,148,20.89,18.5,0.57,0,dataset_pending
exfor_E2568_002_p_O16_x_O15,149,20.26,15.75,0.51,0,dataset_pending
exfor_E2568_002_p_O16_x_O15,150,19.65,13.22,0.46,0,dataset_pending
exfor_E2568_002_p_O16_x_O15,151,19.02,11.0,0.41,0,dataset_pending
exfor_E2568_002_p_O16_x_O15,152,18.36,9.05,0.37,0,dataset_pending
exfor_E2568_002_p_O16_x_O15,153,17.67,7.33,0.34,0,dataset_pending
exfor_E2568_002_p_O16_x_O15,154,16.94,5.890000000000001,0.31,0,dataset_pending
exfor_E2568_002_p_O16_x_O15,155,16.21,4.67,0.2799999999999999,0,dataset_pending
exfor_E2568_002_p_O16_x_O15,156,15.46,3.59,0.2599999999999999,0,dataset_pending
exfor_E2568_002_p_O16_x_O15,157,14.66,2.68,0.24,0,dataset_pending
exfor_E2568_002_p_O16_x_O15,158,13.83,1.87,0.23,0,dataset_pending
exfor_E2568_002_p_O16_x_O15,159,12.94,1.16,0.21,0,dataset_pending
exfor_E2568_002_p_O16_x_O15,160,11.98,0.54,0.2,0,dataset_pending
exfor_E2568_003_p_O16_x_N13,0,69.93,5.8500000000000005,0.19,0,dataset_pending
exfor_E2568_003_p_O16_x_N13,1,69.69,5.92,0.19,0,dataset_pending
exfor_E2568_003_p_O16_x_N13,2,69.46,5.94,0.2,0,dataset_pending
exfor_E2568_003_p_O16_x_N13,3,69.22,5.8999999999999995,0.19,0,dataset_pending
exfor_E2568_003_p_O16_x_N13,4,68.98,5.88,0.19,0,dataset_pending
exfor_E2568_003_p_O16_x_N13,5,68.75,5.890000000000001,0.19,0,dataset_pending
exfor_E2568_003_p_O16_x_N13,6,68.52,5.930000000000001,0.19,0,dataset_pending
exfor_E2568_003_p_O16_x_N13,7,68.28,6.0,0.19,0,dataset_pending
exfor_E2568_003_p_O16_x_N13,8,68.04,6.08,0.2,0,dataset_pending
exfor_E2568_003_p_O16_x_N13,9,67.81,6.1000000000000005,0.2,0,dataset_pending
exfor_E2568_003_p_O16_x_N13,10,67.57,6.11,0.19,0,dataset_pending
exfor_E2568_003_p_O16_x_N13,11,67.33,6.08,0.19,0,dataset_pending
exfor_E2568_003_p_O16_x_N13,12,67.09,6.0,0.19,0,dataset_pending
exfor_E2568_003_p_O16_x_N13,13,66.85,5.96,0.19,0,dataset_pending
exfor_E2568_003_p_O16_x_N13,14,66.61,5.92,0.19,0,dataset_pending
exfor_E2568_003_p_O16_x_N13,15,66.38,5.92,0.19,0,dataset_pending
exfor_E2568_003_p_O16_x_N13,16,66.13,5.94,0.19,0,dataset_pending
exfor_E2568_003_p_O16_x_N13,17,65.89,5.96,0.19,0,dataset_pending
exfor_E2568_003_p_O16_x_N13,18,65.65,5.98,0.19,0,dataset_pending
exfor_E2568_003_p_O16_x_N13,19,65.41,5.97,0.19,0,dataset_pending
exfor_E2568_003_p_O16_x_N13,20,65.15,5.88,0.19,0,dataset_pending
exfor_E2568_003_p_O16_x_N13,21,64.9,5.79,0.19,0,dataset_pending
exfor_E2568_003_p_O16_x_N13,22,64.66,5.75,0.19,0,dataset_pending
exfor_E2568_003_p_O16_x_N13,23,64.41,5.77,0.2,0,dataset_pending
exfor_E2568_003_p_O16_x_N13,24,64.16,5.88,0.19,0,dataset_pending
exfor_E2568_003_p_O16_x_N13,25,63.91,6.1000000000000005,0.2,0,dataset_pending
exfor_E2568_003_p_O16_x_N13,26,63.65,6.18,0.2,0,dataset_pending
exfor_E2568_003_p_O16_x_N13,27,63.4,6.15,0.2,0,dataset_pending
exfor_E2568_003_p_O16_x_N13,28,63.15,6.25,0.2,0,dataset_pending
exfor_E2568_003_p_O16_x_N13,29,62.89,6.32,0.2,0,dataset_pending
exfor_E2568_003_p_O16_x_N13,30,62.63,6.36,0.2,0,dataset_pending
exfor_E2568_003_p_O16_x_N13,31,62.38,6.41,0.21,0,dataset_pending
exfor_E2568_003_p_O16_x_N13,32,62.12,6.4,0.21,0,dataset_pending
exfor_E2568_003_p_O16_x_N13,33,61.87,6.35,0.21,0,dataset_pending
exfor_E2568_003_p_O16_x_N13,34,61.61,6.28,0.21,0,dataset_pending
exfor_E2568_003_p_O16_x_N13,35,61.35,6.19,0.21,0,dataset_pending
exfor_E2568_003_p_O16_x_N13,36,61.09,6.159999999999999,0.2,0,dataset_pending
exfor_E2568_003_p_O16_x_N13,37,60.83,6.19,0.2,0,dataset_pending
exfor_E2568_003_p_O16_x_N13,38,60.57,6.23,0.2,0,dataset_pending
exfor_E2568_003_p_O16_x_N13,39,60.31,6.26,0.21,0,dataset_pending
exfor_E2568_003_p_O16_x_N13,40,60.04,6.26,0.21,0,dataset_pending
exfor_E2568_003_p_O16_x_N13,41,59.78,6.17,0.21,0,dataset_pending
exfor_E2568_003_p_O16_x_N13,42,59.51,6.1000000000000005,0.2,0,dataset_pending
exfor_E2568_003_p_O16_x_N13,43,59.25,6.07,0.2,0,dataset_pending
exfor_E2568_003_p_O16_x_N13,44,58.98,5.989999999999999,0.2,0,dataset_pending
exfor_E2568_003_p_O16_x_N13,45,58.71,5.930000000000001,0.2,0,dataset_pending
exfor_E2568_003_p_O16_x_N13,46,58.44,5.91,0.19,0,dataset_pending
exfor_E2568_003_p_O16_x_N13,47,58.17,5.94,0.2,0,dataset_pending
exfor_E2568_003_p_O16_x_N13,48,57.89,6.0200000000000005,0.2,0,dataset_pending
exfor_E2568_003_p_O16_x_N13,49,57.63,6.07,0.2,0,dataset_pending
exfor_E2568_003_p_O16_x_N13,50,57.36,6.1000000000000005,0.2,0,dataset_pending
exfor_E2568_003_p_O16_x_N13,51,57.08,6.119999999999999,0.2,0,dataset_pending
exfor_E2568_003_p_O16_x_N13,52,56.81,6.08,0.2,0,dataset_pending
exfor_E2568_003_p_O16_x_N13,53,56.54,6.1000000000000005,0.2,0,dataset_pending
exfor_E2568_003_p_O16_x_N13,54,56.26,6.14,0.2,0,dataset_pending
exfor_E2568_003_p_O16_x_N13,55,55.98,6.08,0.2,0,dataset_pending
exfor_E2568_003_p_O16_x_N13,56,55.7,6.04,0.2,0,dataset_pending
exfor_E2568_003_p_O16_x_N13,57,55.43,6.01,0.2,0,dataset_pending
exfor_E2568_003_p_O16_x_N13,58,55.15,5.890000000000001,0.2,0,dataset_pending
exfor_E2568_003_p_O16_x_N13,59,54.86,5.8,0.2,0,dataset_pending
exfor_E2568_003_p_O16_x_N13,60,54.57,5.83,0.2,0,dataset_pending
exfor_E2568_003_p_O16_x_N13,61,54.28,5.83,0.2,0,dataset_pending
exfor_E2568_003_p_O16_x_N13,62,53.99,5.8100000000000005,0.2,0,dataset_pending
exfor_E2568_003_p_O16_x_N13,63,53.72,5.8500000000000005,0.2,0,dataset_pending
exfor_E2568_003_p_O16_x_N13,64,53.44,5.87,0.2,0,dataset_pending
exfor_E2568_003_p_O16_x_N13,65,53.15,5.84,0.2,0,dataset_pending
exfor_E2568_003_p_O16_x_N13,66,52.86,5.859999999999999,0.2,0,dataset_pending
exfor_E2568_003_p_O16_x_N13,67,52.56,5.859999999999999,0.2,0,dataset_pending
exfor_E2568_003_p_O16_x_N13,68,52.26,5.92,0.2,0,dataset_pending
exfor_E2568_003_p_O16_x_N13,69,51.96,5.890000000000001,0.2,0,dataset_pending
exfor_E2568_003_p_O16_x_N13,70,51.67,5.7,0.19,0,dataset_pending
exfor_E2568_003_p_O16_x_N13,71,51.37,5.47,0.19,0,dataset_pending
exfor_E2568_003_p_O16_x_N13,72,51.06,5.36,0.19,0,dataset_pending
exfor_E2568_003_p_O16_x_N13,73,50.77,5.32,0.19,0,dataset_pending
exfor_E2568_003_p_O16_x_N13,74,50.48,5.4799999999999995,0.19,0,dataset_pending
exfor_E2568_003_p_O16_x_N13,75,50.16,5.7299999999999995,0.2,0,dataset_pending
exfor_E2568_003_p_O16_x_N13,76,49.85,5.8100000000000005,0.19,0,dataset_pending
exfor_E2568_003_p_O16_x_N13,77,49.54,5.8999999999999995,0.2,0,dataset_pending
exfor_E2568_003_p_O16_x_N13,78,49.23,5.96,0.2,0,dataset_pending
exfor_E2568_003_p_O16_x_N13,79,48.92,5.92,0.2,0,dataset_pending
exfor_E2568_003_p_O16_x_N13,80,48.61,5.77,0.2,0,dataset_pending
exfor_E2568_003_p_O16_x_N13,81,48.31,5.590000000000001,0.19,0,dataset_pending
exfor_E2568_003_p_O16_x_N13,82,48.0,5.44,0.19,0,dataset_pending
exfor_E2568_003_p_O16_x_N13,83,47.69,5.39,0.19,0,dataset_pending
exfor_E2568_003_p_O16_x_N13,84,47.37,5.39,0.19,0,dataset_pending
exfor_E2568_003_p_O16_x_N13,85,47.04,5.37,0.19,0,dataset_pending
exfor_E2568_003_p_O16_x_N13,86,46.72,5.33,0.19,0,dataset_pending
exfor_E2568_003_p_O16_x_N13,87,46.4,5.29,0.19,0,dataset_pending
exfor_E2568_003_p_O16_x_N13,88,46.07,5.21,0.19,0,dataset_pending
exfor_E2568_003_p_O16_x_N13,89,45.73,5.19,0.19,0,dataset_pending
exfor_E2568_003_p_O16_x_N13,90,45.4,5.17,0.19,0,dataset_pending
exfor_E2568_003_p_O16_x_N13,91,45.08,5.08,0.19,0,dataset_pending
exfor_E2568_003_p_O16_x_N13,92,44.75,5.0600000000000005,0.19,0,dataset_pending
exfor_E2568_003_p_O16_x_N13,93,44.41,5.0,0.18,0,dataset_pending
exfor_E2568_003_p_O16_x_N13,94,44.08,4.88,0.18,0,dataset_pending
exfor_E2568_003_p_O16_x_N13,95,43.74,4.84,0.18,0,dataset_pending
exfor_E2568_003_p_O16_x_N13,96,43.4,4.79,0.18,0,dataset_pending
exfor_E2568_003_p_O16_x_N13,97,43.07,4.720000000000001,0.17,0,dataset_pending
exfor_E2568_003_p_O16_x_N13,98,42.73,4.64,0.18,0,dataset_pending
exfor_E2568_003_p_O16_x_N13,99,42.38,4.590000000000001,0.18,0,dataset_pending
exfor_E2568_003_p_O16_x_N13,100,42.02,4.58,0.18,0,dataset_pending
exfor_E2568_003_p_O16_x_N13,101,41.65,4.51,0.17,0,dataset_pending
exfor_E2568_003_p_O16_x_N13,102,41.3,4.39,0.17,0,dataset_pending
exfor_E2568_003_p_O16_x_N13,103,40.96,4.32,0.17,0,dataset_pending
exfor_E2568_003_p_O16_x_N13,104,40.61,4.24,0.17,0,dataset_pending
exfor_E2568_003_p_O16_x_N13,105,40.26,4.159999999999999,0.16,0,dataset_pending
exfor_E2568_003_p_O16_x_N13,106,39.89,4.08,0.16,0,dataset_pending
exfor_E2568_003_p_O16_x_N13,107,39.51,3.96,0.16,0,dataset_pending
exfor_E2568_003_p_O16_x_N13,108,39.15,3.81,0.16,0,dataset_pending
exfor_E2568_003_p_O16_x_N13,109,38.78,3.72,0.15,0,dataset_pending
exfor_E2568_003_p_O16_x_N13,110,38.4,3.74,0.15,0,dataset_pending
exfor_E2568_003_p_O16_x_N13,111,38.04,3.77,0.15,0,dataset_pending
exfor_E2568_003_p_O16_x_N13,112,37.67,3.67,0.15,0,dataset_pending
exfor_E2568_003_p_O16_x_N13,113,37.28,3.53,0.15,0,dataset_pending
exfor_E2568_003_p_O16_x_N13,114,36.9,3.3400000000000003,0.15,0,dataset_pending
exfor_E2568_003_p_O16_x_N13,115,36.52,3.14,0.15,0,dataset_pending
exfor_E2568_003_p_O16_x_N13,116,36.11,3.11,0.1399999999999999,0,dataset_pending
exfor_E2568_003_p_O16_x_N13,117,35.71,3.15,0.1299999999999999,0,dataset_pending
exfor_E2568_003_p_O16_x_N13,118,35.31,3.22,0.1299999999999999,0,dataset_pending
exfor_E2568_003_p_O16_x_N13,119,34.9,3.23,0.1299999999999999,0,dataset_pending
exfor_E2568_003_p_O16_x_N13,120,34.52,3.14,0.12,0,dataset_pending
exfor_E2568_003_p_O16_x_N13,121,34.12,3.0,0.12,0,dataset_pending
exfor_E2568_003_p_O16_x_N13,122,33.69,2.81,0.12,0,dataset_pending
exfor_E2568_003_p_O16_x_N13,123,33.28,2.63,0.11,0,dataset_pending
exfor_E2568_003_p_O16_x_N13,124,32.87,2.52,0.11,0,dataset_pending
exfor_E2568_003_p_O16_x_N13,125,32.41,2.4499999999999997,0.11,0,dataset_pending
exfor_E2568_003_p_O16_x_N13,126,31.98,2.46,0.11,0,dataset_pending
exfor_E2568_003_p_O16_x_N13,127,31.58,2.51,0.11,0,dataset_pending
exfor_E2568_003_p_O16_x_N13,128,31.13,2.51,0.11,0,dataset_pending
exfor_E2568_003_p_O16_x_N13,129,30.67,2.5500000000000003,0.1,0,dataset_pending
exfor_E2568_003_p_O16_x_N13,130,30.23,2.62,0.1,0,dataset_pending
exfor_E2568_003_p_O16_x_N13,131,29.77,2.74,0.1,0,dataset_pending
exfor_E2568_003_p_O16_x_N13,132,29.3,3.0500000000000003,0.11,0,dataset_pending
exfor_E2568_003_p_O16_x_N13,133,28.86,3.65,0.12,0,dataset_pending
exfor_E2568_003_p_O16_x_N13,134,28.39,3.95,0.1299999999999999,0,dataset_pending
exfor_E2568_003_p_O16_x_N13,135,27.9,4.11,0.1299999999999999,0,dataset_pending
exfor_E2568_003_p_O16_x_N13,136,27.41,4.6499999999999995,0.1399999999999999,0,dataset_pending
exfor_E2568_003_p_O16_x_N13,137,26.89,4.9399999999999995,0.15,0,dataset_pending
exfor_E2568_003_p_O16_x_N13,138,26.39,5.08,0.16,0,dataset_pending
exfor_E2568_003_p_O16_x_N13,139,25.9,5.11,0.16,0,dataset_pending
exfor_E2568_003_p_O16_x_N13,140,25.39,5.37,0.16,0,dataset_pending
exfor_E2568_003_p_O16_x_N13,141,24.86,5.930000000000001,0.16,0,dataset_pending
exfor_E2568_003_p_O16_x_N13,142,24.3,6.62,0.18,0,dataset_pending
exfor_E2568_003_p_O16_x_N13,143,23.74,7.14,0.2,0,dataset_pending
exfor_E2568_003_p_O16_x_N13,144,23.19,7.94,0.21,0,dataset_pending
exfor_E2568_003_p_O16_x_N13,145,22.67,8.53,0.23,0,dataset_pending
exfor_E2568_003_p_O16_x_N13,146,22.11,9.31,0.25,0,dataset_pending
exfor_E2568_003_p_O16_x_N13,147,21.51,10.46,0.27,0,dataset_pending
exfor_E2568_003_p_O16_x_N13,148,20.89,11.9,0.3,0,dataset_pending
exfor_E2568_003_p_O16_x_N13,149,20.26,13.66,0.35,0,dataset_pending
exfor_E2568_003_p_O16_x_N13,150,19.65,15.56,0.39,0,dataset_pending
exfor_E2568_003_p_O16_x_N13,151,19.02,17.45,0.44,0,dataset_pending
exfor_E2568_003_p_O16_x_N13,152,18.36,19.26,0.48,0,dataset_pending
exfor_E2568_003_p_O16_x_N13,153,17.67,20.92,0.5199999999999999,0,dataset_pending
exfor_E2568_003_p_O16_x_N13,154,16.94,22.22,0.5599999999999999,0,dataset_pending
exfor_E2568_003_p_O16_x_N13,155,16.21,23.02,0.58,0,dataset_pending
exfor_E2568_003_p_O16_x_N13,156,15.46,23.3,0.58,0,dataset_pending
exfor_E2568_003_p_O16_x_N13,157,14.66,22.84,0.57,0,dataset_pending
exfor_E2568_003_p_O16_x_N13,158,13.83,21.63,0.54,0,dataset_pending
exfor_E2568_003_p_O16_x_N13,159,12.94,19.8,0.5,0,dataset_pending
exfor_E2568_003_p_O16_x_N13,160,11.98,17.57,0.44,0,dataset_pending
exfor_E2568_003_p_O16_x_N13,161,11.07,15.11,0.38,0,dataset_pending
exfor_E2568_003_p_O16_x_N13,162,10.13,12.56,0.32,0,dataset_pending
exfor_E2568_003_p_O16_x_N13,163,9.03,10.25,0.27,0,dataset_pending
exfor_E2568_003_p_O16_x_N13,164,7.93,8.489999999999998,0.23,0,dataset_pending
exfor_E2568_003_p_O16_x_N13,165,6.8,7.41,0.21,0,dataset_pending
exfor_E2568_003_p_O16_x_N13,166,5.65,7.19,0.23,0,dataset_pending
exfor_E2568_004_p_O16_x_C11,0,69.93,17.23,0.44,0,dataset_pending
exfor_E2568_004_p_O16_x_C11,1,69.69,17.18,0.44,0,dataset_pending
exfor_E2568_004_p_O16_x_C11,2,69.46,16.92,0.43,0,dataset_pending
exfor_E2568_004_p_O16_x_C11,3,69.22,16.729999999999997,0.43,0,dataset_pending
exfor_E2568_004_p_O16_x_C11,4,68.98,16.57,0.42,0,dataset_pending
exfor_E2568_004_p_O16_x_C11,5,68.75,16.48,0.42,0,dataset_pending
exfor_E2568_004_p_O16_x_C11,6,68.52,16.490000000000002,0.42,0,dataset_pending
exfor_E2568_004_p_O16_x_C11,7,68.28,16.42,0.42,0,dataset_pending
exfor_E2568_004_p_O16_x_C11,8,68.04,16.34,0.42,0,dataset_pending
exfor_E2568_004_p_O16_x_C11,9,67.81,16.389999999999997,0.42,0,dataset_pending
exfor_E2568_004_p_O16_x_C11,10,67.57,16.51,0.42,0,dataset_pending
exfor_E2568_004_p_O16_x_C11,11,67.33,16.79,0.43,0,dataset_pending
exfor_E2568_004_p_O16_x_C11,12,67.09,17.15,0.43,0,dataset_pending
exfor_E2568_004_p_O16_x_C11,13,66.85,17.42,0.44,0,dataset_pending
exfor_E2568_004_p_O16_x_C11,14,66.61,17.62,0.45,0,dataset_pending
exfor_E2568_004_p_O16_x_C11,15,66.38,17.6,0.45,0,dataset_pending
exfor_E2568_004_p_O16_x_C11,16,66.13,17.44,0.44,0,dataset_pending
exfor_E2568_004_p_O16_x_C11,17,65.89,17.330000000000002,0.44,0,dataset_pending
exfor_E2568_004_p_O16_x_C11,18,65.65,17.25,0.44,0,dataset_pending
exfor_E2568_004_p_O16_x_C11,19,65.41,17.34,0.44,0,dataset_pending
exfor_E2568_004_p_O16_x_C11,20,65.15,17.66,0.45,0,dataset_pending
exfor_E2568_004_p_O16_x_C11,21,64.9,17.95,0.45,0,dataset_pending
exfor_E2568_004_p_O16_x_C11,22,64.66,18.08,0.46,0,dataset_pending
exfor_E2568_004_p_O16_x_C11,23,64.41,18.15,0.46,0,dataset_pending
exfor_E2568_004_p_O16_x_C11,24,64.16,18.09,0.46,0,dataset_pending
exfor_E2568_004_p_O16_x_C11,25,63.91,17.8,0.45,0,dataset_pending
exfor_E2568_004_p_O16_x_C11,26,63.65,17.83,0.45,0,dataset_pending
exfor_E2568_004_p_O16_x_C11,27,63.4,18.0,0.46,0,dataset_pending
exfor_E2568_004_p_O16_x_C11,28,63.15,17.83,0.45,0,dataset_pending
exfor_E2568_004_p_O16_x_C11,29,62.89,17.69,0.45,0,dataset_pending
exfor_E2568_004_p_O16_x_C11,30,62.63,17.62,0.45,0,dataset_pending
exfor_E2568_004_p_O16_x_C11,31,62.38,17.57,0.45,0,dataset_pending
exfor_E2568_004_p_O16_x_C11,32,62.12,17.74,0.45,0,dataset_pending
exfor_E2568_004_p_O16_x_C11,33,61.87,18.02,0.46,0,dataset_pending
exfor_E2568_004_p_O16_x_C11,34,61.61,18.33,0.47,0,dataset_pending
exfor_E2568_004_p_O16_x_C11,35,61.35,18.67,0.48,0,dataset_pending
exfor_E2568_004_p_O16_x_C11,36,61.09,18.87,0.48,0,dataset_pending
exfor_E2568_004_p_O16_x_C11,37,60.83,18.84,0.48,0,dataset_pending
exfor_E2568_004_p_O16_x_C11,38,60.57,18.8,0.48,0,dataset_pending
exfor_E2568_004_p_O16_x_C11,39,60.31,18.8,0.48,0,dataset_pending
exfor_E2568_004_p_O16_x_C11,40,60.04,18.81,0.48,0,dataset_pending
exfor_E2568_004_p_O16_x_C11,41,59.78,18.96,0.48,0,dataset_pending
exfor_E2568_004_p_O16_x_C11,42,59.51,19.130000000000003,0.49,0,dataset_pending
exfor_E2568_004_p_O16_x_C11,43,59.25,19.2,0.49,0,dataset_pending
exfor_E2568_004_p_O16_x_C11,44,58.98,19.32,0.49,0,dataset_pending
exfor_E2568_004_p_O16_x_C11,45,58.71,19.5,0.49,0,dataset_pending
exfor_E2568_004_p_O16_x_C11,46,58.44,19.630000000000003,0.5,0,dataset_pending
exfor_E2568_004_p_O16_x_C11,47,58.17,19.64,0.5,0,dataset_pending
exfor_E2568_004_p_O16_x_C11,48,57.89,19.619999999999997,0.5,0,dataset_pending
exfor_E2568_004_p_O16_x_C11,49,57.63,19.64,0.5,0,dataset_pending
exfor_E2568_004_p_O16_x_C11,50,57.36,19.64,0.5,0,dataset_pending
exfor_E2568_004_p_O16_x_C11,51,57.08,19.65,0.5,0,dataset_pending
exfor_E2568_004_p_O16_x_C11,52,56.81,19.82,0.5,0,dataset_pending
exfor_E2568_004_p_O16_x_C11,53,56.54,19.92,0.5,0,dataset_pending
exfor_E2568_004_p_O16_x_C11,54,56.26,20.01,0.51,0,dataset_pending
exfor_E2568_004_p_O16_x_C11,55,55.98,20.25,0.51,0,dataset_pending
exfor_E2568_004_p_O16_x_C11,56,55.7,20.45,0.5199999999999999,0,dataset_pending
exfor_E2568_004_p_O16_x_C11,57,55.43,20.58,0.5199999999999999,0,dataset_pending
exfor_E2568_004_p_O16_x_C11,58,55.15,20.82,0.53,0,dataset_pending
exfor_E2568_004_p_O16_x_C11,59,54.86,20.97,0.53,0,dataset_pending
exfor_E2568_004_p_O16_x_C11,60,54.57,20.92,0.53,0,dataset_pending
exfor_E2568_004_p_O16_x_C11,61,54.28,20.93,0.53,0,dataset_pending
exfor_E2568_004_p_O16_x_C11,62,53.99,20.99,0.53,0,dataset_pending
exfor_E2568_004_p_O16_x_C11,63,53.72,20.979999999999997,0.53,0,dataset_pending
exfor_E2568_004_p_O16_x_C11,64,53.44,20.96,0.53,0,dataset_pending
exfor_E2568_004_p_O16_x_C11,65,53.15,21.17,0.53,0,dataset_pending
exfor_E2568_004_p_O16_x_C11,66,52.86,21.31,0.54,0,dataset_pending
exfor_E2568_004_p_O16_x_C11,67,52.56,21.39,0.54,0,dataset_pending
exfor_E2568_004_p_O16_x_C11,68,52.26,21.33,0.54,0,dataset_pending
exfor_E2568_004_p_O16_x_C11,69,51.96,21.31,0.54,0,dataset_pending
exfor_E2568_004_p_O16_x_C11,70,51.67,21.59,0.54,0,dataset_pending
exfor_E2568_004_p_O16_x_C11,71,51.37,22.0,0.55,0,dataset_pending
exfor_E2568_004_p_O16_x_C11,72,51.06,22.18,0.5599999999999999,0,dataset_pending
exfor_E2568_004_p_O16_x_C11,73,50.77,22.29,0.5599999999999999,0,dataset_pending
exfor_E2568_004_p_O16_x_C11,74,50.48,21.99,0.55,0,dataset_pending
exfor_E2568_004_p_O16_x_C11,75,50.16,21.5,0.54,0,dataset_pending
exfor_E2568_004_p_O16_x_C11,76,49.85,21.47,0.54,0,dataset_pending
exfor_E2568_004_p_O16_x_C11,77,49.54,21.37,0.54,0,dataset_pending
exfor_E2568_004_p_O16_x_C11,78,49.23,21.27,0.54,0,dataset_pending
exfor_E2568_004_p_O16_x_C11,79,48.92,21.36,0.54,0,dataset_pending
exfor_E2568_004_p_O16_x_C11,80,48.61,21.63,0.54,0,dataset_pending
exfor_E2568_004_p_O16_x_C11,81,48.31,21.91,0.55,0,dataset_pending
exfor_E2568_004_p_O16_x_C11,82,48.0,22.03,0.5599999999999999,0,dataset_pending
exfor_E2568_004_p_O16_x_C11,83,47.69,21.9,0.55,0,dataset_pending
exfor_E2568_004_p_O16_x_C11,84,47.37,21.69,0.55,0,dataset_pending
exfor_E2568_004_p_O16_x_C11,85,47.04,21.55,0.54,0,dataset_pending
exfor_E2568_004_p_O16_x_C11,86,46.72,21.51,0.54,0,dataset_pending
exfor_E2568_004_p_O16_x_C11,87,46.4,21.47,0.54,0,dataset_pending
exfor_E2568_004_p_O16_x_C11,88,46.07,21.52,0.54,0,dataset_pending
exfor_E2568_004_p_O16_x_C11,89,45.73,21.42,0.54,0,dataset_pending
exfor_E2568_004_p_O16_x_C11,90,45.4,21.29,0.54,0,dataset_pending
exfor_E2568_004_p_O16_x_C11,91,45.08,21.21,0.54,0,dataset_pending
exfor_E2568_004_p_O16_x_C11,92,44.75,20.96,0.53,0,dataset_pending
exfor_E2568_004_p_O16_x_C11,93,44.41,20.8,0.5199999999999999,0,dataset_pending
exfor_E2568_004_p_O16_x_C11,94,44.08,20.76,0.5199999999999999,0,dataset_pending
exfor_E2568_004_p_O16_x_C11,95,43.74,20.549999999999997,0.5199999999999999,0,dataset_pending
exfor_E2568_004_p_O16_x_C11,96,43.4,20.389999999999997,0.51,0,dataset_pending
exfor_E2568_004_p_O16_x_C11,97,43.07,20.18,0.51,0,dataset_pending
exfor_E2568_004_p_O16_x_C11,98,42.73,19.93,0.5,0,dataset_pending
exfor_E2568_004_p_O16_x_C11,99,42.38,19.54,0.5,0,dataset_pending
exfor_E2568_004_p_O16_x_C11,100,42.02,19.02,0.48,0,dataset_pending
exfor_E2568_004_p_O16_x_C11,101,41.65,18.59,0.47,0,dataset_pending
exfor_E2568_004_p_O16_x_C11,102,41.3,18.25,0.46,0,dataset_pending
exfor_E2568_004_p_O16_x_C11,103,40.96,17.83,0.45,0,dataset_pending
exfor_E2568_004_p_O16_x_C11,104,40.61,17.41,0.44,0,dataset_pending
exfor_E2568_004_p_O16_x_C11,105,40.26,16.92,0.43,0,dataset_pending
exfor_E2568_004_p_O16_x_C11,106,39.89,16.42,0.42,0,dataset_pending
exfor_E2568_004_p_O16_x_C11,107,39.51,15.92,0.41,0,dataset_pending
exfor_E2568_004_p_O16_x_C11,108,39.15,15.48,0.4,0,dataset_pending
exfor_E2568_004_p_O16_x_C11,109,38.78,14.98,0.38,0,dataset_pending
exfor_E2568_004_p_O16_x_C11,110,38.4,14.3,0.37,0,dataset_pending
exfor_E2568_004_p_O16_x_C11,111,38.04,13.61,0.35,0,dataset_pending
exfor_E2568_004_p_O16_x_C11,112,37.67,13.15,0.34,0,dataset_pending
exfor_E2568_004_p_O16_x_C11,113,37.28,12.75,0.33,0,dataset_pending
exfor_E2568_004_p_O16_x_C11,114,36.9,12.3,0.32,0,dataset_pending
exfor_E2568_004_p_O16_x_C11,115,36.52,11.71,0.31,0,dataset_pending
exfor_E2568_004_p_O16_x_C11,116,36.11,10.72,0.2799999999999999,0,dataset_pending
exfor_E2568_004_p_O16_x_C11,117,35.71,9.57,0.25,0,dataset_pending
exfor_E2568_004_p_O16_x_C11,118,35.31,8.43,0.23,0,dataset_pending
exfor_E2568_004_p_O16_x_C11,119,34.9,7.47,0.2,0,dataset_pending
exfor_E2568_004_p_O16_x_C11,120,34.52,6.75,0.19,0,dataset_pending
exfor_E2568_004_p_O16_x_C11,121,34.12,6.23,0.17,0,dataset_pending
exfor_E2568_004_p_O16_x_C11,122,33.69,5.79,0.16,0,dataset_pending
exfor_E2568_004_p_O16_x_C11,123,33.28,5.35,0.15,0,dataset_pending
exfor_E2568_004_p_O16_x_C11,124,32.87,4.8,0.1399999999999999,0,dataset_pending
exfor_E2568_004_p_O16_x_C11,125,32.41,4.17,0.1299999999999999,0,dataset_pending
exfor_E2568_004_p_O16_x_C11,126,31.98,3.44,0.11,0,dataset_pending
exfor_E2568_004_p_O16_x_C11,127,31.58,2.76,0.1,0,dataset_pending
exfor_E2568_004_p_O16_x_C11,128,31.13,2.27,0.09,0,dataset_pending
exfor_E2568_004_p_O16_x_C11,129,30.67,1.7799999999999998,0.08,0,dataset_pending
exfor_E2568_004_p_O16_x_C11,130,30.23,1.33,0.0699999999999999,0,dataset_pending
exfor_E2568_004_p_O16_x_C11,131,29.77,0.96,0.0699999999999999,0,dataset_pending
exfor_E2568_004_p_O16_x_C11,132,29.3,0.46,0.06,0,dataset_pending
exfor_F1218_002_p_C12_x_C11,0,3650.0,27.3,0.5,0,outside_energy_range
exfor_O0065_004_p_O16_x_C11,0,18.6,0.76,0.0,0,at_or_below_threshold
exfor_O0065_004_p_O16_x_C11,1,21.2,0.69,0.0,0,at_or_below_threshold
exfor_O0065_004_p_O16_x_C11,2,23.5,1.1,0.0,0,at_or_below_threshold
exfor_O0065_004_p_O16_x_C11,3,27.8,1.2,0.0,0,no_positive_reported_uncertainty
exfor_O0065_005_p_O16_x_N13,0,15.6,24.0,0.0,0,no_positive_reported_uncertainty
exfor_O0065_005_p_O16_x_N13,1,18.6,14.0,0.0,0,no_positive_reported_uncertainty
exfor_O0065_005_p_O16_x_N13,2,21.2,4.8,0.0,0,no_positive_reported_uncertainty
exfor_O0065_005_p_O16_x_N13,3,23.5,4.8,0.0,0,no_positive_reported_uncertainty
exfor_O0065_005_p_O16_x_N13,4,27.8,1.6,0.0,0,no_positive_reported_uncertainty
exfor_O0065_006_p_O16_x_O15,0,18.6,11.0,0.0,0,no_positive_reported_uncertainty
exfor_O0065_006_p_O16_x_O15,1,21.2,19.0,0.0,0,no_positive_reported_uncertainty
exfor_O0065_006_p_O16_x_O15,2,23.5,47.0,0.0,0,no_positive_reported_uncertainty
exfor_O0065_006_p_O16_x_O15,3,27.8,61.0,0.0,0,no_positive_reported_uncertainty
exfor_O0415_002_p_C12_x_C11,0,7600.0,28.2,0.6,0,outside_energy_range
exfor_O0429_002_p_C12_x_C11,0,1000.0,29.0,1.3,0,outside_energy_range
exfor_O2067_027_p_N14_x_N13,0,145.0,14.0,1.0,1,accepted
exfor_O2134_003_p_N14_x_N13,0,50.0,27.5,5.5,1,accepted
exfor_O2134_006_p_O16_x_C11,0,50.0,20.0,4.0,1,accepted
exfor_O2134_007_p_O16_x_C11,0,100.0,5.8,1.2,1,accepted
exfor_O2134_007_p_O16_x_C11,1,153.0,7.0,1.0,0,outside_energy_range
exfor_O2134_008_p_O16_x_N13,0,153.3,5.1000000000000005,0.9,0,outside_energy_range
exfor_O2553_003_p_C12_x_C11,0,215.1,40.4,4.8,0,outside_energy_range
exfor_O2553_003_p_C12_x_C11,1,184.3,41.9,5.1000000000000005,0,outside_energy_range
exfor_O2553_003_p_C12_x_C11,2,152.8,45.6,5.6,0,outside_energy_range
exfor_O2553_003_p_C12_x_C11,3,121.7,50.0,6.3,1,accepted
exfor_O2553_003_p_C12_x_C11,4,96.5,58.0,6.8,1,accepted
exfor_O2553_003_p_C12_x_C11,5,75.4,65.69999999999999,7.9,1,accepted
exfor_O2553_003_p_C12_x_C11,6,49.3,75.80000000000001,9.6,1,accepted
exfor_O2553_003_p_C12_x_C11,7,40.7,83.4,11.7,1,accepted
exfor_O2553_006_p_O16_x_O15,0,217.0,39.7,4.8,0,outside_energy_range
exfor_O2553_006_p_O16_x_O15,1,145.0,48.2,6.3,1,accepted
exfor_O2553_006_p_O16_x_O15,2,104.2,53.2,6.8,1,accepted
exfor_O2553_006_p_O16_x_O15,3,72.4,68.2,9.4,1,accepted
exfor_O2553_006_p_O16_x_O15,4,39.4,71.1,6.8999999999999995,1,accepted
exfor_O2576_003_p_O16_x_C11,0,15.8,0.54,0.1299999999999999,0,at_or_below_threshold
exfor_O2576_003_p_O16_x_C11,1,15.2,0.5199999999999999,0.15,0,at_or_below_threshold
exfor_O2576_003_p_O16_x_C11,2,14.5,0.73,0.16,0,at_or_below_threshold
exfor_O2576_003_p_O16_x_C11,3,13.8,0.3,0.6,0,at_or_below_threshold
exfor_O2576_003_p_O16_x_C11,4,13.1,0.67,0.22,0,at_or_below_threshold
exfor_O2576_003_p_O16_x_C11,5,12.3,0.6,0.3,0,at_or_below_threshold
exfor_O2576_003_p_O16_x_C11,6,11.5,0.88,0.23,0,at_or_below_threshold
exfor_O2576_003_p_O16_x_C11,7,10.7,1.5,0.3,0,at_or_below_threshold
exfor_O2576_003_p_O16_x_C11,8,9.8,1.5399999999999998,0.22,0,at_or_below_threshold
exfor_O2576_003_p_O16_x_C11,9,8.8,1.46,0.2,0,at_or_below_threshold
exfor_O2576_003_p_O16_x_C11,10,7.7,1.9,0.3,0,at_or_below_threshold
exfor_O2576_003_p_O16_x_C11,11,6.5,1.85,0.2,0,at_or_below_threshold
exfor_O2576_003_p_O16_x_C11,12,5.0,1.88,0.21,0,at_or_below_threshold
exfor_O2576_004_p_O16_x_N13,0,16.4,9.8,0.8,1,accepted
exfor_O2576_004_p_O16_x_N13,1,15.8,19.3,1.5,1,accepted
exfor_O2576_004_p_O16_x_N13,2,15.2,34.0,3.0,1,accepted
exfor_O2576_004_p_O16_x_N13,3,14.5,42.0,3.0,1,accepted
exfor_O2576_004_p_O16_x_N13,4,13.8,48.0,4.0,1,accepted
exfor_O2576_004_p_O16_x_N13,5,13.1,27.9,2.2,1,accepted
exfor_O2576_004_p_O16_x_N13,6,12.3,35.0,3.0,1,accepted
exfor_O2576_004_p_O16_x_N13,7,11.5,40.0,3.0,1,accepted
exfor_O2576_004_p_O16_x_N13,8,10.7,59.0,5.0,1,accepted
exfor_O2576_004_p_O16_x_N13,9,9.8,24.299999999999997,1.9,1,accepted
exfor_O2576_004_p_O16_x_N13,10,8.8,13.0,1.0,1,accepted
exfor_O2576_004_p_O16_x_N13,11,7.7,36.0,3.0,1,accepted
exfor_O2576_004_p_O16_x_N13,12,6.5,0.63,0.0699999999999999,1,accepted
exfor_O2582_002_p_C12_x_C11,0,23.6,20.5,8.0,1,accepted
exfor_O2582_002_p_C12_x_C11,1,25.8,44.4,18.0,1,accepted
exfor_O2582_002_p_C12_x_C11,2,27.9,68.0,3.0,1,accepted
exfor_O2582_002_p_C12_x_C11,3,30.0,87.0,3.0,1,accepted
exfor_O2582_002_p_C12_x_C11,4,32.0,94.0,3.0,1,accepted
exfor_O2582_002_p_C12_x_C11,5,33.0,97.0,4.0,1,accepted
exfor_O2582_002_p_C12_x_C11,6,35.2,97.0,4.0,1,accepted
exfor_O2582_002_p_C12_x_C11,7,36.9,97.0,4.0,1,accepted
exfor_O2582_002_p_C12_x_C11,8,38.4,96.0,3.0,1,accepted
exfor_O2582_002_p_C12_x_C11,9,44.1,94.0,3.0,1,accepted
exfor_O2582_002_p_C12_x_C11,10,49.5,86.0,3.0,1,accepted
exfor_O2582_002_p_C12_x_C11,11,51.9,91.0,3.0,1,accepted
exfor_O2582_002_p_C12_x_C11,12,56.6,90.0,3.0,1,accepted
exfor_O2582_002_p_C12_x_C11,13,58.2,89.0,3.0,1,accepted
exfor_O2582_002_p_C12_x_C11,14,63.1,87.0,3.0,1,accepted
exfor_O2582_002_p_C12_x_C11,15,68.1,86.0,3.0,1,accepted
exfor_O2582_002_p_C12_x_C11,16,69.1,83.0,3.0,1,accepted
exfor_O2582_002_p_C12_x_C11,17,74.7,81.0,3.0,1,accepted
exfor_O2582_002_p_C12_x_C11,18,80.0,76.0,3.0,1,accepted
exfor_O2582_002_p_C12_x_C11,19,85.0,73.0,3.0,1,accepted
exfor_O2582_002_p_C12_x_C11,20,85.1,66.10000000000001,2.4,1,accepted
exfor_O2582_002_p_C12_x_C11,21,89.8,72.0,3.0,1,accepted
exfor_O2582_002_p_C12_x_C11,22,93.7,68.9,2.5,1,accepted
exfor_O2582_002_p_C12_x_C11,23,94.4,71.0,3.0,1,accepted
exfor_O2582_002_p_C12_x_C11,24,98.9,68.3,2.5,1,accepted
exfor_O2582_002_p_C12_x_C11,25,101.9,66.9,2.4,1,accepted
exfor_O2582_002_p_C12_x_C11,26,109.5,64.8,2.3,1,accepted
exfor_O2582_002_p_C12_x_C11,27,116.8,62.6,2.3,1,accepted
exfor_O2582_002_p_C12_x_C11,28,123.8,59.5,2.1,1,accepted
exfor_O2582_002_p_C12_x_C11,29,130.5,57.3,2.1,1,accepted
exfor_O2582_002_p_C12_x_C11,30,136.9,56.3,2.0,1,accepted
exfor_O2582_002_p_C12_x_C11,31,138.9,53.5,1.9,1,accepted
exfor_O2582_002_p_C12_x_C11,32,143.1,55.1,2.0,1,accepted
exfor_O2582_002_p_C12_x_C11,33,145.1,54.3,2.0,1,accepted
exfor_O2582_002_p_C12_x_C11,34,149.2,56.599999999999994,2.0,1,accepted
exfor_O2582_002_p_C12_x_C11,35,151.1,54.9,2.0,0,outside_energy_range
exfor_O2582_002_p_C12_x_C11,36,157.0,53.3,1.9,0,outside_energy_range
exfor_O2582_002_p_C12_x_C11,37,162.6,53.400000000000006,1.9,0,outside_energy_range
exfor_O2582_002_p_C12_x_C11,38,168.2,52.900000000000006,1.9,0,outside_energy_range
exfor_O2582_002_p_C12_x_C11,39,173.6,52.1,1.9,0,outside_energy_range
exfor_O2582_002_p_C12_x_C11,40,179.0,49.8,1.8,0,outside_energy_range
exfor_O2582_002_p_C12_x_C11,41,184.2,48.8,1.8,0,outside_energy_range
exfor_O2582_002_p_C12_x_C11,42,189.3,48.9,1.8,0,outside_energy_range
exfor_O2582_003_p_O16_x_C11,0,20.2,0.69,0.03,0,at_or_below_threshold
exfor_O2582_003_p_O16_x_C11,1,24.8,2.0799999999999996,0.11,0,at_or_below_threshold
exfor_O2582_003_p_O16_x_C11,2,28.0,5.3,0.2,1,accepted
exfor_O2582_003_p_O16_x_C11,3,32.0,11.0,0.4,1,accepted
exfor_O2582_003_p_O16_x_C11,4,35.0,16.1,0.6,1,accepted
exfor_O2582_003_p_O16_x_C11,5,38.2,23.5,0.9,1,accepted
exfor_O2582_003_p_O16_x_C11,6,41.2,24.9,0.9,1,accepted
exfor_O2582_003_p_O16_x_C11,7,43.9,27.3,1.0,1,accepted
exfor_O2582_003_p_O16_x_C11,8,46.5,28.0,1.0,1,accepted
exfor_O2582_003_p_O16_x_C11,9,48.2,27.2,1.1,1,accepted
exfor_O2582_003_p_O16_x_C11,10,49.0,27.0,1.0,1,accepted
exfor_O2582_003_p_O16_x_C11,11,51.8,24.9,0.9,1,accepted
exfor_O2582_003_p_O16_x_C11,12,55.3,23.8,0.9,1,accepted
exfor_O2582_003_p_O16_x_C11,13,57.2,25.6,0.9,1,accepted
exfor_O2582_003_p_O16_x_C11,14,62.9,22.1,0.8,1,accepted
exfor_O2582_003_p_O16_x_C11,15,64.6,22.700000000000003,0.8,1,accepted
exfor_O2582_003_p_O16_x_C11,16,69.7,21.1,0.8,1,accepted
exfor_O2582_003_p_O16_x_C11,17,76.2,20.6,0.9,1,accepted
exfor_O2582_003_p_O16_x_C11,18,77.3,21.5,0.8,1,accepted
exfor_O2582_003_p_O16_x_C11,19,82.2,20.299999999999997,1.1,1,accepted
exfor_O2582_003_p_O16_x_C11,20,87.4,20.0,0.7,1,accepted
exfor_O2582_003_p_O16_x_C11,21,87.9,18.8,2.0,1,accepted
exfor_O2582_003_p_O16_x_C11,22,93.3,18.8,1.0,1,accepted
exfor_O2582_003_p_O16_x_C11,23,96.6,18.5,0.7,1,accepted
exfor_O2582_003_p_O16_x_C11,24,98.6,17.8,0.9,1,accepted
exfor_O2582_003_p_O16_x_C11,25,105.2,17.2,0.6,1,accepted
exfor_O2582_003_p_O16_x_C11,26,113.3,17.0,0.6,1,accepted
exfor_O2582_003_p_O16_x_C11,27,121.0,16.8,0.6,1,accepted
exfor_O2582_003_p_O16_x_C11,28,128.4,16.299999999999997,0.7,1,accepted
exfor_O2582_003_p_O16_x_C11,29,133.7,15.6,0.6,1,accepted
exfor_O2582_003_p_O16_x_C11,30,135.5,16.299999999999997,0.6,1,accepted
exfor_O2582_003_p_O16_x_C11,31,140.5,16.8,0.7,1,accepted
exfor_O2582_003_p_O16_x_C11,32,142.3,15.5,0.6,1,accepted
exfor_O2582_003_p_O16_x_C11,33,147.2,16.2,0.6,1,accepted
exfor_O2582_003_p_O16_x_C11,34,148.9,15.4,0.6,1,accepted
exfor_O2582_003_p_O16_x_C11,35,153.6,15.9,0.6,0,outside_energy_range
exfor_O2582_003_p_O16_x_C11,36,159.9,16.2,0.6,0,outside_energy_range
exfor_O2582_003_p_O16_x_C11,37,166.0,15.6,0.6,0,outside_energy_range
exfor_O2582_003_p_O16_x_C11,38,172.0,15.8,0.6,0,outside_energy_range
exfor_O2582_003_p_O16_x_C11,39,177.8,15.5,0.7,0,outside_energy_range
exfor_O2582_003_p_O16_x_C11,40,183.5,14.4,0.6,0,outside_energy_range
exfor_O2582_003_p_O16_x_C11,41,189.1,15.2,0.6,0,outside_energy_range
exfor_O2582_004_p_O16_x_N13,0,20.2,8.7,0.5,1,accepted
exfor_O2582_004_p_O16_x_N13,1,24.8,3.24,0.19,1,accepted
exfor_O2582_004_p_O16_x_N13,2,28.0,0.82,0.0699999999999999,1,accepted
exfor_O2582_004_p_O16_x_N13,3,32.0,0.98,0.08,1,accepted
exfor_O2582_004_p_O16_x_N13,4,35.0,1.32,0.11,1,accepted
exfor_O2582_004_p_O16_x_N13,5,38.2,2.51,0.19,1,accepted
exfor_O2582_004_p_O16_x_N13,6,41.2,3.3899999999999997,0.25,1,accepted
exfor_O2582_004_p_O16_x_N13,7,43.9,4.2,0.3,1,accepted
exfor_O2582_004_p_O16_x_N13,8,46.5,4.7,0.4,1,accepted
exfor_O2582_004_p_O16_x_N13,9,48.2,5.3,0.5,1,accepted
exfor_O2582_004_p_O16_x_N13,10,49.0,5.2,0.21,1,accepted
exfor_O2582_004_p_O16_x_N13,11,51.8,5.4,0.3,1,accepted
exfor_O2582_004_p_O16_x_N13,12,55.3,5.7,0.3,1,accepted
exfor_O2582_004_p_O16_x_N13,13,57.2,5.94,0.25,1,accepted
exfor_O2582_004_p_O16_x_N13,14,62.9,5.3,0.3,1,accepted
exfor_O2582_004_p_O16_x_N13,15,64.6,5.8999999999999995,0.3,1,accepted
exfor_O2582_004_p_O16_x_N13,16,69.7,5.8,0.3,1,accepted
exfor_O2582_004_p_O16_x_N13,17,76.2,5.6,0.5,1,accepted
exfor_O2582_004_p_O16_x_N13,18,77.3,5.6,0.21,1,accepted
exfor_O2582_004_p_O16_x_N13,19,82.2,5.8999999999999995,0.5,1,accepted
exfor_O2582_004_p_O16_x_N13,20,87.4,5.78,0.21,1,accepted
exfor_O2582_004_p_O16_x_N13,21,87.9,6.0,0.5,1,accepted
exfor_O2582_004_p_O16_x_N13,22,93.3,5.6,0.5,1,accepted
exfor_O2582_004_p_O16_x_N13,23,96.6,5.54,0.2,1,accepted
exfor_O2582_004_p_O16_x_N13,24,98.6,5.6,0.5,1,accepted
exfor_O2582_004_p_O16_x_N13,25,105.2,5.91,0.22,1,accepted
exfor_O2582_004_p_O16_x_N13,26,113.3,5.590000000000001,0.2,1,accepted
exfor_O2582_004_p_O16_x_N13,27,121.0,5.4,0.2,1,accepted
exfor_O2582_004_p_O16_x_N13,28,128.4,5.17,0.2,1,accepted
exfor_O2582_004_p_O16_x_N13,29,133.7,5.3,0.4,1,accepted
exfor_O2582_004_p_O16_x_N13,30,135.5,4.88,0.25,1,accepted
exfor_O2582_004_p_O16_x_N13,31,140.5,5.4,0.3,1,accepted
exfor_O2582_004_p_O16_x_N13,32,142.3,4.819999999999999,0.19,1,accepted
exfor_O2582_004_p_O16_x_N13,33,147.2,5.3,0.3,1,accepted
exfor_O2582_004_p_O16_x_N13,34,148.9,4.5,0.3,1,accepted
exfor_O2582_004_p_O16_x_N13,35,153.6,5.3,0.3,0,outside_energy_range
exfor_O2582_004_p_O16_x_N13,36,159.9,5.6,0.3,0,outside_energy_range
exfor_O2582_004_p_O16_x_N13,37,166.0,5.0,0.3,0,outside_energy_range
exfor_O2582_004_p_O16_x_N13,38,172.0,4.97,0.23,0,outside_energy_range
exfor_O2582_004_p_O16_x_N13,39,177.8,4.8,0.4,0,outside_energy_range
exfor_O2582_004_p_O16_x_N13,40,183.5,5.0,0.3,0,outside_energy_range
exfor_O2582_004_p_O16_x_N13,41,189.1,5.4,0.3,0,outside_energy_range
exfor_O2582_005_p_O16_x_O15,0,20.2,10.9,0.5,1,accepted
exfor_O2582_005_p_O16_x_O15,1,24.8,40.8,2.1,1,accepted
exfor_O2582_005_p_O16_x_O15,2,28.0,62.6,2.3,1,accepted
exfor_O2582_005_p_O16_x_O15,3,32.0,70.0,3.0,1,accepted
exfor_O2582_005_p_O16_x_O15,4,35.0,72.0,3.0,1,accepted
exfor_O2582_005_p_O16_x_O15,5,38.2,73.0,3.0,1,accepted
exfor_O2582_005_p_O16_x_O15,6,41.2,72.0,3.0,1,accepted
exfor_O2582_005_p_O16_x_O15,7,43.9,75.0,3.0,1,accepted
exfor_O2582_005_p_O16_x_O15,8,46.5,72.0,3.0,1,accepted
exfor_O2582_005_p_O16_x_O15,9,48.2,68.7,2.5,1,accepted
exfor_O2582_005_p_O16_x_O15,10,49.0,72.0,3.0,1,accepted
exfor_O2582_005_p_O16_x_O15,11,51.8,70.0,3.0,1,accepted
exfor_O2582_005_p_O16_x_O15,12,55.3,67.0,2.4,1,accepted
exfor_O2582_005_p_O16_x_O15,13,57.2,66.19999999999999,2.4,1,accepted
exfor_O2582_005_p_O16_x_O15,14,62.9,65.5,2.4,1,accepted
exfor_O2582_005_p_O16_x_O15,15,64.6,57.8,2.1,1,accepted
exfor_O2582_005_p_O16_x_O15,16,69.7,63.4,2.3,1,accepted
exfor_O2582_005_p_O16_x_O15,17,76.2,62.6,2.3,1,accepted
exfor_O2582_005_p_O16_x_O15,18,77.3,54.4,2.0,1,accepted
exfor_O2582_005_p_O16_x_O15,19,82.2,61.400000000000006,2.3,1,accepted
exfor_O2582_005_p_O16_x_O15,20,87.4,56.599999999999994,2.0,1,accepted
exfor_O2582_005_p_O16_x_O15,21,87.9,56.8,2.4,1,accepted
exfor_O2582_005_p_O16_x_O15,22,93.3,52.0,1.9,1,accepted
exfor_O2582_005_p_O16_x_O15,23,96.6,55.5,1.9,1,accepted
exfor_O2582_005_p_O16_x_O15,24,98.6,48.099999999999994,1.8,1,accepted
exfor_O2582_005_p_O16_x_O15,25,105.2,47.5,1.7,1,accepted
exfor_O2582_005_p_O16_x_O15,26,113.3,47.6,1.7,1,accepted
exfor_O2582_005_p_O16_x_O15,27,121.0,46.5,1.7,1,accepted
exfor_O2582_005_p_O16_x_O15,28,128.4,43.8,1.6,1,accepted
exfor_O2582_005_p_O16_x_O15,29,133.7,42.3,1.8,1,accepted
exfor_O2582_005_p_O16_x_O15,30,135.5,41.8,1.5,1,accepted
exfor_O2582_005_p_O16_x_O15,31,140.5,39.7,1.4,1,accepted
exfor_O2582_005_p_O16_x_O15,32,142.3,40.099999999999994,1.5,1,accepted
exfor_O2582_005_p_O16_x_O15,33,147.2,39.3,1.4,1,accepted
exfor_O2582_005_p_O16_x_O15,34,148.9,40.8,1.5,1,accepted
exfor_O2582_005_p_O16_x_O15,35,153.6,37.0,1.3,0,outside_energy_range
exfor_O2582_005_p_O16_x_O15,36,159.9,37.0,1.3,0,outside_energy_range
exfor_O2582_005_p_O16_x_O15,37,166.0,37.0,1.3,0,outside_energy_range
exfor_O2582_005_p_O16_x_O15,38,172.0,37.0,1.3,0,outside_energy_range
exfor_O2582_005_p_O16_x_O15,39,177.8,36.0,1.5,0,outside_energy_range
exfor_O2582_005_p_O16_x_O15,40,183.5,33.7,1.2,0,outside_energy_range
exfor_O2582_005_p_O16_x_O15,41,189.1,31.7,1.1,0,outside_energy_range
exfor_O2582_007_p_N14_x_N13,0,22.7,17.5,0.9,1,accepted
exfor_O2582_007_p_N14_x_N13,1,25.6,25.4,1.3,1,accepted
exfor_O2582_007_p_N14_x_N13,2,29.1,32.5,1.7,1,accepted
exfor_O2582_007_p_N14_x_N13,3,32.0,33.0,2.1,1,accepted
exfor_O2582_007_p_N14_x_N13,4,35.0,30.5,1.4,1,accepted
exfor_O2582_007_p_N14_x_N13,5,37.8,29.2,1.1,1,accepted
exfor_O2582_007_p_N14_x_N13,6,40.3,26.8,1.1,1,accepted
exfor_O2582_007_p_N14_x_N13,7,42.7,24.299999999999997,1.0,1,accepted
exfor_O2582_007_p_N14_x_N13,8,45.1,23.5,1.4,1,accepted
exfor_O2582_007_p_N14_x_N13,9,47.5,23.3,0.9,1,accepted
exfor_O2582_007_p_N14_x_N13,10,48.2,22.5,0.8,1,accepted
exfor_O2582_007_p_N14_x_N13,11,49.6,22.4,1.1,1,accepted
exfor_O2582_007_p_N14_x_N13,12,51.8,21.2,0.8,1,accepted
exfor_O2582_007_p_N14_x_N13,13,57.0,19.0,0.7,1,accepted
exfor_O2582_007_p_N14_x_N13,14,57.6,19.4,1.0,1,accepted
exfor_O2582_007_p_N14_x_N13,15,64.2,18.1,0.8,1,accepted
exfor_O2582_007_p_N14_x_N13,16,64.7,18.1,0.9,1,accepted
exfor_O2582_007_p_N14_x_N13,17,70.9,16.0,0.7,1,accepted
exfor_O2582_007_p_N14_x_N13,18,77.0,14.6,0.5,1,accepted
exfor_O2582_007_p_N14_x_N13,19,79.0,13.7,0.6,1,accepted
exfor_O2582_007_p_N14_x_N13,20,82.8,13.8,0.6,1,accepted
exfor_O2582_007_p_N14_x_N13,21,88.3,13.0,0.5,1,accepted
exfor_O2582_007_p_N14_x_N13,22,88.8,11.9,0.4,1,accepted
exfor_O2582_007_p_N14_x_N13,23,93.6,12.5,0.7,1,accepted
exfor_O2582_007_p_N14_x_N13,24,97.8,11.6,0.8,1,accepted
exfor_O2582_007_p_N14_x_N13,25,98.6,11.6,0.6,1,accepted
exfor_O2582_007_p_N14_x_N13,26,106.1,11.6,0.5,1,accepted
exfor_O2582_007_p_N14_x_N13,27,114.1,10.5,0.4,1,accepted
exfor_O2582_007_p_N14_x_N13,28,121.6,10.3,0.5,1,accepted
exfor_O2582_007_p_N14_x_N13,29,128.8,10.3,0.5,1,accepted
exfor_O2582_007_p_N14_x_N13,30,134.8,10.0,0.6,1,accepted
exfor_O2582_007_p_N14_x_N13,31,135.8,9.5,1.0,1,accepted
exfor_O2582_007_p_N14_x_N13,32,141.5,9.5,0.5,1,accepted
exfor_O2582_007_p_N14_x_N13,33,142.5,9.5,0.4,1,accepted
exfor_O2582_007_p_N14_x_N13,34,148.1,9.8,0.4,1,accepted
exfor_O2582_007_p_N14_x_N13,35,149.0,9.0,0.4,1,accepted
exfor_O2582_007_p_N14_x_N13,36,154.3,9.6,0.4,0,outside_energy_range
exfor_O2582_007_p_N14_x_N13,37,160.6,9.2,0.7,0,outside_energy_range
exfor_O2582_007_p_N14_x_N13,38,166.5,9.2,0.5,0,outside_energy_range
exfor_O2582_007_p_N14_x_N13,39,172.3,9.2,0.5,0,outside_energy_range
exfor_O2582_007_p_N14_x_N13,40,178.1,8.5,0.4,0,outside_energy_range
exfor_O2582_007_p_N14_x_N13,41,183.7,8.200000000000001,0.4,0,outside_energy_range
exfor_O2582_007_p_N14_x_N13,42,189.1,7.4,0.4,0,outside_energy_range
exfor_P0045_003_p_O16_x_N13,0,9.73,15.0,3.1,1,accepted
exfor_P0045_003_p_O16_x_N13,1,9.95,28.6,0.0,0,no_positive_reported_uncertainty
exfor_P0045_003_p_O16_x_N13,2,10.2,28.6,0.0,0,no_positive_reported_uncertainty
exfor_P0045_003_p_O16_x_N13,3,10.3,40.599999999999994,0.0,0,no_positive_reported_uncertainty
exfor_P0045_003_p_O16_x_N13,4,10.5,50.2,0.0,0,no_positive_reported_uncertainty
exfor_P0045_003_p_O16_x_N13,5,10.7,56.4,0.0,0,no_positive_reported_uncertainty
exfor_P0045_003_p_O16_x_N13,6,10.9,78.60000000000001,9.3,1,accepted
exfor_P0045_003_p_O16_x_N13,7,11.1,68.6,0.0,0,no_positive_reported_uncertainty
exfor_P0045_003_p_O16_x_N13,8,11.3,52.400000000000006,0.0,0,no_positive_reported_uncertainty
exfor_P0045_003_p_O16_x_N13,9,11.4,38.4,0.0,0,no_positive_reported_uncertainty
exfor_P0045_003_p_O16_x_N13,10,11.5,34.0,0.0,0,no_positive_reported_uncertainty
exfor_P0045_003_p_O16_x_N13,11,11.7,37.8,0.0,0,no_positive_reported_uncertainty
exfor_P0045_003_p_O16_x_N13,12,11.9,24.0,0.0,0,no_positive_reported_uncertainty
exfor_P0045_003_p_O16_x_N13,13,12.1,28.0,0.0,0,no_positive_reported_uncertainty
exfor_P0045_003_p_O16_x_N13,14,12.3,36.6,0.0,0,no_positive_reported_uncertainty
exfor_P0045_003_p_O16_x_N13,15,12.4,30.0,0.0,0,no_positive_reported_uncertainty
exfor_P0045_003_p_O16_x_N13,16,12.5,41.2,6.4,1,accepted
exfor_P0045_003_p_O16_x_N13,17,12.7,37.2,0.0,0,no_positive_reported_uncertainty
exfor_P0045_003_p_O16_x_N13,18,12.9,39.0,0.0,0,no_positive_reported_uncertainty
exfor_P0045_003_p_O16_x_N13,19,13.0,19.2,0.0,0,no_positive_reported_uncertainty
exfor_P0045_003_p_O16_x_N13,20,13.2,24.4,0.0,0,no_positive_reported_uncertainty
exfor_P0045_003_p_O16_x_N13,21,13.3,29.8,0.0,0,no_positive_reported_uncertainty
exfor_P0045_003_p_O16_x_N13,22,13.5,28.6,0.0,0,no_positive_reported_uncertainty
exfor_P0045_003_p_O16_x_N13,23,13.7,39.8,0.0,0,no_positive_reported_uncertainty
exfor_P0045_003_p_O16_x_N13,24,13.9,56.599999999999994,0.0,0,no_positive_reported_uncertainty
exfor_P0045_003_p_O16_x_N13,25,14.0,58.0,0.0,0,no_positive_reported_uncertainty
exfor_P0045_003_p_O16_x_N13,26,14.2,50.0,0.0,0,no_positive_reported_uncertainty
exfor_P0045_003_p_O16_x_N13,27,14.3,54.2,0.0,0,no_positive_reported_uncertainty
exfor_P0045_003_p_O16_x_N13,28,14.5,41.0,0.0,0,no_positive_reported_uncertainty
exfor_P0045_003_p_O16_x_N13,29,14.7,50.2,7.4,1,accepted
exfor_P0045_003_p_O16_x_N13,30,14.8,34.6,0.0,0,no_positive_reported_uncertainty
exfor_P0045_003_p_O16_x_N13,31,15.0,45.2,0.0,0,no_positive_reported_uncertainty
exfor_P0051_002_p_C12_x_C11,0,27.6,76.5,0.0,0,no_positive_reported_uncertainty
exfor_P0051_002_p_C12_x_C11,1,28.1,77.5,0.0,0,no_positive_reported_uncertainty
exfor_P0051_002_p_C12_x_C11,2,28.7,80.0,0.0,0,no_positive_reported_uncertainty
exfor_P0051_002_p_C12_x_C11,3,29.4,81.9,0.0,0,no_positive_reported_uncertainty
exfor_P0051_002_p_C12_x_C11,4,29.9,84.9,0.0,0,no_positive_reported_uncertainty
exfor_P0051_002_p_C12_x_C11,5,30.6,84.7,0.0,0,no_positive_reported_uncertainty
exfor_P0051_002_p_C12_x_C11,6,31.1,85.6,0.0,0,no_positive_reported_uncertainty
exfor_P0051_002_p_C12_x_C11,7,31.8,88.8,0.0,0,no_positive_reported_uncertainty
exfor_P0051_002_p_C12_x_C11,8,32.4,86.3,0.0,0,no_positive_reported_uncertainty
exfor_P0051_002_p_C12_x_C11,9,33.1,87.1,0.0,0,no_positive_reported_uncertainty
exfor_P0051_002_p_C12_x_C11,10,33.4,87.2,0.0,0,no_positive_reported_uncertainty
exfor_P0051_002_p_C12_x_C11,11,33.7,88.9,0.0,0,no_positive_reported_uncertainty
exfor_P0051_002_p_C12_x_C11,12,34.0,88.2,0.0,0,no_positive_reported_uncertainty
exfor_P0051_002_p_C12_x_C11,13,34.5,88.1,0.0,0,no_positive_reported_uncertainty
exfor_P0051_002_p_C12_x_C11,14,34.8,89.1,0.0,0,no_positive_reported_uncertainty
exfor_P0051_002_p_C12_x_C11,15,35.2,86.6,0.0,0,no_positive_reported_uncertainty
exfor_P0051_002_p_C12_x_C11,16,35.7,85.5,0.0,0,no_positive_reported_uncertainty
exfor_P0051_002_p_C12_x_C11,17,36.2,84.8,0.0,0,no_positive_reported_uncertainty
exfor_P0051_002_p_C12_x_C11,18,36.6,85.7,0.0,0,no_positive_reported_uncertainty
exfor_P0051_002_p_C12_x_C11,19,37.1,85.5,0.0,0,no_positive_reported_uncertainty
exfor_P0051_002_p_C12_x_C11,20,37.6,86.0,0.0,0,no_positive_reported_uncertainty
exfor_P0051_002_p_C12_x_C11,21,38.0,86.3,0.0,0,no_positive_reported_uncertainty
exfor_P0051_002_p_C12_x_C11,22,38.3,86.7,0.0,0,no_positive_reported_uncertainty
exfor_P0051_002_p_C12_x_C11,23,38.5,84.8,0.0,0,no_positive_reported_uncertainty
exfor_P0051_002_p_C12_x_C11,24,38.8,86.4,0.0,0,no_positive_reported_uncertainty
exfor_P0051_002_p_C12_x_C11,25,39.2,86.2,0.0,0,no_positive_reported_uncertainty
exfor_P0051_002_p_C12_x_C11,26,39.6,85.3,0.0,0,no_positive_reported_uncertainty
exfor_P0051_002_p_C12_x_C11,27,40.0,81.4,0.0,0,no_positive_reported_uncertainty
exfor_P0051_002_p_C12_x_C11,28,41.0,83.2,0.0,0,no_positive_reported_uncertainty
exfor_P0051_002_p_C12_x_C11,29,41.4,84.7,0.0,0,no_positive_reported_uncertainty
exfor_P0051_002_p_C12_x_C11,30,41.8,84.7,3.4499999999999997,1,accepted
exfor_P0051_003_p_C12_x_C11,0,18.0,0.1,0.0,0,no_positive_reported_uncertainty
exfor_P0051_003_p_C12_x_C11,1,18.3,0.8,0.0,0,no_positive_reported_uncertainty
exfor_P0051_003_p_C12_x_C11,2,18.6,2.0,0.0,0,no_positive_reported_uncertainty
exfor_P0051_003_p_C12_x_C11,3,18.8,3.0,0.0,0,no_positive_reported_uncertainty
exfor_P0051_003_p_C12_x_C11,4,18.9,6.1000000000000005,0.0,0,no_positive_reported_uncertainty
exfor_P0051_003_p_C12_x_C11,5,19.1,10.2,0.0,0,no_positive_reported_uncertainty
exfor_P0051_003_p_C12_x_C11,6,19.3,13.7,0.0,0,no_positive_reported_uncertainty
exfor_P0051_003_p_C12_x_C11,7,19.3,18.1,0.0,0,no_positive_reported_uncertainty
exfor_P0051_003_p_C12_x_C11,8,19.6,20.1,0.0,0,no_positive_reported_uncertainty
exfor_P0051_003_p_C12_x_C11,9,19.8,25.0,0.0,0,no_positive_reported_uncertainty
exfor_P0051_003_p_C12_x_C11,10,20.2,30.0,0.0,0,no_positive_reported_uncertainty
exfor_P0051_003_p_C12_x_C11,11,20.5,32.599999999999994,0.0,0,no_positive_reported_uncertainty
exfor_P0051_003_p_C12_x_C11,12,21.1,35.2,0.0,0,no_positive_reported_uncertainty
exfor_P0051_003_p_C12_x_C11,13,21.7,39.0,0.0,0,no_positive_reported_uncertainty
exfor_P0051_003_p_C12_x_C11,14,22.3,46.1,0.0,0,no_positive_reported_uncertainty
exfor_P0051_003_p_C12_x_C11,15,23.0,47.2,0.0,0,no_positive_reported_uncertainty
exfor_P0051_003_p_C12_x_C11,16,23.7,51.4,0.0,0,no_positive_reported_uncertainty
exfor_P0051_003_p_C12_x_C11,17,24.3,54.3,0.0,0,no_positive_reported_uncertainty
exfor_P0051_003_p_C12_x_C11,18,24.5,56.3,0.0,0,no_positive_reported_uncertainty
exfor_P0051_003_p_C12_x_C11,19,24.7,57.7,0.0,0,no_positive_reported_uncertainty
exfor_P0051_003_p_C12_x_C11,20,24.9,58.5,0.0,0,no_positive_reported_uncertainty
exfor_P0051_003_p_C12_x_C11,21,25.5,64.5,0.0,0,no_positive_reported_uncertainty
exfor_P0051_003_p_C12_x_C11,22,25.5,65.60000000000001,0.0,0,no_positive_reported_uncertainty
exfor_P0051_003_p_C12_x_C11,23,25.9,70.5,0.0,0,no_positive_reported_uncertainty
exfor_P0051_003_p_C12_x_C11,24,26.2,71.8,0.0,0,no_positive_reported_uncertainty
exfor_P0051_003_p_C12_x_C11,25,26.6,76.89999999999999,0.0,0,no_positive_reported_uncertainty
exfor_P0051_003_p_C12_x_C11,26,27.3,77.7,0.0,0,no_positive_reported_uncertainty
exfor_P0051_003_p_C12_x_C11,27,27.7,78.0,0.0,0,no_positive_reported_uncertainty
exfor_P0051_003_p_C12_x_C11,28,28.4,78.39999999999999,0.0,0,no_positive_reported_uncertainty
exfor_P0051_003_p_C12_x_C11,29,28.9,79.9,0.0,0,no_positive_reported_uncertainty
exfor_P0051_003_p_C12_x_C11,30,29.2,84.9,0.0,0,no_positive_reported_uncertainty
exfor_P0051_003_p_C12_x_C11,31,29.7,86.7,0.0,0,no_positive_reported_uncertainty
exfor_P0051_003_p_C12_x_C11,32,30.2,88.1,0.0,0,no_positive_reported_uncertainty
exfor_P0051_003_p_C12_x_C11,33,30.8,90.9,0.0,0,no_positive_reported_uncertainty
exfor_P0051_003_p_C12_x_C11,34,31.3,91.6,0.0,0,no_positive_reported_uncertainty
exfor_P0051_003_p_C12_x_C11,35,31.8,96.2,0.0,0,no_positive_reported_uncertainty
exfor_P0051_004_p_O16_x_N13,0,6.22,1.2,0.0,0,no_positive_reported_uncertainty
exfor_P0051_004_p_O16_x_N13,1,6.41,1.8,0.0,0,no_positive_reported_uncertainty
exfor_P0051_004_p_O16_x_N13,2,6.57,2.3,0.0,0,no_positive_reported_uncertainty
exfor_P0051_004_p_O16_x_N13,3,7.01,3.1,0.0,0,no_positive_reported_uncertainty
exfor_P0051_004_p_O16_x_N13,4,7.26,3.6,0.0,0,no_positive_reported_uncertainty
exfor_P0051_004_p_O16_x_N13,5,7.45,5.3,0.0,0,no_positive_reported_uncertainty
exfor_P0051_004_p_O16_x_N13,6,7.8,9.0,0.0,0,no_positive_reported_uncertainty
exfor_P0051_004_p_O16_x_N13,7,8.04,22.9,0.0,0,no_positive_reported_uncertainty
exfor_P0051_004_p_O16_x_N13,8,8.19,34.4,0.0,0,no_positive_reported_uncertainty
exfor_P0051_004_p_O16_x_N13,9,8.57,40.3,0.0,0,no_positive_reported_uncertainty
exfor_P0051_004_p_O16_x_N13,10,8.77,37.0,0.0,0,no_positive_reported_uncertainty
exfor_P0051_004_p_O16_x_N13,11,9.02,28.2,0.0,0,no_positive_reported_uncertainty
exfor_P0051_004_p_O16_x_N13,12,9.14,24.2,0.0,0,no_positive_reported_uncertainty
exfor_P0051_004_p_O16_x_N13,13,9.19,21.0,0.0,0,no_positive_reported_uncertainty
exfor_P0051_004_p_O16_x_N13,14,9.31,17.7,0.0,0,no_positive_reported_uncertainty
exfor_P0051_004_p_O16_x_N13,15,9.44,12.3,0.0,0,no_positive_reported_uncertainty
exfor_P0051_004_p_O16_x_N13,16,9.51,11.4,0.0,0,no_positive_reported_uncertainty
exfor_P0051_004_p_O16_x_N13,17,9.69,8.7,0.0,0,no_positive_reported_uncertainty
exfor_P0051_004_p_O16_x_N13,18,9.84,9.0,0.0,0,no_positive_reported_uncertainty
exfor_P0051_004_p_O16_x_N13,19,9.9,10.2,0.0,0,no_positive_reported_uncertainty
exfor_P0051_004_p_O16_x_N13,20,10.0,13.3,0.0,0,no_positive_reported_uncertainty
exfor_P0051_004_p_O16_x_N13,21,10.2,17.5,0.0,0,no_positive_reported_uncertainty
exfor_P0051_004_p_O16_x_N13,22,10.4,22.0,0.0,0,no_positive_reported_uncertainty
exfor_P0051_004_p_O16_x_N13,23,10.6,25.9,0.0,0,no_positive_reported_uncertainty
exfor_P0051_004_p_O16_x_N13,24,10.7,32.099999999999994,0.0,0,no_positive_reported_uncertainty
exfor_P0051_004_p_O16_x_N13,25,10.9,38.2,0.0,0,no_positive_reported_uncertainty
exfor_P0051_004_p_O16_x_N13,26,11.1,47.3,0.0,0,no_positive_reported_uncertainty
exfor_P0051_004_p_O16_x_N13,27,11.2,49.0,1.75,1,accepted
exfor_P0051_004_p_O16_x_N13,28,11.3,49.2,0.0,0,no_positive_reported_uncertainty
exfor_P0051_004_p_O16_x_N13,29,11.4,45.0,0.0,0,no_positive_reported_uncertainty
exfor_P0051_004_p_O16_x_N13,30,11.5,44.3,0.0,0,no_positive_reported_uncertainty
exfor_P0051_004_p_O16_x_N13,31,11.6,37.1,0.0,0,no_positive_reported_uncertainty
exfor_P0051_004_p_O16_x_N13,32,11.7,37.8,0.0,0,no_positive_reported_uncertainty
exfor_P0051_004_p_O16_x_N13,33,11.9,31.1,0.0,0,no_positive_reported_uncertainty
exfor_P0051_004_p_O16_x_N13,34,11.9,32.7,0.0,0,no_positive_reported_uncertainty
exfor_P0051_004_p_O16_x_N13,35,12.0,28.6,0.0,0,no_positive_reported_uncertainty
exfor_P0051_004_p_O16_x_N13,36,12.3,29.6,0.0,0,no_positive_reported_uncertainty
exfor_P0051_004_p_O16_x_N13,37,12.5,27.4,0.0,0,no_positive_reported_uncertainty
exfor_P0051_004_p_O16_x_N13,38,12.6,27.5,0.0,0,no_positive_reported_uncertainty
exfor_P0051_004_p_O16_x_N13,39,12.6,26.4,0.0,0,no_positive_reported_uncertainty
exfor_P0051_004_p_O16_x_N13,40,12.8,27.1,0.0,0,no_positive_reported_uncertainty
exfor_P0051_004_p_O16_x_N13,41,12.9,29.1,0.0,0,no_positive_reported_uncertainty
exfor_P0051_004_p_O16_x_N13,42,12.9,27.2,0.0,0,no_positive_reported_uncertainty
exfor_P0051_004_p_O16_x_N13,43,13.1,27.1,0.0,0,no_positive_reported_uncertainty
exfor_P0051_004_p_O16_x_N13,44,13.2,24.0,0.0,0,no_positive_reported_uncertainty
exfor_P0051_004_p_O16_x_N13,45,13.3,24.0,0.0,0,no_positive_reported_uncertainty
exfor_P0051_004_p_O16_x_N13,46,13.4,20.9,0.0,0,no_positive_reported_uncertainty
exfor_P0051_004_p_O16_x_N13,47,13.5,19.1,0.0,0,no_positive_reported_uncertainty
exfor_P0051_004_p_O16_x_N13,48,13.7,19.2,0.0,0,no_positive_reported_uncertainty
exfor_P0051_004_p_O16_x_N13,49,13.9,19.0,0.0,0,no_positive_reported_uncertainty
exfor_P0051_004_p_O16_x_N13,50,13.9,21.1,0.0,0,no_positive_reported_uncertainty
exfor_P0051_004_p_O16_x_N13,51,14.1,25.1,0.0,0,no_positive_reported_uncertainty
exfor_P0051_004_p_O16_x_N13,52,14.3,32.099999999999994,0.0,0,no_positive_reported_uncertainty
exfor_P0051_004_p_O16_x_N13,53,14.5,38.2,0.0,0,no_positive_reported_uncertainty
exfor_P0051_004_p_O16_x_N13,54,14.6,40.0,0.0,0,no_positive_reported_uncertainty
exfor_P0051_004_p_O16_x_N13,55,14.9,37.7,0.0,0,no_positive_reported_uncertainty
exfor_P0051_004_p_O16_x_N13,56,15.1,32.300000000000004,0.0,0,no_positive_reported_uncertainty
exfor_P0051_004_p_O16_x_N13,57,15.2,29.1,0.0,0,no_positive_reported_uncertainty
exfor_P0051_004_p_O16_x_N13,58,15.4,29.3,0.0,0,no_positive_reported_uncertainty
exfor_P0051_004_p_O16_x_N13,59,15.6,28.6,0.0,0,no_positive_reported_uncertainty
exfor_R0043_002_p_O16_x_N13,0,6.51,0.05,0.012,1,accepted
exfor_R0043_002_p_O16_x_N13,1,6.64,0.05,0.01,1,accepted
exfor_R0043_002_p_O16_x_N13,2,6.71,0.25,0.04,1,accepted
exfor_R0043_002_p_O16_x_N13,3,6.78,0.33,0.0419999999999999,1,accepted
exfor_R0043_002_p_O16_x_N13,4,6.91,1.16,0.09,1,accepted
exfor_R0043_002_p_O16_x_N13,5,7.01,2.63,0.1399999999999999,1,accepted
exfor_R0043_002_p_O16_x_N13,6,7.11,2.82,0.16,1,accepted
exfor_R0043_002_p_O16_x_N13,7,7.21,4.92,0.24,1,accepted
exfor_R0043_002_p_O16_x_N13,8,7.31,11.6,0.58,1,accepted
exfor_R0043_002_p_O16_x_N13,9,7.51,11.55,0.68,1,accepted
exfor_R0043_002_p_O16_x_N13,10,7.71,13.8,0.83,1,accepted
